element,level,t,r,theta,phi,pred
0,0,0.0,0.0,3.141592653589793,0.0,[]
1,1,0.012645846934376315,0.0031834753302466545,3.141592653589793,0.0,[0]
4,2,0.025505099715861013,0.008610530960847962,3.141592653589793,0.0,[1]
6,3,0.03328792714399165,0.007877041757500036,3.141592653589793,0.0,[4]
8,3,0.04411739659852354,0.00625894480679523,0.0,0.0,[4]
10,4,0.058414397155235,0.01792914148072,0.0,0.0,[8]
11,4,0.059145474071500725,0.02954080590972963,3.141592653589793,0.0,[6]
13,5,0.074021963142344,0.02418342170774357,3.141592653589793,0.0,[11]
14,5,0.07438739051346654,0.019397333883209966,3.141592653589793,0.0,[11]
16,5,0.07894087472984213,0.01029899648376198,3.141592653589793,0.0,[11]
19,5,0.08241920808251935,0.005687861909748904,3.141592653589793,0.0,[10]
22,6,0.0873032255143883,0.0032535302397849186,3.141592653589793,0.0,[16 19]
23,6,0.08887307300614566,0.027474722878516045,3.141592653589793,0.0,[13 14]
27,7,0.10216416992610544,0.01696325547307309,3.141592653589793,0.0,[22 23]
34,8,0.11093636382099825,0.017694386532824735,3.141592653589793,0.0,[27]
53,9,0.12958379359122352,0.022497194782024277,3.141592653589793,0.0,[34]
57,10,0.1350017843304273,0.026947155960169722,3.141592653589793,0.0,[53]
61,11,0.1384793029346557,0.024073737498560566,3.141592653589793,0.0,[57]
79,12,0.15844474116469354,0.030657792715227505,3.141592653589793,0.0,[61]
83,13,0.1657134768541353,0.026084092152833582,3.141592653589793,0.0,[79]
91,14,0.18592632651724272,0.021796580760652495,3.141592653589793,0.0,[83]
97,14,0.1906587734888342,0.04419253698866965,3.141592653589793,0.0,[83]
105,14,0.19563350763623844,0.055605370048520286,3.141592653589793,0.0,[83]
96,15,0.18976713478975893,0.02562979848237812,3.141592653589793,0.0,[91]
131,15,0.2133305285368985,0.06376859759483289,3.141592653589793,0.0,[ 97 105]
114,16,0.2010325839225432,0.0343096497657317,3.141592653589793,0.0,[96]
161,16,0.23590289969210154,0.07089775375215679,3.141592653589793,0.0,[ 96 131]
146,17,0.22410481438782093,0.03471974505472153,3.141592653589793,0.0,[114]
164,17,0.23992564997456634,0.0709531344877532,3.141592653589793,0.0,[114 161]
163,18,0.23935615177759784,0.03362750296902539,3.141592653589793,0.0,[146]
170,18,0.24435701699919077,0.07279624225578085,3.141592653589793,0.0,[164]
173,19,0.25019265819627223,0.04134862851946386,3.141592653589793,0.0,[163]
174,19,0.25051513073477605,0.07381525917057985,3.141592653589793,0.0,[170]
194,20,0.2669698411197732,0.03418764170238009,3.141592653589793,0.0,[173]
196,20,0.2675130944250974,0.0764016690584769,3.141592653589793,0.0,[174]
199,20,0.26912481736356597,0.04715250574513219,3.141592653589793,0.0,[173]
224,20,0.28129456998099045,0.1039847793223374,3.141592653589793,0.0,[174]
207,21,0.2723697913648847,0.07526847634830425,3.141592653589793,0.0,[196]
231,21,0.284349341159134,0.02816573278212664,3.141592653589793,0.0,[194]
232,21,0.28466946233616275,0.04300559818307803,3.141592653589793,0.0,[194 199]
244,21,0.29305823941824105,0.09790075029065426,3.141592653589793,0.0,[196 224]
236,22,0.28790525787843946,0.088109220807992,3.141592653589793,0.0,[207]
246,22,0.2963401861670002,0.04208802322538907,3.141592653589793,0.0,[232]
249,22,0.29853444820941855,0.09970480924831437,3.141592653589793,0.0,[207 244]
254,22,0.3010511215392532,0.035796694734359535,3.141592653589793,0.0,[231 232]
281,23,0.3157071020644018,0.0307410942987848,3.141592653589793,0.0,[246 254]
310,23,0.3337447009438046,0.1306708658868755,3.141592653589793,0.0,[236 249]
295,24,0.32423208532565806,0.029630227820602983,3.141592653589793,0.0,[281]
316,24,0.33800661323187553,0.13465005949495568,3.141592653589793,0.0,[310]
301,25,0.32959800794378025,0.030320130514657095,3.141592653589793,0.0,[295]
307,25,0.3319719583708559,0.03477913544286926,3.141592653589793,0.0,[295]
338,25,0.35244609371208035,0.14077252616652802,3.141592653589793,0.0,[316]
324,26,0.347440592258062,0.023275755523692654,3.141592653589793,0.0,[301 307]
326,26,0.3481001251877789,0.017388003537513685,3.141592653589793,0.0,[301]
353,26,0.36040402999568744,0.13842677095004707,3.141592653589793,0.0,[338]
346,27,0.3572313887039129,0.00899182148635358,3.141592653589793,0.0,[326]
356,27,0.36174705165361,0.026568548126737923,3.141592653589793,0.0,[324 326]
373,27,0.36972113246005134,0.14662734093470153,3.141592653589793,0.0,[353]
377,27,0.3710787385308273,0.13003710441691485,3.141592653589793,0.0,[353]
378,27,0.3716285859910192,0.1431379019186293,3.141592653589793,0.0,[353]
390,28,0.37847417271358486,0.12380473765488675,3.141592653589793,0.0,[377]
393,28,0.38054268419729875,0.13969288387768364,3.141592653589793,0.0,[373 378]
394,28,0.38112533860400033,0.014486558125081817,3.141592653589793,0.0,[346 356]
395,28,0.38256949244280414,0.14273309439273207,3.141592653589793,0.0,[373 378]
416,28,0.3894186542385478,0.03622757851682157,3.141592653589793,0.0,[346 356]
439,28,0.40050638184967347,0.029740410800733863,0.0,0.0,[346]
436,29,0.3997934739821484,0.14286921839168087,3.141592653589793,0.0,[390 393 395]
446,29,0.4032722341324608,0.043299268188868645,3.141592653589793,0.0,[416]
458,29,0.40841745030186516,0.02763207589744432,3.141592653589793,0.0,[394 416]
477,29,0.4188545533682506,0.05902383745422102,3.141592653589793,0.0,[416]
490,29,0.4240641733128181,0.031393028851795846,0.0,0.0,[439]
457,30,0.40781804077412087,0.14488126967784332,3.141592653589793,0.0,[436]
474,30,0.4181369272338783,0.023984783591296632,3.141592653589793,0.0,[458]
475,30,0.4182177817521009,0.03013564124811341,3.141592653589793,0.0,[446 458]
496,30,0.42637947271532395,0.060499896897220906,3.141592653589793,0.0,[446 477]
500,30,0.4275609856485678,0.042714294848528844,3.141592653589793,0.0,[446 458]
503,30,0.4297825713976414,0.03091529482761124,0.0,0.0,[490]
505,31,0.430367283306497,0.1604469481162264,3.141592653589793,0.0,[457]
512,31,0.4335941798253793,0.031010638257976897,0.0,0.0,[503]
534,31,0.4423753975998469,0.046749655075875585,3.141592653589793,0.0,[474 475 496 500]
530,32,0.4395284579459765,0.025859608269470313,0.0,0.0,[512]
536,32,0.44351393814216433,0.035261633908043266,0.0,0.0,[512]
554,32,0.4571794928159697,0.181308203786815,3.141592653589793,0.0,[505]
558,32,0.4587886360414096,0.058718720345096176,3.141592653589793,0.0,[534]
547,33,0.451061785649308,0.021119006145464136,0.0,0.0,[530]
571,33,0.4616328812206699,0.057177555248902334,3.141592653589793,0.0,[558]
573,33,0.46222015391577553,0.03643392397386602,0.0,0.0,[530 536]
579,33,0.4652036128653617,0.18002231971906746,3.141592653589793,0.0,[554]
592,34,0.4712731687152458,0.0659701243441595,3.141592653589793,0.0,[571]
600,34,0.4767186838975416,0.01688012735540989,0.0,0.0,[547]
604,34,0.47710115564731614,0.17382481741633626,3.141592653589793,0.0,[579]
607,34,0.478576610430402,0.18247762550314084,3.141592653589793,0.0,[579]
616,34,0.48284377008370116,0.047764681706943035,0.0,0.0,[547 573]
615,35,0.48086374548073496,0.02089839580909325,0.0,0.0,[600]
631,35,0.487447248097607,0.043469026801133515,0.0,0.0,[616]
640,35,0.4904912639021598,0.17270967160275175,3.141592653589793,0.0,[604 607]
664,35,0.5017274301852749,0.042085893711290234,3.141592653589793,0.0,[592]
650,36,0.4944182466378497,0.03917080510903903,0.0,0.0,[631]
652,36,0.49453629475996175,0.03384077380394568,0.0,0.0,[615]
663,36,0.5009340026714453,0.1710578083088531,3.141592653589793,0.0,[640]
691,36,0.5141678757748165,0.03379469639882182,3.141592653589793,0.0,[664]
683,37,0.5072947826342374,0.027110622408996088,0.0,0.0,[650 652]
716,37,0.5229479975749136,0.04119818140134213,3.141592653589793,0.0,[691]
717,37,0.523177706190656,0.1828837685987469,3.141592653589793,0.0,[663]
706,38,0.5187573326425359,0.031215271134079847,0.0,0.0,[683]
735,38,0.530375156216378,0.1778128330293961,3.141592653589793,0.0,[717]
740,38,0.5327386163580343,0.04921414261337309,3.141592653589793,0.0,[716]
726,39,0.5282688054954346,0.03027953267242023,0.0,0.0,[706]
761,39,0.5417940691318881,0.1695950866392708,3.141592653589793,0.0,[735]
772,39,0.5459876461043373,0.048407853926889954,3.141592653589793,0.0,[740]
757,40,0.5405179215316199,0.03448132771208856,0.0,0.0,[726]
781,40,0.5504812086872536,0.17203161825643642,3.141592653589793,0.0,[761]
807,40,0.5622325514017166,0.15878729974382233,3.141592653589793,0.0,[761]
834,40,0.5767508825100855,0.0646703274139302,3.141592653589793,0.0,[772]
783,41,0.5529698141987297,0.04256481562623238,0.0,0.0,[757]
816,41,0.5685807127064133,0.17775839538471172,3.141592653589793,0.0,[781]
830,41,0.5754622990916525,0.16957871688402615,3.141592653589793,0.0,[781 807]
878,41,0.5984136354407814,0.08590222454719154,3.141592653589793,0.0,[834]
810,42,0.5630844785505498,0.04279989075348867,0.0,0.0,[783]
842,42,0.5796810846174338,0.16686218632059557,3.141592653589793,0.0,[816 830]
888,42,0.6051439746780807,0.08962809226161783,3.141592653589793,0.0,[878]
863,43,0.5907634541602456,0.046549134400389214,0.0,0.0,[810]
871,43,0.5950922671519145,0.06778997541057474,0.0,0.0,[810]
881,43,0.6001548255448012,0.05832684099179786,0.0,0.0,[810]
885,43,0.6029917802921988,0.0805194252425695,0.0,0.0,[810]
900,43,0.611389951149818,0.09432168293497423,3.141592653589793,0.0,[888]
948,43,0.6342112789371087,0.12708112500824442,3.141592653589793,0.0,[842]
927,44,0.6243946198671481,0.073947450364519,0.0,0.0,[863 871 881 885]
931,44,0.6266284999543013,0.10828324340286377,3.141592653589793,0.0,[900]
937,44,0.6281163839280428,0.07891687714975415,0.0,0.0,[863 871 881 885]
967,44,0.6441255310211739,0.1276665451401331,3.141592653589793,0.0,[948]
957,45,0.6382619090565048,0.07023171247231719,0.0,0.0,[927 937]
973,45,0.6459610886059868,0.1274190693111874,3.141592653589793,0.0,[931 967]
977,46,0.6488494082968421,0.06185734142596577,0.0,0.0,[957]
982,46,0.651468558709647,0.0751895666360326,0.0,0.0,[957]
996,46,0.6573650385986671,0.1363541160887458,3.141592653589793,0.0,[973]
1002,47,0.6609611414113745,0.13625541762054505,3.141592653589793,0.0,[996]
1018,47,0.665647855979179,0.06462857639956521,0.0,0.0,[977 982]
1026,48,0.6696051800302569,0.06143592727169733,0.0,0.0,[1018]
1028,48,0.6705315790208263,0.13831229642105158,3.141592653589793,0.0,[1002]
1044,49,0.6802750914634266,0.06966706080987939,0.0,0.0,[1026]
1050,49,0.6834422019811061,0.1356897391592513,3.141592653589793,0.0,[1028]
1073,50,0.7012213036384927,0.07637018870320333,0.0,0.0,[1044]
1076,50,0.7018098935485639,0.1231001499737654,3.141592653589793,0.0,[1050]
1091,51,0.7096206130389595,0.07761882131123299,0.0,0.0,[1073]
1095,51,0.7111755175688181,0.11638152929702794,3.141592653589793,0.0,[1076]
1102,51,0.7169031822785767,0.06208689249441257,0.0,0.0,[1073]
1105,52,0.7183069251834122,0.11671665530547481,3.141592653589793,0.0,[1095]
1118,52,0.7290633223355047,0.06767863228688764,0.0,0.0,[1091 1102]
1124,53,0.7328410788137495,0.10507496791631687,3.141592653589793,0.0,[1105]
1125,53,0.7329349485426393,0.06466608401463336,0.0,0.0,[1118]
1127,53,0.7337419671891163,0.10412584397317004,3.141592653589793,0.0,[1105]
1138,54,0.7415004999425977,0.06999512605377334,0.0,0.0,[1125]
1140,54,0.7457847275630219,0.09463272574764325,3.141592653589793,0.0,[1124 1127]
1163,55,0.7601324779107572,0.06597934782356285,0.0,0.0,[1138]
1167,55,0.7644593495460698,0.07695725356106287,3.141592653589793,0.0,[1140]
1185,56,0.778791671436779,0.05623813043336556,0.0,0.0,[1163]
1187,56,0.7792568008736033,0.07538444774479158,3.141592653589793,0.0,[1167]
1196,56,0.7856267368452866,0.04599238327632171,0.0,0.0,[1163]
1198,57,0.7872627956670544,0.0699084187984963,3.141592653589793,0.0,[1187]
1208,57,0.7950746802928311,0.0707790502132346,0.0,0.0,[1185]
1211,57,0.7960831166992212,0.05313373604260896,0.0,0.0,[1185 1196]
1210,58,0.7960735722429677,0.07049241790690264,0.0,0.0,[1208]
1217,58,0.8010119817138388,0.0794338512180155,3.141592653589793,0.0,[1198]
1229,58,0.8213059009138493,0.04259721836896346,0.0,0.0,[1211]
1224,59,0.8132207190999462,0.07692840169486115,3.141592653589793,0.0,[1217]
1245,59,0.848031237020163,0.039794992606345114,0.0,0.0,[1210 1229]
1238,60,0.8357603824628899,0.08495149327689633,3.141592653589793,0.0,[1224]
1250,60,0.8544682889620463,0.04094501073466783,0.0,0.0,[1245]
1244,61,0.8473490486168318,0.09186041000109924,3.141592653589793,0.0,[1238]
1268,61,0.8853899105366303,0.01712797200565086,0.0,0.0,[1250]
1255,62,0.8627304610640151,0.07747297346995985,3.141592653589793,0.0,[1244]
1274,62,0.8915908156094642,0.011561728493663992,0.0,0.0,[1268]
1261,63,0.8728299213626167,0.07260891951114812,3.141592653589793,0.0,[1255]
1276,63,0.8958787260380988,0.011836686009353614,0.0,0.0,[1274]
1263,64,0.8791568804300566,0.07833786479957194,3.141592653589793,0.0,[1261]
1286,64,0.9142102372252372,0.006105074345682859,3.141592653589793,0.0,[1276]
1269,65,0.8857015562044193,0.0733369086698572,3.141592653589793,0.0,[1263]
1290,65,0.9197550574944885,0.009052600764174912,3.141592653589793,0.0,[1286]
1278,66,0.8981679838519065,0.08322715138302295,3.141592653589793,0.0,[1269]
1289,66,0.9197327638373246,0.04044443813287635,3.141592653589793,0.0,[1269]
1293,66,0.927857824033646,0.0027345490404224737,3.141592653589793,0.0,[1290]
1296,67,0.9306835343403779,0.035910849215647134,3.141592653589793,0.0,[1289]
1297,67,0.931844607872597,0.05322592286791561,3.141592653589793,0.0,[1278]
1298,67,0.9358868480859438,0.0005279124675877656,3.141592653589793,0.0,[1293]
1303,68,0.9534828810574443,0.005387108009304864,3.141592653589793,0.0,[1298]
1304,68,0.9594813646067561,0.03249078710059039,3.141592653589793,0.0,[1296 1297]
1305,68,0.9599119018676742,0.008557327508512236,0.0,0.0,[1298]
1306,68,0.9688860621370254,0.017598192396768964,0.0,0.0,[1298]
1307,69,0.9733526044932326,0.024748082895552637,3.141592653589793,0.0,[1303 1304]
1308,69,0.9847500567739513,0.014647567884267909,0.0,0.0,[1303 1305 1306]
1309,69,0.9983913071887853,0.0007466425186021253,0.0,0.0,[1303 1304 1305 1306]
1310,70,1.0,0.0,3.141592653589793,0.0,[1307 1308 1309]
0,0,0.0,0.0,3.141592653589793,0.0,[]
1,1,0.02830699619084809,0.005469948800520985,0.0,0.0,[0]
2,1,0.03311930044389633,0.01154300078324555,0.0,0.0,[0]
3,1,0.0366672464308444,0.02174807548478197,3.141592653589793,0.0,[0]
4,2,0.05399316216396699,0.038233989744313135,3.141592653589793,0.0,[3]
5,2,0.055731530515936045,0.036141256215456496,3.141592653589793,0.0,[3]
6,2,0.06473536279390135,0.04063351094967593,0.0,0.0,[1 2]
8,2,0.06865445866390252,0.014627930628637764,0.0,0.0,[1 2]
11,2,0.07283030784790978,0.02715982259280658,0.0,0.0,[1 2]
7,3,0.06651643421127107,0.029435802646203157,3.141592653589793,0.0,[4 5]
12,3,0.0741783538711035,0.012562745045902823,0.0,0.0,[8]
14,3,0.07800676208138235,0.04828923974964772,3.141592653589793,0.0,[4 5]
15,3,0.07945906097566147,0.026364913320860883,0.0,0.0,[ 6 11]
20,4,0.09733948042172091,0.06522228266217633,3.141592653589793,0.0,[14]
24,4,0.10370412178666255,0.007346357231633793,0.0,0.0,[ 7 12 15]
32,4,0.10999364721107308,0.030824468210586597,3.141592653589793,0.0,[ 7 14]
33,4,0.11200044849200941,0.01233941691042173,3.141592653589793,0.0,[ 7 12]
37,4,0.11595730149509476,0.022193937403073738,3.141592653589793,0.0,[ 7 12 14]
26,5,0.10531873071112918,0.0701184857464292,3.141592653589793,0.0,[20]
35,5,0.11353500014322304,0.013703405608834318,3.141592653589793,0.0,[33]
38,5,0.11617636575391843,0.005595345781601924,0.0,0.0,[24]
41,5,0.11907203520596776,0.037946158390995355,3.141592653589793,0.0,[32]
42,5,0.11996070952243243,0.023335115744488544,3.141592653589793,0.0,[32 37]
43,6,0.1302621077079572,0.07776136447246129,3.141592653589793,0.0,[26]
45,6,0.13647583772415017,0.06393859267293278,3.141592653589793,0.0,[26]
50,6,0.1420433394820858,0.008718913181002708,3.141592653589793,0.0,[35 38 42]
55,6,0.1537117582215245,0.02816286262695289,3.141592653589793,0.0,[26 35 38 41 42]
52,7,0.1469553858093513,0.07432016367009608,3.141592653589793,0.0,[43 45]
60,7,0.16121963617151058,0.021160819338058245,3.141592653589793,0.0,[50 55]
62,8,0.16752693718024714,0.01845752402170764,3.141592653589793,0.0,[60]
73,8,0.17904241585268899,0.07248652763426566,3.141592653589793,0.0,[52]
76,8,0.1833186718076667,0.08680392516383095,3.141592653589793,0.0,[52]
77,8,0.18497608626945006,0.09459697254057364,3.141592653589793,0.0,[52]
70,9,0.1767409960705425,0.010816407826451324,3.141592653589793,0.0,[62]
79,9,0.19059409447514197,0.08269512397471968,3.141592653589793,0.0,[73 76]
87,9,0.1942901818844308,0.09062337722023739,3.141592653589793,0.0,[76 77]
94,10,0.20155937226040088,0.08693378019597076,3.141592653589793,0.0,[79 87]
100,10,0.20712926426895106,0.07999911123685133,3.141592653589793,0.0,[79 87]
105,10,0.21026147713443955,0.07510510309188678,3.141592653589793,0.0,[79 87]
112,10,0.21513072465310346,0.03831900282982181,3.141592653589793,0.0,[70]
139,11,0.2332593316718926,0.05258589451640894,3.141592653589793,0.0,[105 112]
142,11,0.23698722854583176,0.06552072387477414,3.141592653589793,0.0,[ 94 100 105]
155,12,0.2520552680650242,0.07071043696934676,3.141592653589793,0.0,[139 142]
163,13,0.25382399115874976,0.07150389332835783,3.141592653589793,0.0,[155]
178,14,0.2721898518825704,0.06613754548336315,3.141592653589793,0.0,[163]
188,15,0.28614284689006186,0.07538503541062425,3.141592653589793,0.0,[178]
201,16,0.2963025661993518,0.06555061574819476,3.141592653589793,0.0,[188]
234,17,0.3134895394156785,0.05447508851998917,3.141592653589793,0.0,[201]
281,18,0.3339944629313837,0.0622562555504792,3.141592653589793,0.0,[234]
288,19,0.3392715440574082,0.062306843354178576,3.141592653589793,0.0,[281]
304,20,0.3461812643445128,0.059600728504377365,3.141592653589793,0.0,[288]
325,21,0.3550382667206956,0.0513601630447591,3.141592653589793,0.0,[304]
332,21,0.35686761805927447,0.05648765255289667,3.141592653589793,0.0,[304]
335,21,0.359836130267457,0.06662818790555602,3.141592653589793,0.0,[304]
344,22,0.3636758637130614,0.043715533208335544,3.141592653589793,0.0,[325]
368,22,0.3803502267796167,0.06121915207415396,3.141592653589793,0.0,[325 332 335]
405,23,0.3956226753279771,0.056637295367854334,3.141592653589793,0.0,[344 368]
418,24,0.40103127774586433,0.06022867412086286,3.141592653589793,0.0,[405]
438,25,0.41108463614104285,0.06897039276645622,3.141592653589793,0.0,[418]
469,26,0.4297802220884608,0.08572168124522195,3.141592653589793,0.0,[438]
477,27,0.4323242103988377,0.08455816739818611,3.141592653589793,0.0,[469]
504,28,0.4445174183690864,0.07534452698403749,3.141592653589793,0.0,[477]
514,29,0.45057882032645713,0.07603751487037347,3.141592653589793,0.0,[504]
518,29,0.45188345960242415,0.07438952089061268,3.141592653589793,0.0,[504]
530,30,0.4615984066914107,0.06970272694676027,3.141592653589793,0.0,[514 518]
541,31,0.4675399860943116,0.07351725348031957,3.141592653589793,0.0,[530]
569,32,0.47905923151300556,0.07074242150623034,3.141592653589793,0.0,[541]
599,33,0.4870087812794308,0.07689592159933345,3.141592653589793,0.0,[569]
663,34,0.5064685919664483,0.05952155524636116,3.141592653589793,0.0,[599]
672,34,0.509728645131235,0.08790019495902923,3.141592653589793,0.0,[599]
723,35,0.5278218002507251,0.0882562107164565,3.141592653589793,0.0,[672]
730,35,0.5315351044718781,0.05241546429016053,3.141592653589793,0.0,[663]
732,35,0.5324796233189918,0.06854705373350223,3.141592653589793,0.0,[663 672]
747,36,0.5395962085450338,0.08882202980968013,3.141592653589793,0.0,[723]
760,36,0.5445927364689569,0.08338923984215307,3.141592653589793,0.0,[723]
777,36,0.5511965595323192,0.06352550864437834,3.141592653589793,0.0,[730 732]
785,36,0.5546833031409207,0.05005511393827711,3.141592653589793,0.0,[730 732]
836,37,0.5807586184794951,0.05275588624272165,3.141592653589793,0.0,[747 760 777 785]
846,38,0.5842437377195745,0.05365862240445407,3.141592653589793,0.0,[836]
866,39,0.598435517524426,0.04634938881052608,3.141592653589793,0.0,[846]
879,39,0.6040068209111421,0.03797082312219979,3.141592653589793,0.0,[846]
901,40,0.6116239898166932,0.03146395246864353,3.141592653589793,0.0,[879]
904,40,0.6128015579950462,0.04047356118380652,3.141592653589793,0.0,[866 879]
905,40,0.6137990359110725,0.037238303289368835,3.141592653589793,0.0,[866 879]
943,41,0.6298189510220992,0.027703907519241344,3.141592653589793,0.0,[901 904 905]
952,41,0.6348769117207012,0.04026577977052015,3.141592653589793,0.0,[901 904 905]
955,42,0.6360620456386351,0.02886107178248365,3.141592653589793,0.0,[943]
964,42,0.6390811286041262,0.037266867159303385,3.141592653589793,0.0,[952]
972,43,0.6431782088704573,0.03574234597103809,3.141592653589793,0.0,[955 964]
986,43,0.6534767152407404,0.02323584983647642,3.141592653589793,0.0,[955 964]
990,43,0.655434953490876,0.018539353697158756,3.141592653589793,0.0,[955]
998,44,0.6587890302363902,0.02319514636928066,3.141592653589793,0.0,[972 986]
1012,44,0.667237077230363,0.010393515216433613,3.141592653589793,0.0,[986 990]
1031,45,0.683102215312012,0.018497567167135465,3.141592653589793,0.0,[ 998 1012]
1033,45,0.6855721558911578,0.004508602359814096,0.0,0.0,[1012]
1038,45,0.6891551987121112,0.028038819540498583,3.141592653589793,0.0,[ 998 1012]
1059,45,0.6977911648123041,0.05385312588264646,3.141592653589793,0.0,[998]
1067,46,0.7011401864622473,0.05552861942138809,3.141592653589793,0.0,[1059]
1069,46,0.7019776561403859,0.0019409364094326031,0.0,0.0,[1033]
1073,46,0.7075014362698566,0.029996818405718884,3.141592653589793,0.0,[1031 1038]
1084,47,0.7141154833781117,0.002927510635943653,0.0,0.0,[1069]
1086,47,0.7153501679144446,0.03727737799527164,3.141592653589793,0.0,[1073]
1089,47,0.7172604701614085,0.049448362134001056,3.141592653589793,0.0,[1067]
1103,48,0.7283763546269534,0.04719372906263852,3.141592653589793,0.0,[1086 1089]
1108,48,0.7312602528441484,0.0005459397401637034,3.141592653589793,0.0,[1084]
1111,49,0.7324042284342338,0.048722135750002504,3.141592653589793,0.0,[1103]
1125,49,0.7383303530484716,0.041759767883984056,3.141592653589793,0.0,[1103]
1151,49,0.7532528583414196,0.001001929416287739,0.0,0.0,[1108]
1145,50,0.7500669045869177,0.036479585691996164,3.141592653589793,0.0,[1111 1125]
1162,50,0.7692275914076644,0.01592811278157813,0.0,0.0,[1151]
1172,51,0.7793078902209493,0.008509862475542862,0.0,0.0,[1162]
1179,51,0.7836700986216498,0.053164517399419076,3.141592653589793,0.0,[1145]
1190,52,0.7887480899329152,0.005571745175111054,0.0,0.0,[1172]
1195,52,0.7920581629274962,0.0493238599446465,3.141592653589793,0.0,[1179]
1196,53,0.7943342404551484,0.0072284481763671415,0.0,0.0,[1190]
1197,53,0.7945505614529562,0.04715482919474434,3.141592653589793,0.0,[1195]
1217,54,0.8166219876056636,0.058969092952961266,3.141592653589793,0.0,[1197]
1218,54,0.8176312792740767,0.02205082614264242,0.0,0.0,[1196]
1225,55,0.8255782559089587,0.05548121950704421,3.141592653589793,0.0,[1217]
1240,55,0.8449899282226003,0.01846713399580313,0.0,0.0,[1218]
1242,55,0.8493510109333957,0.00019113908004364522,3.141592653589793,0.0,[1218]
1248,55,0.8560198974581132,0.03500321786771132,0.0,0.0,[1218]
1238,56,0.8428766874972058,0.06147059720959147,3.141592653589793,0.0,[1225]
1252,56,0.8592671678961193,0.0347448495091317,0.0,0.0,[1248]
1259,56,0.8687216787436557,0.004253114623483101,3.141592653589793,0.0,[1240 1242]
1263,56,0.8754424718129129,0.01819107093641148,0.0,0.0,[1240 1242 1248]
1267,57,0.8831613124797905,0.01125257063006857,0.0,0.0,[1252 1263]
1270,57,0.8900105728174751,0.01868999440086838,3.141592653589793,0.0,[1238 1259]
1272,58,0.8923287714847723,0.016385545210884644,3.141592653589793,0.0,[1270]
1273,58,0.8959949478412359,0.001275550372430101,3.141592653589793,0.0,[1267]
1283,59,0.9083246616758031,0.024364640702835838,3.141592653589793,0.0,[1272]
1284,59,0.9087465577050945,0.009223431641536273,3.141592653589793,0.0,[1272 1273]
1286,60,0.9261398039017025,0.016930795696859624,3.141592653589793,0.0,[1283 1284]
1292,61,0.9396566252329145,0.005953753290282582,3.141592653589793,0.0,[1286]
1298,62,0.9620641123056756,0.007856350780359955,0.0,0.0,[1292]
1299,62,0.9656137679730253,0.0025154263728556225,0.0,0.0,[1292]
1303,63,0.9711232052223444,0.005088589528965848,0.0,0.0,[1298 1299]
1304,64,0.975457487258177,0.006286163029178504,0.0,0.0,[1303]
1307,65,0.9832856183853949,0.012839379799372774,0.0,0.0,[1304]
1309,65,0.9913232537657299,0.0005898939506363554,3.141592653589793,0.0,[1304]
1310,66,1.0,0.0,3.141592653589793,0.0,[1307 1309]
0,0,0.0,0.0,3.141592653589793,0.0,[]
1,1,0.027378793280760094,6.721862574687876e-05,3.141592653589793,0.0,[0]
3,2,0.033036629078086244,0.00016485583530456704,3.141592653589793,0.0,[1]
7,3,0.05946543361322032,0.025808883546080352,0.0,0.0,[3]
15,4,0.08940053200723852,0.05563609737058861,0.0,0.0,[7]
18,5,0.09645371177288031,0.05587379338165421,0.0,0.0,[15]
20,6,0.09904772700743003,0.05649415641547417,0.0,0.0,[18]
25,7,0.11093831255147579,0.0485127515819096,0.0,0.0,[20]
42,8,0.13515852492960168,0.060118895746763656,0.0,0.0,[25]
44,9,0.140459983746262,0.06310586402043983,0.0,0.0,[42]
47,10,0.14580981363835643,0.06122197145242969,0.0,0.0,[44]
62,11,0.16042684314599542,0.05613236596102433,0.0,0.0,[47]
79,12,0.17961130258711044,0.05804335966793961,0.0,0.0,[62]
81,13,0.18651130008942096,0.056905907175596626,0.0,0.0,[79]
87,13,0.190648340782551,0.0637848824601358,0.0,0.0,[79]
121,14,0.2228106819923963,0.06828435169026603,0.0,0.0,[81 87]
122,14,0.2233981459528408,0.0745914332570713,0.0,0.0,[81 87]
138,15,0.23366735599802935,0.06447336184382468,0.0,0.0,[121 122]
154,16,0.24982923037490257,0.04848980110896983,0.0,0.0,[138]
167,17,0.25692928300947404,0.042596278273854704,0.0,0.0,[154]
211,18,0.2926756109785883,0.06345268521238401,0.0,0.0,[167]
214,18,0.2941646508721827,0.058274593081214965,0.0,0.0,[167]
234,19,0.30494536823149543,0.061650364992551165,0.0,0.0,[211 214]
251,20,0.3147083887939176,0.06519404720944488,0.0,0.0,[234]
279,21,0.33046682932459737,0.08046100869196138,0.0,0.0,[251]
306,22,0.34523253564756795,0.07007706350865239,0.0,0.0,[279]
313,23,0.3489067528843349,0.07187579491671359,0.0,0.0,[306]
345,24,0.3701716627541941,0.05814491615848405,0.0,0.0,[313]
352,25,0.37294941695772565,0.05767977075179409,0.0,0.0,[345]
389,26,0.3932543700032647,0.0380318466919074,0.0,0.0,[352]
414,27,0.4065361800115186,0.03312837619923681,0.0,0.0,[389]
450,28,0.42168012877430194,0.027101737133499504,0.0,0.0,[414]
465,29,0.4283635135292734,0.025641796831319064,0.0,0.0,[450]
508,30,0.44712484719570067,0.023892610536857872,0.0,0.0,[465]
547,31,0.4642412400127979,0.01129833802281377,0.0,0.0,[508]
583,32,0.4768585951733709,0.023219332318971664,0.0,0.0,[547]
622,33,0.49236631327156877,0.009471449946753085,0.0,0.0,[583]
648,33,0.5026926069484222,0.024428283807327644,0.0,0.0,[583]
705,34,0.5216278420787643,0.010839004743402492,0.0,0.0,[622 648]
726,35,0.5302943698282441,0.019145965701493295,0.0,0.0,[705]
779,36,0.5531606585937059,0.02684648425355307,0.0,0.0,[726]
826,37,0.572418983679912,0.014092105516551379,0.0,0.0,[779]
832,37,0.5746779378458322,0.01801809753993855,0.0,0.0,[779]
845,37,0.5834274987975605,0.027407768591965476,0.0,0.0,[779]
859,38,0.592899093484768,0.03308684366490677,0.0,0.0,[826 832 845]
867,39,0.5975745843345343,0.03399608209476257,0.0,0.0,[859]
886,40,0.6080837667845663,0.03686248056842367,0.0,0.0,[867]
926,41,0.6240442580966711,0.04123363380156908,0.0,0.0,[886]
950,42,0.6347716074143938,0.037985912005622846,0.0,0.0,[926]
970,43,0.647156597059306,0.02919727788658033,0.0,0.0,[950]
983,44,0.6537238573339206,0.034913885945972334,0.0,0.0,[970]
1005,45,0.6644437831796401,0.02604526910642979,0.0,0.0,[983]
1018,46,0.6772547407056901,0.034898023994462846,0.0,0.0,[1005]
1058,47,0.6977129693259303,0.038104650254321415,0.0,0.0,[1018]
1091,48,0.7129711055179442,0.027328058023173396,0.0,0.0,[1058]
1123,49,0.736372331114469,0.014515932846638768,0.0,0.0,[1091]
1136,50,0.7430491111916241,0.010092768926941664,0.0,0.0,[1123]
1139,51,0.7442289227414647,0.010552101830072158,0.0,0.0,[1136]
1151,52,0.7521191699342009,0.013098654839449941,0.0,0.0,[1139]
1161,53,0.7615674041189731,0.01736060322516242,0.0,0.0,[1151]
1171,54,0.7672615175460233,0.013166357189958955,0.0,0.0,[1161]
1180,55,0.7792832277422154,0.0031109098685823122,0.0,0.0,[1171]
1199,56,0.7929481108184675,0.00802323623848733,0.0,0.0,[1180]
1206,56,0.7980411028328533,0.0024950451476973834,0.0,0.0,[1180]
1228,57,0.8219965464863116,0.003466160857066747,3.141592653589793,0.0,[1199 1206]
1237,58,0.8285505478815464,0.009379396689827457,3.141592653589793,0.0,[1228]
1239,59,0.8338848026819821,0.011226070428619006,3.141592653589793,0.0,[1237]
1245,59,0.8440272852837223,0.02352167849305342,3.141592653589793,0.0,[1237]
1247,59,0.845377263828659,0.0029658600142218328,0.0,0.0,[1237]
1252,60,0.8486250341817402,0.021693598244520995,3.141592653589793,0.0,[1239 1245]
1253,60,0.8492983821442864,0.019031827910787946,3.141592653589793,0.0,[1239 1245]
1257,60,0.851482348223474,0.006128773644182739,0.0,0.0,[1239 1247]
1277,61,0.8792489040236048,2.816053181264877e-05,0.0,0.0,[1252 1253 1257]
1280,62,0.8827894415141332,9.680181495830276e-05,0.0,0.0,[1277]
1286,63,0.8852183364193063,0.0011486095225133885,3.141592653589793,0.0,[1280]
1291,64,0.8949035197899037,0.007289482258558522,3.141592653589793,0.0,[1286]
1297,65,0.914955741097744,0.01302699349183467,3.141592653589793,0.0,[1291]
1302,66,0.9249399771595187,0.017652935661656932,3.141592653589793,0.0,[1297]
1305,67,0.9598341067836268,0.0238456169980511,3.141592653589793,0.0,[1302]
1307,68,0.9721139788724003,0.021560252808306646,3.141592653589793,0.0,[1305]
1309,69,0.9831170445379904,0.014122762427586366,3.141592653589793,0.0,[1307]
1310,70,1.0,0.0,3.141592653589793,0.0,[1309]
0,0,0.0,0.0,3.141592653589793,0.0,[]
1,1,0.00889359157596703,0.004708968590048546,0.0,0.0,[0]
2,2,0.010089624493732852,0.005133220113273773,0.0,0.0,[1]
5,3,0.0418308180263659,0.004748595169118186,3.141592653589793,0.0,[2]
6,3,0.04254180821440967,0.008140411786425106,3.141592653589793,0.0,[2]
8,4,0.05531871313181358,0.015375452351256813,3.141592653589793,0.0,[5 6]
16,5,0.07441562678217672,0.029044930059657692,3.141592653589793,0.0,[8]
20,6,0.07772837309009295,0.02662563175705357,3.141592653589793,0.0,[16]
30,7,0.08986436004820297,0.018294899613108262,3.141592653589793,0.0,[20]
36,8,0.10883778808659028,0.026361218416952714,3.141592653589793,0.0,[30]
48,9,0.12691113608001392,0.02453679466176495,3.141592653589793,0.0,[36]
49,9,0.12869960426382898,0.014422396111055225,3.141592653589793,0.0,[36]
70,10,0.145470256723626,0.007825499273023118,3.141592653589793,0.0,[48 49]
74,11,0.15268613048286472,0.011091896964632975,3.141592653589793,0.0,[70]
81,12,0.16727157853362995,0.0014552759259844894,3.141592653589793,0.0,[74]
83,12,0.16920300472774863,0.006453446004160535,3.141592653589793,0.0,[74]
100,13,0.1882789522320747,0.0075584877914883775,0.0,0.0,[81 83]
106,14,0.19608706368200357,0.014634305970717909,0.0,0.0,[100]
117,15,0.21116859397549592,0.0061121760477981235,0.0,0.0,[106]
132,16,0.22313211060707283,0.010531947110070328,0.0,0.0,[117]
148,17,0.2420703830625266,0.017951168417928987,0.0,0.0,[132]
152,17,0.24422521242689743,0.0026729589009947263,0.0,0.0,[132]
151,18,0.24352290888771633,0.017024457287364347,0.0,0.0,[148]
169,18,0.25402156832813616,0.0014156048414781797,0.0,0.0,[152]
176,19,0.2593722637830155,0.002678043038264466,3.141592653589793,0.0,[169]
181,19,0.2615913410140289,0.0010628398799451544,0.0,0.0,[151 169]
216,20,0.28976798080997834,0.016680708981625325,3.141592653589793,0.0,[176 181]
226,20,0.294884545732395,0.03327523669132548,3.141592653589793,0.0,[176]
242,21,0.3011455508284486,0.03579509633971334,3.141592653589793,0.0,[226]
253,21,0.30859211062604175,0.010644980981900254,3.141592653589793,0.0,[216]
287,22,0.32620163804080216,0.02723201640735584,3.141592653589793,0.0,[242 253]
291,22,0.3289225700578098,0.030097720524296823,3.141592653589793,0.0,[242 253]
295,23,0.3314406121263218,0.028696276360472117,3.141592653589793,0.0,[287 291]
299,24,0.3342630940109238,0.02683030155289967,3.141592653589793,0.0,[295]
326,25,0.34463290844577577,0.03710414014596508,3.141592653589793,0.0,[299]
327,25,0.34478571137229186,0.020678688100647324,3.141592653589793,0.0,[299]
363,26,0.36784664880812556,0.010416188042322916,3.141592653589793,0.0,[327]
377,26,0.37356956036214384,0.06465613789037061,3.141592653589793,0.0,[326]
378,27,0.37358573041114107,0.011685093137357994,3.141592653589793,0.0,[363]
416,27,0.39368042093230815,0.04513525440278865,3.141592653589793,0.0,[377]
424,28,0.3976678657612416,0.016639485980426194,3.141592653589793,0.0,[378]
426,28,0.3983540378874516,0.018721114876213973,3.141592653589793,0.0,[378]
439,28,0.40337874084638337,0.012253281503591062,0.0,0.0,[378]
450,28,0.4077171443072576,0.03847462867507423,3.141592653589793,0.0,[378 416]
466,29,0.41402726507690135,0.022430040304477372,0.0,0.0,[439]
475,29,0.41976394424635466,0.03599746893609723,3.141592653589793,0.0,[424 426 450]
488,30,0.4267309110728714,0.03089918623313559,0.0,0.0,[466]
505,30,0.4331049353144818,0.024999694277903606,3.141592653589793,0.0,[475]
503,31,0.43287805879571273,0.03323471164071634,0.0,0.0,[488]
517,31,0.4386598832391865,0.024541566641415713,3.141592653589793,0.0,[505]
521,31,0.4402663133030581,0.03176309164962565,3.141592653589793,0.0,[505]
508,32,0.43491169540939734,0.03343108286299812,0.0,0.0,[503]
552,32,0.4537903465131238,0.028288497953030234,3.141592653589793,0.0,[517 521]
570,33,0.46020191626287543,0.02813191828213224,0.0,0.0,[508]
601,33,0.4749804695641434,0.040956138014440424,3.141592653589793,0.0,[552]
643,33,0.4921972217181384,0.005337925765372176,3.141592653589793,0.0,[508 552]
629,34,0.4869645584168599,0.0449753468669053,3.141592653589793,0.0,[601]
663,34,0.4982406454324835,0.0013273058539439164,3.141592653589793,0.0,[570 643]
675,35,0.5023386160572723,0.0016951230902775283,0.0,0.0,[663]
684,35,0.50841762884089,0.05355590371268726,3.141592653589793,0.0,[629]
704,36,0.515002125107566,0.0016873577466195444,3.141592653589793,0.0,[675]
736,36,0.5266898776447414,0.05523773806546051,3.141592653589793,0.0,[684]
800,37,0.5523121637951766,0.03718661906753873,3.141592653589793,0.0,[704 736]
801,37,0.5523708764429524,0.03650204265747359,3.141592653589793,0.0,[704 736]
822,38,0.561825834562337,0.033799677945371975,3.141592653589793,0.0,[800 801]
829,39,0.5648275737039654,0.033702164811331814,3.141592653589793,0.0,[822]
854,40,0.5777339396856218,0.03968991970008595,3.141592653589793,0.0,[829]
867,40,0.5842427176599737,0.04737667920662936,3.141592653589793,0.0,[829]
873,41,0.5872634514675215,0.04824300918732638,3.141592653589793,0.0,[854 867]
876,42,0.5900431614183607,0.04923966022698767,3.141592653589793,0.0,[873]
897,43,0.6001393914075366,0.05393319202345859,3.141592653589793,0.0,[876]
946,44,0.6224597013581046,0.03213753761208049,3.141592653589793,0.0,[897]
951,44,0.6251445266660767,0.047042587405759395,3.141592653589793,0.0,[897]
978,45,0.6349319667280684,0.04104687881736491,3.141592653589793,0.0,[946 951]
1000,46,0.648396231254004,0.04611297935873737,3.141592653589793,0.0,[978]
1012,46,0.6569641257348324,0.03291943706760769,3.141592653589793,0.0,[978]
1049,47,0.6787529782592112,0.04821802016949095,3.141592653589793,0.0,[1000 1012]
1051,48,0.6812754797390924,0.05013536139655972,3.141592653589793,0.0,[1049]
1104,49,0.7183073396887591,0.06772339970737484,3.141592653589793,0.0,[1051]
1112,50,0.7212934771616604,0.06635260866770942,3.141592653589793,0.0,[1104]
1153,51,0.7520050548132645,0.09654800192355217,3.141592653589793,0.0,[1112]
1166,52,0.7667462044146015,0.10479896880477368,3.141592653589793,0.0,[1153]
1170,53,0.771641205520238,0.10093836349108842,3.141592653589793,0.0,[1166]
1185,54,0.7840897680832296,0.10354304826768124,3.141592653589793,0.0,[1170]
1194,55,0.79295473377871,0.10082653975695899,3.141592653589793,0.0,[1185]
1224,56,0.8215342807813152,0.0986345722533748,3.141592653589793,0.0,[1194]
1238,56,0.8344853017907021,0.07388919689559759,3.141592653589793,0.0,[1194]
1236,57,0.8311841865193955,0.1056419404898824,3.141592653589793,0.0,[1224]
1244,57,0.8373337616653036,0.071906676368926,3.141592653589793,0.0,[1238]
1237,58,0.8325677871407868,0.10586922719861025,3.141592653589793,0.0,[1236]
1252,58,0.8507285351550972,0.07543062311899085,3.141592653589793,0.0,[1244]
1242,59,0.8361336749755254,0.10236916349387593,3.141592653589793,0.0,[1237]
1246,59,0.8400330331216449,0.1131328623900929,3.141592653589793,0.0,[1237]
1256,59,0.8586013159277565,0.07546678815263808,3.141592653589793,0.0,[1252]
1253,60,0.8510454954555354,0.11282068567226722,3.141592653589793,0.0,[1242 1246]
1254,60,0.8511084332863913,0.11260172179047734,3.141592653589793,0.0,[1242 1246]
1258,60,0.85992195514129,0.08601746225471585,3.141592653589793,0.0,[1242]
1265,60,0.8742079814991781,0.06331546130921328,3.141592653589793,0.0,[1256]
1271,61,0.8849509201224882,0.06995826663395965,3.141592653589793,0.0,[1258 1265]
1273,61,0.8859260167809327,0.07920067040649736,3.141592653589793,0.0,[1253 1254 1258]
1277,62,0.8977100902680288,0.06172637967940908,3.141592653589793,0.0,[1271]
1279,62,0.8986505369895624,0.07894006122455954,3.141592653589793,0.0,[1271 1273]
1280,63,0.9068133858377562,0.06615909510769213,3.141592653589793,0.0,[1277]
1282,63,0.9125621584624131,0.07310383779929353,3.141592653589793,0.0,[1277 1279]
1285,63,0.9156142430812136,0.04499381362883326,3.141592653589793,0.0,[1277]
1290,64,0.931369066313363,0.03626511343091465,3.141592653589793,0.0,[1285]
1293,64,0.9334461375507357,0.055178419748352026,3.141592653589793,0.0,[1280 1282 1285]
1296,64,0.9423016659132869,0.024083403325210417,3.141592653589793,0.0,[1285]
1295,65,0.9392483940500346,0.05200567405441503,3.141592653589793,0.0,[1293]
1300,65,0.9533055363180313,0.03356184852557775,3.141592653589793,0.0,[1290 1296]
1306,66,0.965616478475371,0.0321360607612744,3.141592653589793,0.0,[1295 1300]
1310,67,1.0,0.0,3.141592653589793,0.0,[1306]
0,0,0.0,0.0,3.141592653589793,0.0,[]
4,1,0.05439720568714612,0.016747004213974903,0.0,0.0,[0]
6,1,0.05703530368980858,0.0542800285495707,0.0,0.0,[0]
9,2,0.07182150613920069,0.05635999501135913,0.0,0.0,[6]
15,2,0.07532602444734027,0.06204912427308629,0.0,0.0,[6]
17,2,0.0823397073849571,0.04234494309903902,0.0,0.0,[4 6]
19,3,0.08446980463901943,0.054611033230870576,0.0,0.0,[ 9 15]
25,3,0.08942280619898746,0.04846726747912744,0.0,0.0,[ 9 15 17]
32,4,0.10166580717929896,0.057523340239232,0.0,0.0,[19 25]
41,5,0.111884417891991,0.05908409438913598,0.0,0.0,[32]
43,6,0.11425943759013413,0.060186441149873815,0.0,0.0,[41]
59,7,0.13036361589369494,0.07267032028766551,0.0,0.0,[43]
68,8,0.14612711244962495,0.0659321597759589,0.0,0.0,[59]
71,8,0.14712160264816387,0.05797779088904487,0.0,0.0,[59]
74,9,0.15045166400198418,0.0650114417508254,0.0,0.0,[68]
81,9,0.16130109206898824,0.052962966385776133,0.0,0.0,[68 71]
91,10,0.16634065506449947,0.04932321032007603,0.0,0.0,[74 81]
108,11,0.18244895146406825,0.04455902030035641,0.0,0.0,[91]
127,12,0.19590392347680297,0.05609431404395926,0.0,0.0,[108]
133,13,0.2007726826036289,0.05606295007784201,0.0,0.0,[127]
138,14,0.2045567851958604,0.05551161184120146,0.0,0.0,[133]
143,15,0.20743593154537165,0.05596563999523996,0.0,0.0,[138]
171,16,0.2358540254682352,0.0370822266077504,0.0,0.0,[143]
176,16,0.24225829273635402,0.053696164134190094,0.0,0.0,[143]
197,17,0.25549127434137,0.031135753193164528,0.0,0.0,[171]
200,17,0.256870855562204,0.041832085189579704,0.0,0.0,[171 176]
214,18,0.2629354698128603,0.02922685998679142,0.0,0.0,[197]
224,18,0.27091025198512775,0.04435714822610204,0.0,0.0,[197 200]
229,18,0.2737913278362091,0.040814283097580506,0.0,0.0,[197 200]
245,19,0.28110455251945143,0.047057969434564084,0.0,0.0,[214 224 229]
254,19,0.28424607586935013,0.04134596265751278,0.0,0.0,[214 224 229]
262,20,0.28898986260729764,0.0420496795045755,0.0,0.0,[245 254]
271,21,0.2948697962170278,0.03886590192301076,0.0,0.0,[262]
276,21,0.2966594729272388,0.03700304202073057,0.0,0.0,[262]
280,21,0.3030980261831757,0.030194964553805548,0.0,0.0,[262]
296,22,0.31399907342163447,0.020779663425252615,0.0,0.0,[271 276 280]
317,23,0.33571693221190024,0.041621980432214545,0.0,0.0,[296]
353,24,0.3573920776194025,0.061834186336862995,0.0,0.0,[317]
368,25,0.36282720408855207,0.06420974027472237,0.0,0.0,[353]
409,26,0.38678054418126195,0.07893301288737531,0.0,0.0,[368]
426,27,0.39544299139244754,0.0754061355639305,0.0,0.0,[409]
438,27,0.4003058763671766,0.08404452340536706,0.0,0.0,[409]
468,28,0.413632654462345,0.07433293487714376,0.0,0.0,[426 438]
494,28,0.4275612565366954,0.09227257317085968,0.0,0.0,[426 438]
513,29,0.4343111279817663,0.09494987636818619,0.0,0.0,[468 494]
556,30,0.44854855678233185,0.08679523212734452,0.0,0.0,[513]
574,31,0.4613709540676457,0.09099807071565136,0.0,0.0,[556]
577,31,0.46300929700172533,0.09360499132413469,0.0,0.0,[556]
590,31,0.4675370987389962,0.10073930838683798,0.0,0.0,[556]
619,32,0.47889546277230177,0.10849165764988733,0.0,0.0,[574 577 590]
633,32,0.48572773111908796,0.08916604055986799,0.0,0.0,[574 577 590]
642,32,0.48847936104547296,0.09542667882431144,0.0,0.0,[574 577 590]
668,33,0.49930781879769404,0.09844004348545787,0.0,0.0,[619 633 642]
717,34,0.5180572179131302,0.11622409406494794,0.0,0.0,[668]
743,35,0.5295664140817252,0.1199071347014965,0.0,0.0,[717]
747,35,0.5302256604354861,0.10823617844930056,0.0,0.0,[717]
758,35,0.5334197052610091,0.1250870486276776,0.0,0.0,[717]
779,36,0.5420000902866592,0.11839961562469004,0.0,0.0,[743 747 758]
813,37,0.5536765894075973,0.12889815009084793,0.0,0.0,[779]
818,38,0.5557413209256703,0.12896770318508377,0.0,0.0,[813]
852,39,0.5745786319424372,0.11375060366798195,0.0,0.0,[818]
870,40,0.585893564117036,0.1191282921383352,0.0,0.0,[852]
884,41,0.5928524175514313,0.11624914285273447,0.0,0.0,[870]
911,42,0.6103726729176354,0.12264127012743276,0.0,0.0,[884]
928,43,0.6171522358346484,0.11598815046289757,0.0,0.0,[911]
947,44,0.6239290314569416,0.1134936893442523,0.0,0.0,[928]
1005,44,0.6566160309081558,0.07747091573701104,0.0,0.0,[928]
1031,45,0.6755398554645489,0.0714242457683294,0.0,0.0,[ 947 1005]
1048,46,0.6841002317553594,0.06555083874766254,0.0,0.0,[1031]
1070,47,0.6924163534972022,0.06315458136167651,0.0,0.0,[1048]
1085,48,0.7022577862326773,0.055314915168854784,0.0,0.0,[1070]
1103,49,0.7174122627230866,0.0690939997814054,0.0,0.0,[1085]
1115,49,0.7250560036668926,0.03393951778561621,0.0,0.0,[1085]
1127,50,0.7307664125587362,0.06878509828392398,0.0,0.0,[1103]
1131,50,0.7335078547937707,0.035089309896104925,0.0,0.0,[1115]
1139,51,0.7406462825306802,0.039951258748795127,0.0,0.0,[1131]
1161,51,0.7542671988097427,0.05797425711494919,0.0,0.0,[1127]
1172,52,0.7628925335910489,0.032833949222741854,0.0,0.0,[1139]
1176,52,0.7669328062846844,0.04993585280704116,0.0,0.0,[1139 1161]
1179,53,0.769096611438029,0.05186758604058683,0.0,0.0,[1176]
1181,53,0.7714188445162622,0.025963590297762962,0.0,0.0,[1172]
1194,54,0.7835379349523424,0.050336857707485416,0.0,0.0,[1179]
1198,54,0.7863546452326717,0.0398296373627951,0.0,0.0,[1179 1181]
1208,55,0.7938344549215429,0.057278801589115136,0.0,0.0,[1194]
1213,55,0.7964429783143849,0.041060622547376746,0.0,0.0,[1194 1198]
1231,56,0.8121123232819654,0.04750538805163551,0.0,0.0,[1208 1213]
1233,56,0.8149429534804907,0.05105527767744067,0.0,0.0,[1208 1213]
1235,56,0.8155559059692588,0.052337445761057255,0.0,0.0,[1208 1213]
1244,57,0.8249280427456781,0.05454458998632983,0.0,0.0,[1231 1233 1235]
1261,57,0.8441518410454592,0.017752007942232306,0.0,0.0,[1231]
1254,58,0.8384201115213109,0.0527969069294133,0.0,0.0,[1244]
1255,58,0.8385578931749637,0.06083608452560951,0.0,0.0,[1244]
1260,58,0.8414520230438963,0.04695400181375309,0.0,0.0,[1244]
1263,58,0.8498825178606807,0.022262826009913028,0.0,0.0,[1261]
1267,59,0.8533572968154617,0.05842937792485803,0.0,0.0,[1254 1255 1260]
1269,59,0.854683476104985,0.07565877173234958,0.0,0.0,[1255]
1272,59,0.8613679103753434,0.03964936072908454,0.0,0.0,[1254 1255 1260]
1273,59,0.8620135833323938,0.027359686733246846,0.0,0.0,[1260 1263]
1275,59,0.8665739153674568,0.00848998790833111,0.0,0.0,[1263]
1276,59,0.8667206735798921,0.010621411128324487,0.0,0.0,[1263]
1277,60,0.8702248998651223,0.04535001269256611,0.0,0.0,[1267 1272]
1278,60,0.8760637126439099,0.06341180794326517,0.0,0.0,[1267 1269]
1279,60,0.8798224119641942,0.07090860809484856,0.0,0.0,[1267 1269]
1280,60,0.8814465509730287,0.01179153596139726,0.0,0.0,[1273 1275 1276]
1282,60,0.8840495793134531,0.004004099230846325,3.141592653589793,0.0,[1275 1276]
1284,61,0.886727525017072,0.0016715553157260477,3.141592653589793,0.0,[1282]
1286,61,0.8922220070928893,0.022404350913085014,0.0,0.0,[1280]
1289,61,0.896143341988235,0.03682880911122566,0.0,0.0,[1277]
1293,61,0.9103092250722484,0.08334338893036664,0.0,0.0,[1277 1278 1279]
1295,61,0.9212824002371262,0.07004186224510411,0.0,0.0,[1277 1278 1279]
1296,62,0.9264640562086047,0.00035815952494555603,3.141592653589793,0.0,[1284 1286]
1298,62,0.9303781038522873,0.005708352646483061,3.141592653589793,0.0,[1284 1286]
1300,62,0.9321703508077757,0.04784701502412392,0.0,0.0,[1286 1289]
1301,62,0.9331528780648704,0.06143060684693402,0.0,0.0,[1286 1289 1293 1295]
1303,62,0.9376814160587822,0.018010957848338838,0.0,0.0,[1284 1286 1289]
1305,63,0.9561841243460365,0.039844645372714926,0.0,0.0,[1300 1301]
1306,63,0.9588029097613225,0.016023047867686935,0.0,0.0,[1296 1298 1303]
1308,64,0.9622432018595031,0.03712151843447564,0.0,0.0,[1305]
1309,64,0.9647986330017901,0.016833743325343264,0.0,0.0,[1306]
1310,65,1.0,0.0,3.141592653589793,0.0,[1308 1309]
0,0,0.0,0.0,3.141592653589793,0.0,[]
1,1,0.01146829868111976,0.007013448100261388,3.141592653589793,0.0,[0]
3,2,0.0502433186986756,0.022231033381045817,3.141592653589793,0.0,[1]
4,2,0.05092470493885415,0.01895934856232473,3.141592653589793,0.0,[1]
7,3,0.056033546050871075,0.017348768139966442,3.141592653589793,0.0,[3 4]
11,4,0.07772567811479636,0.03116844461156132,3.141592653589793,0.0,[7]
15,5,0.095247069313387,0.039339285617499886,3.141592653589793,0.0,[11]
16,5,0.09718738666315552,0.03240044367616979,3.141592653589793,0.0,[11]
20,6,0.1053778746750933,0.03071711877933736,3.141592653589793,0.0,[15 16]
29,7,0.11495445927971404,0.025491228779438102,3.141592653589793,0.0,[20]
34,8,0.12204298038482575,0.019042300278252045,3.141592653589793,0.0,[29]
44,9,0.13332561606686855,0.026471057324543135,3.141592653589793,0.0,[34]
50,10,0.14271621305328575,0.01728460949125621,3.141592653589793,0.0,[44]
64,10,0.17248739535344493,0.050965834005140875,3.141592653589793,0.0,[44]
73,11,0.18048745735570115,0.024506430689181014,3.141592653589793,0.0,[50]
74,11,0.18173461454934314,0.049602513077898536,3.141592653589793,0.0,[50 64]
78,12,0.18546454565245918,0.025816661026277554,3.141592653589793,0.0,[73]
88,12,0.198664377791254,0.04919527096454612,3.141592653589793,0.0,[74]
95,13,0.20409364526072682,0.037582850321959294,3.141592653589793,0.0,[78]
96,13,0.20459552537508108,0.04880760862789957,3.141592653589793,0.0,[88]
105,14,0.2156481286130193,0.043616597755077535,3.141592653589793,0.0,[95 96]
123,15,0.22988511322561034,0.039342806329873414,3.141592653589793,0.0,[105]
144,16,0.24368419536349506,0.03630764179837209,3.141592653589793,0.0,[123]
159,17,0.2570801921898812,0.041082973577977966,3.141592653589793,0.0,[144]
167,17,0.2627978237325631,0.053089895282488975,3.141592653589793,0.0,[144]
168,17,0.2642344523511505,0.05464226690891327,3.141592653589793,0.0,[144]
169,17,0.26503359077174216,0.0297404323863516,3.141592653589793,0.0,[144]
186,18,0.274097026733678,0.023948285590095097,3.141592653589793,0.0,[169]
187,18,0.27479833619104055,0.044537629985768046,3.141592653589793,0.0,[159 167 168]
204,19,0.28866404330886086,0.038047275993611684,3.141592653589793,0.0,[186 187]
222,20,0.2983362964918541,0.044820250536402595,3.141592653589793,0.0,[204]
268,21,0.3271930216521597,0.06958723381691956,3.141592653589793,0.0,[222]
323,22,0.35248989419728505,0.0942493693516564,3.141592653589793,0.0,[268]
346,23,0.35923349798294146,0.08987005189123043,3.141592653589793,0.0,[323]
347,23,0.3608695876536949,0.09490274617033956,3.141592653589793,0.0,[323]
387,24,0.38049133668849977,0.08264066565967265,3.141592653589793,0.0,[346 347]
404,24,0.3878274780062365,0.06556950315499155,3.141592653589793,0.0,[346]
428,25,0.4013942707049315,0.06523172260413812,3.141592653589793,0.0,[387 404]
450,26,0.4139962651194118,0.07323710666352723,3.141592653589793,0.0,[428]
457,26,0.41690565428015847,0.07024045614316299,3.141592653589793,0.0,[428]
477,27,0.4239102468533249,0.06389326477182722,3.141592653589793,0.0,[450 457]
492,28,0.4325517975651325,0.06593432024286572,3.141592653589793,0.0,[477]
503,28,0.43609265125684116,0.0733328467718054,3.141592653589793,0.0,[477]
527,29,0.4464643077119399,0.07382347936433331,3.141592653589793,0.0,[492 503]
535,30,0.4511860300609546,0.07232717321441184,3.141592653589793,0.0,[527]
556,31,0.4580527379465218,0.07002778044476843,3.141592653589793,0.0,[535]
593,32,0.47628871357139024,0.05469040013810944,3.141592653589793,0.0,[556]
631,33,0.4896481152833668,0.04676300785231946,3.141592653589793,0.0,[593]
645,34,0.495746149868144,0.04357837812815524,3.141592653589793,0.0,[631]
665,35,0.5040534387609068,0.04206020774238095,3.141592653589793,0.0,[645]
666,35,0.5042873057759208,0.03700612232489853,3.141592653589793,0.0,[645]
686,35,0.5131077899845348,0.05779593663085114,3.141592653589793,0.0,[645]
697,36,0.5168074946439278,0.04688758877169574,3.141592653589793,0.0,[665 666]
723,36,0.5244192348656957,0.06863108639694526,3.141592653589793,0.0,[686]
773,37,0.5456215538469508,0.056252827933050864,3.141592653589793,0.0,[697 723]
777,38,0.5484833010070728,0.05590785722020164,3.141592653589793,0.0,[773]
799,39,0.5591161400634389,0.05182118650117329,3.141592653589793,0.0,[777]
806,39,0.5641322882238227,0.061234258990173984,3.141592653589793,0.0,[777]
818,39,0.5666778457938847,0.042584646648906044,3.141592653589793,0.0,[777]
839,40,0.5763012209627963,0.04494494790828396,3.141592653589793,0.0,[799 818]
840,40,0.5763804267415457,0.0717775179396355,3.141592653589793,0.0,[806]
856,41,0.5853770421670853,0.06863054342595398,3.141592653589793,0.0,[840]
859,41,0.587352586309016,0.03774903579325262,3.141592653589793,0.0,[839]
861,42,0.5881917200585556,0.06847856082033688,3.141592653589793,0.0,[856]
871,42,0.5930678764763961,0.04269812265291428,3.141592653589793,0.0,[859]
899,43,0.603999949395269,0.06969938157765199,3.141592653589793,0.0,[861]
919,43,0.6137669449415879,0.03794151580791305,3.141592653589793,0.0,[871]
935,43,0.6218255346097802,0.01677264069854445,3.141592653589793,0.0,[871]
931,44,0.620210755453956,0.05407885804376189,3.141592653589793,0.0,[899]
962,44,0.6360613998436754,0.02292132563008764,3.141592653589793,0.0,[919 935]
984,45,0.6466085850042043,0.03154306342079005,3.141592653589793,0.0,[931 962]
988,45,0.6488375401388728,0.010940170091326862,3.141592653589793,0.0,[962]
1014,46,0.6596535657533285,0.021097327929758714,3.141592653589793,0.0,[984 988]
1016,46,0.6599863523531193,0.020613997158771546,3.141592653589793,0.0,[984 988]
1020,47,0.6628379538346797,0.01806424530505879,3.141592653589793,0.0,[1014 1016]
1054,48,0.6808497090654915,0.0024513362935649763,3.141592653589793,0.0,[1020]
1065,49,0.6873087954972883,0.0021131904661613188,0.0,0.0,[1054]
1078,49,0.6964949092256839,0.01391959488707939,3.141592653589793,0.0,[1054]
1074,50,0.6923670449025282,0.0035760777288635914,0.0,0.0,[1065]
1105,50,0.7108716624859883,0.01513481040784559,3.141592653589793,0.0,[1065 1078]
1089,51,0.7041479736240871,0.005457777088800575,3.141592653589793,0.0,[1074]
1107,51,0.7123759614958026,0.014879076573121819,3.141592653589793,0.0,[1074 1105]
1128,52,0.7281889320789862,0.013613146977020318,3.141592653589793,0.0,[1089 1107]
1144,53,0.7422638278205944,0.00309567068336003,3.141592653589793,0.0,[1128]
1155,54,0.7498248858435381,0.0025810029327817396,0.0,0.0,[1144]
1162,55,0.7538289848832435,0.0025961048828554434,0.0,0.0,[1155]
1179,56,0.7641731989774793,0.00509966592556077,3.141592653589793,0.0,[1162]
1203,57,0.7815874927100639,0.004514166103423811,0.0,0.0,[1179]
1205,57,0.7828233206856675,0.011406634415604633,0.0,0.0,[1179]
1218,58,0.7964607226703746,0.013931181870397435,0.0,0.0,[1203 1205]
1222,58,0.7986500181399605,0.016756759687009404,0.0,0.0,[1203 1205]
1227,59,0.810132775490229,0.0183099517260642,0.0,0.0,[1218 1222]
1237,60,0.8210759837555969,0.014071927238745063,0.0,0.0,[1227]
1241,61,0.8281638368426787,0.007962643840410122,0.0,0.0,[1237]
1248,61,0.8370202088609955,0.01923401510983802,0.0,0.0,[1237]
1263,61,0.8592575373880526,0.044449203747263355,0.0,0.0,[1237]
1261,62,0.8566830234525911,0.0021338020496737276,0.0,0.0,[1241 1248]
1266,62,0.8603524336171792,0.015556940349152337,0.0,0.0,[1241 1248]
1267,62,0.8623110455154998,0.010167874685776068,0.0,0.0,[1241 1248]
1275,62,0.8729604175526215,0.056941374292425406,0.0,0.0,[1263]
1274,63,0.8722259730284389,0.004052848988579716,0.0,0.0,[1261 1266 1267]
1281,63,0.8817252516238677,0.05992361377124866,0.0,0.0,[1275]
1282,63,0.8823779656101375,0.019036129358761977,0.0,0.0,[1261 1266 1267]
1283,64,0.8869340100796338,0.062005956538639606,0.0,0.0,[1281]
1285,64,0.8928619943187474,0.006151247451280151,0.0,0.0,[1274]
1287,64,0.898310013178595,0.031715463274438305,0.0,0.0,[1282]
1286,65,0.89690558225882,0.07139469397744014,0.0,0.0,[1283]
1295,65,0.9198812555646843,0.01501516838267447,0.0,0.0,[1285 1287]
1291,66,0.9055980102909148,0.07928531756843826,0.0,0.0,[1286]
1298,66,0.9329652603642621,0.0022173984506461686,0.0,0.0,[1295]
1296,67,0.9229509715918196,0.06436371805387264,0.0,0.0,[1291]
1302,67,0.9466036617947925,0.0002963497873013088,3.141592653589793,0.0,[1298]
1304,68,0.9690761610002587,0.019123883297539446,0.0,0.0,[1296 1302]
1306,69,0.9766109413567382,0.012131639138055594,0.0,0.0,[1304]
1308,70,0.9869518824799957,0.0033288018785571083,0.0,0.0,[1306]
1309,71,0.9968192105766028,0.001557223869313118,3.141592653589793,0.0,[1308]
1310,72,1.0,0.0,3.141592653589793,0.0,[1309]
0,0,0.0,0.0,3.141592653589793,0.0,[]
1,1,0.014323858832173797,0.012211747735982104,0.0,0.0,[0]
2,2,0.018281497950826897,0.008888469345997296,0.0,0.0,[1]
3,2,0.019769488742682584,0.01092084262506643,0.0,0.0,[1]
4,2,0.02059411136547895,0.014320311756888082,0.0,0.0,[1]
9,3,0.05925485469429881,0.010038524857561626,0.0,0.0,[2 3 4]
10,3,0.06013439765961481,0.021704841154665755,0.0,0.0,[2 3 4]
13,4,0.07169837232486131,0.02057430236353286,0.0,0.0,[ 9 10]
15,4,0.07431690414966996,0.003918275959210793,0.0,0.0,[9]
17,5,0.08181223225957412,0.011943988641805015,0.0,0.0,[13]
18,5,0.08188709709975894,0.002303489428614469,0.0,0.0,[15]
27,6,0.10217385079634989,0.0025973230190468044,3.141592653589793,0.0,[17 18]
33,7,0.11372210794181059,0.004758312812294885,0.0,0.0,[27]
37,8,0.11771665681992238,0.003885883921426192,0.0,0.0,[33]
39,8,0.12014375325461646,0.0009342753811117932,0.0,0.0,[33]
43,9,0.1287724691706057,0.00592616503579102,0.0,0.0,[37 39]
52,10,0.14616141998355758,0.021677717182694956,0.0,0.0,[43]
54,10,0.14963096786928243,0.014181193354523725,3.141592653589793,0.0,[43]
57,11,0.15507684436674107,0.014877814802669032,3.141592653589793,0.0,[54]
60,11,0.1579684827361293,0.01650182494677943,0.0,0.0,[52]
62,12,0.16352232135208988,0.01872454491300357,3.141592653589793,0.0,[57]
63,12,0.16579690374349798,0.018329546779743522,0.0,0.0,[60]
67,12,0.1701533333837224,0.028121518316965632,3.141592653589793,0.0,[57]
77,12,0.17669199877391428,0.002293385505661494,0.0,0.0,[57 60]
79,13,0.17778088701604577,0.021812241900594165,3.141592653589793,0.0,[62 67]
87,13,0.1861212988923716,0.009349474697750604,0.0,0.0,[63 77]
89,14,0.19085369929220364,0.020777868555542978,3.141592653589793,0.0,[79]
105,14,0.20555909529019611,0.009134227044897303,0.0,0.0,[87]
106,14,0.2063140110549242,0.006542790295156586,0.0,0.0,[79 87]
97,15,0.19858431903949458,0.02152483476738498,3.141592653589793,0.0,[89]
103,15,0.20373057741807443,0.03315343309356744,3.141592653589793,0.0,[89]
125,15,0.21820526873761315,0.01289400931141027,0.0,0.0,[105 106]
115,16,0.21113215079937409,0.02956257516553662,3.141592653589793,0.0,[ 97 103]
130,16,0.22210859317721,0.009297795978700951,0.0,0.0,[125]
141,17,0.22667309023633153,0.025297084383090418,3.141592653589793,0.0,[115]
145,17,0.22916299715931387,0.009057969359785645,0.0,0.0,[130]
165,18,0.24208583027693353,0.011342922846541703,3.141592653589793,0.0,[141]
172,18,0.2483136957859452,0.001926321980345369,0.0,0.0,[145]
195,19,0.2666623655469429,0.025560753192757968,3.141592653589793,0.0,[165]
201,19,0.2697236698030435,0.0064925686884822476,3.141592653589793,0.0,[165 172]
210,20,0.27545887731040164,0.0009434103867864696,3.141592653589793,0.0,[201]
216,20,0.27679535565378877,0.02687274622733582,3.141592653589793,0.0,[195]
224,20,0.27994095023026133,0.0105824925833089,3.141592653589793,0.0,[201]
226,21,0.28148017427512506,0.024704619643006964,3.141592653589793,0.0,[216]
234,21,0.2886121850294072,0.0012952136093270505,0.0,0.0,[210]
244,21,0.29437589108643425,0.01112111596064369,3.141592653589793,0.0,[210 216 224]
256,22,0.3027971998982527,0.005502611301034355,3.141592653589793,0.0,[226 234 244]
260,22,0.3043274962028366,0.0038812687459527373,0.0,0.0,[234]
276,23,0.31508315920829655,0.0060427033949354,0.0,0.0,[256 260]
329,24,0.34553097475884464,0.03534796102818327,0.0,0.0,[276]
355,25,0.3603100061180744,0.04419725379371453,0.0,0.0,[329]
366,26,0.36499603098694144,0.04497420194681612,0.0,0.0,[355]
375,27,0.37114410704773226,0.050809226991742396,0.0,0.0,[366]
422,27,0.4008097127242811,0.08056930257354522,0.0,0.0,[366]
426,28,0.4039728411845225,0.055935946226419175,0.0,0.0,[375]
427,28,0.4040918252910597,0.07770222089862988,0.0,0.0,[375 422]
448,28,0.4149141849845166,0.09251388180127962,0.0,0.0,[375 422]
477,28,0.42982808583235466,0.10823270225449733,0.0,0.0,[375 422]
455,29,0.4167471367755228,0.047990130965197664,0.0,0.0,[426]
460,29,0.42021051450003244,0.09047202768565199,0.0,0.0,[427 448]
510,29,0.4439305520020409,0.12113656994573785,0.0,0.0,[448 477]
467,30,0.4251856311555591,0.05116566245986787,0.0,0.0,[455]
488,30,0.43520009617363253,0.09337729799613159,0.0,0.0,[460]
526,30,0.4521978795061742,0.1277339120100356,0.0,0.0,[510]
516,31,0.44679307501099175,0.09739625549013198,0.0,0.0,[488]
534,31,0.45589118969182874,0.07022024980345398,0.0,0.0,[467]
556,31,0.46153942057244524,0.12904141116054424,0.0,0.0,[526]
553,32,0.46111326008833264,0.06834535508342554,0.0,0.0,[534]
583,32,0.4748400766119385,0.12455819795087275,0.0,0.0,[516 556]
606,33,0.4849808724844906,0.12294615952775723,0.0,0.0,[583]
614,33,0.48802398067746255,0.07921439057446156,0.0,0.0,[553]
622,33,0.4914910913797892,0.08942295654951915,0.0,0.0,[553]
632,33,0.4954158115946219,0.1438738478398206,0.0,0.0,[583]
634,34,0.49591460858378544,0.1324902679210994,0.0,0.0,[606]
647,34,0.4995394723002904,0.14782751717009146,0.0,0.0,[632]
691,34,0.5171934467957389,0.0904936223602022,0.0,0.0,[614 622]
693,34,0.5176951897048753,0.08935172745287234,0.0,0.0,[614 622]
719,35,0.5257789549559452,0.08433614004454959,0.0,0.0,[691 693]
754,35,0.5380789558291753,0.12244860052910356,0.0,0.0,[634 647]
759,35,0.544351622742167,0.11407220696889642,0.0,0.0,[634 647 691 693]
757,36,0.5405259350933719,0.07181197522730842,0.0,0.0,[719]
766,36,0.5459419839047245,0.11492621310207163,0.0,0.0,[754 759]
773,37,0.5498697198822313,0.07526760084500372,0.0,0.0,[757]
787,37,0.5556612743146758,0.11176698260692486,0.0,0.0,[766]
790,38,0.5575824214499028,0.08034100870783478,0.0,0.0,[773]
817,38,0.567842402174108,0.10932901068698375,0.0,0.0,[787]
828,39,0.5722418554735037,0.07534959557067478,0.0,0.0,[790]
850,39,0.5874120932899536,0.10723122487618453,0.0,0.0,[790 817]
851,39,0.5882970685905842,0.12289545338556918,0.0,0.0,[817]
858,40,0.592821564034459,0.08656208433553036,0.0,0.0,[828]
873,40,0.603021604017657,0.12719599957370242,0.0,0.0,[851]
892,40,0.6123881475908899,0.11197383187031928,0.0,0.0,[828 850 851]
911,41,0.620624949079006,0.10974696215226898,0.0,0.0,[858 873 892]
924,42,0.6267535489956781,0.1038348376637881,0.0,0.0,[911]
934,43,0.6338257998498359,0.10005465880266906,0.0,0.0,[924]
938,43,0.6355173406558682,0.10580420942286606,0.0,0.0,[924]
958,44,0.6449738543572389,0.10606985818539583,0.0,0.0,[934 938]
980,45,0.653970322389312,0.11489012923446162,0.0,0.0,[958]
989,46,0.6569686406682091,0.11240338895189006,0.0,0.0,[980]
1032,47,0.6786822254751231,0.12445844664989902,0.0,0.0,[989]
1035,47,0.6800432471633094,0.11503688045407912,0.0,0.0,[989]
1053,48,0.6880392538345321,0.12359131123998224,0.0,0.0,[1032]
1061,48,0.6922297002361643,0.10633189114746544,0.0,0.0,[1035]
1085,49,0.7066918841973544,0.11010256544392627,0.0,0.0,[1053 1061]
1098,50,0.7135726501500375,0.10752839036860373,0.0,0.0,[1085]
1113,51,0.7242926700041121,0.10877230611684796,0.0,0.0,[1098]
1114,51,0.7245022276521452,0.11106812758559037,0.0,0.0,[1098]
1136,52,0.7361631048658623,0.11505281760194086,0.0,0.0,[1113 1114]
1160,53,0.755734404974007,0.10023558693572054,0.0,0.0,[1136]
1175,54,0.7674768783968898,0.10518261255256578,0.0,0.0,[1160]
1177,54,0.7680638869942493,0.09134118392538437,0.0,0.0,[1160]
1190,55,0.7777409764403762,0.09740726834287516,0.0,0.0,[1175 1177]
1199,56,0.786351787369866,0.09538426042646908,0.0,0.0,[1190]
1206,57,0.7929655073027215,0.09036027259469337,0.0,0.0,[1199]
1212,58,0.8016487484921143,0.09743275812195251,0.0,0.0,[1206]
1216,59,0.8031911293972609,0.09738970301320804,0.0,0.0,[1212]
1233,60,0.8297541217196683,0.08962881647136656,0.0,0.0,[1216]
1238,61,0.8352431538206798,0.08551987659569615,0.0,0.0,[1233]
1244,62,0.8409995651967018,0.08049238103679002,0.0,0.0,[1238]
1254,63,0.8573674889347829,0.0687839676997497,0.0,0.0,[1244]
1261,64,0.862515475633116,0.06493328046811431,0.0,0.0,[1254]
1276,65,0.8826719077357763,0.05393034991709866,0.0,0.0,[1261]
1283,65,0.898935183557884,0.0319998616233409,0.0,0.0,[1261]
1284,66,0.905963138379845,0.03579258002773256,0.0,0.0,[1276 1283]
1287,67,0.9124121989732453,0.029492239140946785,0.0,0.0,[1284]
1296,68,0.9509200719295615,0.00313158699220617,3.141592653589793,0.0,[1287]
1298,68,0.9571282001506557,0.01005912345486526,3.141592653589793,0.0,[1287]
1300,68,0.9583307947680031,0.012181223648783046,3.141592653589793,0.0,[1287]
1302,69,0.9602114622341218,0.013662693528701197,3.141592653589793,0.0,[1300]
1303,69,0.9662191256781334,0.00518748840740868,3.141592653589793,0.0,[1296 1298 1300]
1304,69,0.9670555161008928,0.0020230590996528353,3.141592653589793,0.0,[1296 1298]
1305,70,0.9763068317036482,0.010925100451180558,3.141592653589793,0.0,[1302 1303 1304]
1306,71,0.976585224587974,0.011132206609191342,3.141592653589793,0.0,[1305]
1309,72,0.9912768698378406,0.0002590291663591149,3.141592653589793,0.0,[1306]
1310,73,1.0,0.0,3.141592653589793,0.0,[1309]
0,0,0.0,0.0,3.141592653589793,0.0,[]
1,1,0.004949889426663412,0.0033339922542687805,0.0,0.0,[0]
2,1,0.005073110876002596,0.0031388299918737594,0.0,0.0,[0]
6,2,0.03692699823400181,0.034921112742217764,0.0,0.0,[1 2]
10,3,0.05345160999883691,0.048010314562757395,0.0,0.0,[6]
21,4,0.08894256028776504,0.0701612239808942,0.0,0.0,[10]
27,5,0.10061860048759697,0.07699586653250945,0.0,0.0,[21]
32,6,0.10984207076402341,0.07915413281207806,0.0,0.0,[27]
37,7,0.12395329459352122,0.0911083336675339,0.0,0.0,[32]
50,7,0.14148245682701877,0.10880057539873966,0.0,0.0,[32]
64,8,0.15324712313663902,0.11097437377287322,0.0,0.0,[37 50]
68,9,0.166008597389666,0.11381794461856609,0.0,0.0,[64]
78,10,0.17352399213103953,0.10895220038405962,0.0,0.0,[68]
91,11,0.1894991158937659,0.09547821870629647,0.0,0.0,[78]
101,12,0.19777724181276146,0.09481874001947077,0.0,0.0,[91]
123,13,0.2146603600807676,0.08305168782392724,0.0,0.0,[101]
131,14,0.22429522103509736,0.0905707467127479,0.0,0.0,[123]
151,15,0.23515451062776316,0.09266959148556653,0.0,0.0,[131]
162,16,0.24366335932131644,0.09387895470882279,0.0,0.0,[151]
174,17,0.2520942302955105,0.09875101827015587,0.0,0.0,[162]
193,18,0.26435808426417096,0.10664277573494985,0.0,0.0,[174]
200,19,0.2705812766186064,0.1069084888306232,0.0,0.0,[193]
219,20,0.29323988723392846,0.12049720842679457,0.0,0.0,[200]
227,21,0.2992136112692009,0.11736047607488931,0.0,0.0,[219]
241,22,0.31050013050449465,0.12749209709199638,0.0,0.0,[227]
263,23,0.3241422166620681,0.1355733594558416,0.0,0.0,[241]
270,23,0.3283705214663979,0.1404557535412988,0.0,0.0,[241]
280,24,0.33625409891305535,0.12913050370015544,0.0,0.0,[263]
281,24,0.3364955702159462,0.14319833181648733,0.0,0.0,[263 270]
308,25,0.3533892886221345,0.1382147222367358,0.0,0.0,[280 281]
319,25,0.3577911063191733,0.11837321215603214,0.0,0.0,[280]
376,26,0.3849235329160745,0.11061759310264185,0.0,0.0,[308 319]
387,27,0.3906674099364833,0.10604159958451898,0.0,0.0,[376]
401,28,0.39511320538253414,0.1052723534636606,0.0,0.0,[387]
425,28,0.4027531637761209,0.11456561581217051,0.0,0.0,[387]
445,29,0.4117355131372462,0.1087471693511799,0.0,0.0,[401 425]
524,30,0.4487963057927913,0.10899998552775647,0.0,0.0,[445]
538,31,0.4544709522897761,0.11183108927590846,0.0,0.0,[524]
547,32,0.4582223195934212,0.11282329688515957,0.0,0.0,[538]
620,33,0.48951368220286084,0.11350175952507402,0.0,0.0,[547]
671,34,0.5134605346810012,0.13643078159402622,0.0,0.0,[620]
678,35,0.5152817301087069,0.1378215761976872,0.0,0.0,[671]
699,36,0.5252387055306035,0.14516881226842238,0.0,0.0,[678]
709,37,0.5275122867707303,0.1432109342038108,0.0,0.0,[699]
783,38,0.55653372675545,0.17154997113317239,0.0,0.0,[709]
808,39,0.5659891185573324,0.17414612031713617,0.0,0.0,[783]
823,40,0.572526956276561,0.17568071587889067,0.0,0.0,[808]
848,41,0.583747868792347,0.17796919102403264,0.0,0.0,[823]
876,42,0.6028502324834965,0.1959980750735849,0.0,0.0,[848]
887,43,0.6075108278056498,0.1967691093032573,0.0,0.0,[876]
912,44,0.6181291917669707,0.19491583523059064,0.0,0.0,[887]
923,45,0.6217162964545684,0.19346081610846955,0.0,0.0,[912]
931,46,0.6268160192320352,0.19713193410421415,0.0,0.0,[923]
932,46,0.6271626215596144,0.19275943272619267,0.0,0.0,[923]
939,47,0.6316229549515109,0.1991272547118117,0.0,0.0,[931]
997,47,0.6586744681447163,0.1678556110709436,0.0,0.0,[931 932]
1009,47,0.6707146242942563,0.15354978700862165,0.0,0.0,[931 932]
971,48,0.6443287215013727,0.1981308955710509,0.0,0.0,[939]
1021,48,0.6803611060305597,0.15147229303945176,0.0,0.0,[ 939  997 1009]
998,49,0.6589136452116708,0.19748343008054692,0.0,0.0,[971]
1029,49,0.6853605824543995,0.15255424951445018,0.0,0.0,[1021]
1036,50,0.6885875304818161,0.1708834548964735,0.0,0.0,[998]
1053,50,0.701295678850167,0.148772599218983,0.0,0.0,[1029]
1077,51,0.71460857428825,0.1535897744810042,0.0,0.0,[1036 1053]
1085,52,0.7189228422735904,0.15012320725627892,0.0,0.0,[1077]
1093,53,0.7248328443769063,0.15262568573414081,0.0,0.0,[1085]
1106,54,0.7318335094957212,0.15295146404504922,0.0,0.0,[1093]
1146,55,0.7639810015265305,0.12394309114389956,0.0,0.0,[1106]
1150,56,0.7677918238148902,0.12289997245828554,0.0,0.0,[1146]
1170,57,0.7819888986844232,0.11513414349695306,0.0,0.0,[1150]
1175,58,0.7864866644009575,0.11524369913806065,0.0,0.0,[1170]
1209,59,0.8097699560450243,0.11490582408085526,0.0,0.0,[1175]
1220,60,0.8174911884148806,0.12162208615739223,0.0,0.0,[1209]
1240,61,0.8400912674847544,0.11796996030005846,0.0,0.0,[1220]
1241,61,0.8401250255819589,0.12008738257308704,0.0,0.0,[1220]
1245,62,0.8436960778592398,0.11945418102434224,0.0,0.0,[1240 1241]
1255,63,0.8546822115522226,0.1088126332310092,0.0,0.0,[1245]
1273,64,0.8788403414201557,0.08510900604874694,0.0,0.0,[1255]
1290,65,0.918584210319955,0.049253159020259396,0.0,0.0,[1273]
1302,66,0.9546117741017215,0.023358767868835728,0.0,0.0,[1290]
1304,67,0.9725845296445682,0.005467677413354299,0.0,0.0,[1302]
1305,67,0.9731732333228132,0.011085911430711026,0.0,0.0,[1302]
1307,68,0.9857032593661583,0.001300713412117016,0.0,0.0,[1304 1305]
1309,69,0.996464053672257,0.0008139684324978136,3.141592653589793,0.0,[1307]
1310,70,1.0,0.0,3.141592653589793,0.0,[1309]
0,0,0.0,0.0,3.141592653589793,0.0,[]
1,1,0.012850935784481154,0.0005597125567015082,3.141592653589793,0.0,[0]
2,1,0.02073162499528791,0.009921479018407342,3.141592653589793,0.0,[0]
4,1,0.026410211581682774,0.019549521840053652,0.0,0.0,[0]
5,2,0.03758586345466153,0.0020921338380476273,3.141592653589793,0.0,[1 2]
7,2,0.04044670893732771,0.031214559264341024,0.0,0.0,[4]
11,3,0.04408624818348095,0.006833637147593996,3.141592653589793,0.0,[5]
13,3,0.0477381888142101,0.03553580423953839,0.0,0.0,[7]
14,4,0.05610226349848546,0.040504040349610304,0.0,0.0,[13]
15,4,0.0572688997243912,0.009730372842085111,3.141592653589793,0.0,[11]
16,5,0.06051215530584664,0.04479744857817647,0.0,0.0,[14]
20,5,0.07364397464262695,0.015299827079516715,3.141592653589793,0.0,[15]
24,6,0.0789161113442236,0.056440479677288935,0.0,0.0,[16]
25,6,0.07920254537160187,0.028688400960948268,0.0,0.0,[16]
33,6,0.10556172906876438,0.02390649647208476,3.141592653589793,0.0,[20]
31,7,0.09855329036053895,0.059521424302729886,0.0,0.0,[24]
32,7,0.1045396846536436,0.003951270534982121,0.0,0.0,[25]
37,7,0.11673443611493184,0.03008039837719856,3.141592653589793,0.0,[33]
43,7,0.12585794788949622,0.039774245600395663,3.141592653589793,0.0,[33]
36,8,0.11608515132544162,0.0019557396443140584,0.0,0.0,[32]
39,8,0.11840122178404044,0.06363321677641354,0.0,0.0,[31]
41,8,0.12244247608080872,0.027706143896827462,3.141592653589793,0.0,[37]
47,8,0.13183104292068648,0.03809239341437376,3.141592653589793,0.0,[37 43]
52,8,0.13907620247754326,0.0483934341820732,3.141592653589793,0.0,[37 43]
48,9,0.13265282766119124,0.0003519210831878228,0.0,0.0,[36]
51,9,0.1367494609190647,0.07566101430844929,0.0,0.0,[39]
54,9,0.14199400951251995,0.028551424376081158,3.141592653589793,0.0,[41 47]
58,9,0.15299334678805143,0.03170922103581142,0.0,0.0,[36 39]
59,9,0.15405329924034272,0.05561531708568268,3.141592653589793,0.0,[41 47 52]
63,10,0.16089765942265777,0.059186555241955374,3.141592653589793,0.0,[59]
65,10,0.16161602720470591,0.03738133066426663,3.141592653589793,0.0,[54]
70,10,0.17185266986978354,0.005293860819075902,0.0,0.0,[48]
85,10,0.18702142190789506,0.027817670168950426,0.0,0.0,[48 51 58]
72,11,0.1753746939411598,0.052885908383891844,3.141592653589793,0.0,[63]
74,11,0.17594154912355509,0.04891848646153507,3.141592653589793,0.0,[63 65]
83,11,0.18364982368653504,0.06958647048599431,3.141592653589793,0.0,[63]
86,11,0.18965221484957362,0.028201212703189982,0.0,0.0,[85]
94,11,0.20089765290279515,0.007097467060040663,0.0,0.0,[70]
95,12,0.20197527865009013,0.03849052243868978,0.0,0.0,[86]
101,12,0.206861019657806,0.005579873761775822,0.0,0.0,[94]
103,12,0.2091195740970896,0.057735775062468964,3.141592653589793,0.0,[72 74 83]
105,13,0.21074886640652746,0.04623154543771779,0.0,0.0,[95]
107,13,0.2150578432639374,0.05815964814591368,3.141592653589793,0.0,[103]
115,13,0.22281342503483392,0.005978702978216011,3.141592653589793,0.0,[101]
110,14,0.2175172365925293,0.05885571481351348,3.141592653589793,0.0,[107]
134,14,0.23978183906461314,0.013142938630574363,3.141592653589793,0.0,[115]
140,14,0.24320734180106818,0.033278488636529935,0.0,0.0,[105]
145,14,0.24575776114955938,0.022151816510882383,0.0,0.0,[105]
150,14,0.24906914489063203,0.010321625308551963,0.0,0.0,[105 115]
147,15,0.24786481215356315,0.08881685682773921,3.141592653589793,0.0,[110]
149,15,0.2484573418827566,0.038387070091997155,0.0,0.0,[140]
165,15,0.2594975612162278,0.011490770175180742,3.141592653589793,0.0,[134]
166,15,0.25955828322081864,0.018135019184459478,0.0,0.0,[140 145 150]
154,16,0.25349303392131295,0.08447648487058002,3.141592653589793,0.0,[147]
184,16,0.2729006284234172,0.0046849871601264415,3.141592653589793,0.0,[165]
189,16,0.27623390276845927,0.017574016642479595,0.0,0.0,[149 166]
170,17,0.2635468347024551,0.07962593893531034,3.141592653589793,0.0,[154]
208,17,0.28973842379459447,0.007063568956616972,0.0,0.0,[184 189]
191,18,0.27669676143573885,0.06724565545315642,3.141592653589793,0.0,[170]
219,18,0.2945388838012105,0.008768437858530875,0.0,0.0,[208]
209,19,0.29053252364721827,0.053965328295904946,3.141592653589793,0.0,[191]
224,19,0.29647583025626123,0.07564158823963663,3.141592653589793,0.0,[191]
229,19,0.2983924721615355,0.008453739507397695,0.0,0.0,[219]
255,19,0.31585389528717456,0.012014090142367206,3.141592653589793,0.0,[219]
233,20,0.302088336872133,0.05084746846948096,3.141592653589793,0.0,[209]
261,20,0.32060917051037374,0.07135658387742538,3.141592653589793,0.0,[209 224]
283,20,0.33248308431745965,0.014437084879075912,3.141592653589793,0.0,[209 229 255]
280,21,0.33184045792010364,0.07844332906858953,3.141592653589793,0.0,[233 261]
295,21,0.33717816512947096,0.016306977657421395,3.141592653589793,0.0,[233 283]
303,21,0.34187700103074947,0.03523880533069679,3.141592653589793,0.0,[233]
308,22,0.3443730303662066,0.03449570910735367,3.141592653589793,0.0,[303]
317,22,0.34910242211662945,0.06127586873955815,3.141592653589793,0.0,[280]
336,22,0.3557889286873944,0.012729582470479617,3.141592653589793,0.0,[295]
357,23,0.3642102205313239,0.04980829062852743,3.141592653589793,0.0,[308 317]
382,23,0.37769562112383726,0.0021260398663414115,3.141592653589793,0.0,[308 336]
372,24,0.3742276572918004,0.05161795897250199,3.141592653589793,0.0,[357]
407,24,0.3876450570720752,0.004275658667266757,3.141592653589793,0.0,[382]
398,25,0.3853458359254872,0.04135679817771987,3.141592653589793,0.0,[372]
443,25,0.4036992534217718,0.0005886359515266948,0.0,0.0,[407]
416,26,0.39092089610841185,0.04275254495316205,3.141592653589793,0.0,[398]
474,26,0.4196211598052908,0.002062084056102864,3.141592653589793,0.0,[443]
447,27,0.40613990577765546,0.04298991662859708,3.141592653589793,0.0,[416]
480,27,0.42187289269235406,0.00018500838477242265,3.141592653589793,0.0,[474]
464,28,0.414315724706088,0.050404506677521166,3.141592653589793,0.0,[447]
523,28,0.4401644565248618,0.018257811692629633,3.141592653589793,0.0,[447 480]
500,29,0.4303827017261177,0.044376823875937554,3.141592653589793,0.0,[464]
555,29,0.450266708303378,0.01592262264915667,3.141592653589793,0.0,[464 523]
531,30,0.44319666199032703,0.031969963722427996,3.141592653589793,0.0,[500]
581,30,0.45663772470750663,0.011849606226535192,3.141592653589793,0.0,[555]
587,31,0.45972409266548897,0.016235001137686944,3.141592653589793,0.0,[531]
592,31,0.4613049918253955,0.010844858685281178,3.141592653589793,0.0,[581]
642,32,0.48265853572727413,0.015012428490493335,3.141592653589793,0.0,[587 592]
652,33,0.48597751599295635,0.017786174307129587,3.141592653589793,0.0,[642]
662,34,0.4923381412003396,0.01916305538947982,3.141592653589793,0.0,[652]
683,35,0.5005886199111212,0.016959528822386827,3.141592653589793,0.0,[662]
694,35,0.5052163950406114,0.007690546700385714,3.141592653589793,0.0,[662]
721,36,0.5181474585967736,0.033037829848373,3.141592653589793,0.0,[683]
728,36,0.5202735746963748,0.0015165063956875668,3.141592653589793,0.0,[683 694]
735,36,0.5238405435188068,0.010801870930811752,3.141592653589793,0.0,[683 694]
767,37,0.5361230761056323,0.03942051361937371,3.141592653589793,0.0,[721]
799,37,0.551580371715999,0.02371120371174773,3.141592653589793,0.0,[721 728 735]
829,38,0.5605872245815088,0.05495920261229392,3.141592653589793,0.0,[767]
836,38,0.5629517226904739,0.029279892505727934,3.141592653589793,0.0,[767 799]
871,39,0.5812586018172553,0.04551997652702311,3.141592653589793,0.0,[829 836]
902,40,0.595283395230425,0.04251016703561361,3.141592653589793,0.0,[871]
918,41,0.6014687673942155,0.04321941677871666,3.141592653589793,0.0,[902]
951,42,0.6230708406289228,0.040784524752814355,3.141592653589793,0.0,[918]
961,43,0.6333239439299264,0.049494129015758004,3.141592653589793,0.0,[951]
962,44,0.6340063057227574,0.050020973204429664,3.141592653589793,0.0,[961]
968,45,0.6362165455744502,0.051799785719746194,3.141592653589793,0.0,[962]
992,46,0.6489423118878836,0.045647974882117026,3.141592653589793,0.0,[968]
999,47,0.6528708527600027,0.04350777973288944,3.141592653589793,0.0,[992]
1016,48,0.660861085438628,0.03902420440253773,3.141592653589793,0.0,[999]
1026,48,0.6664325038755192,0.031327159865740084,3.141592653589793,0.0,[999]
1041,49,0.6751230044193699,0.049004648778689486,3.141592653589793,0.0,[1016]
1053,49,0.6859037271432824,0.033636107071860155,3.141592653589793,0.0,[1016 1026]
1055,49,0.6861295409093209,0.031934559374098725,3.141592653589793,0.0,[1016 1026]
1070,50,0.692262217823583,0.02994050410930249,3.141592653589793,0.0,[1053 1055]
1074,50,0.6951900986005143,0.05495611285877122,3.141592653589793,0.0,[1041]
1120,51,0.7261845700267368,0.06222640514140898,3.141592653589793,0.0,[1070 1074]
1130,52,0.7344194019317842,0.05932766887446839,3.141592653589793,0.0,[1120]
1133,52,0.7360505627977556,0.05579669763534567,3.141592653589793,0.0,[1120]
1146,53,0.7437785729229631,0.062361149531034554,3.141592653589793,0.0,[1130 1133]
1157,54,0.7567168051106921,0.06775891957772917,3.141592653589793,0.0,[1146]
1187,55,0.7871714036298788,0.09264326786218413,3.141592653589793,0.0,[1157]
1189,56,0.7915211149828661,0.09024517915150354,3.141592653589793,0.0,[1187]
1203,57,0.8013241767445314,0.09644576732237964,3.141592653589793,0.0,[1189]
1213,58,0.8107284727014663,0.09816167108061313,3.141592653589793,0.0,[1203]
1223,58,0.8216379625041654,0.07715085050719117,3.141592653589793,0.0,[1203]
1215,59,0.8132159741559136,0.09821407445019492,3.141592653589793,0.0,[1213]
1232,59,0.8281265622897418,0.07627725706645405,3.141592653589793,0.0,[1223]
1237,60,0.8346311929492414,0.08117645348343716,3.141592653589793,0.0,[1215 1232]
1246,61,0.84749533318503,0.06899521356384153,3.141592653589793,0.0,[1237]
1262,62,0.8676533733750639,0.07877564276339832,3.141592653589793,0.0,[1246]
1266,62,0.8703302882666879,0.0836645986625999,3.141592653589793,0.0,[1246]
1277,63,0.8890190143596162,0.06660909095417233,3.141592653589793,0.0,[1262 1266]
1287,64,0.9064090364604627,0.05747530054993644,3.141592653589793,0.0,[1277]
1294,65,0.9212540359750551,0.047324164968156945,3.141592653589793,0.0,[1287]
1296,66,0.9267945736007992,0.04820657296969799,3.141592653589793,0.0,[1294]
1305,67,0.9449371288589977,0.0482960958546772,3.141592653589793,0.0,[1296]
1309,68,0.9687912853831745,0.027385486953963034,3.141592653589793,0.0,[1305]
1310,69,1.0,0.0,3.141592653589793,0.0,[1309]
0,0,0.0,0.0,3.141592653589793,0.0,[]
1,1,0.02008258920532191,0.011966061932662364,0.0,0.0,[0]
2,1,0.024633045392295716,0.021937521108043034,0.0,0.0,[0]
4,2,0.038399888920555014,0.019211343145092097,0.0,0.0,[1 2]
5,3,0.04362878260886205,0.02199863099963395,0.0,0.0,[4]
12,4,0.07423693841894319,0.0370793547048357,0.0,0.0,[5]
19,5,0.08979731448635564,0.050876239870886186,0.0,0.0,[12]
23,5,0.09741268537758685,0.05930575184211351,0.0,0.0,[12]
22,6,0.0956441396402381,0.04813196778282236,0.0,0.0,[19]
26,6,0.10260805674863183,0.056034367074216496,0.0,0.0,[19 23]
31,7,0.11076099058116762,0.0380866720183366,0.0,0.0,[22]
35,7,0.11502989760055027,0.056696216771971786,0.0,0.0,[22 26]
39,8,0.1301973892426349,0.05421247575318,0.0,0.0,[31 35]
44,8,0.13379617730377236,0.01568276661905299,0.0,0.0,[31]
45,8,0.1340521029464733,0.04908472303891964,0.0,0.0,[31 35]
47,9,0.1376105084898941,0.017006500535681313,0.0,0.0,[44]
51,9,0.1445780256229483,0.025714650272794293,0.0,0.0,[44]
62,9,0.16183112651375686,0.05649746152630741,0.0,0.0,[39 45]
60,10,0.16068914452076644,0.036993140739743136,0.0,0.0,[47 51]
71,10,0.18061699024236544,0.06669844037080752,0.0,0.0,[62]
90,10,0.20048217576324956,0.013067274119811234,3.141592653589793,0.0,[47 51]
68,11,0.1725289625415285,0.04171567233007423,0.0,0.0,[60]
69,11,0.17932078734689993,0.02491678805804398,0.0,0.0,[60]
88,11,0.19898659760061643,0.08244202503284126,0.0,0.0,[71]
105,11,0.2174004975653493,0.029565452433602313,3.141592653589793,0.0,[90]
91,12,0.20226967439533794,0.03125510243376184,0.0,0.0,[68 69]
97,12,0.20849909774138142,0.08764409267495288,0.0,0.0,[88]
114,12,0.22165058180181485,0.015739969378673058,3.141592653589793,0.0,[69]
118,12,0.22498696453626132,0.020383315288185266,3.141592653589793,0.0,[69]
132,12,0.23610943341733437,0.04650036996477869,3.141592653589793,0.0,[105]
100,13,0.21075373321966484,0.033287990999199546,0.0,0.0,[91]
111,13,0.22072446174508198,0.08195254139198938,0.0,0.0,[97]
140,13,0.24277142873680435,0.05164268918818948,3.141592653589793,0.0,[132]
146,13,0.24717906383570853,0.03232087905887937,3.141592653589793,0.0,[114 118]
120,14,0.2260812421327124,0.08689903919172226,0.0,0.0,[111]
124,14,0.2295068402197713,0.04635501515064111,0.0,0.0,[100]
150,14,0.24821516208222538,0.051803371230006,3.141592653589793,0.0,[140]
154,14,0.2519396104843631,0.03379764076733993,3.141592653589793,0.0,[146]
139,15,0.24140883141111724,0.08626180566674058,0.0,0.0,[120]
144,15,0.24603539773901228,0.03560043401296653,0.0,0.0,[124]
158,15,0.25573668356215085,0.05923960339187018,0.0,0.0,[120 124]
160,15,0.25802465963893784,0.051866035798183385,0.0,0.0,[124]
168,15,0.2625123200780878,0.05017078151558396,3.141592653589793,0.0,[150]
174,15,0.2652531309221374,0.045510885126778367,3.141592653589793,0.0,[150 154]
143,16,0.24482327362467693,0.08808969869089722,0.0,0.0,[139]
183,16,0.27146399190593584,0.03302428318655781,0.0,0.0,[144]
185,16,0.27212485564426314,0.046584864608546606,3.141592653589793,0.0,[168 174]
191,16,0.27425970268014377,0.04952201829343095,0.0,0.0,[144 158 160]
197,16,0.280907214647908,0.05913925171833223,3.141592653589793,0.0,[168 174]
155,17,0.2529749390049645,0.08429315876557053,0.0,0.0,[143]
199,17,0.2851618839459139,0.055873848291273065,3.141592653589793,0.0,[185 197]
204,17,0.28829131208245684,0.04671773733435414,0.0,0.0,[143 183 191]
214,18,0.29413708610964073,0.04457523770886607,0.0,0.0,[155 204]
232,18,0.3058234354606064,0.04513821077594993,3.141592653589793,0.0,[199]
260,18,0.32126513927356004,0.02491120797851243,3.141592653589793,0.0,[199]
223,19,0.30007625839132945,0.03910590896320054,0.0,0.0,[214]
272,19,0.32539240627814214,0.02573929999054836,3.141592653589793,0.0,[232 260]
276,20,0.3274274174078333,0.06479103490511273,0.0,0.0,[223]
277,20,0.3280785236800232,0.05101075159005164,0.0,0.0,[223]
285,20,0.33214363811152137,0.02377075264466144,3.141592653589793,0.0,[272]
302,21,0.3419450083838991,0.07180770742071296,0.0,0.0,[276]
303,21,0.34200646951623337,0.05927451247846738,0.0,0.0,[276 277]
315,21,0.34633835774884913,0.023428326542235367,3.141592653589793,0.0,[285]
308,22,0.34308036940056885,0.07156833952024089,0.0,0.0,[302]
321,22,0.3503182223128889,0.053724983627208345,0.0,0.0,[303]
325,22,0.3520632455520526,0.027494757677085313,3.141592653589793,0.0,[315]
313,23,0.3456761762150178,0.06946249502698398,0.0,0.0,[308]
352,23,0.36584581656131854,0.04650717826480377,0.0,0.0,[321]
369,23,0.37338314692802654,0.038018089724645154,3.141592653589793,0.0,[325]
372,23,0.37504077380505385,0.034583485766019106,3.141592653589793,0.0,[325]
374,24,0.37630609458023423,0.045208084247614466,0.0,0.0,[313 352]
395,24,0.3856515340274693,0.03512257749450354,3.141592653589793,0.0,[369 372]
408,25,0.39239997406566285,0.041760220783655266,3.141592653589793,0.0,[395]
421,25,0.3961580927634514,0.028503966349998855,0.0,0.0,[374]
424,25,0.39763825777813633,0.0383934118909115,0.0,0.0,[374]
467,26,0.4157844502437089,0.021292077474950988,3.141592653589793,0.0,[408]
477,26,0.4181363160776439,0.027196110849241117,0.0,0.0,[421 424]
500,26,0.426749942610134,0.0012183606226949806,0.0,0.0,[421]
518,27,0.4397248966751397,0.03443553616711614,3.141592653589793,0.0,[467]
565,27,0.45620858607765213,0.007775684170244768,3.141592653589793,0.0,[467 477 500]
574,28,0.4601751373947274,0.004840132660798413,3.141592653589793,0.0,[565]
577,28,0.4608817607681228,0.026422783781152925,3.141592653589793,0.0,[518]
587,29,0.46541271741335977,0.007615170878701005,3.141592653589793,0.0,[574]
589,29,0.4662695545625477,0.02931537915932325,3.141592653589793,0.0,[577]
594,29,0.47058265272914335,0.017009388921553126,3.141592653589793,0.0,[577]
619,30,0.47989319391892615,0.0203022406126111,3.141592653589793,0.0,[587 589 594]
638,30,0.48763082520971157,0.009313954498478272,3.141592653589793,0.0,[587 589 594]
642,31,0.4899823293342269,0.010461951416619542,3.141592653589793,0.0,[619 638]
701,32,0.5126382809156648,0.004084320659852092,0.0,0.0,[642]
713,33,0.5197471071654824,0.010182124504474643,0.0,0.0,[701]
754,34,0.5315623327114768,0.012885410344450898,0.0,0.0,[713]
811,35,0.5598233201810919,0.02076855853290971,0.0,0.0,[754]
839,36,0.5727123546697542,0.024760794640107497,0.0,0.0,[811]
849,37,0.5811137490351811,0.029031721827858292,0.0,0.0,[839]
877,38,0.5935352316569561,0.025435434725576966,0.0,0.0,[849]
883,38,0.596046331446468,0.016836785901452656,0.0,0.0,[849]
900,39,0.6057108733041164,0.028893562665567418,0.0,0.0,[877]
907,39,0.6085984386717478,0.015254945755562521,0.0,0.0,[877 883]
921,40,0.6149834711232284,0.02222455080884067,0.0,0.0,[900]
926,40,0.6174991593465906,0.0195825930403698,0.0,0.0,[900 907]
939,41,0.6280655572240622,0.02592878925092823,0.0,0.0,[921 926]
950,42,0.6346644349815146,0.022816516087645344,0.0,0.0,[939]
957,43,0.6372824035790136,0.020473378883187343,0.0,0.0,[950]
1009,44,0.661433766867368,0.043750577774321786,0.0,0.0,[957]
1010,44,0.662117452953484,0.0030055049392498923,0.0,0.0,[957]
1015,45,0.6668153910258486,0.0066893480188098264,0.0,0.0,[1010]
1028,45,0.6771032267616598,0.0453513920364913,0.0,0.0,[1009]
1040,46,0.6810869613877638,0.005679687512719522,3.141592653589793,0.0,[1015]
1058,46,0.6919488099740813,0.032525239744804146,0.0,0.0,[1028]
1068,47,0.697530229996819,0.011931953580742727,3.141592653589793,0.0,[1040]
1069,47,0.697733529389161,0.036897901006088696,0.0,0.0,[1058]
1075,47,0.700119020897083,0.006451151987367787,0.0,0.0,[1040]
1082,47,0.704670324547778,0.0012618210844802524,3.141592653589793,0.0,[1040]
1091,47,0.7084684191208215,0.027935646584452356,3.141592653589793,0.0,[1040]
1085,48,0.7057643416075576,0.03926035827158403,0.0,0.0,[1069]
1110,48,0.7229108123852694,0.0047841162361831335,3.141592653589793,0.0,[1068 1075 1082]
1118,48,0.7287113629746204,0.018136396974303248,3.141592653589793,0.0,[1068 1075 1082 1091]
1100,49,0.7149774708951473,0.03408188640425058,0.0,0.0,[1085]
1130,49,0.7371174519244269,0.010923187840422566,3.141592653589793,0.0,[1110 1118]
1129,50,0.7370579131175301,0.040684538238447754,0.0,0.0,[1100]
1133,50,0.7405982506574108,0.05167895662068944,0.0,0.0,[1100]
1136,50,0.741385926386837,0.01382606990638624,3.141592653589793,0.0,[1130]
1153,51,0.7523342747038474,0.043990224509386944,0.0,0.0,[1129 1133]
1156,51,0.7551194459142458,0.008391043903989703,3.141592653589793,0.0,[1136]
1157,51,0.7556870948363359,0.03919736431495058,0.0,0.0,[1129 1133]
1175,52,0.7779704878602322,0.008840009604266896,0.0,0.0,[1156]
1176,52,0.7782997221733626,0.00853432395746101,3.141592653589793,0.0,[1156]
1178,52,0.7788288029705402,0.017821398846817438,0.0,0.0,[1153 1157]
1181,52,0.782110174773118,0.059384294990515674,0.0,0.0,[1153 1157]
1182,52,0.7837489213608432,0.027071364456850877,0.0,0.0,[1153 1157]
1184,52,0.7874596767020152,0.051896580770905976,0.0,0.0,[1153 1157]
1183,53,0.7871521567700546,0.00892889804799113,3.141592653589793,0.0,[1176]
1185,53,0.7875782439188633,0.0005137415325308092,0.0,0.0,[1175 1176]
1195,53,0.7939898356186483,0.05213597853312235,0.0,0.0,[1181 1184]
1196,53,0.7949259587285205,0.032851107269234014,0.0,0.0,[1178 1182]
1203,53,0.8002676811307995,0.038745827756572315,0.0,0.0,[1178 1182]
1200,54,0.7988529683461421,0.010631592095975306,3.141592653589793,0.0,[1183 1185]
1219,54,0.8191565949792937,0.028457200984686626,0.0,0.0,[1185 1195 1196 1203]
1205,55,0.8014180813998908,0.009193029418083754,3.141592653589793,0.0,[1200]
1225,55,0.8232735848940593,0.02997933616582016,0.0,0.0,[1219]
1230,56,0.8289381483102806,0.010012229788857963,0.0,0.0,[1205]
1235,56,0.8328515937127375,0.036612592277706524,0.0,0.0,[1225]
1241,57,0.8369554472644493,0.03884664872984289,0.0,0.0,[1235]
1252,57,0.8561195020027891,0.018434694735666612,0.0,0.0,[1230 1235]
1260,58,0.8736256903421287,0.0027336343678013852,0.0,0.0,[1241 1252]
1264,59,0.8834985516880702,0.006233265336371807,3.141592653589793,0.0,[1260]
1269,59,0.8879236873076407,0.009066480657440645,0.0,0.0,[1260]
1270,59,0.8891441757148404,0.012915733308507038,0.0,0.0,[1260]
1279,60,0.9054694131381603,0.0018060220016800077,3.141592653589793,0.0,[1264 1269 1270]
1282,61,0.9093850329169719,0.0054125650800875835,3.141592653589793,0.0,[1279]
1283,61,0.909521557857004,0.0021585640958423635,0.0,0.0,[1279]
1290,62,0.9163614962587701,0.0011161360187091907,3.141592653589793,0.0,[1282 1283]
1294,63,0.9227536596240419,0.004328449148114255,0.0,0.0,[1290]
1303,64,0.9423158356772802,0.021639606823727786,0.0,0.0,[1294]
1305,65,0.9520546777810097,0.026228068930232218,0.0,0.0,[1303]
1309,66,0.9614968311852662,0.029695125935874533,0.0,0.0,[1305]
1310,67,1.0,0.0,3.141592653589793,0.0,[1309]
0,0,0.0,0.0,3.141592653589793,0.0,[]
1,1,0.011385197089992527,0.010556159008481503,3.141592653589793,0.0,[0]
5,2,0.04839605021684812,0.03165536456157769,3.141592653589793,0.0,[1]
12,3,0.06655341463506848,0.045963606276356206,3.141592653589793,0.0,[5]
13,4,0.0686727715279517,0.04787280019001516,3.141592653589793,0.0,[12]
17,5,0.07833495506047439,0.05417071874122259,3.141592653589793,0.0,[13]
23,6,0.09076979979690214,0.04679426169642342,3.141592653589793,0.0,[17]
36,6,0.11228031713206843,0.06865896767205415,3.141592653589793,0.0,[17]
33,7,0.1084400847329926,0.029212426126247304,3.141592653589793,0.0,[23]
43,7,0.12110045513423895,0.060791468311702235,3.141592653589793,0.0,[23 36]
41,8,0.11681496844399952,0.02331796725091595,3.141592653589793,0.0,[33]
55,8,0.13746890163025982,0.06940140908876535,3.141592653589793,0.0,[43]
51,9,0.13315520203591558,0.021048501455346313,3.141592653589793,0.0,[41]
58,9,0.14173560054748324,0.06767114562673526,3.141592653589793,0.0,[55]
60,9,0.14248968051977973,0.06497306621557064,3.141592653589793,0.0,[55]
65,10,0.14735011120152441,0.021049362421198703,3.141592653589793,0.0,[51]
66,10,0.14870045833466716,0.0631211995557398,3.141592653589793,0.0,[58 60]
75,10,0.1549856571046745,0.07790029139326393,3.141592653589793,0.0,[58]
78,11,0.16545241416093281,0.03638649671840799,3.141592653589793,0.0,[65]
81,11,0.167401732992417,0.055662731065379556,3.141592653589793,0.0,[66]
83,11,0.16926163865507216,0.020969588635607272,3.141592653589793,0.0,[65]
84,11,0.16934535923482885,0.08739186962639611,3.141592653589793,0.0,[75]
90,12,0.17886304371539608,0.08102506404192078,3.141592653589793,0.0,[84]
93,12,0.18117249153175463,0.031444514271619095,3.141592653589793,0.0,[78 83]
95,12,0.18281971466683877,0.05471654387268876,3.141592653589793,0.0,[81]
98,12,0.18479516283784703,0.01382073475015666,3.141592653589793,0.0,[83]
99,12,0.1857141701499403,0.007296122776391467,3.141592653589793,0.0,[83]
110,13,0.198087615151757,0.06343091041027848,3.141592653589793,0.0,[90 95]
112,13,0.1999705236629662,0.058945698261167134,3.141592653589793,0.0,[95]
115,13,0.20260356721447514,0.03080703021702813,3.141592653589793,0.0,[93 98]
119,13,0.20363763649256295,0.027415347754553343,3.141592653589793,0.0,[93 98]
132,13,0.21282062082507813,0.011906934632852417,3.141592653589793,0.0,[93 98 99]
134,13,0.21495040729860948,0.007291042054353047,3.141592653589793,0.0,[93 98 99]
121,14,0.2049047467484184,0.05857712055263742,3.141592653589793,0.0,[110 112]
130,14,0.212442605107945,0.027804604855639736,3.141592653589793,0.0,[115 119]
139,14,0.22006907666691922,0.010076045697195224,3.141592653589793,0.0,[132 134]
147,15,0.22690824676698473,0.016438969838123763,3.141592653589793,0.0,[130 139]
150,15,0.2295921462944348,0.04919869862974757,3.141592653589793,0.0,[121]
151,15,0.22993525563155082,0.037564832198427545,3.141592653589793,0.0,[121 130]
154,15,0.23169656376061654,0.02648382431379126,3.141592653589793,0.0,[130]
159,16,0.233005948238436,0.04982938453574348,3.141592653589793,0.0,[150]
173,16,0.24191837261370464,0.029581868913321818,3.141592653589793,0.0,[147 151 154]
177,16,0.24645914553932236,0.015073625040017524,3.141592653589793,0.0,[147 154]
178,16,0.24649357021787766,0.007871083521026612,3.141592653589793,0.0,[147]
167,17,0.23906303266585516,0.05097256925731486,3.141592653589793,0.0,[159]
198,17,0.2593566871492228,0.01749549377108084,3.141592653589793,0.0,[173 177 178]
180,18,0.24764767400890497,0.04631740790754979,3.141592653589793,0.0,[167]
205,18,0.26435369759898597,0.022088758405085396,3.141592653589793,0.0,[198]
208,19,0.26575739784984087,0.033267664165633426,3.141592653589793,0.0,[180]
215,19,0.26963185861904115,0.047685099462481007,3.141592653589793,0.0,[180]
233,19,0.2800217996285168,0.00812196566179113,3.141592653589793,0.0,[205]
271,20,0.30770375776205017,0.03371273187266999,3.141592653589793,0.0,[208 215 233]
289,21,0.319003737277745,0.02600815224525066,3.141592653589793,0.0,[271]
305,22,0.32615817155454974,0.02460159926894756,3.141592653589793,0.0,[289]
322,23,0.3361799820957715,0.031137227008240953,3.141592653589793,0.0,[305]
338,24,0.34753134740127223,0.02197963452979801,3.141592653589793,0.0,[322]
339,24,0.34816142284899254,0.02437369692755642,3.141592653589793,0.0,[322]
352,25,0.35197741312582076,0.0206528234965222,3.141592653589793,0.0,[338 339]
365,26,0.35786340581032583,0.020337519553785155,3.141592653589793,0.0,[352]
394,27,0.3755597012629448,0.00923244979659188,3.141592653589793,0.0,[365]
407,27,0.38015413018088084,0.01727274940653134,3.141592653589793,0.0,[365]
478,28,0.41444811064106846,0.021972451762097722,3.141592653589793,0.0,[394 407]
493,29,0.423231410343032,0.019064346049748382,3.141592653589793,0.0,[478]
521,30,0.4363656989168194,0.02142063541557948,3.141592653589793,0.0,[493]
535,31,0.4423569116990089,0.019171308561908074,3.141592653589793,0.0,[521]
568,31,0.4532791676584539,0.03811931907188337,3.141592653589793,0.0,[521]
597,32,0.46993080277381016,0.03228624675516534,3.141592653589793,0.0,[535 568]
653,33,0.495903092489256,0.050641723980506814,3.141592653589793,0.0,[597]
687,34,0.50762262047126,0.06049698604875775,3.141592653589793,0.0,[653]
704,35,0.5147936830152997,0.057620841090495256,3.141592653589793,0.0,[687]
748,36,0.5293479040282109,0.05481936846207036,3.141592653589793,0.0,[704]
759,37,0.532686007951433,0.05156302853602035,3.141592653589793,0.0,[748]
773,37,0.5386710749192016,0.05812269412397075,3.141592653589793,0.0,[748]
789,38,0.547957632092897,0.03706265127944508,3.141592653589793,0.0,[759]
792,38,0.5482984465405585,0.03841482553309439,3.141592653589793,0.0,[759]
793,38,0.5486078349739114,0.049845584572055124,3.141592653589793,0.0,[759 773]
801,38,0.5520494653088102,0.060557456796807574,3.141592653589793,0.0,[759 773]
805,38,0.5547452779296801,0.056797139447621325,3.141592653589793,0.0,[759 773]
810,39,0.5572435637501251,0.03625686246489224,3.141592653589793,0.0,[789 792]
826,39,0.5654995774164343,0.05138791084546768,3.141592653589793,0.0,[789 792 793 801 805]
828,39,0.5670946182556872,0.04619618744405807,3.141592653589793,0.0,[789 792 793 801 805]
848,40,0.5749701516295059,0.03869157436884163,3.141592653589793,0.0,[810 828]
851,40,0.578251061336266,0.04239238294400893,3.141592653589793,0.0,[810 826 828]
889,40,0.5977938925843143,0.012375463450319812,3.141592653589793,0.0,[810]
907,41,0.6029723761913655,0.042613824034119285,3.141592653589793,0.0,[848 851]
912,41,0.6045893404964766,0.008324287117406737,3.141592653589793,0.0,[889]
919,42,0.6090002410733274,0.042923990046424776,3.141592653589793,0.0,[907]
922,42,0.6099032950226935,0.03861128447901563,3.141592653589793,0.0,[907]
925,42,0.6121049620725021,0.008275068955629572,3.141592653589793,0.0,[912]
964,43,0.6302758825925887,0.004819050007473735,3.141592653589793,0.0,[925]
976,43,0.6341134087201953,0.017465979055199754,3.141592653589793,0.0,[922 925]
984,43,0.6369436923803337,0.05627495865973564,3.141592653589793,0.0,[919 922]
998,44,0.6418955653700014,0.009891521658338509,3.141592653589793,0.0,[964 976]
1001,44,0.6422233596943128,0.05862370474521894,3.141592653589793,0.0,[984]
1036,45,0.6637505167381353,0.01982142553764865,3.141592653589793,0.0,[998]
1043,45,0.6665505880570305,0.03998289062716898,3.141592653589793,0.0,[1001]
1046,45,0.6692457586233694,0.034255285459161566,3.141592653589793,0.0,[ 998 1001]
1061,46,0.6769704763625519,0.03202181291451589,3.141592653589793,0.0,[1036 1043 1046]
1075,47,0.6897420374703241,0.02669757569481712,3.141592653589793,0.0,[1061]
1082,47,0.6940959118377742,0.04368170659294168,3.141592653589793,0.0,[1061]
1107,48,0.7138560535501574,0.02424884093495605,3.141592653589793,0.0,[1075 1082]
1113,49,0.717328777881771,0.025341551480933866,3.141592653589793,0.0,[1107]
1126,50,0.730253265092707,0.0294768860182818,3.141592653589793,0.0,[1113]
1140,51,0.7433808286196105,0.02680953865671032,3.141592653589793,0.0,[1126]
1147,52,0.746467451454633,0.028687623640444748,3.141592653589793,0.0,[1140]
1164,53,0.7560389925199419,0.03824721551742005,3.141592653589793,0.0,[1147]
1185,53,0.7731637016624571,0.010891801217922548,3.141592653589793,0.0,[1147]
1193,54,0.7804954892848548,0.0205296757125778,3.141592653589793,0.0,[1164]
1201,54,0.7884956230693612,0.043884214245553554,3.141592653589793,0.0,[1164]
1207,54,0.7956799938806105,0.0009336385094962374,3.141592653589793,0.0,[1164 1185]
1197,55,0.7864083359634055,0.020476921594015485,3.141592653589793,0.0,[1193]
1213,55,0.7995368819859002,0.03626319958745294,3.141592653589793,0.0,[1193 1201]
1214,55,0.799933073888257,0.0027834418976250275,3.141592653589793,0.0,[1193 1207]
1220,56,0.807833748191271,0.001129211889437154,0.0,0.0,[1214]
1237,56,0.82126747431399,0.016673776160402554,3.141592653589793,0.0,[1197 1213 1214]
1235,57,0.820117808782942,0.007981569848141246,0.0,0.0,[1220]
1243,57,0.835233226287593,0.009217102845324954,3.141592653589793,0.0,[1220 1237]
1248,58,0.8398282358474981,0.0071857422514826075,3.141592653589793,0.0,[1235 1243]
1258,59,0.8585864623237421,0.012879214482611645,3.141592653589793,0.0,[1248]
1264,59,0.8695739675659251,0.00014750844359079363,3.141592653589793,0.0,[1248]
1265,60,0.8744737384509473,0.0015429971376260676,0.0,0.0,[1258 1264]
1268,61,0.8765133671214647,0.001924971376768947,0.0,0.0,[1265]
1290,62,0.906826398012271,0.027103370906546687,3.141592653589793,0.0,[1268]
1291,63,0.9180838518438312,0.017509397304793617,3.141592653589793,0.0,[1290]
1296,64,0.9253047157539914,0.0135111602102983,3.141592653589793,0.0,[1291]
1300,65,0.9385357231860234,0.008764916282131718,3.141592653589793,0.0,[1296]
1303,66,0.9450864547962097,0.008986049140338626,3.141592653589793,0.0,[1300]
1307,67,0.954039225215803,0.008467611449554657,3.141592653589793,0.0,[1303]
1309,68,0.9749593170621866,0.0022319602205239653,0.0,0.0,[1307]
1310,69,1.0,0.0,3.141592653589793,0.0,[1309]
0,0,0.0,0.0,3.141592653589793,0.0,[]
1,1,0.01891414140330616,0.004765515900071571,3.141592653589793,0.0,[0]
2,1,0.022228458033521248,0.0010340640064452344,3.141592653589793,0.0,[0]
6,2,0.07107763322042504,0.0256591645798806,3.141592653589793,0.0,[1 2]
7,3,0.07196650830636109,0.02606884343459126,3.141592653589793,0.0,[6]
19,4,0.09243275537448825,0.035199365572400665,3.141592653589793,0.0,[7]
26,5,0.09955318562775672,0.041458806573892115,3.141592653589793,0.0,[19]
27,6,0.10180842408886037,0.042275702625725886,3.141592653589793,0.0,[26]
29,7,0.10572634550594517,0.04412052762407537,3.141592653589793,0.0,[27]
39,8,0.11861757247531535,0.047010040289214405,3.141592653589793,0.0,[29]
48,9,0.13607982476289016,0.055772754336792074,3.141592653589793,0.0,[39]
55,10,0.14560649805016967,0.06505602412271072,3.141592653589793,0.0,[48]
59,11,0.15809460583207535,0.06963273860906549,3.141592653589793,0.0,[55]
66,12,0.16703368990063017,0.06415745869563594,3.141592653589793,0.0,[59]
68,12,0.16755044908641736,0.06171384887974418,3.141592653589793,0.0,[59]
73,13,0.17497630090006377,0.06159044015413706,3.141592653589793,0.0,[66 68]
74,13,0.1757229404673054,0.059720285636377435,3.141592653589793,0.0,[66 68]
96,13,0.19222743084055893,0.03903474085856784,3.141592653589793,0.0,[66 68]
112,14,0.20382160579942377,0.04264130452501935,3.141592653589793,0.0,[73 74 96]
119,15,0.2092984728799111,0.03878569004412846,3.141592653589793,0.0,[112]
132,16,0.2176708360937093,0.0403509259333934,3.141592653589793,0.0,[119]
139,16,0.22172417675402134,0.02916659246740627,3.141592653589793,0.0,[119]
161,17,0.23539301940821689,0.026516890546382288,3.141592653589793,0.0,[132 139]
164,17,0.23892958991566038,0.015963507186462333,3.141592653589793,0.0,[139]
177,18,0.2509141176820099,0.019726032193798093,3.141592653589793,0.0,[161 164]
191,19,0.2668246268631036,0.0038990148859715523,3.141592653589793,0.0,[177]
196,20,0.2699769242391499,0.0055934481591435325,3.141592653589793,0.0,[191]
238,21,0.2988170971099102,0.004130361209892852,3.141592653589793,0.0,[196]
252,22,0.30822372263465314,0.003683479976786086,3.141592653589793,0.0,[238]
264,23,0.31573611070647045,0.0013385990974870143,3.141592653589793,0.0,[252]
286,24,0.3278295047501515,0.004393564539053041,3.141592653589793,0.0,[264]
322,25,0.34813104825961816,0.012222208540222046,3.141592653589793,0.0,[286]
361,26,0.3646212373580131,0.015220774571617302,3.141592653589793,0.0,[322]
364,27,0.36667991761217134,0.01368787734363519,3.141592653589793,0.0,[361]
373,28,0.37094402904538337,0.013991504117249365,3.141592653589793,0.0,[364]
412,29,0.38848665136129024,0.003388754090831503,0.0,0.0,[373]
431,30,0.39707437354016406,0.004910966281185369,0.0,0.0,[412]
442,31,0.4005649340361348,0.0033367032918377726,0.0,0.0,[431]
468,32,0.412029422821535,0.00840497362049153,0.0,0.0,[442]
512,33,0.43221755175117027,0.0035020538056984574,3.141592653589793,0.0,[468]
526,33,0.44002581901696103,0.03419049473750868,0.0,0.0,[468]
531,33,0.44252146370378,0.03054467910202452,0.0,0.0,[468]
533,34,0.44309376451729177,0.011902392102599246,3.141592653589793,0.0,[512]
554,34,0.4506900166990646,0.0357683336654081,0.0,0.0,[526 531]
567,34,0.45485684853618213,0.028253499523648418,0.0,0.0,[526 531]
576,35,0.4605563404525086,0.013410930136639299,3.141592653589793,0.0,[533]
603,35,0.46957339251410934,0.028640399854773402,0.0,0.0,[554 567]
673,36,0.4980255114106069,0.055525376208250043,0.0,0.0,[603]
677,36,0.4999126038777367,0.002741243833823459,0.0,0.0,[576 603]
690,36,0.5032475098096167,0.024973482824370064,0.0,0.0,[576 603]
695,37,0.5075137056279065,0.003323664727268416,0.0,0.0,[677]
727,37,0.5171963876736774,0.024148210054808605,0.0,0.0,[690]
728,37,0.5179570541660826,0.04432339864480683,0.0,0.0,[673]
738,38,0.5252914769537125,0.015718245311806767,0.0,0.0,[695]
740,38,0.5254104677090105,0.03116886363867355,0.0,0.0,[727]
761,38,0.5319124711885475,0.052646111344599844,0.0,0.0,[728]
777,39,0.5401734168729638,0.0408481669197589,0.0,0.0,[740]
783,39,0.5427989458219511,0.023297700845224978,0.0,0.0,[738 740]
784,39,0.5429443393709981,0.05533920156291494,0.0,0.0,[761]
792,39,0.5463812372509734,0.03429605262682678,0.0,0.0,[738 740]
795,39,0.5471663809819362,0.03337981722030736,0.0,0.0,[738 740]
816,40,0.5531254402950802,0.050048461300743585,0.0,0.0,[777 784]
818,40,0.5556132001214914,0.05403518966982701,0.0,0.0,[777 784]
828,40,0.5585786925248764,0.02404628491056826,0.0,0.0,[777 783 792 795]
845,41,0.5732456191205634,0.037400887862189536,0.0,0.0,[816 818 828]
851,41,0.5762172576649699,0.020182023006493854,0.0,0.0,[828]
870,42,0.585563115825602,0.03321648108953068,0.0,0.0,[845]
875,42,0.5877703203446811,0.029341820708326916,0.0,0.0,[845 851]
891,43,0.5941260960189135,0.038628135845941936,0.0,0.0,[870]
893,43,0.5944438904876068,0.03429007069542167,0.0,0.0,[870 875]
911,44,0.5998375281767648,0.03569684801276074,0.0,0.0,[891 893]
936,45,0.6150764608054665,0.03803821389749351,0.0,0.0,[911]
950,46,0.6238306787114242,0.042687487597529494,0.0,0.0,[936]
964,47,0.6308036160940088,0.03827252879776888,0.0,0.0,[950]
1009,47,0.6536107710970901,0.013830298213072467,0.0,0.0,[950]
1016,48,0.6572986096574752,0.015911636431584553,0.0,0.0,[ 964 1009]
1062,48,0.6830961562257095,0.013923355006256188,3.141592653589793,0.0,[ 964 1009]
1053,49,0.6733808762511798,0.0033060530347662764,0.0,0.0,[1016]
1079,49,0.6957771106584797,0.023639011272589494,3.141592653589793,0.0,[1062]
1083,50,0.6993388950538487,0.01306902037178359,3.141592653589793,0.0,[1053]
1134,50,0.7429642840781534,0.06016949139977512,3.141592653589793,0.0,[1053 1079]
1135,50,0.7437849619841761,0.06185022106300908,3.141592653589793,0.0,[1053 1079]
1093,51,0.7100022977985926,0.019099481605150626,3.141592653589793,0.0,[1083]
1102,51,0.714136115619959,0.02461171901117032,3.141592653589793,0.0,[1083]
1146,51,0.7493544663530689,0.06655100785694978,3.141592653589793,0.0,[1134 1135]
1157,52,0.7557834185756689,0.06394544033322147,3.141592653589793,0.0,[1093 1102 1146]
1176,53,0.767606179128952,0.0705371795746228,3.141592653589793,0.0,[1157]
1179,54,0.7722226783257852,0.07263698498851945,3.141592653589793,0.0,[1176]
1193,55,0.7883231136166049,0.07421152664911768,3.141592653589793,0.0,[1179]
1206,56,0.802816394413392,0.07702092018763629,3.141592653589793,0.0,[1193]
1210,57,0.807166499159303,0.07457303631621881,3.141592653589793,0.0,[1206]
1211,58,0.8107616495163719,0.07559504740520018,3.141592653589793,0.0,[1210]
1213,59,0.8134821938503166,0.07547753523127188,3.141592653589793,0.0,[1211]
1220,60,0.8192136037809177,0.0745116491776987,3.141592653589793,0.0,[1213]
1228,61,0.82864107888529,0.07565423248641023,3.141592653589793,0.0,[1220]
1247,61,0.8467030287214163,0.049189668080119264,3.141592653589793,0.0,[1220]
1249,61,0.8474338331880887,0.05310340413722292,3.141592653589793,0.0,[1220]
1255,62,0.8559159122274651,0.056156579185856925,3.141592653589793,0.0,[1228 1247 1249]
1265,63,0.8658359851431493,0.0557311497597438,3.141592653589793,0.0,[1255]
1268,63,0.8716869561373425,0.04135256811295984,3.141592653589793,0.0,[1255]
1277,64,0.8833507383143763,0.04096067319969676,3.141592653589793,0.0,[1265 1268]
1283,65,0.9058607973088167,0.031242093299211793,3.141592653589793,0.0,[1277]
1294,66,0.9299968914878564,0.022587294643236167,3.141592653589793,0.0,[1283]
1297,67,0.9374339348161486,0.02121062903212534,3.141592653589793,0.0,[1294]
1304,68,0.9569241296476367,0.0038287909221919048,3.141592653589793,0.0,[1297]
1306,69,0.9648389083284219,0.010023639144072671,3.141592653589793,0.0,[1304]
1308,70,0.9727122984617599,0.006493401253942932,3.141592653589793,0.0,[1306]
1310,71,1.0,0.0,3.141592653589793,0.0,[1308]
0,0,0.0,0.0,3.141592653589793,0.0,[]
1,1,0.014500479176665193,0.014282298013248318,0.0,0.0,[0]
6,1,0.04680826535925886,0.037324658371310715,3.141592653589793,0.0,[0]
3,2,0.029893849174612575,0.008339808515345992,0.0,0.0,[1]
7,2,0.04846621848760935,0.036102856278541595,3.141592653589793,0.0,[6]
8,2,0.05557136476398605,0.043228290029641125,3.141592653589793,0.0,[6]
11,3,0.06716802094506569,0.0124821450536311,3.141592653589793,0.0,[3]
15,3,0.07753772753041499,0.025450138170106218,3.141592653589793,0.0,[3 7 8]
16,4,0.09220288334420756,0.03723313898107705,3.141592653589793,0.0,[11 15]
24,5,0.10268240781758009,0.04722920984614254,3.141592653589793,0.0,[16]
25,6,0.10654738836802147,0.04501039456104605,3.141592653589793,0.0,[24]
42,7,0.13006941826378082,0.042939030772360054,3.141592653589793,0.0,[25]
43,7,0.13277212741213906,0.027054339733419752,3.141592653589793,0.0,[25]
44,7,0.13343515284235508,0.03797119264798976,3.141592653589793,0.0,[25]
50,8,0.14209109069529968,0.03619785129049158,3.141592653589793,0.0,[42 43 44]
58,9,0.15144226450094933,0.03522233556064369,3.141592653589793,0.0,[50]
64,9,0.15830487360329326,0.05220174847020964,3.141592653589793,0.0,[50]
71,10,0.1649244881392231,0.04887064103360894,3.141592653589793,0.0,[64]
73,10,0.16582057471180722,0.03185197619006763,3.141592653589793,0.0,[58]
79,10,0.1736696318865778,0.06530204925354544,3.141592653589793,0.0,[64]
89,11,0.18347702185820614,0.06322505872318984,3.141592653589793,0.0,[71 79]
96,11,0.1875580452641702,0.03599165805833904,3.141592653589793,0.0,[71 73]
99,11,0.19050135258659118,0.051749763411598426,3.141592653589793,0.0,[71 73 79]
104,12,0.19436269736795841,0.03909607034422824,3.141592653589793,0.0,[96]
112,12,0.1989495623037444,0.04815742632803288,3.141592653589793,0.0,[89 99]
114,12,0.20073988259181974,0.02752420361278518,3.141592653589793,0.0,[96]
119,13,0.2030527065683445,0.03462985377799055,3.141592653589793,0.0,[104]
121,13,0.20839093335343006,0.021421308360749625,3.141592653589793,0.0,[114]
133,13,0.21901723782594684,0.06664308576817768,3.141592653589793,0.0,[112]
151,14,0.23354156660307135,0.06475108289915055,3.141592653589793,0.0,[119 133]
154,14,0.2344084297066248,0.006670899967227473,3.141592653589793,0.0,[119 121]
161,15,0.24087742896655728,0.002415760142858936,3.141592653589793,0.0,[154]
170,15,0.2512127089890934,0.019933694250147682,3.141592653589793,0.0,[154]
180,15,0.2568021146215179,0.06091821681284848,3.141592653589793,0.0,[151]
185,16,0.2584498790913715,0.061101256132564896,3.141592653589793,0.0,[180]
197,16,0.2708330678384374,0.02259381317192799,3.141592653589793,0.0,[161 170]
202,17,0.2751221393742497,0.05090461483053221,3.141592653589793,0.0,[185]
205,17,0.27673619668914884,0.02404955563817668,3.141592653589793,0.0,[197]
213,18,0.2850583462698457,0.057337466466998666,3.141592653589793,0.0,[202]
229,18,0.2935936453196786,0.047935294597307054,3.141592653589793,0.0,[202]
240,18,0.29936083887296716,0.03827228915132752,3.141592653589793,0.0,[202 205]
228,19,0.29353834961142566,0.0605057228461261,3.141592653589793,0.0,[213]
243,19,0.30307931028532287,0.0386854851878311,3.141592653589793,0.0,[229 240]
261,20,0.3136894193733427,0.029095339409175747,3.141592653589793,0.0,[243]
282,20,0.3308110567507795,0.05383053548192185,3.141592653589793,0.0,[228 243]
320,21,0.35230366235827804,0.04894912258076789,3.141592653589793,0.0,[261 282]
329,22,0.3573705546988035,0.05079871586026541,3.141592653589793,0.0,[320]
364,23,0.379451085912744,0.07194579614306229,3.141592653589793,0.0,[329]
367,24,0.3818654531599378,0.07247550564687555,3.141592653589793,0.0,[364]
406,25,0.4023294520992068,0.05284509681937544,3.141592653589793,0.0,[367]
419,26,0.4068440300263717,0.053896566211759867,3.141592653589793,0.0,[406]
449,27,0.4215829319260386,0.06336231941179715,3.141592653589793,0.0,[419]
464,27,0.4262926136717211,0.044003774251103356,3.141592653589793,0.0,[419]
475,27,0.42992674662094577,0.051079265098889715,3.141592653589793,0.0,[419]
494,28,0.43653664743731246,0.04759963066256112,3.141592653589793,0.0,[464 475]
551,28,0.462502412911438,0.09820026186360975,3.141592653589793,0.0,[449]
509,29,0.44695500744825545,0.053556776081101654,3.141592653589793,0.0,[494]
574,29,0.47220222526338973,0.10470156046322898,3.141592653589793,0.0,[551]
535,30,0.45660122998746466,0.06077738444499725,3.141592653589793,0.0,[509]
559,30,0.46549512083219025,0.036720734855948955,3.141592653589793,0.0,[509]
626,30,0.4899633292854263,0.10186166558264054,3.141592653589793,0.0,[574]
590,31,0.47803287421021,0.04247705391472967,3.141592653589793,0.0,[535 559]
637,31,0.4926898272358088,0.10167170245631163,3.141592653589793,0.0,[626]
644,32,0.49498865797742875,0.0558836268177475,3.141592653589793,0.0,[590]
659,32,0.5005800296047691,0.04655717474361065,3.141592653589793,0.0,[590]
684,32,0.50892790545379,0.1146851672897613,3.141592653589793,0.0,[637]
649,33,0.49650961560078344,0.05634290582307022,3.141592653589793,0.0,[644]
670,33,0.505538257455291,0.04214867441028902,3.141592653589793,0.0,[659]
688,33,0.5102189438042896,0.11481851488924755,3.141592653589793,0.0,[684]
704,34,0.5151195771610262,0.11288891748300967,3.141592653589793,0.0,[688]
719,34,0.5199985052060607,0.04401161140896859,3.141592653589793,0.0,[649 670]
722,34,0.5205362809978792,0.040417129039046595,3.141592653589793,0.0,[649 670]
748,35,0.5313644964743448,0.10719570005758938,3.141592653589793,0.0,[704]
750,35,0.5315633457475857,0.09976213060066319,3.141592653589793,0.0,[704]
755,35,0.5332036773651156,0.049093634893050964,3.141592653589793,0.0,[719 722]
766,36,0.5405888116308305,0.048602448314188584,3.141592653589793,0.0,[755]
772,36,0.5436526324148832,0.1116461738301151,3.141592653589793,0.0,[748 750]
794,36,0.5531709982493485,0.10055340912058042,3.141592653589793,0.0,[748 750]
798,36,0.5562214199870236,0.06706981647525168,3.141592653589793,0.0,[755]
809,36,0.5612430584370386,0.08706315017860355,3.141592653589793,0.0,[748 750]
780,37,0.5487555700669572,0.044479036307036424,3.141592653589793,0.0,[766]
818,37,0.5663712051944846,0.07270572975981526,3.141592653589793,0.0,[766 798]
846,37,0.5785314004875202,0.10406185289204939,3.141592653589793,0.0,[772 794 809]
852,37,0.5812761582014903,0.0916064642488752,3.141592653589793,0.0,[772 794 798 809]
839,38,0.5752635089798217,0.04938298186496337,3.141592653589793,0.0,[780]
848,38,0.5789795571373488,0.08192520699516725,3.141592653589793,0.0,[818]
867,38,0.5899765381226334,0.09900561857627754,3.141592653589793,0.0,[846 852]
876,39,0.5942254581611323,0.054728754383307154,3.141592653589793,0.0,[839]
884,39,0.6016953135453198,0.10649613852995865,3.141592653589793,0.0,[867]
888,39,0.603222137147838,0.08759899478966127,3.141592653589793,0.0,[848 867]
894,39,0.6072972669979381,0.09353433702087466,3.141592653589793,0.0,[848 867]
879,40,0.597260135159976,0.05486080754168321,3.141592653589793,0.0,[876]
902,40,0.6099205035134353,0.09217619252530707,3.141592653589793,0.0,[888 894]
918,40,0.6134334242941547,0.09915756639143569,3.141592653589793,0.0,[884 894]
886,41,0.6017966523015451,0.05765075222766236,3.141592653589793,0.0,[879]
964,41,0.639340839281259,0.1196190446544354,3.141592653589793,0.0,[902 918]
979,42,0.6475280521097513,0.11803709360362258,3.141592653589793,0.0,[964]
992,42,0.6529951918724646,0.10346490250033591,3.141592653589793,0.0,[886]
998,42,0.6548435780361695,0.1315068804347661,3.141592653589793,0.0,[964]
1014,43,0.6634736520045207,0.12571995483745946,3.141592653589793,0.0,[979 998]
1016,43,0.6651973667408333,0.1176494422638269,3.141592653589793,0.0,[979]
1020,43,0.6691838416118719,0.10726445322177025,3.141592653589793,0.0,[979 992]
1033,44,0.6776349698910122,0.1306408864274481,3.141592653589793,0.0,[1014]
1040,44,0.6808471784119687,0.11405259265283674,3.141592653589793,0.0,[1014 1016 1020]
1068,45,0.6965943304065965,0.11454437219889779,3.141592653589793,0.0,[1033 1040]
1087,46,0.7103077670707361,0.10949006293521191,3.141592653589793,0.0,[1068]
1118,47,0.7264458477937759,0.10484307411911276,3.141592653589793,0.0,[1087]
1134,48,0.7396267567452022,0.11087249597822324,3.141592653589793,0.0,[1118]
1136,49,0.7411341323502901,0.11032856882019504,3.141592653589793,0.0,[1134]
1152,50,0.7531274413171066,0.09906992570125339,3.141592653589793,0.0,[1136]
1154,51,0.7536333746971468,0.09898378660168172,3.141592653589793,0.0,[1152]
1194,52,0.7821023372892886,0.07588733642465362,3.141592653589793,0.0,[1154]
1207,53,0.7987923880300937,0.06514080660908084,3.141592653589793,0.0,[1194]
1222,54,0.8118836618006859,0.05470036747073126,3.141592653589793,0.0,[1207]
1250,55,0.8327653573202153,0.03589628835264791,3.141592653589793,0.0,[1222]
1255,56,0.8411421905636838,0.027521051203089786,3.141592653589793,0.0,[1250]
1267,57,0.8585531472294051,0.03237874628521209,3.141592653589793,0.0,[1255]
1275,58,0.8692180009125671,0.03140966740726281,3.141592653589793,0.0,[1267]
1280,59,0.8789461410710114,0.03028412320783802,3.141592653589793,0.0,[1275]
1285,59,0.8856246496415198,0.021317437592213495,3.141592653589793,0.0,[1275]
1297,60,0.9119258541453691,0.012948730493841154,3.141592653589793,0.0,[1280 1285]
1304,61,0.9312637099983068,0.005570039266969529,0.0,0.0,[1297]
1306,62,0.9550905626796173,0.0013223413685664598,3.141592653589793,0.0,[1304]
1308,63,0.9719802853043286,0.0071036121158593035,0.0,0.0,[1306]
1309,64,0.9973321538262971,0.0005724005239636787,0.0,0.0,[1308]
1310,65,1.0,0.0,3.141592653589793,0.0,[1309]
0,0,0.0,0.0,3.141592653589793,0.0,[]
1,1,0.015546974117857881,0.00783806338022508,3.141592653589793,0.0,[0]
2,2,0.025410088394230756,0.013963913743891387,3.141592653589793,0.0,[1]
3,3,0.03196378074261663,0.008057317988185653,3.141592653589793,0.0,[2]
5,3,0.04301181535043597,0.02173006271239253,3.141592653589793,0.0,[2]
6,4,0.046397477425401235,0.020239682994339758,3.141592653589793,0.0,[3 5]
10,5,0.06300754467752678,0.005727403975445355,3.141592653589793,0.0,[6]
18,6,0.08355149904860426,0.016372377120097537,3.141592653589793,0.0,[10]
20,7,0.0877541636517134,0.015860616908647485,3.141592653589793,0.0,[18]
23,8,0.10333778521686054,0.026444291235761086,3.141592653589793,0.0,[20]
29,9,0.11864448002629324,0.028537358953873992,3.141592653589793,0.0,[23]
32,10,0.1287427281550264,0.02154398255040313,3.141592653589793,0.0,[29]
34,11,0.1314064929143921,0.023899101305124404,3.141592653589793,0.0,[32]
40,11,0.13761905224823923,0.013142046210473324,3.141592653589793,0.0,[32]
45,12,0.153200446103555,0.016604448490319057,3.141592653589793,0.0,[34 40]
47,13,0.1564779001821236,0.013801308491748654,3.141592653589793,0.0,[45]
61,14,0.17318117788218845,0.01591437854260125,3.141592653589793,0.0,[47]
78,15,0.18763137596846535,0.01691107026049221,3.141592653589793,0.0,[61]
88,16,0.1903227079259192,0.01629811470653697,3.141592653589793,0.0,[78]
96,17,0.19708248770957393,0.016897937113776185,3.141592653589793,0.0,[88]
106,17,0.210084715721214,0.000900192215036455,3.141592653589793,0.0,[88]
112,18,0.2195468095351909,0.021453627267492892,3.141592653589793,0.0,[96]
118,18,0.2230653761177579,0.004160633971423744,3.141592653589793,0.0,[ 96 106]
130,19,0.23035169346265194,0.0010231646264302618,0.0,0.0,[118]
146,19,0.2432208991207282,0.0135211453640256,3.141592653589793,0.0,[112 118]
158,20,0.24917769698026193,0.005703723358136514,0.0,0.0,[130]
159,20,0.25018693439726436,0.016027174990670856,3.141592653589793,0.0,[130 146]
164,20,0.2509899840064872,0.0021349120293914225,0.0,0.0,[130]
167,21,0.25270117941190084,0.017618474256856476,3.141592653589793,0.0,[159]
169,21,0.2557592556292271,0.0035298098497621444,0.0,0.0,[158 164]
183,22,0.26990429633793334,0.002298184934927172,0.0,0.0,[169]
189,22,0.2742888530099672,0.013338024807893256,0.0,0.0,[169]
201,22,0.28177832592499874,0.01575605568830052,3.141592653589793,0.0,[167 169]
212,22,0.28837956481806126,0.03201760384762198,3.141592653589793,0.0,[167]
213,23,0.2888352368119277,0.015490472295096258,0.0,0.0,[183 189]
232,23,0.3001948272564612,0.02112057879579854,3.141592653589793,0.0,[183 201 212]
249,23,0.3075815308283598,0.044458963122870565,3.141592653589793,0.0,[212]
250,23,0.3080481142421909,0.05024002179467113,3.141592653589793,0.0,[212]
231,24,0.30017816310618073,0.026111774732577864,0.0,0.0,[213]
236,24,0.30269690459048226,0.022704063351702386,0.0,0.0,[213]
237,24,0.30278951973365886,0.019381252268026783,0.0,0.0,[213]
255,24,0.3128496068619975,0.02080154626938524,3.141592653589793,0.0,[232]
278,24,0.32726270677693137,0.05856065676205224,3.141592653589793,0.0,[249 250]
280,24,0.33034954527517535,0.04682370903760025,3.141592653589793,0.0,[232 249 250]
284,25,0.3330068571310396,0.04040065269960469,0.0,0.0,[231 236 237]
294,25,0.33834550787765216,0.03197108678547134,3.141592653589793,0.0,[255]
363,25,0.37196196341522125,0.06857924814579763,3.141592653589793,0.0,[255 278 280]
290,26,0.3358694389315633,0.039855555757732475,0.0,0.0,[284]
387,26,0.3851863340647965,0.07219129855993944,3.141592653589793,0.0,[294 363]
344,27,0.3641863044142676,0.03141222840809765,0.0,0.0,[290]
412,27,0.3940833413439845,0.07144583677483252,3.141592653589793,0.0,[387]
370,28,0.37602868574571724,0.02017077048545346,0.0,0.0,[344]
431,28,0.4038253282918147,0.07954702245034773,3.141592653589793,0.0,[412]
443,29,0.4100618056857518,0.0794732683791477,3.141592653589793,0.0,[431]
470,29,0.42268253396250255,0.015215360063958627,0.0,0.0,[370]
459,30,0.41641892916054646,0.07936020650412434,3.141592653589793,0.0,[443]
478,30,0.42567511132771474,0.012462876541210921,0.0,0.0,[470]
465,31,0.42129659483654913,0.07448937070263728,3.141592653589793,0.0,[459]
542,31,0.4481176718866158,0.009842424741537181,3.141592653589793,0.0,[478]
495,32,0.4312703883323947,0.08415949191010641,3.141592653589793,0.0,[465]
507,32,0.43611941139469,0.06734594129957894,3.141592653589793,0.0,[465]
513,32,0.43799672659299094,0.06414115045509672,3.141592653589793,0.0,[465]
561,32,0.4544364760844901,0.009377117112101319,3.141592653589793,0.0,[542]
573,32,0.46093412646788223,0.036496309148881245,3.141592653589793,0.0,[465]
579,33,0.4628998109147513,0.07277363845642149,3.141592653589793,0.0,[495 507 513]
582,33,0.46337081677977543,0.0028189608936520782,3.141592653589793,0.0,[561]
596,33,0.4703974782133463,0.09408858535115028,3.141592653589793,0.0,[495 507 513]
605,33,0.4742021390755258,0.03868527092062202,3.141592653589793,0.0,[507 513 573]
584,34,0.4647206652144552,0.003409161640230085,3.141592653589793,0.0,[582]
590,34,0.46627590131263097,0.0052224606959216935,3.141592653589793,0.0,[582]
631,34,0.48351936821083896,0.10650257719171141,3.141592653589793,0.0,[596]
654,34,0.495875788920245,0.06701852290643717,3.141592653589793,0.0,[579]
666,34,0.5006547832155359,0.041005883619372185,3.141592653589793,0.0,[579 605]
638,35,0.48773382507071184,0.0016177951189139117,0.0,0.0,[584 590]
659,35,0.498774170377404,0.09206601937366488,3.141592653589793,0.0,[631]
665,35,0.5004270671180101,0.09009624435937447,3.141592653589793,0.0,[631]
674,35,0.5048665199306858,0.10419375986109258,3.141592653589793,0.0,[631]
676,35,0.5057590985734444,0.0334831412082468,3.141592653589793,0.0,[584 590]
677,35,0.5063692314811588,0.10163611339599654,3.141592653589793,0.0,[631]
694,35,0.5135312760398127,0.07462263415430626,3.141592653589793,0.0,[654]
697,35,0.5142743423820266,0.04269862989911144,3.141592653589793,0.0,[584 590 666]
703,35,0.5155505787700145,0.045593538891231855,3.141592653589793,0.0,[584 590 666]
688,36,0.5122794930895657,0.09776108576293163,3.141592653589793,0.0,[659 665 674 677]
693,36,0.5132447176218208,0.08990786321911204,3.141592653589793,0.0,[659 665]
696,36,0.5138613214006528,0.08395056690433988,3.141592653589793,0.0,[659 665]
707,36,0.5166797595176299,0.02155164992933678,3.141592653589793,0.0,[638]
711,36,0.517866912443788,0.017002596646729984,3.141592653589793,0.0,[638]
716,36,0.5197595364872295,0.0766447509092274,3.141592653589793,0.0,[659 665 694]
755,36,0.5312062953923486,0.037443439513688115,3.141592653589793,0.0,[638 676 697 703]
736,37,0.5268383802846628,0.019768636977982368,3.141592653589793,0.0,[707 711]
759,37,0.5320923810207978,0.037610755348919445,3.141592653589793,0.0,[755]
774,37,0.5374632556227908,0.07471232224914304,3.141592653589793,0.0,[688 693 696 716]
781,38,0.5431070343746865,0.029702483364259735,3.141592653589793,0.0,[736 759]
803,38,0.5521458274005344,0.07920090158854276,3.141592653589793,0.0,[774]
794,39,0.5479905036751197,0.0331339313566158,3.141592653589793,0.0,[781]
796,39,0.5482235694950567,0.03171767887937471,3.141592653589793,0.0,[781]
815,39,0.5600591034099743,0.07974743300226272,3.141592653589793,0.0,[803]
827,39,0.5662067423687799,0.08786377561431236,3.141592653589793,0.0,[803]
869,40,0.5893284851906526,0.08638926766622212,3.141592653589793,0.0,[815 827]
870,40,0.5893582202530805,0.03871797804385402,3.141592653589793,0.0,[794 796]
906,41,0.6029302240322884,0.09164251584872773,3.141592653589793,0.0,[869]
921,41,0.6114972319015965,0.03061634586542672,3.141592653589793,0.0,[870]
946,42,0.6260515537224284,0.03535324088630032,3.141592653589793,0.0,[921]
960,42,0.6323767820429954,0.09997501387439955,3.141592653589793,0.0,[906]
966,43,0.6344872665963703,0.03514045857928483,3.141592653589793,0.0,[946]
988,43,0.6438075175845106,0.10661694780194353,3.141592653589793,0.0,[960]
978,44,0.6401521207451235,0.03631009861273227,3.141592653589793,0.0,[966]
1037,44,0.680666151439412,0.09302429812779511,3.141592653589793,0.0,[988]
1017,45,0.6651971750349615,0.05722142217761084,3.141592653589793,0.0,[978]
1051,45,0.6881962662277181,0.08801507389690122,3.141592653589793,0.0,[1037]
1064,46,0.6982629913674223,0.08216511626523348,3.141592653589793,0.0,[1017 1051]
1078,47,0.7048801963312687,0.08308061075001771,3.141592653589793,0.0,[1064]
1088,48,0.7115640469135615,0.08803746337639007,3.141592653589793,0.0,[1078]
1108,48,0.7217935189685754,0.07618027377368064,3.141592653589793,0.0,[1078]
1118,49,0.727414474811863,0.07995105149311454,3.141592653589793,0.0,[1088 1108]
1130,50,0.7422525204142566,0.07869267616964004,3.141592653589793,0.0,[1118]
1133,50,0.7446164602992159,0.08616966571577445,3.141592653589793,0.0,[1118]
1145,51,0.7559025102734667,0.07949248002836007,3.141592653589793,0.0,[1130 1133]
1146,51,0.7559667630309077,0.08324496942415205,3.141592653589793,0.0,[1130 1133]
1147,51,0.7562305335566537,0.0805027395450909,3.141592653589793,0.0,[1130 1133]
1159,52,0.7600147724040994,0.08558742985387713,3.141592653589793,0.0,[1146]
1171,52,0.7654155261460975,0.07741263733246995,3.141592653589793,0.0,[1145 1146 1147]
1170,53,0.7653168753595174,0.08855811961305649,3.141592653589793,0.0,[1159]
1175,53,0.7698654218082426,0.07588048537246372,3.141592653589793,0.0,[1159 1171]
1193,54,0.7779304730169637,0.07516693507122707,3.141592653589793,0.0,[1175]
1200,54,0.7852904064881123,0.09066761529305334,3.141592653589793,0.0,[1170 1175]
1211,55,0.7995103375747054,0.08042028689717928,3.141592653589793,0.0,[1193 1200]
1220,56,0.8088754285969751,0.07128685905856402,3.141592653589793,0.0,[1211]
1241,57,0.8324255725262684,0.06193063502362317,3.141592653589793,0.0,[1220]
1242,57,0.8338037109485639,0.04779097019652945,3.141592653589793,0.0,[1220]
1255,58,0.8532100989292087,0.04643208923808695,3.141592653589793,0.0,[1241 1242]
1262,59,0.8615444121750867,0.03814225217098488,3.141592653589793,0.0,[1255]
1272,60,0.8781805089436393,0.0513923251136813,3.141592653589793,0.0,[1262]
1291,60,0.9145111572977673,0.00791226267429801,0.0,0.0,[1262]
1286,61,0.8992486098984326,0.0362449074226151,3.141592653589793,0.0,[1272]
1292,61,0.9170095862666253,0.014921174951995075,3.141592653589793,0.0,[1272]
1293,61,0.9177981536441154,0.008118064096414135,0.0,0.0,[1291]
1290,62,0.9073760591487914,0.04008211040380194,3.141592653589793,0.0,[1286]
1300,62,0.9488189714350398,0.015147150544786658,0.0,0.0,[1292 1293]
1294,63,0.923427093198974,0.037907971339073976,3.141592653589793,0.0,[1290]
1297,63,0.9342915691185535,0.01800273812255415,3.141592653589793,0.0,[1290]
1303,63,0.9508587078765985,0.015950516570015227,0.0,0.0,[1300]
1299,64,0.9443812393831895,0.04382446330881573,3.141592653589793,0.0,[1294]
1301,64,0.9488917496042357,0.027451428045002335,3.141592653589793,0.0,[1294 1297]
1304,64,0.9597122274707046,0.009241139674853072,3.141592653589793,0.0,[1294 1297]
1305,64,0.9614277383965877,0.008135208853785825,0.0,0.0,[1297 1303]
1302,65,0.9500813379901423,0.038609956640699994,3.141592653589793,0.0,[1299]
1307,65,0.9763632039066936,0.003134817065992501,3.141592653589793,0.0,[1301 1304 1305]
1308,66,0.9764716046215758,0.018194725742737727,3.141592653589793,0.0,[1302]
1309,66,0.9838235913112334,0.002609040653693495,0.0,0.0,[1307]
1310,67,1.0,0.0,3.141592653589793,0.0,[1308 1309]
0,0,0.0,0.0,3.141592653589793,0.0,[]
1,1,0.02209062489400382,0.006030684751644699,0.0,0.0,[0]
2,2,0.030791742449529536,0.0013824449719411769,3.141592653589793,0.0,[1]
5,3,0.041964397210510485,0.007624392849340578,0.0,0.0,[2]
7,4,0.04974864280524638,0.014861509891203939,0.0,0.0,[5]
8,4,0.053638609826760275,0.00875942936983043,0.0,0.0,[5]
9,4,0.057244831686459,0.004349357570652579,0.0,0.0,[5]
11,5,0.05979272242584022,0.0058861747675810205,0.0,0.0,[7 8 9]
18,6,0.07876879347916221,0.012294334068510437,0.0,0.0,[11]
25,7,0.09933430119438413,0.019510258543654513,0.0,0.0,[18]
47,8,0.12304098324007162,0.011841766011493782,0.0,0.0,[25]
55,9,0.12991565556807694,0.012990487081139035,0.0,0.0,[47]
77,10,0.16332010391684493,0.0157191473908318,3.141592653589793,0.0,[55]
88,11,0.17284722996415658,0.00892837922699985,3.141592653589793,0.0,[77]
102,12,0.18867167572697308,0.02396757732333954,3.141592653589793,0.0,[88]
105,12,0.19100453360095038,0.009284456875777947,3.141592653589793,0.0,[88]
124,13,0.20430466106137812,0.029882577821203515,3.141592653589793,0.0,[102]
126,13,0.20516366822897825,0.03936274503219084,3.141592653589793,0.0,[102]
128,13,0.2072200367582897,0.02132245109728781,3.141592653589793,0.0,[102 105]
147,14,0.2264233582359445,0.03091237253448509,3.141592653589793,0.0,[124 126 128]
149,14,0.22812508577403823,0.014498118304462682,3.141592653589793,0.0,[124 128]
162,14,0.23461243414300603,0.044988398379298244,3.141592653589793,0.0,[124 126 128]
179,15,0.2541744272969142,0.03761967663785182,3.141592653589793,0.0,[147 149 162]
202,16,0.2672490934306835,0.04967746498106007,3.141592653589793,0.0,[179]
215,17,0.2733548813650635,0.053735662548460295,3.141592653589793,0.0,[202]
241,18,0.2878021851674798,0.05973668908925178,3.141592653589793,0.0,[215]
260,19,0.2973589186333142,0.06330781909482852,3.141592653589793,0.0,[241]
296,20,0.3183803280606816,0.06896553618473533,3.141592653589793,0.0,[260]
298,20,0.31928494426318565,0.0741469089908966,3.141592653589793,0.0,[260]
310,21,0.3266490864387541,0.07710234977504993,3.141592653589793,0.0,[296 298]
356,22,0.3484292177848901,0.08232304432520365,3.141592653589793,0.0,[310]
368,22,0.3562055552573632,0.09409777916652295,3.141592653589793,0.0,[310]
378,23,0.36286838489926176,0.09618759810161048,3.141592653589793,0.0,[356 368]
380,23,0.36540140165504487,0.08393121426430761,3.141592653589793,0.0,[356]
384,23,0.36786708773458887,0.08822981268497088,3.141592653589793,0.0,[356 368]
391,24,0.3733947403249779,0.08754277220399498,3.141592653589793,0.0,[378 380 384]
392,24,0.3738752192348559,0.08323197977258268,3.141592653589793,0.0,[380 384]
416,25,0.3846007564740972,0.08992673073877933,3.141592653589793,0.0,[391 392]
424,26,0.3923575841113959,0.09570100643485835,3.141592653589793,0.0,[416]
465,27,0.41200734388226434,0.0945204379068394,3.141592653589793,0.0,[424]
472,28,0.4157395890531276,0.09224540889588695,3.141592653589793,0.0,[465]
480,29,0.4208473859539126,0.09282537272109315,3.141592653589793,0.0,[472]
486,30,0.42552195667079673,0.08817077631519377,3.141592653589793,0.0,[480]
506,31,0.43443558146474337,0.08801198465775961,3.141592653589793,0.0,[486]
546,32,0.4506247146346063,0.07833337610930435,3.141592653589793,0.0,[506]
564,33,0.4587329004580152,0.07917818220992867,3.141592653589793,0.0,[546]
599,33,0.4726551979882053,0.0633010707846503,3.141592653589793,0.0,[546]
623,34,0.48440146097063286,0.0611631726924764,3.141592653589793,0.0,[564 599]
653,35,0.49708091833690593,0.05094721854895279,3.141592653589793,0.0,[623]
654,35,0.4972086551002479,0.05204285291387456,3.141592653589793,0.0,[623]
665,36,0.5009273354461465,0.05463308287237867,3.141592653589793,0.0,[653 654]
706,37,0.5186378835435599,0.07120287983828988,3.141592653589793,0.0,[665]
718,38,0.5231651310018591,0.06826378369309516,3.141592653589793,0.0,[706]
752,39,0.5344281536389107,0.06794574979141899,3.141592653589793,0.0,[718]
778,39,0.5456646148052793,0.05211014038375916,3.141592653589793,0.0,[718]
785,40,0.5491680672561576,0.0801439397668583,3.141592653589793,0.0,[752]
809,40,0.55614908024091,0.059430450073397534,3.141592653589793,0.0,[752 778]
832,40,0.5652563312437201,0.03326339018057822,3.141592653589793,0.0,[778]
853,41,0.5751552363968097,0.02858598813035984,3.141592653589793,0.0,[832]
861,41,0.5780393381313633,0.05261904807439721,3.141592653589793,0.0,[785 809]
883,42,0.5844566821246232,0.04760850941786121,3.141592653589793,0.0,[861]
891,42,0.5881060531242087,0.02503143560520804,3.141592653589793,0.0,[853]
901,42,0.5925609726648737,0.029985567767159882,3.141592653589793,0.0,[853]
912,43,0.6024779840200064,0.04565040869674797,3.141592653589793,0.0,[883]
939,43,0.6137167657719651,0.019989352644861236,3.141592653589793,0.0,[883 891 901]
975,44,0.6308446265465819,0.01959651995420808,3.141592653589793,0.0,[912 939]
994,45,0.6448858537594389,0.020417416839752844,3.141592653589793,0.0,[975]
1023,46,0.6622823487673135,0.020997448706779664,3.141592653589793,0.0,[994]
1044,47,0.6765026382301517,0.010615299427061076,3.141592653589793,0.0,[1023]
1057,48,0.6857725014173939,0.007935973891858294,3.141592653589793,0.0,[1044]
1071,48,0.6917722679218473,0.019447871569856834,3.141592653589793,0.0,[1044]
1103,49,0.7152157045840699,0.02017227398545607,3.141592653589793,0.0,[1057 1071]
1110,50,0.722372959585036,0.024752905446091322,3.141592653589793,0.0,[1103]
1151,51,0.7505704944958155,0.016424287029171092,3.141592653589793,0.0,[1110]
1160,52,0.7625521059517524,0.01195438491274492,3.141592653589793,0.0,[1151]
1170,53,0.7690813198637838,0.006953105842636531,3.141592653589793,0.0,[1160]
1182,53,0.7737332811908036,0.014574002124955299,3.141592653589793,0.0,[1160]
1189,54,0.778886796413364,0.019564001538329934,3.141592653589793,0.0,[1182]
1190,54,0.7810188640027729,0.017211830549005547,3.141592653589793,0.0,[1170 1182]
1192,54,0.7824736132159239,0.005801000108390686,3.141592653589793,0.0,[1170]
1202,55,0.7965092514832831,0.00583366007719921,3.141592653589793,0.0,[1189 1190 1192]
1213,56,0.8085419018251107,0.013564742740271751,3.141592653589793,0.0,[1202]
1219,57,0.8166746062416484,0.015875101417433757,3.141592653589793,0.0,[1213]
1237,58,0.8361664550896626,0.001277784896114409,0.0,0.0,[1219]
1248,59,0.8481800140819205,0.01309778041519516,0.0,0.0,[1237]
1257,60,0.8551470348629913,0.013766730973904684,0.0,0.0,[1248]
1268,61,0.8708985124067626,0.02604688036073144,0.0,0.0,[1257]
1273,62,0.8813593679523358,0.031242446907385535,0.0,0.0,[1268]
1277,63,0.8884400251596605,0.02579314063095617,0.0,0.0,[1273]
1288,64,0.9060809051721794,0.040478995549803276,0.0,0.0,[1277]
1290,65,0.9188263382213769,0.04370832279688597,0.0,0.0,[1288]
1291,65,0.923285362949137,0.04870387859782177,0.0,0.0,[1288]
1294,66,0.9294147848646905,0.050351944763084355,0.0,0.0,[1290 1291]
1296,67,0.9371313471661394,0.045215719340905625,0.0,0.0,[1294]
1301,68,0.948420930035144,0.047995700494433025,0.0,0.0,[1296]
1309,69,0.9876700551934233,0.01130976606909373,0.0,0.0,[1301]
1310,70,1.0,0.0,3.141592653589793,0.0,[1309]
0,0,0.0,0.0,3.141592653589793,0.0,[]
1,1,0.013682072573425463,0.004110283374213708,3.141592653589793,0.0,[0]
3,2,0.030122565961749337,0.018834234320075804,3.141592653589793,0.0,[1]
5,3,0.03754233553672137,0.020860630865463192,3.141592653589793,0.0,[3]
7,3,0.05052623401905476,0.007416183870952331,3.141592653589793,0.0,[3]
11,4,0.07593333919888601,0.059134064892975347,3.141592653589793,0.0,[5]
15,4,0.089381026030396,0.032244495139414964,3.141592653589793,0.0,[5 7]
25,5,0.1044402590057143,0.04636505456951068,3.141592653589793,0.0,[11 15]
33,6,0.1130255427953657,0.04075105649946953,3.141592653589793,0.0,[25]
37,7,0.12060129005401543,0.03487912039568575,3.141592653589793,0.0,[33]
41,8,0.1264469658911288,0.03286690322661179,3.141592653589793,0.0,[37]
48,9,0.13892930772665646,0.02252016968626802,3.141592653589793,0.0,[41]
72,10,0.16786207907895,0.019179572746306994,3.141592653589793,0.0,[48]
78,11,0.17894075358766848,0.02866702448434011,3.141592653589793,0.0,[72]
109,12,0.20782537578721194,0.011978591086259871,3.141592653589793,0.0,[78]
141,13,0.23577534868186,0.013847486742365356,0.0,0.0,[109]
142,14,0.23737628420353307,0.015059239126095636,0.0,0.0,[141]
167,15,0.2531302447328396,0.03059666491542634,0.0,0.0,[142]
211,16,0.28146858626621385,0.03214547198300599,0.0,0.0,[167]
231,17,0.2928082776727209,0.040157434675897496,0.0,0.0,[211]
244,18,0.30442220143070475,0.043135222805352647,0.0,0.0,[231]
279,19,0.32685006133799077,0.04092888075842238,0.0,0.0,[244]
290,20,0.330556421915727,0.040860869413579914,0.0,0.0,[279]
300,21,0.3407425680448033,0.04605652574811825,0.0,0.0,[290]
306,22,0.34460973230430936,0.048617262799473426,0.0,0.0,[300]
337,23,0.3637077347277988,0.06640072760740545,0.0,0.0,[306]
340,23,0.36491141998211685,0.042868828282115246,0.0,0.0,[306]
369,24,0.37823074755869956,0.042414522182064984,0.0,0.0,[340]
371,24,0.3793358125765255,0.07460633284459228,0.0,0.0,[337]
400,25,0.394466577417935,0.08355149863858424,0.0,0.0,[371]
403,25,0.3958201524489673,0.03358862906540949,0.0,0.0,[369]
404,25,0.3967171174207491,0.031619492081697675,0.0,0.0,[369]
405,25,0.3970081146852479,0.05770904589100989,0.0,0.0,[369 371]
410,25,0.4005613062788259,0.04319161173316899,0.0,0.0,[369]
412,26,0.40085669028548765,0.07784614548141788,0.0,0.0,[400]
426,26,0.4083378192767979,0.06274300953182599,0.0,0.0,[405]
438,26,0.4138962184645665,0.04542422648256905,0.0,0.0,[403 404 405 410]
441,27,0.41528859250576,0.04572679861693296,0.0,0.0,[438]
445,27,0.4175587582698608,0.06616050594744938,0.0,0.0,[412 426]
489,28,0.43395361768808427,0.037126408017391865,0.0,0.0,[441]
494,28,0.4388331089643963,0.06236561054413692,0.0,0.0,[441 445]
515,29,0.44696231607177583,0.06866287596341158,0.0,0.0,[494]
552,29,0.46118479362795073,0.04517347800146243,0.0,0.0,[489 494]
558,30,0.46276499383026726,0.06342880525448769,0.0,0.0,[515]
595,30,0.47909332939719484,0.04298704033512535,0.0,0.0,[515 552]
564,31,0.465399162026339,0.06514134912295422,0.0,0.0,[558]
601,31,0.48164678200621247,0.04102646671763144,0.0,0.0,[595]
657,32,0.5043466460961727,0.03831370383095445,0.0,0.0,[564 601]
722,33,0.528781447181559,0.03304945996446618,0.0,0.0,[657]
727,34,0.5304415382548557,0.03156171156753107,0.0,0.0,[722]
765,35,0.5451597541845945,0.03826032162537307,0.0,0.0,[727]
784,35,0.5535837927890555,0.01963583935968205,0.0,0.0,[727]
771,36,0.5471200554819576,0.03687365299334355,0.0,0.0,[765]
798,36,0.5586132365767824,0.024433807736348734,0.0,0.0,[784]
837,37,0.5755748238180742,0.023839156742595402,0.0,0.0,[771 798]
872,38,0.5964941844329669,0.024631919158222493,0.0,0.0,[837]
879,39,0.5998415267397265,0.027923385579131432,0.0,0.0,[872]
930,40,0.6215153978832165,0.021679796676747687,0.0,0.0,[879]
967,41,0.6439524861664409,0.005331328304297833,0.0,0.0,[930]
981,42,0.6516034385385304,0.00945076650897081,0.0,0.0,[967]
984,42,0.6528569647967937,0.010890279921232482,0.0,0.0,[967]
998,43,0.662135699995504,0.01633267770089497,0.0,0.0,[981 984]
1001,43,0.6626089877768846,0.018916868706590595,0.0,0.0,[981 984]
1021,44,0.6708957713414535,0.0218000581029395,0.0,0.0,[ 998 1001]
1048,45,0.6828270684176881,0.021121751771263964,0.0,0.0,[1021]
1049,45,0.6843278682700313,0.018720494626078832,0.0,0.0,[1021]
1090,46,0.7150329228165232,0.018916836915914392,0.0,0.0,[1048 1049]
1092,47,0.716293239085929,0.019069342494460795,0.0,0.0,[1090]
1112,48,0.7265686320885091,0.025790253290849052,0.0,0.0,[1092]
1131,49,0.7362147683095476,0.022583720806369945,0.0,0.0,[1112]
1141,49,0.7416276182995336,0.028474146766035213,0.0,0.0,[1112]
1154,50,0.7542318849289941,0.03502910732599385,0.0,0.0,[1131 1141]
1194,51,0.7879983536682561,0.06521636534143582,0.0,0.0,[1154]
1200,52,0.7968265681670749,0.07261329355289636,0.0,0.0,[1194]
1212,53,0.8042771140152113,0.07506605473365213,0.0,0.0,[1200]
1216,54,0.8109044246882875,0.0759340647099157,0.0,0.0,[1212]
1235,55,0.827223171682494,0.08191764355651843,0.0,0.0,[1216]
1243,56,0.8373335747641104,0.08561485699512139,0.0,0.0,[1235]
1244,57,0.8390974902724007,0.0860965403930446,0.0,0.0,[1243]
1251,58,0.849532854482104,0.08492024559324485,0.0,0.0,[1244]
1254,58,0.8501122553045412,0.09253612719360638,0.0,0.0,[1244]
1264,59,0.8600691663200393,0.08626016685491011,0.0,0.0,[1251 1254]
1270,60,0.864764086529695,0.08378667205273926,0.0,0.0,[1264]
1291,61,0.8960287933261344,0.05296620250241579,0.0,0.0,[1270]
1296,62,0.9150666083783089,0.0653417226889953,0.0,0.0,[1291]
1298,63,0.9182249603744478,0.06708077579010197,0.0,0.0,[1296]
1303,63,0.9443371581399763,0.03683719808231867,0.0,0.0,[1296]
1309,64,0.9714235706485173,0.021549323583175517,0.0,0.0,[1298 1303]
1310,65,1.0,0.0,3.141592653589793,0.0,[1309]
0,0,0.0,0.0,3.141592653589793,0.0,[]
1,1,0.03320902458735708,0.008605885026826132,0.0,0.0,[0]
2,1,0.034132540244479204,0.016558577291606258,0.0,0.0,[0]
3,1,0.038687594624024046,0.03544507293320509,0.0,0.0,[0]
4,2,0.04563731620838429,0.0019360788520979,3.141592653589793,0.0,[1]
5,2,0.04772539568274348,0.006285059078294131,0.0,0.0,[1 2]
6,2,0.050357308861085914,0.03423482455646076,0.0,0.0,[3]
10,3,0.0696242139083042,0.029237532005613853,0.0,0.0,[6]
13,3,0.07207583678183138,0.014156524998232167,0.0,0.0,[4 5 6]
15,4,0.07797778158002089,0.036160763981637034,0.0,0.0,[10]
16,4,0.08149066781718672,0.019171475643891878,0.0,0.0,[10 13]
18,5,0.09337546198111912,0.025348806761288478,0.0,0.0,[15 16]
20,6,0.09454310100247398,0.024950296316360587,0.0,0.0,[18]
27,7,0.10865093499563472,0.021430951135091414,0.0,0.0,[20]
35,8,0.1213743048349274,0.031658041452996666,0.0,0.0,[27]
39,8,0.1304345385889163,0.041903293745531256,0.0,0.0,[27]
50,9,0.1572356724626267,0.025555213357239537,0.0,0.0,[35 39]
53,10,0.15904645585405353,0.024928603343524314,0.0,0.0,[50]
66,11,0.17512655444099468,0.0167931751022824,0.0,0.0,[53]
81,12,0.18825589735435666,0.00425986559033853,0.0,0.0,[66]
96,12,0.20000867695459845,0.04020488597550731,0.0,0.0,[66]
102,12,0.20418462466549414,0.03075230804793927,0.0,0.0,[66]
113,13,0.21800032150092985,0.0048188446058347045,0.0,0.0,[81]
114,13,0.21806912754502505,0.032194485414978935,0.0,0.0,[ 81  96 102]
123,14,0.22717783774866218,0.0020848179620919227,0.0,0.0,[113]
130,14,0.2318131623074826,0.015659961791936405,0.0,0.0,[113]
145,14,0.23696454258087996,0.03581938338326951,0.0,0.0,[114]
141,15,0.23618670727851565,0.006141774557280599,3.141592653589793,0.0,[123]
155,15,0.2458940936282754,0.02721214290630336,0.0,0.0,[130 145]
158,15,0.24838242407054056,0.03486351269857213,0.0,0.0,[145]
149,16,0.24232806846617194,0.008130261036307984,3.141592653589793,0.0,[141]
161,16,0.2501436777241819,0.02565336170265986,0.0,0.0,[155]
164,16,0.25097327826244986,0.03688337959151933,0.0,0.0,[158]
157,17,0.24739038977880068,0.012366766145063601,3.141592653589793,0.0,[149]
177,17,0.2572788118301593,0.00538098903392803,0.0,0.0,[149]
233,17,0.29611361012782267,0.06955506496884589,0.0,0.0,[161 164]
194,18,0.2714693845984639,0.001065417885002251,3.141592653589793,0.0,[157 177]
202,18,0.27650534789173775,0.029952982892785696,3.141592653589793,0.0,[157]
242,18,0.30026555596584537,0.07000654210528001,0.0,0.0,[233]
206,19,0.27906040505784624,0.004662297190672238,3.141592653589793,0.0,[194]
244,19,0.3006993505200001,0.04032815096346731,3.141592653589793,0.0,[202]
253,19,0.30674490198155124,0.06484505402589225,0.0,0.0,[242]
241,20,0.29921881895524005,0.008940034890351223,0.0,0.0,[206]
259,20,0.30993845214881155,0.042443435417920616,3.141592653589793,0.0,[244]
274,20,0.31931123799262795,0.06797981441268208,0.0,0.0,[253]
256,21,0.30715070576029047,0.0019323747916271117,0.0,0.0,[241]
257,21,0.30749801500971463,0.007016171927557879,0.0,0.0,[241]
284,21,0.32524357436262163,0.06336757079670519,0.0,0.0,[274]
319,21,0.3379528685661831,0.06930491108569514,3.141592653589793,0.0,[259]
295,22,0.32953123902086434,0.06097728835506211,0.0,0.0,[284]
297,22,0.3317415821873554,0.009487354876855592,3.141592653589793,0.0,[256 257]
342,22,0.35494545010714706,0.08108811658830872,3.141592653589793,0.0,[319]
310,23,0.3349195323416042,0.065216701928144,0.0,0.0,[295]
311,23,0.33590317027153394,0.011674821662830404,3.141592653589793,0.0,[297]
373,23,0.3749524045971009,0.08347887132310061,3.141592653589793,0.0,[342]
332,24,0.35019919706909797,0.021679831134241323,3.141592653589793,0.0,[311]
335,24,0.35273646428098193,0.013467259394152276,3.141592653589793,0.0,[311]
343,24,0.3550834884538018,0.029453580189259254,3.141592653589793,0.0,[311]
358,24,0.3645068102408232,0.03980257617308458,0.0,0.0,[310]
384,24,0.37895882656093416,0.0868432824522396,3.141592653589793,0.0,[373]
367,25,0.36870046619009866,0.04057058546515813,0.0,0.0,[358]
376,25,0.37662640686328597,0.029127688719320588,3.141592653589793,0.0,[332 335 343]
386,25,0.3792720635223621,0.03493189162054511,3.141592653589793,0.0,[332 335 343]
391,25,0.3810571370480367,0.007429086281054986,0.0,0.0,[332 335]
393,25,0.3813653611353066,0.014029270434886554,0.0,0.0,[335]
395,25,0.3823147645391679,0.0036616605952455306,0.0,0.0,[332 335]
409,25,0.3899762641233807,0.0800775433331885,3.141592653589793,0.0,[384]
419,25,0.398268755270614,0.06156176484797338,3.141592653589793,0.0,[332 343]
388,26,0.37992707364292333,0.050405494421320696,0.0,0.0,[367]
389,26,0.3808759085357025,0.03639480604251144,0.0,0.0,[367]
390,26,0.3809373720334628,0.04644339152220611,0.0,0.0,[367]
414,26,0.39404300193098485,0.03813679720395091,3.141592653589793,0.0,[376 386]
416,26,0.39615655784692216,0.08353301580504935,3.141592653589793,0.0,[409]
442,26,0.41117993461753566,0.06694621878876794,3.141592653589793,0.0,[409 419]
444,26,0.41161731729300044,0.005529674651999494,0.0,0.0,[367 376 391 393 395]
440,27,0.4104507278628533,0.056957321644794834,0.0,0.0,[388 389 390]
453,27,0.41517827865216084,0.03440642563427254,3.141592653589793,0.0,[414]
459,27,0.4171532808328743,0.0656102630084775,3.141592653589793,0.0,[416 442]
461,27,0.4176476227607008,0.0057295360299951525,0.0,0.0,[389 444]
482,27,0.4263707633143151,0.025640524711370793,0.0,0.0,[388 389 390]
483,28,0.4292330869621619,0.05881347481688404,0.0,0.0,[440]
486,28,0.4310755074145993,0.029109950838084986,0.0,0.0,[482]
490,28,0.43489235633945966,0.007309119441701206,3.141592653589793,0.0,[461]
492,28,0.43576831883397404,0.001720747179700055,0.0,0.0,[461]
493,28,0.43590966844155776,0.0528184659964952,3.141592653589793,0.0,[453 459]
515,29,0.445338258464811,0.043743989271679995,3.141592653589793,0.0,[493]
527,29,0.4486681578048819,0.04717285093620882,3.141592653589793,0.0,[493]
531,29,0.45157847652733674,0.04558485976779936,0.0,0.0,[483 486]
532,29,0.4521400895392952,0.054936622533150126,3.141592653589793,0.0,[493]
539,29,0.4538300166437409,0.001018857663871997,3.141592653589793,0.0,[490 492]
545,29,0.4552241675891995,0.06860039668816786,3.141592653589793,0.0,[493]
554,29,0.45831184002885694,0.03031599790205497,3.141592653589793,0.0,[490]
556,29,0.45906517724079154,0.01706263418264642,3.141592653589793,0.0,[490 492]
564,30,0.4609583208429907,0.0698247399256191,3.141592653589793,0.0,[545]
565,30,0.4623345969585462,0.05447118080357083,3.141592653589793,0.0,[515 527 532]
580,30,0.4687505116395353,0.010436055460495308,0.0,0.0,[539]
588,30,0.47168420331221095,0.014730454141056226,3.141592653589793,0.0,[539 556]
592,30,0.47364206574055245,0.034715812767819876,3.141592653589793,0.0,[515 527 532 554]
611,30,0.48108147460881934,0.03850738289835831,0.0,0.0,[531]
616,31,0.4815064531884111,0.0680708071303503,3.141592653589793,0.0,[564 565]
627,31,0.48849174198948364,0.029826170245354833,3.141592653589793,0.0,[565 588 592]
630,31,0.49000452191809474,0.015472522073327055,3.141592653589793,0.0,[588]
631,31,0.49104871941009576,0.007585481156609397,0.0,0.0,[580]
674,31,0.5042195204288864,0.032211054209402845,0.0,0.0,[580 611]
642,32,0.4951122962704365,0.059748749834864,3.141592653589793,0.0,[616]
677,32,0.5056849171828736,0.04691634284765789,3.141592653589793,0.0,[616 627]
686,32,0.509382306909927,0.03704634069710122,3.141592653589793,0.0,[627]
697,32,0.5127252009546446,0.02608056881325893,0.0,0.0,[631 674]
724,32,0.5241687858835187,0.009994297604679514,3.141592653589793,0.0,[627 630 631]
680,33,0.506581492642789,0.06977981576748593,3.141592653589793,0.0,[642]
687,33,0.5094637000306791,0.05855027714088468,3.141592653589793,0.0,[642]
728,33,0.5245589342309497,0.04130368467901835,3.141592653589793,0.0,[642 677 686]
755,33,0.535977088723327,0.027589898684538094,0.0,0.0,[697]
757,33,0.5374889901829969,0.04762466264323517,0.0,0.0,[697]
787,33,0.54912345343981,0.004684560584310882,0.0,0.0,[697 724]
721,34,0.5233186706225794,0.056457354435898166,3.141592653589793,0.0,[680 687]
774,34,0.5438990466843733,0.025988461876558122,3.141592653589793,0.0,[687 728]
791,34,0.5501816116095329,0.02829011449712815,0.0,0.0,[755]
798,34,0.5534692678783715,0.03399580566195626,0.0,0.0,[755 757]
830,34,0.5705983971989286,0.00677142584283541,0.0,0.0,[755 787]
756,35,0.536967122065338,0.04819941870782807,3.141592653589793,0.0,[721]
801,35,0.5552605658115146,0.01649834383293558,3.141592653589793,0.0,[774]
843,35,0.5737135306428355,0.042414775029259055,0.0,0.0,[791 798]
856,35,0.5783883403162653,0.020946397180668486,0.0,0.0,[791 798]
861,35,0.5821480908305307,0.017015595420867613,0.0,0.0,[791 798 830]
822,36,0.5646729251061015,0.025588095456620996,3.141592653589793,0.0,[756 801]
877,36,0.5902463828946743,0.03110411548517078,0.0,0.0,[843 856]
879,36,0.5909659828445161,0.011347707983374589,0.0,0.0,[801 856 861]
901,37,0.6010944122454436,0.01874047349368191,0.0,0.0,[879]
902,37,0.6012640669460113,0.029220876496524495,0.0,0.0,[877]
911,37,0.6056628238947275,0.005617789719865818,0.0,0.0,[822 879]
915,37,0.6071080460781957,0.0074487747706197815,0.0,0.0,[822 879]
923,38,0.6105765701118581,0.025656882379485824,0.0,0.0,[901 902]
932,38,0.6162977220415015,0.011535553788855513,0.0,0.0,[901 911 915]
934,38,0.6166484619550859,0.004680623998596811,0.0,0.0,[901 911 915]
950,39,0.6264916993405887,0.012253358733631092,0.0,0.0,[923 932 934]
955,39,0.628723163044103,0.0034473990825460987,3.141592653589793,0.0,[934]
987,40,0.64455184815973,0.015091672098094255,3.141592653589793,0.0,[955]
992,40,0.6465228426392329,0.00997560331799452,0.0,0.0,[950 955]
1030,41,0.6711623567683438,0.0010624124138145508,3.141592653589793,0.0,[987 992]
1038,42,0.6753926981699517,0.0006648930906365536,0.0,0.0,[1030]
1057,43,0.6869876460822951,0.010970301332912102,0.0,0.0,[1038]
1071,44,0.6950894415527638,0.0042460482641774044,0.0,0.0,[1057]
1102,45,0.7134643802373115,0.016497428518473023,0.0,0.0,[1071]
1105,45,0.7147820371749749,0.014977617558199707,0.0,0.0,[1071]
1109,46,0.7162817614768501,0.014513881874121726,0.0,0.0,[1102 1105]
1127,47,0.7318655480523584,0.0006218294573275829,3.141592653589793,0.0,[1109]
1155,48,0.7509518810271323,0.0191547428846226,3.141592653589793,0.0,[1127]
1173,49,0.7619019861805376,0.012041037820077483,3.141592653589793,0.0,[1155]
1184,50,0.7707731099509095,0.018860835541230414,3.141592653589793,0.0,[1173]
1202,51,0.7825870894418764,0.010526942966238684,3.141592653589793,0.0,[1184]
1222,52,0.802034811398645,0.008483163452506326,0.0,0.0,[1202]
1226,52,0.8056328844013266,0.01048017006282953,3.141592653589793,0.0,[1202]
1227,53,0.8093554461761888,0.0126642856659831,3.141592653589793,0.0,[1226]
1231,53,0.8176677624362907,0.01885653470037263,0.0,0.0,[1222]
1236,53,0.8201988100171678,0.023695881177610678,3.141592653589793,0.0,[1226]
1242,54,0.8319616644128314,0.018499965896247916,0.0,0.0,[1231]
1246,54,0.8361436710004688,0.015941484330680433,3.141592653589793,0.0,[1227 1236]
1248,54,0.8369965654891879,0.013104005985377198,0.0,0.0,[1227 1231]
1271,55,0.8636154546856863,0.012874717436452632,3.141592653589793,0.0,[1242 1246 1248]
1272,56,0.865004126018043,0.01410177203451779,3.141592653589793,0.0,[1271]
1277,57,0.8745132746254523,0.01543891181723378,3.141592653589793,0.0,[1272]
1286,58,0.8953240808875177,0.01608031160399226,3.141592653589793,0.0,[1277]
1294,59,0.9286597521159778,0.016625380363510023,3.141592653589793,0.0,[1286]
1301,60,0.9437617237759507,0.007992208794452171,3.141592653589793,0.0,[1294]
1307,61,0.9605112126948172,0.003481745752959897,3.141592653589793,0.0,[1301]
1308,62,0.9740300500357638,0.008813862295376396,3.141592653589793,0.0,[1307]
1309,63,0.9858929838284535,0.010781002919476035,3.141592653589793,0.0,[1308]
1310,64,1.0,0.0,3.141592653589793,0.0,[1309]
0,0,0.0,0.0,3.141592653589793,0.0,[]
1,1,0.02499316670578655,0.0036272153832980214,0.0,0.0,[0]
2,1,0.03336884364349135,0.02423499472466828,0.0,0.0,[0]
3,1,0.03349153804065519,0.016979437770335726,3.141592653589793,0.0,[0]
4,2,0.036113767146244924,0.019115739452179148,3.141592653589793,0.0,[3]
5,2,0.039363336984134634,0.01729988954653161,0.0,0.0,[1]
6,2,0.04079773848795609,0.025803249610024892,0.0,0.0,[2]
9,3,0.05245876920185655,0.010218832636200381,3.141592653589793,0.0,[4]
10,3,0.056887059046844324,0.011769401975771254,0.0,0.0,[5 6]
11,3,0.05821802094476414,0.039998119485906924,0.0,0.0,[6]
12,3,0.06108295427795063,0.033616388652644935,0.0,0.0,[5 6]
14,4,0.06563134003951543,0.01786924498988607,0.0,0.0,[10]
15,4,0.06673347261871099,0.00027045473773401607,3.141592653589793,0.0,[9]
20,4,0.08325254716440267,0.05247017016396971,0.0,0.0,[11 12]
18,5,0.08126796745919929,0.014068274624114196,0.0,0.0,[14 15]
26,5,0.0902209696291787,0.04648430346706389,0.0,0.0,[20]
29,6,0.09340485552005873,0.024584995344707483,0.0,0.0,[18]
36,6,0.10407573499038658,0.0509835118934554,0.0,0.0,[26]
54,7,0.1360454686906556,0.0419847964199237,0.0,0.0,[29 36]
56,8,0.13913034528019508,0.03908226608179488,0.0,0.0,[54]
69,9,0.1606566277684589,0.05161639176374788,0.0,0.0,[56]
86,10,0.17987485695780325,0.04704812750720311,0.0,0.0,[69]
96,11,0.19459040736307442,0.055011515537852995,0.0,0.0,[86]
106,12,0.20793624188315263,0.0647963253196796,0.0,0.0,[96]
117,13,0.2174314758133009,0.0698130772112916,0.0,0.0,[106]
133,14,0.2333710987891091,0.055631339855868656,0.0,0.0,[117]
144,15,0.23978326012121554,0.0530645198943398,0.0,0.0,[133]
160,16,0.25288820990145866,0.050780071144377215,0.0,0.0,[144]
198,17,0.2828833346730246,0.07377229781542283,0.0,0.0,[160]
200,18,0.2835434473038896,0.07406599731190133,0.0,0.0,[198]
224,19,0.3070365099339011,0.09067374273031059,0.0,0.0,[200]
272,20,0.33589338536665425,0.09358709343171046,0.0,0.0,[224]
309,21,0.3565050503244218,0.07867527097552784,0.0,0.0,[272]
319,22,0.36316591665133235,0.08409835188880321,0.0,0.0,[309]
326,23,0.3662479613297691,0.08713349083787458,0.0,0.0,[319]
341,24,0.3750486144750268,0.07965411485070595,0.0,0.0,[326]
390,25,0.3983651026405377,0.07954658481541743,0.0,0.0,[341]
391,25,0.400650533468738,0.062123994290216644,0.0,0.0,[341]
417,26,0.41337570445714056,0.05483680909992972,0.0,0.0,[391]
441,26,0.4230583102851423,0.07598496044936676,0.0,0.0,[390 391]
445,26,0.4253948116321452,0.08484785981484488,0.0,0.0,[390 391]
428,27,0.4189031308913551,0.05034241004653661,0.0,0.0,[417]
459,27,0.4316255264718525,0.08126201411653267,0.0,0.0,[441 445]
472,28,0.43735040454818463,0.05719380307597055,0.0,0.0,[428]
477,28,0.43879595396527715,0.07824642489532396,0.0,0.0,[459]
537,29,0.46418228632668246,0.06227352981955503,0.0,0.0,[472 477]
568,30,0.47560034211087276,0.06910367968966336,0.0,0.0,[537]
579,31,0.4782901555964164,0.06771738420107898,0.0,0.0,[568]
620,32,0.4955465435608173,0.07426145496898295,0.0,0.0,[579]
638,33,0.5009418688809092,0.07851829979418412,0.0,0.0,[620]
684,34,0.5194803528999931,0.066863611105072,0.0,0.0,[638]
704,35,0.5291011579586921,0.06085132209316746,0.0,0.0,[684]
734,36,0.543689435589487,0.05680296121118045,0.0,0.0,[704]
754,37,0.5523317995186061,0.061621940533776565,0.0,0.0,[734]
759,37,0.5541085924335957,0.05878092794765144,0.0,0.0,[734]
847,38,0.5882213310771558,0.07228744977358081,0.0,0.0,[754 759]
872,39,0.5968285608449215,0.06636127036278971,0.0,0.0,[847]
942,40,0.6329105334591162,0.04969921908538677,0.0,0.0,[872]
962,41,0.6421371576286995,0.0533113778618437,0.0,0.0,[942]
979,42,0.6526490179439633,0.0559043686239421,0.0,0.0,[962]
1024,43,0.6681437551446187,0.05511823551108874,0.0,0.0,[979]
1051,44,0.6858718552591124,0.06630349346514197,0.0,0.0,[1024]
1065,45,0.6940282465369114,0.06478134641338995,0.0,0.0,[1051]
1079,46,0.7033753178151657,0.06067315076812119,0.0,0.0,[1065]
1085,46,0.7061934794514481,0.05513690574333874,0.0,0.0,[1065]
1094,47,0.7123582458799228,0.06026365186196492,0.0,0.0,[1079 1085]
1107,48,0.7250428911190443,0.06315308938140374,0.0,0.0,[1094]
1112,49,0.7283799407736111,0.06543014800978098,0.0,0.0,[1107]
1113,50,0.7303310748864932,0.06673165466532505,0.0,0.0,[1112]
1117,51,0.7340202332839763,0.06418063932280316,0.0,0.0,[1113]
1123,51,0.7373980734053932,0.06910507842794367,0.0,0.0,[1113]
1138,52,0.7462055362983526,0.05433066958782973,0.0,0.0,[1117]
1142,52,0.7501427524961862,0.0806724278194565,0.0,0.0,[1123]
1148,53,0.7535630401457923,0.08287669912064477,0.0,0.0,[1142]
1155,53,0.7595566667191939,0.06507294885586201,0.0,0.0,[1138]
1178,53,0.778434874231969,0.03898456727902655,0.0,0.0,[1138]
1184,54,0.7862664248442269,0.06736424735184621,0.0,0.0,[1148 1155]
1192,54,0.7974958242310703,0.055178471295965315,0.0,0.0,[1148 1155 1178]
1196,55,0.7984663511448891,0.07227679566704048,0.0,0.0,[1184]
1199,55,0.7996424432834325,0.05375919400337659,0.0,0.0,[1192]
1224,56,0.8219285572743323,0.05913630227543121,0.0,0.0,[1196 1199]
1226,56,0.8240970414924356,0.045443598860768764,0.0,0.0,[1199]
1233,57,0.8326104503263435,0.052102070605337336,0.0,0.0,[1224 1226]
1244,58,0.84411533224462,0.04209372550368773,0.0,0.0,[1233]
1252,59,0.8520902661199287,0.042209514463188214,0.0,0.0,[1244]
1264,60,0.8714707077941398,0.038393800585491134,0.0,0.0,[1252]
1271,61,0.8888045399796052,0.04577079482757118,0.0,0.0,[1264]
1278,62,0.8993717271281557,0.043592121570715014,0.0,0.0,[1271]
1282,63,0.906345866673708,0.049839713327991864,0.0,0.0,[1278]
1287,64,0.9176386451711351,0.058688277309355996,0.0,0.0,[1282]
1288,65,0.9190211153496426,0.059475909022727924,0.0,0.0,[1287]
1304,66,0.9559776022376171,0.027130775104287963,0.0,0.0,[1288]
1309,67,0.9838224068749797,0.012829196341821558,0.0,0.0,[1304]
1310,68,1.0,0.0,3.141592653589793,0.0,[1309]
0,0,0.0,0.0,3.141592653589793,0.0,[]
1,1,0.015963650242370564,0.003042205902504036,0.0,0.0,[0]
2,1,0.02505891375782321,0.011415046988670574,3.141592653589793,0.0,[0]
3,1,0.0271057118950635,0.014209469472074354,3.141592653589793,0.0,[0]
4,2,0.03179608431167236,0.006180840524883213,3.141592653589793,0.0,[1 2]
5,2,0.032492569035448726,0.010636519440513359,3.141592653589793,0.0,[1 2 3]
6,2,0.03521542357596552,0.01831804646713109,3.141592653589793,0.0,[2 3]
10,3,0.06443234283898425,0.0037299134593045125,0.0,0.0,[4 5 6]
14,4,0.07603274318956832,0.0046318478160817245,3.141592653589793,0.0,[10]
16,4,0.08519677108230994,0.022459648197527993,0.0,0.0,[10]
21,5,0.09354097092271563,0.02841956113064159,0.0,0.0,[16]
23,5,0.09493406275816241,0.020359150630217315,0.0,0.0,[16]
26,5,0.10616872224973528,0.00036144870018561814,0.0,0.0,[14]
28,5,0.10724643971395642,0.005767539371947739,0.0,0.0,[14 16]
33,6,0.11114888272146917,0.0045055210725207795,0.0,0.0,[23 26 28]
37,6,0.11357559986365373,0.030447472641333184,0.0,0.0,[21 23]
38,6,0.11470126602145692,0.009569067544610066,0.0,0.0,[21 23 28]
51,7,0.1417146568369395,0.010396000253448778,0.0,0.0,[33 37 38]
58,8,0.15835139461177827,0.0014199348719372562,3.141592653589793,0.0,[51]
65,9,0.17211439272364282,0.0022794627611857354,0.0,0.0,[58]
70,10,0.17864409353688693,0.0006682068544981989,0.0,0.0,[65]
90,11,0.1946166768544495,0.01041824014968984,3.141592653589793,0.0,[70]
97,12,0.20117518313089688,0.008048861458858192,3.141592653589793,0.0,[90]
98,13,0.20170213184151387,0.007852610781961644,3.141592653589793,0.0,[97]
119,14,0.223621418700369,0.004777377723574783,3.141592653589793,0.0,[98]
120,14,0.22428340690655846,0.029983976110348864,3.141592653589793,0.0,[98]
134,15,0.23397394970753072,0.014912459359694763,3.141592653589793,0.0,[119]
141,15,0.23645091135777085,0.008688697369285125,3.141592653589793,0.0,[119]
144,15,0.23898652698120915,0.02038072520069445,3.141592653589793,0.0,[120]
147,15,0.24263061756488524,0.04242855582740257,3.141592653589793,0.0,[120]
154,16,0.24692317313465062,0.013517136644297767,3.141592653589793,0.0,[134 141 144]
175,16,0.2591557617078124,0.05638362845008671,3.141592653589793,0.0,[147]
163,17,0.25150302385768497,0.017763650124638097,3.141592653589793,0.0,[154]
192,17,0.27030657274251757,0.06617803712061088,3.141592653589793,0.0,[175]
195,18,0.2719064373075425,0.03684098873311514,3.141592653589793,0.0,[163]
199,18,0.2746083482114119,0.008446635090131771,3.141592653589793,0.0,[163]
211,18,0.2813055569580172,0.0702487105375531,3.141592653589793,0.0,[192]
209,19,0.28018623827407896,0.009627254927389695,3.141592653589793,0.0,[199]
230,19,0.2884326863210033,0.06413065048506938,3.141592653589793,0.0,[211]
234,19,0.28925048590646674,0.05270701876505923,3.141592653589793,0.0,[195]
237,20,0.29142831944930336,0.01752073079030292,3.141592653589793,0.0,[209]
252,20,0.30331709327579015,0.05496323825969762,3.141592653589793,0.0,[230 234]
274,21,0.31834351084763524,0.04353893472546699,3.141592653589793,0.0,[237 252]
299,22,0.3326071939386761,0.04646595875589887,3.141592653589793,0.0,[274]
319,23,0.340694332030126,0.03872024815811592,3.141592653589793,0.0,[299]
332,24,0.35030402403676963,0.03782345806876075,3.141592653589793,0.0,[319]
350,25,0.35907310252834657,0.04039825792948082,3.141592653589793,0.0,[332]
360,26,0.36363366554356413,0.04219131788199337,3.141592653589793,0.0,[350]
400,27,0.38311667759295465,0.033898073289174824,3.141592653589793,0.0,[360]
402,27,0.3842441122748662,0.022228061409961697,3.141592653589793,0.0,[360]
415,28,0.3891298380912517,0.0347643458828274,3.141592653589793,0.0,[400]
421,28,0.39207465666134567,0.02485681740887713,3.141592653589793,0.0,[402]
471,29,0.41545199144642486,0.021877788050935543,3.141592653589793,0.0,[415 421]
478,29,0.4173767759034517,0.042098665694797255,3.141592653589793,0.0,[415 421]
532,30,0.4379474795679372,0.04047131479760002,3.141592653589793,0.0,[471 478]
541,31,0.44103010957276545,0.0413050208137834,3.141592653589793,0.0,[532]
546,32,0.4426457256183963,0.04077792419421877,3.141592653589793,0.0,[541]
559,33,0.44871464354874235,0.03943300215118717,3.141592653589793,0.0,[546]
596,34,0.4643514407371946,0.03986933331482134,3.141592653589793,0.0,[559]
648,35,0.4862650018660478,0.023220097317530386,3.141592653589793,0.0,[596]
650,36,0.48733446083974463,0.02224405120045725,3.141592653589793,0.0,[648]
687,37,0.5012950085103937,0.03467722818197749,3.141592653589793,0.0,[650]
753,38,0.5310013437392104,0.060751722150786946,3.141592653589793,0.0,[687]
787,39,0.5448444186817036,0.05360092263920169,3.141592653589793,0.0,[753]
806,40,0.5512962852203389,0.04888066468843122,3.141592653589793,0.0,[787]
823,41,0.5607248391578029,0.041572809105381525,3.141592653589793,0.0,[806]
846,42,0.5703575955721022,0.03994205192814859,3.141592653589793,0.0,[823]
885,43,0.5919179569841088,0.02851975896283332,3.141592653589793,0.0,[846]
904,44,0.6041227661870204,0.026473112152467504,3.141592653589793,0.0,[885]
907,45,0.6051573215492165,0.025485221298840788,3.141592653589793,0.0,[904]
938,46,0.6206491881711536,0.03762251824420326,3.141592653589793,0.0,[907]
961,47,0.6263526974016563,0.03604537931110763,3.141592653589793,0.0,[938]
967,48,0.6320514508531886,0.03819758315969546,3.141592653589793,0.0,[961]
986,49,0.6428865028199076,0.047214059899453265,3.141592653589793,0.0,[967]
988,49,0.6442874480636028,0.028010969816925746,3.141592653589793,0.0,[967]
1017,49,0.659039076512165,0.013011461347447795,3.141592653589793,0.0,[967]
996,50,0.648920716140411,0.048343826315497496,3.141592653589793,0.0,[986]
1004,50,0.6539898878562898,0.04292395210528399,3.141592653589793,0.0,[986]
1032,50,0.6683526557598444,0.026574670790037613,3.141592653589793,0.0,[986 988]
1033,50,0.6686300619280616,0.013256449805542081,3.141592653589793,0.0,[ 988 1017]
1050,51,0.6786329447782105,0.046030299434858035,3.141592653589793,0.0,[ 996 1004]
1051,51,0.6797832103533588,0.016558045400179022,3.141592653589793,0.0,[1032 1033]
1069,52,0.6971879975124705,0.031571969656886356,3.141592653589793,0.0,[1050 1051]
1106,53,0.7198815149579759,0.009071084433538212,3.141592653589793,0.0,[1069]
1117,54,0.7274124752135035,0.0015555236705484532,3.141592653589793,0.0,[1106]
1121,55,0.7307043010966835,0.0010557415936087722,0.0,0.0,[1117]
1131,56,0.7358219713606224,0.002137561268446553,3.141592653589793,0.0,[1121]
1165,57,0.7642731676402968,0.025820248152835346,0.0,0.0,[1131]
1166,57,0.7647672869465046,0.026661405205816058,0.0,0.0,[1131]
1175,58,0.773290754784959,0.019851292428347045,0.0,0.0,[1165 1166]
1187,59,0.7853430366884907,0.027409617787324314,0.0,0.0,[1175]
1188,60,0.7876199027190585,0.02544366615871474,0.0,0.0,[1187]
1210,61,0.8065836402021334,0.03379660443660859,0.0,0.0,[1188]
1236,62,0.8363561540358667,0.012071364436736065,0.0,0.0,[1210]
1244,63,0.8410251859885176,0.01436025760397075,0.0,0.0,[1236]
1252,64,0.8497961957047636,0.00652711728785671,0.0,0.0,[1244]
1261,65,0.8654668914368743,0.002911369990792334,3.141592653589793,0.0,[1252]
1274,66,0.8801733885386516,0.015678507953257204,3.141592653589793,0.0,[1261]
1281,67,0.8916414840018605,0.006402161241440885,3.141592653589793,0.0,[1274]
1288,67,0.9104725409137122,0.029507354571721822,3.141592653589793,0.0,[1274]
1289,67,0.9117532492353301,0.030875275268779645,3.141592653589793,0.0,[1274]
1295,68,0.9239102275985799,0.01956834673505503,3.141592653589793,0.0,[1281 1288 1289]
1299,69,0.933537014893207,0.026136895662172144,3.141592653589793,0.0,[1295]
1300,70,0.9370313243624507,0.0260949159971563,3.141592653589793,0.0,[1299]
1302,71,0.9400830813501609,0.025204862682982943,3.141592653589793,0.0,[1300]
1305,72,0.9559310372662834,0.0169802224330885,3.141592653589793,0.0,[1302]
1308,73,0.9767187977755422,0.0026073402521806788,3.141592653589793,0.0,[1305]
1309,73,0.9785389712266455,0.00012410271096174874,3.141592653589793,0.0,[1305]
1310,74,1.0,0.0,3.141592653589793,0.0,[1308 1309]
0,0,0.0,0.0,3.141592653589793,0.0,[]
2,1,0.023106908591446595,0.0094493574611334,0.0,0.0,[0]
4,1,0.02976256276726552,0.02435189063171528,3.141592653589793,0.0,[0]
7,1,0.04825771509076182,0.04793099898447317,3.141592653589793,0.0,[0]
3,2,0.025185401420571907,0.009919108212231076,0.0,0.0,[2]
6,2,0.03770689090957735,0.024997850959962986,3.141592653589793,0.0,[4]
9,2,0.06471181279271987,0.0540134220092805,3.141592653589793,0.0,[4 7]
5,3,0.03512841088011154,0.013194682043680572,0.0,0.0,[3]
12,3,0.08562115525911651,0.0612832523105209,3.141592653589793,0.0,[6 9]
8,4,0.05174361043463438,0.003310009863700003,3.141592653589793,0.0,[5]
10,4,0.06617279809346555,0.033339368490903576,0.0,0.0,[5]
15,4,0.08969426643499001,0.060139595970271076,3.141592653589793,0.0,[12]
13,5,0.08777670042491914,0.046879695701578905,0.0,0.0,[10]
16,5,0.09228585228122044,0.011455109148395981,0.0,0.0,[ 8 10]
19,5,0.10257324431786885,0.02957772532828229,3.141592653589793,0.0,[8]
24,5,0.1181138415103864,0.08834808365596059,3.141592653589793,0.0,[15]
21,6,0.11150662637834241,0.029365633336599584,3.141592653589793,0.0,[19]
29,6,0.12454473339727212,0.015360858524133936,0.0,0.0,[13 16]
40,6,0.14180507027580447,0.08450392294084663,3.141592653589793,0.0,[24]
45,6,0.15069258727372348,0.09411296457846952,3.141592653589793,0.0,[24]
30,7,0.12493120599762508,0.034002399246966686,3.141592653589793,0.0,[21]
33,7,0.13046490367163832,0.013480175978794806,0.0,0.0,[29]
50,7,0.15815683328140517,0.09687568002272373,3.141592653589793,0.0,[40 45]
36,8,0.13477440769513704,0.038362019823198645,3.141592653589793,0.0,[30]
42,8,0.14544105427107523,0.01920971859305498,0.0,0.0,[33]
57,8,0.17253570755979997,0.10300865647987412,3.141592653589793,0.0,[50]
49,9,0.15583834769162375,0.025738650389716233,0.0,0.0,[42]
65,9,0.17714160681049074,0.07602427536049494,3.141592653589793,0.0,[36]
66,9,0.17719680513213532,0.10632001387870182,3.141592653589793,0.0,[57]
58,10,0.1726378116386018,0.03817251908816088,0.0,0.0,[49]
78,10,0.19409582257398772,0.07968036084379049,3.141592653589793,0.0,[65]
80,10,0.19757348570144972,0.11896107834023206,3.141592653589793,0.0,[66]
68,11,0.17911825473734977,0.043993123059515415,0.0,0.0,[58]
86,11,0.20148409589069127,0.1197583661983378,3.141592653589793,0.0,[80]
88,11,0.20231950910605379,0.07240152574843317,3.141592653589793,0.0,[78]
92,12,0.2048553850768362,0.07472901500293183,3.141592653589793,0.0,[88]
99,12,0.21124879605793057,0.05358661875951254,0.0,0.0,[68]
106,12,0.2199882262994366,0.1016862533125451,3.141592653589793,0.0,[86]
116,12,0.23100113011039036,0.11481288081603902,3.141592653589793,0.0,[86]
117,13,0.23293361147266867,0.0586742771491755,0.0,0.0,[99]
118,13,0.2371384725332646,0.10012610088981677,3.141592653589793,0.0,[ 92 106]
119,13,0.2374265699816298,0.10548952010659629,3.141592653589793,0.0,[ 92 106]
124,13,0.24820784665982387,0.12742220326780995,3.141592653589793,0.0,[106 116]
130,14,0.2521148338516933,0.10852444586177656,3.141592653589793,0.0,[118 119]
140,14,0.25790450210456695,0.04609306148103787,0.0,0.0,[117]
149,14,0.2631331456688354,0.12022266742580534,3.141592653589793,0.0,[118 119 124]
157,14,0.2681322956590263,0.07514506061696447,0.0,0.0,[117]
152,15,0.26477771767192737,0.04843820070422755,0.0,0.0,[140]
160,15,0.2726066184385951,0.12273204537980686,3.141592653589793,0.0,[130 149]
163,15,0.2746580384918007,0.07485889685652147,0.0,0.0,[157]
172,16,0.2769612760968416,0.12192512215959084,3.141592653589793,0.0,[160]
187,16,0.28813107147347006,0.06691238087760432,0.0,0.0,[152 163]
203,17,0.30142334804942184,0.07059448201132246,0.0,0.0,[187]
210,17,0.30793710339249114,0.1270442848537623,3.141592653589793,0.0,[172]
225,17,0.315569834893913,0.13557541489960867,3.141592653589793,0.0,[172]
239,17,0.32213165837469915,0.14772827190190252,3.141592653589793,0.0,[172]
247,17,0.32477644384396787,0.1506166655490958,3.141592653589793,0.0,[172]
248,17,0.3249973864414899,0.15371372130084515,3.141592653589793,0.0,[172]
211,18,0.3079673308758508,0.07414817379423544,0.0,0.0,[203]
244,18,0.32399289445913804,0.13654647201547832,3.141592653589793,0.0,[210 225]
262,18,0.33414116497268675,0.14865981731059696,3.141592653589793,0.0,[210 225 239 247 248]
229,19,0.31708964535138795,0.07849660418147342,0.0,0.0,[211]
266,19,0.3357445856077502,0.13514107603715264,3.141592653589793,0.0,[244]
299,19,0.3550933148684202,0.15553237369451356,3.141592653589793,0.0,[244 262]
269,20,0.3372083404651365,0.08949633954841263,0.0,0.0,[229]
280,20,0.3413536740491637,0.07048104405952438,0.0,0.0,[229]
333,20,0.371769635773076,0.15727983345936858,3.141592653589793,0.0,[266 299]
314,21,0.36179171957542366,0.05889683789288758,0.0,0.0,[280]
320,21,0.36371541891523307,0.09309270446767604,0.0,0.0,[269]
327,21,0.3684131587827725,0.08790247291963438,0.0,0.0,[269 280]
344,21,0.37666086952385136,0.16130951572512886,3.141592653589793,0.0,[333]
358,22,0.38295301369873946,0.03924249068273278,0.0,0.0,[314]
385,22,0.3930609307265036,0.06460685525516252,0.0,0.0,[314 320 327]
389,22,0.3941945810745757,0.07085701473410877,0.0,0.0,[314 320 327]
400,22,0.4001478393530762,0.17549001851681034,3.141592653589793,0.0,[344]
402,23,0.40186144106089783,0.0664583651270727,0.0,0.0,[385 389]
408,23,0.4044888808410908,0.1727879586567227,3.141592653589793,0.0,[400]
420,23,0.408247693016509,0.02456525026308065,0.0,0.0,[358]
424,23,0.4098491956028125,0.014613080788391408,0.0,0.0,[358]
414,24,0.4064023573945157,0.06984728709956067,0.0,0.0,[402]
430,24,0.413934700456667,0.024350592906433044,0.0,0.0,[420]
433,24,0.41515598088463146,0.025968020783281753,0.0,0.0,[420]
436,24,0.41783988864159083,0.011497134615886972,0.0,0.0,[424]
438,24,0.41806809309545645,0.051771376111817924,0.0,0.0,[402]
443,24,0.4208912325368216,0.1625185937187006,3.141592653589793,0.0,[408]
441,25,0.4198026632642411,0.011775748577326217,0.0,0.0,[436]
447,25,0.4222668486102167,0.048563527354841374,0.0,0.0,[438]
448,25,0.4224457243044909,0.162155676764823,3.141592653589793,0.0,[443]
458,25,0.4260500311309623,0.022109927179774336,0.0,0.0,[430 433]
479,25,0.4359261156657277,0.06379241763605392,0.0,0.0,[414 438]
478,26,0.435889241713747,0.02346795002399782,0.0,0.0,[441 458]
498,26,0.44248540502183487,0.15499817333394106,3.141592653589793,0.0,[448]
526,26,0.4558559842369343,0.04518370190104648,0.0,0.0,[441 447 458 479]
549,27,0.46547426527008595,0.13509845919645402,3.141592653589793,0.0,[498]
550,27,0.4659417131218483,0.0494720518571522,0.0,0.0,[478 526]
560,28,0.4704582142763787,0.04823480921979484,0.0,0.0,[550]
565,28,0.4745064318663489,0.12830858744849383,3.141592653589793,0.0,[549]
578,29,0.48210901714525534,0.13203619438183067,3.141592653589793,0.0,[565]
582,29,0.48285260975026933,0.051799501114023316,0.0,0.0,[560]
588,29,0.4856360350507418,0.11905058092733622,3.141592653589793,0.0,[565]
600,29,0.4920347021969037,0.04152945403383024,0.0,0.0,[560]
616,29,0.49885396833831286,0.028087142895072414,0.0,0.0,[560]
627,29,0.5033485656084552,0.018398699478289093,0.0,0.0,[560]
637,29,0.5054485298623399,0.014872191728488193,0.0,0.0,[560]
608,30,0.4970143853408219,0.041332534544185506,0.0,0.0,[582 600]
621,30,0.5010861640855825,0.1260772394043883,3.141592653589793,0.0,[578 588]
629,30,0.5038763865263185,0.1326106367114146,3.141592653589793,0.0,[578 588]
631,30,0.504095864015597,0.10969195067277837,3.141592653589793,0.0,[588]
634,30,0.5046882543303699,0.02638607984132013,0.0,0.0,[616]
653,30,0.5122581541071688,0.14334074605752312,3.141592653589793,0.0,[578 588]
668,30,0.5177260829039012,0.011520196230704216,0.0,0.0,[616 627 637]
685,30,0.5238020286901645,0.004437401034078525,0.0,0.0,[616 627 637]
686,31,0.5238562669993194,0.1354723627923463,3.141592653589793,0.0,[621 629 653]
697,31,0.5277741946274443,0.12974779664051994,3.141592653589793,0.0,[621 629 631 653]
705,31,0.5316680456948103,0.007792156534159322,0.0,0.0,[608 634 668 685]
709,31,0.53323022491069,0.15754888690441105,3.141592653589793,0.0,[621 629 653]
715,32,0.5360567347531996,0.1291833975588762,3.141592653589793,0.0,[686 697]
717,32,0.5367806592731945,0.13305180767801272,3.141592653589793,0.0,[686 697]
721,32,0.5375262458236821,0.1596731980397772,3.141592653589793,0.0,[709]
722,32,0.5381190745783904,0.13626778294674113,3.141592653589793,0.0,[686 697]
751,32,0.5506391576616702,0.0030115304815303556,3.141592653589793,0.0,[705]
745,33,0.5486506275103082,0.15839091142540496,3.141592653589793,0.0,[721]
763,33,0.5544836013370311,0.1200187792799744,3.141592653589793,0.0,[715 717 722]
780,33,0.5592711138104727,0.005167850276175057,3.141592653589793,0.0,[751]
781,33,0.5599003796884099,0.11284056154755007,3.141592653589793,0.0,[715 717]
785,34,0.5619143359111057,0.14899899241644943,3.141592653589793,0.0,[745]
790,34,0.563024218167977,0.15332810253843976,3.141592653589793,0.0,[745]
804,34,0.5681642944851424,0.1291684621757413,3.141592653589793,0.0,[763]
811,34,0.5701977462534898,0.011774483361261745,3.141592653589793,0.0,[780]
829,34,0.5762445595055161,0.11212676168950864,3.141592653589793,0.0,[763 781]
825,35,0.5745880382436164,0.014209512058058538,3.141592653589793,0.0,[811]
869,35,0.5940462285337562,0.09502545234938486,3.141592653589793,0.0,[829]
880,35,0.598940130949671,0.1045000403974975,3.141592653589793,0.0,[804 829]
888,35,0.6035488311569556,0.15136376853509925,3.141592653589793,0.0,[785 790 804]
893,35,0.604394447010187,0.16761445932916275,3.141592653589793,0.0,[785 790]
848,36,0.5845601210189496,0.019517022299201492,3.141592653589793,0.0,[825]
891,36,0.604121949910875,0.10471360680552044,3.141592653589793,0.0,[869 880]
914,36,0.6166935406399101,0.15637956793522245,3.141592653589793,0.0,[888 893]
900,37,0.6106403278893825,0.10317334968808378,3.141592653589793,0.0,[891]
906,37,0.6143072200268659,0.03332904066766762,3.141592653589793,0.0,[848]
940,37,0.6306040319034288,0.16844525096795893,3.141592653589793,0.0,[914]
911,38,0.6156025920172854,0.034360034522367244,3.141592653589793,0.0,[906]
954,38,0.6398484209859736,0.0871116868296995,3.141592653589793,0.0,[900]
955,38,0.6400511221291173,0.08565144798617275,3.141592653589793,0.0,[900]
957,38,0.6422685908060461,0.17873769460537348,3.141592653589793,0.0,[940]
925,39,0.6209821866110937,0.030290941653265624,3.141592653589793,0.0,[911]
970,39,0.6464638158188315,0.08694578554396581,3.141592653589793,0.0,[954 955]
985,39,0.6543898714316091,0.17431544245676567,3.141592653589793,0.0,[957]
942,40,0.6324063017683892,0.03646009530141514,3.141592653589793,0.0,[925]
944,40,0.6338438769379918,0.027883395656183363,3.141592653589793,0.0,[925]
993,40,0.6586926129976605,0.07918929137917052,3.141592653589793,0.0,[970]
1013,40,0.6667988512997383,0.09850283774065849,3.141592653589793,0.0,[970]
1014,40,0.6681743462810332,0.17058056150640843,3.141592653589793,0.0,[985]
1016,40,0.6697255993148375,0.10258738890378483,3.141592653589793,0.0,[970]
1021,40,0.6768708235112895,0.1610014536720582,3.141592653589793,0.0,[985]
966,41,0.6453991490112921,0.0271576698606264,3.141592653589793,0.0,[942 944]
1038,41,0.6823762846593989,0.1571287888803662,3.141592653589793,0.0,[1014 1021]
1039,41,0.6833020914883489,0.18277111333092322,3.141592653589793,0.0,[1014]
1042,41,0.6861154269007691,0.1694944872560893,3.141592653589793,0.0,[1014 1021]
1045,41,0.6898808793160035,0.10158636441613289,3.141592653589793,0.0,[ 993 1013 1016]
983,42,0.6518935944855233,0.02193157092033382,3.141592653589793,0.0,[966]
1047,42,0.692619622526548,0.1600263676654302,3.141592653589793,0.0,[1038]
1051,42,0.6948720220032989,0.10652049049686796,3.141592653589793,0.0,[1045]
1059,42,0.698890468155749,0.17586818445293861,3.141592653589793,0.0,[1039 1042]
1071,42,0.7019903899933096,0.14199579195605772,3.141592653589793,0.0,[1038]
1006,43,0.6644744210554818,0.028687772827224234,3.141592653589793,0.0,[983]
1026,43,0.6793747101713958,0.0034445568248570035,0.0,0.0,[983]
1077,43,0.7075426994721787,0.10020667707039854,3.141592653589793,0.0,[1051]
1102,43,0.7197411959988466,0.15548645130189276,3.141592653589793,0.0,[1047 1059 1071]
1055,44,0.6958044599768299,0.027645915952617228,3.141592653589793,0.0,[1006]
1061,44,0.6990835694590211,0.02034527371371031,0.0,0.0,[1026]
1062,44,0.6990916057262637,0.018416973697077954,0.0,0.0,[1026]
1085,44,0.7112836051274425,0.10293776213231531,3.141592653589793,0.0,[1077]
1104,44,0.7221603523316088,0.15520777693511412,3.141592653589793,0.0,[1102]
1080,45,0.7087455510269266,0.027506150450219424,3.141592653589793,0.0,[1055]
1088,45,0.7126692610707089,0.02547376603410978,0.0,0.0,[1061 1062]
1133,45,0.7506142921082422,0.13537422491697237,3.141592653589793,0.0,[1085 1104]
1106,46,0.7232172476411325,0.0337667529041753,3.141592653589793,0.0,[1080]
1110,46,0.7319316612998658,0.04847470001801879,3.141592653589793,0.0,[1080]
1117,46,0.7365453700930886,0.011694903027314574,0.0,0.0,[1088]
1135,46,0.7561225805544965,0.13120574042012123,3.141592653589793,0.0,[1133]
1127,47,0.74210437176212,0.05810949132826848,3.141592653589793,0.0,[1110]
1138,47,0.7575555487969808,0.027302540140995757,0.0,0.0,[1117]
1143,47,0.7655560138108051,0.12853151616037262,3.141592653589793,0.0,[1135]
1162,47,0.7818748809343701,0.00974000139272968,3.141592653589793,0.0,[1106 1110 1117]
1146,48,0.7680610411301383,0.024388502103347087,0.0,0.0,[1138]
1147,48,0.7686126645654647,0.08170190529045263,3.141592653589793,0.0,[1127]
1157,48,0.7770117462956646,0.12034907735129563,3.141592653589793,0.0,[1143]
1159,48,0.7798177726119248,0.04354541829485281,0.0,0.0,[1138]
1160,48,0.7802229007987094,0.03674828202672886,0.0,0.0,[1138]
1187,48,0.8041202594141044,0.027428907704688865,3.141592653589793,0.0,[1127 1162]
1167,49,0.7853989263069827,0.020309516451730736,0.0,0.0,[1146]
1175,49,0.7962055514687896,0.0343656391240561,0.0,0.0,[1146 1159 1160]
1179,49,0.7978917458193,0.11515566633662777,3.141592653589793,0.0,[1157]
1186,49,0.8035559244539846,0.053735646147770044,3.141592653589793,0.0,[1147]
1189,49,0.8049980668090972,0.05765124209476391,3.141592653589793,0.0,[1147]
1194,49,0.8126262160077593,0.03271086269226897,3.141592653589793,0.0,[1187]
1176,50,0.796338950658817,0.029887470860032295,0.0,0.0,[1167]
1178,50,0.7976825080874625,0.03527897854172024,0.0,0.0,[1175]
1180,50,0.8003753228155288,0.023269224361382346,0.0,0.0,[1167]
1192,50,0.8074049408622516,0.11038814985743539,3.141592653589793,0.0,[1179]
1198,50,0.8163524199201313,0.009654825040254722,3.141592653589793,0.0,[1167]
1201,50,0.8200998614090245,0.0023641368814973918,0.0,0.0,[1167]
1221,50,0.8291092221837211,0.04389993771752787,3.141592653589793,0.0,[1186 1189 1194]
1200,51,0.819097155449383,0.024658735495614925,0.0,0.0,[1176 1178 1180]
1202,51,0.8210137372612875,0.016382093574854872,0.0,0.0,[1176 1178 1180]
1205,51,0.8233665906928186,0.015067336959602828,3.141592653589793,0.0,[1198]
1208,51,0.8248410373091098,0.10118536779318821,3.141592653589793,0.0,[1192]
1215,51,0.8276785207739893,0.0011745487765538742,3.141592653589793,0.0,[1176 1180 1198 1201]
1218,51,0.8284751952034083,0.1243754324704498,3.141592653589793,0.0,[1192]
1224,51,0.830456899070187,0.12044617336678998,3.141592653589793,0.0,[1192]
1225,51,0.8311638682033511,0.044375000679625964,3.141592653589793,0.0,[1221]
1212,52,0.8267274231225193,0.026731817915811584,0.0,0.0,[1200]
1217,52,0.8283993768521022,0.022122967044012842,0.0,0.0,[1200 1202]
1226,52,0.8332579083983114,0.024121023209047188,3.141592653589793,0.0,[1205]
1227,52,0.8337242062542723,0.1010401153874173,3.141592653589793,0.0,[1208]
1229,52,0.8386493137613158,0.11472396835224175,3.141592653589793,0.0,[1208 1218 1224]
1231,52,0.8395988372752824,0.1131588766570164,3.141592653589793,0.0,[1208 1224]
1232,52,0.8405798001169337,0.0071285961313302115,3.141592653589793,0.0,[1205 1215]
1243,52,0.8514969456336524,0.049063909720194365,3.141592653589793,0.0,[1225]
1222,53,0.8296154980728864,0.024488703673334,0.0,0.0,[1212]
1239,53,0.8467823925020209,0.1137786145863462,3.141592653589793,0.0,[1227 1229 1231]
1241,53,0.8476851718113388,0.10323267085029975,3.141592653589793,0.0,[1227]
1249,53,0.8571502688765529,0.050639853838505444,3.141592653589793,0.0,[1243]
1251,53,0.8579067142227632,0.007351055495213754,3.141592653589793,0.0,[1217 1226 1232]
1244,54,0.8524017172944697,0.046377214594447214,0.0,0.0,[1222]
1246,54,0.8541305803236258,0.1104253071577106,3.141592653589793,0.0,[1239]
1250,54,0.8576336431724891,0.10312196173517785,3.141592653589793,0.0,[1239 1241]
1253,54,0.8600668773737777,0.022722279527933154,0.0,0.0,[1222]
1254,54,0.8611373566911511,0.009054737517805278,3.141592653589793,0.0,[1251]
1256,54,0.8673985689081144,0.08784456092083237,3.141592653589793,0.0,[1241]
1264,54,0.8750338441827041,0.04672421846843822,3.141592653589793,0.0,[1249]
1255,55,0.8636132980664598,0.043517615013987876,0.0,0.0,[1244]
1260,55,0.8697276118818336,0.007270242404333382,3.141592653589793,0.0,[1254]
1261,55,0.8713020453024218,0.09399329014576496,3.141592653589793,0.0,[1246 1250]
1262,55,0.8727077426578908,0.01847890321594159,0.0,0.0,[1253]
1265,55,0.8770661750374628,0.08424012238390499,3.141592653589793,0.0,[1250 1256]
1268,55,0.8820624223747389,0.04674946958061543,3.141592653589793,0.0,[1264]
1276,55,0.8968609919661732,0.0627710003246904,3.141592653589793,0.0,[1256 1264]
1259,56,0.8696588698279653,0.04608943503910756,0.0,0.0,[1255]
1266,56,0.8791678314275326,0.09206529487332693,3.141592653589793,0.0,[1261]
1270,56,0.888491461523006,0.00358038317109588,3.141592653589793,0.0,[1260]
1271,56,0.8898249682685323,0.007566194599278431,3.141592653589793,0.0,[1260]
1272,56,0.8921004077164777,0.004081005977786378,0.0,0.0,[1260 1262]
1275,56,0.8956877181337786,0.07066842781327265,3.141592653589793,0.0,[1261 1265]
1281,56,0.9057611944118804,0.04894752311018302,3.141592653589793,0.0,[1268]
1282,56,0.9080132961159584,0.0521370468243455,3.141592653589793,0.0,[1268 1276]
1283,56,0.909467969475867,0.03349665462068929,3.141592653589793,0.0,[1260 1268]
1269,57,0.8828938535135137,0.050713653770472766,0.0,0.0,[1259]
1274,57,0.8951083825248047,0.08154674328771983,3.141592653589793,0.0,[1266]
1277,57,0.9042749592825458,0.0011764508434521925,0.0,0.0,[1270 1271 1272]
1279,57,0.9052020757429344,0.012387270238895853,3.141592653589793,0.0,[1270 1271]
1284,57,0.9102964988795699,0.03399615417211732,3.141592653589793,0.0,[1283]
1285,57,0.9109579117393115,0.012374119603698719,0.0,0.0,[1259 1270 1271 1272]
1287,57,0.9168704407267859,0.05898086128095048,3.141592653589793,0.0,[1266 1275 1281 1282]
1273,58,0.8950940964772527,0.04593875203080133,0.0,0.0,[1269]
1278,58,0.9044233638318454,0.07214305314402969,0.0,0.0,[1269]
1280,58,0.9055301445415681,0.06015695012904776,0.0,0.0,[1269]
1288,58,0.9176552753500876,0.012708779126908376,3.141592653589793,0.0,[1279]
1293,58,0.9252442515392774,0.05788794730914926,3.141592653589793,0.0,[1274 1287]
1294,58,0.9270496469734517,0.003164003248463998,3.141592653589793,0.0,[1277 1279 1285]
1296,58,0.930169972226952,0.027670635986158487,3.141592653589793,0.0,[1279 1284]
1290,59,0.9210082956635487,0.039954862822210835,0.0,0.0,[1273]
1291,59,0.9219416325742943,0.02524044864368835,0.0,0.0,[1273]
1295,59,0.9275943140419127,0.0598424949076376,0.0,0.0,[1273 1278 1280]
1297,59,0.9314375174613613,0.052890148076730314,3.141592653589793,0.0,[1293]
1305,59,0.9530648183175694,0.01989270432985757,3.141592653589793,0.0,[1288 1294 1296]
1298,60,0.9399321824058912,0.025204959440636943,0.0,0.0,[1290 1291]
1299,60,0.9449434232973936,0.05056838292636068,0.0,0.0,[1290 1295]
1301,60,0.9467971837633404,0.04745334082311925,3.141592653589793,0.0,[1297]
1302,60,0.9488989751917951,0.04487233123348666,3.141592653589793,0.0,[1297]
1304,60,0.9528212221617576,0.03446015960819104,3.141592653589793,0.0,[1297]
1306,60,0.9538405642082851,0.03804088763816549,3.141592653589793,0.0,[1297]
1307,60,0.9558637267025304,0.019404065500039036,3.141592653589793,0.0,[1305]
1308,61,0.9599680813901795,0.03572996435011744,0.0,0.0,[1298 1299]
1309,61,0.9885675154491713,0.009489538648576934,3.141592653589793,0.0,[1298 1301 1302 1304 1306 1307]
1310,62,1.0,0.0,3.141592653589793,0.0,[1308 1309]
0,0,0.0,0.0,3.141592653589793,0.0,[]
1,1,0.008313435425628901,0.004948501559364549,0.0,0.0,[0]
4,2,0.03064244848552211,0.024896242840957705,0.0,0.0,[1]
6,3,0.06299204500062427,0.01723152352582058,0.0,0.0,[4]
14,4,0.0885112807470716,0.005068572300657048,3.141592653589793,0.0,[6]
18,5,0.10190148603901994,0.007347410807418631,0.0,0.0,[14]
25,5,0.11476138168468342,0.013113120754073448,3.141592653589793,0.0,[14]
29,5,0.11728519103635826,0.017677588638573716,3.141592653589793,0.0,[14]
27,6,0.1149112972380969,0.002787698167410646,3.141592653589793,0.0,[18]
31,6,0.12042363900857289,0.020449835211522216,0.0,0.0,[18]
42,6,0.14092813592005426,0.037298346600725396,3.141592653589793,0.0,[25 29]
32,7,0.12435546105420314,0.001446773259485279,0.0,0.0,[27]
35,7,0.1305664320516634,0.0149693016851975,0.0,0.0,[31]
50,7,0.15207224223655325,0.037961228762116384,3.141592653589793,0.0,[27 42]
51,7,0.1522340210002433,0.03699432674638403,3.141592653589793,0.0,[27 42]
44,8,0.14761575967299612,0.02492694429166553,0.0,0.0,[35]
53,8,0.15443597507211515,0.013408551407728453,0.0,0.0,[32 35]
57,8,0.16383899031090943,0.03803498681235851,3.141592653589793,0.0,[32 50 51]
59,8,0.16701980892842072,0.000860353724993379,3.141592653589793,0.0,[32 35]
62,8,0.17097878785920506,0.03079477623167537,3.141592653589793,0.0,[32 50 51]
64,8,0.17198615497529302,0.02557180645787116,3.141592653589793,0.0,[32 35 50 51]
65,9,0.17296204556911343,0.01327320514602004,0.0,0.0,[44 53]
70,9,0.17756992940323912,0.006184064877279738,0.0,0.0,[44 53 59]
75,9,0.1804982835942821,0.04725835795038513,3.141592653589793,0.0,[57]
80,9,0.18456123304826477,0.03180741335583903,3.141592653589793,0.0,[57 62 64]
74,10,0.18004148094584882,0.007971582490940654,0.0,0.0,[65 70]
93,10,0.19748658992738322,0.037666320750052606,3.141592653589793,0.0,[75 80]
83,11,0.18719418263194354,0.01007263210824827,0.0,0.0,[74]
107,11,0.210202842939323,0.028497496145722057,3.141592653589793,0.0,[93]
86,12,0.19064844989673957,0.008488189896234566,0.0,0.0,[83]
117,12,0.22263514831087183,0.03853135510700423,3.141592653589793,0.0,[107]
102,13,0.20544651193778485,0.003450261298204027,0.0,0.0,[86]
123,13,0.22519848735834203,0.039621906637205107,3.141592653589793,0.0,[117]
126,13,0.2283916372233682,0.044076208058309696,3.141592653589793,0.0,[117]
116,14,0.22119061279494645,0.004828879851384249,3.141592653589793,0.0,[102]
157,14,0.2554221226127905,0.05944438558025711,3.141592653589793,0.0,[123 126]
124,15,0.22695342600156276,0.0048144879753553305,3.141592653589793,0.0,[116]
167,15,0.25966255845322106,0.05579649443626011,3.141592653589793,0.0,[157]
194,15,0.28057385112032873,0.08326864688590108,3.141592653589793,0.0,[157]
140,16,0.24290169274335216,0.007031624588278773,3.141592653589793,0.0,[124]
142,16,0.24410115355849604,0.009043010942178853,0.0,0.0,[124]
196,16,0.28246202146126553,0.0830104985432617,3.141592653589793,0.0,[194]
197,16,0.2844036048742907,0.07883878433154268,3.141592653589793,0.0,[167]
183,17,0.2742201223607431,0.00417994614392303,3.141592653589793,0.0,[140 142]
184,17,0.27437424941385624,0.0017723875083236473,3.141592653589793,0.0,[140 142]
232,17,0.30874795135356814,0.0930391180235185,3.141592653589793,0.0,[196 197]
189,18,0.27769998118447325,0.004700883690533231,3.141592653589793,0.0,[183 184]
258,18,0.32514849885439057,0.07948886353784934,3.141592653589793,0.0,[232]
231,19,0.3086423245359158,0.028851408493611008,3.141592653589793,0.0,[189]
280,19,0.33376332275019693,0.06034132703124406,3.141592653589793,0.0,[189]
283,19,0.3353966166689053,0.08577965577604385,3.141592653589793,0.0,[258]
271,20,0.33028988196717723,0.04138563830858921,3.141592653589793,0.0,[231]
289,20,0.3406837078913679,0.08454060638284355,3.141592653589793,0.0,[283]
301,20,0.3470197529955722,0.07124449463799643,3.141592653589793,0.0,[280]
307,21,0.3499272856941841,0.08076581446428299,3.141592653589793,0.0,[289]
324,21,0.35950418507918425,0.06605155239509675,3.141592653589793,0.0,[271 289 301]
374,22,0.38355686024862234,0.08498797468375674,3.141592653589793,0.0,[307 324]
395,22,0.39178825388755745,0.12244942706439121,3.141592653589793,0.0,[307]
405,23,0.3977212220582904,0.11879738846583032,3.141592653589793,0.0,[395]
408,23,0.39929758380286196,0.08442787244628391,3.141592653589793,0.0,[374]
442,24,0.41693851921192393,0.09491236411101867,3.141592653589793,0.0,[408]
455,24,0.42186557175865125,0.13286983074959635,3.141592653589793,0.0,[405]
461,24,0.4229912987207629,0.14257052227246958,3.141592653589793,0.0,[405]
481,25,0.43154848589366235,0.14219486350378174,3.141592653589793,0.0,[455 461]
491,25,0.436204882599059,0.12207040428175142,3.141592653589793,0.0,[455]
504,25,0.4405672800322076,0.10878066184485091,3.141592653589793,0.0,[442]
513,26,0.44338194775931483,0.13140262922086576,3.141592653589793,0.0,[481]
541,26,0.4543978920944127,0.10929748153225594,3.141592653589793,0.0,[491 504]
562,27,0.4645593422723763,0.11114562246968751,3.141592653589793,0.0,[513 541]
579,28,0.47224474464264665,0.11286159175798927,3.141592653589793,0.0,[562]
611,29,0.48532799858345477,0.11241832020256681,3.141592653589793,0.0,[579]
624,30,0.4963041541274037,0.1035580302518555,3.141592653589793,0.0,[611]
634,31,0.5005399145471127,0.10272312784065474,3.141592653589793,0.0,[624]
661,32,0.5126159751975492,0.10544543241095472,3.141592653589793,0.0,[634]
683,33,0.5244171235014702,0.1039241979359431,3.141592653589793,0.0,[661]
720,34,0.5411335194122836,0.09967232146674809,3.141592653589793,0.0,[683]
749,35,0.553797193308133,0.08877230998144103,3.141592653589793,0.0,[720]
782,36,0.5665682451641021,0.08788441790315327,3.141592653589793,0.0,[749]
839,37,0.5841184574619466,0.07286659685766972,3.141592653589793,0.0,[782]
852,38,0.5900342229175016,0.07734632259760421,3.141592653589793,0.0,[839]
917,39,0.6250861987585303,0.09347162338353732,3.141592653589793,0.0,[852]
925,39,0.6289135998161823,0.11057708902817598,3.141592653589793,0.0,[852]
932,40,0.6307060234659749,0.09160484142587333,3.141592653589793,0.0,[917]
972,40,0.6486675088912857,0.11666351737581138,3.141592653589793,0.0,[917 925]
953,41,0.6390833084240081,0.09220736549738673,3.141592653589793,0.0,[932]
1007,41,0.6590679804916455,0.12284788000770808,3.141592653589793,0.0,[972]
981,42,0.6511339664146855,0.08328978098417938,3.141592653589793,0.0,[953]
1000,42,0.6571299058591186,0.07448916279508222,3.141592653589793,0.0,[953]
1026,42,0.6639447680572863,0.11944355577362831,3.141592653589793,0.0,[1007]
1028,43,0.6661098502552506,0.07691877697235783,3.141592653589793,0.0,[ 981 1000]
1030,43,0.6666745935896545,0.12117161804004806,3.141592653589793,0.0,[1026]
1056,44,0.6832855301388436,0.08669123665590261,3.141592653589793,0.0,[1028]
1058,44,0.6849421452297357,0.10367189606911564,3.141592653589793,0.0,[1030]
1075,45,0.6965280388103346,0.11331280655911358,3.141592653589793,0.0,[1058]
1077,45,0.6977816471126185,0.07652067509161897,3.141592653589793,0.0,[1056]
1080,45,0.6992333679644106,0.0948956543993491,3.141592653589793,0.0,[1056 1058]
1085,46,0.7024240036591829,0.07955465138777462,3.141592653589793,0.0,[1077]
1098,46,0.7102957927488405,0.08996751627466781,3.141592653589793,0.0,[1080]
1102,46,0.7141015919105647,0.06531007305797487,3.141592653589793,0.0,[1077]
1105,46,0.7149740598967695,0.0957615749486267,3.141592653589793,0.0,[1075 1080]
1118,47,0.7219876375249588,0.0889355442287143,3.141592653589793,0.0,[1085 1098 1105]
1127,47,0.7247457706717606,0.0609323502079272,3.141592653589793,0.0,[1085 1102]
1131,48,0.7304881973270146,0.06386901327610628,3.141592653589793,0.0,[1127]
1139,48,0.7359016452705183,0.07631914422242347,3.141592653589793,0.0,[1118]
1142,48,0.7380769117211907,0.08370569351888346,3.141592653589793,0.0,[1118]
1147,49,0.7448369519417843,0.06716590648172538,3.141592653589793,0.0,[1131]
1150,49,0.7505034132554478,0.0792085497016276,3.141592653589793,0.0,[1131 1139 1142]
1152,49,0.7517015028307579,0.060088864895213145,3.141592653589793,0.0,[1131]
1164,50,0.7635166450456492,0.07058485149143245,3.141592653589793,0.0,[1147 1150 1152]
1169,50,0.7690561489521153,0.05866133605388624,3.141592653589793,0.0,[1147 1152]
1186,51,0.7826871386831984,0.051565669564679895,3.141592653589793,0.0,[1164 1169]
1199,52,0.7980251468503313,0.03883947203605409,3.141592653589793,0.0,[1186]
1215,53,0.8139406300437438,0.02339034769538406,3.141592653589793,0.0,[1199]
1254,54,0.8506907181488064,0.012195301117593482,3.141592653589793,0.0,[1215]
1262,55,0.8567703977766074,0.008588805564871294,3.141592653589793,0.0,[1254]
1271,56,0.8698669355852587,0.019703167079550887,3.141592653589793,0.0,[1262]
1272,56,0.870423977530504,0.017191458136757154,3.141592653589793,0.0,[1262]
1285,57,0.8955884036283129,0.010464404699502272,3.141592653589793,0.0,[1271 1272]
1290,58,0.9129183355433828,0.006464783264589435,0.0,0.0,[1285]
1293,59,0.9250851133642525,0.010045146432699159,0.0,0.0,[1290]
1294,59,0.9289915172130996,0.017243010181811402,0.0,0.0,[1290]
1297,60,0.9384691128018001,0.011727080221089259,0.0,0.0,[1293 1294]
1300,61,0.943980394152702,0.011138126307886798,0.0,0.0,[1297]
1304,62,0.959662369756166,0.011964584833680347,0.0,0.0,[1300]
1306,63,0.9681179287480528,0.0065384666260992486,0.0,0.0,[1304]
1308,64,0.9751457328041707,0.003553351857538467,0.0,0.0,[1306]
1309,65,0.9822103190562606,0.006529460012122179,0.0,0.0,[1308]
1310,66,1.0,0.0,3.141592653589793,0.0,[1309]
0,0,0.0,0.0,3.141592653589793,0.0,[]
1,1,0.029034585069056318,0.023505636742172764,0.0,0.0,[0]
3,2,0.03826128513540139,0.018909840279543566,0.0,0.0,[1]
6,3,0.057821391946252465,0.008299182376908298,0.0,0.0,[3]
9,4,0.0719479452180598,0.0038617748536631247,3.141592653589793,0.0,[6]
10,4,0.07875584735689933,0.00657391305032351,0.0,0.0,[6]
12,5,0.08234869040571657,0.006030708679346963,0.0,0.0,[ 9 10]
18,6,0.09124006003177709,0.0020179816033274456,0.0,0.0,[12]
23,6,0.09933208747916267,0.012836747689569883,0.0,0.0,[12]
26,7,0.10485263902296216,0.010533936790351306,0.0,0.0,[18 23]
29,7,0.10964544237481932,0.017810900668711938,0.0,0.0,[18 23]
34,8,0.12290753661679965,0.02201124290268519,0.0,0.0,[26 29]
37,9,0.12895497898248054,0.02170159161285734,0.0,0.0,[34]
50,10,0.1449965054336153,0.03181259332929509,0.0,0.0,[37]
54,10,0.14878206579973008,0.00432340061055736,0.0,0.0,[37]
63,11,0.15753543016389282,0.027782729484595703,0.0,0.0,[50]
66,11,0.16145817357093983,0.0026174444508197947,3.141592653589793,0.0,[54]
67,11,0.1645266503652939,0.018097587936526827,0.0,0.0,[50 54]
72,12,0.1693586919025808,0.02101918256066737,0.0,0.0,[63 67]
78,12,0.1742950064675427,0.0034108069220049053,3.141592653589793,0.0,[66]
80,13,0.17580794056533156,0.0020943937215143205,3.141592653589793,0.0,[78]
93,13,0.1893253461234784,0.02080950083868427,0.0,0.0,[72]
88,14,0.1830255530948507,0.0031907093984215873,3.141592653589793,0.0,[80]
99,14,0.19312948655787,0.02284804433467491,0.0,0.0,[93]
124,15,0.22500726765657875,0.008810854099312815,3.141592653589793,0.0,[88 99]
149,15,0.2434239266774355,0.05890067274828492,3.141592653589793,0.0,[88]
167,15,0.25770708586094626,0.04275318813285234,3.141592653589793,0.0,[88]
194,16,0.27444796014371287,0.07254910734227038,3.141592653589793,0.0,[149]
203,16,0.279092610507107,0.060884048791904566,3.141592653589793,0.0,[124 149 167]
208,17,0.2855385193380997,0.06542770701147904,3.141592653589793,0.0,[194 203]
216,18,0.2908633376788665,0.06848761353108768,3.141592653589793,0.0,[208]
219,19,0.29531640141531046,0.06937261691423724,3.141592653589793,0.0,[216]
234,20,0.30408157553913695,0.06215268994197476,3.141592653589793,0.0,[219]
263,21,0.31896754333216093,0.053430304467437795,3.141592653589793,0.0,[234]
276,22,0.32390959099179784,0.05295490654541968,3.141592653589793,0.0,[263]
292,23,0.33317667488435976,0.06088062386637694,3.141592653589793,0.0,[276]
302,24,0.33692667244148966,0.05823207846955014,3.141592653589793,0.0,[292]
317,25,0.3480425261331328,0.05573552336801468,3.141592653589793,0.0,[302]
343,26,0.3603820645665111,0.06332667147402138,3.141592653589793,0.0,[317]
351,26,0.3664564156780453,0.07031089253772638,3.141592653589793,0.0,[317]
381,27,0.3882304154670658,0.035668935758349396,3.141592653589793,0.0,[343]
426,27,0.40760014185348836,0.05956743213021731,3.141592653589793,0.0,[343 351]
423,28,0.40709473907329974,0.02799929480014063,3.141592653589793,0.0,[381]
428,28,0.4094025922371418,0.036010902730885475,3.141592653589793,0.0,[381]
433,28,0.4109023189815376,0.03263763703954947,3.141592653589793,0.0,[381]
438,28,0.4127262660972445,0.06191461456488789,3.141592653589793,0.0,[426]
455,29,0.423229113802553,0.06854246621095872,3.141592653589793,0.0,[438]
482,29,0.4352431654753598,0.023695739271851646,3.141592653589793,0.0,[423 428 433]
495,30,0.44213133211943156,0.021393755827179062,3.141592653589793,0.0,[482]
571,30,0.47209514092808325,0.10443685567696004,3.141592653589793,0.0,[455]
507,31,0.4454892858383347,0.021532197427989175,3.141592653589793,0.0,[495]
613,31,0.4865917718308642,0.11523179288075591,3.141592653589793,0.0,[571]
535,32,0.46003675964168933,0.023946264467519796,3.141592653589793,0.0,[507]
540,32,0.4615565288000052,0.012603609643872193,3.141592653589793,0.0,[507]
637,32,0.4952732283681721,0.11370243551784609,3.141592653589793,0.0,[613]
594,33,0.4805300953633993,0.00943879317002505,3.141592653589793,0.0,[535 540]
599,33,0.48307937536913104,0.04578211290790757,3.141592653589793,0.0,[535]
604,33,0.4839596920784991,0.006531290711010329,0.0,0.0,[540]
610,33,0.48554285683978615,0.035773729885122174,3.141592653589793,0.0,[535 540]
639,33,0.4972539631868671,0.11270414865754608,3.141592653589793,0.0,[637]
634,34,0.49411534788588096,0.037337919895716776,3.141592653589793,0.0,[599 610]
650,34,0.5007154519094045,0.011275451224473598,3.141592653589793,0.0,[594]
680,34,0.5128443816460673,0.11085577339567687,3.141592653589793,0.0,[639]
684,34,0.5144988304687262,0.014689806652563808,0.0,0.0,[594 604]
711,35,0.5238545036213037,0.10156603184160318,3.141592653589793,0.0,[680]
758,35,0.5427698082031478,0.007871810534777701,0.0,0.0,[634 650 684]
723,36,0.5298401477878728,0.10607676180712489,3.141592653589793,0.0,[711]
793,36,0.5552762880515391,0.009622512680030337,0.0,0.0,[758]
756,37,0.5416227792386156,0.10372987005781442,3.141592653589793,0.0,[723]
818,37,0.5678614789759331,0.0196748714623296,0.0,0.0,[793]
780,38,0.5518337100036219,0.10481885920998701,3.141592653589793,0.0,[756]
823,38,0.5714857862657,0.019509211754260236,0.0,0.0,[818]
820,39,0.5684146755453634,0.11971265564152134,3.141592653589793,0.0,[780]
871,39,0.591185138914597,0.03865539694625286,0.0,0.0,[823]
825,40,0.5727152147368696,0.11948062194738118,3.141592653589793,0.0,[820]
891,40,0.6000593447594255,0.045105880326823056,0.0,0.0,[871]
906,40,0.6051017599329374,0.03679194346199588,0.0,0.0,[871]
850,41,0.5807035288861135,0.12574250171005363,3.141592653589793,0.0,[825]
915,41,0.6088090791041695,0.03968116061649385,0.0,0.0,[891 906]
864,42,0.5870509006795926,0.12002270895861267,3.141592653589793,0.0,[850]
927,42,0.6157715254670254,0.043441235097191555,0.0,0.0,[915]
876,43,0.5928829374736249,0.12115378323484571,3.141592653589793,0.0,[864]
964,43,0.6342036396747801,0.048069436484036165,0.0,0.0,[927]
924,44,0.6141559117334313,0.13805557037158522,3.141592653589793,0.0,[876]
993,44,0.6465629921069638,0.05844473960326679,0.0,0.0,[964]
946,45,0.627000296542828,0.13912384045552473,3.141592653589793,0.0,[924]
1015,45,0.6562031252764479,0.06314075885866033,0.0,0.0,[993]
979,46,0.6410232782298865,0.1357643560420806,3.141592653589793,0.0,[946]
988,46,0.6440994974339548,0.14320498620990774,3.141592653589793,0.0,[946]
1050,46,0.6805264235267073,0.08006104872205122,0.0,0.0,[1015]
1004,47,0.6524584944094848,0.13514477271544834,3.141592653589793,0.0,[979 988]
1057,47,0.6864433107121758,0.0758370994792279,0.0,0.0,[1050]
1036,48,0.672140434527076,0.12505805977661233,3.141592653589793,0.0,[1004]
1100,48,0.7111157121287811,0.09931890177892422,0.0,0.0,[1057]
1064,49,0.6901054762504514,0.11421489853338529,3.141592653589793,0.0,[1036]
1109,49,0.7183092684581979,0.09880561920837883,0.0,0.0,[1100]
1096,50,0.7101838048162925,0.10638496350244642,3.141592653589793,0.0,[1064]
1123,50,0.7269800077768938,0.09191372306456125,0.0,0.0,[1109]
1133,50,0.731862246537965,0.1050049114161814,0.0,0.0,[1109]
1113,51,0.722027863300795,0.11314668354199953,3.141592653589793,0.0,[1096]
1143,51,0.7388976393085402,0.10265019723969326,0.0,0.0,[1123 1133]
1159,52,0.7497775021666525,0.13906536819612625,3.141592653589793,0.0,[1113]
1165,52,0.7536529541983934,0.09667415486558795,0.0,0.0,[1143]
1164,53,0.7536456645316604,0.13614368292829915,3.141592653589793,0.0,[1159]
1193,53,0.7762199563769484,0.09134965134927375,0.0,0.0,[1165]
1182,54,0.7699424729168192,0.1355261382118227,3.141592653589793,0.0,[1164]
1200,54,0.7795157177367138,0.09384736914792524,0.0,0.0,[1193]
1211,54,0.790393562289129,0.11047457374876435,3.141592653589793,0.0,[1164]
1207,55,0.7885380689768212,0.12538308380919683,3.141592653589793,0.0,[1182]
1209,55,0.789269011618746,0.09589236490370245,0.0,0.0,[1200]
1221,55,0.7998705242814259,0.1099451636701847,3.141592653589793,0.0,[1182 1211]
1219,56,0.7968592464684076,0.09529223074382287,0.0,0.0,[1209]
1236,56,0.8182549002470693,0.09640330134841302,3.141592653589793,0.0,[1207 1221]
1230,57,0.811864663047496,0.1019847880616741,0.0,0.0,[1219]
1238,57,0.8215636722173759,0.0989600872620795,3.141592653589793,0.0,[1236]
1239,58,0.8219124394923506,0.09850558468918447,0.0,0.0,[1230]
1259,58,0.8434028103683049,0.09804651593190761,3.141592653589793,0.0,[1238]
1250,59,0.832946516468102,0.09946348654127124,0.0,0.0,[1239]
1252,59,0.8362534056979677,0.0906544089360466,0.0,0.0,[1239]
1266,59,0.8510246858382511,0.10333891485806246,3.141592653589793,0.0,[1259]
1272,60,0.8575437817882134,0.10041926356474773,3.141592653589793,0.0,[1266]
1273,60,0.8586444310691448,0.09604481275696009,3.141592653589793,0.0,[1266]
1277,60,0.8618025843368112,0.07940736455752229,0.0,0.0,[1250 1252]
1281,61,0.8726931437913208,0.06880739538195302,0.0,0.0,[1277]
1282,61,0.8749580972073396,0.08797591852022169,3.141592653589793,0.0,[1272 1273]
1289,61,0.8800986188662837,0.08208550994893593,3.141592653589793,0.0,[1272 1273]
1288,62,0.8775373770082082,0.07087534482869418,0.0,0.0,[1281]
1292,62,0.8919511539668875,0.07687358393162591,3.141592653589793,0.0,[1282 1289]
1295,63,0.8938366988076633,0.06991697135876818,0.0,0.0,[1288]
1304,63,0.9218180921405432,0.051469831187037185,3.141592653589793,0.0,[1292]
1305,63,0.9303546594485612,0.020903899209853916,0.0,0.0,[1288]
1301,64,0.9175932287713691,0.04807420614722213,0.0,0.0,[1295]
1306,64,0.9521023169006609,0.02212528630502253,3.141592653589793,0.0,[1304]
1307,64,0.9611163526252435,0.005423857514302743,3.141592653589793,0.0,[1305]
1308,65,0.978144909673298,0.012105237875985164,3.141592653589793,0.0,[1301 1306 1307]
1309,66,0.986834136250594,0.01095301615230615,3.141592653589793,0.0,[1308]
1310,67,1.0,0.0,3.141592653589793,0.0,[1309]
0,0,0.0,0.0,3.141592653589793,0.0,[]
1,1,0.021641835518605546,0.020501312259693538,0.0,0.0,[0]
4,2,0.031167703062584207,0.0182561521397806,0.0,0.0,[1]
5,2,0.031191872544491517,0.02920344686202392,0.0,0.0,[1]
7,3,0.04262615562467931,0.02037844112890541,0.0,0.0,[4 5]
11,4,0.058083397316184726,0.006691444764037491,0.0,0.0,[7]
18,5,0.0694246809719472,0.008892366268985152,0.0,0.0,[11]
24,6,0.08705682328794273,0.01913837939118679,0.0,0.0,[18]
26,7,0.08894532024335788,0.020198781056146586,0.0,0.0,[24]
34,8,0.10885505860976352,0.008398911125601538,0.0,0.0,[26]
38,8,0.11214027535861082,0.004176806352667817,0.0,0.0,[26]
39,9,0.1264921173693021,0.003104306194750661,0.0,0.0,[34 38]
42,10,0.12892619917599213,0.0025175158556410837,0.0,0.0,[39]
45,11,0.13295032264062923,0.002912820966776697,0.0,0.0,[42]
54,12,0.13824468407820056,0.0007930455135247705,3.141592653589793,0.0,[45]
61,13,0.14877649212603605,0.004585811225365055,3.141592653589793,0.0,[54]
64,14,0.15078209051924374,0.003465354554649247,3.141592653589793,0.0,[61]
69,15,0.16267254054279645,0.004070781310153482,3.141592653589793,0.0,[64]
82,16,0.17754556566528057,0.016714881625003675,3.141592653589793,0.0,[69]
86,17,0.17950174353753245,0.015557769669259147,3.141592653589793,0.0,[82]
104,18,0.196392834743213,0.006863532383122872,3.141592653589793,0.0,[86]
132,19,0.22042910839849028,0.030485428519480107,3.141592653589793,0.0,[104]
136,20,0.2249377906685236,0.03333968871263815,3.141592653589793,0.0,[132]
150,21,0.23645996248537204,0.03218414187304608,3.141592653589793,0.0,[136]
162,22,0.2462681930131736,0.03796283925171384,3.141592653589793,0.0,[150]
170,23,0.256603928965915,0.03860278339098444,3.141592653589793,0.0,[162]
195,24,0.27047939746243566,0.04869052103353266,3.141592653589793,0.0,[170]
205,25,0.282927281104534,0.04553611316816142,3.141592653589793,0.0,[195]
213,25,0.28877837672767304,0.052113173528118395,3.141592653589793,0.0,[195]
225,26,0.2957255894884132,0.055532623129245784,3.141592653589793,0.0,[205 213]
234,27,0.3002980656839277,0.05424745598159686,3.141592653589793,0.0,[225]
256,28,0.3141100516176256,0.051537284657628524,3.141592653589793,0.0,[234]
280,29,0.3338292563903994,0.06853401862303665,3.141592653589793,0.0,[256]
302,30,0.34557149802468,0.07516603082761686,3.141592653589793,0.0,[280]
309,30,0.3503671889465473,0.06884761320087252,3.141592653589793,0.0,[280]
323,31,0.35646667503352225,0.06977232543589418,3.141592653589793,0.0,[302 309]
349,32,0.3720942375356908,0.07255301386841961,3.141592653589793,0.0,[323]
380,33,0.3893572109349316,0.06847841686626799,3.141592653589793,0.0,[349]
390,33,0.39505697368957027,0.08410077879846312,3.141592653589793,0.0,[349]
399,33,0.4002695148507873,0.05410688703434685,3.141592653589793,0.0,[349]
413,34,0.4081624342586172,0.07187833277005817,3.141592653589793,0.0,[380 390]
422,34,0.41257074212126454,0.06335328900731163,3.141592653589793,0.0,[380 399]
432,34,0.4150707976458107,0.05021060924410781,3.141592653589793,0.0,[380 399]
436,34,0.41661448759046893,0.05857172842753888,3.141592653589793,0.0,[380 399]
453,35,0.4228308015037783,0.048640946335241186,3.141592653589793,0.0,[432]
462,35,0.4264615377250096,0.06856922080428485,3.141592653589793,0.0,[413 422]
468,35,0.43039713816218783,0.06353896826615901,3.141592653589793,0.0,[413 422 432 436]
479,35,0.4358704717655181,0.0823535818291462,3.141592653589793,0.0,[413 422]
500,36,0.45042012714444213,0.07863139175109501,3.141592653589793,0.0,[462 468 479]
505,36,0.45223976504116203,0.02717634336860686,3.141592653589793,0.0,[453]
550,37,0.4708532798035575,0.04552906349379826,3.141592653589793,0.0,[505]
556,37,0.4725328695164206,0.06431058370176579,3.141592653589793,0.0,[500]
567,37,0.4753300919110769,0.03852672996235529,3.141592653589793,0.0,[505]
572,38,0.47622343080657314,0.06674696096105981,3.141592653589793,0.0,[556]
585,38,0.4810398228131345,0.04787383384254984,3.141592653589793,0.0,[550]
608,38,0.4894508727061555,0.03648035665208671,3.141592653589793,0.0,[550 567]
630,39,0.49920740737250946,0.038813983057426005,3.141592653589793,0.0,[585 608]
651,39,0.5052390107004444,0.04621978548375805,3.141592653589793,0.0,[572 585 608]
653,40,0.506692513857656,0.04612867988540725,3.141592653589793,0.0,[630 651]
693,41,0.5243114351996769,0.05681883769680096,3.141592653589793,0.0,[653]
717,42,0.5334127808002743,0.06366307429079443,3.141592653589793,0.0,[693]
747,43,0.5458134630515549,0.05127869587687861,3.141592653589793,0.0,[717]
762,44,0.5512191479871558,0.04983334431267461,3.141592653589793,0.0,[747]
866,45,0.603462737838224,0.07953196101572735,3.141592653589793,0.0,[762]
884,46,0.6128389159961335,0.08811779500971473,3.141592653589793,0.0,[866]
901,47,0.619588165344665,0.09021402620246877,3.141592653589793,0.0,[884]
934,48,0.6334730376282953,0.0838271215465094,3.141592653589793,0.0,[901]
950,49,0.6432020222634118,0.0843903671629106,3.141592653589793,0.0,[934]
969,50,0.6546285090538801,0.09415446508913028,3.141592653589793,0.0,[950]
976,51,0.6568529356157301,0.09470976001327369,3.141592653589793,0.0,[969]
1003,51,0.6668057892373352,0.0846666921684055,3.141592653589793,0.0,[969]
1031,52,0.6837415372918954,0.09486608535902596,3.141592653589793,0.0,[ 976 1003]
1059,52,0.696947473583817,0.12056210564308056,3.141592653589793,0.0,[976]
1079,52,0.7107400655119256,0.14158367050361342,3.141592653589793,0.0,[976]
1074,53,0.7082706019149753,0.10821346446809987,3.141592653589793,0.0,[1031]
1076,53,0.7083876875794228,0.1289055077092589,3.141592653589793,0.0,[1059]
1104,53,0.7203690753305844,0.14415517082388207,3.141592653589793,0.0,[1079]
1091,54,0.7158628501751708,0.10343266893161485,3.141592653589793,0.0,[1074]
1101,54,0.7197933121111084,0.12378587406859709,3.141592653589793,0.0,[1076]
1112,54,0.7263029346707628,0.1446567395972248,3.141592653589793,0.0,[1076 1104]
1126,55,0.7372246244988725,0.11969021048669737,3.141592653589793,0.0,[1091 1101]
1137,55,0.741816754015976,0.13833950880215773,3.141592653589793,0.0,[1101 1112]
1139,55,0.7423117752727356,0.13129961784310173,3.141592653589793,0.0,[1101 1112]
1136,56,0.7408046506680143,0.12279859424428441,3.141592653589793,0.0,[1126]
1158,56,0.7489028232109429,0.13206985157000295,3.141592653589793,0.0,[1137 1139]
1178,57,0.7669192316904628,0.11918156294787385,3.141592653589793,0.0,[1136 1158]
1181,58,0.769157552716338,0.12074267180753362,3.141592653589793,0.0,[1178]
1188,59,0.779154272507952,0.11157000861604871,3.141592653589793,0.0,[1181]
1201,60,0.786778024326163,0.11157350834087476,3.141592653589793,0.0,[1188]
1204,61,0.7891066231358838,0.1099110999273053,3.141592653589793,0.0,[1201]
1223,62,0.8099082985915554,0.08972864094209498,3.141592653589793,0.0,[1204]
1227,62,0.8130142119871296,0.09801135413956419,3.141592653589793,0.0,[1204]
1241,63,0.8300370922433824,0.08666556249498714,3.141592653589793,0.0,[1223 1227]
1242,64,0.8318553088125323,0.08778609702840134,3.141592653589793,0.0,[1241]
1247,64,0.8372704738065039,0.08204666977548336,3.141592653589793,0.0,[1241]
1249,65,0.8410409631362579,0.07873127351178333,3.141592653589793,0.0,[1242 1247]
1263,66,0.853687601938511,0.06715803141374277,3.141592653589793,0.0,[1249]
1267,66,0.8672945156686206,0.053414102394699126,3.141592653589793,0.0,[1249]
1266,67,0.86711305319206,0.07912828273789119,3.141592653589793,0.0,[1263]
1273,67,0.8750788133917902,0.06933340766793328,3.141592653589793,0.0,[1263]
1282,67,0.8918547716912335,0.039300158282914555,3.141592653589793,0.0,[1263 1267]
1278,68,0.8833908132833042,0.06722847101499074,3.141592653589793,0.0,[1266 1273]
1279,68,0.8838248085210398,0.09212350009085712,3.141592653589793,0.0,[1266]
1288,68,0.9133042774743972,0.026500692146603,3.141592653589793,0.0,[1282]
1287,69,0.9131971754959474,0.05065478949819813,3.141592653589793,0.0,[1278]
1289,69,0.9161454606187297,0.06594548216884233,3.141592653589793,0.0,[1278 1279]
1292,69,0.9185565630135444,0.04089688588174112,3.141592653589793,0.0,[1278]
1294,69,0.9217853181462888,0.028975783149170375,3.141592653589793,0.0,[1278 1288]
1298,69,0.9281772879631003,0.021230981279363292,3.141592653589793,0.0,[1288]
1290,70,0.9180066485958835,0.06697115289135369,3.141592653589793,0.0,[1289]
1304,70,0.9632335634059731,0.0014484631797705427,3.141592653589793,0.0,[1287 1292 1294 1298]
1306,70,0.9675006946091464,0.005603034784147032,0.0,0.0,[1292 1294 1298]
1295,71,0.923592268269065,0.07037050504657183,3.141592653589793,0.0,[1290]
1301,71,0.9378369064087,0.0536805825194,3.141592653589793,0.0,[1290]
1307,71,0.9801544173265468,0.011069134668051483,0.0,0.0,[1304 1306]
1308,71,0.9813287726845507,0.015147769970013547,0.0,0.0,[1304 1306]
1309,72,0.9964763540476095,0.0015950046428006015,0.0,0.0,[1295 1301 1307 1308]
1310,73,1.0,0.0,3.141592653589793,0.0,[1309]
0,0,0.0,0.0,3.141592653589793,0.0,[]
1,1,0.023497603328504924,0.006381661599271782,3.141592653589793,0.0,[0]
2,1,0.024318116972786075,0.019568473594411162,0.0,0.0,[0]
3,1,0.02482429669611219,0.007561335521660162,0.0,0.0,[0]
4,2,0.035468570033093116,0.002981293360127757,0.0,0.0,[1 3]
6,2,0.04755682549010598,0.022290200012510808,0.0,0.0,[2 3]
7,2,0.04915379269992792,0.02468301149042007,0.0,0.0,[2 3]
8,3,0.05032537428383643,0.023765594579335914,0.0,0.0,[6 7]
9,3,0.05391963933665578,0.007867549313426148,0.0,0.0,[4]
11,3,0.05615258852683225,0.01044449942566228,3.141592653589793,0.0,[4]
13,4,0.07601571456084288,0.003193234150741575,0.0,0.0,[ 8  9 11]
17,5,0.08447385309347433,0.0045173230818063015,3.141592653589793,0.0,[13]
22,6,0.09409801112888261,0.0019441802891877469,0.0,0.0,[17]
28,7,0.10321323488296863,0.0030947205460517546,0.0,0.0,[22]
34,8,0.11034195041022499,0.002636416540326314,3.141592653589793,0.0,[28]
43,9,0.13613048742324996,0.01316299412601385,3.141592653589793,0.0,[34]
50,10,0.1414962162873118,0.013980017688664192,3.141592653589793,0.0,[43]
57,11,0.14866046121754584,0.012730338036678557,3.141592653589793,0.0,[50]
65,12,0.16890445506091378,0.01470381987702507,3.141592653589793,0.0,[57]
69,13,0.17265560042106864,0.016495778750670653,3.141592653589793,0.0,[65]
77,14,0.1849583942531693,0.008766642207900799,3.141592653589793,0.0,[69]
101,15,0.20539433688623332,0.026933330283286927,3.141592653589793,0.0,[77]
112,16,0.21555447321341914,0.03676298126495137,3.141592653589793,0.0,[101]
122,17,0.22630559832896224,0.037030028788445524,3.141592653589793,0.0,[112]
128,18,0.23278942465642716,0.03413262698729713,3.141592653589793,0.0,[122]
176,19,0.2705336873353372,0.016199436225417307,3.141592653589793,0.0,[128]
177,19,0.2715173211377918,0.02980897787393555,3.141592653589793,0.0,[128]
188,19,0.2821849008814209,0.0031606668429682294,3.141592653589793,0.0,[128]
202,20,0.2900764539324202,7.367430878502113e-05,3.141592653589793,0.0,[176 188]
203,20,0.29007970654592274,0.015058046689437554,3.141592653589793,0.0,[176 177]
218,20,0.29717804904472145,0.029811573049790985,3.141592653589793,0.0,[176 177]
219,21,0.29731198121929103,0.005366861511358678,3.141592653589793,0.0,[202]
239,21,0.30828194251663754,0.028880938415929758,3.141592653589793,0.0,[203 218]
236,22,0.3066957881182629,0.013967000901980442,3.141592653589793,0.0,[219]
241,22,0.31050850642594374,0.0036850489111205365,3.141592653589793,0.0,[219]
250,22,0.3147966217555428,0.03478335153957912,3.141592653589793,0.0,[239]
251,23,0.31519225686611363,0.004534594121660018,3.141592653589793,0.0,[241]
265,23,0.32636521941115115,0.023707796293626515,3.141592653589793,0.0,[236 250]
296,23,0.3439041280895797,0.05853833081766524,3.141592653589793,0.0,[250]
292,24,0.3400527355133147,0.019490193387006083,3.141592653589793,0.0,[251 265]
316,24,0.35362148903997404,0.06321011179105396,3.141592653589793,0.0,[296]
319,25,0.35542316357633463,0.023218132603117447,3.141592653589793,0.0,[292]
352,25,0.36851472648157146,0.07097092120386783,3.141592653589793,0.0,[316]
360,25,0.3707365246298866,0.05410836100256522,3.141592653589793,0.0,[316]
395,26,0.3881023381762714,0.07486321666173434,3.141592653589793,0.0,[352]
420,26,0.39912921217911435,0.06357166649533907,3.141592653589793,0.0,[319 352 360]
423,26,0.40008842930050104,0.05941545069602561,3.141592653589793,0.0,[319 352 360]
454,27,0.4138279321677487,0.06656001423859248,3.141592653589793,0.0,[395 420 423]
487,28,0.4308806270917849,0.05538909440213435,3.141592653589793,0.0,[454]
510,29,0.4412450145563256,0.05067391255595122,3.141592653589793,0.0,[487]
528,29,0.4485183060274347,0.0712350975328444,3.141592653589793,0.0,[487]
543,30,0.4529858069774356,0.04337722872621996,3.141592653589793,0.0,[510]
554,30,0.4585763707527215,0.06680520574976412,3.141592653589793,0.0,[510 528]
561,31,0.46164702740034613,0.06678800344582259,3.141592653589793,0.0,[554]
571,31,0.4656440296666474,0.048187779241768314,3.141592653589793,0.0,[543]
614,32,0.48234021824977247,0.07984123343817151,3.141592653589793,0.0,[561]
629,32,0.4890119870686608,0.028550142518469657,3.141592653589793,0.0,[571]
633,32,0.489429252344738,0.05359092407423982,3.141592653589793,0.0,[561 571]
656,33,0.500266655064681,0.06513405463578281,3.141592653589793,0.0,[614]
701,33,0.5169413115310768,0.030322765183699474,3.141592653589793,0.0,[629 633]
742,34,0.5308093584372042,0.040489661225524,3.141592653589793,0.0,[656 701]
806,35,0.5573016231440002,0.01718094290435057,3.141592653589793,0.0,[742]
833,36,0.5693708279568598,0.019979845040554056,3.141592653589793,0.0,[806]
849,37,0.5826964846604717,0.008824772866216302,3.141592653589793,0.0,[833]
854,38,0.5843013164034438,0.009706245851471285,3.141592653589793,0.0,[849]
928,39,0.624952141572003,0.004527206712006682,0.0,0.0,[854]
940,40,0.6321634857189007,0.00432407431564219,0.0,0.0,[928]
948,41,0.6365727362901059,0.0011545566155334308,0.0,0.0,[940]
953,42,0.6384876534931453,0.00015206504631215534,3.141592653589793,0.0,[948]
989,43,0.6622388359083867,0.003771615936811412,0.0,0.0,[953]
1013,43,0.6700056491550188,0.020921532999492398,3.141592653589793,0.0,[953]
1019,43,0.6738600126996608,0.019008243296237737,0.0,0.0,[953]
1034,44,0.684611442411229,0.021051489603302165,0.0,0.0,[ 989 1019]
1035,44,0.6847393647912751,0.02771684704395949,3.141592653589793,0.0,[1013]
1047,45,0.6925201390166039,0.01593732192401054,0.0,0.0,[1034]
1072,45,0.7102234524481539,0.018590446732827504,3.141592653589793,0.0,[1035]
1079,45,0.7136144195622907,0.03665017020542172,3.141592653589793,0.0,[1035]
1068,46,0.7056154295085489,0.02418697500728806,0.0,0.0,[1047]
1092,46,0.721362957540998,0.006648147919169567,0.0,0.0,[1047]
1106,46,0.7310345082967924,0.03029660472604101,3.141592653589793,0.0,[1072 1079]
1109,47,0.7330955644847842,0.018035003977383224,0.0,0.0,[1068 1092]
1110,47,0.7336057528751728,0.003031646095863705,3.141592653589793,0.0,[1068 1092]
1117,47,0.7357593993184247,0.0333208316514545,3.141592653589793,0.0,[1106]
1128,47,0.7412740349243617,0.0070446818934039035,0.0,0.0,[1068 1092]
1129,47,0.7413560361364052,0.029150896542744387,0.0,0.0,[1068]
1126,48,0.7408765448079964,0.03646598726322203,3.141592653589793,0.0,[1117]
1134,48,0.7437075354583135,0.005813780684904901,0.0,0.0,[1110 1128]
1142,48,0.7471809586682329,0.0232816338791747,3.141592653589793,0.0,[1117]
1145,48,0.7513150750123077,0.035199685866611374,0.0,0.0,[1109 1129]
1173,49,0.767637830388905,0.014140929457855611,3.141592653589793,0.0,[1126 1134 1142]
1175,49,0.768785045895137,0.004820771147212355,3.141592653589793,0.0,[1134 1142]
1192,49,0.7812482699351193,0.012470175497557467,0.0,0.0,[1134 1145]
1198,50,0.7884908252691377,0.006150641895803166,0.0,0.0,[1173 1175 1192]
1212,51,0.8098296232124337,0.012686092802909776,0.0,0.0,[1198]
1233,52,0.8361481706721585,0.03449177519270241,0.0,0.0,[1212]
1234,53,0.8391496037599109,0.031695605238126534,0.0,0.0,[1233]
1245,54,0.8546261585052773,0.01737549208511957,0.0,0.0,[1234]
1250,54,0.8600264987407199,0.030611717775294034,0.0,0.0,[1234]
1257,55,0.8676092072701445,0.009472301789376192,0.0,0.0,[1245]
1260,55,0.8694625107095123,0.0073344440109487374,0.0,0.0,[1245]
1265,55,0.8728397927172435,0.03967189475913058,0.0,0.0,[1250]
1267,56,0.8774707828585252,0.015073563635913612,0.0,0.0,[1257 1260]
1272,56,0.8818499594681065,0.039982469887614336,0.0,0.0,[1265]
1273,57,0.8833198554754288,0.010234756641031462,0.0,0.0,[1267]
1277,57,0.8871295319125623,0.03609175777005791,0.0,0.0,[1272]
1287,58,0.8997606223848198,0.03540258890907122,0.0,0.0,[1277]
1288,58,0.9008729667162145,0.01471150094301521,0.0,0.0,[1273]
1290,59,0.907332462682489,0.009489088369352694,0.0,0.0,[1288]
1295,59,0.9140916737131379,0.024673645978894432,0.0,0.0,[1287 1288]
1296,59,0.9183267192675323,0.031979885263245134,0.0,0.0,[1287 1288]
1300,60,0.9296277470710144,0.004543146691400324,3.141592653589793,0.0,[1290]
1301,60,0.9331643410196285,0.017201228068343788,0.0,0.0,[1290 1295 1296]
1302,61,0.9361412029756172,0.002100274184291928,3.141592653589793,0.0,[1300]
1304,61,0.9435213861428016,0.020563522989131333,0.0,0.0,[1301]
1306,62,0.9589696152294075,0.01856578025552702,3.141592653589793,0.0,[1302]
1307,62,0.9663777637540741,0.005720174466516181,3.141592653589793,0.0,[1302]
1308,62,0.9673181482944265,0.014494530549038487,0.0,0.0,[1302 1304]
1309,62,0.9698951941486224,0.021038859505460028,0.0,0.0,[1302 1304]
1310,63,1.0,0.0,3.141592653589793,0.0,[1306 1307 1308 1309]
0,0,0.0,0.0,3.141592653589793,0.0,[]
1,1,0.013482482255944173,0.005192495065750813,3.141592653589793,0.0,[0]
2,2,0.01591228693991631,0.004822806255276424,3.141592653589793,0.0,[1]
5,3,0.0458003012444923,0.02674266983038809,3.141592653589793,0.0,[2]
10,4,0.06704318216015581,0.04710486612506004,3.141592653589793,0.0,[5]
13,5,0.07646759314042251,0.043836195738842454,3.141592653589793,0.0,[10]
39,6,0.12205821294832031,0.0849666503827059,3.141592653589793,0.0,[13]
46,7,0.1372339189885693,0.09907653271119998,3.141592653589793,0.0,[39]
54,8,0.14514632707009678,0.09327025599669525,3.141592653589793,0.0,[46]
55,8,0.147527360918133,0.1021242249543588,3.141592653589793,0.0,[46]
70,9,0.16422153021809038,0.08351387691752987,3.141592653589793,0.0,[54]
79,9,0.17315441507830243,0.09572071504001156,3.141592653589793,0.0,[54 55]
77,10,0.17307432911990006,0.08203400139463213,3.141592653589793,0.0,[70]
85,10,0.17674723529361924,0.09694745067816113,3.141592653589793,0.0,[79]
92,11,0.1823898100275193,0.07658346399101967,3.141592653589793,0.0,[77]
95,11,0.18829531643967634,0.08325387508659077,3.141592653589793,0.0,[77]
97,11,0.18863157167716282,0.08880494525883142,3.141592653589793,0.0,[77 85]
100,12,0.1900113001916901,0.07571618662487034,3.141592653589793,0.0,[92]
109,12,0.19755060917210632,0.08819735504734938,3.141592653589793,0.0,[92 95 97]
120,13,0.20930541371395184,0.08625586787273065,3.141592653589793,0.0,[100 109]
127,14,0.21876913654996877,0.09336056331618481,3.141592653589793,0.0,[120]
130,14,0.21985142906050847,0.09646782362879569,3.141592653589793,0.0,[120]
140,15,0.22984262736621164,0.10308027040860046,3.141592653589793,0.0,[127 130]
158,16,0.24680776874302557,0.1172294525861608,3.141592653589793,0.0,[140]
162,17,0.2503206359961876,0.11593823108449497,3.141592653589793,0.0,[158]
175,18,0.25905636039531155,0.11985100311865815,3.141592653589793,0.0,[162]
201,19,0.27735294623953677,0.12045220050615679,3.141592653589793,0.0,[175]
213,20,0.2856753687025416,0.11423798912504413,3.141592653589793,0.0,[201]
235,21,0.2996542119929613,0.12755439173188743,3.141592653589793,0.0,[213]
258,22,0.3134281352588366,0.12092984894779713,3.141592653589793,0.0,[235]
273,23,0.32468941847859445,0.12903519777600903,3.141592653589793,0.0,[258]
302,24,0.3422959155079195,0.11649473122096965,3.141592653589793,0.0,[273]
344,25,0.36201175012744147,0.11236253393920059,3.141592653589793,0.0,[302]
378,25,0.38074190007787523,0.09134673153866868,3.141592653589793,0.0,[302]
386,26,0.386393958979216,0.10239522774192844,3.141592653589793,0.0,[344]
393,26,0.38868851057465004,0.09827204524415589,3.141592653589793,0.0,[344 378]
416,27,0.39684164072776995,0.10325013911511405,3.141592653589793,0.0,[386 393]
463,28,0.4212932414874512,0.0884348723345435,3.141592653589793,0.0,[416]
482,29,0.43216236079293346,0.09109357398352502,3.141592653589793,0.0,[463]
513,30,0.4432183051074077,0.08820011551419349,3.141592653589793,0.0,[482]
581,31,0.47193074570654203,0.08857009947831795,3.141592653589793,0.0,[513]
600,32,0.4794627595860793,0.09589021011183396,3.141592653589793,0.0,[581]
618,33,0.4875128103823815,0.09169239637623694,3.141592653589793,0.0,[600]
641,34,0.4971272917131423,0.09279892253564637,3.141592653589793,0.0,[618]
664,35,0.5047075270936927,0.08539977968492463,3.141592653589793,0.0,[641]
715,36,0.5255685251152523,0.07174899907045251,3.141592653589793,0.0,[664]
747,37,0.539403600866027,0.07781036677840203,3.141592653589793,0.0,[715]
765,38,0.5449115998690308,0.07934770688089865,3.141592653589793,0.0,[747]
779,39,0.5514749344721623,0.07336426704078591,3.141592653589793,0.0,[765]
803,40,0.5627660431000758,0.07827525003328184,3.141592653589793,0.0,[779]
821,41,0.5686068123132089,0.07377126169542392,3.141592653589793,0.0,[803]
845,42,0.5777359768639293,0.06606539338842987,3.141592653589793,0.0,[821]
863,43,0.5845151208900261,0.07255165908537498,3.141592653589793,0.0,[845]
918,44,0.6086227605008055,0.05556116187485083,3.141592653589793,0.0,[863]
933,45,0.6189535094691859,0.05631109924803246,3.141592653589793,0.0,[918]
942,46,0.6240487979768771,0.05666161582513651,3.141592653589793,0.0,[933]
967,47,0.6375950350159694,0.04786706143391839,3.141592653589793,0.0,[942]
1027,48,0.6718611180935022,0.016671840143145045,3.141592653589793,0.0,[967]
1032,48,0.6772389402780152,0.01084477096279779,3.141592653589793,0.0,[967]
1071,49,0.7060713742985286,0.010395550301679046,0.0,0.0,[1027 1032]
1086,49,0.7130649465960461,0.022354250505361994,0.0,0.0,[1027 1032]
1102,50,0.7236230005266197,0.023257491698379096,0.0,0.0,[1071 1086]
1121,51,0.7408514812387896,0.03108105274123285,0.0,0.0,[1102]
1127,52,0.7441593611743192,0.033395664624038646,0.0,0.0,[1121]
1139,53,0.751871634972549,0.03864271381842632,0.0,0.0,[1127]
1144,54,0.7536128407326445,0.039222179487871434,0.0,0.0,[1139]
1200,55,0.7926892033057718,0.05257676387786836,0.0,0.0,[1144]
1220,56,0.8141800026053483,0.06665739616476296,0.0,0.0,[1200]
1222,57,0.8158312874267908,0.06582942141092374,0.0,0.0,[1220]
1232,58,0.8290600669196214,0.057765248773633426,0.0,0.0,[1222]
1247,59,0.8501778598901137,0.07117263292713394,0.0,0.0,[1232]
1253,60,0.8591304298615168,0.06249048069520635,0.0,0.0,[1247]
1257,61,0.8640229279645899,0.06634958801779545,0.0,0.0,[1253]
1264,62,0.8691443710355982,0.06253802916896722,0.0,0.0,[1257]
1276,63,0.8853304649424069,0.049833224234495876,0.0,0.0,[1264]
1284,64,0.8976054737482466,0.04969790864220203,0.0,0.0,[1276]
1286,65,0.9033405531994969,0.04847507059121059,0.0,0.0,[1284]
1291,66,0.9156078452995113,0.04202016340532744,0.0,0.0,[1286]
1300,67,0.9449754204867601,0.014854197996291396,0.0,0.0,[1291]
1301,67,0.9456461064315708,0.024967722621881183,0.0,0.0,[1291]
1303,68,0.9612030349549587,0.019046399257455215,0.0,0.0,[1300 1301]
1304,68,0.9612638204178434,0.018680782256216832,0.0,0.0,[1300 1301]
1306,68,0.9658952550581024,0.0007610020645821836,0.0,0.0,[1300]
1307,69,0.9704275545973013,0.026355627561214123,0.0,0.0,[1303 1304]
1309,69,0.9805204342054546,0.012175282375385454,3.141592653589793,0.0,[1306]
1310,70,1.0,0.0,3.141592653589793,0.0,[1307 1309]
0,0,0.0,0.0,3.141592653589793,0.0,[]
1,1,0.008169259574059673,0.00023523612551401563,0.0,0.0,[0]
2,2,0.025809082008768525,0.00046727025759574214,3.141592653589793,0.0,[1]
6,2,0.05011383589729945,0.04028583156224952,3.141592653589793,0.0,[1]
4,3,0.03353821248805233,0.003627196858308812,3.141592653589793,0.0,[2]
9,3,0.06030111538670946,0.04681035827594804,3.141592653589793,0.0,[6]
5,4,0.04980307625258751,0.005638528728139636,3.141592653589793,0.0,[4]
7,4,0.05391909625746416,0.01288436786314584,3.141592653589793,0.0,[4]
8,4,0.05503544598347654,0.011505494737902633,3.141592653589793,0.0,[4]
17,4,0.08028079302312296,0.05139832339955708,3.141592653589793,0.0,[9]
10,5,0.0631748592279493,0.009209749648965704,3.141592653589793,0.0,[5 7 8]
11,5,0.06385380041322986,0.020749297185211568,3.141592653589793,0.0,[7]
21,5,0.08500184429211388,0.04693295160029698,3.141592653589793,0.0,[17]
14,6,0.07390736894594585,0.0061383016440912375,3.141592653589793,0.0,[10]
16,6,0.07762335467851678,0.00042025014107105463,0.0,0.0,[10]
23,6,0.09127197476025461,0.015375452313533988,0.0,0.0,[10]
25,6,0.09181580021249847,0.04048321763868057,3.141592653589793,0.0,[11 21]
35,6,0.11520507467763275,0.06617223756487522,3.141592653589793,0.0,[11 21]
38,6,0.12112620060357115,0.072509141014516,3.141592653589793,0.0,[11 21]
24,7,0.09177753255938237,0.0169817798504861,3.141592653589793,0.0,[14]
27,7,0.09688829394336229,0.005052320004488853,0.0,0.0,[14 16]
33,7,0.11093421666468795,0.020921319320051146,0.0,0.0,[14 16 23]
44,7,0.1271792505974827,0.07570724813524743,3.141592653589793,0.0,[25 35 38]
36,8,0.11764827672816947,0.009362848565515836,3.141592653589793,0.0,[24 27]
43,8,0.126222161138424,0.007777924993752072,0.0,0.0,[24 27 33]
60,8,0.14956012811997743,0.0863675074574336,3.141592653589793,0.0,[44]
70,8,0.16150360703931588,0.10368429740467322,3.141592653589793,0.0,[44]
71,8,0.16339175399854244,0.1059889510833707,3.141592653589793,0.0,[44]
47,9,0.13101871699310808,0.005577678052325674,0.0,0.0,[43]
48,9,0.13126244390382036,0.003852072758096625,3.141592653589793,0.0,[36]
81,9,0.17309050620061484,0.10320179713215394,3.141592653589793,0.0,[60 70 71]
51,10,0.13959930465344872,0.0071584473759619405,0.0,0.0,[47]
57,10,0.14780222035765456,0.005785257299954827,3.141592653589793,0.0,[47 48]
100,10,0.18896226070260858,0.117292134418444,3.141592653589793,0.0,[81]
58,11,0.14838618319562358,0.011862341950985122,0.0,0.0,[51]
59,11,0.1484590217255064,0.0016775948359546433,3.141592653589793,0.0,[51]
69,11,0.16094063704174266,0.016301320741403003,3.141592653589793,0.0,[57]
120,11,0.20219766923968707,0.10516496558438493,3.141592653589793,0.0,[100]
72,12,0.163417128523475,0.008439271261381998,3.141592653589793,0.0,[59]
78,12,0.1678909967824318,0.0008493071565476296,0.0,0.0,[58 59]
87,12,0.1770071028570862,0.02470602951015366,3.141592653589793,0.0,[59 69]
122,12,0.2053047387211132,0.10300216385817984,3.141592653589793,0.0,[120]
102,13,0.1901924628200269,0.021746365580711302,3.141592653589793,0.0,[72 87]
103,13,0.1910630899706659,0.005478748224881813,0.0,0.0,[72 78]
130,13,0.21321888650541143,0.10556349246889285,3.141592653589793,0.0,[122]
109,14,0.1967138120898686,0.006361026392034952,0.0,0.0,[103]
125,14,0.20697291988673006,0.024314063653769313,3.141592653589793,0.0,[102]
170,14,0.24384593169922453,0.12846771481934982,3.141592653589793,0.0,[130]
142,15,0.2197861971367916,0.029352154992098645,3.141592653589793,0.0,[125]
149,15,0.2270653108671351,0.010752049918928419,3.141592653589793,0.0,[109 125]
182,15,0.2539318893591842,0.13623252060735602,3.141592653589793,0.0,[170]
158,16,0.23123177165081088,0.013985330268943663,3.141592653589793,0.0,[149]
165,16,0.23674924177650014,0.021451586065512784,3.141592653589793,0.0,[142]
192,16,0.26240783222631625,0.13404285488770284,3.141592653589793,0.0,[182]
168,17,0.24269332217082662,0.019766555475909886,3.141592653589793,0.0,[158 165]
176,17,0.24748450523627197,0.025615428103861526,3.141592653589793,0.0,[158 165]
206,17,0.2718972913769705,0.1333099298925804,3.141592653589793,0.0,[192]
219,17,0.2774481766234552,0.14153723668026896,3.141592653589793,0.0,[192]
226,17,0.2854220403883694,0.15562421439035157,3.141592653589793,0.0,[192]
202,18,0.26856677246587934,0.030783943927295665,3.141592653589793,0.0,[168 176]
208,18,0.27322475612074093,0.038714835633481104,3.141592653589793,0.0,[168 176]
240,18,0.2942615441481532,0.15454305390195278,3.141592653589793,0.0,[206 219 226]
215,19,0.2759048112920742,0.03799279338121342,3.141592653589793,0.0,[202 208]
242,19,0.2957927931216917,0.15354177726871365,3.141592653589793,0.0,[240]
230,20,0.2879599775328505,0.04781308131125839,3.141592653589793,0.0,[215]
253,20,0.3057977782412602,0.15109021218436525,3.141592653589793,0.0,[242]
245,21,0.297141031890941,0.04808119001153943,3.141592653589793,0.0,[230]
257,21,0.3084239481439758,0.03252921970618827,3.141592653589793,0.0,[230]
258,21,0.30856861996656393,0.06280646088955211,3.141592653589793,0.0,[230]
263,21,0.30993649931070055,0.14845628539556266,3.141592653589793,0.0,[253]
298,22,0.3329838246908714,0.05077884742382399,3.141592653589793,0.0,[245 257 258]
326,22,0.34613073699416574,0.12021941207819808,3.141592653589793,0.0,[263]
332,23,0.34933337521342245,0.036502350109198334,3.141592653589793,0.0,[298]
333,23,0.3494064169452432,0.05895578881380936,3.141592653589793,0.0,[298]
334,23,0.3499556440454732,0.12050125357375774,3.141592653589793,0.0,[326]
350,24,0.3592253286479271,0.12851213080760926,3.141592653589793,0.0,[334]
353,24,0.36127352325353224,0.06845951526324534,3.141592653589793,0.0,[333]
362,24,0.3660629458190666,0.025561602307459963,3.141592653589793,0.0,[332]
374,25,0.37165556188949445,0.07881814580033075,3.141592653589793,0.0,[353]
387,25,0.3780987720840553,0.12972475374251835,3.141592653589793,0.0,[350]
416,25,0.3917973279651209,0.0013952965723482702,3.141592653589793,0.0,[362]
411,26,0.3890760142836851,0.08218618493080376,3.141592653589793,0.0,[374]
425,26,0.39524453348333255,0.11554903413611617,3.141592653589793,0.0,[387]
457,26,0.409562034199798,0.0029589316528915166,0.0,0.0,[416]
424,27,0.3951435348030926,0.0836720085051218,3.141592653589793,0.0,[411]
443,27,0.40334529160152277,0.12045546689784292,3.141592653589793,0.0,[425]
480,27,0.4184982442119919,0.003010914567741163,3.141592653589793,0.0,[457]
481,27,0.41854399407543563,0.005102102516833518,3.141592653589793,0.0,[457]
432,28,0.3981642649310426,0.08312890525959171,3.141592653589793,0.0,[424]
461,28,0.4118446160794307,0.11414950748458808,3.141592653589793,0.0,[443]
503,28,0.4283352356640653,0.0075867908364141146,3.141592653589793,0.0,[480 481]
517,28,0.43309938126070313,0.01630612428324152,3.141592653589793,0.0,[480 481]
451,29,0.407044436318042,0.0754497773838031,3.141592653589793,0.0,[432]
470,29,0.4153919901073212,0.11493669948088792,3.141592653589793,0.0,[461]
543,29,0.4426214842286348,0.020600541979852616,3.141592653589793,0.0,[503 517]
477,30,0.4175333732957859,0.11314169063543811,3.141592653589793,0.0,[470]
478,30,0.41792656629792013,0.06937855805235049,3.141592653589793,0.0,[451]
492,30,0.4214679510754771,0.08023464796910051,3.141592653589793,0.0,[451]
558,30,0.45142479700834526,0.013076567602718248,3.141592653589793,0.0,[543]
560,30,0.4519586920656078,0.03326386392387737,3.141592653589793,0.0,[451]
554,31,0.4507415353616264,0.0559791429208879,3.141592653589793,0.0,[478 492]
557,31,0.4513379252323366,0.10715662643762802,3.141592653589793,0.0,[477 492]
600,31,0.4690163558681565,0.08259842234519565,3.141592653589793,0.0,[477 478 492]
601,31,0.471087814212392,0.018361450088888454,3.141592653589793,0.0,[478 558 560]
597,32,0.468317436286968,0.04098053186709871,3.141592653589793,0.0,[554]
607,32,0.4727703547053721,0.04808627695764367,3.141592653589793,0.0,[554]
621,32,0.4768463527416503,0.02236772576150159,3.141592653589793,0.0,[601]
625,32,0.47741505508504145,0.09075011454440951,3.141592653589793,0.0,[557 600]
603,33,0.472272601384763,0.04074472319960343,3.141592653589793,0.0,[597]
624,33,0.47717381394735925,0.05079813598011851,3.141592653589793,0.0,[607]
634,33,0.48467820265462913,0.01697536509618902,3.141592653589793,0.0,[621]
641,33,0.4885574079355788,0.09006354828440855,3.141592653589793,0.0,[625]
643,33,0.4887237819208222,0.07994043099150194,3.141592653589793,0.0,[625]
636,34,0.4874683274735634,0.016800341141858133,3.141592653589793,0.0,[634]
723,34,0.5200155336838661,0.06416657428024763,3.141592653589793,0.0,[603 624 641 643]
647,35,0.4895287984294294,0.015333616512527404,3.141592653589793,0.0,[636]
706,35,0.5138150349267724,0.041302281876564595,3.141592653589793,0.0,[636]
746,35,0.5295686819243491,0.06526670665800682,3.141592653589793,0.0,[723]
675,36,0.49955951662638043,0.00657774051781046,3.141592653589793,0.0,[647]
741,36,0.5277861853418727,0.04652804937505839,3.141592653589793,0.0,[647 706]
770,36,0.540555581534054,0.06549243231940116,3.141592653589793,0.0,[647 706 746]
733,37,0.523795692791102,0.008437390816654178,3.141592653589793,0.0,[675]
734,37,0.5242148379864571,0.009265846076814577,3.141592653589793,0.0,[675]
782,37,0.5469013269223703,0.05764474816684795,3.141592653589793,0.0,[741]
796,37,0.5532898773052606,0.06648143828810493,3.141592653589793,0.0,[741 770]
751,38,0.5308087044765585,0.013135397031691975,3.141592653589793,0.0,[733 734]
763,38,0.5375780578302418,0.004828032989222408,0.0,0.0,[733]
820,38,0.5633159598559615,0.07096679011407703,3.141592653589793,0.0,[782 796]
828,39,0.5662874025537313,0.026561422315329875,0.0,0.0,[763]
841,39,0.572354646180502,0.019436812775515677,3.141592653589793,0.0,[751 763]
871,39,0.5927394092767144,0.09717349882322479,3.141592653589793,0.0,[820]
856,40,0.5840410942377126,0.02872940600669216,0.0,0.0,[828]
860,40,0.5861693657334915,0.018609278465164136,3.141592653589793,0.0,[841]
869,40,0.5921841350911331,0.026966112627765937,3.141592653589793,0.0,[841]
879,40,0.5951011579082001,0.03289572225750792,3.141592653589793,0.0,[841]
884,40,0.5981199799334013,0.09475752592972253,3.141592653589793,0.0,[871]
887,41,0.599273445820371,0.04302820419531672,0.0,0.0,[856]
894,41,0.6053330133083892,0.09257930712641183,3.141592653589793,0.0,[884]
906,41,0.6099999044569167,0.033206965223725904,3.141592653589793,0.0,[860 869 879]
889,42,0.6007419047450344,0.04232712039993314,0.0,0.0,[887]
895,42,0.6063816977590971,0.09195501409609297,3.141592653589793,0.0,[894]
929,42,0.6240474936194861,0.03209898418068491,3.141592653589793,0.0,[906]
901,43,0.6084293278600105,0.03546761599068038,0.0,0.0,[889]
944,43,0.6326248055686846,0.030004845348997167,3.141592653589793,0.0,[929]
948,43,0.6353592438340342,0.09278287244136507,3.141592653589793,0.0,[895]
924,44,0.6203292156964424,0.04695502404387186,0.0,0.0,[901]
961,44,0.6391833600617634,0.03534044814332549,3.141592653589793,0.0,[944]
964,44,0.6411407599085939,0.024850790475697493,0.0,0.0,[901]
974,44,0.6465096053322217,0.1032090161954361,3.141592653589793,0.0,[948]
979,44,0.6509249981362526,0.0006020684155341183,3.141592653589793,0.0,[901]
993,45,0.6566125829552453,0.02094089588558512,3.141592653589793,0.0,[961]
997,45,0.659483871267186,0.04662552001608977,3.141592653589793,0.0,[961]
998,45,0.659736381085078,0.11357225897903955,3.141592653589793,0.0,[974]
1001,45,0.6611262093383442,0.015500597465813448,3.141592653589793,0.0,[961]
1004,45,0.6633154188730935,0.011503011140965191,0.0,0.0,[924 964 979]
1010,45,0.6652487471340176,0.029176006894546358,0.0,0.0,[924 964]
1005,46,0.6640400896525658,0.04550750122354441,3.141592653589793,0.0,[997]
1019,46,0.6691378124901046,0.11106063008210698,3.141592653589793,0.0,[998]
1061,46,0.6952060241887955,0.0032566041348497388,0.0,0.0,[ 993 1001 1004 1010]
1022,47,0.6711658367998123,0.048649904780290965,3.141592653589793,0.0,[1005]
1036,47,0.6816253551785211,0.12066548035381675,3.141592653589793,0.0,[1019]
1041,47,0.6853017278723843,0.1034776288882494,3.141592653589793,0.0,[1019]
1076,47,0.7029657985568422,0.000981516716546782,0.0,0.0,[1061]
1058,48,0.6939334153979171,0.04242571549090235,3.141592653589793,0.0,[1022]
1059,48,0.6945017006872728,0.04961236120732626,3.141592653589793,0.0,[1022]
1065,48,0.6967413610284443,0.03564695997086487,3.141592653589793,0.0,[1022]
1080,48,0.7045265445509656,0.0002520942579824492,3.141592653589793,0.0,[1076]
1093,48,0.7128222778583793,0.09300382334064083,3.141592653589793,0.0,[1036 1041]
1069,49,0.700136816061857,0.03303140420232176,3.141592653589793,0.0,[1065]
1087,49,0.7099455340063761,0.002245844324023083,3.141592653589793,0.0,[1080]
1099,49,0.7150118338969372,0.05562822679655888,3.141592653589793,0.0,[1058 1059]
1121,49,0.7313065913252854,0.07700898235437825,3.141592653589793,0.0,[1058 1059 1093]
1102,50,0.7169555117589607,0.023494660297698422,3.141592653589793,0.0,[1069]
1107,50,0.7221468945315437,0.0023092668434209207,0.0,0.0,[1087]
1130,50,0.7351826753574908,0.02064758819154844,0.0,0.0,[1087]
1134,50,0.73698663538997,0.06359910257676116,3.141592653589793,0.0,[1069 1099]
1136,50,0.7392679951316019,0.07663632062030634,3.141592653589793,0.0,[1099 1121]
1139,51,0.7437215091886684,0.04169634816582235,3.141592653589793,0.0,[1102]
1148,51,0.7492535814980065,0.014868397831544478,0.0,0.0,[1107 1130]
1149,51,0.7501944315824369,0.010989840307670695,3.141592653589793,0.0,[1102 1107]
1152,51,0.7524810329951105,0.07941046057988665,3.141592653589793,0.0,[1136]
1154,51,0.7542295989768738,0.07431634276447929,3.141592653589793,0.0,[1134 1136]
1156,51,0.7545103610673891,0.0852169579368377,3.141592653589793,0.0,[1136]
1161,52,0.7578925373082794,0.010064020998106327,0.0,0.0,[1148]
1170,52,0.7650477064328405,0.07736326102169255,3.141592653589793,0.0,[1152 1154 1156]
1191,52,0.7787953952164243,0.03349116104706995,3.141592653589793,0.0,[1139 1149]
1199,52,0.7890179266172808,0.04579660167440036,3.141592653589793,0.0,[1139 1149 1152 1154]
1181,53,0.7740708872421105,0.0009687484873331931,3.141592653589793,0.0,[1161]
1209,53,0.8039872321107705,0.047730132288798965,3.141592653589793,0.0,[1170 1191 1199]
1207,54,0.7997382410831079,0.02253387731758516,3.141592653589793,0.0,[1181]
1212,54,0.8084293753909139,0.032678858594835436,3.141592653589793,0.0,[1181]
1230,54,0.8253009089921958,0.05043809567350954,3.141592653589793,0.0,[1181 1209]
1242,55,0.8414514059096597,0.04287041260817881,3.141592653589793,0.0,[1207 1212 1230]
1245,56,0.8440869316107906,0.04148042198157864,3.141592653589793,0.0,[1242]
1259,57,0.8628484653040547,0.029245003064419017,3.141592653589793,0.0,[1245]
1262,58,0.8662267621177517,0.026281598367946746,3.141592653589793,0.0,[1259]
1265,59,0.8740510188153265,0.023591532709673513,3.141592653589793,0.0,[1262]
1281,60,0.8885690842018724,0.014223005468843364,3.141592653589793,0.0,[1265]
1290,61,0.9051266195411946,0.022812512384950856,3.141592653589793,0.0,[1281]
1293,61,0.9144410467761566,0.004087861879902288,0.0,0.0,[1281]
1294,62,0.9215098861746001,0.0023578945085803715,0.0,0.0,[1293]
1296,62,0.931793054353184,0.018586373116023402,3.141592653589793,0.0,[1290]
1298,62,0.9335925505448699,0.019057604069865786,0.0,0.0,[1293]
1299,63,0.9391188568656401,0.008430764695726567,0.0,0.0,[1294]
1301,63,0.9487387434688043,0.021304117015702895,0.0,0.0,[1294 1298]
1304,63,0.9600519484829162,0.025991979093160644,3.141592653589793,0.0,[1294 1296]
1305,64,0.9614505043722746,0.009916405353720181,0.0,0.0,[1299 1301]
1308,64,0.9779058096768994,0.016041322183087847,3.141592653589793,0.0,[1299 1304]
1309,65,0.9953387684447957,0.003408479638789874,3.141592653589793,0.0,[1305 1308]
1310,66,1.0,0.0,3.141592653589793,0.0,[1309]
0,0,0.0,0.0,3.141592653589793,0.0,[]
1,1,0.010574116747809947,0.006744526479027901,0.0,0.0,[0]
2,2,0.022595849678391122,0.010387675083207926,0.0,0.0,[1]
4,2,0.025630997936964994,0.021592970776388887,0.0,0.0,[1]
7,3,0.05041391674543283,0.030720491493371305,0.0,0.0,[2 4]
16,4,0.0707588468564635,0.028249898477006985,0.0,0.0,[7]
21,5,0.08329898441200623,0.04075837112101821,0.0,0.0,[16]
25,6,0.08889955718764109,0.04018287232175599,0.0,0.0,[21]
30,7,0.09246763598230023,0.041011298555818754,0.0,0.0,[25]
41,8,0.11216948880945876,0.028138951598110085,0.0,0.0,[30]
43,8,0.11317958779721626,0.026677767704465838,0.0,0.0,[30]
53,9,0.12502383284577068,0.03487943742058697,0.0,0.0,[41 43]
63,10,0.14616079199247511,0.04587017320560871,0.0,0.0,[53]
74,11,0.16193028685293775,0.04561112852359339,0.0,0.0,[63]
83,12,0.1722940994994132,0.04697321502175411,0.0,0.0,[74]
90,13,0.1778973382813116,0.041374139753942774,0.0,0.0,[83]
93,14,0.18374216264863608,0.04700414283472332,0.0,0.0,[90]
109,15,0.2011537534483291,0.04111780013232669,0.0,0.0,[93]
123,16,0.21276533481469373,0.03065653645382871,0.0,0.0,[109]
143,17,0.2329836906192737,0.022814665282239632,0.0,0.0,[123]
160,18,0.24515493591048598,0.014744948441801409,0.0,0.0,[143]
162,18,0.2464832398019955,0.019645408178806334,0.0,0.0,[143]
176,19,0.2579593007519153,0.009729953238114764,0.0,0.0,[160 162]
216,20,0.2840658913726768,0.00906191691999747,3.141592653589793,0.0,[176]
239,21,0.2963428152131251,0.021308209186353344,3.141592653589793,0.0,[216]
261,22,0.3123522503382906,0.009345819052830828,3.141592653589793,0.0,[239]
268,22,0.31575902238613085,0.021856665697822186,3.141592653589793,0.0,[239]
281,23,0.32386699778459094,0.019549525914158594,3.141592653589793,0.0,[261 268]
326,24,0.3524404445220647,0.004939908307322383,3.141592653589793,0.0,[281]
338,25,0.361121034033567,0.0024136402397256784,0.0,0.0,[326]
350,26,0.3695684467784627,0.0006218169918494887,3.141592653589793,0.0,[338]
359,27,0.37301561041246345,0.0034970937523727263,3.141592653589793,0.0,[350]
383,28,0.39144536444127687,0.005523767927137491,0.0,0.0,[359]
409,29,0.4004966948364773,0.010245135458455845,0.0,0.0,[383]
454,30,0.4248517840757281,0.004509762296671438,0.0,0.0,[409]
462,30,0.42773179764453473,0.011494866733649634,3.141592653589793,0.0,[409]
480,31,0.4329959853641986,0.009286752683256183,0.0,0.0,[454]
489,31,0.4386308167010796,0.015246785676688801,3.141592653589793,0.0,[462]
506,32,0.44798199550478734,0.020895841674582694,3.141592653589793,0.0,[489]
523,32,0.4555609786260345,0.021172199320888874,0.0,0.0,[480]
536,33,0.4603318226849651,0.022643158240494343,0.0,0.0,[523]
573,33,0.47498920391729293,0.005226346980892971,0.0,0.0,[506 523]
585,34,0.48007945523858786,0.007903238401851587,0.0,0.0,[536 573]
611,35,0.48889012509009855,0.01005677079979772,0.0,0.0,[585]
627,36,0.49693104127540644,0.013812965218269024,0.0,0.0,[611]
660,37,0.5056796960742995,0.005191949564146259,0.0,0.0,[627]
710,38,0.522624923646898,0.01690630241060509,0.0,0.0,[660]
716,38,0.5245490007488142,0.022674628188964485,0.0,0.0,[660]
750,39,0.5386898372796678,0.03142749669584699,0.0,0.0,[710 716]
768,39,0.5459471987022607,0.003959634419684166,0.0,0.0,[710 716]
769,40,0.5459873197310716,0.033781912787020474,0.0,0.0,[750]
777,40,0.5505687201312568,0.022814245477733364,0.0,0.0,[750]
798,40,0.561126919107359,0.010055756405754623,3.141592653589793,0.0,[768]
812,41,0.5659886945360884,0.019440996296058888,0.0,0.0,[769 777]
817,41,0.5669121420997858,0.0045774263206791455,3.141592653589793,0.0,[798]
837,41,0.5735504577682861,0.020481810697143388,3.141592653589793,0.0,[798]
840,41,0.5739877807759329,0.015385846999908748,3.141592653589793,0.0,[798]
857,41,0.5808887268518218,0.06225668912258708,0.0,0.0,[769]
863,41,0.5835154617008615,0.06953551007243397,0.0,0.0,[769]
851,42,0.579163749266533,0.032047457819668224,0.0,0.0,[812]
871,42,0.5880979820749239,0.0009014663530751976,3.141592653589793,0.0,[812 817]
886,42,0.5972361132650962,0.03126801438571325,3.141592653589793,0.0,[817 837 840]
890,42,0.6001843822385413,0.05858004859123278,0.0,0.0,[857 863]
909,43,0.6094002365719429,0.02895989121391329,3.141592653589793,0.0,[886]
910,43,0.6112992702127933,0.01347035980105582,3.141592653589793,0.0,[871]
918,43,0.6148530822663545,0.042469933622773404,3.141592653589793,0.0,[886]
952,43,0.6271367472142638,0.05740970245335686,3.141592653589793,0.0,[886]
954,43,0.6280819813665109,0.054661215073943614,0.0,0.0,[851 890]
947,44,0.6267266615490673,0.001177990114608507,3.141592653589793,0.0,[910]
965,44,0.631676595675315,0.05537916637338969,0.0,0.0,[954]
966,44,0.6318248017365274,0.010404857212217955,3.141592653589793,0.0,[909 910]
987,44,0.6429919076614072,0.04421663913903906,3.141592653589793,0.0,[909 910 918 952]
981,45,0.6389952694662169,0.05301257685262295,0.0,0.0,[965]
1005,45,0.6518735846418456,0.040465264965081515,3.141592653589793,0.0,[987]
1006,45,0.6523537898002357,0.06712900515262255,0.0,0.0,[965]
1010,45,0.6543222818706191,0.0273995679991047,3.141592653589793,0.0,[947 966]
1013,45,0.6567582627321504,0.011839537473661288,3.141592653589793,0.0,[947 966]
1037,46,0.6683422514278625,0.021958215880938825,3.141592653589793,0.0,[1010 1013]
1041,46,0.6693832456942933,0.05314629561179618,3.141592653589793,0.0,[1005]
1053,46,0.6764363970184268,0.058521647449514824,0.0,0.0,[ 981 1006]
1058,46,0.6778146018414756,0.08508277713055856,0.0,0.0,[ 981 1006]
1054,47,0.6765445418583724,0.02622672723773467,3.141592653589793,0.0,[1037]
1055,47,0.6769740457855021,0.052749392472424717,3.141592653589793,0.0,[1041]
1089,47,0.705042888754247,0.0758943060650229,0.0,0.0,[1053 1058]
1062,48,0.6821326427412858,0.022234797332468248,3.141592653589793,0.0,[1054]
1064,48,0.6839853957903538,0.054130011643013565,3.141592653589793,0.0,[1055]
1108,48,0.7180196680766057,0.06325561134440694,0.0,0.0,[1089]
1067,49,0.6869801377185016,0.052394676768784954,3.141592653589793,0.0,[1064]
1076,49,0.6956192836226567,0.028364303000734337,3.141592653589793,0.0,[1062]
1124,49,0.7275840274424507,0.055015829336140354,0.0,0.0,[1108]
1103,50,0.715643103670734,0.026476146719966343,3.141592653589793,0.0,[1067 1076]
1150,50,0.7433146044236951,0.05161588171234066,0.0,0.0,[1124]
1125,51,0.7278510450241428,0.021427420981108947,3.141592653589793,0.0,[1103]
1159,51,0.7508633072976213,0.05316411916101138,0.0,0.0,[1150]
1135,52,0.7324690962667765,0.02119466090307931,3.141592653589793,0.0,[1125]
1169,52,0.7555232398285938,0.05235966160087524,0.0,0.0,[1159]
1173,52,0.7579357656233539,0.048045289266463564,0.0,0.0,[1159]
1181,52,0.762548966757767,0.04206292133835854,0.0,0.0,[1159]
1164,53,0.7528924935385417,0.012579344163546224,3.141592653589793,0.0,[1135]
1165,53,0.7532429926322739,0.0059680456071335986,3.141592653589793,0.0,[1135]
1188,53,0.7716357748542211,0.0392201386029114,0.0,0.0,[1169 1173 1181]
1189,54,0.7727996781113862,0.0010055253827736532,3.141592653589793,0.0,[1164 1165]
1210,54,0.7937346131405606,0.020940634358161292,0.0,0.0,[1164 1165 1188]
1212,54,0.7948139609545594,0.025717369836352755,0.0,0.0,[1164 1165 1188]
1229,55,0.8112397015239718,0.03644912259683797,0.0,0.0,[1189 1210 1212]
1236,56,0.8172181775923175,0.03381073182374161,0.0,0.0,[1229]
1267,57,0.8574427077335062,0.07228513477551479,0.0,0.0,[1236]
1272,58,0.8627578845611655,0.06972843766725345,0.0,0.0,[1267]
1281,59,0.8826439501661524,0.05677576531862971,0.0,0.0,[1272]
1289,60,0.8972841379597611,0.05280073865214607,0.0,0.0,[1281]
1290,61,0.9005734940761946,0.052342634326929205,0.0,0.0,[1289]
1295,62,0.9188961182218768,0.04152692953335746,0.0,0.0,[1290]
1297,63,0.9314335903025222,0.04236759777946608,0.0,0.0,[1295]
1301,64,0.939845329581999,0.040622300827887314,0.0,0.0,[1297]
1302,64,0.9420220028985181,0.046351303044814274,0.0,0.0,[1297]
1308,65,0.9921809065911871,0.005343263870786985,3.141592653589793,0.0,[1301]
1309,65,0.9938391292527836,0.0019301188803692026,3.141592653589793,0.0,[1301 1302]
1310,66,1.0,0.0,3.141592653589793,0.0,[1308 1309]
0,0,0.0,0.0,3.141592653589793,0.0,[]
2,1,0.035879072612737484,0.006435709700319814,3.141592653589793,0.0,[0]
9,1,0.06310937363323632,0.039608619963552694,3.141592653589793,0.0,[0]
11,1,0.06515370879149851,0.059367632098421885,3.141592653589793,0.0,[0]
7,2,0.04592769808698238,0.01608914387322591,3.141592653589793,0.0,[2]
10,2,0.06438919684985123,0.04087832880833231,3.141592653589793,0.0,[9]
15,2,0.07315201565832297,0.058969883759730335,3.141592653589793,0.0,[11]
16,3,0.07525624256176433,0.032114804796038454,3.141592653589793,0.0,[ 7 10]
17,3,0.08116339986858812,0.052362363094073716,3.141592653589793,0.0,[10 15]
25,4,0.0934846103986644,0.03622622125404895,3.141592653589793,0.0,[16]
26,4,0.09480184004010828,0.04323683440025672,3.141592653589793,0.0,[16 17]
30,5,0.10851747122828093,0.03203311716449431,3.141592653589793,0.0,[25 26]
35,6,0.11700343967687699,0.040141845659055986,3.141592653589793,0.0,[30]
42,7,0.12860280394023127,0.03354110551683687,3.141592653589793,0.0,[35]
46,8,0.13539937048117234,0.0285217205372138,3.141592653589793,0.0,[42]
53,9,0.14317384290798207,0.030980509919481536,3.141592653589793,0.0,[46]
67,10,0.155885743037251,0.027478931538515772,3.141592653589793,0.0,[53]
74,11,0.1652297996526918,0.022049025122997556,3.141592653589793,0.0,[67]
94,12,0.186810705693376,0.026629387955994566,3.141592653589793,0.0,[74]
97,13,0.18946853727574975,0.02732164812188964,3.141592653589793,0.0,[94]
118,14,0.21831790654200156,0.012113442490825799,3.141592653589793,0.0,[97]
136,15,0.23988298028280253,0.019682768525405403,3.141592653589793,0.0,[118]
145,16,0.24664835111035976,0.02392758142653917,3.141592653589793,0.0,[136]
148,17,0.24994897605390654,0.02160238302747919,3.141592653589793,0.0,[145]
157,18,0.25758966464723343,0.01452876989436902,3.141592653589793,0.0,[148]
172,19,0.2703000412067095,0.0076628589000619085,3.141592653589793,0.0,[157]
176,20,0.27645086064071556,0.0064462391741851865,3.141592653589793,0.0,[172]
190,21,0.2862361832477517,0.011546730430481156,3.141592653589793,0.0,[176]
215,22,0.3031552781327209,0.01753256188332275,3.141592653589793,0.0,[190]
229,22,0.31059689501207677,0.0023491597584566204,0.0,0.0,[190]
246,23,0.3218491213686845,0.03153016167442635,3.141592653589793,0.0,[215]
270,23,0.34047616625915944,0.008890071619035766,0.0,0.0,[215 229]
280,23,0.3500147468593734,0.02190199644239732,0.0,0.0,[215 229]
285,24,0.35211072310686786,0.031767385055564645,3.141592653589793,0.0,[246]
293,24,0.358424427550075,0.014916085324576112,0.0,0.0,[270 280]
294,24,0.35846522204983033,0.01731185547848646,0.0,0.0,[270 280]
296,25,0.3589642082869,0.025478186798569058,3.141592653589793,0.0,[285]
313,25,0.36904116817211985,0.012213951061022299,0.0,0.0,[293 294]
326,25,0.3737337513852447,0.01695861622277317,0.0,0.0,[293 294]
328,26,0.374957174888744,0.016896973338760723,0.0,0.0,[313 326]
329,26,0.37524622344470204,0.023032249895076684,3.141592653589793,0.0,[296]
349,26,0.3843748584200112,0.0454883748821856,3.141592653589793,0.0,[296]
339,27,0.3817686414701478,0.02691403181240981,3.141592653589793,0.0,[329]
346,27,0.38342204822938475,0.01883147456992207,3.141592653589793,0.0,[329]
362,27,0.3910531151220129,0.02140473555991307,0.0,0.0,[328]
375,27,0.3973715150410233,0.008171285991191324,0.0,0.0,[328]
384,27,0.40220745386818824,0.051098279870254615,3.141592653589793,0.0,[349]
383,28,0.40073596938970313,0.025304518131776366,0.0,0.0,[362]
386,28,0.402907470936261,0.013179384619474432,3.141592653589793,0.0,[339 346]
393,28,0.404767584693148,0.05254200611550408,3.141592653589793,0.0,[384]
405,28,0.4090550177164727,0.02663476218677563,3.141592653589793,0.0,[339 346]
406,28,0.40906788577630127,0.011365903216356998,0.0,0.0,[362 375]
435,29,0.4216971687113956,0.037092968761762046,0.0,0.0,[383]
462,29,0.4374332110556648,0.01892552714600848,0.0,0.0,[383 386 406]
500,29,0.4494171041211845,0.028192909787427056,3.141592653589793,0.0,[386 393 405 406]
472,30,0.4407205569126498,0.0316263597040638,0.0,0.0,[435]
497,30,0.44805577455533097,0.020642195959122756,0.0,0.0,[435 462]
513,30,0.45629631466899245,0.022948600019454646,3.141592653589793,0.0,[500]
518,31,0.45834323200761595,0.022842647899837698,0.0,0.0,[472 497]
548,31,0.47201705008186956,0.0041005642078763005,0.0,0.0,[472 497]
553,31,0.4748862336491302,0.015507181522435909,3.141592653589793,0.0,[513]
567,31,0.4813767597510026,0.03242856065906907,3.141592653589793,0.0,[513]
573,31,0.4840720033665481,0.04197067913844654,3.141592653589793,0.0,[513]
575,31,0.48473664903421265,0.028630439286408738,3.141592653589793,0.0,[513]
552,32,0.47428658396281065,0.019271821320753446,0.0,0.0,[518]
606,32,0.49528636156874595,0.030793982406382314,3.141592653589793,0.0,[553 567 573 575]
610,32,0.49697000841964345,0.017414541001000372,3.141592653589793,0.0,[548 553 567 575]
624,33,0.5011834034405888,0.027358412102852947,3.141592653589793,0.0,[606]
628,33,0.5025229708728182,0.02023143922983306,3.141592653589793,0.0,[610]
633,33,0.5047163855183949,0.035609493634262024,3.141592653589793,0.0,[606]
634,33,0.5061244104957411,0.025612855211909813,0.0,0.0,[552]
700,34,0.5309266787950202,0.007476744611826569,0.0,0.0,[628 634]
702,34,0.5316801375719525,0.00023754648405582834,3.141592653589793,0.0,[624 628]
707,34,0.5329315620445216,0.03689688498960075,3.141592653589793,0.0,[624 628 633]
746,35,0.5517322054105591,0.019885794468850415,3.141592653589793,0.0,[702 707]
750,35,0.5529645113382814,0.001664280611568647,3.141592653589793,0.0,[700 702]
758,36,0.5587504193542137,0.0009302343421890846,0.0,0.0,[750]
777,36,0.5643750628424891,0.010908561212832235,3.141592653589793,0.0,[746 750]
799,37,0.5770169626652747,0.01964551646421142,3.141592653589793,0.0,[777]
801,37,0.5775151531423612,0.00447236268248552,0.0,0.0,[758]
827,37,0.5877763938478139,0.007827185509601264,3.141592653589793,0.0,[758 777]
841,38,0.5936382754903804,0.010540630055977496,0.0,0.0,[801]
848,38,0.5963506090418131,0.002348353387135682,0.0,0.0,[801]
853,38,0.5984356266058944,0.010930527885481434,3.141592653589793,0.0,[799 801 827]
860,38,0.6006370382188277,0.003791775374284989,3.141592653589793,0.0,[799 801 827]
864,39,0.6043734841892007,0.003970228234824735,0.0,0.0,[841 848]
867,39,0.605096432954047,0.0090616703565497,0.0,0.0,[841 848]
881,39,0.6144202136585701,0.009169493753116376,3.141592653589793,0.0,[841 848 853 860]
919,40,0.6304275901036468,0.007410100785363971,3.141592653589793,0.0,[864 867 881]
928,41,0.6347296121846053,0.00805897497140462,3.141592653589793,0.0,[919]
942,42,0.640958081313476,0.013757875567304678,3.141592653589793,0.0,[928]
989,43,0.6668262696777137,0.026133172695951612,3.141592653589793,0.0,[942]
997,44,0.6690377412750784,0.024781079538686468,3.141592653589793,0.0,[989]
1010,45,0.6758034725211874,0.029695198276460166,3.141592653589793,0.0,[997]
1025,45,0.6807903817646862,0.019771780145099727,3.141592653589793,0.0,[997]
1045,46,0.6912203112017447,0.015693554788079656,3.141592653589793,0.0,[1010 1025]
1050,46,0.6938790573702592,0.03956817451228922,3.141592653589793,0.0,[1010]
1057,46,0.6976118239554892,0.05109209335017506,3.141592653589793,0.0,[1010]
1078,47,0.7143561147108425,0.012171233251740965,3.141592653589793,0.0,[1045]
1082,47,0.7166876327364646,0.026034341086563995,3.141592653589793,0.0,[1045 1050]
1090,47,0.7207314943292832,0.04625612072130314,3.141592653589793,0.0,[1050 1057]
1094,47,0.7268075599312551,0.06258828586337406,3.141592653589793,0.0,[1050 1057]
1084,48,0.719331310502978,0.007994260821962973,3.141592653589793,0.0,[1078]
1112,48,0.7335319511816762,0.025882481350382958,3.141592653589793,0.0,[1078 1082]
1122,48,0.7395163686320017,0.051760827029267986,3.141592653589793,0.0,[1090 1094]
1132,48,0.7440330306467088,0.06937372878598125,3.141592653589793,0.0,[1090 1094]
1134,49,0.7449550080015825,0.05153538742623842,3.141592653589793,0.0,[1122]
1139,49,0.7480719528283126,0.07325479963526638,3.141592653589793,0.0,[1132]
1140,49,0.748876370351359,0.036308530160943264,3.141592653589793,0.0,[1084 1112]
1142,50,0.752632986421042,0.03780311424653826,3.141592653589793,0.0,[1140]
1144,50,0.753510533056364,0.03688587475631688,3.141592653589793,0.0,[1140]
1146,50,0.7542511691815236,0.054072563015032604,3.141592653589793,0.0,[1134]
1159,50,0.761934027033252,0.06544154462606488,3.141592653589793,0.0,[1134 1139]
1166,51,0.7672906342684672,0.06011673346816648,3.141592653589793,0.0,[1146 1159]
1170,51,0.7705130529492569,0.04820745955949135,3.141592653589793,0.0,[1142 1144 1146]
1196,52,0.7893726003296015,0.06582555900185838,3.141592653589793,0.0,[1166 1170]
1217,53,0.8032746924199404,0.06625640591871418,3.141592653589793,0.0,[1196]
1222,54,0.8074241566156358,0.06382059730572343,3.141592653589793,0.0,[1217]
1224,55,0.8119269782209715,0.060161256047565836,3.141592653589793,0.0,[1222]
1235,56,0.8216797734202306,0.05283773835810568,3.141592653589793,0.0,[1224]
1240,57,0.8277561896791287,0.05673597605184855,3.141592653589793,0.0,[1235]
1259,58,0.852340745924497,0.06575138524122104,3.141592653589793,0.0,[1240]
1261,58,0.8563943233378266,0.061170982136365404,3.141592653589793,0.0,[1240]
1270,59,0.8675305727620811,0.055917871461212854,3.141592653589793,0.0,[1259 1261]
1276,60,0.8769025617325444,0.0486321337031298,3.141592653589793,0.0,[1270]
1283,61,0.8930713084077676,0.055563162230075513,3.141592653589793,0.0,[1276]
1293,62,0.9070431420201298,0.05068719935544597,3.141592653589793,0.0,[1283]
1304,63,0.9376174364171681,0.05698713431937186,3.141592653589793,0.0,[1293]
1305,64,0.9458009123732906,0.04952370082751123,3.141592653589793,0.0,[1304]
1307,65,0.9709063493591401,0.028580912455149265,3.141592653589793,0.0,[1305]
1310,66,1.0,0.0,3.141592653589793,0.0,[1307]
0,0,0.0,0.0,3.141592653589793,0.0,[]
1,1,0.02821790064853913,0.022969261497488458,0.0,0.0,[0]
2,2,0.03500901267226664,0.02875131059324887,0.0,0.0,[1]
7,3,0.05047560934553086,0.03341412778761488,0.0,0.0,[2]
14,4,0.07767326493527704,0.012945671556491622,0.0,0.0,[7]
17,5,0.08742452261849853,0.0033895504422277734,0.0,0.0,[14]
19,5,0.09200265471302793,0.011359728188858886,0.0,0.0,[14]
20,6,0.09513288431495459,0.01107655459090251,0.0,0.0,[17 19]
28,7,0.11314668850836274,0.012063141313685799,0.0,0.0,[20]
29,7,0.11429969532744821,0.009580992272370192,0.0,0.0,[20]
35,7,0.12592059846065096,0.03247713073077274,0.0,0.0,[20]
38,8,0.1330183049279574,0.024296790990703476,0.0,0.0,[28 29]
42,8,0.14321175387662188,0.044849631108924926,0.0,0.0,[35]
50,9,0.15589057655120786,0.03356459003087853,0.0,0.0,[38 42]
53,9,0.1569664735527112,0.030496065604728728,0.0,0.0,[38]
65,10,0.17151237387291762,0.04171062905449208,0.0,0.0,[50 53]
89,11,0.20158396208933538,0.019409416321879203,0.0,0.0,[65]
96,12,0.2118736275040759,0.02164862560272396,0.0,0.0,[89]
105,13,0.21708858231770378,0.021763662308603715,0.0,0.0,[96]
108,14,0.21791566604300838,0.022223468724213657,0.0,0.0,[105]
123,15,0.23072155811454342,0.010511168832512463,0.0,0.0,[108]
131,15,0.23433854834701184,0.02176695678461016,0.0,0.0,[108]
142,16,0.2414156174519685,0.024007959078903074,0.0,0.0,[131]
144,16,0.24177639307276277,0.01401225807569828,0.0,0.0,[123]
145,16,0.24255670278105035,0.0024989632935362716,0.0,0.0,[123]
153,17,0.25261105628900826,0.001830491700922754,3.141592653589793,0.0,[145]
167,17,0.2618032635668607,0.00957070957091466,0.0,0.0,[142 144 145]
173,17,0.26714754458833667,0.02175004771318223,0.0,0.0,[142 144 145]
177,18,0.26868814285094755,0.0038567120744132932,0.0,0.0,[153 167]
186,18,0.2731472584598117,0.01967045170602222,0.0,0.0,[167 173]
188,18,0.27454819556251786,0.013056152648380115,0.0,0.0,[153 167]
200,19,0.28258419742823815,0.023119548376287935,0.0,0.0,[186]
216,19,0.2915137163890572,0.005729137149201424,0.0,0.0,[177 186 188]
229,20,0.2997870395302301,0.019842784226059007,0.0,0.0,[200]
233,20,0.3011963487250484,0.002272196932436077,0.0,0.0,[216]
235,20,0.30244453308620756,0.007009674679307798,0.0,0.0,[200 216]
243,20,0.30639957793652706,0.030703535971477902,0.0,0.0,[200]
256,21,0.31809504097052244,0.02014670294970544,0.0,0.0,[229 235 243]
269,21,0.3239601457274073,0.03583550990042994,0.0,0.0,[229 243]
270,21,0.32524264033054284,0.009473065676568804,3.141592653589793,0.0,[233 235]
284,22,0.3327522756891146,0.0032638009739688334,3.141592653589793,0.0,[270]
305,22,0.3426704141388903,0.01752256894740034,0.0,0.0,[256 269]
310,23,0.3438768774959132,0.006242574136429813,0.0,0.0,[284]
321,23,0.3496565392051897,0.01348417695957449,0.0,0.0,[284 305]
347,24,0.35960541419105574,0.01727606002610682,0.0,0.0,[310 321]
351,24,0.36152396654133057,0.00436425707571253,0.0,0.0,[310 321]
353,24,0.36211589197099747,0.008737385252485574,3.141592653589793,0.0,[310]
371,25,0.3738969901468112,0.019611354728023667,0.0,0.0,[347]
394,25,0.38914030706395353,0.033747574032762184,3.141592653589793,0.0,[353]
397,25,0.3903890649867352,0.022608785939053577,3.141592653589793,0.0,[351 353]
415,26,0.3982194228704976,0.034483894555700445,3.141592653589793,0.0,[394]
422,26,0.4003400821896578,0.03231160287203605,3.141592653589793,0.0,[394 397]
444,26,0.40997612296808794,0.027103679246901158,0.0,0.0,[371]
445,26,0.4107447243285314,0.024945183165378193,0.0,0.0,[371]
455,26,0.41422579511752566,0.04336559057167455,0.0,0.0,[371]
431,27,0.40390295021250977,0.0343637443501571,3.141592653589793,0.0,[415 422]
469,27,0.4239860782848155,0.03533449460561555,0.0,0.0,[444 445 455]
493,27,0.4361037522020046,0.021954811598412727,0.0,0.0,[444 445 455]
446,28,0.4111481684951296,0.029930772277546702,3.141592653589793,0.0,[431]
501,28,0.437837501552903,0.021483407166827728,0.0,0.0,[469 493]
487,29,0.43237967491896434,0.028724875976454567,3.141592653589793,0.0,[446]
499,29,0.437408702996409,0.008606823516813855,3.141592653589793,0.0,[446]
522,29,0.44550209303586663,0.022201298879189646,0.0,0.0,[501]
532,30,0.4488669720298164,0.04274209281003305,3.141592653589793,0.0,[487]
548,30,0.4542851784102311,0.027376790281048113,0.0,0.0,[522]
549,30,0.4544161794742867,0.017351307835077878,3.141592653589793,0.0,[487 499]
558,31,0.456419404636377,0.04742667152657687,3.141592653589793,0.0,[532]
592,31,0.47044616176213616,0.02029546522957182,3.141592653589793,0.0,[549]
599,31,0.47183692391974696,0.012316636987989349,0.0,0.0,[548]
621,31,0.48098006200441634,0.030365977402732836,0.0,0.0,[548]
613,32,0.4779739095346577,0.009550301408572603,0.0,0.0,[599]
640,32,0.4884421217038607,0.031699369927162935,0.0,0.0,[621]
648,32,0.4913256493704595,0.026005189476459578,3.141592653589793,0.0,[558 592]
667,33,0.49737528118901875,0.03327208944368232,0.0,0.0,[640]
716,33,0.5116759629523548,0.016960781052741014,3.141592653589793,0.0,[613 648]
731,34,0.5178737087221128,0.050885678984113336,0.0,0.0,[667]
780,34,0.5383487512082155,0.01315800245960319,3.141592653589793,0.0,[716]
759,35,0.526735745801808,0.056250591183050314,0.0,0.0,[731]
786,35,0.5427193707745329,0.014692761318748748,3.141592653589793,0.0,[780]
799,36,0.5493298120498695,0.019667871162930672,3.141592653589793,0.0,[786]
801,36,0.5496960643352996,0.03885022299189733,0.0,0.0,[759]
846,37,0.5715685353040397,0.0013353131641297145,3.141592653589793,0.0,[799]
853,37,0.5740326953492175,0.0209612682321072,0.0,0.0,[801]
858,37,0.5752560385085118,0.013954100026265404,0.0,0.0,[801]
864,38,0.5789381525883969,0.005366827193636237,0.0,0.0,[846]
873,38,0.582604851926501,0.011145636244407786,0.0,0.0,[858]
880,38,0.5854747831261186,0.024657525250391665,0.0,0.0,[853]
905,39,0.595435934364906,0.005976989324130377,0.0,0.0,[864 873]
911,39,0.6011832540275166,0.024165733566002157,0.0,0.0,[864 873 880]
946,40,0.6165648745374256,0.02106975445043824,0.0,0.0,[905 911]
953,40,0.619690365518887,0.025295648277124272,0.0,0.0,[905 911]
987,41,0.6391725274649201,0.013743457272176851,0.0,0.0,[946 953]
1025,42,0.6592357250229963,0.03135603972790779,0.0,0.0,[987]
1042,43,0.6702008397147937,0.04226174377802783,0.0,0.0,[1025]
1056,44,0.6767248891532988,0.03878791101429213,0.0,0.0,[1042]
1066,45,0.6849419291212899,0.045540939198292385,0.0,0.0,[1056]
1107,46,0.7034633371835414,0.03233597891285056,0.0,0.0,[1066]
1122,47,0.7143310366807317,0.022335672412053476,0.0,0.0,[1107]
1143,48,0.7267061864230645,0.0242729428464018,0.0,0.0,[1122]
1166,48,0.746008368654362,0.0014354035026498124,3.141592653589793,0.0,[1122]
1173,49,0.7536007807908484,0.002546329714693374,0.0,0.0,[1143 1166]
1189,50,0.7617798345766307,0.0008312645695458531,0.0,0.0,[1173]
1201,51,0.7685383515932344,0.00019056216904833612,0.0,0.0,[1189]
1211,52,0.7789216020308481,0.007722546066745939,3.141592653589793,0.0,[1201]
1229,53,0.7958925058499513,0.014230263822250233,3.141592653589793,0.0,[1211]
1230,53,0.7962085272799148,0.002528642240625434,3.141592653589793,0.0,[1211]
1242,54,0.8128429109517858,0.0014729299262317141,3.141592653589793,0.0,[1229 1230]
1250,55,0.8220465373600869,0.0017200237411441055,0.0,0.0,[1242]
1269,56,0.8490777056103014,0.0004444184822361974,0.0,0.0,[1250]
1289,57,0.876505941295915,0.025874414340289587,3.141592653589793,0.0,[1269]
1291,58,0.8837901701037532,0.020277202086795287,3.141592653589793,0.0,[1289]
1298,59,0.9098857346114879,0.03749042268532454,3.141592653589793,0.0,[1291]
1302,60,0.9338290857121505,0.042700319119319596,3.141592653589793,0.0,[1298]
1305,60,0.9473311822998794,0.011968844454052219,3.141592653589793,0.0,[1298]
1307,61,0.9623978055112048,0.01936964292805954,3.141592653589793,0.0,[1302 1305]
1308,61,0.9703004790815207,0.0083618466772718,3.141592653589793,0.0,[1302 1305]
1309,62,0.9742207347377471,0.009855779399222997,3.141592653589793,0.0,[1307 1308]
1310,63,1.0,0.0,3.141592653589793,0.0,[1309]
0,0,0.0,0.0,3.141592653589793,0.0,[]
3,1,0.03760107384310196,0.00650864717481503,0.0,0.0,[0]
8,2,0.05663262975519723,0.02383277401205275,0.0,0.0,[3]
12,3,0.07923979598109976,0.042796019640314764,0.0,0.0,[8]
21,4,0.09400113098809837,0.05490425475710958,0.0,0.0,[12]
28,5,0.09922929116055768,0.049727728775601276,0.0,0.0,[21]
33,6,0.11359317891875953,0.03912315483906825,0.0,0.0,[28]
51,7,0.14857855290920152,0.03489173492288067,0.0,0.0,[33]
52,7,0.1494201089998345,0.0405790355402631,0.0,0.0,[33]
61,8,0.1617136756380072,0.03659541044183978,0.0,0.0,[51 52]
74,9,0.17388304966393398,0.047142853627557324,0.0,0.0,[61]
84,10,0.186707987761202,0.053747339751083145,0.0,0.0,[74]
95,11,0.1977649759771375,0.05467109323027419,0.0,0.0,[84]
102,11,0.20627204754958406,0.07317636314452092,0.0,0.0,[84]
120,12,0.2208328479371059,0.06845320059392068,0.0,0.0,[ 95 102]
128,12,0.22524531606756437,0.058046192144374564,0.0,0.0,[ 95 102]
137,13,0.23786900625723384,0.05599730686444648,0.0,0.0,[120 128]
139,13,0.23832290393181133,0.04577334595114746,0.0,0.0,[128]
151,14,0.2486394592796558,0.05542158250413021,0.0,0.0,[137 139]
154,14,0.25023700739249555,0.05375212286534736,0.0,0.0,[137 139]
167,15,0.2590813137482795,0.05394577927415889,0.0,0.0,[151 154]
187,15,0.2707747472464417,0.03755712234991593,0.0,0.0,[151 154]
193,15,0.2743707271663781,0.07582816713172813,0.0,0.0,[151 154]
211,16,0.28453173021898015,0.06821770492138934,0.0,0.0,[167 193]
213,16,0.2853475953701049,0.06200464653586901,0.0,0.0,[167]
238,16,0.30437360243364175,0.03496601505321684,0.0,0.0,[167 187]
251,17,0.3129468219657321,0.04032301585357356,0.0,0.0,[211 213 238]
255,18,0.314052436814636,0.04088273366322226,0.0,0.0,[251]
266,18,0.31904029525854094,0.03543072356648358,0.0,0.0,[251]
270,19,0.32070142641036326,0.03604287745957124,0.0,0.0,[255 266]
285,20,0.33378228939635846,0.04166565548254453,0.0,0.0,[270]
317,21,0.35590661763448017,0.05890188050837608,0.0,0.0,[285]
328,22,0.362093347080486,0.061859521049517086,0.0,0.0,[317]
364,23,0.38522314937980073,0.04950665494376971,0.0,0.0,[328]
376,24,0.39029156435495327,0.0446858385882698,0.0,0.0,[364]
393,25,0.40062278395401585,0.03592049349688409,0.0,0.0,[376]
423,26,0.4102681800025404,0.04093601804791336,0.0,0.0,[393]
459,27,0.42508498406979134,0.03736924506067085,0.0,0.0,[423]
470,27,0.42925226366681724,0.02822607538380062,0.0,0.0,[423]
521,28,0.4509794597935728,0.013009251525759935,0.0,0.0,[459 470]
537,29,0.4570130693310088,0.011955898206468474,0.0,0.0,[521]
549,30,0.4647953851073854,0.01333368739745111,0.0,0.0,[537]
572,31,0.4748097410675144,0.02086598578675314,0.0,0.0,[549]
582,32,0.4786579188229645,0.017840499237603225,0.0,0.0,[572]
645,33,0.5011485131771267,0.01752212719557833,0.0,0.0,[582]
669,34,0.5124149763511444,0.008327931126513977,0.0,0.0,[645]
678,35,0.5164228635920266,0.010908647614729983,0.0,0.0,[669]
700,36,0.525792127005712,0.0037248570598352737,0.0,0.0,[678]
720,36,0.5354728708019069,0.017006878554363336,0.0,0.0,[678]
756,37,0.5481318925567066,0.010735861782798617,0.0,0.0,[700 720]
785,38,0.5575285733592281,0.0019915873562371678,0.0,0.0,[756]
831,39,0.5781497669076568,0.0035870514411769916,0.0,0.0,[785]
832,39,0.5788434204699089,0.007239360864515154,3.141592653589793,0.0,[785]
879,40,0.5982241816085211,0.005968748030849902,3.141592653589793,0.0,[831 832]
882,40,0.6002257244374433,0.018335416874652122,0.0,0.0,[831]
899,41,0.6067547161513774,0.012117801772004055,0.0,0.0,[882]
909,41,0.6102518155048863,0.009205818276769584,3.141592653589793,0.0,[879]
963,42,0.6343475603323591,0.0004935497290352586,0.0,0.0,[899 909]
972,42,0.6390928917009585,0.011453869664113214,0.0,0.0,[899 909]
984,43,0.6456890922422802,0.010995563991824997,0.0,0.0,[963 972]
988,43,0.6484609641987623,6.71381298193996e-05,3.141592653589793,0.0,[963]
1002,43,0.6551866215718639,0.008170426373226625,3.141592653589793,0.0,[963]
1031,44,0.6678726405599177,0.010067662339543149,3.141592653589793,0.0,[ 984  988 1002]
1036,45,0.6714690101024162,0.00905906497302389,3.141592653589793,0.0,[1031]
1048,46,0.6790290672984447,0.014785731028502225,3.141592653589793,0.0,[1036]
1057,47,0.6831603651461122,0.015348820083600057,3.141592653589793,0.0,[1048]
1082,48,0.6979804821778993,0.020904569728394495,3.141592653589793,0.0,[1057]
1107,49,0.7177342464325382,0.02505743247982617,3.141592653589793,0.0,[1082]
1137,50,0.7365521615689905,0.03592471956673149,3.141592653589793,0.0,[1107]
1145,51,0.7444764251522529,0.029323391061420123,3.141592653589793,0.0,[1137]
1156,52,0.7517329407848601,0.024603280322593513,3.141592653589793,0.0,[1145]
1171,53,0.7611542129695854,0.0203235165727923,3.141592653589793,0.0,[1156]
1207,54,0.7872693976000151,0.041149884400028314,3.141592653589793,0.0,[1171]
1208,55,0.7875243560357527,0.04097386047201612,3.141592653589793,0.0,[1207]
1233,56,0.8206654533812391,0.05720214062950424,3.141592653589793,0.0,[1208]
1246,56,0.8326624837176435,0.08548198179628297,3.141592653589793,0.0,[1208]
1248,57,0.8339886667102517,0.058009453654215615,3.141592653589793,0.0,[1233]
1256,57,0.8433386215834668,0.09380750146922512,3.141592653589793,0.0,[1246]
1259,58,0.8493027097171707,0.09793515171668732,3.141592653589793,0.0,[1256]
1266,58,0.8595378458862908,0.03758946450579326,3.141592653589793,0.0,[1248]
1271,59,0.8645842034950515,0.08572885416435039,3.141592653589793,0.0,[1259]
1279,59,0.892890510689291,0.023500782371310924,3.141592653589793,0.0,[1266]
1275,60,0.8828059242009401,0.07667912482974815,3.141592653589793,0.0,[1271]
1285,60,0.9039446417309501,0.018409383118692224,3.141592653589793,0.0,[1279]
1277,61,0.8873621474249935,0.0735626824147868,3.141592653589793,0.0,[1275]
1288,61,0.9154395168219877,0.022481841421064463,3.141592653589793,0.0,[1285]
1292,61,0.9222587617575188,0.0030814759797616054,3.141592653589793,0.0,[1285]
1289,62,0.9165481846993347,0.047374948443603127,3.141592653589793,0.0,[1277]
1295,62,0.9304443800906922,0.028311126435872858,3.141592653589793,0.0,[1288]
1296,62,0.9312930454521242,0.02983339225081938,3.141592653589793,0.0,[1277 1288]
1298,62,0.931687220030003,0.0010463065288391915,0.0,0.0,[1292]
1299,63,0.9317609228654654,0.032463393799029294,3.141592653589793,0.0,[1289]
1300,63,0.933527418087215,0.028447567499320203,3.141592653589793,0.0,[1295 1296]
1303,63,0.9561412649620536,0.003707047807744668,3.141592653589793,0.0,[1295 1298]
1304,64,0.9691657547527371,0.0037617099469152704,3.141592653589793,0.0,[1299 1300 1303]
1307,64,0.9708359014478125,0.006536918753207499,3.141592653589793,0.0,[1299 1300 1303]
1308,65,0.9796651992949675,0.01345037620434586,3.141592653589793,0.0,[1304 1307]
1309,65,0.9832665461104626,0.004856149310440094,3.141592653589793,0.0,[1304 1307]
1310,66,1.0,0.0,3.141592653589793,0.0,[1308 1309]
0,0,0.0,0.0,3.141592653589793,0.0,[]
1,1,0.03049713570853363,0.003449555945806093,0.0,0.0,[0]
2,1,0.03565136938989888,0.03253190621555391,0.0,0.0,[0]
3,1,0.03630858368848788,0.028953346113434586,0.0,0.0,[0]
12,1,0.07650025442746256,0.07125257941080132,3.141592653589793,0.0,[0]
4,2,0.04218253760889401,0.01465992088465995,0.0,0.0,[1]
5,2,0.04849229270232658,0.02212859831407976,0.0,0.0,[2 3]
24,2,0.10115662890599186,0.08666143727440456,3.141592653589793,0.0,[12]
10,3,0.06714717799823733,0.015618018371460929,0.0,0.0,[4 5]
28,3,0.10766179319253288,0.08252279060842227,3.141592653589793,0.0,[24]
13,4,0.07731856834058504,0.017074182628220913,0.0,0.0,[10]
37,4,0.1217470055621066,0.09593267921377968,3.141592653589793,0.0,[28]
15,5,0.0843213590693157,0.01030185839753528,0.0,0.0,[13]
46,5,0.13424190182520213,0.08803115021233532,3.141592653589793,0.0,[37]
26,6,0.10500700262540019,0.02899946837446621,0.0,0.0,[15]
30,6,0.11168663350844077,0.008045328846273958,0.0,0.0,[15]
31,6,0.11278002333036996,0.010391912210783727,0.0,0.0,[15]
39,6,0.12304033762796074,0.02588677371907755,3.141592653589793,0.0,[15]
59,6,0.1591265875721133,0.09240829352912172,3.141592653589793,0.0,[46]
62,6,0.16195846529707836,0.07662231123890717,3.141592653589793,0.0,[46]
64,6,0.16549539397073398,0.08207707924147511,3.141592653589793,0.0,[46]
48,7,0.14104709444370322,0.02230232777477914,3.141592653589793,0.0,[39]
50,7,0.14437087305206664,0.008552727798435966,3.141592653589793,0.0,[26 30 31 39]
51,7,0.14484421280679127,0.01632080740851438,3.141592653589793,0.0,[30 31 39]
58,7,0.1579721186496056,0.04896378744808172,3.141592653589793,0.0,[39]
69,7,0.17113962999698007,0.10422809318163961,3.141592653589793,0.0,[59]
73,7,0.1767126689163474,0.08279303215780465,3.141592653589793,0.0,[59 62 64]
66,8,0.1687507874405878,0.030575742575348563,3.141592653589793,0.0,[48 50 51]
71,8,0.174812903073141,0.1054023794313701,3.141592653589793,0.0,[69]
78,8,0.18704247860600998,0.07665831727715688,3.141592653589793,0.0,[58 73]
81,8,0.18730434015992437,0.0762043527078512,3.141592653589793,0.0,[58 73]
72,9,0.17653383954575264,0.036796973484636286,3.141592653589793,0.0,[66]
77,9,0.1841111892304712,0.11016637830906484,3.141592653589793,0.0,[71]
79,9,0.18714424530115337,0.09864680118597069,3.141592653589793,0.0,[71]
84,9,0.19117659993457325,0.07906528302428395,3.141592653589793,0.0,[78 81]
88,10,0.19441939604278125,0.10632280569792163,3.141592653589793,0.0,[77]
91,10,0.1970305359339124,0.1027216731290651,3.141592653589793,0.0,[77 79]
98,10,0.20810146682698094,0.08553311836195754,3.141592653589793,0.0,[79 84]
99,10,0.20887911523223546,0.08785950145107502,3.141592653589793,0.0,[77 79 84]
110,10,0.21567154647937115,0.07215293162381486,3.141592653589793,0.0,[72 79 84]
117,11,0.21942505058016648,0.0838265671375259,3.141592653589793,0.0,[88 91 98 99]
124,11,0.22333131065091505,0.07377714973757221,3.141592653589793,0.0,[ 98  99 110]
133,12,0.22901380861579712,0.07818039142802724,3.141592653589793,0.0,[117 124]
143,13,0.23503513424696354,0.0770447124170035,3.141592653589793,0.0,[133]
152,14,0.24369140798444933,0.08539143452976972,3.141592653589793,0.0,[143]
165,14,0.24864445825037607,0.0803442804926443,3.141592653589793,0.0,[143]
195,15,0.2710407419568197,0.07943504299677251,3.141592653589793,0.0,[152 165]
215,16,0.2819055238691057,0.08263634103546758,3.141592653589793,0.0,[195]
234,17,0.29274748087693125,0.07645493450905672,3.141592653589793,0.0,[215]
262,18,0.32113844727566787,0.06225151867971768,3.141592653589793,0.0,[234]
273,19,0.32546146629905304,0.06509381952462212,3.141592653589793,0.0,[262]
313,20,0.3453122691803222,0.05993618674803647,3.141592653589793,0.0,[273]
322,21,0.3499898622120673,0.06154330589701229,3.141592653589793,0.0,[313]
352,22,0.3625461188437651,0.06240657276421302,3.141592653589793,0.0,[322]
361,23,0.36872405885301385,0.058574923004608204,3.141592653589793,0.0,[352]
385,24,0.37845344226093014,0.05623989695902454,3.141592653589793,0.0,[361]
387,24,0.3798232601175029,0.06301904086906873,3.141592653589793,0.0,[361]
427,25,0.40211109175224247,0.051976981575532544,3.141592653589793,0.0,[385 387]
446,25,0.40972095559800137,0.036155971204010595,3.141592653589793,0.0,[385 387]
491,26,0.4293433183425417,0.02981163660899544,3.141592653589793,0.0,[427 446]
494,26,0.4314281599610539,0.062370164604729106,3.141592653589793,0.0,[427]
506,26,0.4350560011840975,0.05318989595144252,3.141592653589793,0.0,[427 446]
525,27,0.4457451566582453,0.03874305669758771,3.141592653589793,0.0,[491]
528,27,0.4463318470697727,0.044394196056220414,3.141592653589793,0.0,[491 506]
529,27,0.44663778538716603,0.0616873173553768,3.141592653589793,0.0,[494 506]
530,27,0.44829635338159335,0.013237248914717892,3.141592653589793,0.0,[491]
541,27,0.45215418492032033,0.05396992678226975,3.141592653589793,0.0,[494 506]
587,28,0.46731867599071986,0.013766008963190579,3.141592653589793,0.0,[530]
612,28,0.4795579232010867,0.05700340958686623,3.141592653589793,0.0,[525 528 529 541]
662,29,0.4963333442116712,0.030349858982906097,3.141592653589793,0.0,[587]
664,29,0.4969778658399926,0.03986495532458112,3.141592653589793,0.0,[587 612]
686,30,0.5087376678675124,0.03251753996067552,3.141592653589793,0.0,[662 664]
703,31,0.5154450018296456,0.03784974867884172,3.141592653589793,0.0,[686]
732,32,0.5232264575003146,0.04401456513254809,3.141592653589793,0.0,[703]
820,32,0.559080084226877,0.08131408656754857,3.141592653589793,0.0,[703]
825,33,0.5613446606921965,0.08058058505249954,3.141592653589793,0.0,[732 820]
852,34,0.5724391953830066,0.09164806211020682,3.141592653589793,0.0,[825]
866,35,0.5803720655182,0.09577454826805609,3.141592653589793,0.0,[852]
872,36,0.586543540184798,0.09739629781449355,3.141592653589793,0.0,[866]
924,37,0.6080640814858989,0.10747803858764038,3.141592653589793,0.0,[872]
938,38,0.612923385400191,0.11227546835496971,3.141592653589793,0.0,[924]
977,39,0.6300998346373962,0.12126222687131372,3.141592653589793,0.0,[938]
1011,40,0.6447907355241738,0.12123333985933471,3.141592653589793,0.0,[977]
1046,41,0.6604488505670589,0.13550185012492943,3.141592653589793,0.0,[1011]
1052,42,0.6625127409022282,0.13632228824248316,3.141592653589793,0.0,[1046]
1074,43,0.67411255515182,0.12524031313089778,3.141592653589793,0.0,[1052]
1079,43,0.6771978405772741,0.1364428438671338,3.141592653589793,0.0,[1052]
1111,44,0.7048176901613524,0.0986440966945088,3.141592653589793,0.0,[1074]
1116,44,0.7086900627639106,0.10900712571565474,3.141592653589793,0.0,[1074 1079]
1117,44,0.7095770249234445,0.11240246347210359,3.141592653589793,0.0,[1074 1079]
1120,45,0.7162384773493543,0.10775166709242612,3.141592653589793,0.0,[1111 1116 1117]
1128,46,0.7251896091495795,0.10727584520778366,3.141592653589793,0.0,[1120]
1138,47,0.7299165593310878,0.10925289016139839,3.141592653589793,0.0,[1128]
1153,48,0.741850461993031,0.11254009655539587,3.141592653589793,0.0,[1138]
1174,49,0.7643807457052145,0.13378310446553554,3.141592653589793,0.0,[1153]
1191,50,0.7774895117156475,0.12703583294242582,3.141592653589793,0.0,[1174]
1211,51,0.7964901403774678,0.11275836323558253,3.141592653589793,0.0,[1191]
1229,52,0.8159004765616448,0.11299593433802646,3.141592653589793,0.0,[1211]
1242,52,0.8352122168914021,0.09155645077770147,3.141592653589793,0.0,[1211]
1250,53,0.8433302415651865,0.09207363566788607,3.141592653589793,0.0,[1229 1242]
1263,54,0.8568387217667195,0.080480423884842,3.141592653589793,0.0,[1250]
1271,55,0.8670602949405471,0.0771305439243768,3.141592653589793,0.0,[1263]
1280,56,0.8860250248269167,0.061583010369484215,3.141592653589793,0.0,[1271]
1285,57,0.8955311171446683,0.055225995865013755,3.141592653589793,0.0,[1280]
1292,58,0.9108374480395661,0.042569461001131126,3.141592653589793,0.0,[1285]
1297,59,0.9389823288367305,0.030434313846492866,3.141592653589793,0.0,[1292]
1301,59,0.9503715383268284,0.008488045874687655,3.141592653589793,0.0,[1292]
1304,60,0.9654120021948148,0.01982199316825295,3.141592653589793,0.0,[1297 1301]
1306,61,0.9762915887465783,0.013089413410753536,3.141592653589793,0.0,[1304]
1308,61,0.9777844788437311,0.009799431480378096,3.141592653589793,0.0,[1304]
1309,62,0.9940630102739854,0.0024803684125266345,0.0,0.0,[1306 1308]
1310,63,1.0,0.0,3.141592653589793,0.0,[1309]
0,0,0.0,0.0,3.141592653589793,0.0,[]
4,1,0.036126415634229136,0.008748685184266858,0.0,0.0,[0]
6,2,0.0389311300966515,0.01083532430628753,0.0,0.0,[4]
8,3,0.05006577933377254,0.020259542869085156,0.0,0.0,[6]
16,4,0.06860702522361717,0.02514519804994353,0.0,0.0,[8]
17,5,0.0709108550478813,0.024735503270414294,0.0,0.0,[16]
21,6,0.08397143350385139,0.03634737530451593,0.0,0.0,[17]
27,7,0.09638670482220402,0.02688316445432737,0.0,0.0,[21]
34,8,0.10990627844021372,0.035453022850391425,0.0,0.0,[27]
50,9,0.13011809624991244,0.05356181446039021,0.0,0.0,[34]
59,10,0.13795304397722086,0.060494845687997345,0.0,0.0,[50]
73,11,0.16103651337522762,0.08299218082307147,0.0,0.0,[59]
83,12,0.17196598072244584,0.08958892808600993,0.0,0.0,[73]
89,13,0.18206806497578887,0.08836456352399102,0.0,0.0,[83]
105,13,0.19228916281595776,0.10791775671236048,0.0,0.0,[83]
116,14,0.20802997344806406,0.10081755603760001,0.0,0.0,[ 89 105]
142,14,0.24069658273948624,0.1352107976163952,0.0,0.0,[ 89 105]
145,14,0.24453034632521997,0.1436027973342705,0.0,0.0,[ 89 105]
161,15,0.2570775804592237,0.14080010607783555,0.0,0.0,[116 142 145]
175,16,0.2716483511690535,0.15536868957292393,0.0,0.0,[161]
200,17,0.2889439352798405,0.17257264666352368,0.0,0.0,[175]
219,18,0.30192938377060075,0.17968641754622283,0.0,0.0,[200]
232,19,0.3106388957105397,0.18815715395664334,0.0,0.0,[219]
249,20,0.32353531259997226,0.1866342520828319,0.0,0.0,[232]
269,21,0.3331875065666813,0.18072607824193077,0.0,0.0,[249]
286,22,0.3395232840564876,0.18452923896991258,0.0,0.0,[269]
302,23,0.3504321693611344,0.17642040183143415,0.0,0.0,[286]
312,24,0.3549037703352703,0.17492380092621795,0.0,0.0,[302]
321,25,0.36279900744544624,0.17606614977243573,0.0,0.0,[312]
359,26,0.38234455371382403,0.15732773452879278,0.0,0.0,[321]
385,27,0.39347718740608173,0.1571101790714713,0.0,0.0,[359]
401,28,0.3986775056575179,0.16025208426972237,0.0,0.0,[385]
423,29,0.40961409036961816,0.16938066534071983,0.0,0.0,[401]
426,29,0.4113788920109621,0.14812572353002862,0.0,0.0,[401]
444,30,0.42089430136429173,0.16928328640012336,0.0,0.0,[423]
457,30,0.4271817635461096,0.1437095170478867,0.0,0.0,[426]
471,31,0.43283495436698916,0.18014734658489573,0.0,0.0,[444]
475,31,0.4351140706707618,0.17606458828202187,0.0,0.0,[444]
491,31,0.44187517491033046,0.14403179818987988,0.0,0.0,[457]
498,32,0.44733757603568847,0.14831119441096596,0.0,0.0,[491]
500,32,0.44841892429917707,0.1657400410873756,0.0,0.0,[471 475]
503,32,0.4487757765745529,0.19188178655118837,0.0,0.0,[471]
518,33,0.45513840311610576,0.19307090714420283,0.0,0.0,[503]
519,33,0.45552423876187265,0.14443172442786534,0.0,0.0,[498]
532,33,0.46062072972309687,0.16544059113499265,0.0,0.0,[500]
536,33,0.4622193703471582,0.18304044670427844,0.0,0.0,[503]
545,33,0.4665646052791469,0.17779000200192951,0.0,0.0,[500 503]
562,34,0.47614990317829875,0.17905431748989686,0.0,0.0,[518 532 536 545]
565,34,0.47805806201273526,0.1900675061429361,0.0,0.0,[518 536]
594,34,0.48683559236820384,0.15930770798035976,0.0,0.0,[519 532 536 545]
571,35,0.4798033533446494,0.18981181243906864,0.0,0.0,[565]
629,35,0.5017129901455546,0.16179934363789494,0.0,0.0,[562 594]
653,36,0.5072685941733768,0.18651220683238134,0.0,0.0,[571]
669,36,0.5147871267999937,0.16571090172374991,0.0,0.0,[571 629]
707,37,0.5279872280978906,0.17376844180116657,0.0,0.0,[653 669]
713,38,0.5312859642131786,0.17061083706058122,0.0,0.0,[707]
751,39,0.5462415465198943,0.18025031562379545,0.0,0.0,[713]
762,39,0.549152497177901,0.18563674833079546,0.0,0.0,[713]
784,40,0.5585765782198551,0.18584985740983562,0.0,0.0,[751 762]
806,41,0.566255887197164,0.18914311921968763,0.0,0.0,[784]
856,42,0.5934270412672477,0.19229661912881724,0.0,0.0,[806]
872,43,0.6003739308127065,0.19471630431701026,0.0,0.0,[856]
877,44,0.6056619098688578,0.19449598537435253,0.0,0.0,[872]
884,45,0.6115564925988258,0.19532775037182604,0.0,0.0,[877]
898,46,0.6199032734332943,0.1930431137068559,0.0,0.0,[884]
943,47,0.6422823450552914,0.17334532585447227,0.0,0.0,[898]
968,48,0.6530629746330768,0.17497419975263595,0.0,0.0,[943]
974,49,0.6562118564235444,0.17640973560735662,0.0,0.0,[968]
975,50,0.6567125091515148,0.17612562672306187,0.0,0.0,[974]
994,51,0.6657299661234723,0.18070470456241383,0.0,0.0,[975]
997,51,0.6674328464716711,0.17099379312499519,0.0,0.0,[975]
1030,52,0.680583731652306,0.17938598491172197,0.0,0.0,[994 997]
1031,52,0.680842138894516,0.16288221813704407,0.0,0.0,[997]
1050,53,0.6933975001338871,0.16972226465286422,0.0,0.0,[1030 1031]
1055,53,0.6957196835938971,0.15637053697440484,0.0,0.0,[1031]
1061,53,0.6983482399673475,0.16173105443749813,0.0,0.0,[1030 1031]
1078,54,0.7067912841432757,0.17789815812644727,0.0,0.0,[1050]
1079,54,0.7069715455993456,0.1557513706663335,0.0,0.0,[1055 1061]
1080,55,0.7075389058414341,0.1561169929911561,0.0,0.0,[1079]
1099,55,0.7214774957865924,0.17828698668334364,0.0,0.0,[1078]
1137,56,0.7477801808147373,0.15313888376612717,0.0,0.0,[1080 1099]
1146,57,0.7528820011042275,0.14875048309867966,0.0,0.0,[1137]
1165,58,0.7715479625303971,0.14354780360378339,0.0,0.0,[1146]
1181,59,0.7876082910338188,0.12948015468616558,0.0,0.0,[1165]
1187,60,0.7945592349187158,0.13321425075247684,0.0,0.0,[1181]
1188,60,0.7950280442357837,0.13019415510233467,0.0,0.0,[1181]
1225,61,0.8195422808844317,0.11256821475087164,0.0,0.0,[1187 1188]
1232,62,0.8232946181100125,0.1143240505491594,0.0,0.0,[1225]
1237,63,0.8327080732039571,0.11737019297444684,0.0,0.0,[1232]
1257,63,0.8578896424301143,0.08393449461837266,0.0,0.0,[1232]
1262,64,0.8698001572480645,0.07373330972749381,0.0,0.0,[1257]
1270,64,0.8742065859046385,0.08372731032664105,0.0,0.0,[1237 1257]
1276,65,0.8853155473932744,0.06024185569864948,0.0,0.0,[1262]
1280,65,0.887359683776332,0.08179929573296407,0.0,0.0,[1262 1270]
1282,65,0.8884195760016892,0.07049923772082578,0.0,0.0,[1262 1270]
1285,66,0.9023778200003425,0.06927495053810329,0.0,0.0,[1276 1280 1282]
1286,67,0.9039060560840607,0.07076724729855355,0.0,0.0,[1285]
1290,68,0.9124145545188899,0.07107776509867059,0.0,0.0,[1286]
1291,68,0.9124451091453065,0.07347106792640212,0.0,0.0,[1286]
1297,68,0.9342091571653047,0.04610142206120149,0.0,0.0,[1286]
1296,69,0.9215871231555457,0.07408428567132486,0.0,0.0,[1290 1291]
1302,69,0.9476654357456314,0.04665781052707596,0.0,0.0,[1290 1291 1297]
1307,70,0.9771047982062352,0.01928716101723349,0.0,0.0,[1296 1302]
1309,71,0.9865637862408121,0.010665480503085134,0.0,0.0,[1307]
1310,72,1.0,0.0,3.141592653589793,0.0,[1309]
0,0,0.0,0.0,3.141592653589793,0.0,[]
1,1,0.024215457493182435,0.01975424509399981,0.0,0.0,[0]
2,1,0.02454836649980685,0.01476997705165184,3.141592653589793,0.0,[0]
3,2,0.033267275167216837,0.017636725661407726,0.0,0.0,[1]
5,2,0.04020777895817018,0.029136987296584094,3.141592653589793,0.0,[2]
7,3,0.047321586314403974,0.034076124519622164,3.141592653589793,0.0,[5]
8,3,0.047628614065646,0.018950020714646132,0.0,0.0,[3]
9,4,0.05561780826131846,0.022726407270353355,0.0,0.0,[8]
10,4,0.05641678450822396,0.013116109153251121,0.0,0.0,[8]
11,4,0.06110530504733325,0.037286562334835294,3.141592653589793,0.0,[7]
14,4,0.07726830774017757,0.0617005685827865,3.141592653589793,0.0,[7]
17,5,0.08222787700011147,0.06370104257672327,3.141592653589793,0.0,[14]
18,5,0.08234931763224718,0.028424743653066797,3.141592653589793,0.0,[11]
19,5,0.08451664386614632,0.051149865185378895,3.141592653589793,0.0,[11]
22,5,0.1026698534734235,0.003125814512869418,3.141592653589793,0.0,[ 9 10 11]
23,5,0.10506323874921819,0.042177993981089124,0.0,0.0,[ 9 10]
20,6,0.0973819598455038,0.0637893345610081,3.141592653589793,0.0,[17 19]
24,6,0.10557015524656599,0.016639656477503983,3.141592653589793,0.0,[18]
25,6,0.10876969813864956,0.04376664947579245,0.0,0.0,[23]
26,6,0.10897839148462363,0.025504637320419743,3.141592653589793,0.0,[18]
28,6,0.11281218263506154,0.005544153989004319,3.141592653589793,0.0,[18 22]
31,7,0.11765214933533796,0.018956459865862918,3.141592653589793,0.0,[24 26]
32,7,0.11770029262419068,0.008300798123359154,3.141592653589793,0.0,[24 28]
34,7,0.11993856218737076,0.036792083552952826,0.0,0.0,[25]
35,7,0.12204231623071671,0.07977623785968935,3.141592653589793,0.0,[20]
41,7,0.13156748337590818,0.04389912399298734,3.141592653589793,0.0,[20 26]
42,7,0.13287559428906726,0.06872594740816329,3.141592653589793,0.0,[20]
44,8,0.13883980069724888,0.050729001266169416,3.141592653589793,0.0,[41]
45,8,0.13943068702930073,0.06282450341320245,3.141592653589793,0.0,[35 42]
48,8,0.1519766358185809,0.020396086345895625,0.0,0.0,[32 34]
57,8,0.16533412076571896,0.0008263538839803353,0.0,0.0,[31 32 34]
50,9,0.16010052225643123,0.04937566994775444,3.141592653589793,0.0,[44 45]
68,9,0.17500841804844225,0.002191934326693623,3.141592653589793,0.0,[48 57]
55,10,0.16359829385973856,0.04799192395139584,3.141592653589793,0.0,[50]
81,10,0.1929869639670757,0.009584745300307507,3.141592653589793,0.0,[68]
82,11,0.19390154608945742,0.02673991706120571,3.141592653589793,0.0,[55]
90,11,0.20027173309765978,0.00449957825409264,3.141592653589793,0.0,[81]
86,12,0.19677999483641728,0.024009912712767312,3.141592653589793,0.0,[82]
103,12,0.20678548113084472,0.009973716948950995,3.141592653589793,0.0,[90]
100,13,0.2046413904650306,0.03041669978199224,3.141592653589793,0.0,[86]
142,13,0.23742367449327528,0.01093617454695106,0.0,0.0,[ 86 103]
106,14,0.2095271180309829,0.03489858701058113,3.141592653589793,0.0,[100]
124,14,0.22405636206576474,0.014649137981154858,3.141592653589793,0.0,[100]
152,14,0.24787710840280908,0.02035171763984578,0.0,0.0,[142]
138,15,0.2322195094963534,0.03196497816894783,3.141592653589793,0.0,[106]
154,15,0.2483520402482472,0.020566612324620093,0.0,0.0,[152]
158,15,0.25206837111040803,0.0028277819954917183,0.0,0.0,[106 124]
169,16,0.26145830200490305,0.049473676347704276,3.141592653589793,0.0,[138]
180,16,0.27034603708292015,0.00877996537270298,0.0,0.0,[154 158]
184,16,0.27215714795236934,0.027134229573229418,0.0,0.0,[154]
191,17,0.2754309152043516,0.053102586233092275,3.141592653589793,0.0,[169]
227,17,0.29302381249562004,0.010535115951154084,0.0,0.0,[180 184]
223,18,0.29192234653101334,0.039701635697045545,3.141592653589793,0.0,[191]
245,18,0.30356520333905,0.0031307500008083133,0.0,0.0,[227]
255,19,0.31234960762774744,0.010639014924997747,0.0,0.0,[245]
261,19,0.31568007278276067,0.05228754496588184,3.141592653589793,0.0,[223]
274,20,0.3207616792349651,0.00856895623213616,0.0,0.0,[255]
276,20,0.3214721901668629,0.014529929372727457,0.0,0.0,[255]
282,20,0.32555958172378807,0.001545414492967856,0.0,0.0,[255]
288,20,0.3281580285859338,0.041310677293924236,3.141592653589793,0.0,[261]
318,21,0.34751474133839044,0.017492944170716784,0.0,0.0,[274 276 282]
326,21,0.3525010021612902,0.017174247288392452,3.141592653589793,0.0,[274 282 288]
334,22,0.3567684347249015,0.017754141234198606,0.0,0.0,[318]
337,22,0.35810097945598574,0.014760722209230193,3.141592653589793,0.0,[326]
346,23,0.3638941920526796,0.011175432530764806,3.141592653589793,0.0,[337]
374,23,0.37963303969305706,0.034280868714540946,0.0,0.0,[334]
366,24,0.3756867523219939,0.002593722498355877,3.141592653589793,0.0,[346]
426,24,0.40315978751056114,0.03667818554482327,0.0,0.0,[374]
405,25,0.3951143184339484,0.00962331263430638,0.0,0.0,[366]
461,25,0.42202357145882297,0.04690119318330299,0.0,0.0,[426]
452,26,0.4167397553371276,0.02227034531845329,0.0,0.0,[405]
455,26,0.41822823933541275,0.02811942231439557,0.0,0.0,[405]
491,26,0.4376360181964659,0.05386693859024716,0.0,0.0,[461]
478,27,0.43247396199729216,0.01689888996704858,0.0,0.0,[452 455]
499,27,0.44082488782679285,0.05526717218244015,0.0,0.0,[491]
494,28,0.43841045299177284,0.01743769170821874,0.0,0.0,[478]
518,28,0.44723454797131657,0.06013928743784225,0.0,0.0,[499]
520,29,0.44772883863187984,0.020812283486176253,0.0,0.0,[494]
549,29,0.4615806687483519,0.04933872338504697,0.0,0.0,[518]
580,30,0.4735420023366368,0.014287456520103214,0.0,0.0,[520]
600,30,0.48583836375184075,0.04702572212427436,0.0,0.0,[520 549]
615,31,0.4919490577066681,0.04685463226305375,0.0,0.0,[600]
647,31,0.5016252069979531,0.0023076320173635034,0.0,0.0,[580]
649,31,0.5027362136056018,0.023867974741459297,0.0,0.0,[580]
651,31,0.5031026636367558,0.0002120478422860117,0.0,0.0,[580]
689,32,0.5137760389386413,0.02767232026954114,0.0,0.0,[615 649]
696,32,0.5176516892143812,0.011046013655339748,0.0,0.0,[647 649 651]
722,33,0.5305258683856815,0.011486393562057495,0.0,0.0,[689 696]
751,34,0.538800888797435,0.005152602159225639,0.0,0.0,[722]
790,35,0.5556195949678588,0.002244753529215937,0.0,0.0,[751]
801,35,0.5585323618012692,0.0054754799082396,3.141592653589793,0.0,[751]
829,36,0.5666834144722805,5.984962917682246e-05,0.0,0.0,[790 801]
865,37,0.5803207896024447,0.00983904491984211,3.141592653589793,0.0,[829]
887,38,0.5904465845401488,0.015129648666259987,3.141592653589793,0.0,[865]
890,39,0.5920286970098618,0.015417962216446646,3.141592653589793,0.0,[887]
898,40,0.5974267967752562,0.013803716223177331,3.141592653589793,0.0,[890]
905,41,0.6011878416158153,0.012133175190966905,3.141592653589793,0.0,[898]
942,42,0.6238946198549128,0.0051531405040954326,0.0,0.0,[905]
971,43,0.6382574418364703,0.008153252938222555,0.0,0.0,[942]
1008,44,0.6616375152007523,0.004742238594340642,0.0,0.0,[971]
1030,45,0.6772768119727098,0.0039153960165074775,3.141592653589793,0.0,[1008]
1054,46,0.6912670534799502,0.015450861759075618,3.141592653589793,0.0,[1030]
1058,47,0.6952427739916556,0.012266898699411888,3.141592653589793,0.0,[1054]
1081,48,0.7072872766939546,0.007266451419501774,3.141592653589793,0.0,[1058]
1099,49,0.7210454777279307,0.010810205409964468,3.141592653589793,0.0,[1081]
1118,50,0.7349284494452077,0.016649793931174273,3.141592653589793,0.0,[1099]
1140,51,0.752113485898416,0.006319073513759377,3.141592653589793,0.0,[1118]
1153,51,0.7643453693813125,0.019443844218278383,3.141592653589793,0.0,[1118]
1150,52,0.7588615430273766,0.009261167669364245,3.141592653589793,0.0,[1140]
1165,52,0.7706604775749654,0.02513972657375485,3.141592653589793,0.0,[1153]
1168,53,0.7742407082667667,0.02360290779267682,3.141592653589793,0.0,[1150 1165]
1192,54,0.7889694879788229,0.02519814039243129,3.141592653589793,0.0,[1168]
1199,54,0.7996529246775369,0.0379717121607932,3.141592653589793,0.0,[1168]
1205,55,0.8068596894269993,0.00852367653119479,3.141592653589793,0.0,[1192]
1219,55,0.8142031410222798,0.034700309794237105,3.141592653589793,0.0,[1192 1199]
1210,56,0.8084541153584391,0.008448124926155653,3.141592653589793,0.0,[1205]
1223,56,0.8193473203895828,0.03540873576484871,3.141592653589793,0.0,[1219]
1227,57,0.8213595626492846,0.004274080450595186,0.0,0.0,[1210]
1236,57,0.8361538539648434,0.024483114918196103,3.141592653589793,0.0,[1210 1223]
1245,58,0.8482437010603444,0.021761815460471956,3.141592653589793,0.0,[1227 1236]
1251,59,0.8547925961400369,0.018229659280321053,3.141592653589793,0.0,[1245]
1262,60,0.8797995713887115,0.006270322549286389,0.0,0.0,[1251]
1271,61,0.8917542042980101,0.009846363181915008,0.0,0.0,[1262]
1276,62,0.8995946983987612,0.003895998696978986,0.0,0.0,[1271]
1279,63,0.9090945161957692,0.013135362023232067,0.0,0.0,[1276]
1285,64,0.9204528116272874,0.023889151223703275,0.0,0.0,[1279]
1295,65,0.9417457908818639,0.021454699064741067,0.0,0.0,[1285]
1299,66,0.9562490457420343,0.021083017319908803,0.0,0.0,[1295]
1301,66,0.9635050773388281,0.0108006485987725,0.0,0.0,[1295]
1302,66,0.9646927522700065,0.004473792244121921,0.0,0.0,[1295]
1305,67,0.9756129493283107,0.004938863819762607,0.0,0.0,[1299 1301 1302]
1306,68,0.9805212224761543,0.00021379078484029534,0.0,0.0,[1305]
1307,68,0.9833325843196906,0.011702296572739912,0.0,0.0,[1305]
1308,69,0.9851265126987454,0.001739894401920239,0.0,0.0,[1306]
1309,69,0.9875383580355596,0.009609117460983363,0.0,0.0,[1307]
1310,70,1.0,0.0,3.141592653589793,0.0,[1308 1309]
0,0,0.0,0.0,3.141592653589793,0.0,[]
1,1,0.010944045452369822,0.007514489351574283,3.141592653589793,0.0,[0]
3,2,0.023612463771745085,0.009967007951435791,3.141592653589793,0.0,[1]
4,3,0.02974914506728865,0.013024385664909044,3.141592653589793,0.0,[3]
8,4,0.03679036502680111,0.00626616165090621,3.141592653589793,0.0,[4]
11,5,0.05107996007060023,0.003009373838517404,3.141592653589793,0.0,[8]
15,6,0.06418144966695494,0.0028156694476302313,3.141592653589793,0.0,[11]
20,7,0.08589324991251313,0.004075818755383209,3.141592653589793,0.0,[15]
21,8,0.0886717513637083,0.004648302056779685,3.141592653589793,0.0,[20]
36,9,0.11749226872742102,0.02462127882831855,3.141592653589793,0.0,[21]
41,10,0.12757074784105327,0.031013628393857573,3.141592653589793,0.0,[36]
52,11,0.13664574614208602,0.025332080867634277,3.141592653589793,0.0,[41]
68,11,0.1632276116764909,0.06409623788915442,3.141592653589793,0.0,[41]
89,12,0.17867589953120633,0.051826381398311305,3.141592653589793,0.0,[52 68]
103,13,0.19842032758529005,0.052927439272369536,3.141592653589793,0.0,[89]
136,14,0.22627913769729446,0.07996990388472014,3.141592653589793,0.0,[103]
137,14,0.22699260412694588,0.0718740011695852,3.141592653589793,0.0,[103]
153,15,0.23999813084766874,0.08042164087308423,3.141592653589793,0.0,[136 137]
155,15,0.2411290619398374,0.0826866328957635,3.141592653589793,0.0,[136 137]
166,16,0.2482523930172087,0.0794124144660292,3.141592653589793,0.0,[153 155]
200,17,0.27182704643099,0.09839849240326581,3.141592653589793,0.0,[166]
213,18,0.28199118466719864,0.10026763735587263,3.141592653589793,0.0,[200]
219,18,0.285138083657804,0.10444682418220008,3.141592653589793,0.0,[200]
238,19,0.3015310362892806,0.08969467518826735,3.141592653589793,0.0,[213 219]
253,19,0.3067344522191132,0.10052929771049779,3.141592653589793,0.0,[213 219]
264,20,0.31459696122246017,0.09717524143975875,3.141592653589793,0.0,[238 253]
296,21,0.33556077113779426,0.07928492272869425,3.141592653589793,0.0,[264]
305,22,0.34019408279395924,0.08212469840018555,3.141592653589793,0.0,[296]
326,23,0.35115450438287943,0.08829089918686672,3.141592653589793,0.0,[305]
327,23,0.3530875885063359,0.0910368593812102,3.141592653589793,0.0,[305]
351,24,0.3668286554603609,0.08553476802788829,3.141592653589793,0.0,[326 327]
353,24,0.3682276809272895,0.08011787683278515,3.141592653589793,0.0,[326 327]
378,25,0.38293807609339414,0.07685277978509664,3.141592653589793,0.0,[351 353]
382,26,0.3852442033217336,0.07521104074212404,3.141592653589793,0.0,[378]
403,27,0.39496480029279957,0.06949751791634173,3.141592653589793,0.0,[382]
429,28,0.4052317795174981,0.05990066636011715,3.141592653589793,0.0,[403]
437,29,0.40790591208880433,0.058777123972707845,3.141592653589793,0.0,[429]
462,30,0.42047455995338845,0.046234668799815526,3.141592653589793,0.0,[437]
484,31,0.4327227607054205,0.045840541588407,3.141592653589793,0.0,[462]
516,32,0.44093288108998707,0.05265963984691724,3.141592653589793,0.0,[484]
517,32,0.44166001297451063,0.04282075222632553,3.141592653589793,0.0,[484]
567,33,0.4630902675573455,0.05268144108395689,3.141592653589793,0.0,[516 517]
576,34,0.466671625673022,0.051703440349390006,3.141592653589793,0.0,[567]
595,35,0.4760570531991135,0.05268168871837764,3.141592653589793,0.0,[576]
651,36,0.4969325223079132,0.03583470463790717,3.141592653589793,0.0,[595]
659,37,0.5002352442504002,0.033745366232711516,3.141592653589793,0.0,[651]
706,38,0.519225549955088,0.02238909683369117,3.141592653589793,0.0,[659]
746,39,0.5363569423582552,0.012176078254112821,3.141592653589793,0.0,[706]
783,40,0.5487826038943785,0.021996216832832927,3.141592653589793,0.0,[746]
802,41,0.5593757292872942,0.011507433442520365,3.141592653589793,0.0,[783]
847,42,0.5838936299494282,0.019842366928145005,3.141592653589793,0.0,[802]
882,43,0.5975662397002458,0.006917461117803558,3.141592653589793,0.0,[847]
905,43,0.605890296192532,0.019811094969733656,3.141592653589793,0.0,[847]
931,44,0.6194732385389355,0.0210819561372404,3.141592653589793,0.0,[882 905]
948,45,0.6276403969208239,0.01669219755606588,3.141592653589793,0.0,[931]
972,46,0.6379171037871757,0.02441304352781215,3.141592653589793,0.0,[948]
997,47,0.6504038070360633,0.03681454254712968,3.141592653589793,0.0,[972]
1002,48,0.6561791619879768,0.03613093622086627,3.141592653589793,0.0,[997]
1037,49,0.6706617329186411,0.02723590356827188,3.141592653589793,0.0,[1002]
1045,50,0.6766968102297478,0.024394350000078613,3.141592653589793,0.0,[1037]
1074,51,0.7029623331096161,0.037124636349689544,3.141592653589793,0.0,[1045]
1099,52,0.7222240360765448,0.05070531816258639,3.141592653589793,0.0,[1074]
1111,53,0.7334130349069109,0.059705131372297715,3.141592653589793,0.0,[1099]
1136,54,0.7524736955049752,0.0503471366308712,3.141592653589793,0.0,[1111]
1163,55,0.7784031585703817,0.03429123549965418,3.141592653589793,0.0,[1136]
1168,55,0.7860887554836536,0.04410483346706329,3.141592653589793,0.0,[1136]
1187,56,0.7969815648193989,0.04561661130057948,3.141592653589793,0.0,[1163 1168]
1196,57,0.8059576804463441,0.044458970019260025,3.141592653589793,0.0,[1187]
1198,58,0.8077077343978906,0.04400657630954774,3.141592653589793,0.0,[1196]
1206,59,0.8143906249293024,0.04664959634280519,3.141592653589793,0.0,[1198]
1210,59,0.818591394447755,0.0518701520524123,3.141592653589793,0.0,[1198]
1215,60,0.8201517225837209,0.05306296916103148,3.141592653589793,0.0,[1210]
1235,60,0.8381903860238052,0.025098971779914492,3.141592653589793,0.0,[1206]
1227,61,0.830907775292187,0.05175681250056208,3.141592653589793,0.0,[1215]
1238,61,0.8427378898663757,0.021148049166036076,3.141592653589793,0.0,[1235]
1231,62,0.8329392928914165,0.050603805633303356,3.141592653589793,0.0,[1227]
1247,62,0.855144323251184,0.008909951540158056,3.141592653589793,0.0,[1238]
1253,63,0.8654708102001262,0.04619649007958515,3.141592653589793,0.0,[1231]
1254,63,0.8690269886850917,0.0005601080584033413,0.0,0.0,[1247]
1258,63,0.8746270371026506,0.06917906357598202,3.141592653589793,0.0,[1231]
1256,64,0.8703327896457114,0.04205680928084454,3.141592653589793,0.0,[1253]
1262,64,0.8786745317195827,0.06755666576053299,3.141592653589793,0.0,[1258]
1263,64,0.8790003043212414,0.004316510695384301,0.0,0.0,[1254]
1269,65,0.8848002874141067,0.0006196980964309207,0.0,0.0,[1263]
1275,65,0.8973420627257226,0.05511998275310359,3.141592653589793,0.0,[1256 1262]
1273,66,0.8924346617920612,0.0006908237143786744,3.141592653589793,0.0,[1269]
1282,66,0.9104903165550406,0.042127199797585946,3.141592653589793,0.0,[1275]
1281,67,0.9097249858929009,0.008566959427888321,0.0,0.0,[1273]
1286,67,0.9172052358732506,0.0008864206659027207,3.141592653589793,0.0,[1273]
1289,67,0.9192732510626501,0.007135589359207994,3.141592653589793,0.0,[1273]
1290,67,0.9218218869914852,0.041376764981343794,3.141592653589793,0.0,[1282]
1293,67,0.9285994967142386,0.030131452763972444,0.0,0.0,[1273]
1295,68,0.9297444767757722,0.016855293465013466,0.0,0.0,[1281]
1296,68,0.9321505281155054,0.0328649835375876,3.141592653589793,0.0,[1290]
1298,68,0.9341214840969712,0.016870786669641702,3.141592653589793,0.0,[1286 1289]
1302,68,0.9414584326209456,0.03361586968568209,0.0,0.0,[1281 1293]
1299,69,0.9380873910345241,0.028352271602802737,3.141592653589793,0.0,[1296]
1303,69,0.9418067090585363,0.01972671203340226,3.141592653589793,0.0,[1298]
1304,69,0.9465174234050446,0.03236452214188268,0.0,0.0,[1295 1302]
1305,70,0.9491588235293833,0.033072512345376004,3.141592653589793,0.0,[1299]
1306,70,0.9493622739924522,0.01688625928988663,3.141592653589793,0.0,[1303]
1307,70,0.9664771431322021,0.020797635760720024,0.0,0.0,[1304]
1308,71,0.9742234502252238,0.021525065845815483,0.0,0.0,[1307]
1309,71,0.9898336415148709,0.0009114240050864808,0.0,0.0,[1305 1306 1307]
1310,72,1.0,0.0,3.141592653589793,0.0,[1308 1309]
0,0,0.0,0.0,3.141592653589793,0.0,[]
1,1,0.00901340989345234,0.004840159142196154,3.141592653589793,0.0,[0]
3,2,0.029167948353623796,0.014472488578851417,0.0,0.0,[1]
6,3,0.03459831369970179,0.017298234440641935,0.0,0.0,[3]
8,3,0.042070757729071984,0.026549538720672006,0.0,0.0,[3]
15,4,0.07251710855292204,0.031253909952248415,0.0,0.0,[6 8]
19,5,0.07903569183849712,0.026899846881747513,0.0,0.0,[15]
23,6,0.08922917332389213,0.03355819274859062,0.0,0.0,[19]
32,7,0.10533985343082863,0.038376204020069804,0.0,0.0,[23]
36,8,0.11344644037492135,0.04448232615070791,0.0,0.0,[32]
49,9,0.13134067269069527,0.05511776074079233,0.0,0.0,[36]
60,10,0.13853325960710083,0.05788527309886382,0.0,0.0,[49]
67,11,0.1437110606817119,0.055097728596849804,0.0,0.0,[60]
78,12,0.153941926770657,0.06380334180235903,0.0,0.0,[67]
84,13,0.16014349887357415,0.06366570836144803,0.0,0.0,[78]
105,14,0.1788264929323673,0.04831967045850327,0.0,0.0,[84]
118,15,0.1911471578134415,0.05431441281133231,0.0,0.0,[105]
153,16,0.22669131169330703,0.03506109580999106,0.0,0.0,[118]
154,16,0.2276624699173554,0.018532762741412134,0.0,0.0,[118]
167,17,0.23546042776360876,0.01815782926175502,0.0,0.0,[154]
190,17,0.24411634233935875,0.027984962905293953,0.0,0.0,[153 154]
214,18,0.26265369791720594,0.019589593539151795,0.0,0.0,[167 190]
223,19,0.2658938582809586,0.016743005765720076,0.0,0.0,[214]
259,20,0.2900759767206449,0.02423299241037158,0.0,0.0,[223]
282,21,0.298931581974906,0.02692009039705745,0.0,0.0,[259]
320,22,0.31767676011217894,0.014792674258716443,0.0,0.0,[282]
354,23,0.33799379734619683,0.001158887818853982,0.0,0.0,[320]
366,24,0.3531158974499282,0.004813078124535242,3.141592653589793,0.0,[354]
393,25,0.36874136517429545,0.003981001579416388,0.0,0.0,[366]
444,26,0.39370605959781413,0.0008372215839257402,0.0,0.0,[393]
450,26,0.3959218485602798,0.021091064654556013,0.0,0.0,[393]
455,27,0.398637780494304,0.003560542325614424,3.141592653589793,0.0,[444]
474,27,0.4067247054440758,0.02473824740816899,0.0,0.0,[450]
513,28,0.4257801099087779,0.01045224101650244,0.0,0.0,[455 474]
525,29,0.4326425491265343,0.013150895164606102,0.0,0.0,[513]
581,30,0.451886391021604,0.013036052290535727,0.0,0.0,[525]
608,31,0.46081832241032805,0.015473957097041469,0.0,0.0,[581]
627,32,0.470751876026403,0.00998792061115128,0.0,0.0,[608]
674,33,0.48812661190634066,0.018471469586333944,0.0,0.0,[627]
705,34,0.500484741509655,0.02752916367725522,0.0,0.0,[674]
732,35,0.5126238611651854,0.022773182590555607,0.0,0.0,[705]
750,36,0.5181170788140361,0.02650668865034722,0.0,0.0,[732]
757,36,0.5258667817044873,0.017193112058506488,0.0,0.0,[732]
772,37,0.531198059764771,0.01933382993992927,0.0,0.0,[750 757]
778,38,0.5360974907884019,0.01681340069968429,0.0,0.0,[772]
802,39,0.5475493668297717,0.01831599441899956,0.0,0.0,[778]
825,40,0.5634121171450992,0.006881480725210998,0.0,0.0,[802]
863,41,0.5784703929657854,0.008392160217586597,0.0,0.0,[825]
872,42,0.5821768461285487,0.007155201568396885,0.0,0.0,[863]
888,43,0.5888713251285372,0.004839507460756676,0.0,0.0,[872]
900,44,0.5937270032055335,0.007347203732331997,0.0,0.0,[888]
945,45,0.6166747666554645,0.007822627982885688,3.141592653589793,0.0,[900]
946,45,0.6168835145112835,0.0049292252712251905,3.141592653589793,0.0,[900]
957,45,0.6229763662151898,0.02370392185178327,0.0,0.0,[900]
960,45,0.6255276601327805,0.019081485017518496,0.0,0.0,[900]
964,46,0.6280364813870358,0.015179546022185963,3.141592653589793,0.0,[945 946]
973,46,0.6299262775788308,0.01879966409351863,3.141592653589793,0.0,[945]
984,46,0.634493790957865,0.021575987443038458,0.0,0.0,[957 960]
998,47,0.6388406566127521,0.024216091222719283,3.141592653589793,0.0,[964 973]
1012,47,0.6461000867124054,0.02614403669948495,0.0,0.0,[984]
1023,48,0.6564540740276161,0.017653718153231468,3.141592653589793,0.0,[998]
1025,48,0.6575431519631095,0.03387186881002535,3.141592653589793,0.0,[998]
1036,48,0.6640349454227188,0.018085305844247168,0.0,0.0,[1012]
1047,49,0.6730599123853365,0.02265270892390725,0.0,0.0,[1036]
1050,49,0.673836067588165,0.005715058319784028,3.141592653589793,0.0,[1023]
1051,49,0.6745328187841814,0.021529943763417658,3.141592653589793,0.0,[1023 1025]
1053,49,0.6756945990056739,0.003263304952639934,3.141592653589793,0.0,[1023]
1062,49,0.6823884607139978,0.053310617280004524,3.141592653589793,0.0,[1025]
1069,50,0.6886757135764271,0.010895562632877276,3.141592653589793,0.0,[1050 1051 1053]
1075,50,0.6943339593885625,0.01886623659778941,3.141592653589793,0.0,[1050 1051 1053]
1079,50,0.6953944262805036,0.040154066373415453,0.0,0.0,[1047]
1083,50,0.7002117697843172,0.05086148906248544,3.141592653589793,0.0,[1062]
1086,50,0.702152311571479,0.0044722696775708615,0.0,0.0,[1047 1050 1051 1053]
1105,51,0.7185329030259494,0.06348626308358729,3.141592653589793,0.0,[1083]
1113,51,0.7278712718080237,0.007086811794740577,0.0,0.0,[1069 1075 1086]
1117,51,0.729562759739229,0.004416567095029578,0.0,0.0,[1069 1075 1086]
1126,51,0.736123947666248,0.03845820052219351,0.0,0.0,[1079]
1138,52,0.7484388499696968,0.09073650406955969,3.141592653589793,0.0,[1105]
1139,52,0.7484639085295989,0.08702627447981626,3.141592653589793,0.0,[1105]
1140,52,0.7484647655946132,0.073313265012661,3.141592653589793,0.0,[1105]
1155,52,0.7582559720318784,0.03254430275775477,0.0,0.0,[1113 1117 1126]
1167,53,0.7685967512687626,0.04047134240045802,0.0,0.0,[1155]
1171,53,0.7696398060625508,0.0803234149681985,3.141592653589793,0.0,[1138 1139 1140]
1174,53,0.7712472158876226,0.053991772124193815,3.141592653589793,0.0,[1140]
1176,54,0.7733116782976793,0.04173519349255861,0.0,0.0,[1167]
1197,54,0.7947482560160576,0.056056234195718035,3.141592653589793,0.0,[1171 1174]
1196,55,0.7944297845378373,0.0358939132683056,0.0,0.0,[1176]
1202,55,0.797994427782471,0.05509264453489837,3.141592653589793,0.0,[1197]
1214,56,0.8118815681397933,0.062456443303908094,3.141592653589793,0.0,[1202]
1215,56,0.8141382243858241,0.03568661280715313,0.0,0.0,[1196]
1217,57,0.8176384356500521,0.06411987107424588,3.141592653589793,0.0,[1214]
1218,57,0.8177961452064169,0.03211754266707878,0.0,0.0,[1215]
1222,58,0.8218010489683016,0.03502988846350408,0.0,0.0,[1218]
1225,58,0.82469627621944,0.029964940254420314,0.0,0.0,[1218]
1246,58,0.8432713488766609,0.08369011667047888,3.141592653589793,0.0,[1217]
1235,59,0.8325445420504733,0.027425972661859643,0.0,0.0,[1222 1225]
1251,59,0.8473694904362542,0.08743377972451949,3.141592653589793,0.0,[1246]
1243,60,0.8409017671381585,0.022319045641161384,0.0,0.0,[1235]
1248,60,0.8436908878899347,0.03270670374038587,0.0,0.0,[1235]
1254,60,0.853209120812074,0.08789879417946356,3.141592653589793,0.0,[1251]
1263,61,0.8657213934324405,0.019456911759713424,0.0,0.0,[1243 1248]
1264,61,0.8662319367475843,0.016805590454828656,0.0,0.0,[1243 1248]
1265,61,0.8678974540894243,0.08831527614305179,3.141592653589793,0.0,[1254]
1269,61,0.870279472627426,0.01088003270011939,0.0,0.0,[1243 1248]
1270,61,0.87180845527814,0.00608044254576301,3.141592653589793,0.0,[1243]
1272,62,0.8744789836474286,0.08393550737531663,3.141592653589793,0.0,[1265]
1277,62,0.8838330303630821,0.0034968042628844564,0.0,0.0,[1263 1264 1269 1270]
1287,63,0.8942793775388694,0.06780217192600324,3.141592653589793,0.0,[1272]
1292,63,0.9015705182443858,0.010060589485282212,3.141592653589793,0.0,[1277]
1294,64,0.9047535228171866,0.061681475538084674,3.141592653589793,0.0,[1287]
1298,64,0.9066426382417975,0.008586612210129907,3.141592653589793,0.0,[1292]
1305,65,0.9452598706368626,0.02833799949038185,3.141592653589793,0.0,[1294 1298]
1306,66,0.9462473427865301,0.028318961217421945,3.141592653589793,0.0,[1305]
1307,67,0.9587962229068754,0.018041535163721867,3.141592653589793,0.0,[1306]
1309,68,0.969599765684858,0.028456284815950306,3.141592653589793,0.0,[1307]
1310,69,1.0,0.0,3.141592653589793,0.0,[1309]
0,0,0.0,0.0,3.141592653589793,0.0,[]
1,1,0.003807035078891463,0.0021479330863994894,0.0,0.0,[0]
2,1,0.010506752983973078,0.010022135842087998,3.141592653589793,0.0,[0]
5,2,0.047340431634518954,0.011415513534078325,3.141592653589793,0.0,[1 2]
6,3,0.048531552579935466,0.01069149553937876,3.141592653589793,0.0,[5]
15,4,0.06553162055690209,0.007207088825661123,3.141592653589793,0.0,[6]
16,5,0.06827081149406078,0.00881258950329622,3.141592653589793,0.0,[15]
28,6,0.10174147383254595,0.03960332339489936,3.141592653589793,0.0,[16]
33,7,0.1142761641128397,0.04500701015186981,3.141592653589793,0.0,[28]
35,8,0.11476327168678369,0.04473951190604086,3.141592653589793,0.0,[33]
44,9,0.1267767990447186,0.043649138673990784,3.141592653589793,0.0,[35]
48,9,0.1363718137094374,0.05944717169614033,3.141592653589793,0.0,[35]
51,10,0.14592637161197908,0.06078911373066409,3.141592653589793,0.0,[44 48]
52,11,0.14744199815974235,0.0593810556113491,3.141592653589793,0.0,[51]
65,12,0.17156011798615145,0.06856352159319679,3.141592653589793,0.0,[52]
78,13,0.18774311713484226,0.07566325831836918,3.141592653589793,0.0,[65]
100,14,0.20473696860562496,0.06811495494763431,3.141592653589793,0.0,[78]
104,15,0.2096615425984818,0.06366150012577887,3.141592653589793,0.0,[100]
121,16,0.22808918666175915,0.04908940799406103,3.141592653589793,0.0,[104]
125,16,0.23514794508834602,0.07301605317000259,3.141592653589793,0.0,[104]
135,16,0.24575418027992912,0.027904398265987562,3.141592653589793,0.0,[104]
141,17,0.25188189053339616,0.0860185969244538,3.141592653589793,0.0,[125]
144,17,0.2547389991782357,0.061493128978806766,3.141592653589793,0.0,[121 125]
145,17,0.25617550379254184,0.06681166380945902,3.141592653589793,0.0,[121 125]
147,17,0.25793717771752356,0.03382561278672791,3.141592653589793,0.0,[121 135]
156,18,0.26270148559986195,0.03509025108880004,3.141592653589793,0.0,[147]
165,18,0.26938719108489806,0.05703796132951178,3.141592653589793,0.0,[144 145]
168,18,0.27200254109638067,0.09606925118650056,3.141592653589793,0.0,[141]
169,19,0.272115542401555,0.03730721941372839,3.141592653589793,0.0,[156]
173,19,0.2745956357765533,0.09671388647515389,3.141592653589793,0.0,[168]
195,19,0.2890934132794446,0.07395897079768776,3.141592653589793,0.0,[165]
190,20,0.28686544151365734,0.04855104028150148,3.141592653589793,0.0,[169]
194,20,0.28804389809943376,0.10095473049602122,3.141592653589793,0.0,[173]
203,20,0.294005620270278,0.022471742160070862,3.141592653589793,0.0,[169]
219,20,0.302588598192847,0.08135565040168247,3.141592653589793,0.0,[173 195]
199,21,0.2909576586437962,0.04769289945523281,3.141592653589793,0.0,[190]
212,21,0.29950722631493765,0.017447619867255293,3.141592653589793,0.0,[203]
214,21,0.300202854403389,0.10988204124440704,3.141592653589793,0.0,[194]
232,21,0.309698998062536,0.0889625411946462,3.141592653589793,0.0,[194]
237,21,0.31090242491996123,0.08098005664531671,3.141592653589793,0.0,[194 219]
229,22,0.30812160228320873,0.0597718745832736,3.141592653589793,0.0,[199]
235,22,0.3101475401019692,0.10809343446703212,3.141592653589793,0.0,[214]
240,22,0.31155609386170524,0.0896422246670453,3.141592653589793,0.0,[232]
249,22,0.3179129478728233,0.005490625950292816,3.141592653589793,0.0,[212]
255,22,0.32126715905900083,0.0797810930839512,3.141592653589793,0.0,[232 237]
260,23,0.323847442183801,0.11132974164786436,3.141592653589793,0.0,[235]
266,23,0.3273477523418651,0.12426869927940487,3.141592653589793,0.0,[235]
271,23,0.3315171300688263,0.0001210880078004184,0.0,0.0,[249]
278,23,0.3352495179750369,0.08687670157917737,3.141592653589793,0.0,[229 235 240 255]
298,24,0.3451538043584256,0.09442324046772588,3.141592653589793,0.0,[260 278]
307,24,0.34951836339953035,0.10127483802959558,3.141592653589793,0.0,[260]
310,24,0.3518397076150245,0.00014566169550878083,0.0,0.0,[271]
341,24,0.37028359457052284,0.13793426109878393,3.141592653589793,0.0,[260 266]
342,24,0.37048341806901197,0.13716172432736196,3.141592653589793,0.0,[260 266]
315,25,0.35657998592853646,0.10124224897673928,3.141592653589793,0.0,[298 307]
326,25,0.36144295470521126,0.001955711704438201,3.141592653589793,0.0,[310]
330,25,0.3647304246654497,0.11328414098180606,3.141592653589793,0.0,[298 307]
352,25,0.3747894808838449,0.1383821564208373,3.141592653589793,0.0,[341 342]
348,26,0.37388810285019736,0.007862805462932387,0.0,0.0,[326]
368,26,0.38174412671390934,0.00670426253634715,3.141592653589793,0.0,[326]
375,26,0.3851002343222413,0.11818985392715953,3.141592653589793,0.0,[315 330]
377,26,0.38568258819876955,0.12862190734848233,3.141592653589793,0.0,[315 330 352]
404,27,0.4015308562489691,0.009382705973577155,0.0,0.0,[348 368]
406,27,0.4027735674196119,0.11386566957333233,3.141592653589793,0.0,[375 377]
410,27,0.409383937816295,0.10031431802780533,3.141592653589793,0.0,[375]
419,27,0.41140574251865303,0.14554188685819103,3.141592653589793,0.0,[377]
429,28,0.42022801927464515,0.14715348697389752,3.141592653589793,0.0,[419]
445,28,0.4258836987987552,0.0005721125992692588,0.0,0.0,[404]
450,28,0.42930059094480866,0.11273401176164322,3.141592653589793,0.0,[406 410]
484,28,0.44109363488736664,0.0447047598855278,0.0,0.0,[404]
439,29,0.42396462521193223,0.14672528196084855,3.141592653589793,0.0,[429]
483,29,0.44055802761821206,0.11747166153908417,3.141592653589793,0.0,[450]
496,29,0.44838886710451,0.021023381601645186,0.0,0.0,[445]
509,29,0.45514105367326707,0.04322874450626735,0.0,0.0,[484]
487,30,0.4424168255374292,0.11757408953088067,3.141592653589793,0.0,[483]
502,30,0.4522991796040142,0.16905665824233873,3.141592653589793,0.0,[439]
507,30,0.45472221209156016,0.02722055382329014,0.0,0.0,[496]
522,30,0.46276948192918477,0.18075559746749115,3.141592653589793,0.0,[439]
540,30,0.4689209575409182,0.046301166089181334,0.0,0.0,[509]
498,31,0.45035363710027887,0.11270655951459962,3.141592653589793,0.0,[487]
525,31,0.46354150153784957,0.12662129580535564,3.141592653589793,0.0,[487]
548,31,0.4726408442548594,0.038292473756315504,0.0,0.0,[507]
556,31,0.4774099702636465,0.04632903457088877,0.0,0.0,[507 540]
560,31,0.4779912229958838,0.15927412035851807,3.141592653589793,0.0,[502]
572,31,0.48124300615908555,0.17524838228957063,3.141592653589793,0.0,[502 522]
542,32,0.4701897174083324,0.10520173303114999,3.141592653589793,0.0,[498]
586,32,0.4867875220431638,0.03167185071820611,0.0,0.0,[548]
601,32,0.4939779165616248,0.05985570072416857,0.0,0.0,[556]
615,32,0.5004200593232565,0.1603784792402967,3.141592653589793,0.0,[498 525 560 572]
598,33,0.493741120881488,0.11137803418982717,3.141592653589793,0.0,[542]
604,33,0.4949640134922738,0.03149676847741967,0.0,0.0,[586]
610,33,0.4969433220125391,0.10808285097373305,3.141592653589793,0.0,[542]
637,33,0.5059787069510834,0.1374360588363297,3.141592653589793,0.0,[542]
639,33,0.5072020406092237,0.0729031364672057,0.0,0.0,[601]
651,33,0.5142910931797977,0.16505489937007567,3.141592653589793,0.0,[615]
663,33,0.5175047891627124,0.1583498920437143,3.141592653589793,0.0,[615]
625,34,0.5033325325363742,0.0350078022445417,0.0,0.0,[604]
648,34,0.5127230474875875,0.11905719491268696,3.141592653589793,0.0,[598 610]
670,34,0.5224155638414312,0.1651516864818955,3.141592653589793,0.0,[651]
692,34,0.5290646961516147,0.15442279846704587,3.141592653589793,0.0,[637 651 663]
754,34,0.5547508615322757,0.11876791933198427,0.0,0.0,[639]
667,35,0.5203082767402561,0.037961977824637505,0.0,0.0,[625]
672,35,0.5234890497102322,0.0424218906336824,0.0,0.0,[625]
726,35,0.5426814333975543,0.1484739274921556,3.141592653589793,0.0,[648 670 692]
771,35,0.5621513463838054,0.12163967112208929,0.0,0.0,[754]
732,36,0.5442699339323769,0.14767876749636277,3.141592653589793,0.0,[726]
739,36,0.5468611625003122,0.020793625198542,0.0,0.0,[667 672]
820,36,0.5831378332825344,0.13743802750457623,0.0,0.0,[771]
833,36,0.5867912479106349,0.1415029882095563,0.0,0.0,[771]
766,37,0.5584005182375111,0.020906406781344034,0.0,0.0,[739]
769,37,0.560981559244071,0.1628024637728972,3.141592653589793,0.0,[732]
850,37,0.5955699349505461,0.1473445089415184,0.0,0.0,[820 833]
789,38,0.5688766674892706,0.16144847587972444,3.141592653589793,0.0,[769]
804,38,0.573825653025276,0.15532252414432024,3.141592653589793,0.0,[769]
818,38,0.5824850613460119,0.01106196570433915,0.0,0.0,[766]
857,38,0.5984740990514311,0.14596350321261764,0.0,0.0,[850]
823,39,0.5839923319508703,0.14687338517799675,3.141592653589793,0.0,[789 804]
842,39,0.5920252425393215,0.010884876122615239,0.0,0.0,[818]
864,39,0.601717956836999,0.14382417578614282,0.0,0.0,[857]
854,40,0.5971216324835059,0.013861350051816435,0.0,0.0,[842]
880,40,0.6078163597852055,0.1410200897859334,0.0,0.0,[864]
882,40,0.6083824719224097,0.12949000917564646,3.141592653589793,0.0,[823]
894,41,0.6118283097944626,0.13725448042747568,0.0,0.0,[880]
897,41,0.6124594356590649,0.024063949504267712,0.0,0.0,[854]
926,41,0.6270242277153875,0.11269844518202887,3.141592653589793,0.0,[882]
912,42,0.6208110967446292,0.03140084443353863,0.0,0.0,[897]
930,42,0.6320970672974565,0.11569533841372981,3.141592653589793,0.0,[926]
953,42,0.643440288102729,0.0030844864025773022,3.141592653589793,0.0,[897]
954,42,0.6434959430557011,0.12707412006060403,0.0,0.0,[894]
945,43,0.6400006921830103,0.025642202243635004,0.0,0.0,[912]
969,43,0.6519471412289253,0.114156690046186,3.141592653589793,0.0,[930]
971,43,0.6545686353679976,0.0019496420901469191,0.0,0.0,[912 953]
976,43,0.6555393455704085,0.11971422286668298,3.141592653589793,0.0,[930]
977,43,0.6560487984291345,0.13416920371371344,0.0,0.0,[954]
994,44,0.6624317825153202,0.021121514744776526,0.0,0.0,[945]
995,44,0.6625732045134239,0.11334584003308001,3.141592653589793,0.0,[969 976]
999,44,0.6646375987788116,0.02398995743442367,0.0,0.0,[945]
1002,44,0.6656993186359608,0.10900834963236239,3.141592653589793,0.0,[969]
1004,44,0.6668615761683967,0.1264322139102546,0.0,0.0,[977]
1005,44,0.6679589235474754,0.009604415261506127,0.0,0.0,[945 971]
1015,45,0.6762719887023808,0.12659255783001233,0.0,0.0,[1004]
1024,45,0.6791899332359708,0.01587194872034159,0.0,0.0,[ 994  999 1005]
1038,45,0.687708517091391,0.029556224933521724,0.0,0.0,[994 999]
1054,45,0.6988009996334728,0.07734651921783353,3.141592653589793,0.0,[ 995 1002]
1029,46,0.6840083493571312,0.11941259008031457,0.0,0.0,[1015]
1058,46,0.7047763647642311,0.03747932009950283,0.0,0.0,[1024 1038]
1070,46,0.7167787708032409,0.06762930356569086,3.141592653589793,0.0,[1054]
1076,46,0.7209447553286331,0.060558600583881295,3.141592653589793,0.0,[1054]
1059,47,0.7064781903104324,0.03771879070017603,0.0,0.0,[1058]
1065,47,0.7138174867529293,0.09007119821592446,0.0,0.0,[1029]
1090,47,0.7287101225604611,0.062436393584376915,3.141592653589793,0.0,[1070 1076]
1077,48,0.7211808273406783,0.042713641232443256,0.0,0.0,[1059]
1089,48,0.7285517970578722,0.08485026732733625,0.0,0.0,[1065]
1096,48,0.7304860442606698,0.07347101699833836,0.0,0.0,[1065]
1099,48,0.7321684458885075,0.06002073880300707,3.141592653589793,0.0,[1090]
1100,49,0.7347603415896458,0.03968051323144617,0.0,0.0,[1077]
1105,49,0.7363435418555403,0.07486308729846514,0.0,0.0,[1096]
1106,49,0.7372780203199264,0.08872629453783154,0.0,0.0,[1089]
1109,49,0.7386957150217791,0.06554166829389352,3.141592653589793,0.0,[1099]
1120,50,0.7452819273907753,0.0674982305199271,3.141592653589793,0.0,[1109]
1132,50,0.7531425971083364,0.08943442129014467,0.0,0.0,[1105 1106]
1139,50,0.7577902724803687,0.020216372192113585,0.0,0.0,[1100]
1143,50,0.7595107502924402,0.03768504956888963,0.0,0.0,[1100]
1134,51,0.7549737441237973,0.06975461658901239,3.141592653589793,0.0,[1120]
1153,51,0.7651017625685332,0.057182121321113,3.141592653589793,0.0,[1120]
1156,51,0.7658462438500074,0.014221134848405037,0.0,0.0,[1139]
1160,51,0.7762286604099432,0.039438330945861355,0.0,0.0,[1143]
1161,51,0.7765535199976834,0.08461308924607835,0.0,0.0,[1132]
1157,52,0.7718839603722418,0.06324705515835694,3.141592653589793,0.0,[1134 1153]
1164,52,0.7802165704846133,0.08306334179072172,0.0,0.0,[1161]
1170,52,0.7847521367381939,0.04435203638960794,0.0,0.0,[1160]
1179,52,0.7890825997212118,0.019022859542984438,0.0,0.0,[1156]
1181,52,0.7901704133249332,0.02182531829004819,0.0,0.0,[1156]
1171,53,0.7867024397388084,0.05865257218660458,3.141592653589793,0.0,[1157]
1174,53,0.78750113804823,0.06612136048284656,3.141592653589793,0.0,[1157]
1178,53,0.7886075904062086,0.04169436150380412,0.0,0.0,[1170]
1180,53,0.7901032526890335,0.01937747160871328,0.0,0.0,[1179]
1186,53,0.7937223389797172,0.023448172330286843,0.0,0.0,[1179 1181]
1189,53,0.7985029818896882,0.07988347662341932,0.0,0.0,[1164]
1193,54,0.8045437033835691,0.07544033117750593,0.0,0.0,[1189]
1204,54,0.8125872155604911,0.065858238310876,3.141592653589793,0.0,[1171 1174]
1212,54,0.8210940781437852,0.056991278571574155,3.141592653589793,0.0,[1171 1174]
1222,54,0.8280150659220663,0.00998758311325798,0.0,0.0,[1178 1180 1186]
1224,55,0.8288973128020065,0.05721393001838471,0.0,0.0,[1193]
1232,55,0.8372442051177076,0.052755327012397046,3.141592653589793,0.0,[1204 1212]
1235,55,0.8383155588895532,0.04943637822876212,3.141592653589793,0.0,[1204 1212]
1243,55,0.844988568068972,0.0009805108321406797,0.0,0.0,[1222]
1229,56,0.833215170707302,0.05483589932905775,0.0,0.0,[1224]
1242,56,0.8448134886034394,0.04747357793345475,3.141592653589793,0.0,[1232 1235]
1244,56,0.8459501133075643,0.0005577191218296695,0.0,0.0,[1243]
1245,56,0.8466168173240534,0.04553371496126957,3.141592653589793,0.0,[1232 1235]
1250,57,0.8517811620795626,0.043071229421682844,3.141592653589793,0.0,[1242 1245]
1272,57,0.8812818813378397,0.02156607333881455,0.0,0.0,[1229 1244]
1274,57,0.8828390988719673,0.019175431873382887,0.0,0.0,[1229 1244]
1260,58,0.8720804058987657,0.03229429487199231,3.141592653589793,0.0,[1250]
1277,58,0.8876307195887632,0.020895629596022647,0.0,0.0,[1272 1274]
1281,59,0.8900030426015729,0.03794850080383838,3.141592653589793,0.0,[1260]
1283,59,0.8933479229823026,0.028328504190172965,3.141592653589793,0.0,[1260]
1286,59,0.8996170243535475,0.012190550022049496,0.0,0.0,[1277]
1285,60,0.8981051020786643,0.031719174761528635,3.141592653589793,0.0,[1281 1283]
1288,60,0.9028029743863307,0.014521302868404584,0.0,0.0,[1286]
1294,61,0.9112977869324964,0.0188650925964281,3.141592653589793,0.0,[1285]
1297,61,0.9249138638876281,0.024016294952450723,0.0,0.0,[1288]
1298,62,0.9257586074428593,0.018166830474623308,3.141592653589793,0.0,[1294]
1300,62,0.928356518936171,0.025220855429690325,3.141592653589793,0.0,[1294]
1304,62,0.9451199577881763,0.035699242354084504,0.0,0.0,[1297]
1303,63,0.9415215508562661,0.02529394023263265,3.141592653589793,0.0,[1298 1300]
1306,63,0.9672830996193167,0.014158281003675888,0.0,0.0,[1298 1304]
1305,64,0.9606722259991196,0.013423005935603416,3.141592653589793,0.0,[1303]
1307,64,0.9701927926905334,0.014229156522735487,0.0,0.0,[1306]
1308,65,0.9816177710307138,0.007442233193543313,3.141592653589793,0.0,[1305]
1309,65,0.9887567700460985,0.00017725673769297678,0.0,0.0,[1305 1307]
1310,66,1.0,0.0,3.141592653589793,0.0,[1308 1309]
0,0,0.0,0.0,3.141592653589793,0.0,[]
1,1,0.019532991296890345,0.00724933885067125,3.141592653589793,0.0,[0]
6,2,0.031011611312810827,0.009135338655602454,3.141592653589793,0.0,[1]
9,3,0.04378816438361843,0.018479083797422358,3.141592653589793,0.0,[6]
16,4,0.07067056434588026,0.0036590728171650433,3.141592653589793,0.0,[9]
20,5,0.09252474003476252,0.0037870331540248436,3.141592653589793,0.0,[16]
22,5,0.10235769263513983,0.009934487525702806,0.0,0.0,[16]
27,6,0.11394353455535766,0.012345472648958467,0.0,0.0,[20 22]
35,7,0.1339015123021281,0.012065990664823834,0.0,0.0,[27]
38,7,0.13672574294378814,0.003476115648583855,0.0,0.0,[27]
45,8,0.14511366471777254,0.00420324777862191,0.0,0.0,[35 38]
49,8,0.14978704154502953,0.016984856082473576,0.0,0.0,[35]
63,9,0.16512618545550584,0.008763412463939968,0.0,0.0,[45 49]
66,9,0.16784199657648513,0.005830167788545615,3.141592653589793,0.0,[45]
84,10,0.1923495466978602,0.003779950053039771,0.0,0.0,[63 66]
94,11,0.19869908784706947,0.001975429305055898,0.0,0.0,[84]
107,12,0.21084035593700856,0.012518904683294307,0.0,0.0,[94]
143,13,0.24544593643287305,0.039526617957312826,0.0,0.0,[107]
150,14,0.2508811452394182,0.04439523448684479,0.0,0.0,[143]
154,15,0.25593800114630305,0.04788079578666615,0.0,0.0,[150]
163,16,0.2589665644576167,0.04985413785766524,0.0,0.0,[154]
193,17,0.28106376326628213,0.034372440956759176,0.0,0.0,[163]
217,18,0.29432480100336067,0.023186527818268687,0.0,0.0,[193]
219,19,0.2972321534518394,0.02579832063759968,0.0,0.0,[217]
223,20,0.2996743128995365,0.025261525322781142,0.0,0.0,[219]
246,21,0.31850105760754843,0.011508610315108858,0.0,0.0,[223]
279,21,0.33615398233397686,0.00955637520880015,3.141592653589793,0.0,[223]
288,22,0.3437183589514592,0.002418237465820816,3.141592653589793,0.0,[246 279]
295,22,0.3477735572002031,0.0017468093827425202,0.0,0.0,[246 279]
310,23,0.3556141973787317,0.006088437856696327,3.141592653589793,0.0,[288 295]
328,24,0.3668469541197438,0.007280468899168113,3.141592653589793,0.0,[310]
341,25,0.3725018246235626,0.00997329948789305,3.141592653589793,0.0,[328]
383,26,0.3942273132055827,0.020232819869633878,3.141592653589793,0.0,[341]
419,27,0.406761938721795,0.02417124210372079,3.141592653589793,0.0,[383]
450,28,0.4166845325244978,0.017011991507897672,3.141592653589793,0.0,[419]
451,28,0.4168024746933374,0.032107274221252036,3.141592653589793,0.0,[419]
454,28,0.4180705365679972,0.030552229991752777,3.141592653589793,0.0,[419]
475,28,0.4283057112776647,0.004517118439517853,3.141592653589793,0.0,[419]
478,29,0.4307717670927147,0.021009084024748548,3.141592653589793,0.0,[450 451 454]
527,29,0.4510229832402889,0.0008464153846422517,0.0,0.0,[450 451 454 475]
543,30,0.4569486112787917,0.0007119556520169823,3.141592653589793,0.0,[478 527]
558,31,0.46130802323952125,0.003659692813541393,3.141592653589793,0.0,[543]
568,32,0.4647555876966565,0.0035575689105514785,3.141592653589793,0.0,[558]
634,32,0.4887850972234721,0.02794304895787869,3.141592653589793,0.0,[558]
651,33,0.4955511944449975,0.034255233112952865,3.141592653589793,0.0,[568 634]
677,34,0.5071857504710452,0.04558861564276284,3.141592653589793,0.0,[651]
709,35,0.5188205728470775,0.05151617868951175,3.141592653589793,0.0,[677]
751,36,0.53245610777878,0.06430929386728823,3.141592653589793,0.0,[709]
813,37,0.5530362739978063,0.06441638249500847,3.141592653589793,0.0,[751]
834,38,0.5598440012389959,0.06662389576714745,3.141592653589793,0.0,[813]
861,39,0.5702477321815663,0.0724562349487965,3.141592653589793,0.0,[834]
871,40,0.5750333212497061,0.07609192676947063,3.141592653589793,0.0,[861]
883,41,0.5829322067278194,0.07362451930913583,3.141592653589793,0.0,[871]
885,41,0.5830996923859147,0.07744542089046613,3.141592653589793,0.0,[871]
912,42,0.6000562750858064,0.0861072547135896,3.141592653589793,0.0,[883 885]
916,42,0.6016836683224851,0.061328747884646706,3.141592653589793,0.0,[883 885]
925,43,0.607959311723461,0.07837879937128656,3.141592653589793,0.0,[912]
931,43,0.6113729725617679,0.05808355233787077,3.141592653589793,0.0,[916]
938,43,0.6135465408766206,0.050228064760044155,3.141592653589793,0.0,[916]
950,44,0.6204501546006116,0.07310210957823082,3.141592653589793,0.0,[925]
970,44,0.6305369443316329,0.05674055482495399,3.141592653589793,0.0,[925 931 938]
990,45,0.641346643881972,0.06087800283316769,3.141592653589793,0.0,[950 970]
1002,46,0.6485493661520303,0.05616105084850187,3.141592653589793,0.0,[990]
1011,47,0.6568573245017056,0.056377312426231674,3.141592653589793,0.0,[1002]
1042,47,0.6744465474334043,0.03516280349089895,3.141592653589793,0.0,[1002]
1043,48,0.6744711762524243,0.06039133480954473,3.141592653589793,0.0,[1011]
1052,48,0.6794891519143562,0.03907089462572999,3.141592653589793,0.0,[1011 1042]
1058,49,0.6831027091524549,0.04078977760992153,3.141592653589793,0.0,[1052]
1080,49,0.6982091511839184,0.056672406460933855,3.141592653589793,0.0,[1043 1052]
1105,50,0.7109017510549123,0.045303882564159514,3.141592653589793,0.0,[1058 1080]
1117,51,0.7233110392337275,0.04853161678407136,3.141592653589793,0.0,[1105]
1143,52,0.7405351860609749,0.05140289934281472,3.141592653589793,0.0,[1117]
1182,53,0.7835763701136554,0.07161845118312182,3.141592653589793,0.0,[1143]
1187,53,0.7868404409181877,0.014260329790797055,3.141592653589793,0.0,[1143]
1190,54,0.7937772031775782,0.0632822067414559,3.141592653589793,0.0,[1182]
1194,54,0.7954298121253973,0.008134967216301359,3.141592653589793,0.0,[1187]
1200,55,0.8035410914116099,0.06920978912856668,3.141592653589793,0.0,[1190]
1205,55,0.8108091203124338,0.0037058356382728697,0.0,0.0,[1194]
1210,55,0.8178586708630258,0.004054657510383919,3.141592653589793,0.0,[1194]
1207,56,0.8133316765131227,0.07833009667447666,3.141592653589793,0.0,[1200]
1213,56,0.8221606793518849,5.6658589976943396e-05,3.141592653589793,0.0,[1205 1210]
1215,57,0.8238387156278028,0.07049509909586094,3.141592653589793,0.0,[1207]
1221,57,0.828656135554036,0.002437936260993645,3.141592653589793,0.0,[1213]
1237,58,0.8426174976470867,0.0030215918008814624,3.141592653589793,0.0,[1221]
1239,58,0.8448010684471889,0.0152992234112036,3.141592653589793,0.0,[1221]
1246,58,0.8519936170167167,0.043780041561483185,3.141592653589793,0.0,[1215]
1260,59,0.8713735035543138,0.02961078367259473,3.141592653589793,0.0,[1237 1239 1246]
1262,60,0.8727261078082676,0.030321883105912772,3.141592653589793,0.0,[1260]
1269,61,0.8850970443478597,0.038409903834280223,3.141592653589793,0.0,[1262]
1273,61,0.8915390898996699,0.026679895372506257,3.141592653589793,0.0,[1262]
1279,62,0.904745511999964,0.029273416389677398,3.141592653589793,0.0,[1269 1273]
1282,63,0.9107695761669047,0.0300929276031886,3.141592653589793,0.0,[1279]
1292,64,0.9267125926538773,0.019481727683947292,3.141592653589793,0.0,[1282]
1295,65,0.9405355347541787,0.007229200304904593,3.141592653589793,0.0,[1292]
1301,66,0.9531181698513119,0.002272000806372798,3.141592653589793,0.0,[1295]
1304,67,0.9685560678018954,0.003497346676967217,0.0,0.0,[1301]
1306,67,0.9735896132671986,0.008264713455340189,3.141592653589793,0.0,[1301]
1307,68,0.9747733191480794,0.009445335280459877,3.141592653589793,0.0,[1306]
1308,68,0.9757414396681392,0.0032131053589470326,0.0,0.0,[1304]
1309,69,0.9869812948094255,0.007775697006378368,3.141592653589793,0.0,[1307 1308]
1310,70,1.0,0.0,3.141592653589793,0.0,[1309]
0,0,0.0,0.0,3.141592653589793,0.0,[]
1,1,0.012526381199991499,0.004981354971718144,0.0,0.0,[0]
2,1,0.013326495991112908,0.002397263331517241,3.141592653589793,0.0,[0]
3,1,0.01739878110378612,0.013455420639064686,3.141592653589793,0.0,[0]
4,2,0.026503970735237026,0.00026005771811221656,0.0,0.0,[1 2]
5,2,0.03933660480062018,0.03187825821589674,3.141592653589793,0.0,[3]
7,2,0.04611072414748896,0.03143630201622061,0.0,0.0,[1]
8,3,0.04720401442561972,0.03789160621765475,3.141592653589793,0.0,[5]
9,3,0.05081566827645123,0.030599567911216985,3.141592653589793,0.0,[5]
11,3,0.053695947826944423,0.029809601457594148,0.0,0.0,[7]
13,3,0.05677808824466246,0.0002952401308460306,0.0,0.0,[4]
16,4,0.06170873796166643,0.033804898145477824,3.141592653589793,0.0,[8 9]
17,4,0.06234862673464514,0.02198505078457247,0.0,0.0,[11]
20,4,0.07195353461475829,0.005961267264218417,0.0,0.0,[13]
22,5,0.07662113152121885,0.00928849472499127,0.0,0.0,[17 20]
27,5,0.08778576295125551,0.056615334683391416,3.141592653589793,0.0,[16]
29,5,0.09382588214783782,0.02363037371026988,3.141592653589793,0.0,[16]
32,6,0.09640453832549889,0.05661478770606243,3.141592653589793,0.0,[27]
36,6,0.1024674251657407,0.006912993231753983,3.141592653589793,0.0,[22]
37,6,0.10391433603498224,0.047664789117721096,3.141592653589793,0.0,[27]
38,6,0.10618670055610302,0.016464540052949284,3.141592653589793,0.0,[22 29]
39,6,0.10641881088894489,0.013187633278104682,3.141592653589793,0.0,[22 29]
47,7,0.12182560835855649,0.018266716637297176,3.141592653589793,0.0,[36 38 39]
49,7,0.12464024323186718,0.011716630865316269,3.141592653589793,0.0,[36 38 39]
50,7,0.12625107224720622,0.038199660572476146,3.141592653589793,0.0,[32 37]
51,8,0.12781315889189604,0.038240241486246274,3.141592653589793,0.0,[50]
53,8,0.13298430896776303,0.011771405548636094,3.141592653589793,0.0,[47 49]
62,9,0.15009428805560587,0.026190974613533258,3.141592653589793,0.0,[51 53]
73,10,0.16316658201554268,0.028552322514590833,3.141592653589793,0.0,[62]
91,11,0.18281410902976458,0.018103652938300185,3.141592653589793,0.0,[73]
102,12,0.1899772420252991,0.01879022465404112,3.141592653589793,0.0,[91]
107,13,0.19743651016232255,0.012929723787140635,3.141592653589793,0.0,[102]
119,14,0.20770377662591388,0.02096932550399422,3.141592653589793,0.0,[107]
132,14,0.22477603082683129,0.00296189991513951,0.0,0.0,[107]
139,14,0.22792839258045627,0.008256702431226115,0.0,0.0,[107]
170,15,0.25265908285732597,0.021976779943094882,0.0,0.0,[119 132 139]
176,16,0.25552455415294295,0.022990709720935643,0.0,0.0,[170]
204,17,0.27457378821313494,0.01254582546484484,0.0,0.0,[176]
216,18,0.28333535770840523,0.0054034716296061935,0.0,0.0,[204]
246,19,0.3018240710738229,0.0013873994835174042,0.0,0.0,[216]
271,20,0.31926573202027986,0.00697559623042443,3.141592653589793,0.0,[246]
304,21,0.3361423309207213,0.0023600682313570376,3.141592653589793,0.0,[271]
318,22,0.34530589484050556,0.004672457758651882,0.0,0.0,[304]
345,23,0.3560123019828436,0.005017790270523181,3.141592653589793,0.0,[318]
382,24,0.3772827775187013,0.02608226687619708,3.141592653589793,0.0,[345]
416,25,0.3926455572829134,0.03548009612406333,3.141592653589793,0.0,[382]
417,26,0.39404205598730646,0.03541987754294851,3.141592653589793,0.0,[416]
425,27,0.40023310480133645,0.030789209370963633,3.141592653589793,0.0,[417]
453,28,0.4118235453818361,0.03920213149854379,3.141592653589793,0.0,[425]
496,29,0.42999827445409566,0.05669127526066797,3.141592653589793,0.0,[453]
511,30,0.438855502605224,0.06299031157835977,3.141592653589793,0.0,[496]
512,30,0.4391424163065335,0.06358299132075151,3.141592653589793,0.0,[496]
547,31,0.4552831731232384,0.07193677027405687,3.141592653589793,0.0,[511 512]
574,32,0.46865152032037727,0.07418999144411087,3.141592653589793,0.0,[547]
599,33,0.47957737922897803,0.07337597305714316,3.141592653589793,0.0,[574]
619,33,0.4874345664277634,0.08382872911697148,3.141592653589793,0.0,[574]
668,34,0.5060191639558703,0.0827434034211928,3.141592653589793,0.0,[599 619]
699,35,0.5185665169054455,0.0845813503731373,3.141592653589793,0.0,[668]
712,36,0.5243051009155746,0.08638928696702697,3.141592653589793,0.0,[699]
715,37,0.5259491684331725,0.08729113071365135,3.141592653589793,0.0,[712]
734,38,0.5343460110610458,0.09452637728170443,3.141592653589793,0.0,[715]
762,39,0.5497974027787634,0.07957252759810884,3.141592653589793,0.0,[734]
855,40,0.5926640130132248,0.04464401079849878,3.141592653589793,0.0,[762]
872,41,0.6012609688658154,0.036799053346826316,3.141592653589793,0.0,[855]
886,42,0.6095703962961183,0.02864248600754904,3.141592653589793,0.0,[872]
920,43,0.6239589185151245,0.020758995040416672,3.141592653589793,0.0,[886]
925,44,0.6271259374766291,0.01850815251561211,3.141592653589793,0.0,[920]
969,45,0.6458736767497311,0.022187342185392755,3.141592653589793,0.0,[925]
972,45,0.6469505654535673,0.0003875423244659171,3.141592653589793,0.0,[925]
1009,46,0.66611953327363,0.006088842658907967,3.141592653589793,0.0,[969 972]
1056,47,0.6881857337888582,0.005046018003610708,3.141592653589793,0.0,[1009]
1068,47,0.696990716719536,0.004161397475899942,0.0,0.0,[1009]
1097,48,0.7174746101831095,0.011864813493168258,0.0,0.0,[1056 1068]
1130,49,0.7360463520484178,0.002314865182696857,0.0,0.0,[1097]
1135,50,0.7411013453142051,0.0019453217286381497,3.141592653589793,0.0,[1130]
1159,51,0.75483743748224,0.003930127108422443,0.0,0.0,[1135]
1162,52,0.7605304622687891,0.0010014427596086728,3.141592653589793,0.0,[1159]
1171,53,0.7655301309752283,0.0040674732167703676,3.141592653589793,0.0,[1162]
1182,54,0.778406683378889,0.007045033789783939,3.141592653589793,0.0,[1171]
1188,55,0.7826554799840502,0.010896161953176553,3.141592653589793,0.0,[1182]
1192,56,0.7847035518095804,0.010679840508276528,3.141592653589793,0.0,[1188]
1217,57,0.8065653098041186,0.009402404724369373,0.0,0.0,[1192]
1222,57,0.808746537758751,0.011748433150394977,0.0,0.0,[1192]
1232,58,0.8200073108103099,0.022635261048791544,0.0,0.0,[1217 1222]
1242,59,0.8283927830612113,0.0255214842532564,0.0,0.0,[1232]
1245,59,0.8304615264220436,0.0324411620364492,0.0,0.0,[1232]
1253,60,0.841960257409854,0.02728558948352089,0.0,0.0,[1242 1245]
1261,61,0.8480436367465495,0.021469160588566405,0.0,0.0,[1253]
1264,62,0.8562690911761708,0.024834987092124505,0.0,0.0,[1261]
1279,63,0.8824139495834861,0.04440427541946468,0.0,0.0,[1264]
1282,64,0.8892682378580401,0.04821745093466878,0.0,0.0,[1279]
1288,65,0.8947501246959421,0.043073350169792635,0.0,0.0,[1282]
1294,66,0.9134056945259684,0.038706941601777456,0.0,0.0,[1288]
1295,66,0.9138374664410721,0.03248555205049053,0.0,0.0,[1288]
1300,67,0.9293711617316612,0.022930218706764816,0.0,0.0,[1294 1295]
1305,68,0.9538093815875818,0.0012684151674261512,0.0,0.0,[1300]
1308,69,0.9751987457909462,0.00011547870975170405,0.0,0.0,[1305]
1309,69,0.9826559290802965,0.007903998397036816,3.141592653589793,0.0,[1305]
1310,70,1.0,0.0,3.141592653589793,0.0,[1308 1309]
0,0,0.0,0.0,3.141592653589793,0.0,[]
1,1,0.01528236188473564,0.012940319609946571,0.0,0.0,[0]
4,1,0.03698891362438994,0.028223683985936,3.141592653589793,0.0,[0]
2,2,0.03190674082880929,0.0017205932467040386,3.141592653589793,0.0,[1]
3,2,0.03309731000181704,0.010837745644504237,0.0,0.0,[1]
5,2,0.03720277350300916,0.0036711135772810044,0.0,0.0,[1]
9,2,0.047284541588959894,0.021579369836219442,3.141592653589793,0.0,[4]
8,3,0.043869711077596185,0.01888875101968679,0.0,0.0,[3]
19,3,0.07449372239246699,0.02302361477327386,3.141592653589793,0.0,[2 3 5 9]
12,4,0.06009520264565327,0.012081990284304789,0.0,0.0,[8]
21,4,0.07801311827165192,0.024454353810484664,3.141592653589793,0.0,[19]
23,5,0.08385791329258818,0.02316804096444458,3.141592653589793,0.0,[21]
24,5,0.08620648095144867,0.008785157258780707,3.141592653589793,0.0,[12]
30,6,0.09677144355476486,0.015461038579961506,3.141592653589793,0.0,[23 24]
33,6,0.09731639702527306,0.025820722325415102,3.141592653589793,0.0,[23]
37,7,0.10917952778293594,0.006151122091105132,3.141592653589793,0.0,[30]
40,7,0.11242968202046899,0.01277196003154446,3.141592653589793,0.0,[30 33]
42,8,0.12218592345969392,0.0011576833563888833,3.141592653589793,0.0,[37]
44,8,0.1237258141016716,0.015973980312316227,3.141592653589793,0.0,[37 40]
48,9,0.1323930618698026,0.004415936561263045,0.0,0.0,[42]
49,9,0.13265434891636785,0.0009088054913921617,3.141592653589793,0.0,[42]
52,9,0.13605709169900637,0.02350181352843339,3.141592653589793,0.0,[44]
56,10,0.1452677542553057,0.0022431734500002465,3.141592653589793,0.0,[48 49]
61,10,0.15163562206869885,0.01252297657440693,3.141592653589793,0.0,[48 49 52]
63,11,0.15693916508370465,0.0023572673551225387,0.0,0.0,[56]
64,11,0.1575125317795657,0.008210089158801948,3.141592653589793,0.0,[56 61]
69,11,0.1635934543191,0.011654014475902863,0.0,0.0,[56]
71,12,0.16452282256482342,0.0025068651461357394,0.0,0.0,[63]
75,12,0.16804488627927372,0.011517203868326442,0.0,0.0,[63 69]
79,12,0.17038790844730123,0.004993611149997079,3.141592653589793,0.0,[63 64]
95,13,0.18708607411418798,0.0025193404860571755,0.0,0.0,[71 75 79]
103,14,0.19618557960731975,0.010508619227705962,0.0,0.0,[95]
110,15,0.2056632732580156,0.014302604535915586,0.0,0.0,[103]
143,16,0.23478461569107922,0.03775914539423686,0.0,0.0,[110]
145,16,0.23597031114643063,0.031791837255141564,0.0,0.0,[110]
153,17,0.24550599153538144,0.03445062957359235,0.0,0.0,[143 145]
154,17,0.2458929735353126,0.0454135326391506,0.0,0.0,[143]
160,18,0.2538533398939994,0.040941553662139585,0.0,0.0,[153 154]
194,19,0.2840441993870134,0.0467782847367203,0.0,0.0,[160]
215,20,0.3001383846070991,0.05881880229858494,0.0,0.0,[194]
234,21,0.31729742783770165,0.05243494348211675,0.0,0.0,[215]
238,21,0.3187096384752657,0.057055725673303415,0.0,0.0,[215]
247,22,0.32216948665886114,0.05369617020348316,0.0,0.0,[234 238]
254,23,0.3253069715669894,0.056724196155301554,0.0,0.0,[247]
281,24,0.3372607126433531,0.06059220948515076,0.0,0.0,[254]
291,24,0.34117091374311515,0.048820418822672185,0.0,0.0,[254]
300,25,0.34935072967726355,0.057132470136222135,0.0,0.0,[281]
301,25,0.35016957953124606,0.0654498687740317,0.0,0.0,[281]
304,25,0.35115346462698094,0.040957674169757374,0.0,0.0,[291]
326,26,0.36253591287989073,0.06309361537202418,0.0,0.0,[300 301]
330,26,0.36438603934844027,0.027777819407900473,0.0,0.0,[304]
355,27,0.3786402878022753,0.027065722430394512,0.0,0.0,[330]
409,27,0.40330392474780097,0.06973038805307119,0.0,0.0,[326]
390,28,0.396054805861226,0.04161881010711821,0.0,0.0,[355]
396,28,0.39742316263014166,0.03364780259151112,0.0,0.0,[355]
426,28,0.41031782000773676,0.06277613134243265,0.0,0.0,[409]
441,29,0.4203553350985507,0.049337168800682174,0.0,0.0,[390 396]
474,29,0.43640549745210355,0.06719284617298105,0.0,0.0,[390 396 426]
475,30,0.437650960618568,0.0441764941761551,0.0,0.0,[441]
477,30,0.43781619643030156,0.04475968377638284,0.0,0.0,[441]
499,30,0.44772305575309235,0.061354877354794723,0.0,0.0,[441 474]
500,30,0.44869672654341175,0.056467950820661805,0.0,0.0,[441 474]
532,31,0.46333455835930215,0.05129111126547947,0.0,0.0,[475 477 499 500]
533,31,0.4633461801399902,0.04035596107839223,0.0,0.0,[475 477]
552,32,0.472422630369139,0.05344473844695774,0.0,0.0,[532]
560,32,0.47501333054848427,0.040392793133687266,0.0,0.0,[532 533]
592,33,0.48828526010584283,0.04209811080635417,0.0,0.0,[552 560]
606,34,0.4918055746203849,0.040832228270715865,0.0,0.0,[592]
621,35,0.4976334168896327,0.04549235281858299,0.0,0.0,[606]
644,36,0.50509015230091,0.043706865345794044,0.0,0.0,[621]
667,37,0.5164043119895964,0.04378231692407719,0.0,0.0,[644]
669,37,0.5166213953280616,0.049202523592767666,0.0,0.0,[644]
701,38,0.5268727065168335,0.05927206026945142,0.0,0.0,[669]
708,38,0.5298947793048079,0.04954332041124532,0.0,0.0,[667 669]
715,39,0.5325100205691259,0.06290094490833198,0.0,0.0,[701]
727,39,0.538615329778337,0.04743538770860822,0.0,0.0,[708]
730,40,0.5397457678621179,0.06438311793136031,0.0,0.0,[715]
749,40,0.5478690424957862,0.052301287851873934,0.0,0.0,[715 727]
747,41,0.5475069862509806,0.07140817975192792,0.0,0.0,[730]
758,41,0.5516816683446726,0.05447716544780745,0.0,0.0,[730 749]
762,41,0.553596247213985,0.058829257204169316,0.0,0.0,[730]
805,42,0.5683272861686003,0.08744653418870463,0.0,0.0,[747]
830,42,0.5803758610614134,0.06540229809998899,0.0,0.0,[747 758 762]
822,43,0.575188586095715,0.08210030567574833,0.0,0.0,[805]
847,43,0.5886947077641425,0.0639220350256351,0.0,0.0,[830]
856,44,0.5914355096489374,0.07903225869901742,0.0,0.0,[822]
870,44,0.595864404871153,0.060657765726810475,0.0,0.0,[847]
901,45,0.6114057870293774,0.07806776894980327,0.0,0.0,[856]
908,45,0.6130304974118159,0.0435821650717052,0.0,0.0,[870]
934,46,0.6230998412395031,0.06735216722736215,0.0,0.0,[901]
939,46,0.6250750039529805,0.03627288798174455,0.0,0.0,[908]
938,47,0.6247618124543527,0.06676094276769695,0.0,0.0,[934]
965,47,0.6385288667524534,0.04446144827378695,0.0,0.0,[939]
974,48,0.6439978018101866,0.048176295447098894,0.0,0.0,[938 965]
976,49,0.6444827672595472,0.04805445509483408,0.0,0.0,[974]
995,50,0.6557109192391778,0.05394284380687486,0.0,0.0,[976]
1035,50,0.6727129121780251,0.07336704181211717,0.0,0.0,[976]
1024,51,0.668874652623496,0.05569142829813123,0.0,0.0,[995]
1033,51,0.6715529212800041,0.04325592985134952,0.0,0.0,[995]
1048,51,0.6792017896211123,0.0730711321145947,0.0,0.0,[ 995 1035]
1063,52,0.6887264833995675,0.04924908783045645,0.0,0.0,[1024 1033]
1068,52,0.6905621137590082,0.05428004811131992,0.0,0.0,[1024 1033]
1069,52,0.6911309324074484,0.0725304166078492,0.0,0.0,[1024 1048]
1073,52,0.694932902030068,0.03213793578347879,0.0,0.0,[1024 1033]
1074,52,0.695318116841938,0.06029060678358089,0.0,0.0,[1024 1033 1048]
1093,52,0.7097867650174985,0.09667852022297341,0.0,0.0,[1048]
1108,53,0.7192837908253777,0.0688653772151615,0.0,0.0,[1063 1068 1069 1074]
1117,53,0.7236865011366875,0.03889731575295041,0.0,0.0,[1063 1068 1073 1074]
1118,53,0.7244232536263416,0.08861559966876986,0.0,0.0,[1069 1074 1093]
1120,53,0.725740563288153,0.052479516299448914,0.0,0.0,[1063 1068 1069 1073 1074]
1122,53,0.7267457134727169,0.08256974937008066,0.0,0.0,[1063 1068 1069 1074 1093]
1135,53,0.7343243332880312,0.01846191666676167,0.0,0.0,[1063 1068 1073]
1129,54,0.7304647903718562,0.08519235284727467,0.0,0.0,[1118 1122]
1134,54,0.7336969692695485,0.058485095981656854,0.0,0.0,[1108 1120]
1154,54,0.7523486251791486,0.0225236688163849,0.0,0.0,[1117 1135]
1130,55,0.7317584803367384,0.085903833441211,0.0,0.0,[1129]
1166,55,0.7588314728066589,0.02234729679960379,0.0,0.0,[1154]
1171,55,0.763537950455484,0.03328595297293846,0.0,0.0,[1134 1154]
1152,56,0.7483483092400415,0.0828968290620603,0.0,0.0,[1130]
1190,56,0.7792284158019507,0.018662081560074872,0.0,0.0,[1166 1171]
1158,57,0.7546577410872841,0.08396438985426591,0.0,0.0,[1152]
1196,57,0.7837907024917996,0.017392490824347684,0.0,0.0,[1190]
1164,58,0.7581275417876467,0.0869217879309897,0.0,0.0,[1158]
1173,58,0.7645388253175555,0.07924060864522753,0.0,0.0,[1158]
1211,58,0.8049353779964095,0.0178932675878819,0.0,0.0,[1196]
1179,59,0.7706103321336318,0.07775916377087555,0.0,0.0,[1164 1173]
1253,59,0.8392479761514404,0.0010277280189183724,3.141592653589793,0.0,[1211]
1199,60,0.7870792832172796,0.07640597671161897,0.0,0.0,[1179]
1268,60,0.8623162782266177,0.024006636595628073,3.141592653589793,0.0,[1253]
1213,61,0.8059467262934193,0.06545815040193026,0.0,0.0,[1199]
1272,61,0.8672117689996875,0.026121066338132715,3.141592653589793,0.0,[1268]
1245,62,0.8320935372447185,0.04699073631565509,0.0,0.0,[1213]
1277,62,0.8734753912292368,0.026313643060985492,3.141592653589793,0.0,[1272]
1275,63,0.8728229030161594,0.017930666133759487,0.0,0.0,[1245]
1278,63,0.8828160975096105,0.030360804725019452,3.141592653589793,0.0,[1277]
1280,64,0.8857987962947692,0.018195245405189797,0.0,0.0,[1275]
1285,64,0.894436616459301,0.03024609235227449,3.141592653589793,0.0,[1278]
1290,65,0.912300442919647,0.027632995458369614,3.141592653589793,0.0,[1285]
1291,65,0.9129550729504423,0.04485878869083482,3.141592653589793,0.0,[1285]
1294,65,0.9236720618176628,0.00824260906727492,3.141592653589793,0.0,[1280 1285]
1295,66,0.9270892408805238,0.032138231150728225,3.141592653589793,0.0,[1290 1291]
1297,66,0.9365664588772595,0.018062571773636238,3.141592653589793,0.0,[1290 1294]
1300,67,0.9465382555891316,0.025538743605427405,3.141592653589793,0.0,[1295 1297]
1301,67,0.9520538991297521,0.014350358933630347,3.141592653589793,0.0,[1295 1297]
1307,68,0.969770189617976,0.007717755763902767,3.141592653589793,0.0,[1300 1301]
1308,69,0.9716990464671942,0.008177626348530698,3.141592653589793,0.0,[1307]
1309,70,0.9899790507037254,0.0063350536082232844,3.141592653589793,0.0,[1308]
1310,71,1.0,0.0,3.141592653589793,0.0,[1309]
0,0,0.0,0.0,3.141592653589793,0.0,[]
1,1,0.023007360341437355,0.017302277652059828,3.141592653589793,0.0,[0]
7,2,0.05795153007656284,0.0341166760832714,3.141592653589793,0.0,[1]
10,3,0.06604353217434444,0.03925280932713704,3.141592653589793,0.0,[7]
13,4,0.06949147273262124,0.03895154331815265,3.141592653589793,0.0,[10]
14,4,0.07050897768948206,0.03771652125152358,3.141592653589793,0.0,[10]
20,5,0.07950055198683548,0.042195079118779844,3.141592653589793,0.0,[13 14]
27,6,0.09662967283795565,0.04557396279754866,3.141592653589793,0.0,[20]
31,7,0.10400647665353246,0.04554338322426954,3.141592653589793,0.0,[27]
36,8,0.11160795788807021,0.052240940092209254,3.141592653589793,0.0,[31]
40,9,0.11794189414154421,0.04858553380037012,3.141592653589793,0.0,[36]
51,10,0.13581677786552415,0.0332172328734458,3.141592653589793,0.0,[40]
56,11,0.14708073582149694,0.04041045055341108,3.141592653589793,0.0,[51]
63,12,0.15732124905700418,0.03643252641888706,3.141592653589793,0.0,[56]
70,13,0.16515922011472817,0.04399472668552751,3.141592653589793,0.0,[63]
95,14,0.1925348296441184,0.06306961491340835,3.141592653589793,0.0,[70]
116,15,0.21540374797810302,0.08141774016746595,3.141592653589793,0.0,[95]
153,16,0.23922939171010404,0.08322161651372051,3.141592653589793,0.0,[116]
157,17,0.24266850494895287,0.0809949676114381,3.141592653589793,0.0,[153]
177,17,0.2571528931615581,0.06625355544103884,3.141592653589793,0.0,[153]
181,18,0.26403307812546195,0.07949411716207344,3.141592653589793,0.0,[157]
185,18,0.26787340321412345,0.0685422869549197,3.141592653589793,0.0,[157 177]
192,18,0.27128744304914365,0.10430819828019666,3.141592653589793,0.0,[157]
198,19,0.2739831209607063,0.06249170301990359,3.141592653589793,0.0,[185]
220,19,0.29281465429938336,0.11364621704205846,3.141592653589793,0.0,[192]
230,19,0.30082247440855825,0.0925583693843991,3.141592653589793,0.0,[181 185 192]
240,19,0.30708361596509026,0.1295546484334702,3.141592653589793,0.0,[192]
233,20,0.3023639883911119,0.05898968378730218,3.141592653589793,0.0,[198]
238,20,0.3061724875871684,0.09004645449125748,3.141592653589793,0.0,[198 230]
241,20,0.3081513435734714,0.06725262705120827,3.141592653589793,0.0,[198]
242,20,0.30854439471608497,0.03735104860967542,3.141592653589793,0.0,[198]
249,20,0.3134563153166291,0.07728253656695783,3.141592653589793,0.0,[198]
263,20,0.3196866385815883,0.1369126050653846,3.141592653589793,0.0,[220 240]
258,21,0.3178540945719659,0.07691199229476975,3.141592653589793,0.0,[241 249]
271,21,0.3216039961744305,0.0938901123724234,3.141592653589793,0.0,[238]
274,21,0.3227060486099874,0.09951122754903885,3.141592653589793,0.0,[238]
276,21,0.3241529391812036,0.10332464442711276,3.141592653589793,0.0,[238]
278,21,0.324985196266681,0.13302741804597162,3.141592653589793,0.0,[263]
290,21,0.3317198000576157,0.11339170411542698,3.141592653589793,0.0,[238]
298,21,0.3359196959425822,0.05464469993089782,3.141592653589793,0.0,[233 241 242]
300,21,0.3368683492389275,0.15117270503011349,3.141592653589793,0.0,[263]
304,21,0.3386852393594858,0.04971020219923994,3.141592653589793,0.0,[233 241 242]
316,21,0.3424975814862147,0.036378300652272766,3.141592653589793,0.0,[233 241 242]
294,22,0.33485686117859015,0.1034714190119953,3.141592653589793,0.0,[271 274 276]
296,22,0.3351646356127128,0.10275855236318177,3.141592653589793,0.0,[271 274 276]
308,22,0.3406441648363524,0.07208799461803361,3.141592653589793,0.0,[258]
347,22,0.3562657066667221,0.03504558751416953,3.141592653589793,0.0,[298 304 316]
348,22,0.35639339078202426,0.13306636319900733,3.141592653589793,0.0,[274 276 278 290 300]
325,23,0.348532492590533,0.06796369282718084,3.141592653589793,0.0,[308]
353,23,0.3578642347013522,0.1002680903404013,3.141592653589793,0.0,[294 296]
375,23,0.36860275368560713,0.02721224126936095,3.141592653589793,0.0,[347]
384,23,0.37289459078867637,0.11895540990203202,3.141592653589793,0.0,[294 296 348]
397,24,0.37936981804151704,0.09068387754355711,3.141592653589793,0.0,[325 353]
410,24,0.3841227208873609,0.05050032723452702,3.141592653589793,0.0,[325]
411,24,0.38426993489556527,0.1285119199314746,3.141592653589793,0.0,[384]
414,24,0.3869912005390125,0.04520040377857015,3.141592653589793,0.0,[325 375]
426,25,0.39433420683585674,0.04299488352766301,3.141592653589793,0.0,[410 414]
428,25,0.39500948907769007,0.13193313925802197,3.141592653589793,0.0,[411]
438,25,0.3995007725727209,0.07222042843610721,3.141592653589793,0.0,[397]
456,25,0.40448599236365057,0.05789978687415531,3.141592653589793,0.0,[410 414]
459,25,0.4062340017609065,0.06181355513800513,3.141592653589793,0.0,[410 414]
444,26,0.40066601198922347,0.12719716881632748,3.141592653589793,0.0,[428]
492,26,0.4230627426803164,0.0714248201417923,3.141592653589793,0.0,[426 438 456 459]
485,27,0.4186991924991377,0.14425092057492728,3.141592653589793,0.0,[444]
500,27,0.42510924837889486,0.07346346411793503,3.141592653589793,0.0,[492]
512,28,0.4313778109446875,0.1324714041751064,3.141592653589793,0.0,[485]
529,28,0.4374818899851084,0.06409012940062242,3.141592653589793,0.0,[500]
537,29,0.4417965005969403,0.1256308848194495,3.141592653589793,0.0,[512]
544,29,0.44466516036724535,0.06993198730830563,3.141592653589793,0.0,[529]
564,29,0.4530151670423662,0.049156525390189776,3.141592653589793,0.0,[529]
561,30,0.45238578012944686,0.12750547628367803,3.141592653589793,0.0,[537]
578,30,0.45715817351819366,0.06957200114390638,3.141592653589793,0.0,[544]
581,30,0.4586699444922393,0.047980897940776535,3.141592653589793,0.0,[564]
582,30,0.45877969291803766,0.06755239194874618,3.141592653589793,0.0,[544]
599,31,0.4704493584323375,0.057960842499722665,3.141592653589793,0.0,[578 581 582]
601,31,0.47208359265416544,0.1195062207188573,3.141592653589793,0.0,[561]
607,31,0.47674137394624216,0.11048520445302035,3.141592653589793,0.0,[561]
632,31,0.48839594129958386,0.03749705907876766,3.141592653589793,0.0,[581]
648,32,0.49465717262589703,0.07092578960775398,3.141592653589793,0.0,[599]
656,32,0.4980559507132316,0.04435189393963079,3.141592653589793,0.0,[599 632]
658,32,0.49819903393319065,0.10140410245947729,3.141592653589793,0.0,[601 607]
692,33,0.5126385391642903,0.03554774794550275,3.141592653589793,0.0,[656]
704,33,0.5191538173066086,0.04229139224969336,3.141592653589793,0.0,[656]
705,33,0.519401448671166,0.05897862859882608,3.141592653589793,0.0,[648 656]
709,33,0.5203669114778454,0.08259134042558114,3.141592653589793,0.0,[648 658]
713,33,0.5217298465713244,0.08800856795042078,3.141592653589793,0.0,[648 658]
706,34,0.5194605193935774,0.03809283932919039,3.141592653589793,0.0,[692]
707,34,0.5197553428789449,0.0417695740917019,3.141592653589793,0.0,[692 704]
733,34,0.5302366478708352,0.09445994639263489,3.141592653589793,0.0,[713]
741,34,0.5334125530827524,0.07274028508903407,3.141592653589793,0.0,[705 709]
746,34,0.5356927317615885,0.08702136562761875,3.141592653589793,0.0,[709 713]
753,35,0.5388397605892515,0.09187156314868206,3.141592653589793,0.0,[733]
760,35,0.5403352569493108,0.0773900195520385,3.141592653589793,0.0,[741]
766,35,0.5417699190160087,0.0879571704109392,3.141592653589793,0.0,[733 746]
769,35,0.5435707754069555,0.06456800514564898,3.141592653589793,0.0,[707 741]
800,35,0.5580719702176171,0.04434287482372046,3.141592653589793,0.0,[706 707]
799,36,0.5562353547378861,0.07492662140359596,3.141592653589793,0.0,[753 760 766 769]
818,36,0.5650183603817375,0.04915833705588124,3.141592653589793,0.0,[769 800]
857,37,0.5858673853950538,0.04309631437560002,3.141592653589793,0.0,[818]
866,37,0.5878505005771708,0.045917914884635924,3.141592653589793,0.0,[799 818]
890,38,0.600894374468249,0.03474475787803777,3.141592653589793,0.0,[857 866]
895,38,0.6017904574832825,0.03976240440104406,3.141592653589793,0.0,[857 866]
948,39,0.6214217871428793,0.036470018784437896,3.141592653589793,0.0,[890 895]
958,39,0.6246882687294376,0.042443374765505415,3.141592653589793,0.0,[890 895]
973,40,0.6394095416609374,0.05091107214533119,3.141592653589793,0.0,[948 958]
999,41,0.6552011402015563,0.035572647209542674,3.141592653589793,0.0,[973]
1000,42,0.6576758003947311,0.036870953734086664,3.141592653589793,0.0,[999]
1043,43,0.6823237788547705,0.017249778663412707,3.141592653589793,0.0,[1000]
1051,44,0.6857166971205978,0.01864019257449634,3.141592653589793,0.0,[1043]
1056,45,0.6894733315108991,0.016810874084911998,3.141592653589793,0.0,[1051]
1075,46,0.6993858237937765,0.025071368589284715,3.141592653589793,0.0,[1056]
1085,47,0.7053855218418635,0.029516718629443384,3.141592653589793,0.0,[1075]
1102,48,0.7145020124409001,0.03654041977462308,3.141592653589793,0.0,[1085]
1114,49,0.7211065412815878,0.04060165440703978,3.141592653589793,0.0,[1102]
1126,50,0.7276782801172886,0.042550484705383695,3.141592653589793,0.0,[1114]
1133,51,0.7304030347751357,0.04274960788345161,3.141592653589793,0.0,[1126]
1145,51,0.7398519820115846,0.032565470464705704,3.141592653589793,0.0,[1126]
1160,52,0.752073357375784,0.037352445060816364,3.141592653589793,0.0,[1133 1145]
1163,52,0.754185313962377,0.026074747399208897,3.141592653589793,0.0,[1133 1145]
1164,52,0.7547842444080309,0.04120414565564834,3.141592653589793,0.0,[1133 1145]
1169,52,0.7588920410122914,0.01806387593174119,3.141592653589793,0.0,[1133 1145]
1172,53,0.7602446010102967,0.03574714872888329,3.141592653589793,0.0,[1160 1164]
1181,53,0.765659159637443,0.015406303806332344,3.141592653589793,0.0,[1163 1169]
1182,54,0.7686045965644224,0.031207512824255823,3.141592653589793,0.0,[1172]
1183,54,0.7690907455924847,0.01669421308838026,3.141592653589793,0.0,[1181]
1194,55,0.7797147565061,0.031616977614144726,3.141592653589793,0.0,[1182]
1210,55,0.7906026462774466,0.014180626361751547,3.141592653589793,0.0,[1182 1183]
1223,56,0.8133290313499004,0.041609716568763666,3.141592653589793,0.0,[1194]
1227,56,0.8177711574531263,0.004439472600628602,0.0,0.0,[1194 1210]
1234,57,0.8254846846267704,0.03409701347838101,3.141592653589793,0.0,[1223]
1244,57,0.8354794952566086,0.01690525810011645,0.0,0.0,[1227]
1242,58,0.8328014915698757,0.03934246294856447,3.141592653589793,0.0,[1234]
1260,58,0.857762227010522,0.03419288254791808,0.0,0.0,[1244]
1261,58,0.8578473978865133,0.03926688069507456,0.0,0.0,[1244]
1246,59,0.8399627670022685,0.036450238365737464,3.141592653589793,0.0,[1242]
1265,59,0.8633561392297271,0.039034361918870664,0.0,0.0,[1260 1261]
1274,59,0.8775268179835268,0.05350596148967368,0.0,0.0,[1260 1261]
1255,60,0.8534748247563789,0.044955219136424085,3.141592653589793,0.0,[1246]
1285,60,0.8965438669935086,0.056330141082308494,0.0,0.0,[1265 1274]
1276,61,0.8780843034022017,0.031163346915488832,3.141592653589793,0.0,[1255]
1287,61,0.9009811930127354,0.05891285556492154,0.0,0.0,[1285]
1279,62,0.8837808278042493,0.03160204069266115,3.141592653589793,0.0,[1276]
1293,62,0.9157436732773437,0.046338694958346305,0.0,0.0,[1287]
1288,63,0.9071411823440085,0.01235229074212274,3.141592653589793,0.0,[1279]
1291,63,0.9140020325565928,0.02695503759266593,3.141592653589793,0.0,[1279]
1297,63,0.9217752305267923,0.04858873732906621,3.141592653589793,0.0,[1279]
1300,63,0.9286111324817817,0.04870843914039091,0.0,0.0,[1293]
1301,63,0.9301480564660004,0.03503718350368146,0.0,0.0,[1293]
1290,64,0.9134139047616316,0.012224372254082017,3.141592653589793,0.0,[1288]
1294,64,0.9178584511736653,0.02421957277020359,3.141592653589793,0.0,[1291]
1299,64,0.927520567625655,0.0441636679590004,3.141592653589793,0.0,[1297]
1304,64,0.9418209062161618,0.04038896831135186,0.0,0.0,[1300 1301]
1302,65,0.9305359982794145,0.031154093094619584,3.141592653589793,0.0,[1294]
1303,65,0.9320143046174343,0.04853510697618946,3.141592653589793,0.0,[1299]
1306,65,0.9461740110815017,0.04075018927852114,0.0,0.0,[1304]
1308,65,0.955908621827332,0.005445340381680985,0.0,0.0,[1290 1294]
1305,66,0.9424440923472803,0.04935360597144611,3.141592653589793,0.0,[1303]
1307,66,0.9533427873386857,0.04649132508267961,0.0,0.0,[1306]
1309,66,0.9787305920690055,0.009911031393064262,3.141592653589793,0.0,[1302 1303 1308]
1310,67,1.0,0.0,3.141592653589793,0.0,[1305 1307 1309]
0,0,0.0,0.0,3.141592653589793,0.0,[]
1,1,0.005079521389590336,0.0007664291508558962,3.141592653589793,0.0,[0]
2,2,0.013871856762713408,0.009408227257215795,3.141592653589793,0.0,[1]
4,3,0.03315163601368243,0.0005171361591324031,0.0,0.0,[2]
7,4,0.04503618407582777,0.009441099605573378,0.0,0.0,[4]
16,5,0.05918140976786379,0.0004623137450749937,0.0,0.0,[7]
17,5,0.06297641830875245,0.014590658736775564,0.0,0.0,[7]
30,6,0.08496152379559907,0.0011786267377876802,0.0,0.0,[16 17]
32,7,0.08767939372466838,0.0003350914261682769,3.141592653589793,0.0,[30]
41,8,0.10142318897864033,0.0011925753816897089,0.0,0.0,[32]
42,8,0.10204941538568602,0.0075545986503696705,0.0,0.0,[32]
52,9,0.11753983359070763,0.008999609612322268,0.0,0.0,[41 42]
59,10,0.1263311623373754,0.011700280745759573,0.0,0.0,[52]
64,10,0.13629241623928345,0.003328818196703054,3.141592653589793,0.0,[52]
66,10,0.13683703992777452,0.006457651144081589,3.141592653589793,0.0,[52]
72,11,0.14642716897170405,0.009788718750314285,3.141592653589793,0.0,[64 66]
77,11,0.14763358492374024,0.005519109034196723,3.141592653589793,0.0,[59 64 66]
84,12,0.16070579840897914,0.0011686061648821244,0.0,0.0,[72 77]
91,12,0.1677541865019283,0.02963257350916737,3.141592653589793,0.0,[72]
105,13,0.18402382662645833,0.022042575474031323,0.0,0.0,[84]
109,13,0.1902539468863499,0.051758358962081474,3.141592653589793,0.0,[91]
119,13,0.19660590106946307,0.05813206960974482,3.141592653589793,0.0,[91]
117,14,0.19458487248445788,0.029116138580797868,0.0,0.0,[105]
122,14,0.20238297099393643,0.06287410812462202,3.141592653589793,0.0,[109 119]
126,15,0.20362686589479584,0.06293636931259095,3.141592653589793,0.0,[122]
134,15,0.2097986173197962,0.03793659989785014,0.0,0.0,[117]
151,16,0.23309250623718702,0.05614376967205914,3.141592653589793,0.0,[126]
157,16,0.23756412732078935,0.04934032439648328,3.141592653589793,0.0,[126]
158,16,0.23826429364099277,0.032123991556927134,3.141592653589793,0.0,[126]
161,16,0.24257986296569656,0.08996073513698111,3.141592653589793,0.0,[126]
172,16,0.25368028338035875,0.063754762402088,0.0,0.0,[134]
167,17,0.24902056407615325,0.050247372798660206,3.141592653589793,0.0,[151 157]
170,17,0.2501518877594858,0.09551638257152861,3.141592653589793,0.0,[161]
171,17,0.25181167440796626,0.042634745242852934,3.141592653589793,0.0,[151 157 158]
178,17,0.2556210125688603,0.06529238531258441,0.0,0.0,[172]
185,18,0.2607267067544705,0.09993348393486068,3.141592653589793,0.0,[170]
210,18,0.2855965020640716,0.022296649639266808,3.141592653589793,0.0,[167 171]
211,18,0.28609572727219423,0.016258560675827094,3.141592653589793,0.0,[167 171]
213,18,0.2872547182023212,0.020597523819380625,3.141592653589793,0.0,[167 171]
217,18,0.28926713416160466,0.011770359726331225,3.141592653589793,0.0,[167 171]
219,18,0.29134886966374784,0.054263552769593715,0.0,0.0,[178]
193,19,0.26585927018763056,0.10084438212605817,3.141592653589793,0.0,[185]
231,19,0.2978655533487282,0.05574955292224437,0.0,0.0,[219]
255,19,0.30702380405777363,0.0056459259604154655,3.141592653589793,0.0,[210 211 213 217]
203,20,0.2805980311304477,0.09148865471642043,3.141592653589793,0.0,[193]
239,20,0.3012975322275193,0.05298927496475059,0.0,0.0,[231]
280,20,0.31688308490375305,0.000629592843476523,0.0,0.0,[255]
218,21,0.29060562970285775,0.09620299988897796,3.141592653589793,0.0,[203]
291,21,0.323462693727255,5.368310061881765e-05,3.141592653589793,0.0,[280]
297,21,0.33140519081995956,0.009634599034235025,0.0,0.0,[280]
298,21,0.3314253118155327,0.05228413952143618,0.0,0.0,[239]
300,21,0.33150993113058846,0.05348718125464891,0.0,0.0,[239]
308,21,0.33534214726667066,0.03495434929319541,0.0,0.0,[239]
260,22,0.3082870769234026,0.10797610635654609,3.141592653589793,0.0,[218]
316,22,0.3374254805551984,0.03669070337685887,0.0,0.0,[308]
319,22,0.3384695308951986,0.004592370839123783,0.0,0.0,[291 297]
344,22,0.35221610631191647,0.07130445734379842,0.0,0.0,[298 300]
269,23,0.3114541003700346,0.1077443817669389,3.141592653589793,0.0,[260]
293,23,0.32928972942769996,0.08896518109547258,3.141592653589793,0.0,[260]
351,23,0.3549058673040033,0.04786568330091956,0.0,0.0,[316]
362,23,0.35956951886921007,0.023491924572350165,0.0,0.0,[316 319]
369,23,0.3633632157998581,0.06344333676129033,0.0,0.0,[344]
371,23,0.36611914985815586,0.07083999194251633,0.0,0.0,[344]
326,24,0.3414540923589081,0.12895689535658938,3.141592653589793,0.0,[269]
343,24,0.3518700189553039,0.09417471130458854,3.141592653589793,0.0,[269 293]
346,24,0.3525666873261156,0.09033530771903031,3.141592653589793,0.0,[269 293]
437,24,0.39740962725799955,0.05909951307581507,0.0,0.0,[351 362 369 371]
461,24,0.4061831356326774,0.07475841201864508,0.0,0.0,[351 369 371]
356,25,0.3568039943843824,0.09175621504080445,3.141592653589793,0.0,[343 346]
358,25,0.35767828623335507,0.09033837333424899,3.141592653589793,0.0,[343 346]
359,25,0.35881414726902705,0.11984895392581363,3.141592653589793,0.0,[326]
360,25,0.35928823339370186,0.14286428786905492,3.141592653589793,0.0,[326]
497,25,0.4215515012092109,0.08009157839376535,0.0,0.0,[437 461]
395,26,0.37935386214908706,0.10465197619251354,3.141592653589793,0.0,[356 358 359]
403,26,0.3842767627764957,0.11190723120420731,3.141592653589793,0.0,[356 358 359]
417,26,0.3904329942791531,0.0631742897085148,3.141592653589793,0.0,[356 358]
420,26,0.391092323501404,0.123406289409008,3.141592653589793,0.0,[356 358 359 360]
426,26,0.3938897985893769,0.08645168216274324,3.141592653589793,0.0,[356 358 359]
427,26,0.3948792714797801,0.08834325278831878,3.141592653589793,0.0,[356 358 359]
435,26,0.3972842479835559,0.15829080545783447,3.141592653589793,0.0,[359 360]
436,26,0.39734235393079165,0.07706940671778673,3.141592653589793,0.0,[356 358]
504,26,0.42407009890473546,0.07974689689081182,0.0,0.0,[497]
456,27,0.40463759961713996,0.1566293396659817,3.141592653589793,0.0,[435]
465,27,0.4088649264258909,0.093037852500509,3.141592653589793,0.0,[395 403 426 427]
471,27,0.41080496104004405,0.08437189755603725,3.141592653589793,0.0,[395 426 427 436]
472,27,0.41081484545868974,0.0778906138515405,3.141592653589793,0.0,[395 417 426 427 436]
488,27,0.4179585309878233,0.10282293521360986,3.141592653589793,0.0,[395 403 420 426 427]
571,27,0.4540240724543265,0.09713177614299784,0.0,0.0,[504]
515,28,0.4287529937309993,0.13320152314136513,3.141592653589793,0.0,[456]
518,28,0.4306072934794042,0.0971380160100519,3.141592653589793,0.0,[465 471 472 488]
533,28,0.4376872969516853,0.11119239313271323,3.141592653589793,0.0,[465 471 488]
585,28,0.4624292297064726,0.09772190142922121,0.0,0.0,[571]
570,29,0.4535096885650225,0.10929664168132269,3.141592653589793,0.0,[515 518 533]
606,29,0.46847546789683436,0.09223583487842224,0.0,0.0,[585]
616,30,0.4720494329159758,0.09326893414535664,0.0,0.0,[606]
620,30,0.4730253636694972,0.11586020688759102,3.141592653589793,0.0,[570]
623,31,0.4733777789328758,0.09363932261917296,0.0,0.0,[616]
643,31,0.4815750125972952,0.1103202074142332,3.141592653589793,0.0,[620]
644,31,0.481580413837001,0.11643904133450589,3.141592653589793,0.0,[620]
634,32,0.4781234796000804,0.0903927202210526,0.0,0.0,[623]
668,32,0.4929416705555524,0.11527055083905358,3.141592653589793,0.0,[643 644]
666,33,0.4925584189925185,0.09024790511445535,0.0,0.0,[634]
695,33,0.5089478305683116,0.12993466181942182,3.141592653589793,0.0,[668]
707,34,0.5129123022254172,0.08450917620305831,0.0,0.0,[666]
728,34,0.5231172465065118,0.13875395175628047,3.141592653589793,0.0,[695]
748,34,0.5315791602914153,0.10350467409283826,0.0,0.0,[666]
749,35,0.531992161913317,0.1429836375210376,3.141592653589793,0.0,[728]
765,35,0.5401512713205803,0.10433702162619507,0.0,0.0,[707 748]
781,35,0.5473115785930343,0.0923288587177159,0.0,0.0,[707 748]
780,36,0.547298090259667,0.10750663687228479,0.0,0.0,[765]
786,36,0.5507870284212831,0.10155730687832898,0.0,0.0,[765]
790,36,0.5514801792089071,0.16161478217942715,3.141592653589793,0.0,[749]
834,36,0.570145965711612,0.07629213765572274,0.0,0.0,[765 781]
803,37,0.5578344694391641,0.11013323208301729,0.0,0.0,[780]
813,37,0.5626087843542424,0.10091167593305062,0.0,0.0,[780 786]
821,37,0.5653195482822746,0.15566479672166833,3.141592653589793,0.0,[790]
838,37,0.5713618048907264,0.08765159289305147,0.0,0.0,[780 786]
857,37,0.5826580210197804,0.07454631093944153,0.0,0.0,[780 786 834]
832,38,0.5688706690521155,0.15521935863299174,3.141592653589793,0.0,[821]
864,38,0.5858838574463595,0.1005500301618788,0.0,0.0,[803 813 838]
870,38,0.5876528567178437,0.10475204638617197,0.0,0.0,[803 813]
899,38,0.6010795088344298,0.07708914411243595,0.0,0.0,[803 813 838 857]
852,39,0.5774933011063873,0.15238876363446618,3.141592653589793,0.0,[832]
861,39,0.5849091914611475,0.14141403829593835,3.141592653589793,0.0,[832]
924,39,0.6129309657143613,0.10568727219833252,0.0,0.0,[864 870]
934,39,0.6198406119410291,0.09425180129645572,0.0,0.0,[864 870 899]
941,39,0.623786451657762,0.08453533326037099,0.0,0.0,[864 870 899]
868,40,0.5876191485452057,0.15107244834080535,3.141592653589793,0.0,[852]
881,40,0.5931632859992819,0.1431119900511102,3.141592653589793,0.0,[852 861]
955,40,0.6362968422404027,0.09393343833910406,0.0,0.0,[924 934 941]
957,40,0.6372706845991946,0.10546308695063411,0.0,0.0,[924 934]
968,40,0.643501119129844,0.07812150070619817,0.0,0.0,[924 934 941]
903,41,0.6033897826776712,0.14978751545957247,3.141592653589793,0.0,[868 881]
989,41,0.6546854961303424,0.08021119997252746,0.0,0.0,[955 968]
995,41,0.6561856215190707,0.0867360613542798,0.0,0.0,[955 957 968]
910,42,0.6063460300793163,0.14906107885081699,3.141592653589793,0.0,[903]
1000,42,0.6614883757931166,0.08080128344335646,0.0,0.0,[989]
1001,42,0.6668477522404632,0.09201301390398087,0.0,0.0,[989 995]
948,43,0.6293599584096722,0.13381590725453707,3.141592653589793,0.0,[910]
1035,43,0.6835768072125505,0.09182521604262694,0.0,0.0,[1000 1001]
956,44,0.6370896911160723,0.12690639164470263,3.141592653589793,0.0,[948]
970,44,0.6443578218085829,0.1193896919450479,3.141592653589793,0.0,[948]
1074,44,0.7031251855722802,0.09900186991877413,0.0,0.0,[1035]
979,45,0.6475661791285161,0.1325102769906069,3.141592653589793,0.0,[956]
998,45,0.6599648111168817,0.10840216143813808,3.141592653589793,0.0,[956 970]
1082,45,0.7107484318829759,0.10319328650427217,0.0,0.0,[1074]
1009,46,0.6733196384679558,0.12245713717561924,3.141592653589793,0.0,[979]
1021,46,0.6770182272789508,0.10334127291158424,3.141592653589793,0.0,[979 998]
1023,46,0.6778520590870202,0.09291396854576583,3.141592653589793,0.0,[998]
1096,46,0.7173245067272521,0.10685357875121371,0.0,0.0,[1082]
1050,47,0.6907782904510025,0.12179683265032615,3.141592653589793,0.0,[1009]
1052,47,0.6913925039639274,0.08978604608218643,3.141592653589793,0.0,[1021 1023]
1062,47,0.696605851342422,0.10909268629970348,3.141592653589793,0.0,[1009 1021 1023]
1109,47,0.7244573534167065,0.10239930227459382,0.0,0.0,[1096]
1071,48,0.7011735248422185,0.11243226535463913,3.141592653589793,0.0,[1050 1062]
1073,48,0.7030781028477175,0.09490807818716585,3.141592653589793,0.0,[1052]
1124,48,0.7357388069269188,0.1045530891605585,0.0,0.0,[1109]
1078,49,0.7071048982310555,0.11757579846826405,3.141592653589793,0.0,[1071]
1097,49,0.717388714925843,0.09012755104267045,3.141592653589793,0.0,[1073]
1100,49,0.7193528086730826,0.08786487457558911,3.141592653589793,0.0,[1073]
1151,49,0.7542244146721833,0.09050131403427286,0.0,0.0,[1124]
1089,50,0.7139327330625115,0.11893072772597335,3.141592653589793,0.0,[1078]
1091,50,0.7142662951835987,0.11209561939997514,3.141592653589793,0.0,[1078]
1107,50,0.7234154217083496,0.09074073035329322,3.141592653589793,0.0,[1097 1100]
1160,50,0.7627868436019004,0.09307730507231504,0.0,0.0,[1151]
1128,51,0.739681680141066,0.1255468963312314,3.141592653589793,0.0,[1089 1091]
1130,51,0.7400793128388797,0.09727139232721804,3.141592653589793,0.0,[1089 1091 1107]
1133,51,0.7406078694637944,0.1293781294521963,3.141592653589793,0.0,[1089 1091]
1178,51,0.7805519919144671,0.09319016314038508,0.0,0.0,[1160]
1140,52,0.7478076026416144,0.13653830278609458,3.141592653589793,0.0,[1133]
1141,52,0.7493058937150476,0.13165568141335893,3.141592653589793,0.0,[1128 1133]
1153,52,0.7557983072476788,0.09181330130667276,3.141592653589793,0.0,[1130]
1179,52,0.7818214842387657,0.09408095199244615,0.0,0.0,[1178]
1176,53,0.7779164411134747,0.11997625567879933,3.141592653589793,0.0,[1140 1141]
1180,53,0.7833503208397414,0.10865562669921824,3.141592653589793,0.0,[1140 1141 1153]
1183,53,0.7847403586023014,0.09229903934669148,0.0,0.0,[1179]
1187,54,0.7887850886979612,0.09596309081592203,0.0,0.0,[1183]
1193,54,0.7938680846886749,0.1103335699476321,3.141592653589793,0.0,[1176 1180]
1199,55,0.7976970586756517,0.09176186386878382,0.0,0.0,[1187]
1202,55,0.8009242957403752,0.10479993036158619,3.141592653589793,0.0,[1193]
1220,55,0.8181725882105372,0.06847033837400174,0.0,0.0,[1187]
1216,56,0.8133898202080525,0.09468492377290993,3.141592653589793,0.0,[1202]
1224,56,0.8191147334978789,0.08833266010035457,3.141592653589793,0.0,[1202]
1227,56,0.8199904190824412,0.10352086878094313,3.141592653589793,0.0,[1202]
1228,56,0.8202974713976264,0.10411972992409835,3.141592653589793,0.0,[1202]
1249,56,0.8451995503982064,0.05101257469747478,0.0,0.0,[1199 1220]
1240,57,0.8372949275919425,0.10610633779628942,3.141592653589793,0.0,[1216 1224 1227 1228]
1255,57,0.8507712960750031,0.05395140130261111,0.0,0.0,[1249]
1259,57,0.8537841152922526,0.059141103926997673,3.141592653589793,0.0,[1216 1224]
1270,57,0.8632062774817991,0.04050203193348911,0.0,0.0,[1249]
1247,58,0.8425980432175627,0.1033420533007019,3.141592653589793,0.0,[1240]
1273,58,0.8674914547710382,0.05246353175366891,3.141592653589793,0.0,[1259]
1274,58,0.8685244803567718,0.04642423504513826,3.141592653589793,0.0,[1259]
1282,58,0.886863383259212,0.03767381873425246,0.0,0.0,[1255 1270]
1268,59,0.8612269135574241,0.09450263640248346,3.141592653589793,0.0,[1247]
1277,59,0.8728507015118359,0.047231158406971785,3.141592653589793,0.0,[1273 1274]
1287,59,0.8916758407170857,0.036101892795239454,0.0,0.0,[1282]
1276,60,0.8698438222076689,0.0919706764402547,3.141592653589793,0.0,[1268]
1281,60,0.8867160738447174,0.057794058021849004,3.141592653589793,0.0,[1277]
1284,60,0.89033035244423,0.04980525206909092,3.141592653589793,0.0,[1277]
1297,60,0.9088504679738959,0.031151406056512676,0.0,0.0,[1287]
1292,61,0.8995110835767303,0.07951890664605954,3.141592653589793,0.0,[1276]
1293,61,0.9003538080908484,0.08315497368750668,3.141592653589793,0.0,[1276]
1296,61,0.9060477964342298,0.056963460740459104,3.141592653589793,0.0,[1276 1281 1284]
1303,61,0.9348175310494964,0.01996590377404972,0.0,0.0,[1297]
1298,62,0.9154787888523302,0.06891114922517028,3.141592653589793,0.0,[1292 1293]
1299,62,0.9232709112625306,0.0576528419722353,3.141592653589793,0.0,[1292 1296]
1304,62,0.9396237982699102,0.01801348925120927,0.0,0.0,[1303]
1300,63,0.92894839110442,0.0615719051940693,3.141592653589793,0.0,[1298 1299]
1308,63,0.9648320148631001,0.02104784427231543,0.0,0.0,[1304]
1305,64,0.9440610609820841,0.049101430818317415,3.141592653589793,0.0,[1300]
1309,64,0.9675818140896271,0.023201508494639755,0.0,0.0,[1308]
1310,65,1.0,0.0,3.141592653589793,0.0,[1305 1309]
0,0,0.0,0.0,3.141592653589793,0.0,[]
2,1,0.043555678527484876,0.039264652647329035,3.141592653589793,0.0,[0]
3,2,0.04903015148765344,0.04031505043621986,3.141592653589793,0.0,[2]
11,3,0.08109969803346584,0.06243594306468381,3.141592653589793,0.0,[3]
12,3,0.08353712554839676,0.03707678049154006,3.141592653589793,0.0,[3]
13,4,0.08571469455389358,0.03673796705225363,3.141592653589793,0.0,[12]
16,4,0.09233816709825549,0.06454432811551802,3.141592653589793,0.0,[11]
19,4,0.09614565960965749,0.04879207445424383,3.141592653589793,0.0,[11 12]
20,5,0.09668341216728549,0.03693637873244271,3.141592653589793,0.0,[13]
23,5,0.10736655654085214,0.07342845990829483,3.141592653589793,0.0,[16]
27,5,0.1106290363015009,0.05121004838788934,3.141592653589793,0.0,[13 16 19]
28,5,0.11066765929353839,0.05365022852075629,3.141592653589793,0.0,[13 16 19]
31,5,0.1127700048209972,0.06443009851171444,3.141592653589793,0.0,[16 19]
36,6,0.12245568639374749,0.0667112116944959,3.141592653589793,0.0,[23 31]
39,6,0.12475668912094562,0.0713926832786691,3.141592653589793,0.0,[23 31]
41,6,0.1270328593264647,0.06059225435062632,3.141592653589793,0.0,[20 23 27 28 31]
42,6,0.12724478080785828,0.05785589955037651,3.141592653589793,0.0,[20 23 27 28 31]
43,7,0.12952137657471607,0.07205668125846865,3.141592653589793,0.0,[36 39]
48,7,0.1354501886439059,0.06576337561361578,3.141592653589793,0.0,[36 39 41 42]
58,7,0.145291675819744,0.04573931679598542,3.141592653589793,0.0,[36 41 42]
54,8,0.14322391666558,0.0760394238866755,3.141592653589793,0.0,[43]
59,8,0.1458597812593283,0.06976720651179114,3.141592653589793,0.0,[43 48]
69,8,0.15310716925058276,0.0391178816717187,3.141592653589793,0.0,[58]
84,9,0.17546847866650706,0.055560040822627665,3.141592653589793,0.0,[54 59 69]
89,9,0.1816264627245483,0.10088132992708654,3.141592653589793,0.0,[54 59]
96,9,0.18691538300977184,0.11716937074251599,3.141592653589793,0.0,[54]
99,10,0.18898556870831917,0.06000804261659076,3.141592653589793,0.0,[84]
113,10,0.20707883540123673,0.10602978991236922,3.141592653589793,0.0,[89 96]
107,11,0.19673866816047625,0.06325578494722361,3.141592653589793,0.0,[99]
131,11,0.22181849424236566,0.09708288561523126,3.141592653589793,0.0,[113]
153,12,0.24005831468000627,0.0991289134280704,3.141592653589793,0.0,[107 131]
160,13,0.2441259206320754,0.09551005542148805,3.141592653589793,0.0,[153]
174,14,0.252315987536895,0.09380767413151636,3.141592653589793,0.0,[160]
192,15,0.26696076322602713,0.08745497269167457,3.141592653589793,0.0,[174]
229,16,0.29130529425029295,0.06782071143362489,3.141592653589793,0.0,[192]
244,17,0.3023900699789367,0.06647662644178154,3.141592653589793,0.0,[229]
255,18,0.30891499862036864,0.067712459685628,3.141592653589793,0.0,[244]
281,19,0.32053024181345235,0.07765607182214507,3.141592653589793,0.0,[255]
292,20,0.3236130622308705,0.07577608204058228,3.141592653589793,0.0,[281]
322,21,0.3430105924001581,0.0675362105072479,3.141592653589793,0.0,[292]
364,22,0.36421873564917207,0.0863111691774201,3.141592653589793,0.0,[322]
408,23,0.384159627813102,0.1009829842109452,3.141592653589793,0.0,[364]
410,24,0.38463709769819676,0.10141959581222093,3.141592653589793,0.0,[408]
448,25,0.4032852269728735,0.08795112084708523,3.141592653589793,0.0,[410]
479,26,0.41539930012338144,0.08488013481321188,3.141592653589793,0.0,[448]
543,27,0.44283187260149937,0.06778987965199068,3.141592653589793,0.0,[479]
556,28,0.4472570352782693,0.07146235796426226,3.141592653589793,0.0,[543]
569,29,0.4539558875109505,0.07183433140727757,3.141592653589793,0.0,[556]
577,30,0.45760698980345027,0.07404526334695227,3.141592653589793,0.0,[569]
603,31,0.46945620732502913,0.06803930894871135,3.141592653589793,0.0,[577]
618,31,0.47818258242536626,0.09077557486453725,3.141592653589793,0.0,[577]
662,32,0.4942167333014862,0.08008787532672212,3.141592653589793,0.0,[603 618]
672,33,0.4979178884543586,0.0818060044178186,3.141592653589793,0.0,[662]
689,34,0.5047696007143466,0.07648504177259063,3.141592653589793,0.0,[672]
730,35,0.5174624191565638,0.06627855097226942,3.141592653589793,0.0,[689]
753,35,0.5242922114958116,0.08756557286365452,3.141592653589793,0.0,[689]
781,36,0.5371790663239807,0.07603129588026536,3.141592653589793,0.0,[730 753]
792,37,0.5429984061755412,0.07929390848377649,3.141592653589793,0.0,[781]
856,38,0.57592962682936,0.07573877580591315,3.141592653589793,0.0,[792]
870,39,0.5834666322788284,0.07001445054853872,3.141592653589793,0.0,[856]
922,40,0.6153512420032281,0.06482609785506754,3.141592653589793,0.0,[870]
954,41,0.630951106716379,0.054669355612932624,3.141592653589793,0.0,[922]
972,42,0.6384159811697274,0.054137346959498456,3.141592653589793,0.0,[954]
999,43,0.6472815760928724,0.04873536926434341,3.141592653589793,0.0,[972]
1030,44,0.6700537123169775,0.03084238097288694,3.141592653589793,0.0,[999]
1055,45,0.6877022375559846,0.04652571833328201,3.141592653589793,0.0,[1030]
1063,45,0.6912856481910706,0.019464051559345497,3.141592653589793,0.0,[1030]
1076,46,0.7012361089306707,0.02013273147608574,3.141592653589793,0.0,[1063]
1082,46,0.7057685146386065,0.04789502152227498,3.141592653589793,0.0,[1055]
1102,47,0.7189634234850284,0.033137679113416585,3.141592653589793,0.0,[1076]
1103,47,0.7192489792470321,0.04829723163885902,3.141592653589793,0.0,[1082]
1114,48,0.7333945307041851,0.03759384429472146,3.141592653589793,0.0,[1102 1103]
1143,49,0.754079840003683,0.030713566080230126,3.141592653589793,0.0,[1114]
1144,49,0.7553763810817135,0.03532964307066189,3.141592653589793,0.0,[1114]
1153,50,0.7626010356412644,0.030878997993748603,3.141592653589793,0.0,[1143 1144]
1171,51,0.7770567735634213,0.02918021924259906,3.141592653589793,0.0,[1153]
1183,52,0.7934653699424746,0.016199108993891098,3.141592653589793,0.0,[1171]
1197,53,0.8106258176013036,0.013674517035433431,3.141592653589793,0.0,[1183]
1201,53,0.8137627672419036,0.000705176237461691,3.141592653589793,0.0,[1183]
1210,53,0.81875612961551,0.004446844540970107,0.0,0.0,[1183]
1217,54,0.8354751612013993,0.024318647893212697,3.141592653589793,0.0,[1197]
1227,54,0.8409104393999297,0.014083898139344186,3.141592653589793,0.0,[1197 1201 1210]
1228,54,0.8420414276869421,0.015552631967672759,3.141592653589793,0.0,[1197 1201 1210]
1231,55,0.8463461514386897,0.017646692783363727,3.141592653589793,0.0,[1217 1227 1228]
1236,56,0.8497946243073219,0.016633476479753995,3.141592653589793,0.0,[1231]
1251,57,0.8642836741378329,0.012973178788109663,3.141592653589793,0.0,[1236]
1257,57,0.86928972912395,0.033808693819336044,3.141592653589793,0.0,[1236]
1264,58,0.8774458956650588,0.0197113325007352,3.141592653589793,0.0,[1251]
1265,58,0.8823862388929414,0.026846293005178823,3.141592653589793,0.0,[1251 1257]
1280,59,0.9000115141709367,0.016034064609440124,3.141592653589793,0.0,[1264 1265]
1285,60,0.9105507156809468,0.006241310045269066,3.141592653589793,0.0,[1280]
1299,61,0.9328072578593766,0.005046472829102866,3.141592653589793,0.0,[1285]
1303,62,0.9423464510822909,0.00101865630196174,0.0,0.0,[1299]
1306,63,0.9541388543630164,0.00838380596851751,0.0,0.0,[1303]
1309,64,0.9729432836512801,0.002560938472053298,0.0,0.0,[1306]
1310,65,1.0,0.0,3.141592653589793,0.0,[1309]
0,0,0.0,0.0,3.141592653589793,0.0,[]
1,1,0.010944315017572315,0.003194652751478677,0.0,0.0,[0]
2,2,0.016160290008176648,0.002505174141573585,0.0,0.0,[1]
4,3,0.021485948956747603,5.0213442412072595e-05,3.141592653589793,0.0,[2]
12,4,0.053401720854531876,0.02410656692342783,3.141592653589793,0.0,[4]
13,5,0.060342682778675605,0.031016598492367486,3.141592653589793,0.0,[12]
18,6,0.0728814210192148,0.02088771209583773,3.141592653589793,0.0,[13]
21,7,0.08205722547311223,0.02011500017094703,3.141592653589793,0.0,[18]
22,8,0.08381219037063137,0.01867984368930209,3.141592653589793,0.0,[21]
28,9,0.0951278872770942,0.018053624275400026,3.141592653589793,0.0,[22]
39,9,0.11129194169575662,0.04061768210271677,3.141592653589793,0.0,[22]
33,10,0.1003153217995828,0.013653230863174826,3.141592653589793,0.0,[28]
35,10,0.10674838045454771,0.02895561994819884,3.141592653589793,0.0,[28]
41,10,0.11360767112092907,0.039972199062661584,3.141592653589793,0.0,[39]
45,11,0.12391463472346387,0.026811809565047695,3.141592653589793,0.0,[33 35]
50,11,0.1334766626740752,0.053634276697287486,3.141592653589793,0.0,[35 41]
51,12,0.13614878652329154,0.02598650402809044,3.141592653589793,0.0,[45]
56,12,0.14136790639747887,0.04947627057104831,3.141592653589793,0.0,[50]
58,12,0.14316011482453816,0.03977818558863411,3.141592653589793,0.0,[45]
74,13,0.17026320694291674,0.029071430006009535,3.141592653589793,0.0,[51 56 58]
81,14,0.17953192382774474,0.023482225046569716,3.141592653589793,0.0,[74]
115,15,0.20816106211948193,0.039243820211364966,3.141592653589793,0.0,[81]
118,15,0.20921086312176707,0.043200351725756425,3.141592653589793,0.0,[81]
130,16,0.21561187311580265,0.0453497654265852,3.141592653589793,0.0,[115 118]
135,17,0.22004715614504988,0.04690192650424807,3.141592653589793,0.0,[130]
152,18,0.2366667518726847,0.05966445028114764,3.141592653589793,0.0,[135]
162,18,0.24007570740574746,0.04725082929029223,3.141592653589793,0.0,[135]
164,18,0.24288268279707925,0.03773108681981441,3.141592653589793,0.0,[135]
192,19,0.2624749043145007,0.053113276350860716,3.141592653589793,0.0,[152 162 164]
208,20,0.27799736014281107,0.045464271656967314,3.141592653589793,0.0,[192]
212,20,0.28124140626992544,0.039810728542476914,3.141592653589793,0.0,[192]
238,21,0.29534048394173396,0.030552795436036506,3.141592653589793,0.0,[208 212]
252,22,0.30331416051924587,0.035317546345625894,3.141592653589793,0.0,[238]
285,23,0.3233588270415072,0.05510513912208603,3.141592653589793,0.0,[252]
297,24,0.33310519171018027,0.057162013887773644,3.141592653589793,0.0,[285]
318,24,0.3454889936058897,0.036945607916599954,3.141592653589793,0.0,[285]
319,24,0.3455980886625024,0.03767184657195333,3.141592653589793,0.0,[285]
329,25,0.35538244783104855,0.03831164339879356,3.141592653589793,0.0,[297 318 319]
333,26,0.3568094603172999,0.03918153429614346,3.141592653589793,0.0,[329]
359,27,0.3708995500503032,0.03439344691293089,3.141592653589793,0.0,[333]
402,28,0.38922006582997826,0.01933896009282332,3.141592653589793,0.0,[359]
422,29,0.4002740021285046,0.01851663856160224,3.141592653589793,0.0,[402]
495,30,0.433232733234323,0.005367653809820516,0.0,0.0,[422]
523,31,0.4468847163652445,0.006950642611502467,0.0,0.0,[495]
532,32,0.450822357605298,0.004715639790005555,0.0,0.0,[523]
546,33,0.45671988088529625,0.0021667402115554957,0.0,0.0,[532]
581,34,0.4684022045380226,0.009148194360843909,0.0,0.0,[546]
619,35,0.4825048669469211,0.00063843696879895,0.0,0.0,[581]
661,36,0.49902504676402526,0.0024355305118450854,0.0,0.0,[619]
671,36,0.5042253318363649,0.010620157369658823,0.0,0.0,[619]
726,37,0.5251281394226085,0.019574328756124415,0.0,0.0,[661 671]
733,37,0.5285343359899205,0.0037719399249392938,3.141592653589793,0.0,[661 671]
734,38,0.5286904078117356,0.0038797972530537628,3.141592653589793,0.0,[733]
758,38,0.5402838076978677,0.01530552014922626,0.0,0.0,[726]
786,39,0.5563741523504001,0.002336990348077328,0.0,0.0,[734 758]
813,40,0.5648640861903376,0.0034282298079543194,0.0,0.0,[786]
845,41,0.5755326667567016,0.0060538310949809215,3.141592653589793,0.0,[813]
854,42,0.580763642245547,0.001972717223634457,3.141592653589793,0.0,[845]
866,43,0.5841456120055202,0.0033320667914320534,3.141592653589793,0.0,[854]
871,44,0.5885197532141254,0.005939416294387212,3.141592653589793,0.0,[866]
877,44,0.5905889187051813,0.003447489230962275,3.141592653589793,0.0,[866]
882,45,0.5940899182214354,0.008821409785711887,3.141592653589793,0.0,[871]
898,45,0.5984144275867891,0.0041193222097526405,0.0,0.0,[877]
945,46,0.6198952418327855,0.007389165312741586,3.141592653589793,0.0,[882 898]
955,46,0.6238090481607241,0.00263881924210696,3.141592653589793,0.0,[882 898]
1004,47,0.656454883708387,0.000705382464613602,3.141592653589793,0.0,[945 955]
1016,48,0.6674075067598315,0.003936611456597738,3.141592653589793,0.0,[1004]
1026,49,0.6738299626948755,0.004120593815789997,3.141592653589793,0.0,[1016]
1078,50,0.701790197685346,0.02103634128490839,3.141592653589793,0.0,[1026]
1083,51,0.7048826334980927,0.02094017268703241,3.141592653589793,0.0,[1078]
1090,51,0.7068599427651601,0.016974867597703502,3.141592653589793,0.0,[1078]
1098,52,0.7108127749869162,0.017331408928570213,3.141592653589793,0.0,[1083 1090]
1108,53,0.719752605436938,0.019975704398726424,3.141592653589793,0.0,[1098]
1120,53,0.7291615732989962,0.03302308406362353,3.141592653589793,0.0,[1098]
1140,53,0.7465601082948276,0.050860883173056703,3.141592653589793,0.0,[1098]
1133,54,0.7404972793707134,0.017711844666979948,3.141592653589793,0.0,[1108]
1155,54,0.7564039467967892,0.059996623974341245,3.141592653589793,0.0,[1120 1140]
1138,55,0.7440545561213792,0.018856150781276004,3.141592653589793,0.0,[1133]
1181,55,0.77330306117571,0.07439720517120818,3.141592653589793,0.0,[1155]
1188,56,0.7785515196245035,0.03212060045286169,3.141592653589793,0.0,[1138]
1196,56,0.7874038745729315,0.07758797826698671,3.141592653589793,0.0,[1181]
1209,57,0.8022676351561289,0.04947394121268667,3.141592653589793,0.0,[1188]
1210,57,0.8049374446714026,0.06957134682798494,3.141592653589793,0.0,[1196]
1220,58,0.8153378124780085,0.06136880732762684,3.141592653589793,0.0,[1209 1210]
1227,59,0.822243191524404,0.062426276197882435,3.141592653589793,0.0,[1220]
1234,60,0.830622485135117,0.06488275946290589,3.141592653589793,0.0,[1227]
1247,61,0.8450381985433328,0.057478374467536786,3.141592653589793,0.0,[1234]
1261,62,0.8659736442987015,0.05961035432494244,3.141592653589793,0.0,[1247]
1267,63,0.8751259391000248,0.06834381823233937,3.141592653589793,0.0,[1261]
1280,64,0.9078339783679916,0.0638550428872503,3.141592653589793,0.0,[1267]
1294,65,0.9222981415564127,0.05558025935281441,3.141592653589793,0.0,[1280]
1298,66,0.9326686726576098,0.05091642722811485,3.141592653589793,0.0,[1294]
1304,67,0.9547544499790755,0.02924256590633867,3.141592653589793,0.0,[1298]
1306,68,0.966496368405124,0.02321063945202395,3.141592653589793,0.0,[1304]
1309,69,0.9898614608420094,0.0008972905612365523,3.141592653589793,0.0,[1306]
1310,70,1.0,0.0,3.141592653589793,0.0,[1309]
0,0,0.0,0.0,3.141592653589793,0.0,[]
1,1,0.012564863130032466,0.004403235194000654,3.141592653589793,0.0,[0]
2,2,0.023319697482699797,0.008331281537420243,3.141592653589793,0.0,[1]
8,3,0.0518368030035431,0.02865347371657956,3.141592653589793,0.0,[2]
17,4,0.06881127345309668,0.02859414527895543,3.141592653589793,0.0,[8]
22,4,0.07503572840420547,0.04591407339296805,3.141592653589793,0.0,[8]
26,5,0.09163766597067147,0.040694013047182565,3.141592653589793,0.0,[17 22]
32,6,0.10165187103858597,0.0382026922428903,3.141592653589793,0.0,[26]
36,7,0.11234490949533238,0.047240828452349226,3.141592653589793,0.0,[32]
47,8,0.12429354628943456,0.05893124725484655,3.141592653589793,0.0,[36]
51,9,0.1334197051160797,0.0674774031983264,3.141592653589793,0.0,[47]
68,10,0.1686219139888191,0.09911026036967585,3.141592653589793,0.0,[51]
71,11,0.17082590454459934,0.09854372230757846,3.141592653589793,0.0,[68]
77,11,0.17974367761147225,0.10789122685056074,3.141592653589793,0.0,[68]
92,12,0.1986840864216266,0.10805444913322648,3.141592653589793,0.0,[71 77]
110,13,0.21108266296759692,0.10176864818691533,3.141592653589793,0.0,[92]
116,14,0.21434140411328872,0.10086833060895783,3.141592653589793,0.0,[110]
121,15,0.221569947519774,0.09446861828579456,3.141592653589793,0.0,[116]
134,16,0.23477675003593979,0.08956173545789858,3.141592653589793,0.0,[121]
152,17,0.2484965485166315,0.08108059373536813,3.141592653589793,0.0,[134]
166,17,0.2604381354975659,0.064779125993366,3.141592653589793,0.0,[134]
195,18,0.2746485678326307,0.06515888862175956,3.141592653589793,0.0,[152 166]
199,18,0.27786764450457313,0.07208522152131025,3.141592653589793,0.0,[152 166]
208,19,0.2836172025959285,0.06698099212963882,3.141592653589793,0.0,[195 199]
220,19,0.29056962697840416,0.05493924795607663,3.141592653589793,0.0,[195]
232,20,0.29885544829391664,0.06267452847517807,3.141592653589793,0.0,[208 220]
248,20,0.30596901789903597,0.05479218723598578,3.141592653589793,0.0,[208 220]
255,21,0.3084926423880636,0.05318447650499658,3.141592653589793,0.0,[232 248]
264,22,0.31567925779825967,0.048442906192369906,3.141592653589793,0.0,[255]
266,23,0.3182292430279894,0.04920580728383206,3.141592653589793,0.0,[264]
282,24,0.32782520402393567,0.05115407066834998,3.141592653589793,0.0,[266]
289,25,0.33119256410867115,0.04992358024449273,3.141592653589793,0.0,[282]
295,25,0.3339497448818902,0.05612360393218363,3.141592653589793,0.0,[282]
321,26,0.35058925079481085,0.047822904422996415,3.141592653589793,0.0,[289 295]
358,27,0.3687697733933092,0.05562963729231951,3.141592653589793,0.0,[321]
386,28,0.380312674183899,0.044194794100064105,3.141592653589793,0.0,[358]
411,29,0.39512945201786664,0.03367145367370927,3.141592653589793,0.0,[386]
419,29,0.39779706772359913,0.04678108732822639,3.141592653589793,0.0,[386]
421,29,0.3992313876516175,0.03872560199820607,3.141592653589793,0.0,[386]
437,30,0.40690278468397334,0.03412767690523,3.141592653589793,0.0,[411 421]
446,30,0.41421733309415865,0.026486906801943322,3.141592653589793,0.0,[411 421]
473,30,0.4261518521174896,0.06472701771275269,3.141592653589793,0.0,[419 421]
456,31,0.4186768249001962,0.02439409631548506,3.141592653589793,0.0,[437 446]
482,31,0.43015965196472095,0.06382353544778507,3.141592653589793,0.0,[473]
508,32,0.4383968075095256,0.010470436232278946,3.141592653589793,0.0,[456]
524,32,0.44665023824667505,0.06275467494031672,3.141592653589793,0.0,[482]
541,32,0.4528274790852721,0.06999190797566002,3.141592653589793,0.0,[482]
548,33,0.4542832418951749,0.004402765397259589,3.141592653589793,0.0,[508]
572,33,0.46703166368360205,0.07033148717351334,3.141592653589793,0.0,[524 541]
592,34,0.4791719582163141,0.060152138162960056,3.141592653589793,0.0,[572]
600,34,0.4818917253463565,0.015159722633450556,0.0,0.0,[548]
616,35,0.48797643760571807,0.05916528801067522,3.141592653589793,0.0,[592]
626,35,0.4931533092559467,0.01468963160291692,0.0,0.0,[600]
657,36,0.5049244709419483,0.007466016832915701,0.0,0.0,[626]
663,36,0.5063817573519097,0.027537717075948653,0.0,0.0,[626]
675,36,0.5091759441930267,0.024314943156237168,0.0,0.0,[626]
703,36,0.5186994935699597,0.06085766837171236,3.141592653589793,0.0,[616]
712,36,0.5221811839886314,0.06638840065841234,3.141592653589793,0.0,[616]
733,36,0.5309049840888708,0.07604696940066791,3.141592653589793,0.0,[616]
705,37,0.5194831855646898,0.023876899231669357,0.0,0.0,[663 675]
710,37,0.521721825511957,0.00919447381094618,0.0,0.0,[657]
773,37,0.5447642786882084,0.07449606970413203,3.141592653589793,0.0,[703 712 733]
739,38,0.5329404718023,0.013608798308744507,0.0,0.0,[705 710]
750,38,0.5356890890370456,0.018845083434225085,0.0,0.0,[705 710]
784,38,0.5509942564616869,0.06966690932932829,3.141592653589793,0.0,[773]
795,39,0.5576768172655945,0.06465418556163938,3.141592653589793,0.0,[784]
801,39,0.5603344446878408,0.039483538941196605,0.0,0.0,[739 750]
810,40,0.5670786968917291,0.04187538215807185,0.0,0.0,[801]
827,40,0.5746319509192298,0.07374409591386255,3.141592653589793,0.0,[795]
837,41,0.5795556178744649,0.04658456424281032,0.0,0.0,[810]
850,41,0.5869031893890395,0.07742305954939366,3.141592653589793,0.0,[827]
874,41,0.5963650647355236,0.06796738188975215,0.0,0.0,[810]
875,41,0.5967807265889044,0.06718706011717968,0.0,0.0,[810]
866,42,0.593924844471941,0.07284866451051819,3.141592653589793,0.0,[850]
909,42,0.6095267689418111,0.07162308277546836,0.0,0.0,[837 874 875]
898,43,0.6060690250551164,0.08282009538408663,3.141592653589793,0.0,[866]
953,43,0.6351560150257862,0.06842940623951255,0.0,0.0,[909]
924,44,0.618180175065025,0.09391017226136211,3.141592653589793,0.0,[898]
967,44,0.6424265883711533,0.0616263792299131,0.0,0.0,[953]
979,45,0.6487061670850385,0.0630645307506843,0.0,0.0,[967]
1009,45,0.6647318913653205,0.050232347218695184,3.141592653589793,0.0,[924]
1016,46,0.6672588777006564,0.05857833297775228,0.0,0.0,[979]
1018,46,0.6680811228932292,0.05406487270913374,0.0,0.0,[979]
1022,46,0.6687819866259264,0.04819058490830186,3.141592653589793,0.0,[1009]
1029,47,0.6728765101832287,0.054263806805900705,0.0,0.0,[1016 1018]
1040,47,0.677964475104694,0.040650801846670914,3.141592653589793,0.0,[1022]
1044,47,0.6799473915747883,0.043666918587689674,3.141592653589793,0.0,[1022]
1048,48,0.6819640924744749,0.058434172391235495,0.0,0.0,[1029]
1070,48,0.6919872044689869,0.035140674547556205,3.141592653589793,0.0,[1040 1044]
1084,49,0.6964947589235336,0.0343286690161857,3.141592653589793,0.0,[1070]
1108,49,0.7100464838046511,0.06103568655476932,0.0,0.0,[1048]
1112,49,0.7124586215336995,0.08104741951365357,0.0,0.0,[1048]
1119,49,0.7217185467298586,0.029833771831564215,0.0,0.0,[1048]
1110,50,0.7117021084189592,0.02672148996707635,3.141592653589793,0.0,[1084]
1120,50,0.7218317883809298,0.051893892622416504,0.0,0.0,[1108]
1139,50,0.7366475046521906,0.03287520252099363,0.0,0.0,[1119]
1153,50,0.7474683722029608,0.1032631687548543,0.0,0.0,[1112]
1133,51,0.7312238841620823,0.010359524333668269,3.141592653589793,0.0,[1110]
1140,51,0.7382340780277653,0.020502860104969378,3.141592653589793,0.0,[1110]
1158,51,0.7503886636210519,0.10330188085688485,0.0,0.0,[1153]
1165,51,0.7583971937838297,0.05350814272813187,0.0,0.0,[1120 1139]
1160,52,0.7516425866560253,0.010807452102355453,3.141592653589793,0.0,[1133 1140]
1163,52,0.7534944793182825,0.10098067591236837,0.0,0.0,[1158]
1171,52,0.7645576465081628,0.056285540241012844,0.0,0.0,[1165]
1174,53,0.765734195786227,0.002865668431043744,3.141592653589793,0.0,[1160]
1176,53,0.7676250648056393,0.08712986602946327,0.0,0.0,[1163]
1180,53,0.7713858631780269,0.06179875508962074,0.0,0.0,[1171]
1184,54,0.7753674206980329,0.09373452606829102,0.0,0.0,[1176]
1187,54,0.7766808148129297,0.06318544026635342,0.0,0.0,[1180]
1195,54,0.7814036850278049,0.011169791219110325,0.0,0.0,[1174]
1197,55,0.782321128770529,0.09219814594187792,0.0,0.0,[1184]
1200,55,0.784771769662593,0.08719177692782054,0.0,0.0,[1184]
1201,55,0.7848253430319027,0.06274893238489543,0.0,0.0,[1187]
1208,55,0.7922482775072647,0.018571650717711385,0.0,0.0,[1195]
1210,56,0.7986561166948402,0.06602355280846128,0.0,0.0,[1201]
1211,56,0.7987004243636612,0.0194262494779478,0.0,0.0,[1208]
1214,56,0.8005747100014663,0.02367866779515493,0.0,0.0,[1208]
1220,56,0.8056362509926288,0.10629542404927939,0.0,0.0,[1197 1200]
1221,56,0.8062350536496269,0.11370871968620089,0.0,0.0,[1197]
1222,56,0.8071113553340571,0.10315826668313599,0.0,0.0,[1197 1200]
1227,56,0.8112140805329663,0.04873353900399002,0.0,0.0,[1201]
1225,57,0.8094925133769644,0.10368710595826935,0.0,0.0,[1220 1222]
1228,57,0.8134635258571328,0.03454437462230964,0.0,0.0,[1214]
1237,57,0.8179678691779794,0.11563480836905016,0.0,0.0,[1220 1221]
1243,57,0.8253763124910507,0.05276139853713524,0.0,0.0,[1210 1227]
1246,57,0.8319695017531084,0.013522828850978108,0.0,0.0,[1211 1214]
1248,57,0.8339438113405505,0.010311266164469313,0.0,0.0,[1211 1214]
1242,58,0.8244879220873342,0.10988328878911391,0.0,0.0,[1225 1237]
1251,58,0.8400049737742892,0.05870779815904614,0.0,0.0,[1228 1243]
1268,58,0.8581481057447494,0.016628172706561806,0.0,0.0,[1228 1246 1248]
1277,58,0.8665846734387693,0.006162488077589123,3.141592653589793,0.0,[1228 1246 1248]
1260,59,0.8448453674582836,0.10674381160526847,0.0,0.0,[1242]
1284,59,0.885659305432984,0.015842072202732704,0.0,0.0,[1251 1268]
1287,59,0.8914335281559372,0.0017999075891739214,0.0,0.0,[1268 1277]
1280,60,0.8738302232617353,0.07781553446797485,0.0,0.0,[1260]
1295,60,0.9108238037030677,0.002891945484392866,0.0,0.0,[1284 1287]
1285,61,0.8871073049448331,0.06677625791751274,0.0,0.0,[1280]
1299,61,0.9180822995660461,0.0049478620493218495,0.0,0.0,[1295]
1296,62,0.9117742008354839,0.048646733494586036,0.0,0.0,[1285]
1302,62,0.9371863762371265,0.0054620681283953365,3.141592653589793,0.0,[1299]
1301,63,0.9352708594032851,0.035554062145440546,0.0,0.0,[1296]
1306,63,0.949522198607335,0.0008292263787930132,0.0,0.0,[1302]
1307,64,0.9586820356602673,0.003968537896253621,3.141592653589793,0.0,[1306]
1309,64,0.9663911360927196,0.009242607554197368,0.0,0.0,[1301 1306]
1310,65,1.0,0.0,3.141592653589793,0.0,[1307 1309]
0,0,0.0,0.0,3.141592653589793,0.0,[]
1,1,0.02802745259753614,0.02142113570157922,3.141592653589793,0.0,[0]
2,2,0.032665213438868856,0.01874456270615854,3.141592653589793,0.0,[1]
4,2,0.046992316829486125,0.03543435226746594,3.141592653589793,0.0,[1]
7,3,0.0647718014887041,0.03836141579905428,3.141592653589793,0.0,[2 4]
8,3,0.06590321563482304,0.04770906331201774,3.141592653589793,0.0,[2 4]
17,4,0.082967655232139,0.05303342425331403,3.141592653589793,0.0,[7 8]
22,4,0.09567453833794803,0.06677803242239178,3.141592653589793,0.0,[7 8]
23,5,0.09880969165960396,0.06810990074816026,3.141592653589793,0.0,[17 22]
26,5,0.09907438291387272,0.05566025985090661,3.141592653589793,0.0,[17]
30,6,0.1076192421099319,0.06266244931026455,3.141592653589793,0.0,[23 26]
42,7,0.1291599082877023,0.06785066492354508,3.141592653589793,0.0,[30]
58,8,0.14687158341029993,0.06762661980575102,3.141592653589793,0.0,[42]
64,9,0.15465055079068202,0.07158270218620078,3.141592653589793,0.0,[58]
65,10,0.15504491272221987,0.07184159779132793,3.141592653589793,0.0,[64]
86,11,0.17049670804170547,0.06770124127843702,3.141592653589793,0.0,[65]
88,11,0.17184815112794938,0.08000048252278003,3.141592653589793,0.0,[65]
96,12,0.1831827068736076,0.0795536589774678,3.141592653589793,0.0,[86 88]
108,13,0.19388753172716844,0.07722327792721095,3.141592653589793,0.0,[96]
117,14,0.19816280118323804,0.07810744574141382,3.141592653589793,0.0,[108]
125,14,0.20779738059931752,0.08894725093336342,3.141592653589793,0.0,[108]
144,15,0.21961641288538225,0.08317830809084092,3.141592653589793,0.0,[117 125]
153,16,0.22760585318248927,0.08142294204134992,3.141592653589793,0.0,[144]
175,17,0.24224543120076503,0.08281839144995351,3.141592653589793,0.0,[153]
183,18,0.2472377705296407,0.08045390085742188,3.141592653589793,0.0,[175]
201,19,0.2605916007217216,0.0927451685131736,3.141592653589793,0.0,[183]
210,20,0.26294845753353513,0.09147124248394256,3.141592653589793,0.0,[201]
223,21,0.2744289924492471,0.09415328416287427,3.141592653589793,0.0,[210]
240,21,0.2859770359560122,0.10884661997511713,3.141592653589793,0.0,[210]
261,22,0.2971789457299999,0.10735830328462548,3.141592653589793,0.0,[223 240]
271,23,0.3020332585647598,0.11143865871603265,3.141592653589793,0.0,[261]
278,24,0.3060931921060662,0.10871146544987487,3.141592653589793,0.0,[271]
297,25,0.32128099422071954,0.12253522348605805,3.141592653589793,0.0,[278]
302,26,0.3270905434641166,0.12101811924975903,3.141592653589793,0.0,[297]
325,27,0.3379890116932911,0.12641110633374875,3.141592653589793,0.0,[302]
398,28,0.3687830126376521,0.1287448719211206,3.141592653589793,0.0,[325]
407,28,0.371165194352683,0.15167715886269773,3.141592653589793,0.0,[325]
409,28,0.37121364368626353,0.09645263353017708,3.141592653589793,0.0,[325]
421,28,0.375423464597319,0.11788622362518963,3.141592653589793,0.0,[325]
425,28,0.3776441636682253,0.10831591292981202,3.141592653589793,0.0,[325]
416,29,0.372723458148992,0.09548600584558853,3.141592653589793,0.0,[409]
427,29,0.3780723397250304,0.15428893860875514,3.141592653589793,0.0,[407]
428,29,0.3797669942140255,0.10724318902400554,3.141592653589793,0.0,[425]
432,29,0.3808007546848612,0.11954498273579173,3.141592653589793,0.0,[398 421]
444,30,0.386689014903594,0.14655590417150022,3.141592653589793,0.0,[427]
475,30,0.40221524837617917,0.10920253761501786,3.141592653589793,0.0,[416 428 432]
485,31,0.406595126253095,0.13149073322388027,3.141592653589793,0.0,[444]
518,31,0.42033312204204465,0.09848047907463076,3.141592653589793,0.0,[475]
519,32,0.42048748076420583,0.13361424469007366,3.141592653589793,0.0,[485]
629,32,0.47141365832502347,0.08137482030415832,3.141592653589793,0.0,[485 518]
616,33,0.46511051669785164,0.10065976626644335,3.141592653589793,0.0,[519]
648,33,0.4795156373762667,0.0747904666710626,3.141592653589793,0.0,[519 629]
674,34,0.49444556220806646,0.07572354569867523,3.141592653589793,0.0,[616 648]
684,35,0.4993429756358363,0.07671315165925097,3.141592653589793,0.0,[674]
716,36,0.5096168085812851,0.06785266468128204,3.141592653589793,0.0,[684]
747,37,0.524836653182797,0.059821904938169856,3.141592653589793,0.0,[716]
760,38,0.5302724347633737,0.064538453934611,3.141592653589793,0.0,[747]
770,39,0.5340842676409948,0.06329690264357701,3.141592653589793,0.0,[760]
804,40,0.5527549871711349,0.04737506755043153,3.141592653589793,0.0,[770]
833,41,0.5668807391387019,0.044082990021488744,3.141592653589793,0.0,[804]
835,42,0.5682104196051364,0.04350778054113824,3.141592653589793,0.0,[833]
867,43,0.5848671007161532,0.028898644396520345,3.141592653589793,0.0,[835]
893,44,0.5975096784235651,0.03825332383383384,3.141592653589793,0.0,[867]
937,45,0.6224455685252273,0.04863312423539812,3.141592653589793,0.0,[893]
989,46,0.6491388666239956,0.06843353477877656,3.141592653589793,0.0,[937]
997,46,0.6532826273071431,0.07324369757492732,3.141592653589793,0.0,[937]
1015,47,0.6604052096483162,0.07198140039788392,3.141592653589793,0.0,[989 997]
1039,48,0.6763024093079831,0.06387486175604384,3.141592653589793,0.0,[1015]
1045,49,0.680819841294643,0.05952593114743421,3.141592653589793,0.0,[1039]
1068,50,0.6955763866972481,0.0742307563727117,3.141592653589793,0.0,[1045]
1070,50,0.6980849156070842,0.053460339908983245,3.141592653589793,0.0,[1045]
1094,50,0.7112534601246087,0.03152689661974517,3.141592653589793,0.0,[1045]
1099,51,0.7177346992084696,0.03212887283095023,3.141592653589793,0.0,[1094]
1121,51,0.7301431701305776,0.1002950214700199,3.141592653589793,0.0,[1068]
1123,51,0.7318788949697304,0.08140677403979324,3.141592653589793,0.0,[1068 1070]
1130,52,0.7407882670241971,0.03653832410720215,3.141592653589793,0.0,[1099]
1134,52,0.7439389107817697,0.08586744780618205,3.141592653589793,0.0,[1123]
1141,52,0.7525037330062402,0.10224063809586692,3.141592653589793,0.0,[1121]
1152,53,0.7585949022604546,0.04526841906100998,3.141592653589793,0.0,[1130]
1153,53,0.7587667514995765,0.09658688848855146,3.141592653589793,0.0,[1134 1141]
1165,54,0.7657108472437301,0.09943262384453821,3.141592653589793,0.0,[1153]
1184,54,0.7779027181402263,0.027433269852689124,3.141592653589793,0.0,[1152]
1185,55,0.7780534135820679,0.09599063048741807,3.141592653589793,0.0,[1165]
1199,55,0.7954223179423147,0.02257552724384826,3.141592653589793,0.0,[1184]
1200,56,0.7959613529250488,0.0781478355362556,3.141592653589793,0.0,[1185]
1205,56,0.801336721090485,0.019395384979316255,3.141592653589793,0.0,[1199]
1207,57,0.8044707287350801,0.07517877221194103,3.141592653589793,0.0,[1200]
1224,57,0.8217186021289855,0.03389119941012353,3.141592653589793,0.0,[1205]
1222,58,0.8191588053012873,0.06168571791034627,3.141592653589793,0.0,[1207]
1248,58,0.8411971695450173,0.023077146822935823,3.141592653589793,0.0,[1224]
1261,59,0.8548946009258168,0.029840590782447274,3.141592653589793,0.0,[1222 1248]
1263,59,0.8580246629998811,0.03711520328603224,3.141592653589793,0.0,[1222 1248]
1265,60,0.8634679003870974,0.03324041893722429,3.141592653589793,0.0,[1261 1263]
1271,61,0.8736745289644353,0.038183959878517415,3.141592653589793,0.0,[1265]
1274,62,0.8801698391978929,0.036733926373363146,3.141592653589793,0.0,[1271]
1283,63,0.894614134551933,0.03715826152777724,3.141592653589793,0.0,[1274]
1288,64,0.9107118663713337,0.04727613255007357,3.141592653589793,0.0,[1283]
1293,65,0.92454771120407,0.04223123906470794,3.141592653589793,0.0,[1288]
1302,66,0.9550562819777304,0.02010191723856014,3.141592653589793,0.0,[1293]
1304,67,0.9605489088974218,0.01812078243260551,3.141592653589793,0.0,[1302]
1308,68,0.969794818229032,0.020933909208673662,3.141592653589793,0.0,[1304]
1309,69,0.995406755009715,0.00044618522135264627,3.141592653589793,0.0,[1308]
1310,70,1.0,0.0,3.141592653589793,0.0,[1309]
0,0,0.0,0.0,3.141592653589793,0.0,[]
1,1,0.01483930564999758,0.009355752182018673,0.0,0.0,[0]
2,2,0.034243017773864404,0.026172332570622237,0.0,0.0,[1]
4,3,0.04206160752489441,0.032386814349384174,0.0,0.0,[2]
12,4,0.06346199400393182,0.04331172705359787,0.0,0.0,[4]
28,5,0.11898328905175592,0.07283841261555668,0.0,0.0,[12]
33,6,0.12731276293732285,0.066798796426491,0.0,0.0,[28]
43,7,0.1422183293299124,0.05874792983016508,0.0,0.0,[33]
49,8,0.15374805870027508,0.06624860352370776,0.0,0.0,[43]
54,9,0.1559435420896954,0.06681205654032729,0.0,0.0,[49]
70,10,0.17082199681136045,0.0659368188037065,0.0,0.0,[54]
72,10,0.1751010649275755,0.07098519064343212,0.0,0.0,[54]
79,11,0.1919210939009427,0.08622102033208856,0.0,0.0,[70 72]
134,12,0.238625132292817,0.1110458362309924,0.0,0.0,[79]
149,13,0.25246834698290854,0.10537178167190875,0.0,0.0,[134]
153,14,0.2573510241827933,0.1049146820762139,0.0,0.0,[149]
178,14,0.27145477211607927,0.12221169161207346,0.0,0.0,[149]
166,15,0.26501460408524824,0.10482301719852272,0.0,0.0,[153]
190,15,0.2812944576451186,0.12817895542735713,0.0,0.0,[153 178]
193,16,0.2842448319624594,0.09791774336619641,0.0,0.0,[166]
234,16,0.3108870332103437,0.14294437246862912,0.0,0.0,[166 190]
202,17,0.2911443862349694,0.10456697234815748,0.0,0.0,[193]
238,17,0.31229850457719577,0.14160195742485548,0.0,0.0,[234]
236,18,0.31185746445478013,0.09432065782911636,0.0,0.0,[202]
241,18,0.31400006915482115,0.08387020264564848,0.0,0.0,[202]
244,18,0.31499800318618243,0.14242028523374406,0.0,0.0,[238]
283,19,0.33170731095402006,0.09135670365317028,0.0,0.0,[236 241]
289,19,0.33633338027734316,0.08419095002452859,0.0,0.0,[236 241]
290,19,0.3372829244404192,0.07248695207567146,0.0,0.0,[236 241]
294,19,0.3389897334225612,0.13925716641221808,0.0,0.0,[244]
298,20,0.3412528089232142,0.13875857243265888,0.0,0.0,[294]
313,20,0.3504858882960826,0.06635874971308331,0.0,0.0,[290]
315,20,0.35293360091864756,0.07443284342263701,0.0,0.0,[283 289 290]
336,21,0.3611632903541686,0.12312112723640722,0.0,0.0,[298]
379,21,0.3832045503388234,0.09734712163704651,0.0,0.0,[298 313 315]
390,22,0.38900006501296536,0.1029076276669072,0.0,0.0,[336 379]
398,23,0.3954741960528373,0.104565265710862,0.0,0.0,[390]
419,24,0.4047083392233385,0.10473347565195357,0.0,0.0,[398]
444,25,0.418039484131279,0.10624458855029495,0.0,0.0,[419]
449,26,0.42164538166776433,0.10721690116982985,0.0,0.0,[444]
496,27,0.44736412267167924,0.10317575772302501,0.0,0.0,[449]
509,28,0.45509985630161265,0.09787486639059084,0.0,0.0,[496]
529,29,0.46485694343694905,0.10068267482264603,0.0,0.0,[509]
602,30,0.48713717849371396,0.09126793397239752,0.0,0.0,[529]
637,31,0.49881170950852616,0.08585313250664728,0.0,0.0,[602]
670,32,0.5109855032159419,0.09192686172960884,0.0,0.0,[637]
683,33,0.5142664409846543,0.09484588574692032,0.0,0.0,[670]
776,34,0.5516995727260227,0.12206712170670553,0.0,0.0,[683]
809,35,0.5642872457741225,0.10950276547688964,0.0,0.0,[776]
828,36,0.5690773478733272,0.11168573604447973,0.0,0.0,[809]
833,37,0.5707321365088606,0.1108243558797064,0.0,0.0,[828]
856,38,0.5837142742517012,0.10889000481377864,0.0,0.0,[833]
866,38,0.5855513479916031,0.11305489106033184,0.0,0.0,[833]
871,39,0.5915048773638493,0.1092288134019338,0.0,0.0,[856 866]
876,39,0.5944094091839804,0.10164456127771793,0.0,0.0,[856]
892,40,0.6018103561167145,0.10055389506161216,0.0,0.0,[871 876]
910,40,0.6082353699458801,0.10813717404143275,0.0,0.0,[871 876]
939,41,0.6229182312734408,0.11514755250287922,0.0,0.0,[892 910]
1019,42,0.6549530860239465,0.13676583698625278,0.0,0.0,[939]
1025,43,0.6598479572667365,0.14091048557766572,0.0,0.0,[1019]
1047,44,0.6740021619685213,0.1309684631946335,0.0,0.0,[1025]
1051,45,0.6772333756227413,0.1334706984520374,0.0,0.0,[1047]
1054,45,0.6787202673012026,0.1271472425978244,0.0,0.0,[1047]
1075,46,0.6933269785385231,0.12037986286123492,0.0,0.0,[1051 1054]
1138,47,0.7431949948977707,0.0755686994278183,0.0,0.0,[1075]
1146,48,0.7471165523432653,0.07293060818738772,0.0,0.0,[1138]
1169,49,0.7682588759215432,0.06964293410145483,0.0,0.0,[1146]
1183,50,0.7758099583599208,0.06539673168316706,0.0,0.0,[1169]
1200,51,0.7928534522854307,0.056403187485159045,0.0,0.0,[1183]
1206,52,0.7993682427303624,0.062164272329262804,0.0,0.0,[1200]
1226,53,0.8236843604114834,0.05600887096942775,0.0,0.0,[1206]
1234,54,0.8313228218217079,0.06105827872186209,0.0,0.0,[1226]
1238,55,0.8348261832421743,0.06037086772764766,0.0,0.0,[1234]
1256,56,0.8655583523640575,0.040385137947846705,0.0,0.0,[1238]
1265,57,0.8841613610275435,0.03280534919680311,0.0,0.0,[1256]
1272,58,0.8894788663986335,0.02989166091977835,0.0,0.0,[1265]
1284,59,0.9059228455574284,0.025061534739106883,0.0,0.0,[1272]
1288,60,0.9104082477320841,0.02745643057446867,0.0,0.0,[1284]
1291,61,0.9193584846648979,0.026047289296400544,0.0,0.0,[1288]
1293,61,0.9201669883455065,0.031879332249948655,0.0,0.0,[1288]
1303,62,0.9492483429486984,0.03127725340231957,0.0,0.0,[1291 1293]
1304,63,0.9502997650212666,0.030696072074566483,0.0,0.0,[1303]
1309,64,0.9616991759983364,0.03243144628701389,0.0,0.0,[1304]
1310,65,1.0,0.0,3.141592653589793,0.0,[1309]
0,0,0.0,0.0,3.141592653589793,0.0,[]
1,1,0.008984964131151796,0.0016064650302782812,0.0,0.0,[0]
2,2,0.011713398187650714,7.289008528410523e-05,0.0,0.0,[1]
5,3,0.04829656037808372,0.013357453245114725,3.141592653589793,0.0,[2]
12,3,0.08827200809389046,0.04224860819561105,0.0,0.0,[2]
21,3,0.10096698003215854,0.05932980076674743,0.0,0.0,[2]
10,4,0.08776238803656766,0.014054502660993173,0.0,0.0,[5]
26,4,0.10479829711403854,0.04799647622180814,0.0,0.0,[12]
35,4,0.1201079654575824,0.07538109212457356,0.0,0.0,[21]
22,5,0.10131764106732599,0.024480445801516537,0.0,0.0,[10]
24,5,0.1022510242691621,0.02017909117644634,0.0,0.0,[10]
27,5,0.10587315707646039,0.031081170828321736,0.0,0.0,[10]
38,5,0.12468356949145265,0.07394394338434673,0.0,0.0,[35]
39,5,0.12779599230246963,0.06853306881091037,0.0,0.0,[26 35]
32,6,0.11759883455439857,0.03385116856719683,0.0,0.0,[22 24 27]
46,6,0.13403234702234612,0.07261109566554647,0.0,0.0,[38 39]
41,7,0.12840115790593343,0.02935439086140934,0.0,0.0,[32]
57,7,0.14752300056679046,0.07440868696993652,0.0,0.0,[46]
62,8,0.15417268660255068,0.0782098464471499,0.0,0.0,[57]
72,8,0.1665615286200237,0.05915850552102886,0.0,0.0,[41 57]
84,9,0.1769767263412737,0.0660312845191442,0.0,0.0,[62 72]
92,10,0.1884467890737549,0.06381815806962832,0.0,0.0,[84]
97,11,0.19474145764537398,0.06704753555220988,0.0,0.0,[92]
108,12,0.19984356839263173,0.06885922164912239,0.0,0.0,[97]
137,13,0.2162850145267352,0.07985597343741746,0.0,0.0,[108]
174,14,0.24538110630134768,0.07552667055979212,0.0,0.0,[137]
178,14,0.24766602082024824,0.07989617962624584,0.0,0.0,[137]
194,15,0.25608262746188004,0.08456365797499854,0.0,0.0,[174 178]
196,16,0.2575394173163592,0.08312037015649731,0.0,0.0,[194]
208,17,0.2659965562853178,0.08600056246753396,0.0,0.0,[196]
212,18,0.2698101453655335,0.08692414504618395,0.0,0.0,[208]
216,19,0.2717766516222091,0.08816722682062261,0.0,0.0,[212]
226,20,0.2803232112458144,0.09253478201830978,0.0,0.0,[216]
231,21,0.2849686330056368,0.09484604390424967,0.0,0.0,[226]
249,22,0.29503646475479495,0.09280218595508727,0.0,0.0,[231]
273,23,0.3043886537834636,0.09537353584361963,0.0,0.0,[249]
309,24,0.32812255188691053,0.0735334356794154,0.0,0.0,[273]
326,25,0.3444631305657814,0.0822590051561084,0.0,0.0,[309]
368,26,0.3679533624330954,0.09599877472400953,0.0,0.0,[326]
390,27,0.3809742577782339,0.10710024989541578,0.0,0.0,[368]
415,28,0.3950412819140354,0.11784383497395279,0.0,0.0,[390]
422,29,0.3978653562939979,0.11567309556124317,0.0,0.0,[415]
469,29,0.42242227322888837,0.14201425080462082,0.0,0.0,[415]
449,30,0.41341949851625226,0.11676908924254559,0.0,0.0,[422]
459,30,0.41852732567974993,0.13264677918830547,0.0,0.0,[422]
465,30,0.42017649758173437,0.13782928744024414,0.0,0.0,[422]
471,30,0.42304107267746494,0.09714685905421427,0.0,0.0,[422]
487,30,0.4299991823909318,0.14953069202010505,0.0,0.0,[469]
472,31,0.4234231781930604,0.09735395097637123,0.0,0.0,[471]
477,31,0.4255151401928837,0.11089498932571451,0.0,0.0,[449]
491,31,0.4317363079495107,0.13465139817604876,0.0,0.0,[449 459 465]
492,31,0.43231908737487934,0.13638827313779933,0.0,0.0,[459 465]
513,31,0.4416842558465043,0.1476253692684606,0.0,0.0,[459 465 487]
510,32,0.44008719058071055,0.0979865111696383,0.0,0.0,[472 477]
525,32,0.4454550886103612,0.10600628376871912,0.0,0.0,[472 477]
533,32,0.4505050542254938,0.1398908923048433,0.0,0.0,[491 492 513]
573,32,0.4670341928918157,0.1627420541116973,0.0,0.0,[491 492 513]
541,33,0.4536096637583824,0.11184129602084969,0.0,0.0,[525]
548,33,0.457384577304334,0.08645880313539422,0.0,0.0,[510]
579,33,0.47007711548539,0.1318245088745823,0.0,0.0,[533]
602,33,0.47991504461924694,0.1511536874959708,0.0,0.0,[533 573]
563,34,0.4617713561158153,0.10565188306927253,0.0,0.0,[541]
576,34,0.46957167331535754,0.11621473884996636,0.0,0.0,[541]
606,34,0.4818398304468645,0.1507549843656858,0.0,0.0,[602]
608,34,0.4838299761081454,0.14148545942728763,0.0,0.0,[541 579]
635,34,0.49216411504273405,0.05454053365090317,0.0,0.0,[548]
686,34,0.5103802374705652,0.03544214052325034,0.0,0.0,[548]
643,35,0.4954215360646206,0.1388239318475023,0.0,0.0,[563 576 606 608]
650,35,0.4984016222827964,0.04831168540113906,0.0,0.0,[635]
695,35,0.5137256998176676,0.03217305136653992,0.0,0.0,[686]
660,36,0.5002421887550609,0.13497281460958366,0.0,0.0,[643]
682,36,0.5095041938885897,0.052325643373330566,0.0,0.0,[650]
700,36,0.5151873728900815,0.15726319444526915,0.0,0.0,[643]
703,36,0.5157986809805133,0.032481130160003424,0.0,0.0,[650 695]
706,37,0.5165643831227474,0.047919072232809445,0.0,0.0,[682]
744,37,0.5345542136976207,0.16354741710588172,0.0,0.0,[660 700]
762,37,0.537603404011083,0.018495527186028204,0.0,0.0,[703]
765,38,0.5388599967782063,0.16472408217168077,0.0,0.0,[744]
772,38,0.5426795107684267,0.022288132539084127,0.0,0.0,[706 762]
784,39,0.550086619870742,0.17586719338916945,0.0,0.0,[765]
802,39,0.5564717918098644,0.03299743677504996,0.0,0.0,[772]
787,40,0.5510982124920818,0.1754928236396026,0.0,0.0,[784]
817,40,0.5630543076969097,0.026481492024731823,0.0,0.0,[802]
834,41,0.5719163875398553,0.15472258130409522,0.0,0.0,[787]
849,41,0.5757287739794977,0.017334659297725707,0.0,0.0,[817]
879,42,0.5847305536326692,0.1480224552893823,0.0,0.0,[834]
897,42,0.5924048401776415,0.005747586004963723,0.0,0.0,[849]
941,43,0.6184776287579424,0.008646600916397795,3.141592653589793,0.0,[897]
966,43,0.6309830744920664,0.10624411327122074,0.0,0.0,[879]
973,44,0.6373448879091269,0.10178477070842384,0.0,0.0,[966]
976,44,0.639228656700666,0.015798206226494416,3.141592653589793,0.0,[941]
1000,44,0.6540801539811649,0.03899568470047943,3.141592653589793,0.0,[941]
994,45,0.6503112356358112,0.10924299071610699,0.0,0.0,[973]
1034,45,0.673857069915797,0.0403744369341813,3.141592653589793,0.0,[ 976 1000]
1019,46,0.6630941968036149,0.10300868375378547,0.0,0.0,[994]
1022,46,0.6644497345790515,0.11043932695240288,0.0,0.0,[994]
1046,46,0.6832440070256144,0.046705748166338545,3.141592653589793,0.0,[1034]
1044,47,0.6813761195117718,0.11824626115372783,0.0,0.0,[1019 1022]
1049,47,0.6853949658935039,0.09232325618818626,0.0,0.0,[1019 1022]
1051,47,0.6859908729663562,0.04863611143443536,3.141592653589793,0.0,[1046]
1052,47,0.6862659012903034,0.10658281278752346,0.0,0.0,[1019 1022]
1062,47,0.6893193670850953,0.10339409784109632,0.0,0.0,[1019 1022]
1065,47,0.6912250301302301,0.08234402728883206,0.0,0.0,[1019]
1055,48,0.6874111176580969,0.049249938180829345,3.141592653589793,0.0,[1051]
1056,48,0.687482118241262,0.048532217604172256,3.141592653589793,0.0,[1051]
1070,48,0.694262423527176,0.10065673906443795,0.0,0.0,[1049 1052 1062]
1075,48,0.6956805112785477,0.10831798048491326,0.0,0.0,[1044 1052 1062]
1080,48,0.6966036834007768,0.1064154671996862,0.0,0.0,[1044 1052 1062]
1102,48,0.7130521164681857,0.08011575620951716,0.0,0.0,[1049 1052 1062 1065]
1094,49,0.7059995581902953,0.0644915943486476,3.141592653589793,0.0,[1055 1056]
1118,49,0.7248708971024909,0.08782471636903888,0.0,0.0,[1070 1075 1080 1102]
1113,50,0.7196631002697524,0.06061020691219787,3.141592653589793,0.0,[1094]
1130,50,0.7345401239818183,0.04549688284402753,3.141592653589793,0.0,[1094]
1139,50,0.744108798270448,0.09225730439781943,0.0,0.0,[1118]
1132,51,0.7346279500491433,0.0637653944649651,3.141592653589793,0.0,[1113]
1140,51,0.7442689542471977,0.03938659325011673,3.141592653589793,0.0,[1113 1130]
1160,51,0.7559336488867159,0.0974626957233814,0.0,0.0,[1139]
1152,52,0.7507810399703734,0.0579648313381429,3.141592653589793,0.0,[1132]
1166,52,0.7582272901796633,0.044183192916911196,3.141592653589793,0.0,[1132 1140]
1171,52,0.7659307072634512,0.09957450275901825,0.0,0.0,[1160]
1172,53,0.7659835207417288,0.059097627143472,3.141592653589793,0.0,[1152]
1183,53,0.7738240817857462,0.048572862375435344,3.141592653589793,0.0,[1152 1166]
1195,53,0.780512545056681,0.04072065911689993,3.141592653589793,0.0,[1152 1166]
1196,53,0.7808519391507988,0.1032435826624849,0.0,0.0,[1171]
1181,54,0.7689301540628465,0.05656466283689654,3.141592653589793,0.0,[1172]
1199,54,0.7896863078353143,0.035202834974698116,3.141592653589793,0.0,[1183 1195]
1209,54,0.7952501966392725,0.02959636757617068,3.141592653589793,0.0,[1183 1195]
1212,54,0.7970196168368566,0.11621016741066459,0.0,0.0,[1196]
1211,55,0.7965386448563684,0.03085102542479523,3.141592653589793,0.0,[1181 1199 1209]
1216,55,0.80679485119515,0.11053206855928055,0.0,0.0,[1212]
1228,55,0.8148555555579404,0.07091275701392785,3.141592653589793,0.0,[1181]
1225,56,0.8136270454150014,0.1048525262210247,0.0,0.0,[1216]
1230,56,0.8153909544202445,0.049637367346868744,3.141592653589793,0.0,[1211]
1244,56,0.8314279571336558,0.07256841043793849,3.141592653589793,0.0,[1228]
1247,57,0.8329745099961909,0.09055171482134905,0.0,0.0,[1225]
1249,57,0.835987946326758,0.053625208255583035,3.141592653589793,0.0,[1230]
1258,57,0.8466197997921648,0.06775124619814732,3.141592653589793,0.0,[1230 1244]
1255,58,0.8435346080157785,0.09313238699913773,0.0,0.0,[1247]
1262,58,0.8530852155191765,0.06480114658070857,3.141592653589793,0.0,[1249 1258]
1269,58,0.8621567828298505,0.030942060835395746,3.141592653589793,0.0,[1249]
1267,59,0.8582568653291364,0.05977616988311241,3.141592653589793,0.0,[1262]
1273,59,0.8708010252073007,0.07133937863241635,0.0,0.0,[1255]
1274,59,0.8717944590122841,0.026701682171803687,3.141592653589793,0.0,[1269]
1279,59,0.8763196891103762,0.08216278072580785,0.0,0.0,[1255]
1271,60,0.8634986835618723,0.06343570706988122,3.141592653589793,0.0,[1267]
1281,60,0.8891825663297479,0.0184100086139809,3.141592653589793,0.0,[1274]
1283,60,0.8943215917008122,0.07300773110745806,0.0,0.0,[1273 1279]
1282,61,0.8913509733068099,0.08462902208258283,3.141592653589793,0.0,[1271]
1284,61,0.8949583265483662,0.05963824708538212,3.141592653589793,0.0,[1271]
1285,61,0.896872087634489,0.022774008015588376,3.141592653589793,0.0,[1281]
1286,61,0.8986285045426098,0.04524050349333575,3.141592653589793,0.0,[1271]
1291,61,0.9097518031429684,0.06206046581621916,0.0,0.0,[1283]
1294,62,0.9160866939647931,0.039865379111493016,3.141592653589793,0.0,[1284 1285 1286]
1295,62,0.9162107272915037,0.06546605539352313,3.141592653589793,0.0,[1282 1284]
1296,62,0.9175607560491001,0.0662255920011775,0.0,0.0,[1291]
1297,63,0.9207171713271606,0.06563358202301461,0.0,0.0,[1296]
1302,63,0.9359879644437962,0.04983580249477171,3.141592653589793,0.0,[1294 1295]
1300,64,0.9297254634674444,0.06343176751366897,0.0,0.0,[1297]
1303,64,0.9410245707069722,0.047441958073395685,0.0,0.0,[1297]
1305,64,0.9527718274940795,0.04301679240336154,3.141592653589793,0.0,[1302]
1307,64,0.9597702101145514,0.034379932217872056,3.141592653589793,0.0,[1302]
1310,65,1.0,0.0,3.141592653589793,0.0,[1300 1303 1305 1307]
0,0,0.0,0.0,3.141592653589793,0.0,[]
1,1,0.028738112113474212,0.023800540130685,0.0,0.0,[0]
2,1,0.03133354644199138,0.0032533492253565832,3.141592653589793,0.0,[0]
3,2,0.036530962812740264,0.026527091028465954,0.0,0.0,[1]
4,2,0.04126133887897654,0.013828025322265125,0.0,0.0,[1]
6,2,0.06093151054295676,0.026111849000511778,3.141592653589793,0.0,[2]
8,3,0.06247680284488766,0.025893579514608578,3.141592653589793,0.0,[6]
11,3,0.06761425576297753,0.012094176909558052,3.141592653589793,0.0,[4]
20,3,0.08146838222095143,0.05052012276384599,0.0,0.0,[3 4]
13,4,0.07159678096935662,0.010728748955105116,3.141592653589793,0.0,[11]
15,4,0.07291642265061771,0.018100731871796283,3.141592653589793,0.0,[8]
16,4,0.0743055455197813,0.01446368170928336,3.141592653589793,0.0,[ 8 11]
21,4,0.0840355796861465,0.05191340377840015,0.0,0.0,[20]
19,5,0.08019886372593321,0.014658412219072048,3.141592653589793,0.0,[13 15 16]
24,5,0.0907458659238719,0.003041842611665735,3.141592653589793,0.0,[13 15 16]
25,5,0.09486163457494401,0.05432829055503552,0.0,0.0,[21]
26,6,0.09596529814962307,0.0049200953573145245,3.141592653589793,0.0,[19 24]
42,6,0.11345745881496294,0.05977044518024055,0.0,0.0,[25]
37,7,0.11143317332778868,0.0020116975653210467,0.0,0.0,[26]
53,7,0.13285291833364277,0.07753035870539049,0.0,0.0,[42]
48,8,0.1260577890664797,0.005384341142964932,3.141592653589793,0.0,[37]
57,8,0.14285792753048132,0.07101257603091138,0.0,0.0,[53]
60,8,0.14470429618449054,0.07534980766639343,0.0,0.0,[53]
64,9,0.15213402374566043,0.004323256198668135,0.0,0.0,[48]
68,9,0.15686678698492584,0.025235272496519134,0.0,0.0,[48]
78,9,0.1706595642239508,0.05999181552100419,0.0,0.0,[57 60]
74,10,0.16600420348836264,0.016160603227855397,0.0,0.0,[64 68]
88,10,0.18148770198210595,0.07016605478787441,0.0,0.0,[78]
94,11,0.18454941182358442,0.008209459858713686,0.0,0.0,[74]
98,11,0.18741751735241485,0.02008286551055527,0.0,0.0,[74]
99,11,0.18764323323117071,0.011650097927193626,0.0,0.0,[74]
102,11,0.19166872076053465,0.06645505819053388,0.0,0.0,[88]
110,12,0.20255318883059203,0.05673643785837723,0.0,0.0,[102]
113,12,0.20491743517336958,0.005747971831568499,0.0,0.0,[94 98 99]
112,13,0.20477695451231182,0.05769666361009207,0.0,0.0,[110]
127,13,0.21562328789050889,0.044535203733908624,0.0,0.0,[110]
137,13,0.22261160863266194,0.005019662796162727,3.141592653589793,0.0,[113]
139,13,0.2251573210804524,0.025401918914184862,0.0,0.0,[113]
140,14,0.22564072978171368,0.042357075063091276,0.0,0.0,[112 127]
142,14,0.2284222131918866,0.006569020080339327,3.141592653589793,0.0,[137]
157,14,0.23911066384097435,0.00948461878014173,0.0,0.0,[137]
164,14,0.24317642503618997,0.02003968070243589,0.0,0.0,[112 127 139]
170,15,0.246419040907081,0.00476289848754452,0.0,0.0,[142 157]
182,15,0.25806633672818025,0.02278363833580488,0.0,0.0,[140 142 157 164]
202,16,0.2666811396096084,0.01919865100368523,0.0,0.0,[170 182]
205,17,0.26802750841896583,0.018251893736188074,0.0,0.0,[202]
224,18,0.28512061811092604,0.008876213347665085,0.0,0.0,[205]
225,18,0.28578037168122095,0.025420355295682984,0.0,0.0,[205]
245,19,0.2996017140296391,0.018310788402026268,0.0,0.0,[224 225]
262,20,0.31180075189417855,0.026973232704260774,0.0,0.0,[245]
271,21,0.3152482774819969,0.027424987167706916,0.0,0.0,[262]
283,22,0.32424313735497146,0.03255005561757229,0.0,0.0,[271]
286,22,0.32488350521688003,0.022118367568788266,0.0,0.0,[271]
290,22,0.3268585321897488,0.018425519214201325,0.0,0.0,[271]
294,22,0.32859016432599797,0.01463025950028729,0.0,0.0,[271]
311,23,0.3393558207125228,0.019775070046164966,0.0,0.0,[283 286 290 294]
336,24,0.352668138075113,0.02647350031632556,0.0,0.0,[311]
352,24,0.36281689728273825,0.009843014918144877,0.0,0.0,[311]
354,24,0.3633958866907714,0.007098746046290683,0.0,0.0,[311]
364,24,0.3698806336290652,0.001629577906294033,3.141592653589793,0.0,[311]
372,25,0.3753174216030537,0.003476302710319734,3.141592653589793,0.0,[354 364]
390,25,0.3826538457750932,0.00415020018089729,0.0,0.0,[336 352 354 364]
387,26,0.38188934844460276,0.009173585899274084,3.141592653589793,0.0,[372]
424,26,0.398746336022222,0.010460446117305233,0.0,0.0,[372 390]
426,26,0.39954749903557485,0.009638980253005913,0.0,0.0,[372 390]
415,27,0.39508271894994185,0.00538546513093463,3.141592653589793,0.0,[387]
432,27,0.4036061207736966,0.013274341816039259,0.0,0.0,[424 426]
444,28,0.4107005277976383,0.009073593140955682,0.0,0.0,[415 432]
462,29,0.42478480858531875,0.012336965038126313,0.0,0.0,[444]
467,30,0.4281514573854892,0.01227543733025227,0.0,0.0,[462]
490,31,0.4386774919784039,0.022185381806774207,0.0,0.0,[467]
512,31,0.44932971041554304,0.004012983129417225,3.141592653589793,0.0,[467]
523,31,0.4517843885447792,0.0027874269594007073,0.0,0.0,[467]
532,31,0.4562168921309616,0.012152313264100267,3.141592653589793,0.0,[467]
513,32,0.4493459690086725,0.023102736578248795,0.0,0.0,[490]
514,32,0.4494459641304692,0.028461462857684028,0.0,0.0,[490]
579,32,0.47779713668839996,0.02149171124938354,3.141592653589793,0.0,[512 523 532]
565,33,0.4733922519048235,0.04708191576847265,0.0,0.0,[513 514]
633,33,0.4961731378299412,0.037340068449963626,3.141592653589793,0.0,[579]
621,34,0.49247786010614913,0.065924848457517,0.0,0.0,[565]
625,34,0.4934140433702826,0.049564536642211277,0.0,0.0,[565]
634,34,0.49658538436290645,0.057688450292380344,0.0,0.0,[565]
657,34,0.5041062167138236,0.04375222571773263,3.141592653589793,0.0,[633]
685,35,0.5148477931290985,0.07065096036631091,0.0,0.0,[621 625 634]
701,35,0.5239487955852717,0.05181905773461326,3.141592653589793,0.0,[657]
696,36,0.5206208728237229,0.06930903834795565,0.0,0.0,[685]
720,36,0.5320123016808049,0.047136413677712485,3.141592653589793,0.0,[701]
749,37,0.543537470028782,0.0702493908219185,0.0,0.0,[696]
753,37,0.546101328624025,0.05220478057951616,3.141592653589793,0.0,[720]
768,38,0.5522395057014086,0.046529592138078835,3.141592653589793,0.0,[753]
769,38,0.5532339787759849,0.04984277124068692,3.141592653589793,0.0,[753]
808,38,0.5678051823227962,0.05103208543845894,0.0,0.0,[749]
815,38,0.5695055202591925,0.07179521846737835,3.141592653589793,0.0,[753]
820,39,0.5733442505610474,0.06732395839871763,3.141592653589793,0.0,[768 769]
824,39,0.5748866153319862,0.061492567571832746,3.141592653589793,0.0,[768 769]
830,39,0.5789831733880905,0.0757090098219263,3.141592653589793,0.0,[815]
861,39,0.5973672046516699,0.022415464686081132,0.0,0.0,[808]
873,39,0.6024662037982349,0.060161516888568634,0.0,0.0,[808]
863,40,0.5990988162997252,0.04312156208207785,3.141592653589793,0.0,[820 824]
874,40,0.6024929759436799,0.04934017641325095,3.141592653589793,0.0,[820 824]
876,40,0.6032813329269601,0.06039215266539544,0.0,0.0,[873]
877,40,0.6042264273369495,0.05934715215024389,3.141592653589793,0.0,[820 824 830]
901,40,0.612029412866435,0.023623546918947746,0.0,0.0,[861]
916,41,0.6219276216520965,0.033072986698295725,0.0,0.0,[901]
917,41,0.6220830265428098,0.05317392441249047,0.0,0.0,[876]
919,41,0.6222413079458459,0.04850197020408287,3.141592653589793,0.0,[863 874 877]
949,42,0.6380820598742372,0.055217775587461215,3.141592653589793,0.0,[919]
957,42,0.6421788178082729,0.0428195763243594,0.0,0.0,[916 917]
988,43,0.6578628105832793,0.05353522684982315,3.141592653589793,0.0,[949]
993,43,0.6585881736537216,0.04384761696834183,3.141592653589793,0.0,[949]
994,43,0.6593516874148146,0.04675219082984916,3.141592653589793,0.0,[949]
1007,43,0.6656162906230014,0.03903560693281394,0.0,0.0,[957]
1014,44,0.6700257492903295,0.03261462133206139,3.141592653589793,0.0,[993]
1017,44,0.6713631336341516,0.04436770487986674,3.141592653589793,0.0,[988 993 994]
1018,44,0.6714784763067484,0.043062638772765505,3.141592653589793,0.0,[988 993 994]
1025,44,0.6785809856063931,0.034307051606772165,0.0,0.0,[1007]
1030,44,0.6824601248723552,0.060616489596941436,3.141592653589793,0.0,[988 993 994]
1033,45,0.6847134125314484,0.06108957997097697,3.141592653589793,0.0,[1030]
1038,45,0.6871630114064659,0.028986739462512623,3.141592653589793,0.0,[1014 1017 1018]
1043,45,0.6875985302478123,0.026498325062727313,0.0,0.0,[1025]
1046,46,0.6922035627999538,0.02801703407260392,3.141592653589793,0.0,[1038]
1053,46,0.6934573577951157,0.03171691706425417,0.0,0.0,[1043]
1085,46,0.7164856334398871,0.05493534510143039,3.141592653589793,0.0,[1033 1038]
1072,47,0.7059743187188887,0.03062596843152221,3.141592653589793,0.0,[1046]
1075,47,0.7084224154053493,0.03519642210261853,3.141592653589793,0.0,[1046]
1078,47,0.7110442433757496,0.02821820472421177,0.0,0.0,[1053]
1079,47,0.7116991034783674,0.021659796651221086,0.0,0.0,[1053]
1091,47,0.7185982308214501,0.05499090468884649,3.141592653589793,0.0,[1085]
1094,47,0.7211465531100566,0.007554439191282736,3.141592653589793,0.0,[1046]
1096,47,0.7216476431665245,0.010834192130783182,3.141592653589793,0.0,[1046]
1083,48,0.7149053558270858,0.03190950572355933,0.0,0.0,[1078]
1089,48,0.7177836006723164,0.03905199041589724,3.141592653589793,0.0,[1072 1075]
1090,48,0.7183589561950474,0.027782561762005775,0.0,0.0,[1078 1079]
1095,48,0.7215650461110071,0.053231767453666756,3.141592653589793,0.0,[1091]
1100,48,0.7239575260683808,0.04911367575063119,3.141592653589793,0.0,[1075]
1109,48,0.7325665346088468,0.0021247723384654194,3.141592653589793,0.0,[1094 1096]
1108,49,0.7325336018258916,0.026392231174554692,0.0,0.0,[1083 1090]
1129,49,0.7427493210634537,0.028106077533889495,3.141592653589793,0.0,[1089]
1134,49,0.7464121615420634,0.010953781480822267,0.0,0.0,[1083 1090 1109]
1137,49,0.750735102227288,0.03667979004157351,3.141592653589793,0.0,[1089 1095 1100]
1148,50,0.7592846918243107,0.037141203151062396,3.141592653589793,0.0,[1129 1137]
1150,50,0.7614482834041469,0.024190795557420874,0.0,0.0,[1108 1134]
1157,51,0.7678694011235565,0.04234369609362998,3.141592653589793,0.0,[1148]
1178,51,0.7867223407486525,0.010194261303988816,0.0,0.0,[1150]
1184,52,0.7939938928038743,0.00678826483154793,0.0,0.0,[1178]
1192,52,0.7990202911734059,0.00031065826737519675,3.141592653589793,0.0,[1178]
1204,52,0.8079404812911548,0.013778560522379024,3.141592653589793,0.0,[1157]
1208,53,0.8106133861216474,0.01466318133177058,3.141592653589793,0.0,[1204]
1216,53,0.8160103884039291,0.0016689001740524123,3.141592653589793,0.0,[1184 1192]
1223,54,0.8251762454382103,0.015833824527554885,3.141592653589793,0.0,[1208]
1224,54,0.8274741973490546,0.0028109873862265378,0.0,0.0,[1216]
1236,55,0.8415272616012168,0.007843295306669718,3.141592653589793,0.0,[1223 1224]
1237,55,0.8419807361518571,0.005689057154166677,0.0,0.0,[1224]
1238,55,0.8426299970823301,0.019260645349700622,3.141592653589793,0.0,[1223]
1250,56,0.850575561929048,0.002089187750200283,3.141592653589793,0.0,[1236 1237]
1252,56,0.8522082241426402,0.016767529042310936,3.141592653589793,0.0,[1236 1238]
1254,56,0.8550402623957196,0.00984219541432163,3.141592653589793,0.0,[1236 1238]
1259,57,0.861091046792289,0.008847045781708807,3.141592653589793,0.0,[1250 1252 1254]
1270,58,0.8771327054267986,0.007106234450746762,3.141592653589793,0.0,[1259]
1271,59,0.8864386728040254,0.0017935943145976907,3.141592653589793,0.0,[1270]
1282,59,0.8935031734833069,0.012079216419082939,3.141592653589793,0.0,[1270]
1280,60,0.8931266492310289,0.0029219696208538926,0.0,0.0,[1271]
1286,60,0.896763218448326,0.011326895828262296,3.141592653589793,0.0,[1271 1282]
1292,61,0.908042151584618,0.0046137850108176615,3.141592653589793,0.0,[1280 1286]
1294,61,0.9173676046934608,0.020289314787434898,3.141592653589793,0.0,[1280 1286]
1296,62,0.9302382779025824,0.023021952649519672,3.141592653589793,0.0,[1292 1294]
1300,62,0.9467137016112355,0.0007323129896987801,0.0,0.0,[1292 1294]
1299,63,0.9453069166431303,0.011839158132757044,3.141592653589793,0.0,[1296]
1303,63,0.958518470428518,0.011658677950350804,0.0,0.0,[1300]
1301,64,0.9521435446825479,0.014187805113358376,3.141592653589793,0.0,[1299]
1306,64,0.9666474049303537,0.013842613125062964,0.0,0.0,[1303]
1305,65,0.9655934418718513,0.016421481836950136,3.141592653589793,0.0,[1301]
1307,65,0.9741883378840737,0.007226120067953756,0.0,0.0,[1301 1306]
1308,66,0.9744034954153119,0.015024672398096572,3.141592653589793,0.0,[1305]
1309,66,0.9797137162926888,0.004420704337176673,0.0,0.0,[1307]
1310,67,1.0,0.0,3.141592653589793,0.0,[1308 1309]
0,0,0.0,0.0,3.141592653589793,0.0,[]
1,1,0.01791246915751399,0.011082376063631383,3.141592653589793,0.0,[0]
3,2,0.03128363667387846,0.01165268457955937,3.141592653589793,0.0,[1]
4,2,0.0330783649052353,0.02209026273419301,3.141592653589793,0.0,[1]
8,3,0.054521589168788576,0.013658131111673688,3.141592653589793,0.0,[3 4]
10,4,0.07007648993453308,0.004912242002542255,3.141592653589793,0.0,[8]
19,5,0.088085454688968,0.008814860804642999,0.0,0.0,[10]
21,6,0.09393451414285736,0.010680564686984861,0.0,0.0,[19]
24,6,0.09646144716355942,0.007976229230839071,0.0,0.0,[19]
25,7,0.10061204840427385,0.007426261863079819,0.0,0.0,[21 24]
30,8,0.11272391691488981,0.0032044757877223162,0.0,0.0,[25]
36,9,0.1182602495696673,0.000844628031703043,0.0,0.0,[30]
49,10,0.13577119874079757,0.011380158271650398,3.141592653589793,0.0,[36]
53,11,0.1406643915611988,0.012882658328875807,3.141592653589793,0.0,[49]
78,12,0.16542269868075654,0.013973944332147936,3.141592653589793,0.0,[53]
99,13,0.1900122843353823,0.022355485438566802,3.141592653589793,0.0,[78]
108,14,0.19564053474909726,0.026469288476672514,3.141592653589793,0.0,[99]
120,15,0.21178606672602984,0.019265816343638664,3.141592653589793,0.0,[108]
133,15,0.22079136613875794,0.04018627306252576,3.141592653589793,0.0,[108]
148,15,0.23312153270807845,0.056159878608744274,3.141592653589793,0.0,[108]
143,16,0.22842576391826208,0.046010855419244434,3.141592653589793,0.0,[133]
151,16,0.23459090017643658,0.03956520906498118,3.141592653589793,0.0,[120 133]
154,16,0.2395331856606071,0.06194789729662964,3.141592653589793,0.0,[148]
163,17,0.2468714540658249,0.057648606986366646,3.141592653589793,0.0,[143 154]
170,17,0.2525870844413527,0.049948576206636175,3.141592653589793,0.0,[143 151 154]
216,17,0.2802051410950921,0.09275968192377082,3.141592653589793,0.0,[143 154]
181,18,0.2590133957099332,0.05169426952765521,3.141592653589793,0.0,[163 170]
196,18,0.26518451776694185,0.058289450703119416,3.141592653589793,0.0,[163 170]
229,18,0.28587544306587465,0.09776652912171957,3.141592653589793,0.0,[216]
207,19,0.27524290947008445,0.056554992560650996,3.141592653589793,0.0,[181 196]
211,19,0.2792033885214096,0.06861851188665113,3.141592653589793,0.0,[181 196]
226,19,0.2847448197118272,0.03584309811980124,3.141592653589793,0.0,[181]
234,19,0.288018392965416,0.09876762970292108,3.141592653589793,0.0,[229]
236,20,0.2892929045258943,0.059799387664201675,3.141592653589793,0.0,[207 211]
250,20,0.2968221136943682,0.043415994728636886,3.141592653589793,0.0,[207 226]
267,20,0.3074446643171903,0.08862640925059184,3.141592653589793,0.0,[207 211 234]
257,21,0.3017486815027556,0.04693501131124822,3.141592653589793,0.0,[250]
289,21,0.31827898900812845,0.0806814407527433,3.141592653589793,0.0,[236 267]
282,22,0.316163009165368,0.040198527208528345,3.141592653589793,0.0,[257]
319,22,0.33740675452699176,0.07270680643200256,3.141592653589793,0.0,[257 289]
366,23,0.36222746143375595,0.08981537407878704,3.141592653589793,0.0,[319]
371,23,0.36494609451215776,0.08698274889944202,3.141592653589793,0.0,[282 319]
392,24,0.37341524907556867,0.09363742436807865,3.141592653589793,0.0,[366 371]
404,25,0.3810228138249253,0.09274405088813664,3.141592653589793,0.0,[392]
413,26,0.3860179206264107,0.09305219674056298,3.141592653589793,0.0,[404]
436,27,0.4007339569201933,0.10750371333897968,3.141592653589793,0.0,[413]
438,27,0.40138505321507956,0.10680780238527054,3.141592653589793,0.0,[413]
454,28,0.4100690369663018,0.10056198306379627,3.141592653589793,0.0,[436 438]
498,29,0.4319599428283848,0.11416599363212776,3.141592653589793,0.0,[454]
529,30,0.4457094992210108,0.11668461824015908,3.141592653589793,0.0,[498]
533,30,0.4462281078505901,0.12151791681244672,3.141592653589793,0.0,[498]
549,31,0.4541988477371296,0.1195592713053818,3.141592653589793,0.0,[529 533]
571,32,0.4602098692988259,0.12406289790037173,3.141592653589793,0.0,[549]
597,33,0.4695349263089893,0.13154944189486362,3.141592653589793,0.0,[571]
601,34,0.4718393605040442,0.13294324981437322,3.141592653589793,0.0,[597]
623,34,0.48173394730031804,0.12103137670667341,3.141592653589793,0.0,[597]
731,35,0.5265826476677747,0.10886162782259012,3.141592653589793,0.0,[601 623]
735,35,0.5273726361999711,0.11701533974094935,3.141592653589793,0.0,[601 623]
739,35,0.5295288835319285,0.12690338197857987,3.141592653589793,0.0,[601 623]
743,35,0.5299541453968085,0.11992824920962109,3.141592653589793,0.0,[601 623]
762,36,0.5386482739951745,0.1186370702687003,3.141592653589793,0.0,[731 735 739 743]
772,36,0.5424238488587055,0.0961159554959411,3.141592653589793,0.0,[731]
801,37,0.5610610628925756,0.10969339496392949,3.141592653589793,0.0,[762 772]
820,38,0.5690293753410302,0.11107104709989268,3.141592653589793,0.0,[801]
825,39,0.5707494179660166,0.11211041941281452,3.141592653589793,0.0,[820]
839,40,0.5755214860795621,0.1088956232923528,3.141592653589793,0.0,[825]
857,41,0.5856252540107422,0.11299081368634911,3.141592653589793,0.0,[839]
885,41,0.5992986062229203,0.08553027263648738,3.141592653589793,0.0,[839]
875,42,0.5938748443149066,0.11570264891464643,3.141592653589793,0.0,[857]
939,42,0.6229262405926332,0.06641265881122826,3.141592653589793,0.0,[885]
888,43,0.600147668981193,0.11630889092742391,3.141592653589793,0.0,[875]
965,43,0.6344246493941699,0.07186121673036905,3.141592653589793,0.0,[939]
914,44,0.6102718726967863,0.12360013332754616,3.141592653589793,0.0,[888]
986,44,0.6442143520709266,0.06898002274567261,3.141592653589793,0.0,[965]
948,45,0.6281466587989226,0.13108206295922653,3.141592653589793,0.0,[914]
995,45,0.6482214679174276,0.06779662416219645,3.141592653589793,0.0,[986]
1003,45,0.653113628266627,0.10525315525609025,3.141592653589793,0.0,[914]
998,46,0.6511762675221083,0.06490480142842903,3.141592653589793,0.0,[995]
1027,46,0.6656412849807217,0.1527368924426723,3.141592653589793,0.0,[948]
1038,46,0.6746969455565227,0.10253293459827073,3.141592653589793,0.0,[ 948 1003]
1040,46,0.6755458547512071,0.11704372884161418,3.141592653589793,0.0,[ 948 1003]
1044,46,0.6759582195272261,0.13837655389376957,3.141592653589793,0.0,[948]
1057,47,0.6819021314901482,0.04366712686399665,3.141592653589793,0.0,[998]
1059,47,0.6843058395818796,0.1050620323359095,3.141592653589793,0.0,[1038]
1060,47,0.6843788297691037,0.1061287034915781,3.141592653589793,0.0,[1038]
1068,47,0.6869749867180525,0.14214320691725169,3.141592653589793,0.0,[1027 1044]
1069,47,0.6884636821882444,0.12965951481877647,3.141592653589793,0.0,[1040 1044]
1080,48,0.6989320872225477,0.03608648956113092,3.141592653589793,0.0,[1057]
1089,48,0.7063108427106933,0.1384116471872502,3.141592653589793,0.0,[1068 1069]
1100,48,0.7139390580730184,0.1300773974435886,3.141592653589793,0.0,[1059 1060 1068 1069]
1094,49,0.7096006690663352,0.035883343208956586,3.141592653589793,0.0,[1080]
1097,49,0.7123197224770561,0.045944429141420384,3.141592653589793,0.0,[1080]
1107,49,0.7175025484217556,0.13089117180380205,3.141592653589793,0.0,[1089 1100]
1117,49,0.728165088836099,0.11849091972225578,3.141592653589793,0.0,[1089 1100]
1120,50,0.7297693579502518,0.03989115843600444,3.141592653589793,0.0,[1094 1097]
1124,50,0.7344906564411172,0.12440441793295554,3.141592653589793,0.0,[1107 1117]
1134,50,0.739964787580722,0.0172078502735995,3.141592653589793,0.0,[1094]
1129,51,0.7377481026494075,0.12700339069310174,3.141592653589793,0.0,[1124]
1143,51,0.7502135326942482,0.01477399971002813,3.141592653589793,0.0,[1134]
1149,51,0.7561905495615011,0.03348608423031496,3.141592653589793,0.0,[1120]
1150,52,0.757813310600189,0.033513875436146146,3.141592653589793,0.0,[1149]
1151,52,0.7586901281500661,0.020192688284544236,3.141592653589793,0.0,[1143]
1160,52,0.766173033147969,0.1374540250911913,3.141592653589793,0.0,[1129]
1161,53,0.7683561780818317,0.13823609076948473,3.141592653589793,0.0,[1160]
1179,53,0.7825306814554452,0.005644754423411835,3.141592653589793,0.0,[1151]
1183,53,0.784143994179571,0.015532953653025094,3.141592653589793,0.0,[1150 1151]
1180,54,0.7830849126497126,0.1389163236955766,3.141592653589793,0.0,[1161]
1203,54,0.8001400873145972,0.007187970635294305,3.141592653589793,0.0,[1179 1183]
1187,55,0.7870839282028314,0.14173868972269477,3.141592653589793,0.0,[1180]
1220,55,0.811000870870873,0.0036887783230828974,3.141592653589793,0.0,[1203]
1223,55,0.8122561614339902,0.0007209809576598225,0.0,0.0,[1203]
1205,56,0.8011382007793352,0.14684771665362994,3.141592653589793,0.0,[1187]
1226,56,0.8164484890860453,0.001818876428064664,0.0,0.0,[1223]
1233,56,0.8224044336878759,0.006667757109146799,3.141592653589793,0.0,[1220 1223]
1227,57,0.8166766041207887,0.13368101923773645,3.141592653589793,0.0,[1205]
1252,57,0.8457128918551815,0.019033148314982595,3.141592653589793,0.0,[1226 1233]
1253,57,0.8464437194182934,0.0007754169733945604,3.141592653589793,0.0,[1226 1233]
1255,57,0.8475616665507167,0.006872897849011128,0.0,0.0,[1226 1233]
1239,58,0.8295678230733738,0.12231746770979879,3.141592653589793,0.0,[1227]
1271,58,0.8699806938156187,0.014525868265070407,3.141592653589793,0.0,[1252 1253 1255]
1247,59,0.8396347612412519,0.1193684009047703,3.141592653589793,0.0,[1239]
1276,59,0.8788134411135732,0.020908465989585623,3.141592653589793,0.0,[1271]
1270,60,0.8698210765866968,0.09909787711530782,3.141592653589793,0.0,[1247]
1282,60,0.8877480980351864,0.020516410788200212,3.141592653589793,0.0,[1276]
1281,61,0.8874850001554034,0.082223774262972,3.141592653589793,0.0,[1270]
1291,61,0.906658615107716,0.0314594445541736,3.141592653589793,0.0,[1282]
1293,61,0.9119452335062922,0.0176063222841919,3.141592653589793,0.0,[1282]
1284,62,0.8965704778666512,0.0793475301929839,3.141592653589793,0.0,[1281]
1294,62,0.9122376002819256,0.03189292960626511,3.141592653589793,0.0,[1291]
1296,62,0.9192948804715492,0.01198091894283082,3.141592653589793,0.0,[1293]
1285,63,0.8967601710993851,0.07918130389557465,3.141592653589793,0.0,[1284]
1299,63,0.9283942474014065,0.039005883969346344,3.141592653589793,0.0,[1294]
1300,63,0.9295982711885044,0.014084006283717976,3.141592653589793,0.0,[1296]
1287,64,0.9013804362340236,0.07468334900085272,3.141592653589793,0.0,[1285]
1301,64,0.9374981538651862,0.03799393606951362,3.141592653589793,0.0,[1299]
1305,64,0.9512072169550778,0.0008482127755995439,0.0,0.0,[1300]
1306,64,0.9562103946467315,0.011121517623475574,3.141592653589793,0.0,[1300]
1302,65,0.9419056711059652,0.056403968795311954,3.141592653589793,0.0,[1287]
1307,65,0.9614746768036448,0.024193853769196028,3.141592653589793,0.0,[1287 1301]
1308,65,0.9685066006037204,0.004931768902623701,3.141592653589793,0.0,[1305 1306]
1309,65,0.9727712068039596,0.014266628064090514,0.0,0.0,[1305]
1310,66,1.0,0.0,3.141592653589793,0.0,[1302 1307 1308 1309]
0,0,0.0,0.0,3.141592653589793,0.0,[]
1,1,0.010748217963866269,0.0006997220015851902,3.141592653589793,0.0,[0]
2,1,0.01762485307285311,0.01287416267400765,0.0,0.0,[0]
3,2,0.03165062277953801,0.005330389985411466,0.0,0.0,[1 2]
4,2,0.038920652323667926,0.02064859645487438,0.0,0.0,[1 2]
5,3,0.050482641731844025,0.026132670715406925,0.0,0.0,[4]
8,3,0.055583537859782095,0.011111184941003605,0.0,0.0,[3 4]
10,3,0.06154237967649068,0.013100351807581623,3.141592653589793,0.0,[3]
14,4,0.07617413239456794,0.020758863992484278,0.0,0.0,[5 8]
15,4,0.0768164128804042,0.005759361866337187,3.141592653589793,0.0,[ 8 10]
18,5,0.0911406740158921,0.014410560177129383,3.141592653589793,0.0,[15]
26,5,0.10004784873199257,0.043096272249305234,0.0,0.0,[14]
27,6,0.10349792754142773,0.041415621508876344,0.0,0.0,[26]
28,6,0.10400725400103272,0.023239150436771383,3.141592653589793,0.0,[18]
29,6,0.10579030857541827,0.007953850478035207,3.141592653589793,0.0,[18]
31,7,0.10815631982723273,0.044349833338802935,0.0,0.0,[27]
37,7,0.11399258605779339,0.011109491444045716,3.141592653589793,0.0,[29]
44,7,0.12002897599996898,0.0255656405399437,3.141592653589793,0.0,[28]
50,8,0.12836844946886583,0.0607397903746586,0.0,0.0,[31]
53,8,0.13421775466353647,0.03365940648257393,3.141592653589793,0.0,[44]
55,8,0.1379486538901925,0.005701547621576264,3.141592653589793,0.0,[37]
56,9,0.13804272422943742,0.05633990672175071,0.0,0.0,[50]
64,9,0.14761897753755915,0.041758307290478025,3.141592653589793,0.0,[53]
68,9,0.1540611554236776,0.02060283367818494,3.141592653589793,0.0,[53 55]
77,9,0.16072470390859372,0.08598771008860717,0.0,0.0,[50]
74,10,0.15734298937365288,0.03823083116619541,3.141592653589793,0.0,[64]
82,10,0.16546080059123458,0.016792412446300586,3.141592653589793,0.0,[68]
83,10,0.16578495078230215,0.010218441054601124,3.141592653589793,0.0,[68]
91,10,0.17416073365384654,0.07417808865460829,0.0,0.0,[56 77]
98,11,0.18182787414777402,0.06908473056096687,0.0,0.0,[91]
99,11,0.1820423336315682,0.02001803758003451,3.141592653589793,0.0,[74 82 83]
104,12,0.18869349375949052,0.023632318471535685,3.141592653589793,0.0,[99]
107,12,0.1895760958749887,0.06647640905159546,0.0,0.0,[98]
110,13,0.19075823341343767,0.023862889913476293,3.141592653589793,0.0,[104]
113,13,0.1928135128284425,0.027611535667750764,3.141592653589793,0.0,[104]
118,13,0.19784944960941886,0.0673978585742594,0.0,0.0,[107]
119,13,0.2006199626597447,0.07093801556651735,0.0,0.0,[107]
122,13,0.20331704852768828,0.05791543669475652,0.0,0.0,[107]
123,14,0.2040240582574263,0.019224971497680432,3.141592653589793,0.0,[110 113]
128,14,0.20990504538639698,0.02917816075268953,3.141592653589793,0.0,[110 113]
132,14,0.21580809615141094,0.06113102109356172,0.0,0.0,[118 119 122]
136,14,0.22338424283647595,0.05129238413868864,3.141592653589793,0.0,[110 113]
134,15,0.22001982665158848,0.03216897283538367,3.141592653589793,0.0,[123 128]
143,15,0.22929591029648666,0.050992073919240766,3.141592653589793,0.0,[136]
146,15,0.2304394302383761,0.07407653460299579,0.0,0.0,[132]
155,16,0.24009557985697627,0.056406268302864104,3.141592653589793,0.0,[143]
160,16,0.2448019883670064,0.01620076622579536,3.141592653589793,0.0,[134]
162,16,0.24843442837785334,0.023365729862953266,3.141592653589793,0.0,[134]
163,16,0.2494740807464081,0.04489640211491963,3.141592653589793,0.0,[134 143]
166,16,0.25020640598721877,0.025912584751609735,3.141592653589793,0.0,[134]
170,16,0.25284379982147587,0.09134676617849824,0.0,0.0,[146]
175,16,0.25565494790458443,0.08301141832081216,0.0,0.0,[146]
183,17,0.2589126702483764,0.01641963882670583,3.141592653589793,0.0,[160 162]
187,17,0.2599776353115003,0.035262036059366064,3.141592653589793,0.0,[163 166]
189,17,0.2627486107214767,0.03899017442651376,3.141592653589793,0.0,[155 163]
193,17,0.26515053028476643,0.04679797709314315,3.141592653589793,0.0,[155 163]
199,17,0.2728481020251845,0.09262232341410159,0.0,0.0,[170 175]
211,17,0.2796458965697941,0.10119118700021001,0.0,0.0,[170 175]
196,18,0.2697796344189407,0.050492638999813044,3.141592653589793,0.0,[193]
197,18,0.2707256747216251,0.017265587620785228,3.141592653589793,0.0,[183]
207,18,0.2773096941169396,0.026340842180198387,3.141592653589793,0.0,[183 187 189]
237,18,0.29552690582242713,0.08575457105521134,0.0,0.0,[199 211]
225,19,0.28774681605994534,0.03334421628159079,3.141592653589793,0.0,[196 197 207]
241,19,0.29797504438581857,0.08489119803283085,0.0,0.0,[237]
243,20,0.29855829950275226,0.02926474082249353,3.141592653589793,0.0,[225]
263,20,0.31298144288106344,0.08995845946614889,0.0,0.0,[241]
250,21,0.3027726130981824,0.027825506014761414,3.141592653589793,0.0,[243]
284,21,0.3249159908465846,0.08723174306149539,0.0,0.0,[263]
255,22,0.30671014980741107,0.024439735255071704,3.141592653589793,0.0,[250]
260,22,0.3104852512842061,0.03306015995522993,3.141592653589793,0.0,[250]
311,22,0.3396293320971173,0.08445162409567075,0.0,0.0,[284]
301,23,0.3333824260509668,0.017848289330079092,3.141592653589793,0.0,[255 260]
314,23,0.3415112296016778,0.08274555371575787,0.0,0.0,[311]
306,24,0.33591700102074085,0.015412100936870288,3.141592653589793,0.0,[301]
362,24,0.36530750302484083,0.10126123323665792,0.0,0.0,[314]
371,24,0.37060964850220546,0.09485577087636599,0.0,0.0,[314]
337,25,0.35328281579692755,0.019858394468445284,3.141592653589793,0.0,[306]
408,25,0.3906456479124417,0.09660500192288635,0.0,0.0,[362 371]
349,26,0.358260489392757,0.0230026047456513,3.141592653589793,0.0,[337]
425,26,0.39811406557372464,0.0974897862212254,0.0,0.0,[408]
356,27,0.36290406810288256,0.02438301715703506,3.141592653589793,0.0,[349]
434,27,0.4040217554813069,0.09246393071504333,0.0,0.0,[425]
386,28,0.3773418631369868,0.016344524018561235,3.141592653589793,0.0,[356]
470,28,0.4172217410397424,0.08103119240556267,0.0,0.0,[434]
395,29,0.38126130226398747,0.012939411637033493,3.141592653589793,0.0,[386]
521,29,0.442805301841361,0.09238304001669617,0.0,0.0,[470]
527,29,0.445234233458064,0.09482745164351103,0.0,0.0,[470]
448,30,0.40881676858860727,0.004688513961923935,0.0,0.0,[395]
453,30,0.4107589469048528,0.008250779089435056,0.0,0.0,[395]
539,30,0.44947846652303314,0.09552309624593802,0.0,0.0,[521 527]
584,30,0.47199122624838563,0.1190384321180854,0.0,0.0,[521 527]
495,31,0.42786280679296274,0.015944231916090734,0.0,0.0,[448 453]
612,31,0.48186280857465225,0.12054619245547082,0.0,0.0,[539 584]
522,32,0.4428066627852122,0.027574118317915675,0.0,0.0,[495]
631,32,0.49231365877394284,0.1302161173886327,0.0,0.0,[612]
533,33,0.4473049523511212,0.03147568046830529,0.0,0.0,[522]
655,33,0.5000825286202207,0.13764873040920578,0.0,0.0,[631]
559,34,0.46013635194804614,0.038165226755208614,0.0,0.0,[533]
680,34,0.50903132005039,0.1339288085041661,0.0,0.0,[655]
701,35,0.5173674961255755,0.13222081438453626,0.0,0.0,[680]
718,35,0.525008697994586,0.09957601677800731,0.0,0.0,[559]
714,36,0.5236048266943774,0.12740155239262396,0.0,0.0,[701]
738,36,0.5331768669079137,0.10674687597778598,0.0,0.0,[718]
740,37,0.5341291536517291,0.1272221417304915,0.0,0.0,[714]
761,37,0.5420675584137625,0.10880268862566966,0.0,0.0,[738]
762,37,0.542431898942418,0.10817637879615272,0.0,0.0,[738]
763,37,0.5425819980485781,0.10526935896583767,0.0,0.0,[738]
790,38,0.5512173657611049,0.11079829556022258,0.0,0.0,[740 761 762 763]
801,39,0.5554562911717026,0.11253566010720806,0.0,0.0,[790]
840,40,0.5753492266621197,0.10682527844030054,0.0,0.0,[801]
868,41,0.5882273897962628,0.11921938416598155,0.0,0.0,[840]
876,42,0.5905145965149045,0.11742245348694735,0.0,0.0,[868]
907,43,0.6050239695157819,0.11000184200457763,0.0,0.0,[876]
932,44,0.6149551513355713,0.10768498811306393,0.0,0.0,[907]
979,45,0.6377049159676875,0.08640017076435536,0.0,0.0,[932]
1003,46,0.653604853843719,0.07416274123589883,0.0,0.0,[979]
1019,47,0.6652767455061483,0.07801772052571954,0.0,0.0,[1003]
1031,48,0.6741416516403004,0.08206702107441166,0.0,0.0,[1019]
1042,49,0.6821775391760819,0.07857238449057447,0.0,0.0,[1031]
1052,50,0.6861981839039213,0.0763571597603433,0.0,0.0,[1042]
1064,51,0.6960438287663986,0.08446131698921144,0.0,0.0,[1052]
1080,52,0.7057605236675826,0.07741501908830395,0.0,0.0,[1064]
1083,53,0.7073779097420354,0.07817568893430371,0.0,0.0,[1080]
1087,54,0.70989979262833,0.07657759790585539,0.0,0.0,[1083]
1093,55,0.7124154496633807,0.07539011386934946,0.0,0.0,[1087]
1110,56,0.718512644332317,0.075519931332245,0.0,0.0,[1093]
1127,57,0.7301661012136805,0.06772969824374042,0.0,0.0,[1110]
1147,58,0.7441935275690692,0.07977227548017951,0.0,0.0,[1127]
1163,58,0.7554905843549649,0.055535356133141534,0.0,0.0,[1127]
1171,59,0.7688555547561595,0.0425440201072218,0.0,0.0,[1163]
1174,59,0.7713831506779478,0.08234554795550009,0.0,0.0,[1147]
1181,59,0.7758520135030179,0.09240592228656597,0.0,0.0,[1147]
1180,60,0.7754905991456523,0.04126916040096973,0.0,0.0,[1171]
1188,60,0.7814182389190939,0.050519797064847216,0.0,0.0,[1171]
1192,60,0.7874724651146223,0.08351338239834305,0.0,0.0,[1174 1181]
1210,61,0.8023334963604087,0.06992647763967885,0.0,0.0,[1188 1192]
1232,61,0.8309287630990974,0.01125940377056911,3.141592653589793,0.0,[1180]
1222,62,0.8146639253376656,0.07851183567278786,0.0,0.0,[1210]
1234,62,0.8365672519629589,0.011470260741931582,3.141592653589793,0.0,[1232]
1236,62,0.8375075759953986,0.016402074205170036,3.141592653589793,0.0,[1232]
1231,63,0.8295201392093682,0.07208363556154085,0.0,0.0,[1222]
1240,63,0.8419867252856165,0.053978092494656904,0.0,0.0,[1222]
1244,63,0.8463565201841488,0.01358533959035646,3.141592653589793,0.0,[1234 1236]
1247,64,0.8483998648930723,0.011605817819285158,3.141592653589793,0.0,[1244]
1252,64,0.8621310375943708,0.044556360707991294,0.0,0.0,[1231 1240]
1255,65,0.8659235918766668,0.04333099563528586,0.0,0.0,[1252]
1264,65,0.8812051892659946,0.017591576895763072,3.141592653589793,0.0,[1247]
1257,66,0.8696216264714093,0.04182132303337671,0.0,0.0,[1255]
1271,66,0.8922067148295236,0.019081021680805388,3.141592653589793,0.0,[1264]
1273,66,0.8939898407667441,0.028006274183699387,3.141592653589793,0.0,[1264]
1263,67,0.8805064579765276,0.04793570619221055,0.0,0.0,[1257]
1265,67,0.88292337836867,0.03588986527720506,0.0,0.0,[1257]
1275,67,0.8969975886880819,0.017752808365608885,0.0,0.0,[1257]
1276,67,0.8976385025574355,0.01453136357961704,0.0,0.0,[1257]
1278,67,0.8999647585990167,0.03107525074418327,3.141592653589793,0.0,[1273]
1284,67,0.9122162825548421,0.015559977077787113,3.141592653589793,0.0,[1271 1273]
1283,68,0.911152962764696,0.04829961980311315,0.0,0.0,[1263 1265]
1289,68,0.917983495036463,0.03722729775550626,0.0,0.0,[1263 1265 1275]
1292,68,0.9242592194385097,0.018816545810892205,0.0,0.0,[1263 1265 1275 1276]
1295,68,0.9281628788272289,0.009865596048575953,3.141592653589793,0.0,[1275 1276 1278 1284]
1298,69,0.9366204504572004,0.014980094594187143,0.0,0.0,[1292]
1299,69,0.9398476803159552,0.028063538320064918,0.0,0.0,[1283 1289 1292]
1301,69,0.9416712245933767,0.001928097907380133,0.0,0.0,[1292 1295]
1300,70,0.9404843866562276,0.028647622567486764,0.0,0.0,[1299]
1304,70,0.956286864512555,0.007725930548803994,0.0,0.0,[1298 1301]
1306,71,0.9615796876320549,0.010935465108401488,0.0,0.0,[1300 1304]
1308,71,0.96934094167168,0.0015527243019471948,0.0,0.0,[1300 1304]
1309,72,0.9809424921120131,0.007304879039195411,0.0,0.0,[1306 1308]
1310,73,1.0,0.0,3.141592653589793,0.0,[1309]
0,0,0.0,0.0,3.141592653589793,0.0,[]
1,1,0.003389574822939778,0.0031837446746475484,0.0,0.0,[0]
2,2,0.019153034486770082,0.0003344478552019803,3.141592653589793,0.0,[1]
10,2,0.05325331919695386,0.04829723645604567,0.0,0.0,[1]
5,3,0.028531566101315686,0.002005295049432365,3.141592653589793,0.0,[2]
11,3,0.05365492838140429,0.048052222544215484,0.0,0.0,[10]
8,4,0.04758150674624162,0.01089569296769577,0.0,0.0,[5]
12,4,0.057763291244568804,0.024098629671756466,0.0,0.0,[5]
14,4,0.06688892072674202,0.04815431342543586,0.0,0.0,[11]
16,5,0.08066890546140604,0.04655737502642987,0.0,0.0,[12 14]
19,5,0.08732943179883745,0.013753240398155397,0.0,0.0,[ 8 12]
21,6,0.09448254157906744,0.007851915697451362,0.0,0.0,[19]
23,6,0.10128230637338043,0.04618441784449678,0.0,0.0,[16]
24,6,0.10450321828190878,0.042002332779100704,0.0,0.0,[16]
25,6,0.10937982761847842,0.03491466710618485,0.0,0.0,[16 19]
28,6,0.11479338963021946,0.06880343787092802,0.0,0.0,[16]
36,6,0.12591180974652372,0.08232337494078878,0.0,0.0,[16]
39,6,0.12783885931342887,0.08967032403833264,0.0,0.0,[16]
29,7,0.1148034109326036,0.0366053850361403,0.0,0.0,[23 24 25]
33,7,0.12480293103411211,0.07299806758140304,0.0,0.0,[28]
35,7,0.12573053743489315,0.016386879422144784,3.141592653589793,0.0,[21]
55,7,0.1529646248522113,0.10470953803674532,0.0,0.0,[28 36 39]
42,8,0.1328983888432721,0.053817936574741765,0.0,0.0,[29]
43,8,0.13620258160003085,0.017633201379546826,3.141592653589793,0.0,[35]
45,8,0.13894199490676307,0.008861329878356639,3.141592653589793,0.0,[35]
62,8,0.16080173399959685,0.08779745861428778,0.0,0.0,[33]
64,8,0.16403801648253735,0.11056510183006851,0.0,0.0,[33 55]
47,9,0.14451800652043845,0.047228392392692164,0.0,0.0,[42]
52,9,0.15081129042575026,0.00868968508780632,3.141592653589793,0.0,[43 45]
57,9,0.15362287957615295,0.02982549377261401,3.141592653589793,0.0,[43]
72,9,0.17394489799179846,0.11781319633908349,0.0,0.0,[64]
77,9,0.17809259077211137,0.10494779419810596,0.0,0.0,[62 64]
67,10,0.16792338356976955,0.03968665427755236,3.141592653589793,0.0,[57]
70,10,0.171169840280045,0.024474297727067884,3.141592653589793,0.0,[52 57]
79,10,0.18043346229815516,0.10516492259075438,0.0,0.0,[77]
81,10,0.18133064858329262,0.1195438237449401,0.0,0.0,[72]
88,10,0.18754604628214389,0.07882198204972701,0.0,0.0,[47]
71,11,0.1718676467705651,0.024516960027653467,3.141592653589793,0.0,[70]
84,11,0.1839554545805554,0.05414474445439876,3.141592653589793,0.0,[67]
91,11,0.18996365553857075,0.12571752292820526,0.0,0.0,[81]
96,11,0.1919921833076711,0.08204766374098937,0.0,0.0,[88]
103,11,0.20073025316180837,0.1038198459503985,0.0,0.0,[79 81]
104,12,0.2016433664416406,0.02331076362475426,3.141592653589793,0.0,[71]
107,12,0.20483974779062442,0.03989141226820614,3.141592653589793,0.0,[71 84]
113,12,0.20787016836100136,0.056024626880548545,3.141592653589793,0.0,[71 84]
121,12,0.21545063960748567,0.10175538918860105,0.0,0.0,[ 91  96 103]
112,13,0.20746619062288607,0.020917649485531875,3.141592653589793,0.0,[104]
126,13,0.217498921028346,0.10075944303140905,0.0,0.0,[121]
139,13,0.22565768877535763,0.04679653775932646,3.141592653589793,0.0,[104 107 113]
124,14,0.2162049789869408,0.01919985675564384,3.141592653589793,0.0,[112]
128,14,0.2187906430486185,0.023812231605800593,3.141592653589793,0.0,[112]
133,14,0.22298122933087083,0.10543109595549038,0.0,0.0,[126]
137,14,0.22394176740342164,0.09675083218539793,0.0,0.0,[126]
151,14,0.23425639304319557,0.03983103599472382,3.141592653589793,0.0,[112 139]
152,15,0.23608756035045053,0.02008718132058218,3.141592653589793,0.0,[124 128]
155,15,0.23958174732302173,0.11174920922153475,0.0,0.0,[133 137]
158,15,0.2413872046149147,0.1000885516932204,0.0,0.0,[133 137]
182,15,0.2583652884856126,0.06046157340468461,3.141592653589793,0.0,[124 128 151]
166,16,0.2510073766450338,0.02528977998671811,3.141592653589793,0.0,[152]
178,16,0.2556434614336798,0.11361587172859855,0.0,0.0,[155 158]
184,16,0.259724192165778,0.059920945152591276,3.141592653589793,0.0,[182]
187,17,0.2613126759001858,0.024146851806643665,3.141592653589793,0.0,[166]
190,17,0.26241506888751853,0.11890273013570885,0.0,0.0,[178]
198,17,0.2668816879454595,0.11264052152101,0.0,0.0,[178]
199,17,0.26698281215166575,0.054631009971130795,3.141592653589793,0.0,[184]
202,17,0.2696275041904732,0.035808902417891364,3.141592653589793,0.0,[166]
206,18,0.27255510766107105,0.12614529762962312,0.0,0.0,[190]
217,18,0.28076981526238964,0.10219263114511146,0.0,0.0,[190 198]
232,18,0.29194787886015017,0.02280809973915454,3.141592653589793,0.0,[187 202]
237,18,0.29347351895705587,0.03212289894281184,3.141592653589793,0.0,[187 199 202]
242,19,0.29679048144616094,0.022872929241925855,3.141592653589793,0.0,[232]
265,19,0.31035847057938815,0.04875712326920456,3.141592653589793,0.0,[237]
283,19,0.32623342166516267,0.07275627984350752,0.0,0.0,[206 217]
286,20,0.32768729913527805,0.05145705224298036,3.141592653589793,0.0,[242 265]
289,20,0.32995119392902117,0.07494468811154176,0.0,0.0,[283]
298,21,0.33264107100249396,0.053932225291006164,3.141592653589793,0.0,[286]
309,21,0.3422609446927135,0.08642147924139998,0.0,0.0,[289]
325,22,0.35163505780797,0.05201083201386891,3.141592653589793,0.0,[298]
335,22,0.3585786415342539,0.06267985530628384,3.141592653589793,0.0,[298]
351,22,0.37104901015330527,0.1037128880831314,0.0,0.0,[309]
340,23,0.36627057268633245,0.0655936595321448,3.141592653589793,0.0,[325 335]
354,23,0.3741226523671147,0.03457537397335786,3.141592653589793,0.0,[325]
364,23,0.3779895257600864,0.10426728753101977,0.0,0.0,[351]
355,24,0.37442366407933225,0.06586244054218615,3.141592653589793,0.0,[340]
376,24,0.3832685136647449,0.03716814339297725,3.141592653589793,0.0,[354]
396,24,0.39396841796284654,0.09866392523311474,0.0,0.0,[364]
403,24,0.3970915272861507,0.09156536940859128,0.0,0.0,[364]
404,25,0.39740998196764565,0.02545765619818896,3.141592653589793,0.0,[376]
408,25,0.3996576332894115,0.05161012941966736,3.141592653589793,0.0,[355 376]
438,25,0.4170471776689746,0.08383005854956926,0.0,0.0,[396 403]
432,26,0.4151170828708247,0.04261108218874188,3.141592653589793,0.0,[404 408]
457,26,0.4237630155566052,0.08316684379902939,0.0,0.0,[438]
435,27,0.4164923141908191,0.04301811240827047,3.141592653589793,0.0,[432]
473,27,0.42918310780165203,0.08109219139049018,0.0,0.0,[457]
446,28,0.4204454711891299,0.04253486197407963,3.141592653589793,0.0,[435]
511,28,0.44545907006718566,0.08274758566201634,0.0,0.0,[473]
472,29,0.42831110846451803,0.03579106423868972,3.141592653589793,0.0,[446]
541,29,0.4562215910112434,0.07515303544105212,0.0,0.0,[511]
496,30,0.44106951044468856,0.0375600507728836,3.141592653589793,0.0,[472]
567,30,0.4642099106308184,0.0790005039131364,0.0,0.0,[541]
519,31,0.447836448126984,0.03934528901528822,3.141592653589793,0.0,[496]
572,31,0.4655627315570833,0.0790848967695873,0.0,0.0,[567]
545,32,0.4570522788574316,0.040514330865727755,3.141592653589793,0.0,[519]
601,32,0.47603747692741605,0.0704866306147931,0.0,0.0,[572]
566,33,0.46419045847872,0.038747449634380704,3.141592653589793,0.0,[545]
622,33,0.48558415200656846,0.0711771763338771,0.0,0.0,[601]
623,34,0.4861429978893246,0.036402790320494094,3.141592653589793,0.0,[566]
656,34,0.5011397945093897,0.05873943362117584,0.0,0.0,[622]
679,35,0.508394442579815,0.034106399561262046,3.141592653589793,0.0,[623]
683,35,0.5102888502574134,0.025511255848739478,3.141592653589793,0.0,[623]
705,35,0.518412579368056,0.056639179580271204,0.0,0.0,[656]
713,35,0.5201384461195329,0.05397025566546787,0.0,0.0,[656]
730,35,0.5284488556502798,0.08381849148358067,0.0,0.0,[656]
722,36,0.5235288331095324,0.024768355361175165,3.141592653589793,0.0,[679 683]
765,36,0.5401264925603966,0.09036131013527904,0.0,0.0,[730]
771,36,0.5421358761821601,0.07167852840183087,0.0,0.0,[705 713 730]
767,37,0.540440177457481,0.03447270012173487,3.141592653589793,0.0,[722]
772,37,0.5422448583921242,0.037894525758816355,3.141592653589793,0.0,[722]
791,37,0.5493186014288491,0.07357359089390514,0.0,0.0,[771]
797,37,0.5524007141339399,0.08211327304366722,0.0,0.0,[765]
809,37,0.555582932387658,0.10414794330584554,0.0,0.0,[765]
813,38,0.5568371957406901,0.03375832837993464,3.141592653589793,0.0,[767 772]
827,38,0.5642826270851659,0.0693111910550368,0.0,0.0,[791]
838,38,0.5672537225786017,0.08753296468890137,0.0,0.0,[791 797]
858,38,0.5757663457063539,0.11019655097042946,0.0,0.0,[809]
866,38,0.5787243496440427,0.11340701141892773,0.0,0.0,[809]
821,39,0.5619493723669599,0.02865755226620781,3.141592653589793,0.0,[813]
872,39,0.5844232759582633,0.08148526463608796,0.0,0.0,[827 838]
877,39,0.5856897652381337,0.06902273278092586,0.0,0.0,[827]
882,39,0.5878880455454629,0.06543638408112029,0.0,0.0,[827]
889,39,0.5903278638341537,0.10425158105782839,0.0,0.0,[838 858 866]
831,40,0.5650204640740903,0.02985289573237515,3.141592653589793,0.0,[821]
893,40,0.5910939684011809,0.08058486923200503,0.0,0.0,[872]
910,40,0.5989368360415323,0.09875056378418046,0.0,0.0,[889]
911,40,0.5990325059921028,0.06784748971352261,0.0,0.0,[872 877 882]
917,40,0.6034552422954121,0.09317137558041821,0.0,0.0,[872 889]
844,41,0.5691097600612199,0.03360195483857886,3.141592653589793,0.0,[831]
938,41,0.6148962858024339,0.1122153314176988,0.0,0.0,[910]
942,41,0.6167162820813911,0.06600981465716405,0.0,0.0,[893 911]
945,41,0.6183282388717416,0.08306589985644042,0.0,0.0,[893 910 911 917]
861,42,0.5764703867857641,0.04032217414266237,3.141592653589793,0.0,[844]
955,42,0.623850413915899,0.11903288131814393,0.0,0.0,[938]
959,42,0.6260787378238049,0.11516948809713534,0.0,0.0,[938]
963,42,0.6268666376690172,0.11388948315564973,0.0,0.0,[938]
972,42,0.634359177664134,0.07404002629702033,0.0,0.0,[942 945]
876,43,0.5851684680522069,0.03856824141558712,3.141592653589793,0.0,[861]
890,43,0.590463785267588,0.030525613359294823,3.141592653589793,0.0,[861]
991,43,0.6446664224784144,0.12648339045582635,0.0,0.0,[955 959 963]
993,43,0.6451344300189058,0.07627130631546508,0.0,0.0,[972]
934,44,0.6122831505365373,0.01228273054057627,3.141592653589793,0.0,[876 890]
996,44,0.6463175420630805,0.07596338719431006,0.0,0.0,[993]
1017,44,0.6552919300989001,0.1299836718190165,0.0,0.0,[991]
980,45,0.6382327650717671,0.007326343751759001,3.141592653589793,0.0,[934]
1019,45,0.6557807779228753,0.0758494398409969,0.0,0.0,[996]
1025,45,0.6612918228672672,0.13153888904849642,0.0,0.0,[1017]
1027,46,0.6625527605515793,0.008386618894519304,3.141592653589793,0.0,[980]
1060,46,0.6811386948508004,0.11287000403839165,0.0,0.0,[1025]
1061,46,0.6816317195602737,0.05989216222648375,0.0,0.0,[1019]
1041,47,0.6689741092769003,0.007178660279080762,3.141592653589793,0.0,[1027]
1069,47,0.685480072527675,0.11131951710479171,0.0,0.0,[1060]
1084,47,0.6958316662545301,0.07341490621171665,0.0,0.0,[1061]
1089,47,0.6985519318058712,0.04672968795240373,0.0,0.0,[1061]
1046,48,0.6731277180012353,0.008204027035741857,3.141592653589793,0.0,[1041]
1109,48,0.7150519899215753,0.10605160987790263,0.0,0.0,[1069]
1118,48,0.7204358141608486,0.057038255282920836,0.0,0.0,[1084 1089]
1119,48,0.7220908641848346,0.09477807479793054,0.0,0.0,[1069 1084]
1130,48,0.7257652981258358,0.04902548518172656,0.0,0.0,[1041 1084 1089]
1103,49,0.7101992324480377,0.02329620075001848,0.0,0.0,[1046]
1123,49,0.7230358868924243,0.11330373533932792,0.0,0.0,[1109]
1136,49,0.7299792318740909,0.10109049411495963,0.0,0.0,[1109 1119]
1153,49,0.7386404502237348,0.05227460530731032,0.0,0.0,[1046 1118 1130]
1133,50,0.7270486596584208,0.11535292651311357,0.0,0.0,[1123]
1159,50,0.7443225377125572,0.044985734183305426,0.0,0.0,[1103]
1175,50,0.7614618827442341,0.07460106930127464,0.0,0.0,[1136 1153]
1154,51,0.7409693864339242,0.10649413620719939,0.0,0.0,[1133]
1180,51,0.7666198853535525,0.04722223213832388,0.0,0.0,[1159]
1183,51,0.7671078739661817,0.07613441497665296,0.0,0.0,[1133 1175]
1182,52,0.766696295917237,0.08130043203558524,0.0,0.0,[1154]
1192,52,0.773620566470825,0.04828968743700135,0.0,0.0,[1180]
1194,52,0.7754397479929994,0.05321952658824203,0.0,0.0,[1180]
1199,52,0.7803512931074652,0.06623470123466346,0.0,0.0,[1183]
1211,53,0.7906191219152271,0.061370475835341276,0.0,0.0,[1182 1192 1194 1199]
1216,54,0.7960522431157209,0.0661566583679204,0.0,0.0,[1211]
1232,55,0.8085080295511525,0.05694921928609209,0.0,0.0,[1216]
1235,55,0.8114772904982812,0.06830447812549811,0.0,0.0,[1216]
1248,56,0.8237685019490938,0.06918596969728752,0.0,0.0,[1232 1235]
1253,56,0.827885582574065,0.04593805847007282,0.0,0.0,[1232]
1254,57,0.8285300840955924,0.07267309352602691,0.0,0.0,[1248]
1259,57,0.8416937738219415,0.0585794569405691,0.0,0.0,[1248 1253]
1271,58,0.855407725879117,0.06651472139892867,0.0,0.0,[1254 1259]
1281,59,0.8687135796199816,0.07200377810494374,0.0,0.0,[1271]
1285,60,0.8773193810431007,0.06354909562088751,0.0,0.0,[1281]
1288,61,0.8844005387498824,0.06081989101904439,0.0,0.0,[1285]
1294,62,0.9030693478637322,0.07352105477775883,0.0,0.0,[1288]
1295,62,0.906462008158654,0.04122308561844257,0.0,0.0,[1288]
1300,63,0.9305059153314166,0.049294691756898046,0.0,0.0,[1294 1295]
1302,63,0.9409823471496216,0.038035587755242295,0.0,0.0,[1294 1295]
1305,64,0.949936101770445,0.04538683395864551,0.0,0.0,[1300 1302]
1306,65,0.9663119643567557,0.030021267920856576,0.0,0.0,[1305]
1310,66,1.0,0.0,3.141592653589793,0.0,[1306]
0,0,0.0,0.0,3.141592653589793,0.0,[]
1,1,0.012063588072103837,0.006724505396819014,3.141592653589793,0.0,[0]
2,1,0.012712663603019037,0.012689030807744861,0.0,0.0,[0]
3,2,0.027130111504644838,7.625698018554061e-05,3.141592653589793,0.0,[1 2]
5,2,0.04941964207979588,0.02345373693223418,0.0,0.0,[1 2]
6,3,0.050315862163259895,0.018270485759899313,0.0,0.0,[3]
8,3,0.05753726236604573,0.027111040294833133,0.0,0.0,[3 5]
9,3,0.06856289498114665,0.03964473854551953,0.0,0.0,[3 5]
12,4,0.07429102302403989,0.04204903313581643,0.0,0.0,[6 8 9]
17,5,0.0869931531929472,0.032890116910486045,0.0,0.0,[12]
25,6,0.09663988884798402,0.029895065161614554,0.0,0.0,[17]
30,6,0.1056134341868159,0.016825968388385015,0.0,0.0,[17]
34,7,0.11089407267645623,0.01749313779029915,0.0,0.0,[25 30]
41,7,0.12600807016268523,0.041420421450736544,0.0,0.0,[25]
42,8,0.127859366588012,0.010152489446847102,0.0,0.0,[34]
54,8,0.14220900109021506,0.0536108930099235,0.0,0.0,[41]
53,9,0.14211967192632424,0.0006656871097076023,3.141592653589793,0.0,[42]
59,9,0.1480907827105501,0.05876430133427024,0.0,0.0,[54]
58,10,0.14724886953683736,0.004937896921058171,3.141592653589793,0.0,[53]
79,10,0.17563525096877675,0.07548643082890294,0.0,0.0,[59]
84,10,0.18176055357968735,0.08193280748700593,0.0,0.0,[59]
71,11,0.16404225684381257,0.0088812131153988,3.141592653589793,0.0,[58]
73,11,0.16489591108864554,0.011464171235340936,0.0,0.0,[58]
95,11,0.1867002199070502,0.08047367257347182,0.0,0.0,[79 84]
78,12,0.1736556927739149,0.017314978675317727,0.0,0.0,[73]
97,12,0.18908097993493156,0.032614283196185534,3.141592653589793,0.0,[71]
98,12,0.18951791507725646,0.028648081598199315,3.141592653589793,0.0,[71]
101,12,0.192193990991828,0.03681253243231397,0.0,0.0,[73]
102,12,0.19269918495446714,0.004362823007895478,3.141592653589793,0.0,[71 73]
108,12,0.19865620493279912,0.08791028764147357,0.0,0.0,[95]
119,12,0.20619534422205166,0.06614675866384534,0.0,0.0,[95]
106,13,0.1965985652265002,0.002867059157674934,3.141592653589793,0.0,[ 78 102]
116,13,0.20387785251305213,0.02170803178002234,3.141592653589793,0.0,[97 98]
123,13,0.20698646931066722,0.025947110608932844,3.141592653589793,0.0,[97 98]
141,13,0.22285261722437288,0.0660069536813086,0.0,0.0,[ 78 101 108 119]
157,13,0.23957490864310815,0.047518828676723746,0.0,0.0,[ 78 101 108 119]
131,14,0.21621825579480047,0.025856433522469136,3.141592653589793,0.0,[116 123]
138,14,0.22077686645035344,0.020314964114798273,0.0,0.0,[106]
151,14,0.23544754954559377,0.07109964755648213,0.0,0.0,[141]
168,14,0.24561722368817296,0.049652346828400695,0.0,0.0,[141 157]
146,15,0.23232257837606385,0.025346868494295016,0.0,0.0,[138]
150,15,0.2351712456387186,0.02940092934363092,0.0,0.0,[138]
154,15,0.23838100146081165,0.0700590163489817,0.0,0.0,[151]
167,15,0.24543557077396827,0.05450160184215491,3.141592653589793,0.0,[131]
174,15,0.25125690890440644,0.04729183073635701,0.0,0.0,[138 168]
181,16,0.25891090969492425,0.044593474707081415,0.0,0.0,[146 150 174]
182,16,0.25914764703864934,0.050227725793134836,0.0,0.0,[146 150 154 174]
185,16,0.26036748436342716,0.039752159992380354,3.141592653589793,0.0,[167]
191,17,0.2666425056910653,0.04467906857242743,0.0,0.0,[181 182]
195,17,0.2692150123935837,0.03348640374602574,3.141592653589793,0.0,[185]
207,18,0.27973002174574113,0.05238398048294968,0.0,0.0,[191]
220,18,0.2894890159274365,0.017543533868141004,3.141592653589793,0.0,[195]
228,19,0.29205699302966814,0.0634162042451979,0.0,0.0,[207]
231,19,0.29503988663385916,0.01985568852746733,3.141592653589793,0.0,[220]
237,20,0.30010956423281243,0.06940243621449493,0.0,0.0,[228]
244,20,0.302715411572814,0.023299305663957992,3.141592653589793,0.0,[231]
247,21,0.3045268264970452,0.022657302415648006,3.141592653589793,0.0,[244]
250,21,0.3079749155675624,0.07536827388517597,0.0,0.0,[237]
262,22,0.3156103358298463,0.02634553971923803,3.141592653589793,0.0,[247]
267,22,0.31839205099180545,0.0854160515617084,0.0,0.0,[250]
264,23,0.3166091625757044,0.02598616951418864,3.141592653589793,0.0,[262]
296,23,0.33748419127550533,0.1015318839453101,0.0,0.0,[267]
295,24,0.33731565549002973,0.006862413257338051,3.141592653589793,0.0,[264]
327,24,0.35279853180473897,0.10522612195891046,0.0,0.0,[296]
336,24,0.3572554948855039,0.11840366428471105,0.0,0.0,[296]
326,25,0.3511882714523513,0.006519088942798512,0.0,0.0,[295]
406,25,0.3890505620485787,0.13638758260496364,0.0,0.0,[327 336]
346,26,0.3616126055825125,0.008506547596664915,0.0,0.0,[326]
362,26,0.36855753947211145,0.0154569944846642,0.0,0.0,[326]
432,26,0.4052669554282532,0.14897933371482386,0.0,0.0,[406]
381,27,0.37812941559375146,0.016288668426182706,0.0,0.0,[346 362]
458,27,0.41760164333036465,0.1550874577446617,0.0,0.0,[432]
422,28,0.39868241227868984,0.02922067536275763,0.0,0.0,[381]
474,28,0.42422305622269607,0.1526835428362252,0.0,0.0,[458]
487,29,0.43028651709171295,0.05693330422581122,0.0,0.0,[422]
517,29,0.4412267534705494,0.15085566366897796,0.0,0.0,[474]
520,29,0.44196792559529663,0.16061697804497455,0.0,0.0,[474]
526,30,0.44430835842307437,0.06902430620914435,0.0,0.0,[487]
580,30,0.46530112142531455,0.14200323275764049,0.0,0.0,[517 520]
579,31,0.4651553616289904,0.07521402633190544,0.0,0.0,[526]
581,31,0.4654960722954098,0.07262760204571372,0.0,0.0,[526]
596,31,0.47347516853958815,0.13689713305274143,0.0,0.0,[580]
607,31,0.4768171369081734,0.09632856040297832,0.0,0.0,[526]
601,32,0.47439043460261865,0.0708981141338717,0.0,0.0,[579 581]
612,32,0.48005030927159553,0.09598342822318584,0.0,0.0,[607]
644,32,0.49000252665447663,0.1291618111301337,0.0,0.0,[596]
654,32,0.4933465442413596,0.1354097616770551,0.0,0.0,[596]
648,33,0.4905919780197123,0.0648642194574115,0.0,0.0,[601]
651,33,0.4917939014019209,0.058258589866976296,0.0,0.0,[601]
662,33,0.4991852811345596,0.11352385189233116,0.0,0.0,[612]
672,33,0.5016227723837349,0.1298614199565724,0.0,0.0,[644 654]
683,34,0.5083398316309231,0.059797828211641035,0.0,0.0,[648 651]
695,34,0.5134201081735877,0.12859474797644366,0.0,0.0,[672]
699,34,0.5145181111172976,0.12682393381836654,0.0,0.0,[662 672]
715,34,0.523943761991959,0.15087272985652467,0.0,0.0,[672]
692,35,0.5125443455728624,0.06025496486291981,0.0,0.0,[683]
722,35,0.5261487982383452,0.12231237289780117,0.0,0.0,[695 699]
725,35,0.52818888233602,0.12864490406296247,0.0,0.0,[695 699]
746,35,0.5362986862236481,0.16280109393389275,0.0,0.0,[715]
718,36,0.5251808080009837,0.061925141791547955,0.0,0.0,[692]
743,36,0.5352577364893183,0.12801037546745297,0.0,0.0,[722 725]
779,36,0.5511697662560567,0.14969224955726623,0.0,0.0,[725 746]
791,36,0.5558433924860807,0.15493952787464615,0.0,0.0,[725 746]
783,37,0.5534744982292371,0.048386980024171966,0.0,0.0,[718]
813,37,0.5637401743975642,0.14700721973256348,0.0,0.0,[743 779]
835,37,0.5716291315526663,0.16295934823681446,0.0,0.0,[743 779 791]
807,38,0.5620389117197337,0.04992235642371734,0.0,0.0,[783]
857,38,0.5793058693721578,0.16243942861544947,0.0,0.0,[813 835]
849,39,0.5770484493016621,0.05356270841487687,0.0,0.0,[807]
877,39,0.5884432939402294,0.15597370254800969,0.0,0.0,[857]
865,40,0.5834854006988865,0.05246707305859988,0.0,0.0,[849]
878,40,0.5890617044318631,0.15637093347578623,0.0,0.0,[877]
888,41,0.5937420699452823,0.15183888203029172,0.0,0.0,[878]
905,41,0.6007535945764545,0.04535074591607802,0.0,0.0,[865]
907,42,0.6019240302776347,0.045329189762212785,0.0,0.0,[905]
922,42,0.6101972445321379,0.14402315454274228,0.0,0.0,[888]
938,42,0.6159949808217228,0.15310771068477202,0.0,0.0,[888]
930,43,0.6123730452537159,0.05122305458113663,0.0,0.0,[907]
974,43,0.6314842614710174,0.14856954308850756,0.0,0.0,[922 938]
976,43,0.6322449400370715,0.16822471989927912,0.0,0.0,[938]
986,43,0.6369088165199579,0.15591296831838886,0.0,0.0,[922 938]
949,44,0.6202553388210662,0.05190449038360767,0.0,0.0,[930]
1000,44,0.6444941237315146,0.15670368242017585,0.0,0.0,[974 976 986]
1004,44,0.6471841472931352,0.1610341467501104,0.0,0.0,[974 976 986]
984,45,0.635606202604501,0.04734507342618288,0.0,0.0,[949]
1009,45,0.6499033598417735,0.1600441572197857,0.0,0.0,[1000 1004]
1027,45,0.6705189794948514,0.1352847575886883,0.0,0.0,[1000]
1018,46,0.660284670008573,0.1653644974262618,0.0,0.0,[1009]
1026,46,0.6699614501615635,0.07389983444697856,0.0,0.0,[984]
1030,46,0.6729582645881551,0.0769130679595823,0.0,0.0,[984]
1043,46,0.6800615375699067,0.12885758646576717,0.0,0.0,[1027]
1040,47,0.679030739883146,0.16581105087261316,0.0,0.0,[1018]
1064,47,0.6913032439211805,0.12217833481633789,0.0,0.0,[1043]
1070,47,0.7004901805312141,0.09012542236545273,0.0,0.0,[1026 1030]
1068,48,0.6980604958762223,0.11736566633958045,0.0,0.0,[1064]
1072,48,0.7010554437573177,0.14865614324525056,0.0,0.0,[1040]
1094,48,0.7139695138048954,0.08469097942937964,0.0,0.0,[1070]
1083,49,0.708186430523041,0.1432504626036556,0.0,0.0,[1072]
1085,49,0.7093410188483501,0.12584904144401488,0.0,0.0,[1068]
1098,49,0.7169761169128686,0.10824463453890598,0.0,0.0,[1068]
1106,49,0.7222549541897907,0.08372768897984395,0.0,0.0,[1094]
1115,50,0.7271309698446103,0.12917069100239642,0.0,0.0,[1083 1085]
1140,50,0.7429942108660899,0.10030623455156018,0.0,0.0,[1085 1098 1106]
1155,51,0.7545580535549212,0.1033545570924469,0.0,0.0,[1115 1140]
1168,52,0.7652998357156328,0.09503899464874754,0.0,0.0,[1155]
1177,53,0.7747497666423879,0.08693417562922134,0.0,0.0,[1168]
1190,54,0.7832665847377409,0.08315799220726883,0.0,0.0,[1177]
1201,55,0.7963984331222208,0.08131324881118174,0.0,0.0,[1190]
1214,56,0.8077691184467607,0.07728131605019306,0.0,0.0,[1201]
1231,57,0.8243457861934349,0.06401063554696684,0.0,0.0,[1214]
1250,58,0.8469668077270378,0.0568826477951242,0.0,0.0,[1231]
1258,58,0.8597770964260213,0.03853830786599788,0.0,0.0,[1231]
1262,59,0.8626425094743226,0.05189386877184465,0.0,0.0,[1250]
1263,59,0.8632068743023253,0.04170483964335303,0.0,0.0,[1250 1258]
1264,59,0.8644306486877972,0.045397457052701484,0.0,0.0,[1250]
1268,60,0.8712820455167928,0.045096106709529904,0.0,0.0,[1262 1263 1264]
1284,61,0.9072277613116652,0.019918929189041035,0.0,0.0,[1268]
1285,62,0.9100748852279286,0.02002480239246829,0.0,0.0,[1284]
1295,63,0.9202498250524461,0.019403961674395953,0.0,0.0,[1285]
1297,63,0.9302456089743754,0.002823153858418137,0.0,0.0,[1285]
1299,64,0.9389621788157413,0.006435127349029068,0.0,0.0,[1295 1297]
1303,65,0.9591186541609477,0.0061147849944670485,3.141592653589793,0.0,[1299]
1306,66,0.9724302980058883,0.006656080105575168,3.141592653589793,0.0,[1303]
1308,67,0.9871309274697958,0.008988816816177692,3.141592653589793,0.0,[1306]
1309,67,0.9925034138065412,0.003377912395371996,0.0,0.0,[1306]
1310,68,1.0,0.0,3.141592653589793,0.0,[1308 1309]
0,0,0.0,0.0,3.141592653589793,0.0,[]
1,1,0.003048689912604652,0.002412256856837436,0.0,0.0,[0]
2,2,0.01773716248480839,0.012733790011249968,0.0,0.0,[1]
4,3,0.027327520294443297,0.015901049565173575,0.0,0.0,[2]
7,4,0.03837690939261684,0.018004970563674783,0.0,0.0,[4]
9,5,0.04949527883710825,0.019447917397639625,0.0,0.0,[7]
10,5,0.052353022622036116,0.02918330409458625,0.0,0.0,[7]
11,6,0.05509272566851242,0.017859060455445164,0.0,0.0,[9]
15,6,0.0688005436577469,0.036387678324011685,0.0,0.0,[ 9 10]
16,6,0.06955319561923623,0.03820702468022652,0.0,0.0,[ 9 10]
21,7,0.07947666716714896,0.028558681387912954,0.0,0.0,[11 15 16]
22,8,0.07993272879051183,0.028636510101016643,0.0,0.0,[21]
24,8,0.0847950867876599,0.023396043723043602,0.0,0.0,[21]
29,9,0.0952456504541549,0.02281158972282815,0.0,0.0,[22 24]
39,10,0.10670271829050249,0.011869244431028991,0.0,0.0,[29]
42,11,0.11073356584864336,0.010102632667758793,0.0,0.0,[39]
51,12,0.1270798356865913,0.005166182839237199,0.0,0.0,[42]
54,13,0.13577025081506033,0.003892497736149747,0.0,0.0,[51]
65,14,0.1456427469675594,0.00034253097456760084,3.141592653589793,0.0,[54]
70,14,0.15104868261682003,0.009092630902923449,0.0,0.0,[54]
75,15,0.1587249598259104,0.014955276427390807,0.0,0.0,[70]
76,15,0.16090693078223972,0.008020496606218175,3.141592653589793,0.0,[65]
89,16,0.17025680294688295,0.01594604029343627,3.141592653589793,0.0,[76]
92,16,0.171119788288009,0.02518482276369094,0.0,0.0,[75]
100,17,0.17597808262847847,0.012145997126074004,3.141592653589793,0.0,[89]
101,17,0.17618979380984012,0.014715643694320879,3.141592653589793,0.0,[89]
109,17,0.1809692436176772,0.023500086970984158,0.0,0.0,[92]
105,18,0.17909709268527874,0.016765875174065137,3.141592653589793,0.0,[101]
114,18,0.19230897122688295,0.0221926603622965,0.0,0.0,[109]
115,18,0.19299629382520966,0.0016422459570145653,3.141592653589793,0.0,[100 101]
117,19,0.1948188863902245,0.0038594216307455964,3.141592653589793,0.0,[105]
119,19,0.19541131780874454,0.0005851915131520613,3.141592653589793,0.0,[105 115]
123,19,0.20112008710210605,0.028706574307957977,0.0,0.0,[114]
135,20,0.21367935603086152,0.023546866405065536,0.0,0.0,[123]
139,20,0.21411143756731166,0.01084603663980832,3.141592653589793,0.0,[117 119]
144,20,0.2170545852343615,0.006979484333026864,3.141592653589793,0.0,[117 119]
145,20,0.2172374017365183,0.01827337532097939,0.0,0.0,[117 119 123]
159,21,0.2255880510262942,0.015513809653803112,0.0,0.0,[135 145]
162,21,0.22775511374596125,0.0009125465345101169,3.141592653589793,0.0,[139 144]
167,22,0.23345580227898477,0.003493582108697102,0.0,0.0,[162]
168,22,0.2338772167893045,0.012736663475559684,0.0,0.0,[159]
174,22,0.23713038716671964,0.008455372069791856,0.0,0.0,[159 162]
178,23,0.24268207049531676,0.007406061445136558,0.0,0.0,[167 168 174]
206,24,0.2616815683352739,0.00970380878014887,3.141592653589793,0.0,[178]
208,24,0.26207548764087885,0.001390297904232063,0.0,0.0,[178]
235,25,0.2852408827009869,0.0030078289200121677,0.0,0.0,[206 208]
256,26,0.2923606187954354,0.007105580349116458,0.0,0.0,[235]
265,27,0.29580385484547356,0.004068357816815138,0.0,0.0,[256]
281,28,0.3090425407762062,0.015823429816643086,0.0,0.0,[265]
292,29,0.31414908062657443,0.015447522935225777,0.0,0.0,[281]
334,30,0.3418961803125252,0.012823513278552356,0.0,0.0,[292]
341,31,0.347317898065005,0.012556317400618244,0.0,0.0,[334]
377,32,0.3649283709790754,0.02208016451914352,0.0,0.0,[341]
407,32,0.38522511094773026,0.0459478208243258,0.0,0.0,[341]
399,33,0.37989673362774823,0.034017409143889954,0.0,0.0,[377]
435,33,0.39872871882881167,0.0561337724265244,0.0,0.0,[407]
449,34,0.40662744815976504,0.048390714639975685,0.0,0.0,[399 435]
483,35,0.41712834183281056,0.05331141379051918,0.0,0.0,[449]
498,36,0.4251608895977962,0.05766695843326164,0.0,0.0,[483]
510,37,0.43161908386325265,0.060915070024935125,0.0,0.0,[498]
560,38,0.45785748059378606,0.08668795336266022,0.0,0.0,[510]
604,38,0.4755208236030152,0.05982054370071821,0.0,0.0,[510]
633,39,0.48719913612549226,0.06233177810060564,0.0,0.0,[560 604]
645,40,0.49028763849043155,0.06159327358006683,0.0,0.0,[633]
712,41,0.514377242478784,0.056626658636843796,0.0,0.0,[645]
714,41,0.5169071385674892,0.06444127186349036,0.0,0.0,[645]
744,42,0.5285626230107272,0.056651343322077885,0.0,0.0,[712 714]
760,43,0.534986782563885,0.05219171703103853,0.0,0.0,[744]
793,43,0.5461292556383687,0.07387864969855895,0.0,0.0,[744]
819,44,0.5577536430330086,0.08018190430704142,0.0,0.0,[793]
853,44,0.5751314670822761,0.055295257310888135,0.0,0.0,[760 793]
829,45,0.5634343117791091,0.07844871411901566,0.0,0.0,[819]
847,45,0.5704628424124895,0.09010816655857679,0.0,0.0,[819]
864,45,0.5803775975440398,0.05629586392864361,0.0,0.0,[853]
861,46,0.5799237540151594,0.08439242065774011,0.0,0.0,[829 847]
902,46,0.5966170696209712,0.05313070524123176,0.0,0.0,[829 864]
888,47,0.5899276359716159,0.08574132776355692,0.0,0.0,[861]
903,47,0.5967769583295447,0.09296922473058644,0.0,0.0,[861]
927,47,0.6054693374480294,0.05864229290709877,0.0,0.0,[902]
933,48,0.6100890201095276,0.08209633362174884,0.0,0.0,[888 903]
935,48,0.6109445132942979,0.06183786745808528,0.0,0.0,[927]
956,49,0.621008036184423,0.08249438449449742,0.0,0.0,[933]
960,49,0.6230717796966198,0.05634641909683824,0.0,0.0,[935]
965,50,0.6309143252808129,0.06219783050863048,0.0,0.0,[960]
966,50,0.6329916782595338,0.07642393701608496,0.0,0.0,[956]
992,51,0.6489318855082008,0.07457073872395859,0.0,0.0,[965 966]
1002,51,0.6544484050135001,0.056118171454885735,0.0,0.0,[965 966]
1029,52,0.6751230835518347,0.05032985019553804,0.0,0.0,[ 992 1002]
1043,53,0.6828390530737684,0.05118557763496978,0.0,0.0,[1029]
1053,53,0.6909043543292461,0.042225873536046454,0.0,0.0,[1029]
1075,54,0.7032975523631914,0.04649792291819832,0.0,0.0,[1043 1053]
1089,55,0.7118409223423464,0.04497092997484775,0.0,0.0,[1075]
1097,56,0.7163663980424887,0.04046090544647185,0.0,0.0,[1089]
1109,56,0.7238285389628079,0.051158823746179305,0.0,0.0,[1089]
1135,57,0.7399862502349853,0.04255392437667238,0.0,0.0,[1097 1109]
1161,58,0.7617974755191965,0.02214137880185907,0.0,0.0,[1135]
1166,59,0.7655885581456129,0.02343648457703884,0.0,0.0,[1161]
1200,60,0.8019588242798623,0.00663821106370599,3.141592653589793,0.0,[1166]
1218,61,0.8136054138337195,0.004487656761554493,3.141592653589793,0.0,[1200]
1235,62,0.8371793098181034,0.009078224094530296,0.0,0.0,[1218]
1240,62,0.8418671012704994,0.03159380972698844,3.141592653589793,0.0,[1218]
1242,62,0.845091629682783,0.025839846834170066,3.141592653589793,0.0,[1218]
1249,63,0.8534093016822794,0.02437226552829952,3.141592653589793,0.0,[1240 1242]
1250,63,0.8538961032407546,0.007511342005504962,3.141592653589793,0.0,[1235]
1257,64,0.8619512055043463,0.003405447171538789,3.141592653589793,0.0,[1250]
1259,64,0.8647711629680869,0.032276165043577,3.141592653589793,0.0,[1249]
1264,64,0.8674675506397101,0.017620072332060976,3.141592653589793,0.0,[1249 1250]
1273,65,0.8805457158042165,0.0030226604187597594,3.141592653589793,0.0,[1257]
1275,65,0.8855158461209856,0.027148529886965256,3.141592653589793,0.0,[1259 1264]
1278,66,0.8891909971243027,0.01050788252215007,3.141592653589793,0.0,[1273]
1279,66,0.8919595399844943,0.03266984469155032,3.141592653589793,0.0,[1275]
1283,67,0.8993040152174084,0.03616857710864474,3.141592653589793,0.0,[1279]
1284,67,0.9043426040443318,0.0033489687690161363,0.0,0.0,[1278]
1285,67,0.9070856673605553,0.0013809171971651546,3.141592653589793,0.0,[1278]
1290,68,0.9173242719187865,0.02111988466134862,3.141592653589793,0.0,[1283]
1295,68,0.9228485188526471,0.012243922427551901,3.141592653589793,0.0,[1284 1285]
1296,69,0.926755590490996,0.029545119918793605,3.141592653589793,0.0,[1290]
1298,69,0.9280185567876745,0.017739422281677575,3.141592653589793,0.0,[1290]
1299,69,0.9284742318308196,0.015060993538210332,3.141592653589793,0.0,[1290 1295]
1300,70,0.936672631576481,0.017248019641905588,3.141592653589793,0.0,[1298 1299]
1301,70,0.9374368579331799,0.03217534283536827,3.141592653589793,0.0,[1296]
1302,71,0.9390808451377801,0.015591033746486072,3.141592653589793,0.0,[1300]
1305,71,0.9503784213197919,0.03757668398488101,3.141592653589793,0.0,[1301]
1308,72,0.969334406228504,0.020364218891840036,3.141592653589793,0.0,[1302 1305]
1309,72,0.973037421788253,0.005300053959925943,3.141592653589793,0.0,[1302]
1310,73,1.0,0.0,3.141592653589793,0.0,[1308 1309]
0,0,0.0,0.0,3.141592653589793,0.0,[]
1,1,0.029730822783571198,0.014181565192148193,0.0,0.0,[0]
4,1,0.04461789097797686,0.04055177874652205,0.0,0.0,[0]
5,2,0.04728173397949842,0.024697110863593386,0.0,0.0,[1]
13,2,0.07342692962416864,0.061485721502707924,0.0,0.0,[4]
11,3,0.07115095156967977,0.03133020996138347,0.0,0.0,[5]
12,3,0.07171880007597731,0.02053458514994455,0.0,0.0,[5]
20,3,0.09285383954820758,0.0790159401778725,0.0,0.0,[13]
21,3,0.0963404106369058,0.06333400949776125,0.0,0.0,[ 5 13]
15,4,0.08047014273960418,0.02930310860161567,0.0,0.0,[11]
19,4,0.09215433331024458,0.016883075149234372,0.0,0.0,[11 12]
27,4,0.10792081706825873,0.06032853130939786,0.0,0.0,[11 21]
28,4,0.10886789739597846,0.08609903764111415,0.0,0.0,[20]
41,4,0.135797815207639,0.11862409993903522,0.0,0.0,[20]
36,5,0.12696948907788475,0.046143797940535136,0.0,0.0,[15 19 27]
40,5,0.13579760534905727,0.06938005252244417,0.0,0.0,[15 27 28]
45,5,0.13847705787438025,0.05936752969024395,0.0,0.0,[15 19 27 28]
57,5,0.1557640093373004,0.10939755011091101,0.0,0.0,[28 41]
49,6,0.14998164409520298,0.0567817068608345,0.0,0.0,[36 40 45]
67,6,0.1621328725813963,0.10346227746269765,0.0,0.0,[57]
68,6,0.16217720878933983,0.11186923620759981,0.0,0.0,[57]
73,7,0.17040467926200475,0.07150840336360342,0.0,0.0,[49]
80,7,0.17986059903266272,0.12729564468486831,0.0,0.0,[68]
81,7,0.17994230305235992,0.108326688458938,0.0,0.0,[67 68]
85,8,0.186024159537301,0.07810798549997922,0.0,0.0,[73]
89,8,0.18987178526738424,0.12315298480294612,0.0,0.0,[80]
95,8,0.19649272661955197,0.10003244822445012,0.0,0.0,[81]
102,9,0.20464420000221473,0.11266123415826546,0.0,0.0,[89]
109,9,0.2116495981443336,0.09502619266552192,0.0,0.0,[85 95]
120,10,0.2201092657255289,0.12152544390273434,0.0,0.0,[102]
121,10,0.2209616912457273,0.11437753164986653,0.0,0.0,[102]
123,10,0.22203498846932646,0.0990575028573294,0.0,0.0,[102 109]
148,11,0.24336311819529488,0.10529469601212038,0.0,0.0,[120 121 123]
168,12,0.2572636064119319,0.09787079815856536,0.0,0.0,[148]
174,13,0.2611882205927374,0.09537407591051261,0.0,0.0,[168]
198,14,0.27399739763399766,0.09587933757053546,0.0,0.0,[174]
199,14,0.27467199790029684,0.09372055393143552,0.0,0.0,[174]
205,15,0.27884057338861445,0.09610291551071015,0.0,0.0,[198 199]
221,16,0.2874264984615076,0.08789285950153913,0.0,0.0,[205]
283,17,0.3232452458653018,0.11783139240849982,0.0,0.0,[221]
295,18,0.33058040629977503,0.11374121539146698,0.0,0.0,[283]
311,19,0.3411800666090503,0.10417132947409491,0.0,0.0,[295]
344,20,0.35297141607025107,0.10917933528620904,0.0,0.0,[311]
363,21,0.36479618138841985,0.1007008413736068,0.0,0.0,[344]
395,22,0.3829927422003454,0.0937747592571625,0.0,0.0,[363]
413,23,0.3923936992356273,0.09411243894539334,0.0,0.0,[395]
423,23,0.39648486256607895,0.10109890648532682,0.0,0.0,[395]
435,24,0.40549940550099284,0.10012114807923411,0.0,0.0,[413 423]
481,25,0.43092533626267315,0.09862441947569289,0.0,0.0,[435]
496,26,0.43726574153841447,0.10142681148190191,0.0,0.0,[481]
536,27,0.44929751593404255,0.10796569361344721,0.0,0.0,[496]
566,28,0.4652240660557567,0.0941388590993607,0.0,0.0,[536]
609,29,0.4816349040526742,0.07935002233174537,0.0,0.0,[566]
625,29,0.4892217002278718,0.10340894140440593,0.0,0.0,[566]
643,30,0.4973662288856122,0.08270932499632744,0.0,0.0,[609]
647,30,0.49858138863374424,0.09023407023177199,0.0,0.0,[609]
654,30,0.5006286434495181,0.09485370381597835,0.0,0.0,[609 625]
663,30,0.5056362108848726,0.10693828150494955,0.0,0.0,[625]
693,31,0.5176060709620994,0.10277153380711623,0.0,0.0,[643 647 654 663]
740,32,0.5310437991335603,0.10326246033940278,0.0,0.0,[693]
792,33,0.5489471427262809,0.1173765147581236,0.0,0.0,[740]
828,34,0.569640622142965,0.12091923105016289,0.0,0.0,[792]
876,35,0.5934127605463081,0.11748788151261591,0.0,0.0,[828]
894,36,0.6007716301620276,0.11694230660173743,0.0,0.0,[876]
907,37,0.607755774160358,0.11021499947911184,0.0,0.0,[894]
942,38,0.6206206087280426,0.11426456258263784,0.0,0.0,[907]
956,39,0.6291051785720507,0.1162367508849026,0.0,0.0,[942]
1001,40,0.647212901492835,0.09963715861225875,0.0,0.0,[956]
1055,41,0.6843871585963158,0.13641452619713845,0.0,0.0,[1001]
1070,42,0.6950798616858869,0.13943194377339974,0.0,0.0,[1055]
1100,43,0.7147022022460489,0.1588816530437619,0.0,0.0,[1070]
1110,44,0.7232389404253134,0.1580412682678609,0.0,0.0,[1100]
1119,45,0.7306621106411285,0.15411555770409402,0.0,0.0,[1110]
1128,46,0.7351100674183216,0.15054102553815962,0.0,0.0,[1119]
1139,47,0.7428209068606944,0.14491732921604006,0.0,0.0,[1128]
1143,48,0.7438735858089722,0.14394693581454243,0.0,0.0,[1139]
1153,49,0.7558969719674274,0.13628588429805266,0.0,0.0,[1143]
1178,50,0.7750103021787667,0.14844297196177825,0.0,0.0,[1153]
1188,50,0.7829162241340679,0.109798738257472,0.0,0.0,[1153]
1185,51,0.7802498782746748,0.1488376424293385,0.0,0.0,[1178]
1201,51,0.792544851572459,0.11687330442543764,0.0,0.0,[1188]
1219,52,0.8127226151367698,0.12056823036581443,0.0,0.0,[1185 1201]
1229,53,0.8194915819191603,0.1159420488108166,0.0,0.0,[1219]
1241,54,0.8354162228851336,0.1272576370084868,0.0,0.0,[1229]
1246,55,0.8389704512398332,0.12756740979837267,0.0,0.0,[1241]
1283,56,0.8848448468969079,0.09504917335188201,0.0,0.0,[1246]
1289,57,0.9026347869014237,0.08569079534907176,0.0,0.0,[1283]
1298,58,0.9194905015058357,0.07201633342804659,0.0,0.0,[1289]
1309,59,0.9730951378403367,0.02176087974727703,0.0,0.0,[1298]
1310,60,1.0,0.0,3.141592653589793,0.0,[1309]
0,0,0.0,0.0,3.141592653589793,0.0,[]
3,1,0.03967987683248975,0.024862596117474656,0.0,0.0,[0]
5,2,0.047618477341829335,0.03135672770196429,0.0,0.0,[3]
9,3,0.056050481539315244,0.027988849750139155,0.0,0.0,[5]
11,4,0.05870057724477029,0.02743353131726578,0.0,0.0,[9]
16,5,0.07618142368241798,0.03778354854670529,0.0,0.0,[11]
18,5,0.0827122659292161,0.00824801239012285,0.0,0.0,[11]
22,6,0.1007057929745272,0.019903789798854987,0.0,0.0,[16 18]
28,7,0.10651438065761942,0.01503196861000855,0.0,0.0,[22]
37,8,0.1255129196744733,0.019514937848655434,0.0,0.0,[28]
47,8,0.13599107332005878,0.04016240342354249,0.0,0.0,[28]
45,9,0.13410735982479138,0.026062605451638743,0.0,0.0,[37]
48,9,0.1374384218371506,0.038727733570015244,0.0,0.0,[47]
55,10,0.1453482108030203,0.034068763333623964,0.0,0.0,[45 48]
68,11,0.15680622231526598,0.03700582924514473,0.0,0.0,[55]
74,12,0.16286946169107275,0.03627437522098009,0.0,0.0,[68]
79,12,0.16885257930592312,0.04262441443276899,0.0,0.0,[68]
81,12,0.17233968275330247,0.05161207101742504,0.0,0.0,[68]
108,13,0.2021976075762788,0.06715505837243885,0.0,0.0,[74 79 81]
117,14,0.21051457924029915,0.07013209297198308,0.0,0.0,[108]
132,15,0.22946693753609504,0.08242808175958805,0.0,0.0,[117]
139,16,0.2334223202175314,0.08187022609201067,0.0,0.0,[132]
145,17,0.23770695703279865,0.08199877298549463,0.0,0.0,[139]
166,18,0.2558615656640404,0.06467653715968635,0.0,0.0,[145]
193,19,0.27676716942172486,0.057471030203851914,0.0,0.0,[166]
206,20,0.2934569929710156,0.05721355504939085,0.0,0.0,[193]
213,21,0.29958269444416463,0.05543054789827684,0.0,0.0,[206]
241,22,0.31969387874179656,0.04519011993934807,0.0,0.0,[213]
259,23,0.33318663482783395,0.0389252022536013,0.0,0.0,[241]
322,24,0.3701593793516694,0.056526465833823925,0.0,0.0,[259]
377,25,0.39246199985862407,0.07018542476005796,0.0,0.0,[322]
382,25,0.3937997163782836,0.07862833877393882,0.0,0.0,[322]
413,26,0.40781719769481883,0.08352283581759223,0.0,0.0,[377 382]
424,27,0.41249238141702305,0.08536274720045933,0.0,0.0,[413]
441,28,0.4249690839279153,0.08567236033915504,0.0,0.0,[424]
463,29,0.43436169578260087,0.082801833446706,0.0,0.0,[441]
548,30,0.4657115649125262,0.058913061120431265,0.0,0.0,[463]
549,30,0.4661781006079818,0.06179221326154427,0.0,0.0,[463]
590,31,0.47950761510690565,0.05275812316244599,0.0,0.0,[548 549]
609,32,0.489526887151322,0.043667074406766315,0.0,0.0,[590]
628,33,0.4991773382636523,0.05318037893272887,0.0,0.0,[609]
645,34,0.5066982038172607,0.057017699629729135,0.0,0.0,[628]
730,35,0.5400885846007335,0.0765761248848591,0.0,0.0,[645]
755,36,0.5548205837886683,0.07619314847965453,0.0,0.0,[730]
757,36,0.5565903081682024,0.08389191034491794,0.0,0.0,[730]
775,37,0.5648327676447307,0.07654911200006809,0.0,0.0,[755 757]
785,37,0.5698847942318603,0.09080620410365403,0.0,0.0,[755 757]
792,38,0.5725161606045907,0.08360975640412527,0.0,0.0,[775]
795,38,0.5735427552651657,0.08732154157003291,0.0,0.0,[785]
818,38,0.5817270630981708,0.10152215768962625,0.0,0.0,[785]
849,39,0.5937154377559414,0.0917088067996138,0.0,0.0,[792 795 818]
857,40,0.5968426274894637,0.09064397572001948,0.0,0.0,[849]
891,41,0.615191941212379,0.09586252123977868,0.0,0.0,[857]
921,42,0.6308825777018857,0.09162076508128669,0.0,0.0,[891]
929,43,0.6338662000685559,0.09200803639327326,0.0,0.0,[921]
945,44,0.6429576881173867,0.09966236306934528,0.0,0.0,[929]
968,45,0.6556207860064724,0.10744830298947061,0.0,0.0,[945]
979,46,0.6623292906567437,0.10941912313675617,0.0,0.0,[968]
999,47,0.6721722979314798,0.11756206744230813,0.0,0.0,[979]
1010,48,0.679958176346832,0.1191427480292434,0.0,0.0,[999]
1022,49,0.6876484551208791,0.11774117613166846,0.0,0.0,[1010]
1030,50,0.6913434276888326,0.11456187189661071,0.0,0.0,[1022]
1037,50,0.696769241278207,0.12394441703733228,0.0,0.0,[1022]
1055,51,0.7086984795280393,0.1127780159659203,0.0,0.0,[1030 1037]
1088,52,0.7294326883693649,0.09872736957407446,0.0,0.0,[1055]
1097,52,0.7338138126816521,0.08778639305729163,0.0,0.0,[1055]
1104,53,0.7375191460128364,0.10110935004138388,0.0,0.0,[1088]
1134,53,0.7593072272398311,0.0748770179856405,0.0,0.0,[1088 1097]
1149,54,0.7704405048607434,0.07407106189856805,0.0,0.0,[1104 1134]
1179,55,0.7974840730153153,0.05028904108306187,0.0,0.0,[1149]
1193,56,0.8048645811314936,0.043545517260045186,0.0,0.0,[1179]
1211,57,0.8153742230984361,0.034935494065067685,0.0,0.0,[1193]
1215,57,0.8167767786473579,0.0394540000094431,0.0,0.0,[1193]
1219,58,0.8196585982744485,0.03746727371034464,0.0,0.0,[1211 1215]
1233,59,0.8363012934715274,0.03981506065547091,0.0,0.0,[1219]
1241,59,0.8446305469100585,0.05228509884167121,0.0,0.0,[1219]
1242,59,0.8446867267063897,0.01636115492544099,0.0,0.0,[1219]
1245,59,0.8457849419826499,0.01880926176757791,0.0,0.0,[1219]
1248,60,0.8484473159020824,0.049810888918173646,0.0,0.0,[1233 1241]
1251,60,0.8535377456488511,0.03155349709195354,0.0,0.0,[1233]
1255,60,0.8561984524324187,0.036347256379612114,0.0,0.0,[1233]
1260,60,0.861070091325194,0.00620669394003881,0.0,0.0,[1242 1245]
1266,61,0.869130996930607,0.041284261339871065,0.0,0.0,[1248 1251 1255]
1272,61,0.8790705254277879,0.010210614380641081,3.141592653589793,0.0,[1260]
1273,61,0.8790786411698284,0.016606759812118788,0.0,0.0,[1251 1255 1260]
1274,62,0.8796458137649529,0.043702408115741886,0.0,0.0,[1266]
1283,62,0.9098872892392307,0.01770191439052038,3.141592653589793,0.0,[1272]
1284,62,0.9105393342280697,0.027234639887753986,3.141592653589793,0.0,[1272]
1286,62,0.9115733887389336,0.002769829208566832,3.141592653589793,0.0,[1272 1273]
1282,63,0.9069279485360615,0.0319779933728892,0.0,0.0,[1274]
1289,63,0.9200163380229892,0.02214942207394821,3.141592653589793,0.0,[1283 1284]
1291,63,0.9217195913445966,0.008571666177823012,3.141592653589793,0.0,[1283 1286]
1287,64,0.9156638565979478,0.025933988247102913,0.0,0.0,[1282]
1296,64,0.9304040066337911,0.01665995643062068,3.141592653589793,0.0,[1289 1291]
1298,64,0.9358654623408658,0.02394648928514964,3.141592653589793,0.0,[1289]
1295,65,0.9293277600220721,0.0332285735396457,0.0,0.0,[1287]
1300,65,0.9455092028047815,0.022563585063108516,3.141592653589793,0.0,[1296 1298]
1301,66,0.9493198964375711,0.03355070345803124,0.0,0.0,[1295]
1302,66,0.9500579900817259,0.01413896643276058,0.0,0.0,[1295]
1304,66,0.9555345742808556,0.025496656945170226,3.141592653589793,0.0,[1300]
1303,67,0.952478467917186,0.0321950238150448,0.0,0.0,[1301]
1305,67,0.9611941210045192,0.023137678579831955,0.0,0.0,[1301 1302]
1307,67,0.976969251081623,0.0001464502091619302,0.0,0.0,[1302]
1308,67,0.9805119790516832,0.005675487474246621,3.141592653589793,0.0,[1302 1304]
1309,68,0.9930186939567054,0.00614620435393165,0.0,0.0,[1303 1305 1307 1308]
1310,69,1.0,0.0,3.141592653589793,0.0,[1309]
0,0,0.0,0.0,3.141592653589793,0.0,[]
1,1,0.009465637595315934,0.006342240407217203,0.0,0.0,[0]
2,1,0.01158411736404863,0.0048503818814483735,3.141592653589793,0.0,[0]
3,1,0.01568768238990792,0.00027346019277718625,3.141592653589793,0.0,[0]
4,2,0.018369555373610513,0.0073248803266853235,0.0,0.0,[1]
5,2,0.019939687247895854,0.0034727798321380066,0.0,0.0,[1 2 3]
6,2,0.023512547878665968,0.015202333350078145,0.0,0.0,[1]
8,3,0.028694667564374998,0.0007394752133916827,0.0,0.0,[4 5]
9,3,0.03371290025987306,0.007309854415522787,0.0,0.0,[4 5 6]
10,4,0.05252940216455804,0.00657727020191623,0.0,0.0,[8 9]
12,4,0.05561689210454224,0.011959626424029035,0.0,0.0,[8 9]
14,4,0.060643630583484764,0.007921362940410681,3.141592653589793,0.0,[8 9]
17,5,0.06723287344638873,0.010029338917703745,3.141592653589793,0.0,[14]
20,5,0.07177723261212332,0.01245638003869165,0.0,0.0,[10 12]
24,6,0.08138942657051962,0.0025565607258580814,0.0,0.0,[17]
25,6,0.0815745959359715,0.004434391566302653,0.0,0.0,[20]
32,7,0.08911012455733813,0.009445982749073045,0.0,0.0,[24 25]
34,8,0.09152068423678095,0.008159870679981363,0.0,0.0,[32]
41,9,0.10340700812810144,0.007377221738770756,0.0,0.0,[34]
51,9,0.122900760794589,0.027330420110698972,0.0,0.0,[34]
52,10,0.12412713906755113,0.01120715659588667,0.0,0.0,[41]
58,10,0.13478484616309228,0.03836108828559892,0.0,0.0,[41 51]
64,11,0.14077624973810965,0.008973973445491557,0.0,0.0,[52]
72,11,0.14994787053212344,0.052087662431170245,0.0,0.0,[58]
84,12,0.1699067175322605,0.04093184017053775,0.0,0.0,[72]
86,12,0.17221925348893663,0.047926130993172,0.0,0.0,[72]
87,12,0.17246180901959496,0.032555369920033495,0.0,0.0,[64 72]
88,12,0.1738839449865659,0.05794623856224468,0.0,0.0,[72]
89,12,0.17581905657093966,0.06276087973910471,0.0,0.0,[72]
105,13,0.19490856024577152,0.052944032986810274,0.0,0.0,[84 86 87 88 89]
117,14,0.2063000678112148,0.05688655731251646,0.0,0.0,[105]
128,15,0.21094136708454447,0.05360357700637097,0.0,0.0,[117]
141,16,0.2245622492920547,0.05136810074720122,0.0,0.0,[128]
145,16,0.22600577382148979,0.06048696981482582,0.0,0.0,[128]
170,17,0.2487866027142761,0.07088563269683623,0.0,0.0,[141 145]
171,17,0.24880070713158708,0.05693411105688595,0.0,0.0,[141 145]
192,18,0.26561803474606327,0.059385021039572994,0.0,0.0,[170 171]
193,18,0.26582773091350564,0.05428918761653101,0.0,0.0,[170 171]
201,19,0.269158203657331,0.056335367234765954,0.0,0.0,[192 193]
219,20,0.28030499690230615,0.06608143906039476,0.0,0.0,[201]
262,21,0.3095395476730637,0.09123251352051431,0.0,0.0,[219]
278,22,0.3178931380349268,0.09508270941668229,0.0,0.0,[262]
297,23,0.32896466028950344,0.09959624652130239,0.0,0.0,[278]
327,24,0.34753895493476106,0.0885550795168889,0.0,0.0,[297]
329,25,0.34874246929434327,0.08914423591563614,0.0,0.0,[327]
346,26,0.3596518338680722,0.08853347581589899,0.0,0.0,[329]
360,26,0.3686398122039929,0.0766588373205791,0.0,0.0,[329]
382,26,0.38029548766439014,0.06057311789937658,0.0,0.0,[329]
390,26,0.3864833874171344,0.051708804968252475,0.0,0.0,[329]
369,27,0.37348787237755154,0.07931997111284605,0.0,0.0,[346 360]
395,27,0.3900431362751793,0.056205339543793476,0.0,0.0,[360 382]
409,27,0.3977942848712315,0.04348057064552113,0.0,0.0,[382 390]
420,28,0.40436295771981756,0.06857051987537877,0.0,0.0,[369 395]
438,28,0.4131957885911831,0.05446652650244932,0.0,0.0,[369 395 409]
472,29,0.42419062095258275,0.0502153318743751,0.0,0.0,[420 438]
485,30,0.43053723817864875,0.056034690396062126,0.0,0.0,[472]
490,30,0.4325440180611928,0.04410057853957594,0.0,0.0,[472]
531,31,0.4515556299371072,0.055937339106405415,0.0,0.0,[485 490]
532,31,0.4522600249281835,0.061112260297930376,0.0,0.0,[485 490]
542,32,0.4582084869184704,0.057109585215003644,0.0,0.0,[531 532]
599,33,0.4801440529275689,0.054023723177045624,0.0,0.0,[542]
606,33,0.48252523440475115,0.0378257236466395,0.0,0.0,[542]
609,33,0.48355707779195245,0.03340632439522295,0.0,0.0,[542]
638,34,0.500782701543517,0.062176606410214164,0.0,0.0,[599]
682,34,0.5180910863165673,0.04476857518835009,0.0,0.0,[599 606 609]
707,35,0.5259133867681577,0.03791809342379626,0.0,0.0,[638 682]
746,36,0.5408863449392703,0.03955175950368928,0.0,0.0,[707]
764,37,0.5500434755957535,0.04852304812446462,0.0,0.0,[746]
768,37,0.5513983930887407,0.039700715216239746,0.0,0.0,[746]
804,38,0.5640113773543866,0.03635837134598685,0.0,0.0,[764 768]
829,39,0.5752882346616147,0.03135455876861648,0.0,0.0,[804]
884,40,0.6024115529709879,0.055886791040463124,0.0,0.0,[829]
933,41,0.6279633240851705,0.03672648548655,0.0,0.0,[884]
964,42,0.6429827893086019,0.03421246625057839,0.0,0.0,[933]
1001,43,0.6619670051366972,0.015573091480779788,0.0,0.0,[964]
1010,44,0.667459576816957,0.017061488624598997,0.0,0.0,[1001]
1012,45,0.668536795679097,0.016123341417018655,0.0,0.0,[1010]
1065,46,0.6990906233295521,0.006418720440194536,3.141592653589793,0.0,[1012]
1096,47,0.7150281993892516,0.01916132575241558,3.141592653589793,0.0,[1065]
1104,48,0.7176102279889346,0.018640116820369146,3.141592653589793,0.0,[1096]
1125,49,0.7383788581077528,0.0105264797548269,3.141592653589793,0.0,[1104]
1126,49,0.741105420060812,0.006349641523769045,3.141592653589793,0.0,[1104]
1146,50,0.7507629813627414,0.002053936754062291,3.141592653589793,0.0,[1125 1126]
1164,51,0.761690229711695,0.003780976071180331,0.0,0.0,[1146]
1187,52,0.7814416184742939,0.0067746393254151105,3.141592653589793,0.0,[1164]
1188,53,0.7826090883707085,0.007001895685281645,3.141592653589793,0.0,[1187]
1196,54,0.7901934591055878,0.0013679926390882668,3.141592653589793,0.0,[1188]
1207,55,0.7998321117236992,0.005366965952295688,3.141592653589793,0.0,[1196]
1219,56,0.813104650751534,0.013212173298472463,3.141592653589793,0.0,[1207]
1233,56,0.827067298904474,0.009502878374421764,0.0,0.0,[1207]
1243,57,0.8383704159776509,0.0017145359084851375,0.0,0.0,[1219 1233]
1246,58,0.842032708542077,0.001150158738690843,3.141592653589793,0.0,[1243]
1257,59,0.8545395346307394,0.007491745390903359,0.0,0.0,[1246]
1267,60,0.874646615783955,0.023842598225910283,0.0,0.0,[1257]
1272,61,0.8838780667041926,0.018974329484295893,0.0,0.0,[1267]
1276,62,0.8873923265983769,0.017522469018118825,0.0,0.0,[1272]
1290,63,0.9097880503293744,0.008486525441055104,0.0,0.0,[1276]
1292,64,0.912742886044285,0.008143671175241396,0.0,0.0,[1290]
1306,65,0.938306018851111,0.010245649040845906,3.141592653589793,0.0,[1292]
1308,66,0.9550498833869597,0.00697684456517722,3.141592653589793,0.0,[1306]
1309,66,0.9563781347174752,0.019263219212100502,3.141592653589793,0.0,[1306]
1310,67,1.0,0.0,3.141592653589793,0.0,[1308 1309]
0,0,0.0,0.0,3.141592653589793,0.0,[]
3,1,0.031824636736085044,0.03138774190576432,0.0,0.0,[0]
4,2,0.04086855564496483,0.03112811490287426,0.0,0.0,[3]
6,3,0.04290465225209916,0.03060953420605428,0.0,0.0,[4]
13,4,0.06900364046642016,0.016973315014455648,0.0,0.0,[6]
15,5,0.07308847683710484,0.01622557383446155,0.0,0.0,[13]
16,5,0.07368356287625621,0.017258043004930834,0.0,0.0,[13]
18,6,0.08035804934690449,0.014077746316420225,0.0,0.0,[15 16]
19,7,0.08774636492716303,0.018630027894105616,0.0,0.0,[18]
21,8,0.0900250849937595,0.01869975078903474,0.0,0.0,[19]
34,9,0.11375358394108659,0.0007545434273545926,3.141592653589793,0.0,[21]
44,10,0.128180538952811,0.003474247329480873,3.141592653589793,0.0,[34]
56,11,0.14053703535918782,0.003490337390073761,0.0,0.0,[44]
59,12,0.1440681266580044,0.0026105340123240284,0.0,0.0,[56]
62,12,0.14685813425832617,0.00931988021168162,0.0,0.0,[56]
76,13,0.17181494267440667,0.013856665434270665,3.141592653589793,0.0,[59 62]
89,14,0.18539570693246887,0.019015172689821447,3.141592653589793,0.0,[76]
103,15,0.1942831872162094,0.023644702726858036,3.141592653589793,0.0,[89]
106,15,0.19560640283780795,0.02142336314337112,3.141592653589793,0.0,[89]
114,16,0.20297945681069973,0.024879678497866098,3.141592653589793,0.0,[103 106]
131,17,0.2186123748020966,0.022449577763816397,3.141592653589793,0.0,[114]
144,17,0.2294345438982338,0.05036018539464138,3.141592653589793,0.0,[114]
159,18,0.24296620657650292,0.052754523330972636,3.141592653589793,0.0,[144]
165,18,0.24558300866122962,0.04883199035553054,3.141592653589793,0.0,[131 144]
171,19,0.2495136395933094,0.05920150995557982,3.141592653589793,0.0,[159]
178,19,0.2566155670139356,0.04923769793151722,3.141592653589793,0.0,[159 165]
190,20,0.2628090087331737,0.05238831840265623,3.141592653589793,0.0,[171 178]
198,21,0.2671677293534115,0.054023995238588474,3.141592653589793,0.0,[190]
210,22,0.2836556791960255,0.05858052920513057,3.141592653589793,0.0,[198]
212,22,0.2861109177460418,0.03697085681277279,3.141592653589793,0.0,[198]
220,23,0.29018440106460297,0.0564373167290414,3.141592653589793,0.0,[210]
228,23,0.2973551766659085,0.04805772004828812,3.141592653589793,0.0,[210 212]
237,23,0.3009059488883511,0.02743974774758362,3.141592653589793,0.0,[212]
291,24,0.32898909565080914,0.03782674213019288,3.141592653589793,0.0,[220 228 237]
321,25,0.34025514867227225,0.041628278717567246,3.141592653589793,0.0,[291]
330,25,0.34289342923822563,0.02882245319494192,3.141592653589793,0.0,[291]
355,26,0.3559002758411616,0.030890395994903064,3.141592653589793,0.0,[321 330]
379,27,0.3656069195617896,0.030062431825039093,3.141592653589793,0.0,[355]
385,28,0.37078141961885036,0.03392036846746371,3.141592653589793,0.0,[379]
422,29,0.3935447132830099,0.013248911638639504,3.141592653589793,0.0,[385]
455,30,0.4118520142191111,0.0010573761111685176,0.0,0.0,[422]
481,31,0.42630391761143216,0.014158341134350994,0.0,0.0,[455]
519,32,0.4431605048746885,0.022969730827982704,0.0,0.0,[481]
522,33,0.4452483280725098,0.02133871163951473,0.0,0.0,[519]
554,34,0.4576249656473027,0.010522846433165922,0.0,0.0,[522]
630,35,0.4867103893099155,0.022657400032560226,0.0,0.0,[554]
678,36,0.5053660336407432,0.03551830291251745,0.0,0.0,[630]
692,36,0.5100983508348873,0.04097686268419942,0.0,0.0,[630]
720,37,0.5181021929123147,0.04589547629361512,0.0,0.0,[678 692]
738,38,0.5255183478212924,0.040052155411766543,0.0,0.0,[720]
772,39,0.536244999709182,0.031861643254042726,0.0,0.0,[738]
815,40,0.551680150840473,0.046075331906516026,0.0,0.0,[772]
865,41,0.5686168637256165,0.059054004340452715,0.0,0.0,[815]
876,42,0.5736611599365931,0.05672410053253296,0.0,0.0,[865]
916,43,0.5924851276539911,0.06174286088456715,0.0,0.0,[876]
932,44,0.6015551642125994,0.05918843449649913,0.0,0.0,[916]
942,45,0.6088734842849778,0.06030962593106992,0.0,0.0,[932]
980,46,0.6263397806461499,0.06937879248715773,0.0,0.0,[942]
982,46,0.6278864470798621,0.06249947122922905,0.0,0.0,[942]
1013,47,0.6469475951524742,0.05111641447566917,0.0,0.0,[980 982]
1030,48,0.6600979873680428,0.040521227352978695,0.0,0.0,[1013]
1045,49,0.6711214920573213,0.03385019906190845,0.0,0.0,[1030]
1046,49,0.6715447723271089,0.030262503437442856,0.0,0.0,[1030]
1079,50,0.6898091840702796,0.025579915193343794,0.0,0.0,[1045 1046]
1086,50,0.6923404930093182,0.0357543439184248,0.0,0.0,[1045 1046]
1097,50,0.6973474435467999,0.00479620039240003,0.0,0.0,[1046]
1104,51,0.7005226205194977,0.005828461645170702,0.0,0.0,[1097]
1109,51,0.7023521150283851,0.03001328650714874,0.0,0.0,[1079 1086]
1130,52,0.7196954692932629,0.03021047447826164,0.0,0.0,[1109]
1153,52,0.7419280485953691,0.0176565222187568,3.141592653589793,0.0,[1104]
1161,53,0.7460838306835809,0.019484633451007816,0.0,0.0,[1130]
1171,53,0.7564833683753214,0.024839780451012983,3.141592653589793,0.0,[1153]
1174,54,0.7615722789440907,0.028098385638230416,3.141592653589793,0.0,[1171]
1180,54,0.7664547016044102,0.021586515726611744,0.0,0.0,[1161]
1198,54,0.780774161763933,0.049088693214713874,3.141592653589793,0.0,[1171]
1189,55,0.7716138298606825,0.030749039980686566,3.141592653589793,0.0,[1174]
1194,55,0.7784654497737181,0.04121943356919344,3.141592653589793,0.0,[1174]
1201,55,0.7819632917393823,0.04847663033702321,3.141592653589793,0.0,[1174 1198]
1202,55,0.7822652228973362,0.04773685418885509,3.141592653589793,0.0,[1174 1198]
1214,55,0.7928370058195726,0.024125022557912157,0.0,0.0,[1180]
1209,56,0.7909179887041956,0.0565798127136542,3.141592653589793,0.0,[1201]
1220,56,0.7965570417886412,0.04498549718245681,3.141592653589793,0.0,[1189 1194 1201 1202]
1224,56,0.8004053254867123,0.0224413241555681,0.0,0.0,[1214]
1225,57,0.8031210500592755,0.04660733098360259,3.141592653589793,0.0,[1209 1220]
1232,57,0.8096086694507252,0.01353009684743145,0.0,0.0,[1224]
1237,58,0.8142208487274696,0.044240505146692866,3.141592653589793,0.0,[1225]
1249,58,0.8320818579234806,0.01816210843479693,3.141592653589793,0.0,[1225]
1255,58,0.8423040753195606,0.03465132505863422,0.0,0.0,[1232]
1246,59,0.8311708027544247,0.04107554221117915,3.141592653589793,0.0,[1237]
1254,59,0.8408835509240626,0.05800831684946661,3.141592653589793,0.0,[1237]
1266,59,0.8609089622550555,0.00241141207259965,0.0,0.0,[1237 1249]
1269,59,0.8641720610753495,0.022637345249912455,0.0,0.0,[1255]
1272,60,0.8689998800865456,0.022748415340123174,0.0,0.0,[1269]
1276,60,0.8731802486281954,0.03509720255731419,3.141592653589793,0.0,[1246 1254]
1278,60,0.875354417106696,0.005065518058391838,3.141592653589793,0.0,[1246 1266]
1280,60,0.8792261158359889,0.05445448373934103,3.141592653589793,0.0,[1246 1254]
1283,61,0.8910879671164647,0.06526680633600446,3.141592653589793,0.0,[1280]
1285,61,0.8964713754030669,0.03266683769979306,3.141592653589793,0.0,[1276]
1288,61,0.9002324538029919,0.054404329516627215,3.141592653589793,0.0,[1276 1280]
1289,61,0.9003902109972889,0.05236236695684193,3.141592653589793,0.0,[1276 1280]
1290,61,0.9013989844965018,0.03759960359574033,0.0,0.0,[1272]
1294,61,0.9098450952555994,0.0062532486074288185,0.0,0.0,[1272 1278]
1292,62,0.9065381002662322,0.056346613242189036,3.141592653589793,0.0,[1283 1288 1289]
1298,62,0.9445452290406443,0.014639549931671048,0.0,0.0,[1285 1290 1294]
1297,63,0.93738486102428,0.03336558878550244,3.141592653589793,0.0,[1292]
1301,63,0.9612165373662,0.010638811726717323,0.0,0.0,[1298]
1305,64,0.9753124373150492,0.0010780886398662481,3.141592653589793,0.0,[1297 1301]
1307,65,0.979894007313691,0.00368592418845215,3.141592653589793,0.0,[1305]
1309,66,0.9871550775104964,0.007792612773394714,3.141592653589793,0.0,[1307]
1310,67,1.0,0.0,3.141592653589793,0.0,[1309]
0,0,0.0,0.0,3.141592653589793,0.0,[]
1,1,0.021387209517289008,0.001059858548005499,3.141592653589793,0.0,[0]
2,1,0.04334659833898602,0.023698239563822998,3.141592653589793,0.0,[0]
5,2,0.04954074850793,0.02363622012559996,3.141592653589793,0.0,[1 2]
9,3,0.05973796662355613,0.014724245276385606,3.141592653589793,0.0,[5]
15,4,0.07436009805592159,0.006915591771030516,3.141592653589793,0.0,[9]
25,5,0.09085506218508088,0.0022804267744485074,3.141592653589793,0.0,[15]
28,6,0.09638842299349637,0.0018182152414524255,3.141592653589793,0.0,[25]
45,7,0.11775547899257877,0.01328995895356222,3.141592653589793,0.0,[28]
61,8,0.13814293908333464,0.02669268437445893,3.141592653589793,0.0,[45]
62,8,0.14383350653293026,0.03845258207583657,3.141592653589793,0.0,[45]
68,9,0.16452426068621395,0.03284559463833525,3.141592653589793,0.0,[61 62]
70,9,0.16767706515999636,0.03707717777143871,3.141592653589793,0.0,[61 62]
76,9,0.1730069130755435,0.05273293661092904,3.141592653589793,0.0,[61 62]
79,9,0.17576636491593445,0.05566443330621362,3.141592653589793,0.0,[61 62]
82,10,0.17795066481582977,0.035718673075818774,3.141592653589793,0.0,[68 70]
83,10,0.1780444455802518,0.05735601167605853,3.141592653589793,0.0,[76 79]
90,10,0.18130280952755662,0.0393730984510855,3.141592653589793,0.0,[68 70]
101,11,0.19308452564908196,0.04615510956037705,3.141592653589793,0.0,[82 83 90]
109,12,0.20077187612428637,0.05133957514849741,3.141592653589793,0.0,[101]
131,13,0.21995558433000606,0.04791530736258309,3.141592653589793,0.0,[109]
136,14,0.2232514527740862,0.044687358568606506,3.141592653589793,0.0,[131]
152,15,0.2321712301129223,0.051034892594452375,3.141592653589793,0.0,[136]
161,16,0.23862697522694887,0.05427444034508744,3.141592653589793,0.0,[152]
167,17,0.24518585499962353,0.05631189196583364,3.141592653589793,0.0,[161]
198,17,0.2667131813878728,0.07824796260833011,3.141592653589793,0.0,[161]
219,18,0.28004244438708836,0.0705539179274366,3.141592653589793,0.0,[167 198]
236,19,0.29366047940278006,0.08211015153723022,3.141592653589793,0.0,[219]
244,20,0.29924453403251494,0.08018812124477359,3.141592653589793,0.0,[236]
263,21,0.3145928441545589,0.0800073954320133,3.141592653589793,0.0,[244]
296,22,0.33861072534395686,0.09323810596611182,3.141592653589793,0.0,[263]
305,23,0.34585971215285227,0.09353258311648394,3.141592653589793,0.0,[296]
307,24,0.34659641897622817,0.09326308665368765,3.141592653589793,0.0,[305]
320,25,0.35113416008060716,0.09165618181430002,3.141592653589793,0.0,[307]
349,26,0.37066027172596294,0.08807919849011603,3.141592653589793,0.0,[320]
377,27,0.3855610573335979,0.0992737462333878,3.141592653589793,0.0,[349]
393,28,0.3895253107162321,0.09694406378160769,3.141592653589793,0.0,[377]
414,29,0.39952666144765847,0.10274430291124104,3.141592653589793,0.0,[393]
440,30,0.41514184778492313,0.110078449833521,3.141592653589793,0.0,[414]
478,31,0.4307961325129095,0.10228269455325889,3.141592653589793,0.0,[440]
499,32,0.44064920262452123,0.10739339363323563,3.141592653589793,0.0,[478]
525,33,0.45164481283024094,0.1020916118837969,3.141592653589793,0.0,[499]
538,33,0.45492022467698157,0.09568567146510643,3.141592653589793,0.0,[499]
556,34,0.46429459792237016,0.11331820616816735,3.141592653589793,0.0,[525]
563,34,0.46611081336023175,0.10559681891616146,3.141592653589793,0.0,[525 538]
574,34,0.4688303933834683,0.10279834816979339,3.141592653589793,0.0,[525 538]
587,35,0.47498288447151027,0.10389180811772947,3.141592653589793,0.0,[556 563 574]
641,36,0.49470841612050853,0.0889544983462438,3.141592653589793,0.0,[587]
658,36,0.4998165300964653,0.10135862282499286,3.141592653589793,0.0,[587]
663,37,0.5019606420892759,0.08987839440783574,3.141592653589793,0.0,[641]
677,37,0.5071824689241095,0.10067899783436052,3.141592653589793,0.0,[641 658]
715,38,0.5195216985252233,0.10119648469772291,3.141592653589793,0.0,[663 677]
733,39,0.5290248066669797,0.10412172795195385,3.141592653589793,0.0,[715]
756,39,0.5379691132837086,0.08910518824573188,3.141592653589793,0.0,[715]
797,40,0.5527616241303545,0.08089739494873349,3.141592653589793,0.0,[733 756]
817,41,0.5622639262708082,0.08268679250158162,3.141592653589793,0.0,[797]
821,41,0.562760369787591,0.08041710440830119,3.141592653589793,0.0,[797]
841,41,0.5687508952053871,0.06695759249667332,3.141592653589793,0.0,[797]
883,42,0.59093445542667,0.08477453864123896,3.141592653589793,0.0,[817 821 841]
894,43,0.5947048101650584,0.08334455796113094,3.141592653589793,0.0,[883]
904,44,0.599869601009322,0.07846114872962506,3.141592653589793,0.0,[894]
930,45,0.612381620879172,0.07654914812812341,3.141592653589793,0.0,[904]
954,46,0.6230723062053684,0.07708834618136917,3.141592653589793,0.0,[930]
966,47,0.6303832626290375,0.08026380045175607,3.141592653589793,0.0,[954]
979,47,0.6369358710343876,0.09027585729971621,3.141592653589793,0.0,[954]
1001,48,0.6506649196627315,0.06300536207813323,3.141592653589793,0.0,[966]
1010,48,0.655379638336158,0.07361169620641783,3.141592653589793,0.0,[966 979]
1024,49,0.6637316792053493,0.06777428092749027,3.141592653589793,0.0,[1001 1010]
1043,50,0.6781636309939734,0.07376739505906615,3.141592653589793,0.0,[1024]
1056,50,0.6824958959557722,0.07841389067664373,3.141592653589793,0.0,[1024]
1078,51,0.6962982441469925,0.08066602393867317,3.141592653589793,0.0,[1043 1056]
1104,52,0.7116389705487003,0.09338367410991766,3.141592653589793,0.0,[1078]
1109,52,0.7140135037567726,0.07577673609602287,3.141592653589793,0.0,[1078]
1145,53,0.7447717108733234,0.07150561906505426,3.141592653589793,0.0,[1104 1109]
1156,53,0.7516343500821718,0.05341855777667659,3.141592653589793,0.0,[1104 1109]
1158,54,0.7531307947251918,0.06937691020539904,3.141592653589793,0.0,[1145]
1160,54,0.7551052924294795,0.05454437713464377,3.141592653589793,0.0,[1156]
1169,55,0.7623543331626791,0.06252450754822392,3.141592653589793,0.0,[1158]
1202,55,0.8066301325505975,0.0036776485404957926,3.141592653589793,0.0,[1160]
1196,56,0.7984872930645747,0.07392639417890368,3.141592653589793,0.0,[1169]
1198,56,0.8008359175927803,0.03381758546560942,3.141592653589793,0.0,[1169]
1211,56,0.8112283618926759,0.007130730649538064,3.141592653589793,0.0,[1202]
1216,57,0.8144394046930188,0.08383745212139493,3.141592653589793,0.0,[1196]
1226,57,0.8266243924079303,0.014125508894698768,3.141592653589793,0.0,[1198 1211]
1228,58,0.8276992081261362,0.08469990144928796,3.141592653589793,0.0,[1216]
1236,58,0.8409827589386446,0.02799361392111699,3.141592653589793,0.0,[1226]
1241,58,0.8444508662082812,0.010143226643070657,3.141592653589793,0.0,[1226]
1234,59,0.8364540690690785,0.0783061734007986,3.141592653589793,0.0,[1228]
1244,59,0.8515994144587674,0.010105752839052129,3.141592653589793,0.0,[1241]
1250,59,0.8575565716810377,0.03279199316886494,3.141592653589793,0.0,[1236]
1237,60,0.8425639328722488,0.07922606633763507,3.141592653589793,0.0,[1234]
1253,60,0.864375380230833,0.00011056417687760334,3.141592653589793,0.0,[1244]
1256,60,0.8681449807039171,0.03509487383802068,3.141592653589793,0.0,[1250]
1259,60,0.8722839407597349,0.012074649172871155,3.141592653589793,0.0,[1244]
1262,61,0.8818887163253216,0.04747470319005176,3.141592653589793,0.0,[1237 1256]
1277,61,0.9018139916834388,0.023876206292393287,3.141592653589793,0.0,[1237 1253 1256 1259]
1278,61,0.9033970992359094,0.005822910152625704,3.141592653589793,0.0,[1253 1256 1259]
1268,62,0.885270574505687,0.04487751626297409,3.141592653589793,0.0,[1262]
1282,62,0.910504870187293,0.00510607498288651,3.141592653589793,0.0,[1278]
1283,62,0.9108908688559068,0.017911178050325716,3.141592653589793,0.0,[1277]
1279,63,0.9059220564116583,0.029697542173625857,3.141592653589793,0.0,[1268]
1291,63,0.9310244223881405,0.002352657089373378,3.141592653589793,0.0,[1268 1282 1283]
1284,64,0.9159998685026548,0.029698407076061972,3.141592653589793,0.0,[1279]
1294,64,0.9351684391323212,0.0021422490426875607,3.141592653589793,0.0,[1279 1291]
1290,65,0.927739284657091,0.0387565101187658,3.141592653589793,0.0,[1284]
1297,65,0.9442704576864039,0.019365784654251095,3.141592653589793,0.0,[1284]
1299,65,0.9445084941681691,0.01016781027511171,3.141592653589793,0.0,[1284 1294]
1302,66,0.9535808000342886,0.008094552921114606,3.141592653589793,0.0,[1299]
1304,66,0.960627613011079,0.01957861017073359,3.141592653589793,0.0,[1290 1297 1299]
1305,67,0.9655494358825162,0.008150091609051335,3.141592653589793,0.0,[1302]
1306,67,0.9693800709714333,0.01826815887238631,3.141592653589793,0.0,[1302 1304]
1307,68,0.9802061495556528,0.016133645567867894,3.141592653589793,0.0,[1305 1306]
1308,68,0.9841653642926729,0.005669931003729811,3.141592653589793,0.0,[1305 1306]
1309,68,0.9862065391139276,0.008777476426287012,3.141592653589793,0.0,[1305 1306]
1310,69,1.0,0.0,3.141592653589793,0.0,[1307 1308 1309]
0,0,0.0,0.0,3.141592653589793,0.0,[]
1,1,0.015504354011806498,0.011126043267337571,3.141592653589793,0.0,[0]
2,1,0.021376100554078903,0.007397563882558522,0.0,0.0,[0]
3,1,0.02499720641976133,0.014025206362995646,0.0,0.0,[0]
8,2,0.044598954930272994,0.012712079392963815,0.0,0.0,[1 2 3]
11,3,0.05812978275418834,0.009993594285188312,0.0,0.0,[8]
14,4,0.06313280953211797,0.012527097216984973,0.0,0.0,[11]
18,5,0.06644697167433311,0.009572053143864112,0.0,0.0,[14]
22,6,0.07330566375868841,0.0034728280574289894,0.0,0.0,[18]
27,7,0.08667199250728708,0.008165260569937494,3.141592653589793,0.0,[22]
29,8,0.09026741398691307,0.0046266482992969316,3.141592653589793,0.0,[27]
37,9,0.09980758911422549,0.0010920931845556092,3.141592653589793,0.0,[29]
47,10,0.11438328263092112,0.009243506915189936,3.141592653589793,0.0,[37]
55,11,0.12471088708645095,0.0004266164805132311,0.0,0.0,[47]
60,12,0.1340766742792644,0.004196535708317906,3.141592653589793,0.0,[55]
64,13,0.1432807245633283,0.006981853565202423,3.141592653589793,0.0,[60]
72,13,0.1575548051354012,0.014233482429835465,0.0,0.0,[60]
76,14,0.16764504688328385,0.012850447273958565,0.0,0.0,[64 72]
92,15,0.190703791830929,0.034006864947577875,0.0,0.0,[76]
99,16,0.19519326982994756,0.03363370008468691,0.0,0.0,[92]
107,17,0.19996074330716207,0.029122074282716404,0.0,0.0,[99]
131,18,0.22858821688935715,0.02511207863605036,0.0,0.0,[107]
142,19,0.23295941029794665,0.027883725655365454,0.0,0.0,[131]
200,20,0.27353727237449466,0.007561681243704932,0.0,0.0,[142]
215,21,0.28727575175895037,0.004323235207690068,0.0,0.0,[200]
221,22,0.29021837860131394,0.006846021582990858,0.0,0.0,[215]
276,23,0.3200035591401441,0.021102584389063317,3.141592653589793,0.0,[221]
282,24,0.32624876134846426,0.016920211740094282,3.141592653589793,0.0,[276]
284,24,0.32760247519958485,0.019197592994964263,3.141592653589793,0.0,[276]
320,25,0.34524027674141433,0.01682342349236665,3.141592653589793,0.0,[282 284]
329,25,0.34828280212249374,0.0035447488143132144,3.141592653589793,0.0,[282 284]
345,25,0.3590602888094052,0.03556301799304684,3.141592653589793,0.0,[282 284]
352,26,0.3630014679792457,0.010293024269327211,3.141592653589793,0.0,[320 329]
362,26,0.3699578948442773,0.031534662342262654,3.141592653589793,0.0,[320 345]
353,27,0.36452510158500095,0.008945073700811212,3.141592653589793,0.0,[352]
379,27,0.37916767210576485,0.03547513007270253,3.141592653589793,0.0,[362]
361,28,0.36924944531981474,0.005966997721055911,3.141592653589793,0.0,[353]
401,28,0.38857619957468903,0.03280278660797564,3.141592653589793,0.0,[353 379]
402,29,0.38944149904018877,0.003675305616798852,3.141592653589793,0.0,[361]
430,29,0.401554138445233,0.02703699996940978,3.141592653589793,0.0,[361 401]
453,30,0.41303094228862314,0.0035698512047331876,3.141592653589793,0.0,[402]
480,30,0.423348075566912,0.02301562261083745,3.141592653589793,0.0,[402 430]
498,31,0.43164557631861067,0.0166439182655006,3.141592653589793,0.0,[453 480]
529,32,0.4469976114544705,0.002049013749257367,3.141592653589793,0.0,[498]
552,33,0.45523239014168226,0.00311053414885043,0.0,0.0,[529]
622,34,0.48781889760537234,0.029023975637174848,0.0,0.0,[552]
643,35,0.4940268570352423,0.02950630737310822,0.0,0.0,[622]
674,36,0.5034704360730782,0.028259710874463995,0.0,0.0,[643]
679,37,0.5065104822715694,0.030804531866156615,0.0,0.0,[674]
712,38,0.5209671103423158,0.017165996548759388,0.0,0.0,[679]
747,38,0.5345518656886534,0.03315591550847341,0.0,0.0,[679]
780,39,0.5497174725376434,0.021355833686235393,0.0,0.0,[712 747]
822,40,0.5667977457140795,0.018965634225799,0.0,0.0,[780]
838,41,0.5758940822351148,0.011845443721242965,0.0,0.0,[822]
846,42,0.5789440426734519,0.010902552599749815,0.0,0.0,[838]
899,43,0.6021633534523405,0.023674677557269597,0.0,0.0,[846]
936,44,0.6299046143531873,0.03696408192172984,0.0,0.0,[899]
946,44,0.6347766025006357,0.0313688716194962,0.0,0.0,[899]
991,45,0.6510731294238016,0.017082737498171352,0.0,0.0,[936 946]
1008,46,0.6611076676979629,0.007431879929911567,0.0,0.0,[991]
1023,47,0.6684103621435488,0.013142978519269044,0.0,0.0,[1008]
1072,48,0.6947659700160609,0.038167339621277274,0.0,0.0,[1023]
1086,49,0.7025153166228357,0.045560316948503266,0.0,0.0,[1072]
1094,49,0.7078183421080257,0.0332427880951901,0.0,0.0,[1072]
1115,50,0.722560321844828,0.02608168046986259,0.0,0.0,[1086 1094]
1135,50,0.7378682764145937,0.0678852478762827,0.0,0.0,[1086]
1139,51,0.74231389042814,0.07036286843096962,0.0,0.0,[1135]
1142,51,0.745384286685395,0.04804580310652995,0.0,0.0,[1115]
1165,52,0.7662590315898599,0.05679355321041479,0.0,0.0,[1139 1142]
1167,52,0.7674089076783741,0.060534919590957026,0.0,0.0,[1139 1142]
1171,53,0.7721687932514171,0.059906948797765036,0.0,0.0,[1165 1167]
1188,54,0.7913267948292455,0.06663383569141557,0.0,0.0,[1171]
1191,54,0.7920094783086614,0.06395530684028561,0.0,0.0,[1171]
1203,55,0.8000813103992176,0.06816737480319124,0.0,0.0,[1188 1191]
1206,55,0.8018454930101253,0.07209353401412177,0.0,0.0,[1188 1191]
1208,56,0.8062507993121399,0.07003368754419781,0.0,0.0,[1203 1206]
1235,57,0.8357441853504217,0.05637240735269522,0.0,0.0,[1208]
1236,57,0.8364793693791878,0.0520188565031976,0.0,0.0,[1208]
1245,58,0.8483736763205866,0.06041210160124366,0.0,0.0,[1235 1236]
1250,59,0.8543189515632167,0.05664577334741416,0.0,0.0,[1245]
1260,60,0.8709029008166401,0.04567834891128064,0.0,0.0,[1250]
1277,61,0.9044152350264572,0.02020090533631924,0.0,0.0,[1260]
1280,62,0.90830069282654,0.023753250957647798,0.0,0.0,[1277]
1287,63,0.9119246156070385,0.02704819772583944,0.0,0.0,[1280]
1297,64,0.9339582332449934,0.023061130475686586,0.0,0.0,[1287]
1304,65,0.9594766445971159,0.008082713479555359,0.0,0.0,[1297]
1307,66,0.9754783757573076,0.0011700564902147326,0.0,0.0,[1304]
1308,66,0.9774064507243955,0.003941893183726064,3.141592653589793,0.0,[1304]
1309,67,0.9862780926500314,0.006331215716047112,3.141592653589793,0.0,[1307 1308]
1310,68,1.0,0.0,3.141592653589793,0.0,[1309]
0,0,0.0,0.0,3.141592653589793,0.0,[]
1,1,0.005225240053327473,0.005050682967965625,3.141592653589793,0.0,[0]
4,1,0.039964215507408696,0.03367182284561676,0.0,0.0,[0]
3,2,0.03273404564249971,0.012134029262148793,0.0,0.0,[1]
5,2,0.04104132733495047,0.02785127333222448,0.0,0.0,[1]
6,2,0.045721309657549614,0.03782141098968517,0.0,0.0,[4]
9,3,0.05757855084851482,0.011674931040938863,0.0,0.0,[3 5]
13,3,0.059922215682980284,0.02410588279043069,0.0,0.0,[3 5 6]
15,3,0.06204516696477824,0.043663326906751454,0.0,0.0,[5 6]
16,4,0.06600648111483176,0.045709257839856354,0.0,0.0,[15]
18,4,0.0692674662712317,0.020341256916326156,0.0,0.0,[ 9 13]
19,5,0.0705040529620562,0.020806603606719043,0.0,0.0,[18]
27,5,0.08462521481247676,0.038022604505722146,0.0,0.0,[16]
31,6,0.09454131445757652,0.042755355068457956,0.0,0.0,[19 27]
35,7,0.10270397688267241,0.040532040605821495,0.0,0.0,[31]
39,8,0.11209546715142138,0.03831085118546773,0.0,0.0,[35]
51,9,0.12764119223674608,0.04140212317986258,0.0,0.0,[39]
54,9,0.13066806834558808,0.027470604684778577,0.0,0.0,[39]
56,10,0.13754838501879652,0.035990332622889754,0.0,0.0,[51]
57,10,0.13821229056006068,0.032121219848876836,0.0,0.0,[51 54]
59,11,0.14129033312637818,0.03269561781967134,0.0,0.0,[56 57]
75,12,0.15823233268576986,0.0212029793441868,0.0,0.0,[59]
84,13,0.16794199613133398,0.02336703379859173,0.0,0.0,[75]
96,14,0.17826789753764982,0.01703071870809081,0.0,0.0,[84]
102,14,0.19104091219873653,0.0457620603029919,0.0,0.0,[84]
128,15,0.22027022730677426,0.00921255063814208,0.0,0.0,[96]
145,15,0.23470219285039362,0.04990354657871632,0.0,0.0,[ 96 102]
131,16,0.22324225593375047,0.011756661123470957,0.0,0.0,[128]
150,16,0.23784009901380754,0.051259311559584186,0.0,0.0,[145]
143,17,0.23302821316488298,0.009619491432318439,0.0,0.0,[131]
144,17,0.2335129320857232,0.005780384895350821,0.0,0.0,[131]
162,17,0.2475858609165449,0.05252034788488624,0.0,0.0,[150]
167,18,0.2551702462350247,0.009420850236116718,3.141592653589793,0.0,[143 144]
183,18,0.27155743690583456,0.06733785440912443,0.0,0.0,[162]
202,18,0.2831828709956131,0.034161362471150425,0.0,0.0,[143 144 162]
187,19,0.27335450976055353,0.004238287044230349,3.141592653589793,0.0,[167]
194,19,0.27859946310958417,0.012819860270177452,3.141592653589793,0.0,[167]
206,19,0.2847391767805799,0.032912118006342195,0.0,0.0,[202]
225,19,0.29349814789153295,0.07892587963820286,0.0,0.0,[183]
228,19,0.2953175858557614,0.06052199125090585,0.0,0.0,[183]
241,20,0.3040220904172265,0.06849168751143908,0.0,0.0,[225 228]
254,20,0.3141095899287397,0.010061091270027522,0.0,0.0,[187 194 206]
249,21,0.31040575508139523,0.07211202958557295,0.0,0.0,[241]
293,21,0.33897579217955887,0.005927318006254123,0.0,0.0,[254]
312,22,0.34713576805146185,0.0879346451770816,0.0,0.0,[249]
324,22,0.3527857914336451,0.006411771445292702,0.0,0.0,[293]
315,23,0.3489325828166019,0.08712568940010645,0.0,0.0,[312]
335,23,0.3601712123566282,0.010779348689493151,0.0,0.0,[324]
346,24,0.3652455757482458,0.013909851199360057,0.0,0.0,[335]
347,24,0.3662008471263365,0.07040217635542745,0.0,0.0,[315]
382,25,0.38909173246131823,0.04787965087102064,0.0,0.0,[347]
386,25,0.39153728701489177,0.05715933345334023,0.0,0.0,[347]
391,25,0.39481199111069576,0.031236704111985536,0.0,0.0,[346]
396,25,0.3962121995689768,0.066022872851772,0.0,0.0,[347]
425,26,0.40804725954469956,0.03579775208549085,0.0,0.0,[382 391]
447,26,0.41694137975139134,0.06029083407342328,0.0,0.0,[382 386 396]
454,27,0.4196691472826509,0.034788927193452945,0.0,0.0,[425]
463,27,0.4247683549974227,0.055633727684639256,0.0,0.0,[447]
468,28,0.42600561183282615,0.03700178745016147,0.0,0.0,[454]
472,28,0.42819353134092086,0.058496382741576536,0.0,0.0,[463]
517,29,0.44512267197502875,0.05222077174074602,0.0,0.0,[468 472]
539,30,0.4556814568474059,0.059323222330090575,0.0,0.0,[517]
568,31,0.4658401178427749,0.06386124754839073,0.0,0.0,[539]
589,32,0.47313275881472017,0.058158085561697326,0.0,0.0,[568]
681,33,0.5101880030818061,0.08196196362274766,0.0,0.0,[589]
696,34,0.5155408674326226,0.08131700232696515,0.0,0.0,[681]
725,35,0.5319024856413024,0.07044191252645449,0.0,0.0,[696]
754,36,0.5464650230485916,0.07223664475466152,0.0,0.0,[725]
769,37,0.5551277844726277,0.08074862365513313,0.0,0.0,[754]
783,38,0.5605209721630157,0.08478435253711192,0.0,0.0,[769]
812,39,0.5715126354698062,0.08481088116457569,0.0,0.0,[783]
818,40,0.5733033188345668,0.08584055260111889,0.0,0.0,[812]
870,41,0.5991195339612969,0.06663091096273499,0.0,0.0,[818]
900,41,0.6153628653666362,0.08545860377170644,0.0,0.0,[818]
908,42,0.6173485393643345,0.08421199307297911,0.0,0.0,[870 900]
909,42,0.6174298868478684,0.06403185658105692,0.0,0.0,[870]
919,43,0.6198711342507482,0.08381913145283992,0.0,0.0,[908]
946,43,0.6351977418410125,0.06152160669205109,0.0,0.0,[909]
947,43,0.6352484728776276,0.06610346224785857,0.0,0.0,[909]
937,44,0.6308282448595582,0.09313907670245936,0.0,0.0,[919]
957,44,0.6414601452602731,0.06326591371387125,0.0,0.0,[919 946 947]
969,45,0.644755074097407,0.0984592268353397,0.0,0.0,[937]
976,45,0.6478054510653364,0.08782698307927705,0.0,0.0,[937]
978,45,0.6482531908596865,0.06452332161206575,0.0,0.0,[957]
982,45,0.651195723352459,0.06773704733607422,0.0,0.0,[957]
997,46,0.6594234117286459,0.11234056072901433,0.0,0.0,[969]
1009,46,0.6661840370042013,0.070227837027379,0.0,0.0,[976 978 982]
1016,47,0.6715374921918117,0.10389052966308587,0.0,0.0,[997]
1025,47,0.6772982633887499,0.06860009171780546,0.0,0.0,[1009]
1021,48,0.6754989707125033,0.10382743663362204,0.0,0.0,[1016]
1036,48,0.6821198169289927,0.09695917437329016,0.0,0.0,[1016]
1041,48,0.6849979988095715,0.06456557300861532,0.0,0.0,[1025]
1059,49,0.7005024441706962,0.09837982294545311,0.0,0.0,[1021 1036]
1074,49,0.7100491593848792,0.07827495329291612,0.0,0.0,[1021 1036 1041]
1081,49,0.7130369123138443,0.07413585005080048,0.0,0.0,[1021 1036 1041]
1085,49,0.7157254765182892,0.12418716638404748,0.0,0.0,[1021 1036]
1094,50,0.7198714797457083,0.07984204626531477,0.0,0.0,[1059 1074 1081]
1120,50,0.7340684398162661,0.11449361489732279,0.0,0.0,[1059 1085]
1119,51,0.73384382991068,0.08747694394596728,0.0,0.0,[1094]
1127,51,0.7389654499147722,0.11466128480250304,0.0,0.0,[1120]
1130,52,0.7416161609161983,0.11353240311724078,0.0,0.0,[1127]
1131,52,0.7417056922723715,0.08029896431511618,0.0,0.0,[1119]
1150,53,0.7530043508860859,0.1131937441363432,0.0,0.0,[1130]
1164,53,0.7661622848268824,0.0670779819071805,0.0,0.0,[1131]
1160,54,0.7625846208084793,0.11100887469327025,0.0,0.0,[1150]
1187,54,0.7837046568610463,0.07922244380472088,0.0,0.0,[1164]
1163,55,0.7656006025106328,0.11264131216611395,0.0,0.0,[1160]
1199,55,0.7960834557499136,0.08103942068980086,0.0,0.0,[1160 1187]
1191,56,0.786884042828856,0.09982346110787377,0.0,0.0,[1163]
1200,56,0.7989313868195235,0.08358007801459244,0.0,0.0,[1163 1199]
1207,57,0.8046566331849505,0.08030279758624925,0.0,0.0,[1200]
1217,57,0.8128391323164442,0.09600895995971903,0.0,0.0,[1191 1200]
1229,58,0.8289954541830667,0.08191192729095864,0.0,0.0,[1207 1217]
1239,59,0.8435475737928745,0.0816665053551392,0.0,0.0,[1229]
1258,60,0.8626850716666548,0.06768491228638196,0.0,0.0,[1239]
1265,61,0.8702948143814982,0.07316736604756902,0.0,0.0,[1258]
1272,61,0.8805264406822698,0.053649941680857904,0.0,0.0,[1258]
1280,62,0.8944720821542889,0.05716824516047858,0.0,0.0,[1265 1272]
1286,63,0.9041193917309737,0.057328493486561216,0.0,0.0,[1280]
1294,64,0.9175091868773203,0.04799053889225513,0.0,0.0,[1286]
1299,65,0.9323332116847675,0.038242190722147296,0.0,0.0,[1294]
1302,65,0.9421058746553246,0.02359524781004496,0.0,0.0,[1294]
1306,66,0.9533991085533088,0.03431217362676686,0.0,0.0,[1299 1302]
1307,67,0.9635343665560198,0.026335991227631528,0.0,0.0,[1306]
1310,68,1.0,0.0,3.141592653589793,0.0,[1307]
0,0,0.0,0.0,3.141592653589793,0.0,[]
1,1,0.011995263347562846,0.008064151022325161,0.0,0.0,[0]
2,1,0.028163408710134008,0.020954474660698996,3.141592653589793,0.0,[0]
3,2,0.03377787808137822,0.010930420361338511,0.0,0.0,[1]
4,2,0.04233746689987361,0.02417042820526316,3.141592653589793,0.0,[2]
5,2,0.04439998878755813,0.026427321384985936,3.141592653589793,0.0,[2]
9,2,0.05023537040445136,0.03304407416665711,3.141592653589793,0.0,[2]
7,3,0.04911812954685746,0.004005295289352673,3.141592653589793,0.0,[3]
11,3,0.05394655797008474,0.023830771002047113,3.141592653589793,0.0,[4 5]
12,3,0.05954114640025843,0.032154492780738675,3.141592653589793,0.0,[4 5 9]
16,4,0.06644054017608758,0.026412067212743584,3.141592653589793,0.0,[11 12]
17,4,0.06937706102582186,0.03151269133765744,3.141592653589793,0.0,[11 12]
18,4,0.06949214872991194,0.018742336974480023,3.141592653589793,0.0,[ 7 11]
26,5,0.09306271191518356,0.03942188189846407,3.141592653589793,0.0,[16 17 18]
28,6,0.09704213236557802,0.03935117862400783,3.141592653589793,0.0,[26]
42,7,0.12352152916443171,0.03780867228645335,3.141592653589793,0.0,[28]
46,8,0.13388848063686432,0.04211686138826343,3.141592653589793,0.0,[42]
47,8,0.13502521464502115,0.03744738511288703,3.141592653589793,0.0,[42]
71,9,0.16639393243371192,0.060499041367417794,3.141592653589793,0.0,[46 47]
95,10,0.1875115613606012,0.07926927406886031,3.141592653589793,0.0,[71]
98,11,0.18922456578390923,0.0797569169961454,3.141592653589793,0.0,[95]
101,12,0.19298189441943536,0.077719586811556,3.141592653589793,0.0,[98]
107,13,0.196487144443118,0.08062065491015713,3.141592653589793,0.0,[101]
116,14,0.2060275552711648,0.07372279064572596,3.141592653589793,0.0,[107]
133,14,0.21928064685877457,0.08823248308421439,3.141592653589793,0.0,[107]
146,14,0.23470318358519648,0.10706149395175735,3.141592653589793,0.0,[107]
145,15,0.23467917716365094,0.06612912657647452,3.141592653589793,0.0,[116]
164,15,0.2587106245920524,0.10643545630987727,3.141592653589793,0.0,[116 133 146]
160,16,0.2467558732300128,0.06951695200105545,3.141592653589793,0.0,[145]
185,16,0.2687027918252338,0.10845726807753042,3.141592653589793,0.0,[164]
183,17,0.2681633728053766,0.05037189977433054,3.141592653589793,0.0,[160]
204,17,0.280035928878981,0.11815571166475247,3.141592653589793,0.0,[185]
209,18,0.2842233398336377,0.03923899458472657,3.141592653589793,0.0,[183]
214,18,0.2873162740894477,0.11723048099163447,3.141592653589793,0.0,[204]
235,19,0.3000684571485015,0.0250654777613758,3.141592653589793,0.0,[209]
244,19,0.30662139038752356,0.12658701651711524,3.141592653589793,0.0,[214]
239,20,0.3033252080512555,0.02775047182529833,3.141592653589793,0.0,[235]
270,20,0.3244704616498054,0.13062911010615808,3.141592653589793,0.0,[244]
273,20,0.32613928554570326,0.14354927337964762,3.141592653589793,0.0,[244]
292,20,0.33730193436780465,0.15666802938203017,3.141592653589793,0.0,[244]
266,21,0.32100191689781876,0.03817712839026033,3.141592653589793,0.0,[239]
288,21,0.3344235733055384,0.12526460442401155,3.141592653589793,0.0,[270]
299,21,0.34180191385691594,0.15618915208815287,3.141592653589793,0.0,[273 292]
295,22,0.33919557658818955,0.029093700894449848,3.141592653589793,0.0,[266]
303,22,0.3448421308967432,0.1336359597189053,3.141592653589793,0.0,[288]
315,22,0.34856772832719773,0.1499601808022365,3.141592653589793,0.0,[299]
331,23,0.3523750481299036,0.03481899749273665,3.141592653589793,0.0,[295]
351,23,0.36249794547647063,0.15807725873298295,3.141592653589793,0.0,[315]
360,23,0.3666038040120648,0.15284140489867604,3.141592653589793,0.0,[303 315]
365,23,0.3687707905214832,0.01663585495982023,3.141592653589793,0.0,[295]
354,24,0.3639366820539607,0.03699323088068929,3.141592653589793,0.0,[331]
371,24,0.3729459548796821,0.017631057635754677,3.141592653589793,0.0,[331 365]
372,24,0.37305026708294975,0.01298569104120273,3.141592653589793,0.0,[365]
386,24,0.38037835732833847,0.1624164959372978,3.141592653589793,0.0,[351 360]
384,25,0.37863362348159335,0.02632524985321716,3.141592653589793,0.0,[354]
397,25,0.3881932351084263,0.005155479162839427,3.141592653589793,0.0,[371 372]
427,25,0.40445845953110116,0.1644559017198366,3.141592653589793,0.0,[386]
408,26,0.3912369499757242,0.005053669379800563,3.141592653589793,0.0,[397]
409,26,0.39134722016923507,0.020156904618851668,3.141592653589793,0.0,[384]
433,26,0.4075858140422126,0.16231271857336915,3.141592653589793,0.0,[427]
440,27,0.41439901772165744,0.16244065093115878,3.141592653589793,0.0,[433]
445,27,0.41705829194240773,0.01260019328302553,0.0,0.0,[408]
451,27,0.4187704926022251,0.010514662883492676,0.0,0.0,[408]
455,27,0.42098289071951356,0.003485410373211373,0.0,0.0,[408 409]
473,27,0.42796408646995077,0.04444980397583076,3.141592653589793,0.0,[409]
460,28,0.4244824798228116,0.1623443123364845,3.141592653589793,0.0,[440]
477,28,0.4306605159520963,0.04466801334156156,3.141592653589793,0.0,[473]
478,28,0.43143186338682327,0.010582545601279025,0.0,0.0,[445 451 455]
498,29,0.43613926883351317,0.15306570883353543,3.141592653589793,0.0,[460]
525,29,0.4468470491677182,0.04646255007514466,3.141592653589793,0.0,[477]
529,29,0.44810359855025694,0.029446999097715643,3.141592653589793,0.0,[477]
556,29,0.46006433541673997,0.002355077728763977,0.0,0.0,[478]
513,30,0.4436838771524403,0.15702340730370812,3.141592653589793,0.0,[498]
569,30,0.4633257546230144,0.004513967237632754,0.0,0.0,[556]
574,30,0.4662529538121897,0.028512222074250304,3.141592653589793,0.0,[525 529]
580,31,0.4694715704857585,0.13754386104213256,3.141592653589793,0.0,[513]
581,31,0.46980671101080174,0.029086288939545457,3.141592653589793,0.0,[574]
587,31,0.4722153609293839,0.010358118194002008,0.0,0.0,[569]
588,31,0.47233718460880836,0.1586227622014451,3.141592653589793,0.0,[513]
616,31,0.4803706744915611,0.010739243268472642,3.141592653589793,0.0,[569]
612,32,0.47932123846301633,0.14461775377945052,3.141592653589793,0.0,[580]
618,32,0.48178084353462214,0.013808171025404214,0.0,0.0,[587]
619,32,0.4818415880982093,0.15999900396883526,3.141592653589793,0.0,[588]
631,32,0.4875585581572611,0.0030906432071500234,3.141592653589793,0.0,[587]
639,32,0.4897263614762295,0.017741924525806696,3.141592653589793,0.0,[581 616]
648,33,0.4925899686968205,0.14221001841778902,3.141592653589793,0.0,[612]
657,33,0.49532217448172244,0.15154278596717918,3.141592653589793,0.0,[612 619]
659,33,0.49584223617432865,0.014784717052940266,3.141592653589793,0.0,[639]
661,33,0.4964985470447335,0.15942201935222733,3.141592653589793,0.0,[612 619]
678,33,0.5029497964353377,0.001016423019090773,0.0,0.0,[618 631]
669,34,0.5002000149062737,0.019042961671829728,3.141592653589793,0.0,[659]
676,34,0.5025878241163859,0.15053148157258034,3.141592653589793,0.0,[648 657]
682,34,0.5041942703945094,0.1475682839906437,3.141592653589793,0.0,[648 657]
689,34,0.5059697865734109,0.15484671923065962,3.141592653589793,0.0,[648 657 661]
693,34,0.5066216637132718,0.0032045525057742275,0.0,0.0,[678]
695,34,0.5067541948343447,0.16264691568157807,3.141592653589793,0.0,[657 661]
710,35,0.5124885169610086,0.026193808987406975,3.141592653589793,0.0,[669]
714,35,0.5134266886416071,0.004588513434302222,0.0,0.0,[693]
724,35,0.5165791824503098,0.15516684001682324,3.141592653589793,0.0,[676 682 689 695]
749,36,0.5287668037168537,0.014214816675781616,3.141592653589793,0.0,[710]
760,36,0.5328570896206225,0.001660240474364305,3.141592653589793,0.0,[714]
761,36,0.5329493056158074,0.1627816828791392,3.141592653589793,0.0,[724]
796,37,0.5465338530688568,0.00044469806710445425,0.0,0.0,[749 760]
813,37,0.5538754469552611,0.17631567826402506,3.141592653589793,0.0,[761]
811,38,0.5534326081800581,0.0060722588305716085,0.0,0.0,[796]
831,38,0.5633390523376326,0.17020870598900417,3.141592653589793,0.0,[813]
835,38,0.5650725880219157,0.18272213284905492,3.141592653589793,0.0,[813]
836,39,0.5652387527213094,0.007931449827573656,0.0,0.0,[811]
875,39,0.5798721992288134,0.1698349545091754,3.141592653589793,0.0,[831 835]
898,39,0.5893381926195319,0.15661366530887433,3.141592653589793,0.0,[831]
918,40,0.5987735812928857,0.15905148152398751,3.141592653589793,0.0,[875 898]
925,40,0.603447696711452,0.043643679854715844,0.0,0.0,[836]
934,41,0.6089942256207632,0.04607841128839707,0.0,0.0,[925]
954,41,0.6199595781526673,0.17252181547753687,3.141592653589793,0.0,[918]
963,42,0.6265505440316841,0.16762422544879896,3.141592653589793,0.0,[954]
979,42,0.6335041794219959,0.048301084189836585,0.0,0.0,[934]
969,43,0.6300930932602662,0.1649370534304765,3.141592653589793,0.0,[963]
987,43,0.6387269421289676,0.049483981473752214,0.0,0.0,[979]
982,44,0.6349006714797539,0.16207636694180116,3.141592653589793,0.0,[969]
1022,44,0.6568322777203635,0.06691712726733956,0.0,0.0,[987]
1027,45,0.6583580515260645,0.06556256964980067,0.0,0.0,[1022]
1061,45,0.6814026507040531,0.11686425701887526,3.141592653589793,0.0,[982]
1051,46,0.6743057448171438,0.05022244303306567,0.0,0.0,[1027]
1076,46,0.6924109097153901,0.11679653021704128,3.141592653589793,0.0,[1061]
1077,46,0.6925427287890414,0.10975894957274301,3.141592653589793,0.0,[1061]
1086,47,0.6971273272810364,0.03923505797830973,0.0,0.0,[1051]
1095,47,0.7068592618975983,0.1183441722996782,3.141592653589793,0.0,[1076 1077]
1096,48,0.7072671019181478,0.03289521936646567,0.0,0.0,[1086]
1115,48,0.7242559004917705,0.01248346994421401,0.0,0.0,[1086]
1118,48,0.725158477693081,0.11229110278110987,3.141592653589793,0.0,[1095]
1127,49,0.73331410456288,0.10743580504597205,3.141592653589793,0.0,[1118]
1134,49,0.7403693139905533,0.00697384840915749,0.0,0.0,[1096 1115]
1144,50,0.7439500621524662,0.10353564747275124,3.141592653589793,0.0,[1127]
1148,50,0.7467695431622429,0.010176196950295369,0.0,0.0,[1134]
1168,50,0.7635000050970409,0.016134861450916138,3.141592653589793,0.0,[1134]
1169,51,0.7648820215870128,0.012651896098103133,0.0,0.0,[1148]
1170,51,0.7652972843901754,0.017069944652490676,3.141592653589793,0.0,[1168]
1180,51,0.7734662466067241,0.10314280282964161,3.141592653589793,0.0,[1144]
1185,52,0.7797393136206423,0.022376316641722016,3.141592653589793,0.0,[1170]
1188,52,0.7818454970823128,0.09727980870015951,3.141592653589793,0.0,[1180]
1189,52,0.7839513228445047,0.011752575105914986,0.0,0.0,[1169]
1193,53,0.7855543484778098,0.09388812305089611,3.141592653589793,0.0,[1188]
1202,53,0.7929472779141213,0.10268753942544018,3.141592653589793,0.0,[1188]
1206,53,0.7956791215827705,0.02380396499012316,3.141592653589793,0.0,[1185]
1209,53,0.7994883945462408,0.0009214507732838717,0.0,0.0,[1189]
1212,53,0.8034353430085032,0.01864172356910787,0.0,0.0,[1189]
1217,54,0.8100739161003438,0.1038965330327506,3.141592653589793,0.0,[1193 1202]
1232,54,0.8270058479866383,0.005803737246247942,3.141592653589793,0.0,[1206 1209]
1236,54,0.829304469231061,0.01119278959797776,0.0,0.0,[1209 1212]
1230,55,0.823246318854616,0.10749571828021653,3.141592653589793,0.0,[1217]
1250,55,0.8534663403132545,0.004572650805023004,3.141592653589793,0.0,[1232 1236]
1258,56,0.8624486363360866,0.0003552063001467376,3.141592653589793,0.0,[1250]
1259,56,0.8625470880504142,0.10611990299322627,3.141592653589793,0.0,[1230]
1262,57,0.8650406947738082,0.10443031861802587,3.141592653589793,0.0,[1259]
1274,57,0.8774369410833536,0.008891986280622377,3.141592653589793,0.0,[1258]
1269,58,0.8727713219192568,0.10208868411823524,3.141592653589793,0.0,[1262]
1271,58,0.8764916151353125,0.10650530101014033,3.141592653589793,0.0,[1262]
1283,58,0.8910013013339205,0.003150359698407712,3.141592653589793,0.0,[1274]
1280,59,0.8854757965240352,0.09840745553747443,3.141592653589793,0.0,[1269 1271]
1289,59,0.9154965293483602,0.0074386383935929334,0.0,0.0,[1283]
1288,60,0.9097376881783299,0.07662367810257498,3.141592653589793,0.0,[1280]
1295,60,0.9272566990770549,0.010452668178883795,0.0,0.0,[1289]
1297,60,0.9305118440363334,0.014988707242509447,0.0,0.0,[1289]
1291,61,0.9187462207588732,0.07049230345720292,3.141592653589793,0.0,[1288]
1301,61,0.944157066149612,0.020478068197513744,0.0,0.0,[1295 1297]
1303,62,0.9502414978439935,0.022152204505723194,0.0,0.0,[1301]
1304,62,0.9512900310985803,0.040914958295603765,3.141592653589793,0.0,[1291]
1308,63,0.9618879340136778,0.035158006039591405,3.141592653589793,0.0,[1304]
1309,63,0.9793385619964027,0.008678757253423375,0.0,0.0,[1303]
1310,64,1.0,0.0,3.141592653589793,0.0,[1308 1309]
0,0,0.0,0.0,3.141592653589793,0.0,[]
5,1,0.042775745052517467,0.04236064367131642,3.141592653589793,0.0,[0]
10,2,0.05051213727015336,0.04852843776089788,3.141592653589793,0.0,[5]
15,3,0.05978120787638441,0.05405247018165982,3.141592653589793,0.0,[10]
17,3,0.06431348080430921,0.06054076300912581,3.141592653589793,0.0,[10]
25,4,0.08556467810348789,0.033913069856970623,3.141592653589793,0.0,[15]
28,4,0.102904506795499,0.052099859414862726,3.141592653589793,0.0,[15 17]
32,4,0.10727377992115295,0.07202882348657647,3.141592653589793,0.0,[15 17]
36,4,0.11271331200296386,0.08169626104366357,3.141592653589793,0.0,[15 17]
37,4,0.11410341749129282,0.10340086736832432,3.141592653589793,0.0,[15 17]
48,5,0.1316919910524632,0.07683437310821128,3.141592653589793,0.0,[25 28 32 36]
49,5,0.13433658364127343,0.10700747144192835,3.141592653589793,0.0,[37]
51,6,0.14015348498735558,0.10731915813191162,3.141592653589793,0.0,[49]
52,6,0.14052539760117622,0.07762423403439256,3.141592653589793,0.0,[48]
54,7,0.1436126096502196,0.07527069670768671,3.141592653589793,0.0,[52]
64,7,0.15717882427420604,0.11514217905106294,3.141592653589793,0.0,[51]
70,8,0.16363746564596948,0.08621450510779927,3.141592653589793,0.0,[54]
80,8,0.17623586270368086,0.10134204164261851,3.141592653589793,0.0,[54 64]
93,9,0.19391725796216075,0.11161601273929433,3.141592653589793,0.0,[70 80]
151,10,0.24391237089054474,0.15914043614640438,3.141592653589793,0.0,[93]
162,11,0.25220428611682033,0.1653166782510821,3.141592653589793,0.0,[151]
163,12,0.25260657575394796,0.16508284268274698,3.141592653589793,0.0,[162]
183,13,0.2632606674811222,0.16667699351269338,3.141592653589793,0.0,[163]
188,13,0.2674709231831637,0.17134755781498812,3.141592653589793,0.0,[163]
192,14,0.26943405404011755,0.17113367993628137,3.141592653589793,0.0,[183 188]
200,15,0.2779722868373701,0.16843852282673444,3.141592653589793,0.0,[192]
211,16,0.2875072829133998,0.17568405508120932,3.141592653589793,0.0,[200]
213,16,0.2897282651651869,0.16754021973409639,3.141592653589793,0.0,[200]
219,17,0.2939498614446031,0.16546061912603183,3.141592653589793,0.0,[213]
220,17,0.2940292141887084,0.17325200160259702,3.141592653589793,0.0,[211]
257,18,0.31317326773110954,0.18424032082391784,3.141592653589793,0.0,[219 220]
274,19,0.3253594363902911,0.19352268193757527,3.141592653589793,0.0,[257]
282,19,0.3303114511048828,0.1802931538481486,3.141592653589793,0.0,[257]
315,20,0.3544185031157826,0.19804349416707967,3.141592653589793,0.0,[274 282]
339,21,0.36840958416147973,0.19402186830614188,3.141592653589793,0.0,[315]
354,22,0.37792084818737437,0.19438268901549338,3.141592653589793,0.0,[339]
386,23,0.39145272888266525,0.1830783385503747,3.141592653589793,0.0,[354]
413,23,0.40615818658892644,0.16725952196250138,3.141592653589793,0.0,[354]
438,24,0.4210798581471801,0.16481044957665714,3.141592653589793,0.0,[386 413]
465,25,0.43249637635227933,0.15606693748269584,3.141592653589793,0.0,[438]
498,26,0.4452896161915878,0.16162062671391997,3.141592653589793,0.0,[465]
522,27,0.4577925385119658,0.15642667721732817,3.141592653589793,0.0,[498]
523,27,0.4578395760866737,0.16462781372765622,3.141592653589793,0.0,[498]
525,27,0.4581684852580622,0.15797003301268497,3.141592653589793,0.0,[498]
536,28,0.4609375906506815,0.15882243120358452,3.141592653589793,0.0,[522 525]
537,28,0.46124873211216033,0.16561368504750207,3.141592653589793,0.0,[523]
561,29,0.47042648966673195,0.16145372890002407,3.141592653589793,0.0,[536 537]
654,30,0.5046105739257283,0.1526901859609604,3.141592653589793,0.0,[561]
671,31,0.5116981964098356,0.15111159873515467,3.141592653589793,0.0,[654]
714,32,0.5287151111763774,0.13616089913351492,3.141592653589793,0.0,[671]
724,33,0.532859917809761,0.1360601350003835,3.141592653589793,0.0,[714]
735,34,0.5369885069709827,0.13915761145082672,3.141592653589793,0.0,[724]
778,35,0.5526965164490828,0.13763347827666395,3.141592653589793,0.0,[735]
845,36,0.5841756498095954,0.13967150589016908,3.141592653589793,0.0,[778]
873,36,0.5963409899399239,0.114734053870443,3.141592653589793,0.0,[778]
879,37,0.6010517245458943,0.1333652920685776,3.141592653589793,0.0,[845]
880,37,0.6014780829615298,0.14532531891046097,3.141592653589793,0.0,[845]
881,37,0.6020843027193784,0.1396126515564895,3.141592653589793,0.0,[845]
883,37,0.6025721056282803,0.1382052250457323,3.141592653589793,0.0,[845]
891,37,0.6060764950352483,0.1535454458205462,3.141592653589793,0.0,[845]
897,37,0.6074669049082426,0.12411680938894376,3.141592653589793,0.0,[845 873]
890,38,0.6056354481701319,0.14032355513815875,3.141592653589793,0.0,[881 883]
899,38,0.6077464975836778,0.1444979207665985,3.141592653589793,0.0,[880 881]
906,38,0.6085841226837889,0.15407593084851523,3.141592653589793,0.0,[891]
912,38,0.611653393118505,0.12344980537116634,3.141592653589793,0.0,[879 897]
937,39,0.6270702889157581,0.14951543952967639,3.141592653589793,0.0,[890 899 906]
958,39,0.6355307240223436,0.10440696847488984,3.141592653589793,0.0,[912]
967,39,0.6375876217012617,0.11534258220261051,3.141592653589793,0.0,[890 899 912]
959,40,0.6359012558406503,0.1548527874192429,3.141592653589793,0.0,[937]
983,40,0.6471867060316843,0.10794477250567025,3.141592653589793,0.0,[958 967]
971,41,0.6392254793385843,0.15266371751393382,3.141592653589793,0.0,[959]
988,41,0.6511125936061055,0.11103285393922568,3.141592653589793,0.0,[983]
982,42,0.646887389693351,0.15356829675379124,3.141592653589793,0.0,[971]
1004,42,0.6618089714053287,0.11673306682455442,3.141592653589793,0.0,[988]
987,43,0.6510871545844725,0.1564447746300457,3.141592653589793,0.0,[982]
1027,43,0.6738417679084135,0.11310739432898387,3.141592653589793,0.0,[1004]
1001,44,0.660979021175518,0.14738126100182347,3.141592653589793,0.0,[987]
1030,44,0.6757697161659144,0.11282925879183314,3.141592653589793,0.0,[1027]
1015,45,0.6685491302083546,0.14924415135804325,3.141592653589793,0.0,[1001]
1031,45,0.6759094084663032,0.14179281630989393,3.141592653589793,0.0,[1001]
1057,45,0.6936877631811057,0.1018541330346261,3.141592653589793,0.0,[1030]
1074,45,0.7075536077690069,0.08614908529760068,3.141592653589793,0.0,[1030]
1038,46,0.6827211759585069,0.14131483035812686,3.141592653589793,0.0,[1015 1031]
1082,46,0.7147792249057414,0.08132265920410553,3.141592653589793,0.0,[1057 1074]
1067,47,0.7035412400554277,0.13121074050343462,3.141592653589793,0.0,[1038]
1069,47,0.7052277847650649,0.1236922228960241,3.141592653589793,0.0,[1038]
1099,47,0.7275496311554362,0.08997685097487873,3.141592653589793,0.0,[1082]
1078,48,0.7114862002805854,0.12723779950688696,3.141592653589793,0.0,[1067 1069]
1079,48,0.711545440027405,0.12981350510916,3.141592653589793,0.0,[1067 1069]
1125,48,0.7436309521249174,0.08930538362241047,3.141592653589793,0.0,[1069 1099]
1128,48,0.7444283776272373,0.09061003460963823,3.141592653589793,0.0,[1067 1069 1099]
1140,49,0.7528267631870904,0.09112239396387456,3.141592653589793,0.0,[1078 1079 1125 1128]
1142,50,0.7537390557830452,0.09042088353291855,3.141592653589793,0.0,[1140]
1159,51,0.7638499647978946,0.08900802004620423,3.141592653589793,0.0,[1142]
1196,51,0.7905026693638557,0.061343132906226616,3.141592653589793,0.0,[1142]
1235,52,0.8285756123317569,0.03236359299905611,3.141592653589793,0.0,[1159 1196]
1242,53,0.8370091912247049,0.032507430764422085,3.141592653589793,0.0,[1235]
1244,54,0.8377358366318588,0.03230532648026063,3.141592653589793,0.0,[1242]
1251,55,0.8450419538493245,0.03878258603257412,3.141592653589793,0.0,[1244]
1260,56,0.8574313842405312,0.048594868194974605,3.141592653589793,0.0,[1251]
1270,57,0.8771546190103602,0.04032563803449585,3.141592653589793,0.0,[1260]
1277,58,0.8819959591891576,0.03671618082821604,3.141592653589793,0.0,[1270]
1280,59,0.8890226672884861,0.03209156540938174,3.141592653589793,0.0,[1277]
1287,60,0.9017393955418749,0.04243091348954797,3.141592653589793,0.0,[1280]
1292,60,0.9188794023596709,0.007748257386763102,3.141592653589793,0.0,[1280]
1294,61,0.9255213857460876,0.001813617991269223,3.141592653589793,0.0,[1292]
1299,61,0.9379443269304899,0.02676111965700445,3.141592653589793,0.0,[1287 1292]
1303,62,0.953078198870085,0.01886126823776213,3.141592653589793,0.0,[1294 1299]
1306,63,0.9604851401863462,0.020530235204943237,3.141592653589793,0.0,[1303]
1308,64,0.9704921950692198,0.02390047924005445,3.141592653589793,0.0,[1306]
1309,65,0.9731797429830572,0.02223160452893791,3.141592653589793,0.0,[1308]
1310,66,1.0,0.0,3.141592653589793,0.0,[1309]
0,0,0.0,0.0,3.141592653589793,0.0,[]
3,1,0.019275224525621026,0.0128744190396467,3.141592653589793,0.0,[0]
4,2,0.04312976154541048,0.02622448155189927,3.141592653589793,0.0,[3]
6,3,0.048891078445634895,0.029225807751735666,3.141592653589793,0.0,[4]
7,3,0.04971828792714794,0.026058837523981304,3.141592653589793,0.0,[4]
13,4,0.06659351374233613,0.012971227958173515,3.141592653589793,0.0,[6 7]
18,5,0.08833102753934619,0.007020350972757661,3.141592653589793,0.0,[13]
22,6,0.10100196193361077,0.01846645716560269,3.141592653589793,0.0,[18]
27,7,0.11212849512541212,0.009050564063743383,3.141592653589793,0.0,[22]
45,8,0.13017761662304506,0.002149576627582639,0.0,0.0,[27]
47,9,0.13279903325764686,0.002936644686052703,0.0,0.0,[45]
58,10,0.1407446798305333,0.006148232278500587,0.0,0.0,[47]
64,11,0.14939232193098018,0.003668211365415841,0.0,0.0,[58]
86,11,0.16950186663752054,0.03225754510929957,0.0,0.0,[58]
76,12,0.15947334099689348,0.0036953027850248343,3.141592653589793,0.0,[64]
111,12,0.1966265430040166,0.05257929855355614,0.0,0.0,[86]
101,13,0.18714180799576285,0.005098904875360688,3.141592653589793,0.0,[76]
120,13,0.20811204900770397,0.06245168593897099,0.0,0.0,[111]
108,14,0.19376604977917378,0.0035489852874518446,3.141592653589793,0.0,[101]
130,14,0.21585183791797913,0.06385860405068544,0.0,0.0,[120]
151,14,0.2392667629843649,0.0897997876568224,0.0,0.0,[120]
121,15,0.2085164725240889,0.0017660143329171207,3.141592653589793,0.0,[108]
154,15,0.24153380006460667,0.041719093742763724,0.0,0.0,[108 130]
155,15,0.24160169898420158,0.05143042851132629,0.0,0.0,[130]
170,15,0.25909929165693124,0.08824967087086699,0.0,0.0,[130 151]
137,16,0.22345456541607434,0.007813637777077442,0.0,0.0,[121]
140,16,0.22833826161777004,0.014167183395818683,0.0,0.0,[121]
190,16,0.2752605550245628,0.07349666071188665,0.0,0.0,[154 155 170]
144,17,0.23144610071058347,0.014372574488131451,0.0,0.0,[137 140]
162,17,0.24780252245250178,0.03309196141812887,0.0,0.0,[140]
202,17,0.2808782756413992,0.07280912047180133,0.0,0.0,[190]
174,18,0.26269358456378267,0.039341513664382766,0.0,0.0,[144 162]
206,18,0.2839993622768059,0.07555372295620943,0.0,0.0,[202]
191,19,0.27654718958942326,0.03199578784659651,0.0,0.0,[174]
209,19,0.2858638771000498,0.07505021439276971,0.0,0.0,[206]
212,20,0.29017357425763823,0.03633306984408258,0.0,0.0,[191]
221,20,0.29679486205925587,0.07181769985454911,0.0,0.0,[209]
227,21,0.300393243546633,0.04306345512622867,0.0,0.0,[212]
234,21,0.30526641530233334,0.08005731706557784,0.0,0.0,[221]
256,22,0.31677452833860864,0.04111182610027697,0.0,0.0,[227]
257,22,0.31699670852879114,0.036108665604385526,0.0,0.0,[227]
273,22,0.3252677802532308,0.09839140633816801,0.0,0.0,[234]
275,22,0.3269839665935872,0.0865364383513767,0.0,0.0,[234]
282,23,0.33213615355114556,0.05328877424041234,0.0,0.0,[256]
296,23,0.33906843873001336,0.09302652306718395,0.0,0.0,[273 275]
311,23,0.35032209812439874,0.03305859556996371,0.0,0.0,[256 257]
310,24,0.3498538811886016,0.09247466072904575,0.0,0.0,[296]
356,24,0.3736716068367488,0.020006248301859375,0.0,0.0,[282 311]
344,25,0.3660088375859083,0.10659647616028156,0.0,0.0,[310]
371,25,0.3821260413718587,0.017260383316671457,0.0,0.0,[356]
361,26,0.3748299896550108,0.11308350842057702,0.0,0.0,[344]
389,26,0.389843267478994,0.010397650483830345,0.0,0.0,[371]
376,27,0.38431529703921474,0.10650572410862269,0.0,0.0,[361]
397,27,0.3926418143068029,0.011589199011579954,0.0,0.0,[389]
413,27,0.3985166580444818,0.13069666907301458,0.0,0.0,[361]
447,28,0.413351219268125,0.12130402188626621,0.0,0.0,[376 413]
470,28,0.4205665688762864,0.00303009193717263,3.141592653589793,0.0,[397]
461,29,0.4185030409853828,0.1180289507165011,0.0,0.0,[447]
486,29,0.42397956675470505,0.006343261744763962,3.141592653589793,0.0,[470]
464,30,0.41887386702157814,0.11799338350906241,0.0,0.0,[461]
512,30,0.4319734528223099,0.007447617544484975,3.141592653589793,0.0,[486]
499,31,0.42803979542390425,0.10904985594513061,0.0,0.0,[464]
518,31,0.4339211118394597,0.005619187394133585,3.141592653589793,0.0,[512]
544,32,0.44647517884608834,0.0031831605972090227,0.0,0.0,[518]
553,32,0.44989843005391394,0.12390602803275375,0.0,0.0,[499]
565,33,0.4569880634335016,0.12694053575517694,0.0,0.0,[553]
569,33,0.4582434238229445,0.005690794019062695,0.0,0.0,[544]
578,33,0.4603192060562813,0.11924764959409362,0.0,0.0,[553]
606,34,0.4715638017738758,0.12428801959434344,0.0,0.0,[565 578]
620,34,0.47748461406661924,0.013960529964206159,0.0,0.0,[569]
622,35,0.47758850406419906,0.13006540665440514,0.0,0.0,[606]
646,35,0.48872108275459103,0.005416821820934392,0.0,0.0,[620]
658,36,0.4964735044708495,0.12016578151095092,0.0,0.0,[622]
675,36,0.5038533340610428,0.00948289739957442,0.0,0.0,[646]
697,37,0.5118719448019432,0.1063298176298908,0.0,0.0,[658]
719,37,0.5187080813224062,0.005125600976448208,0.0,0.0,[675]
704,38,0.5155062225788553,0.10630351579338626,0.0,0.0,[697]
744,38,0.5307259698349178,0.016579652293602698,0.0,0.0,[719]
709,39,0.5170145091825564,0.10572198856651416,0.0,0.0,[704]
781,39,0.5467337566024814,0.02136028529159728,0.0,0.0,[744]
802,39,0.5586562386468158,0.0039528918632454335,0.0,0.0,[744]
736,40,0.5267998540757898,0.10215002212395607,0.0,0.0,[709]
814,40,0.5650197557977856,0.02519368076396844,0.0,0.0,[781]
821,40,0.5673879436441346,0.004069116884256485,3.141592653589793,0.0,[802]
834,40,0.5719110857481553,0.007024166248720709,0.0,0.0,[781 802]
789,41,0.550654120566579,0.082610739422881,0.0,0.0,[736]
838,41,0.5732675547224109,0.030523249345593695,0.0,0.0,[814]
848,41,0.581043786640459,0.001324154755170004,3.141592653589793,0.0,[821 834]
840,42,0.5746970901077664,0.05949894444917658,0.0,0.0,[789]
862,42,0.5872005923990126,0.005616184783926337,3.141592653589793,0.0,[848]
875,42,0.5922910206464813,0.0359318045738648,0.0,0.0,[838]
880,43,0.5930389893612298,0.0004910391197979758,3.141592653589793,0.0,[862]
895,43,0.6019082127651398,0.03575537535265194,0.0,0.0,[840 875]
905,43,0.6062562730774539,0.030889408175652555,0.0,0.0,[840 875]
898,44,0.603051375478237,0.008857540147720777,0.0,0.0,[880]
926,44,0.6170783380307286,0.027954136413927855,0.0,0.0,[895 905]
951,45,0.6302925692711232,0.019965713947405872,0.0,0.0,[898 926]
958,46,0.6336283890515739,0.021331758114255583,0.0,0.0,[951]
959,46,0.6340014480784723,0.02009043492294249,0.0,0.0,[951]
993,47,0.6523057407217404,0.025015154906614878,0.0,0.0,[958 959]
1008,48,0.6618757366285806,0.01617468926686383,0.0,0.0,[993]
1019,48,0.6672982348907435,0.033534901202709966,0.0,0.0,[993]
1028,49,0.6728280595041257,0.021741454224000534,0.0,0.0,[1008]
1035,49,0.6767664986099526,0.029408484425289205,0.0,0.0,[1008 1019]
1092,50,0.7044367342981536,0.004661822022714257,0.0,0.0,[1028 1035]
1108,51,0.7172954960529889,0.004276114455679547,0.0,0.0,[1092]
1123,51,0.7274459703687121,0.011064397682680305,3.141592653589793,0.0,[1092]
1135,51,0.7360683236138108,0.02351951387889295,3.141592653589793,0.0,[1092]
1134,52,0.7355195637973938,0.017547276102266363,0.0,0.0,[1108]
1144,52,0.7425868420420136,0.00020427268562583922,0.0,0.0,[1108 1123]
1158,52,0.7545403920853421,0.02529530012567338,3.141592653589793,0.0,[1108 1123 1135]
1164,53,0.7598943963765626,0.00946086519349476,3.141592653589793,0.0,[1144]
1169,53,0.7627713630490002,0.023557243976457087,3.141592653589793,0.0,[1158]
1174,53,0.7649356151968015,0.019264304013326905,0.0,0.0,[1134 1144]
1178,53,0.7703380349575302,0.012695894323829893,0.0,0.0,[1134 1144]
1185,54,0.7790127331451053,0.024314276428532455,3.141592653589793,0.0,[1164 1169]
1186,54,0.780854470199063,0.00876659824773629,0.0,0.0,[1164 1174 1178]
1193,54,0.7873163722657978,0.016777379822262906,0.0,0.0,[1164 1174 1178]
1194,54,0.7876909112783362,0.0238894397549132,0.0,0.0,[1174 1178]
1196,54,0.7880647879759402,0.02767523361146751,0.0,0.0,[1174 1178]
1206,55,0.7974753694057586,0.005919813755586034,3.141592653589793,0.0,[1185 1186]
1218,55,0.8137044235258332,0.020828961753205588,0.0,0.0,[1186 1193 1194 1196]
1221,55,0.8162280172657461,0.025231137386953706,0.0,0.0,[1186 1193 1194 1196]
1225,56,0.8205232146020425,0.016992407649540686,0.0,0.0,[1206 1218]
1227,56,0.8233088497940025,0.020711760229873755,0.0,0.0,[1218 1221]
1232,57,0.8296345406553041,0.0223639337354693,0.0,0.0,[1225 1227]
1238,58,0.8386014268218869,0.02999826642908443,0.0,0.0,[1232]
1261,59,0.8520186119825898,0.04091417509322248,0.0,0.0,[1238]
1280,60,0.8797595713049683,0.02486184572390082,0.0,0.0,[1261]
1282,60,0.8813091606293053,0.03733692084114415,0.0,0.0,[1261]
1284,60,0.8849622500330419,0.06254217244206572,0.0,0.0,[1261]
1285,61,0.8888755212071537,0.020599755429022704,0.0,0.0,[1280]
1289,61,0.8985886727792957,0.05359272443455987,0.0,0.0,[1282 1284]
1292,62,0.9056977568493052,0.05654815952434822,0.0,0.0,[1289]
1293,62,0.9074674606998698,0.008173222665895263,0.0,0.0,[1285]
1297,63,0.9137488223445841,0.012920213190723673,0.0,0.0,[1293]
1298,63,0.9152174847649837,0.050395902079040766,0.0,0.0,[1292]
1301,63,0.9241813757099939,0.0005907775472512311,0.0,0.0,[1293]
1302,64,0.9285353419618195,0.04212502802616758,0.0,0.0,[1298]
1303,64,0.9426337569027531,0.0033170173243515233,0.0,0.0,[1297 1301]
1307,65,0.9644215169019571,0.02121222938269718,0.0,0.0,[1302 1303]
1309,66,0.9864964027283736,0.005600308611798721,0.0,0.0,[1307]
1310,67,1.0,0.0,3.141592653589793,0.0,[1309]
0,0,0.0,0.0,3.141592653589793,0.0,[]
1,1,0.019124622400814584,0.018221572007300457,3.141592653589793,0.0,[0]
4,2,0.04327752778200544,0.019937686028321022,3.141592653589793,0.0,[1]
7,3,0.04968654064608957,0.02146345696581109,3.141592653589793,0.0,[4]
9,4,0.05466137856880615,0.020063194400149476,3.141592653589793,0.0,[7]
10,5,0.06233733129779506,0.018214338672432384,3.141592653589793,0.0,[9]
11,5,0.062428080103277384,0.027190788071422944,3.141592653589793,0.0,[9]
14,5,0.06910563504711797,0.03435952421088917,3.141592653589793,0.0,[9]
16,5,0.07287523586690403,0.004357227877184178,3.141592653589793,0.0,[9]
22,6,0.08107439857020649,0.0006008679394380323,0.0,0.0,[16]
23,6,0.08119384634974125,0.03435488662185893,3.141592653589793,0.0,[10 11 14]
27,7,0.09245584956352904,0.040362175643659404,3.141592653589793,0.0,[23]
45,7,0.11610077037267785,0.033087443730545285,0.0,0.0,[22]
35,8,0.10405231250457814,0.03801273076486611,3.141592653589793,0.0,[27]
48,8,0.11760910864298513,0.032061586610663384,0.0,0.0,[45]
43,9,0.1144653770102193,0.03226580200899121,3.141592653589793,0.0,[35]
52,9,0.11966321979893235,0.03007999179316756,0.0,0.0,[48]
69,10,0.13888176092110738,0.04239549874761672,0.0,0.0,[52]
71,10,0.14053261175556497,0.00783824670708888,3.141592653589793,0.0,[43]
73,11,0.14315905165729892,0.009469247980161799,3.141592653589793,0.0,[71]
113,11,0.19786127047040414,0.09755479784628185,0.0,0.0,[69]
82,12,0.15855645889277914,0.003073107057855462,0.0,0.0,[73]
119,12,0.20044591628332054,0.09953250975341221,0.0,0.0,[113]
91,13,0.17016479699518883,0.008790458348169605,0.0,0.0,[82]
93,13,0.17217314247263282,0.005372468743147563,3.141592653589793,0.0,[82]
136,13,0.21476988541459052,0.10366267145034558,0.0,0.0,[119]
111,14,0.19595528878201518,0.0029177360058070256,0.0,0.0,[91 93]
114,14,0.1983017378384847,0.03079580504029067,0.0,0.0,[91]
120,14,0.2008637762827723,0.009749395756948998,3.141592653589793,0.0,[91 93]
121,14,0.20266305174745514,0.01010389825182656,0.0,0.0,[91 93]
127,14,0.20674670840244458,0.018785347340865788,0.0,0.0,[91 93]
161,14,0.23760282602202987,0.10407458347668064,0.0,0.0,[136]
157,15,0.2357102590851743,0.0673335081999864,0.0,0.0,[114]
158,15,0.2363414168824296,0.01132877480070027,0.0,0.0,[111 114 120 121 127]
159,15,0.23683028530018713,0.014367114642673928,0.0,0.0,[111 114 120 121 127]
168,15,0.24643790870611904,0.09917978069799582,0.0,0.0,[161]
163,16,0.24093958194960607,0.010742341323748295,0.0,0.0,[158 159]
170,16,0.24687303349408563,0.06751721384931542,0.0,0.0,[157]
189,16,0.2593610193484309,0.1059606899295602,0.0,0.0,[168]
180,17,0.255796931441005,0.0038239661197304597,0.0,0.0,[163]
183,17,0.2566672258323818,0.07312069976835978,0.0,0.0,[170]
196,17,0.26467488926352367,0.01126022887571787,3.141592653589793,0.0,[163]
215,17,0.2758840733681086,0.11061722209661984,0.0,0.0,[189]
216,17,0.2762937783080397,0.09902689243962914,0.0,0.0,[189]
206,18,0.2712543389484863,0.008254514989065154,0.0,0.0,[180]
217,18,0.27733638766543023,0.055474542352989875,0.0,0.0,[183]
228,18,0.28330463118171567,0.024471852240228964,3.141592653589793,0.0,[196]
235,18,0.28875797942136283,0.10097032177867071,0.0,0.0,[183 215 216]
242,18,0.29307638926311597,0.08888808100479528,0.0,0.0,[183 216]
224,19,0.28059085512693716,0.010441830483701398,0.0,0.0,[206]
247,19,0.29441841374715627,0.06927577076120539,0.0,0.0,[217]
262,19,0.3038580352015474,0.030462478433529117,3.141592653589793,0.0,[228]
265,19,0.3076834725869231,0.09295301525670108,0.0,0.0,[235 242]
267,19,0.3097994324696772,0.09890105722421161,0.0,0.0,[235 242]
293,19,0.33152964874662605,0.14361815515588172,0.0,0.0,[235]
260,20,0.3029060175231133,0.030995779138686896,0.0,0.0,[224]
261,20,0.303760773210771,0.033370540080222666,0.0,0.0,[224]
268,20,0.3107846307612425,0.027316739465906514,3.141592653589793,0.0,[262]
276,20,0.3224387511061866,0.06448122203203333,0.0,0.0,[247]
303,20,0.3376443662068228,0.13910870429626832,0.0,0.0,[293]
327,20,0.34909374852952446,0.12579149494714892,0.0,0.0,[265 267]
286,21,0.3286783667998958,0.016188349126497692,0.0,0.0,[260 261]
294,21,0.331567053262086,0.013096382147608221,0.0,0.0,[260 261]
297,21,0.3341937555908101,0.009297089539071601,3.141592653589793,0.0,[268]
298,21,0.33507480426795244,0.06580198843657203,0.0,0.0,[276]
332,21,0.3503967694972723,0.1269756760476699,0.0,0.0,[303 327]
326,22,0.3469088071750983,0.003493065083842839,3.141592653589793,0.0,[297]
345,22,0.3576581903989329,0.04675428569035989,0.0,0.0,[298]
361,22,0.3647893596031224,0.13406133911746299,0.0,0.0,[332]
366,22,0.36635585488857103,0.03235060841390103,0.0,0.0,[286 294]
367,22,0.3664400885503215,0.03318032980084684,0.0,0.0,[286 294]
350,23,0.3599726785042303,0.004382397385604975,0.0,0.0,[326]
384,23,0.3744348114403616,0.13637387821250568,0.0,0.0,[361]
397,23,0.3808373515144101,0.04447583732561877,0.0,0.0,[345 366 367]
388,24,0.3766063746170075,0.020563103430178975,0.0,0.0,[350]
399,24,0.3816290562192023,0.011401468313875784,0.0,0.0,[350]
407,24,0.3843950797666643,0.042245985893350935,0.0,0.0,[397]
442,24,0.40123050023360096,0.1581025329908815,0.0,0.0,[384]
417,25,0.38892411509520697,0.01776484107772347,0.0,0.0,[388 399]
445,25,0.4027964508131934,0.055134715590860695,0.0,0.0,[407]
453,25,0.4059747621994174,0.06018756373226308,0.0,0.0,[407]
469,25,0.415726483028259,0.14591303253215282,0.0,0.0,[442]
443,26,0.4013949651015051,0.023045007729085465,0.0,0.0,[417]
462,26,0.41015152442066183,0.059069496375339314,0.0,0.0,[445 453]
503,26,0.431831149074144,0.13214919601601438,0.0,0.0,[469]
448,27,0.4041111424208045,0.023904745276693173,0.0,0.0,[443]
479,27,0.4216921944332779,0.06901494803740738,0.0,0.0,[462]
522,27,0.43996632644744615,0.12550020120518923,0.0,0.0,[503]
463,28,0.41103302712427603,0.024642437851121635,0.0,0.0,[448]
495,28,0.42777130438153554,0.04514835834446651,0.0,0.0,[448]
561,28,0.45460551142374495,0.11343165985915948,0.0,0.0,[522]
568,28,0.45863542882586794,0.09230885471724293,0.0,0.0,[479]
543,29,0.44831665096164497,0.05393254710728279,0.0,0.0,[463 495]
578,29,0.4615695546362787,0.10940027090726723,0.0,0.0,[561]
588,29,0.4639781015844402,0.09678322506576831,0.0,0.0,[568]
598,29,0.4684706602906378,0.08544563015047946,0.0,0.0,[495 568]
595,30,0.4676585557645414,0.06801268758250734,0.0,0.0,[543]
626,30,0.4800068477301268,0.08066801829686365,0.0,0.0,[543 598]
641,30,0.4893081626444302,0.11818892648577206,0.0,0.0,[578 588]
678,31,0.5116042566904241,0.1032863092196401,0.0,0.0,[595 626 641]
694,31,0.51995786285674,0.11886293534361181,0.0,0.0,[595 626 641]
705,31,0.5242370871675013,0.12340950881722212,0.0,0.0,[595 626 641]
726,32,0.5319539981500963,0.11756311937667863,0.0,0.0,[678 694 705]
736,33,0.5377006562738917,0.12154956888401602,0.0,0.0,[726]
752,34,0.5449554148481237,0.12495380368363351,0.0,0.0,[736]
825,35,0.5672416562521059,0.11937434039170602,0.0,0.0,[752]
839,36,0.5756182532949522,0.11609193873443213,0.0,0.0,[825]
872,37,0.5911308665197387,0.12804569222847784,0.0,0.0,[839]
888,38,0.6003751424673626,0.11965396557423458,0.0,0.0,[872]
921,39,0.6120594669035803,0.10914527349001035,0.0,0.0,[888]
947,39,0.626700832503722,0.1339998671057019,0.0,0.0,[888]
965,40,0.6365172390009344,0.12548346753260076,0.0,0.0,[921 947]
987,41,0.6479810071981128,0.1346865769945016,0.0,0.0,[965]
1009,42,0.660170462723497,0.13873547447221346,0.0,0.0,[987]
1019,43,0.6696481041804747,0.13388607923729356,0.0,0.0,[1009]
1022,44,0.6717696175473297,0.13240149741531038,0.0,0.0,[1019]
1036,44,0.6783151007824024,0.140549283169774,0.0,0.0,[1019]
1066,45,0.6964815151696943,0.15518545786509008,0.0,0.0,[1022 1036]
1071,45,0.6988078481460815,0.11598920288431114,0.0,0.0,[1022]
1082,46,0.7080389964531011,0.1116739147502479,0.0,0.0,[1071]
1088,46,0.7108071684534938,0.14378579043989848,0.0,0.0,[1066]
1091,47,0.7132226201796104,0.11661299791966928,0.0,0.0,[1082]
1098,47,0.7192998891343874,0.14218998348462442,0.0,0.0,[1088]
1116,47,0.7336924867715375,0.0918912752211164,0.0,0.0,[1082]
1109,48,0.7299471233264522,0.14328081809811355,0.0,0.0,[1098]
1110,48,0.730163271054464,0.13709303028620878,0.0,0.0,[1098]
1148,48,0.754161778364093,0.08299638246812346,0.0,0.0,[1091 1116]
1137,49,0.747816041497824,0.12609617986577193,0.0,0.0,[1109 1110]
1158,49,0.759982293609158,0.08269114037719894,0.0,0.0,[1148]
1145,50,0.752898083779664,0.12258999685806338,0.0,0.0,[1137]
1175,50,0.7770196747539867,0.09606189690288236,0.0,0.0,[1158]
1180,50,0.7817566776612773,0.08845391085560861,0.0,0.0,[1158]
1192,51,0.7896708584120952,0.09392617874852638,0.0,0.0,[1145 1175 1180]
1214,52,0.8100235368890126,0.08966069725976322,0.0,0.0,[1192]
1216,52,0.8101403527998433,0.09933885338348081,0.0,0.0,[1192]
1222,53,0.8189543089438963,0.10117305761681417,0.0,0.0,[1216]
1238,53,0.8407279813979369,0.0666473575072074,0.0,0.0,[1214]
1229,54,0.827455708261988,0.09385472936932415,0.0,0.0,[1222]
1245,54,0.8439626410337412,0.06543540729969932,0.0,0.0,[1238]
1248,54,0.8457055623057561,0.06179129035072972,0.0,0.0,[1238]
1267,55,0.8683369885428085,0.05756741578699087,0.0,0.0,[1229 1245 1248]
1276,56,0.8763076074136674,0.05921034574858208,0.0,0.0,[1267]
1279,57,0.8883506504023884,0.06011068317014412,0.0,0.0,[1276]
1283,58,0.8966915349214175,0.060634874168055686,0.0,0.0,[1279]
1284,58,0.897788131518288,0.06696003821399243,0.0,0.0,[1279]
1291,59,0.9142898099093328,0.0564739785279087,0.0,0.0,[1283 1284]
1293,60,0.9204046948756476,0.05671670983955801,0.0,0.0,[1291]
1300,61,0.9281434048796927,0.05216517027843948,0.0,0.0,[1293]
1304,62,0.9473613665709815,0.04005185816610879,0.0,0.0,[1300]
1306,62,0.9562453398172905,0.02659750906527214,0.0,0.0,[1300]
1305,63,0.952314302283471,0.03935451366018883,0.0,0.0,[1304]
1308,63,0.9719563045887847,0.017538224245019274,0.0,0.0,[1304 1306]
1310,64,1.0,0.0,3.141592653589793,0.0,[1305 1308]
0,0,0.0,0.0,3.141592653589793,0.0,[]
1,1,0.0242891639375592,0.016778638688296876,3.141592653589793,0.0,[0]
5,2,0.0439691134897543,0.01561825516531079,3.141592653589793,0.0,[1]
8,2,0.06254856411918519,0.05291814433807085,3.141592653589793,0.0,[1]
9,2,0.06419789818606947,0.03902036174984136,3.141592653589793,0.0,[1]
12,3,0.07688893966555532,0.05613605219819129,3.141592653589793,0.0,[8]
14,3,0.08064127262278398,0.03166438364423074,3.141592653589793,0.0,[5 9]
16,4,0.08701871210070322,0.033552378430556695,3.141592653589793,0.0,[14]
20,4,0.10512819926140649,0.07431276359500949,3.141592653589793,0.0,[12]
21,4,0.10527184079219143,0.06833917613101126,3.141592653589793,0.0,[12]
18,5,0.0934634050049078,0.028544158452095236,3.141592653589793,0.0,[16]
22,5,0.11319570487162967,0.0674496916605184,3.141592653589793,0.0,[20 21]
25,6,0.11855707650940417,0.03153249670073499,3.141592653589793,0.0,[18]
28,6,0.12580911030755504,0.07145206992170794,3.141592653589793,0.0,[22]
29,6,0.12697892365580798,0.02064689034923528,3.141592653589793,0.0,[18]
41,7,0.14689332728495086,0.08651749070493164,3.141592653589793,0.0,[28]
47,7,0.15483725257657466,0.03971024342964202,3.141592653589793,0.0,[25 29]
49,8,0.15719006389093904,0.08970466183256887,3.141592653589793,0.0,[41]
50,8,0.15830177371929466,0.03726041162047766,3.141592653589793,0.0,[47]
55,9,0.16404770376857458,0.09334662115862757,3.141592653589793,0.0,[49]
65,9,0.17049274465635678,0.03354732759559986,3.141592653589793,0.0,[50]
56,10,0.16491855183485293,0.09265399919443074,3.141592653589793,0.0,[55]
77,10,0.1843651813130408,0.04291822647745136,3.141592653589793,0.0,[65]
66,11,0.17246700992312258,0.0956639054449171,3.141592653589793,0.0,[56]
96,11,0.20398878769485007,0.052960755759351996,3.141592653589793,0.0,[77]
97,12,0.20490590710629297,0.09682943744388861,3.141592653589793,0.0,[66]
105,12,0.20923513793219928,0.08424059903295278,3.141592653589793,0.0,[66]
107,12,0.20986409035083775,0.0559776366736523,3.141592653589793,0.0,[96]
129,13,0.2243789041471771,0.0542936988397178,3.141592653589793,0.0,[107]
134,13,0.2274183449346172,0.05951134759717269,3.141592653589793,0.0,[107]
135,13,0.227516705747711,0.09689084150824745,3.141592653589793,0.0,[ 97 105]
159,13,0.2508392013802614,0.01967593593325634,3.141592653589793,0.0,[107]
148,14,0.2409601033756571,0.08501164034873465,3.141592653589793,0.0,[135]
177,14,0.26356332076854627,0.028206981816839338,3.141592653589793,0.0,[129 134 159]
165,15,0.2549460029589874,0.07414020538444055,3.141592653589793,0.0,[148]
180,15,0.2654538393071473,0.027969856045123476,3.141592653589793,0.0,[177]
167,16,0.25710493391851197,0.07383197790365159,3.141592653589793,0.0,[165]
209,16,0.2800313782796102,0.02254724301024591,3.141592653589793,0.0,[180]
185,17,0.26899426354451095,0.07040926896668254,3.141592653589793,0.0,[167]
234,17,0.2930286387784876,0.01069000859529834,3.141592653589793,0.0,[209]
194,18,0.2742551506040706,0.07378697690018343,3.141592653589793,0.0,[185]
286,18,0.32576016292484655,0.008697607711860122,0.0,0.0,[234]
208,19,0.2799870308579073,0.07477288665427362,3.141592653589793,0.0,[194]
214,19,0.28181106087416685,0.06829903372418267,3.141592653589793,0.0,[194]
297,19,0.33283291239897506,0.003752883159648168,0.0,0.0,[286]
242,20,0.29859155766176304,0.08641330461883934,3.141592653589793,0.0,[208]
253,20,0.30419085688413994,0.04893094672259313,3.141592653589793,0.0,[214]
307,20,0.337849323361066,0.005353153646364683,0.0,0.0,[297]
266,21,0.31272554723259915,0.07287603527836717,3.141592653589793,0.0,[242]
284,21,0.32425960846511914,0.04488933618282742,3.141592653589793,0.0,[253]
304,21,0.33634133394263654,0.01786685738151439,3.141592653589793,0.0,[253]
337,21,0.35607123763519477,0.018698435754747722,0.0,0.0,[307]
302,22,0.3359674630373195,0.052803042355320295,3.141592653589793,0.0,[266 284]
312,22,0.34088890938201666,0.03862449506475174,3.141592653589793,0.0,[284]
313,22,0.3414347813982378,0.04584249243107097,3.141592653589793,0.0,[266 284]
329,22,0.35053785534150184,0.01812775633378616,3.141592653589793,0.0,[304]
384,22,0.3785459452472537,0.01342919965642142,0.0,0.0,[304 337]
385,22,0.3786835120205173,0.015656148505405088,0.0,0.0,[304 337]
374,23,0.3753589999535947,0.021209920356109135,3.141592653589793,0.0,[302 312 313 329]
386,23,0.37880494164684086,0.006117479642915091,3.141592653589793,0.0,[312 329]
403,23,0.3863553526119775,0.02047188630622765,0.0,0.0,[384 385]
436,24,0.40601050016775087,0.003953808034206863,0.0,0.0,[374 386 403]
453,25,0.41421741051747885,0.006368169253093692,0.0,0.0,[436]
470,26,0.4210876846506266,0.0016127983822249448,0.0,0.0,[453]
502,27,0.4371470371412922,0.0006967561129664901,3.141592653589793,0.0,[470]
544,28,0.4511771378613947,0.009089208701300922,0.0,0.0,[502]
568,29,0.46225000130090843,0.0008598679740153825,3.141592653589793,0.0,[544]
598,30,0.4750396708394733,0.005578586268854546,3.141592653589793,0.0,[568]
626,30,0.4869306472372895,0.023391677280158008,3.141592653589793,0.0,[568]
627,30,0.48739436725269136,0.022619903884948833,3.141592653589793,0.0,[568]
637,31,0.49176404161355936,0.018954325318300103,3.141592653589793,0.0,[598 626 627]
653,32,0.4990309078919254,0.02207590668734638,3.141592653589793,0.0,[637]
701,33,0.515435348040498,0.03675499304617569,3.141592653589793,0.0,[653]
747,34,0.5313771287869201,0.035653139381820353,3.141592653589793,0.0,[701]
763,35,0.5388946161171394,0.03395286868649772,3.141592653589793,0.0,[747]
772,35,0.5425555067337673,0.026031736106859715,3.141592653589793,0.0,[747]
820,36,0.5674473873940433,0.02127750779184079,3.141592653589793,0.0,[763 772]
875,37,0.5962358961068237,0.00036619638700119417,0.0,0.0,[820]
891,38,0.6033110263143585,0.003222533137254513,3.141592653589793,0.0,[875]
892,38,0.6039553587115971,0.0027918781186766495,0.0,0.0,[875]
933,39,0.6229964581118776,0.009895588522848109,0.0,0.0,[891 892]
956,40,0.6334455728974742,0.00217588935306956,0.0,0.0,[933]
988,41,0.6433513858749822,0.008991291382616229,0.0,0.0,[956]
1000,42,0.6495458741348455,0.005580047977845171,0.0,0.0,[988]
1044,43,0.6722072117912758,0.016574616091909133,3.141592653589793,0.0,[1000]
1074,44,0.6881525125709799,0.018669943999219174,3.141592653589793,0.0,[1044]
1094,45,0.7016261799932053,0.02630061580247911,3.141592653589793,0.0,[1074]
1105,46,0.717899279931463,0.041649834188083545,3.141592653589793,0.0,[1094]
1113,47,0.7243560375982261,0.039816924238314066,3.141592653589793,0.0,[1105]
1131,48,0.736288627016355,0.04165437493652513,3.141592653589793,0.0,[1113]
1137,48,0.7425057425679173,0.05018922605921716,3.141592653589793,0.0,[1113]
1144,49,0.7490467902217648,0.04530382251100129,3.141592653589793,0.0,[1131 1137]
1152,50,0.7577673799169353,0.04040490189561874,3.141592653589793,0.0,[1144]
1166,50,0.7711008232014541,0.058719166537047784,3.141592653589793,0.0,[1144]
1164,51,0.7710671574472745,0.027204102053439372,3.141592653589793,0.0,[1152]
1176,51,0.7809493068802165,0.06359469330525669,3.141592653589793,0.0,[1166]
1185,52,0.7866664981195319,0.0651176036736757,3.141592653589793,0.0,[1176]
1219,52,0.8162010559391463,0.02489735064296783,3.141592653589793,0.0,[1164]
1223,52,0.8175087963561,0.006625891572055065,0.0,0.0,[1164]
1212,53,0.808586330927133,0.054227625720162265,3.141592653589793,0.0,[1185]
1215,53,0.8097636053735164,0.056333339664941806,3.141592653589793,0.0,[1185]
1220,53,0.816596271795624,0.04137232274765079,3.141592653589793,0.0,[1185]
1231,53,0.8259352747774046,0.017009626040662917,3.141592653589793,0.0,[1219]
1235,53,0.8346410812620628,0.004458528568941245,3.141592653589793,0.0,[1223]
1236,54,0.8348143152665007,0.04534208325328393,3.141592653589793,0.0,[1212 1215 1220]
1250,54,0.8507988156094541,0.007681224077058957,0.0,0.0,[1231 1235]
1248,55,0.8500874274410227,0.049004246643769456,3.141592653589793,0.0,[1236]
1255,55,0.8546718175438045,0.01045334312001489,0.0,0.0,[1250]
1258,56,0.8628990710371758,0.015161392932149576,0.0,0.0,[1255]
1261,56,0.8690244038795032,0.03889800804960386,3.141592653589793,0.0,[1248]
1262,56,0.8733535370834612,0.04337882197298237,3.141592653589793,0.0,[1248]
1259,57,0.8653736404443921,0.015306290610730855,0.0,0.0,[1258]
1267,57,0.8819437074223694,0.04900675821483602,3.141592653589793,0.0,[1261 1262]
1273,57,0.8918295488717228,0.03738540606392948,3.141592653589793,0.0,[1261 1262]
1276,57,0.8941618914204205,0.020002716181700575,3.141592653589793,0.0,[1261]
1272,58,0.8918170536374611,0.05832219486995993,3.141592653589793,0.0,[1267]
1280,58,0.8995868862405308,0.017411635114367274,3.141592653589793,0.0,[1259 1276]
1286,58,0.9086609471490515,0.037373687853789916,3.141592653589793,0.0,[1267 1273]
1288,58,0.9097052585335553,0.030325196413810263,3.141592653589793,0.0,[1267 1273 1276]
1291,58,0.9112512861938389,0.03229693262429634,3.141592653589793,0.0,[1267 1273 1276]
1279,59,0.8987824456640142,0.05447912348746642,3.141592653589793,0.0,[1272]
1281,59,0.9009650871017117,0.061973303088907916,3.141592653589793,0.0,[1272]
1290,59,0.9110877557292375,0.02105569834959975,3.141592653589793,0.0,[1280]
1293,59,0.9184935734365534,0.029731138195767448,3.141592653589793,0.0,[1280 1286 1288 1291]
1289,60,0.909898322997307,0.06290875355884973,3.141592653589793,0.0,[1279 1281]
1297,60,0.9267904422446617,0.021467755704727587,3.141592653589793,0.0,[1290 1293]
1296,61,0.9239687737698389,0.05145774988502416,3.141592653589793,0.0,[1289]
1299,61,0.9399142247006463,0.02321006556696048,3.141592653589793,0.0,[1297]
1300,62,0.9481414114186943,0.029094023752057385,3.141592653589793,0.0,[1296 1299]
1301,63,0.9502263299443757,0.027918244460906738,3.141592653589793,0.0,[1300]
1309,64,0.9839016775618723,0.0017554335748584116,3.141592653589793,0.0,[1301]
1310,65,1.0,0.0,3.141592653589793,0.0,[1309]
0,0,0.0,0.0,3.141592653589793,0.0,[]
1,1,0.002821809262830599,0.001605931959458351,0.0,0.0,[0]
4,2,0.021006256733126616,0.008483605972701147,3.141592653589793,0.0,[1]
5,2,0.023579929296778213,0.012478864409561141,3.141592653589793,0.0,[1]
6,3,0.029584264568732976,0.01503658214479242,3.141592653589793,0.0,[4 5]
7,4,0.04147040475841679,0.006008066169745141,3.141592653589793,0.0,[6]
8,5,0.046317714171847935,0.0025684083218482368,3.141592653589793,0.0,[7]
13,6,0.06471523599398088,0.005206188971922265,0.0,0.0,[8]
17,7,0.08097174280883879,0.010899780885955446,3.141592653589793,0.0,[13]
18,7,0.08246627394794925,0.0014988299719564946,0.0,0.0,[13]
21,8,0.0926110263832467,0.008538799787067841,3.141592653589793,0.0,[17 18]
27,9,0.10610823210668352,0.017873503960013748,3.141592653589793,0.0,[21]
36,10,0.11825458823222212,0.021966688676518964,3.141592653589793,0.0,[27]
37,11,0.11965199998129572,0.02242376497963683,3.141592653589793,0.0,[36]
48,12,0.13651870137979882,0.007139415460506893,3.141592653589793,0.0,[37]
66,13,0.1570338586204748,0.022596687182031117,3.141592653589793,0.0,[48]
73,14,0.1639846030135822,0.029348354969173762,3.141592653589793,0.0,[66]
79,15,0.17396213391258197,0.03365244553772062,3.141592653589793,0.0,[73]
90,15,0.1867156789876877,0.008341737605671695,3.141592653589793,0.0,[73]
88,16,0.1839876391715053,0.03526895204242564,3.141592653589793,0.0,[79]
106,16,0.19666201164608155,0.009357948243844172,3.141592653589793,0.0,[90]
111,17,0.1993903178140386,0.046475920227612044,3.141592653589793,0.0,[88]
118,17,0.20650407872056764,0.01747233065049758,3.141592653589793,0.0,[ 88 106]
120,18,0.20835800971482554,0.018668760272393503,3.141592653589793,0.0,[118]
123,18,0.21017658712731857,0.051331654502209445,3.141592653589793,0.0,[111]
140,19,0.2253362976798079,0.028139855363046196,3.141592653589793,0.0,[120]
141,19,0.22725561678171036,0.06592759229644851,3.141592653589793,0.0,[123]
157,19,0.23782452382547792,0.004920246557189922,0.0,0.0,[120]
150,20,0.2340214909624707,0.03446482151509345,3.141592653589793,0.0,[140]
169,20,0.24898897660678787,0.009934457701804789,0.0,0.0,[157]
174,20,0.25351569791755524,0.08572628685985084,3.141592653589793,0.0,[141]
175,21,0.25583937235871157,0.010689812488414163,0.0,0.0,[169]
193,21,0.2714349522269388,0.02348647775641377,3.141592653589793,0.0,[150]
196,21,0.2729287929876003,0.04510436112199745,3.141592653589793,0.0,[150]
198,21,0.27381849763131016,0.07683606137005616,3.141592653589793,0.0,[174]
200,21,0.2745333738811484,0.06641401595323959,3.141592653589793,0.0,[150 174]
201,21,0.27576876622796165,0.07176645531246295,3.141592653589793,0.0,[150 174]
208,22,0.2829651581980489,0.004535732413203597,3.141592653589793,0.0,[175]
228,22,0.3018256674145853,0.0508169877383986,3.141592653589793,0.0,[193 196 198 200 201]
232,22,0.3059606051785889,0.031188802954979833,3.141592653589793,0.0,[175 193 196]
240,22,0.31114144466746574,0.036699280782224175,3.141592653589793,0.0,[175 193 196 200 201]
241,23,0.31131006435469544,0.04754476373390326,3.141592653589793,0.0,[228]
248,23,0.31448844798929,0.035085880977449135,3.141592653589793,0.0,[208 232 240]
269,24,0.3234996455268624,0.04908612408050528,3.141592653589793,0.0,[241]
282,24,0.32980291947884743,0.039773198422316414,3.141592653589793,0.0,[241 248]
312,25,0.34386423858353055,0.045037260901151455,3.141592653589793,0.0,[269 282]
324,26,0.34772833947819126,0.04467117905652218,3.141592653589793,0.0,[312]
331,26,0.3517102074768843,0.03917786836656656,3.141592653589793,0.0,[312]
337,27,0.3563220563008862,0.04249300498452491,3.141592653589793,0.0,[324 331]
352,28,0.36251598920283634,0.0417148428879498,3.141592653589793,0.0,[337]
414,29,0.3928757983826564,0.03151100906915971,3.141592653589793,0.0,[352]
420,30,0.3963896648587605,0.031038573019064986,3.141592653589793,0.0,[414]
445,31,0.40827830676252197,0.02360376462391023,3.141592653589793,0.0,[420]
465,32,0.4194147252967474,0.018370373137663765,3.141592653589793,0.0,[445]
489,33,0.4267601489020002,0.01556709905144582,3.141592653589793,0.0,[465]
534,34,0.4490356616368557,0.03587021148947178,3.141592653589793,0.0,[489]
548,34,0.4565362274114607,0.004344694827925877,3.141592653589793,0.0,[489]
567,34,0.4638572340502902,0.019865871762270282,3.141592653589793,0.0,[489]
590,35,0.4743045463244592,0.0172643028883801,3.141592653589793,0.0,[534 548 567]
636,36,0.4909404906727243,0.02683981534912827,3.141592653589793,0.0,[590]
654,37,0.4944580805880209,0.023905914053193533,3.141592653589793,0.0,[636]
671,38,0.5035356304368396,0.03061606014558893,3.141592653589793,0.0,[654]
674,38,0.5041238213965805,0.027874091548549917,3.141592653589793,0.0,[654]
709,38,0.521147063753042,0.005640723375789469,3.141592653589793,0.0,[654]
718,38,0.5250677676914715,0.0013973598033050205,0.0,0.0,[654]
730,38,0.5325181793885023,0.009946069014759584,0.0,0.0,[654]
703,39,0.5181989969359557,0.03793092332112191,3.141592653589793,0.0,[671 674]
756,39,0.5428067754260084,0.007616753177013491,0.0,0.0,[671 674 709 718 730]
741,40,0.5383619735183132,0.049169287731734124,3.141592653589793,0.0,[703]
751,40,0.5415648379766723,0.023940406817863136,3.141592653589793,0.0,[703]
761,40,0.5455122237596439,0.014041536388462394,3.141592653589793,0.0,[703]
802,40,0.5647077106825172,0.02572491360559348,0.0,0.0,[756]
767,41,0.5498924474516648,0.045771224935967414,3.141592653589793,0.0,[741]
777,41,0.5536064168953583,0.02108271613916879,3.141592653589793,0.0,[751 761]
809,41,0.5680615664253857,0.02758077130967862,0.0,0.0,[802]
788,42,0.5582788806072521,0.03817442305940244,3.141592653589793,0.0,[767]
797,42,0.5617535780954316,0.013356292331208275,3.141592653589793,0.0,[777]
851,42,0.5830613753593247,0.03366377232572815,0.0,0.0,[809]
862,42,0.5870413569732595,0.04109909275906909,0.0,0.0,[809]
812,43,0.5684579754534052,0.015296138797319503,3.141592653589793,0.0,[797]
823,43,0.5715679741424602,0.031227837186916796,3.141592653589793,0.0,[788]
900,43,0.6090384686011608,0.03153260364057853,0.0,0.0,[797 851 862]
843,44,0.5806842972268871,0.03626299150425549,3.141592653589793,0.0,[823]
885,44,0.6020591018462913,0.011387849507497494,0.0,0.0,[812]
905,44,0.6125573684190185,0.03387841472486164,0.0,0.0,[900]
915,45,0.6163933665756255,0.006561580173376158,3.141592653589793,0.0,[843]
919,45,0.6198781675086412,0.03633015353293789,0.0,0.0,[905]
920,45,0.6204834011058881,0.008652774910519856,0.0,0.0,[885]
929,45,0.6240890540915839,0.018108273543743114,0.0,0.0,[885]
970,46,0.6463244467170405,0.013309139401816106,0.0,0.0,[915 919 920 929]
999,47,0.659924662340606,0.00393287034981693,0.0,0.0,[970]
1028,48,0.6752524317270592,0.008087734363473431,3.141592653589793,0.0,[999]
1043,49,0.6850562615827218,0.01162147323320084,3.141592653589793,0.0,[1028]
1072,50,0.7120355197420329,0.03498852044206102,3.141592653589793,0.0,[1043]
1079,51,0.7145941354856808,0.03582868196539957,3.141592653589793,0.0,[1072]
1108,52,0.7337170458059014,0.052818615224828,3.141592653589793,0.0,[1079]
1141,53,0.7550148587032235,0.0658933618614913,3.141592653589793,0.0,[1108]
1148,54,0.7656716530040317,0.07381087489647942,3.141592653589793,0.0,[1141]
1149,55,0.7664824344721214,0.07433270170130046,3.141592653589793,0.0,[1148]
1153,55,0.7693205964231339,0.07118886040998451,3.141592653589793,0.0,[1148]
1172,56,0.7816389164961639,0.06478832364736742,3.141592653589793,0.0,[1149 1153]
1174,57,0.7832054091372934,0.06551257189476689,3.141592653589793,0.0,[1172]
1179,58,0.7861456562896348,0.06788137854281495,3.141592653589793,0.0,[1174]
1206,59,0.8091648027387826,0.07878312857704661,3.141592653589793,0.0,[1179]
1217,60,0.8229501379665105,0.07550937173083228,3.141592653589793,0.0,[1206]
1228,61,0.8313114104722114,0.07022274604698608,3.141592653589793,0.0,[1217]
1238,62,0.8439711775789758,0.0632615390071013,3.141592653589793,0.0,[1228]
1242,62,0.8480209799617433,0.05457867747862766,3.141592653589793,0.0,[1228]
1256,63,0.863001079882318,0.06206305644925025,3.141592653589793,0.0,[1238 1242]
1257,64,0.8635455765314028,0.061542017034587726,3.141592653589793,0.0,[1256]
1270,65,0.8786988805491828,0.06670814063141228,3.141592653589793,0.0,[1257]
1280,66,0.8964231985737161,0.075003601001292,3.141592653589793,0.0,[1270]
1290,67,0.9151192406614019,0.07258353798208739,3.141592653589793,0.0,[1280]
1294,68,0.9205769381822292,0.07368007504051621,3.141592653589793,0.0,[1290]
1306,69,0.9529071312628958,0.04289430685424023,3.141592653589793,0.0,[1294]
1308,70,0.9619189198276776,0.03669656749778616,3.141592653589793,0.0,[1306]
1309,71,0.980415588915032,0.018723615723874487,3.141592653589793,0.0,[1308]
1310,72,1.0,0.0,3.141592653589793,0.0,[1309]
0,0,0.0,0.0,3.141592653589793,0.0,[]
1,1,0.027234091936546134,0.007075152513883798,3.141592653589793,0.0,[0]
2,1,0.029147836166279473,0.00531322042046789,0.0,0.0,[0]
4,2,0.04803917589892859,0.01482778998296308,0.0,0.0,[2]
5,2,0.04943696076148374,0.006392635111164724,0.0,0.0,[1 2]
11,2,0.06429426113107461,0.03450453047381019,3.141592653589793,0.0,[1]
8,3,0.061213770936237255,0.016589550448337542,0.0,0.0,[4 5]
16,3,0.07415258299651384,0.033154500510441665,3.141592653589793,0.0,[11]
23,3,0.08187518483980671,0.04818120848448171,3.141592653589793,0.0,[11]
14,4,0.07153746940479466,0.01251369685076209,0.0,0.0,[8]
18,4,0.07637853498300728,0.02308071971877279,0.0,0.0,[8]
36,4,0.11714745878834099,0.0512312137306401,3.141592653589793,0.0,[16 23]
25,5,0.08856214495505343,0.015794000057348434,0.0,0.0,[14 18]
39,5,0.12052987531956183,0.050664940265882086,3.141592653589793,0.0,[36]
26,6,0.09197716416522872,0.018948188465310434,0.0,0.0,[25]
43,6,0.12301375996830077,0.050111073358046765,3.141592653589793,0.0,[39]
52,7,0.13016935652368022,0.05347917856655726,3.141592653589793,0.0,[43]
55,7,0.1332099606505026,0.03865853281011111,0.0,0.0,[26]
62,8,0.1449679591427948,0.06677795464185654,3.141592653589793,0.0,[52]
66,8,0.14912815258185885,0.0385602516566389,0.0,0.0,[55]
67,8,0.1496036701318585,0.06088100046878653,3.141592653589793,0.0,[52]
74,9,0.16206796029112724,0.0465145257169276,0.0,0.0,[66]
82,9,0.16879469911100708,0.05874272242568657,3.141592653589793,0.0,[62 67]
89,10,0.17670161145719743,0.03998698420413893,0.0,0.0,[74]
90,10,0.17855683735957062,0.05456742836856576,3.141592653589793,0.0,[82]
99,11,0.18423472048020162,0.05355789309462211,3.141592653589793,0.0,[90]
101,11,0.18629819692133875,0.04351680149656412,0.0,0.0,[89]
124,12,0.20209486314235126,0.05015755571304836,0.0,0.0,[101]
126,12,0.20433492121344998,0.04531075982282906,0.0,0.0,[101]
128,12,0.20624299655447986,0.0466078534694645,3.141592653589793,0.0,[99]
130,12,0.20828401686898412,0.038346582117612105,0.0,0.0,[101]
134,13,0.2131691364263728,0.05394003658845692,0.0,0.0,[124 126]
145,13,0.21882346309780532,0.05525512818436773,3.141592653589793,0.0,[128]
159,13,0.23368141508280038,0.01748597638767091,0.0,0.0,[126 130]
161,13,0.23735672476847414,0.026598067203681075,0.0,0.0,[124 126 130]
162,14,0.23765292809824023,0.04150242653285541,3.141592653589793,0.0,[145]
173,14,0.2479156685286702,0.021875760028514213,0.0,0.0,[134 159 161]
186,14,0.2559917861599449,0.020639502706908508,3.141592653589793,0.0,[145]
176,15,0.24908589078833365,0.036222199761571705,3.141592653589793,0.0,[162]
222,15,0.2799512865216074,0.0032141483722095687,0.0,0.0,[173 186]
195,16,0.26370310353511917,0.02844499838827197,3.141592653589793,0.0,[176]
231,16,0.28503249565652067,0.006541165497810697,0.0,0.0,[222]
253,17,0.29802277149008005,0.0054542848862486615,3.141592653589793,0.0,[195 231]
263,18,0.30832440467620426,0.007032433726713805,3.141592653589793,0.0,[253]
274,19,0.3160152773546181,0.014285593410090724,3.141592653589793,0.0,[263]
309,20,0.3340068155232504,0.02370839243876577,3.141592653589793,0.0,[274]
325,21,0.34441567347865987,0.019064214889289555,3.141592653589793,0.0,[309]
333,22,0.34890697703277385,0.0218696919779805,3.141592653589793,0.0,[325]
359,23,0.36122333798281514,0.016462292191369743,3.141592653589793,0.0,[333]
379,24,0.37552715513821733,0.029719228235184247,3.141592653589793,0.0,[359]
425,24,0.3983163647966692,0.00820389069365457,0.0,0.0,[359]
416,25,0.3928877632183597,0.03731772425304747,3.141592653589793,0.0,[379]
467,25,0.41808086898741037,0.02663184579801825,0.0,0.0,[425]
462,26,0.4160601895935778,0.02941449251235906,3.141592653589793,0.0,[416]
498,26,0.42973314087861014,0.020750586125816928,0.0,0.0,[467]
510,27,0.4334454197780593,0.013125298189775814,3.141592653589793,0.0,[462]
520,27,0.4386690895816425,0.017135327345138895,0.0,0.0,[498]
540,28,0.44685397161743934,0.0008506121100748665,3.141592653589793,0.0,[510]
543,28,0.44875437960749165,0.003681397752813287,3.141592653589793,0.0,[510]
552,28,0.45325648543211505,0.007971933756762306,0.0,0.0,[520]
561,29,0.45781319699412937,0.008494682472156123,0.0,0.0,[540 552]
568,29,0.4609942868911959,0.0007935793183936335,3.141592653589793,0.0,[540 543]
632,30,0.48599001377168594,0.008540025770472304,3.141592653589793,0.0,[561 568]
659,31,0.4963904008661394,0.016401340331098413,3.141592653589793,0.0,[632]
673,32,0.5030881732495649,0.018378656447768815,3.141592653589793,0.0,[659]
685,33,0.5083629805972094,0.0229297628658377,3.141592653589793,0.0,[673]
699,34,0.5159033865789352,0.026237296814157873,3.141592653589793,0.0,[685]
709,35,0.5193649643527749,0.024145615845121537,3.141592653589793,0.0,[699]
733,36,0.5291207241040728,0.025370096517138396,3.141592653589793,0.0,[709]
738,37,0.5314085036139716,0.023675363901165758,3.141592653589793,0.0,[733]
757,38,0.5386217874730039,0.021341818533901602,3.141592653589793,0.0,[738]
778,38,0.5479800988785575,0.039644036842517605,3.141592653589793,0.0,[738]
780,38,0.5489150026236723,0.03869830396175744,3.141592653589793,0.0,[738]
789,39,0.5550005076783591,0.038694127961854785,3.141592653589793,0.0,[778 780]
796,39,0.5573170181574937,0.02313035835024202,3.141592653589793,0.0,[757]
804,40,0.5610756444818644,0.020223666979338195,3.141592653589793,0.0,[796]
846,40,0.580287591507397,0.06173064484184665,3.141592653589793,0.0,[789]
851,40,0.5822350255051001,0.05954134866415539,3.141592653589793,0.0,[789]
839,41,0.576407645336987,0.022377348681518527,3.141592653589793,0.0,[804]
875,41,0.5986854863357787,0.04753979874025571,3.141592653589793,0.0,[804 846 851]
883,42,0.6016742165648453,0.005563412142669977,3.141592653589793,0.0,[839]
908,42,0.6132620596504784,0.058712195712399606,3.141592653589793,0.0,[839 875]
924,43,0.6211707175111796,0.05419612041564148,3.141592653589793,0.0,[908]
932,43,0.6251857935129831,0.01720832612244505,0.0,0.0,[883]
936,44,0.6265876575482164,0.050477493589873634,3.141592653589793,0.0,[924]
944,44,0.6311463130560919,0.044758920404833424,3.141592653589793,0.0,[924]
981,44,0.6499882047279187,0.0019038098750832066,0.0,0.0,[932]
993,45,0.6569374816369753,0.03948065305065307,3.141592653589793,0.0,[936 944]
994,45,0.6572980667591803,0.005327175541912643,3.141592653589793,0.0,[981]
997,46,0.6617173798962155,0.009444156972598039,3.141592653589793,0.0,[994]
1020,46,0.676630240392411,0.04689439820004748,3.141592653589793,0.0,[993]
1037,47,0.6845641355033417,0.0543469531460149,3.141592653589793,0.0,[1020]
1052,47,0.696841157575102,0.011234180282953976,3.141592653589793,0.0,[997]
1041,48,0.6863980301983026,0.0547784395700488,3.141592653589793,0.0,[1037]
1067,48,0.7084608841085699,0.01744798472655884,3.141592653589793,0.0,[1052]
1056,49,0.7007082092808105,0.04095219610697132,3.141592653589793,0.0,[1041]
1100,49,0.7280121096142894,0.013345956887410027,3.141592653589793,0.0,[1041 1067]
1073,50,0.7108969200606235,0.04433263043056601,3.141592653589793,0.0,[1056]
1094,50,0.7240614742630124,0.029021550472906,3.141592653589793,0.0,[1056]
1110,50,0.7341893365640776,0.013838442421284736,3.141592653589793,0.0,[1056 1100]
1089,51,0.722285172637731,0.054420311453387216,3.141592653589793,0.0,[1073]
1115,51,0.7383655881922806,0.01831978364858189,3.141592653589793,0.0,[1073 1094]
1137,51,0.7558797400236533,0.00032534117827331954,0.0,0.0,[1073 1094 1110]
1102,52,0.7282729372423365,0.050024512313453506,3.141592653589793,0.0,[1089]
1147,52,0.7647519169726625,0.004401862330345563,3.141592653589793,0.0,[1115 1137]
1129,53,0.749102002000456,0.031237472819459877,3.141592653589793,0.0,[1102]
1148,53,0.7670970756507317,0.0024597218122739406,3.141592653589793,0.0,[1147]
1156,54,0.7716774398378903,0.023280162183693,3.141592653589793,0.0,[1129]
1162,54,0.7751652512971412,0.003949703078249156,0.0,0.0,[1148]
1164,54,0.7758752174914932,0.015685788252557287,3.141592653589793,0.0,[1129]
1173,55,0.7842707036067007,0.00925305003468535,3.141592653589793,0.0,[1164]
1186,55,0.79320665289752,0.006260730874079412,0.0,0.0,[1162]
1187,55,0.7934037829498148,0.03255653476426479,3.141592653589793,0.0,[1156 1164]
1191,56,0.7994173983496711,0.00613795061332334,0.0,0.0,[1186]
1196,56,0.8060817654859918,0.025478924751975218,3.141592653589793,0.0,[1173 1187]
1211,57,0.817581618728912,0.0001940034339992236,0.0,0.0,[1191]
1215,57,0.8231060739689493,0.019502424934460638,3.141592653589793,0.0,[1196]
1220,57,0.8289306244180034,0.02731522752130755,0.0,0.0,[1191]
1221,57,0.8294278266394016,0.0139147979022477,0.0,0.0,[1191]
1231,58,0.8399254959446761,0.016287597891988415,3.141592653589793,0.0,[1211 1215]
1239,58,0.8457484315827571,0.016469410475887902,0.0,0.0,[1211 1220 1221]
1240,59,0.8464428170377853,0.01179864496195182,3.141592653589793,0.0,[1231]
1250,59,0.8585060564618954,0.00829602036310706,0.0,0.0,[1239]
1253,60,0.8639829767373629,0.008118202036428768,0.0,0.0,[1250]
1258,60,0.870545391544315,0.008025134048317395,3.141592653589793,0.0,[1240]
1259,60,0.8732359405812226,0.01329893721292763,3.141592653589793,0.0,[1240]
1266,61,0.8806278285529499,0.007668019148993732,3.141592653589793,0.0,[1253 1258 1259]
1272,62,0.8858007995415885,0.008740763993125844,3.141592653589793,0.0,[1266]
1277,63,0.8939078841302631,0.003961795874580121,3.141592653589793,0.0,[1272]
1289,64,0.92420764610097,0.01010856553357764,0.0,0.0,[1277]
1292,65,0.9341388626517284,0.018700027313386824,0.0,0.0,[1289]
1295,65,0.936241303944653,0.004101198656581206,0.0,0.0,[1289]
1296,65,0.9367631185279134,0.015220420691927417,0.0,0.0,[1289]
1303,66,0.9551521521541108,0.010463493398423118,0.0,0.0,[1292 1295 1296]
1305,67,0.9657575373992043,0.003798832259273688,0.0,0.0,[1303]
1306,68,0.9722150542748591,0.006428617829788985,0.0,0.0,[1305]
1307,68,0.9727185753505264,0.009031181338289174,0.0,0.0,[1305]
1308,68,0.9730345744839092,0.007932942285954758,0.0,0.0,[1305]
1309,69,0.9853992168159467,0.012218677498766817,0.0,0.0,[1306 1307 1308]
1310,70,1.0,0.0,3.141592653589793,0.0,[1309]
0,0,0.0,0.0,3.141592653589793,0.0,[]
1,1,0.013559234870267556,0.006584685705473992,0.0,0.0,[0]
3,1,0.015648270335496095,0.007349579802352513,3.141592653589793,0.0,[0]
4,1,0.018941267532869288,0.002953047918753393,3.141592653589793,0.0,[0]
8,2,0.04436509938000299,0.025076559724128922,3.141592653589793,0.0,[3 4]
9,2,0.04513087658454895,0.022282400640542877,3.141592653589793,0.0,[1 3 4]
10,3,0.05775876311975092,0.030991155797421732,3.141592653589793,0.0,[8 9]
14,4,0.06588050703462078,0.0241511305588884,3.141592653589793,0.0,[10]
21,5,0.07293124680654084,0.02724375958632641,3.141592653589793,0.0,[14]
22,5,0.07675563272811103,0.022301949758056216,3.141592653589793,0.0,[14]
24,6,0.0850741870839179,0.01881174127352858,3.141592653589793,0.0,[21 22]
26,6,0.08952991898669116,0.030108764214586414,3.141592653589793,0.0,[21 22]
32,6,0.10205504895628292,0.05418653268291107,3.141592653589793,0.0,[21]
33,7,0.10229988114942823,0.035054439118254455,3.141592653589793,0.0,[24 26]
37,7,0.11446816932937964,0.05494804216366389,3.141592653589793,0.0,[26 32]
51,8,0.13655879772706359,0.06097857400259199,3.141592653589793,0.0,[33 37]
52,8,0.1390832501366721,0.07567027232767987,3.141592653589793,0.0,[37]
54,8,0.14162807579065917,0.06854532532307578,3.141592653589793,0.0,[33 37]
59,9,0.14792973891909755,0.052874491210919916,3.141592653589793,0.0,[51]
60,9,0.15056753085689312,0.07539322348079491,3.141592653589793,0.0,[52 54]
83,10,0.16647892036791578,0.06186299765979708,3.141592653589793,0.0,[59 60]
86,10,0.1698903676339828,0.0863006063234445,3.141592653589793,0.0,[60]
97,11,0.18087919085790094,0.07900435506575731,3.141592653589793,0.0,[86]
99,11,0.1817377258617261,0.0760494541173885,3.141592653589793,0.0,[83 86]
102,12,0.18649186575862664,0.079201782166343,3.141592653589793,0.0,[97 99]
116,13,0.20314015813140796,0.06844700738221765,3.141592653589793,0.0,[102]
124,14,0.2135283719473945,0.07279904148927963,3.141592653589793,0.0,[116]
130,15,0.22668245337608595,0.07233086859231319,3.141592653589793,0.0,[124]
152,16,0.24292904513667168,0.056117529797582666,3.141592653589793,0.0,[130]
160,17,0.2506858595683541,0.05764578228110118,3.141592653589793,0.0,[152]
164,17,0.2523549988114675,0.06506774280876382,3.141592653589793,0.0,[152]
176,18,0.25983750683481477,0.06650664918238502,3.141592653589793,0.0,[160 164]
196,19,0.27100007923000535,0.06060595413351311,3.141592653589793,0.0,[176]
197,19,0.27118513610958017,0.07309848629129156,3.141592653589793,0.0,[176]
231,19,0.291393718053381,0.03655728532620761,3.141592653589793,0.0,[176]
241,20,0.2996432122372732,0.03935578864592271,3.141592653589793,0.0,[196 231]
250,20,0.30713067926894244,0.05687063364588418,3.141592653589793,0.0,[196 197]
245,21,0.302703068513397,0.03985269960828741,3.141592653589793,0.0,[241]
263,21,0.31281938205713966,0.055963742136688754,3.141592653589793,0.0,[250]
256,22,0.3092897181501649,0.040520317313011533,3.141592653589793,0.0,[245]
271,22,0.31534348011923774,0.056229573291239565,3.141592653589793,0.0,[263]
286,23,0.32511037333732706,0.06397344816354877,3.141592653589793,0.0,[271]
297,23,0.3292647674708252,0.04043553683985934,3.141592653589793,0.0,[256]
329,24,0.3491345220610601,0.061813171852323046,3.141592653589793,0.0,[286]
337,24,0.35224148218289897,0.057796606968893105,3.141592653589793,0.0,[286 297]
353,25,0.36256415599979175,0.0609384145282682,3.141592653589793,0.0,[329 337]
365,26,0.36779856471014905,0.06417848592287967,3.141592653589793,0.0,[353]
388,27,0.3808390530096938,0.05502184828583889,3.141592653589793,0.0,[365]
441,28,0.4015268255230747,0.04649523873347594,3.141592653589793,0.0,[388]
452,29,0.40648310871820725,0.04252384177405766,3.141592653589793,0.0,[441]
459,30,0.4100890057054857,0.045517888065536694,3.141592653589793,0.0,[452]
473,31,0.4162118170201061,0.043568148657020855,3.141592653589793,0.0,[459]
524,31,0.4333478204337383,0.061911597634843996,3.141592653589793,0.0,[459]
514,32,0.43045891704515205,0.03650035631980231,3.141592653589793,0.0,[473]
523,32,0.43290267857345066,0.05188855269602477,3.141592653589793,0.0,[473]
533,32,0.43798771016381854,0.0649329133545532,3.141592653589793,0.0,[473 524]
598,33,0.46109021357394775,0.04107422194408494,3.141592653589793,0.0,[514 523]
603,33,0.4629878981547332,0.05432128572454764,3.141592653589793,0.0,[514 523 533]
610,33,0.46506986544448314,0.03704941273165274,3.141592653589793,0.0,[514 523]
628,33,0.47256928335613235,0.015008633472498256,3.141592653589793,0.0,[514 523]
631,33,0.4738859752260718,0.020273357850924323,3.141592653589793,0.0,[514 523]
646,34,0.48158711908840335,0.05226988117623799,3.141592653589793,0.0,[598 603 610]
679,34,0.4933246463449289,0.031245722328800296,3.141592653589793,0.0,[598 603 610 628 631]
677,35,0.4922304403680233,0.050084624676827505,3.141592653589793,0.0,[646]
694,35,0.5015651876210514,0.024115927676327642,3.141592653589793,0.0,[679]
702,35,0.5039225317404529,0.028962106647059338,3.141592653589793,0.0,[679]
711,36,0.5075180877529876,0.05692521732383282,3.141592653589793,0.0,[677]
721,36,0.5117787717980825,0.05148353740397882,3.141592653589793,0.0,[677]
732,36,0.5155611263935552,0.0175232247562922,3.141592653589793,0.0,[694 702]
738,37,0.5195421875979983,0.0472235114694326,3.141592653589793,0.0,[711 721]
749,37,0.5214751283127915,0.014791875013839717,3.141592653589793,0.0,[732]
766,38,0.5273774337512841,0.014493391218718177,3.141592653589793,0.0,[749]
775,38,0.532284285870083,0.02157076708827632,3.141592653589793,0.0,[749]
782,38,0.5358662408572047,0.042394511095493415,3.141592653589793,0.0,[738]
844,39,0.5663911725044198,0.017915131879605917,3.141592653589793,0.0,[766 775 782]
870,40,0.5770006415629069,0.016377747682223665,3.141592653589793,0.0,[844]
934,41,0.6079901271168737,0.016389493393583976,3.141592653589793,0.0,[870]
954,42,0.6184179625912041,0.02049964521451131,3.141592653589793,0.0,[934]
961,43,0.621772901094522,0.021635053148044592,3.141592653589793,0.0,[954]
971,44,0.6269916853208961,0.021557207354255703,3.141592653589793,0.0,[961]
997,45,0.6423065702982749,0.007455824682289114,3.141592653589793,0.0,[971]
1032,45,0.6624722977225869,0.04074961701274116,3.141592653589793,0.0,[971]
1007,46,0.6481513653711716,0.004445886346985395,3.141592653589793,0.0,[997]
1050,46,0.6797154053083811,0.04244387501919378,3.141592653589793,0.0,[ 997 1032]
1074,47,0.7032544280780905,0.05919875423094234,3.141592653589793,0.0,[1007 1050]
1087,48,0.714485066559169,0.05132861783130649,3.141592653589793,0.0,[1074]
1090,49,0.7154825428019355,0.051962017160719354,3.141592653589793,0.0,[1087]
1109,50,0.7266118031746212,0.043436597864126014,3.141592653589793,0.0,[1090]
1132,51,0.7482435830772566,0.05667470338210945,3.141592653589793,0.0,[1109]
1133,51,0.7490875651327107,0.06396957771908907,3.141592653589793,0.0,[1109]
1160,52,0.772072204711004,0.06759768100971109,3.141592653589793,0.0,[1132 1133]
1170,53,0.7845810972124068,0.058371097175984654,3.141592653589793,0.0,[1160]
1172,53,0.7856612866093001,0.07003016174866838,3.141592653589793,0.0,[1160]
1182,54,0.7931522812432195,0.06494088674662601,3.141592653589793,0.0,[1170 1172]
1188,54,0.7982808566937966,0.0470347204290118,3.141592653589793,0.0,[1170]
1190,55,0.8004361517345623,0.06697030810675342,3.141592653589793,0.0,[1182]
1200,55,0.8098656381551638,0.055083754859036604,3.141592653589793,0.0,[1182 1188]
1210,56,0.817925785315902,0.05194409932395583,3.141592653589793,0.0,[1190 1200]
1211,56,0.8181785017757587,0.04884255118879577,3.141592653589793,0.0,[1200]
1214,57,0.8203991961026589,0.05080905201236052,3.141592653589793,0.0,[1210 1211]
1225,58,0.8282134750389882,0.05549366883926443,3.141592653589793,0.0,[1214]
1237,59,0.837804308673873,0.06235535353533672,3.141592653589793,0.0,[1225]
1257,60,0.8645789007424772,0.06394101002325092,3.141592653589793,0.0,[1237]
1269,61,0.8796294434742132,0.05835627877906602,3.141592653589793,0.0,[1257]
1284,62,0.8957438006966554,0.05085478835783119,3.141592653589793,0.0,[1269]
1295,63,0.9142825993407304,0.03391603299234258,3.141592653589793,0.0,[1284]
1297,64,0.9179337250597659,0.0343495908709861,3.141592653589793,0.0,[1295]
1299,65,0.9256993322924817,0.040285471896411296,3.141592653589793,0.0,[1297]
1300,65,0.9369910575139545,0.028264530939291044,3.141592653589793,0.0,[1297]
1304,66,0.9456986479621396,0.020914195658851775,3.141592653589793,0.0,[1299 1300]
1305,66,0.9521559473743898,0.031108803669250396,3.141592653589793,0.0,[1299 1300]
1307,67,0.9631141246528647,0.02386477084126193,3.141592653589793,0.0,[1304 1305]
1308,67,0.9657385535163855,0.00485996021039603,3.141592653589793,0.0,[1304]
1309,68,0.9869407703842956,0.00979459179867137,3.141592653589793,0.0,[1307 1308]
1310,69,1.0,0.0,3.141592653589793,0.0,[1309]
0,0,0.0,0.0,3.141592653589793,0.0,[]
1,1,0.013419824667096125,0.013135625687088481,0.0,0.0,[0]
2,1,0.02342817997129709,0.014853503778408772,3.141592653589793,0.0,[0]
3,1,0.0305892981787792,0.0071006862466204135,3.141592653589793,0.0,[0]
4,1,0.03610051411964166,0.03036782564717866,3.141592653589793,0.0,[0]
6,1,0.041080389402263884,0.03536165998685081,3.141592653589793,0.0,[0]
8,2,0.05719641079862969,0.025963042545705473,3.141592653589793,0.0,[1 2 3 4 6]
13,3,0.08085033295455502,0.025741188398872406,3.141592653589793,0.0,[8]
17,4,0.09319658971139388,0.03458009537730444,3.141592653589793,0.0,[13]
24,5,0.1118809975403432,0.05081490781767828,3.141592653589793,0.0,[17]
27,6,0.11583650727614714,0.047611421473281235,3.141592653589793,0.0,[24]
31,7,0.12042724696118656,0.05043997839749004,3.141592653589793,0.0,[27]
34,8,0.12214210858403918,0.049733965504718425,3.141592653589793,0.0,[31]
49,9,0.1583087431108613,0.06634855716404209,3.141592653589793,0.0,[34]
56,10,0.17080102940634534,0.05890498589623128,3.141592653589793,0.0,[49]
82,11,0.20063050501071167,0.03967022682061594,3.141592653589793,0.0,[56]
97,12,0.21054036916623198,0.04429578016166247,3.141592653589793,0.0,[82]
104,13,0.22166430725244657,0.053615200312045364,3.141592653589793,0.0,[97]
116,13,0.23416906446677022,0.06630727658869928,3.141592653589793,0.0,[97]
135,14,0.2507765532943379,0.05071819985765624,3.141592653589793,0.0,[104 116]
138,14,0.2528567228742168,0.05661005827827936,3.141592653589793,0.0,[104 116]
164,15,0.2747964527667486,0.052650638614897494,3.141592653589793,0.0,[135 138]
167,16,0.2794358817042556,0.05208322440617952,3.141592653589793,0.0,[164]
168,17,0.2803031392313893,0.05132546261899451,3.141592653589793,0.0,[167]
222,18,0.31117650121247753,0.07665645780565278,3.141592653589793,0.0,[168]
240,19,0.3230618171210402,0.08671616052267495,3.141592653589793,0.0,[222]
258,20,0.33277087243803105,0.08136990828056267,3.141592653589793,0.0,[240]
280,21,0.34597435714647484,0.08373238240416814,3.141592653589793,0.0,[258]
303,22,0.3633089073820508,0.08000111534278198,3.141592653589793,0.0,[280]
316,22,0.36927471400733236,0.09251308003772896,3.141592653589793,0.0,[280]
331,23,0.37874637268660427,0.0904958773501684,3.141592653589793,0.0,[303 316]
337,23,0.38420149623623934,0.09665715428236532,3.141592653589793,0.0,[303 316]
363,23,0.3935781456427043,0.10912165264050266,3.141592653589793,0.0,[303 316]
392,24,0.40798169679768204,0.10651925519572891,3.141592653589793,0.0,[331 337 363]
422,25,0.4203598929900473,0.10906562180013346,3.141592653589793,0.0,[392]
435,26,0.4261210907787313,0.11315983645194994,3.141592653589793,0.0,[422]
440,26,0.4285540963854453,0.11640769405082041,3.141592653589793,0.0,[422]
493,27,0.4464554090681012,0.10523973965676181,3.141592653589793,0.0,[435 440]
542,28,0.469213137450028,0.0993938888822502,3.141592653589793,0.0,[493]
549,29,0.47216538277632214,0.09710492991377373,3.141592653589793,0.0,[542]
578,30,0.48490844401438526,0.08663478239194877,3.141592653589793,0.0,[549]
622,31,0.5005229921886738,0.07249641937385176,3.141592653589793,0.0,[578]
634,31,0.5040624325308831,0.08928318738144836,3.141592653589793,0.0,[578]
644,31,0.5069338364762028,0.10788130803779927,3.141592653589793,0.0,[578]
649,31,0.5080046558711605,0.10023883850785986,3.141592653589793,0.0,[578]
632,32,0.5029471301880173,0.07249182156459644,3.141592653589793,0.0,[622]
661,32,0.5108963545706322,0.10026923910100494,3.141592653589793,0.0,[649]
667,32,0.5129031217862211,0.09326183592813131,3.141592653589793,0.0,[634]
669,32,0.5138032826722211,0.11428776575327781,3.141592653589793,0.0,[644]
716,33,0.5334847486449366,0.09816735476302241,3.141592653589793,0.0,[632 661 667 669]
741,34,0.5447396809568468,0.08730649725264927,3.141592653589793,0.0,[716]
794,35,0.5644833724977064,0.10689006203613782,3.141592653589793,0.0,[741]
835,36,0.5786529737484791,0.10679817975839001,3.141592653589793,0.0,[794]
844,37,0.5846542376516668,0.10259076637168374,3.141592653589793,0.0,[835]
868,38,0.5950667229840791,0.10927031950748045,3.141592653589793,0.0,[844]
874,38,0.5974648638277267,0.09863823326082533,3.141592653589793,0.0,[844]
879,39,0.5997575066778803,0.0978331218094235,3.141592653589793,0.0,[874]
882,39,0.6026369910333274,0.10200197315442916,3.141592653589793,0.0,[868 874]
911,40,0.6153070576166092,0.08299842709135863,3.141592653589793,0.0,[879]
920,40,0.6186463436259387,0.11260079761455444,3.141592653589793,0.0,[879 882]
938,41,0.6324143119101208,0.12155558761182528,3.141592653589793,0.0,[920]
944,41,0.6348507583166183,0.07332570490759871,3.141592653589793,0.0,[911]
951,41,0.6381166777213575,0.09994764022762848,3.141592653589793,0.0,[911 920]
986,42,0.657381277697088,0.09699288820281704,3.141592653589793,0.0,[938 951]
990,42,0.6602685509639332,0.08784344814036338,3.141592653589793,0.0,[944 951]
1020,43,0.6737690800742723,0.09433476814762676,3.141592653589793,0.0,[986 990]
1033,44,0.6799897721641611,0.09593993473850626,3.141592653589793,0.0,[1020]
1042,45,0.6883128867217162,0.09418827394500673,3.141592653589793,0.0,[1033]
1066,46,0.7064957973499562,0.08249194799442738,3.141592653589793,0.0,[1042]
1075,47,0.7133102352208072,0.08638511426365092,3.141592653589793,0.0,[1066]
1083,48,0.7192013232823178,0.08532401857680538,3.141592653589793,0.0,[1075]
1126,49,0.7421227035304186,0.06397777230807056,3.141592653589793,0.0,[1083]
1135,50,0.7506729034299018,0.07209912219711623,3.141592653589793,0.0,[1126]
1161,50,0.7723094962716981,0.037530834031811344,3.141592653589793,0.0,[1126]
1144,51,0.7542618315965552,0.07423637292494611,3.141592653589793,0.0,[1135]
1165,51,0.7760779040852813,0.03885433281775186,3.141592653589793,0.0,[1161]
1159,52,0.7700152487464776,0.08243185368207084,3.141592653589793,0.0,[1144]
1185,52,0.7890798642948299,0.026961389013325454,3.141592653589793,0.0,[1165]
1177,53,0.7830426740802701,0.0722173614161431,3.141592653589793,0.0,[1159]
1205,53,0.8014599105250241,0.02124079582746019,3.141592653589793,0.0,[1185]
1216,53,0.81300327440356,0.005022880243944594,3.141592653589793,0.0,[1185]
1199,54,0.7979998342306239,0.08254183633966028,3.141592653589793,0.0,[1177]
1224,54,0.8239458663045646,0.01275767766760949,3.141592653589793,0.0,[1205 1216]
1212,55,0.8118405958197616,0.08070130862159897,3.141592653589793,0.0,[1199]
1238,55,0.8384097078514315,0.006071082360503688,3.141592653589793,0.0,[1224]
1221,56,0.8207577574079623,0.07843662423808151,3.141592653589793,0.0,[1212]
1258,56,0.8579113846794919,0.008618875124631997,0.0,0.0,[1238]
1234,57,0.8365487166404907,0.08942805855055225,3.141592653589793,0.0,[1221]
1236,57,0.8375370285613585,0.0930373093443938,3.141592653589793,0.0,[1221]
1237,57,0.8382610865578151,0.07271836978936863,3.141592653589793,0.0,[1221]
1240,57,0.8401294034116501,0.0670594338050381,3.141592653589793,0.0,[1221]
1262,57,0.871956576961595,0.014141879282328684,0.0,0.0,[1258]
1266,58,0.8780403991841926,0.019841977726602233,0.0,0.0,[1262]
1267,58,0.8803804828496553,0.01686221704423163,0.0,0.0,[1262]
1272,58,0.8933620136656604,0.06592229375303549,3.141592653589793,0.0,[1234 1236 1237 1240]
1278,59,0.9053472537000136,0.05769297562965103,3.141592653589793,0.0,[1272]
1279,59,0.9095718043101508,0.002312764003112644,3.141592653589793,0.0,[1266 1267]
1281,59,0.9138795264674079,0.01591555508049025,0.0,0.0,[1266 1267]
1290,60,0.9254326991430355,0.04760909749465525,3.141592653589793,0.0,[1278]
1291,60,0.925704265366746,0.006139224368680529,0.0,0.0,[1279 1281]
1293,61,0.9348437511842373,0.006623001675084561,0.0,0.0,[1291]
1294,61,0.9357531679942147,0.05287459532039018,3.141592653589793,0.0,[1290]
1298,61,0.9453465837177449,0.04194290599161765,3.141592653589793,0.0,[1290]
1300,62,0.9504451327613676,0.0003971548766247279,0.0,0.0,[1293]
1303,62,0.9569367591336295,0.03199138948198488,3.141592653589793,0.0,[1294 1298]
1305,63,0.9641869007547321,0.010841468888785788,3.141592653589793,0.0,[1300]
1307,63,0.9705325842192759,0.02590514892682083,3.141592653589793,0.0,[1303]
1308,64,0.9787739231823354,0.019646745697286305,3.141592653589793,0.0,[1305 1307]
1309,64,0.9790522107545395,0.0013444341883809274,3.141592653589793,0.0,[1305]
1310,65,1.0,0.0,3.141592653589793,0.0,[1308 1309]
0,0,0.0,0.0,3.141592653589793,0.0,[]
1,1,0.008855015107142927,0.0052862984860193585,0.0,0.0,[0]
3,2,0.022132674684686604,0.006085720121172478,3.141592653589793,0.0,[1]
4,3,0.03760234896504577,0.013105322588117252,3.141592653589793,0.0,[3]
6,3,0.04730414572660824,0.023321391625338306,3.141592653589793,0.0,[3]
8,3,0.05756003073730864,0.04102644891435736,3.141592653589793,0.0,[3]
7,4,0.053256893365852265,0.022031893374205302,3.141592653589793,0.0,[4 6]
19,4,0.09486803851283343,0.07502000422041111,3.141592653589793,0.0,[8]
13,5,0.0753222285622791,0.032871311532237435,3.141592653589793,0.0,[7]
17,5,0.0861501086185632,0.04855695015645578,3.141592653589793,0.0,[7]
28,5,0.1085773687335605,0.07110461313873762,3.141592653589793,0.0,[ 7 19]
29,5,0.10865167985307822,0.07244892060754848,3.141592653589793,0.0,[ 7 19]
22,6,0.10137453021293064,0.042264001391224104,3.141592653589793,0.0,[13 17]
34,6,0.11799760334289355,0.07309063575395247,3.141592653589793,0.0,[13 17 28 29]
33,7,0.11723412377280151,0.05749833259653914,3.141592653589793,0.0,[22]
35,7,0.11963416242310076,0.0729372573333178,3.141592653589793,0.0,[34]
45,8,0.13303800766255902,0.07614393433481947,3.141592653589793,0.0,[35]
46,8,0.13407908368162824,0.0574100814377021,3.141592653589793,0.0,[33]
56,9,0.14753477537282744,0.0656794919786774,3.141592653589793,0.0,[45 46]
65,10,0.156419974094,0.06303003568310617,3.141592653589793,0.0,[56]
67,10,0.16141124023432696,0.06919412773342692,3.141592653589793,0.0,[56]
73,11,0.17018071547567604,0.06358857481584501,3.141592653589793,0.0,[65 67]
84,12,0.1813419919895014,0.05760149062877351,3.141592653589793,0.0,[73]
85,12,0.18140172231422114,0.052920224046297926,3.141592653589793,0.0,[73]
90,13,0.18661777596777274,0.05511049582711958,3.141592653589793,0.0,[84 85]
112,14,0.20975096408340477,0.04631462701209721,3.141592653589793,0.0,[90]
126,14,0.22193171421882463,0.032288517479649226,3.141592653589793,0.0,[90]
148,15,0.23181051960181898,0.026450462887323223,3.141592653589793,0.0,[112 126]
151,15,0.23290991050276255,0.028619689704121765,3.141592653589793,0.0,[112 126]
157,16,0.2384377578447362,0.03394679298506942,3.141592653589793,0.0,[151]
204,16,0.2671451522687712,0.005441470028029416,0.0,0.0,[148 151]
220,16,0.27755777721216834,0.017883300870650265,0.0,0.0,[148]
188,17,0.2603316483584218,0.017865002097733895,3.141592653589793,0.0,[157]
231,17,0.28502917138539474,0.025185749137985547,0.0,0.0,[220]
238,17,0.29050312565501435,0.01635446335268842,0.0,0.0,[157 204 220]
209,18,0.2701622692189757,0.02507766043172388,3.141592653589793,0.0,[188]
257,18,0.30215507965513555,0.02708940774541313,0.0,0.0,[231 238]
228,19,0.2839533721047839,0.024836258128371203,3.141592653589793,0.0,[209]
246,19,0.2980771452450658,0.002295253019897192,3.141592653589793,0.0,[209]
272,19,0.3114045088379601,0.013078196788436691,0.0,0.0,[209]
300,19,0.32744955032297596,0.05035586907444878,0.0,0.0,[257]
236,20,0.29025407728108055,0.024689421932893585,3.141592653589793,0.0,[228]
307,20,0.33027065585570725,0.029101112946231633,0.0,0.0,[246 272]
330,20,0.3415576901597165,0.04897575595123771,0.0,0.0,[300]
332,20,0.34291237217212855,0.04614604887327667,0.0,0.0,[300]
348,20,0.3517331684939101,0.06177725413911539,0.0,0.0,[300]
381,21,0.36675664049899004,0.04754199276161608,0.0,0.0,[236 307 330 332 348]
387,22,0.36883487876620513,0.04640391550858425,0.0,0.0,[381]
409,23,0.3803884426917117,0.054932417512913556,0.0,0.0,[387]
416,23,0.38306025874153804,0.051037568713143244,0.0,0.0,[387]
420,24,0.3849466071442721,0.05145759200391631,0.0,0.0,[409 416]
474,25,0.4027778862167035,0.05006065572061558,0.0,0.0,[420]
476,26,0.4033346274347921,0.05045605138884013,0.0,0.0,[474]
493,27,0.40950543599978395,0.0554317239129527,0.0,0.0,[476]
503,28,0.41357743661798696,0.054245268092868226,0.0,0.0,[493]
555,29,0.4391966548855686,0.07600639022707867,0.0,0.0,[503]
592,30,0.45794381868132517,0.08388423373226017,0.0,0.0,[555]
645,31,0.4745712377675192,0.08114615766690525,0.0,0.0,[592]
665,32,0.48693531271831125,0.08592770653875392,0.0,0.0,[645]
683,33,0.49363823668559514,0.07986799472551698,0.0,0.0,[665]
757,34,0.5248651452227904,0.04899661691606505,0.0,0.0,[683]
781,35,0.534556228935321,0.041290517747536004,0.0,0.0,[757]
837,36,0.5593005702237114,0.027240414413515768,0.0,0.0,[781]
879,37,0.586200929417356,0.01866157511350852,0.0,0.0,[837]
885,38,0.5883888886376887,0.016700006647130783,0.0,0.0,[879]
917,39,0.6013888642576758,0.020941660007086194,0.0,0.0,[885]
944,40,0.6154061866341661,0.01905601083174968,0.0,0.0,[917]
968,41,0.6263494774663565,0.025405794225366707,0.0,0.0,[944]
1016,42,0.6609556381138013,0.0004548511181854398,3.141592653589793,0.0,[968]
1024,42,0.6655355099140912,0.011437702982628806,3.141592653589793,0.0,[968]
1036,43,0.6728558880503052,0.004307729422339368,3.141592653589793,0.0,[1016 1024]
1057,44,0.6839498031978437,0.0036466816675765346,3.141592653589793,0.0,[1036]
1069,45,0.6920045030097693,0.009091013947799653,3.141592653589793,0.0,[1057]
1100,46,0.7168859255679673,0.032824439212405854,3.141592653589793,0.0,[1069]
1105,47,0.7192097686063115,0.032265083317244425,3.141592653589793,0.0,[1100]
1129,48,0.7339016540687959,0.045193246507712614,3.141592653589793,0.0,[1105]
1133,48,0.7365089785115747,0.029162271137540108,3.141592653589793,0.0,[1105]
1145,49,0.7486784990105686,0.033485895761897755,3.141592653589793,0.0,[1129 1133]
1154,49,0.757359493620782,0.020706120840149667,3.141592653589793,0.0,[1133]
1169,50,0.7690874415048298,0.013150461352808618,3.141592653589793,0.0,[1145 1154]
1180,51,0.7786281494945035,0.01205896226589298,3.141592653589793,0.0,[1169]
1187,51,0.7814519794736191,0.003305214310861504,3.141592653589793,0.0,[1169]
1204,52,0.800296345054099,0.018134464162045116,3.141592653589793,0.0,[1180 1187]
1209,53,0.8041914340748633,0.021200343955721457,3.141592653589793,0.0,[1204]
1220,54,0.8176674844451729,0.014991963329077262,3.141592653589793,0.0,[1209]
1237,55,0.8398781830687713,0.00483675454811705,0.0,0.0,[1220]
1253,55,0.8536092382250439,0.019618847654971128,0.0,0.0,[1220]
1259,56,0.8570351257991089,0.020431848807942576,0.0,0.0,[1237 1253]
1282,57,0.8954900251073352,0.03673495962859208,0.0,0.0,[1259]
1292,58,0.9112692948184813,0.03766210347001975,0.0,0.0,[1282]
1296,59,0.9185665285490554,0.03299383436770298,0.0,0.0,[1292]
1301,60,0.9401074934686552,0.02986580078035861,0.0,0.0,[1296]
1302,60,0.9405185888116868,0.03386417467230385,0.0,0.0,[1296]
1304,61,0.9442814872624609,0.03081794520848713,0.0,0.0,[1301 1302]
1305,62,0.9492586124288702,0.034476381316994376,0.0,0.0,[1304]
1306,63,0.956570444500748,0.031753100966156134,0.0,0.0,[1305]
1310,64,1.0,0.0,3.141592653589793,0.0,[1306]
0,0,0.0,0.0,3.141592653589793,0.0,[]
1,1,0.012596045104940945,0.006299470989955536,3.141592653589793,0.0,[0]
3,1,0.021332131875684612,0.01631269314675332,0.0,0.0,[0]
4,1,0.021334556615857148,0.004325538021154096,0.0,0.0,[0]
6,2,0.035169145977790084,0.009265002503726527,0.0,0.0,[1 3 4]
8,3,0.03705020936109382,0.010241824220687978,0.0,0.0,[6]
9,4,0.04101720683564347,0.008745576803154353,0.0,0.0,[8]
13,5,0.05874998192155867,0.005684581681088208,3.141592653589793,0.0,[9]
18,6,0.07370050950147988,0.018901518953444496,3.141592653589793,0.0,[13]
19,6,0.07380315301043705,0.009033301576824915,3.141592653589793,0.0,[13]
26,7,0.08026662503506832,0.013406249678985405,3.141592653589793,0.0,[18 19]
33,7,0.08829087224241938,0.0008476049703168842,0.0,0.0,[19]
36,8,0.09667690532325801,0.00045108668892990256,0.0,0.0,[26 33]
57,9,0.13110551020277816,0.0284366443905536,0.0,0.0,[36]
65,10,0.14089878807418277,0.03820761259968708,0.0,0.0,[57]
94,11,0.16785144065374458,0.0616866032045188,0.0,0.0,[65]
103,12,0.17861400396146443,0.057621334036211724,0.0,0.0,[94]
120,13,0.19152476635698035,0.07035862636719037,0.0,0.0,[103]
124,14,0.1943634896285702,0.07226445652335434,0.0,0.0,[120]
138,15,0.20744596770169987,0.06784978132353936,0.0,0.0,[124]
170,16,0.2356283537152425,0.09398893320887036,0.0,0.0,[138]
181,17,0.24612182197861676,0.09657122931083151,0.0,0.0,[170]
187,18,0.25197476868029756,0.10022250223143336,0.0,0.0,[181]
213,19,0.2746934998077163,0.10568731064608927,0.0,0.0,[187]
224,19,0.28401471761826225,0.12404112870903516,0.0,0.0,[187]
226,20,0.2859539722733815,0.10609910470234252,0.0,0.0,[213]
236,20,0.2920793546552576,0.11866657951382387,0.0,0.0,[213 224]
260,21,0.3115251181664609,0.09371974383164494,0.0,0.0,[226]
267,21,0.31595041150909464,0.08774788746868212,0.0,0.0,[226]
268,21,0.3160090850236036,0.10950677578164425,0.0,0.0,[226 236]
282,22,0.32770445277911997,0.10981730684741597,0.0,0.0,[260 268]
288,22,0.32928284219412385,0.11315765432239311,0.0,0.0,[268]
290,22,0.3307747371437013,0.10098596329404852,0.0,0.0,[260 267 268]
291,23,0.3316740352443618,0.10028600096154017,0.0,0.0,[290]
307,23,0.3440941718245544,0.12575728332778613,0.0,0.0,[282 288]
328,24,0.35282029978209406,0.11666614777443196,0.0,0.0,[291]
333,24,0.3556407162545562,0.1334259214072988,0.0,0.0,[307]
358,25,0.36787367861908804,0.13665579000656414,0.0,0.0,[333]
371,25,0.3716952031448012,0.12612229673411146,0.0,0.0,[328 333]
373,26,0.3733344537131844,0.13542298267248232,0.0,0.0,[358]
384,26,0.38028594811471617,0.1267351383797033,0.0,0.0,[358 371]
395,27,0.3868773692894486,0.13033039776508648,0.0,0.0,[373 384]
410,28,0.3974900238733027,0.13046323798830184,0.0,0.0,[395]
452,29,0.42114451457799196,0.11014332073857702,0.0,0.0,[410]
489,29,0.43632598274100964,0.1263228768578596,0.0,0.0,[410]
502,30,0.445201593713471,0.1275243982543498,0.0,0.0,[452 489]
524,31,0.454911060020477,0.12772343851157242,0.0,0.0,[502]
595,32,0.4851233704322905,0.11266279869908447,0.0,0.0,[524]
611,33,0.490096953794411,0.1142899184110765,0.0,0.0,[595]
631,34,0.49616076895788797,0.11639646258497993,0.0,0.0,[611]
638,34,0.4980914484148373,0.11322495727436155,0.0,0.0,[611]
676,35,0.513059902454106,0.11685790950528896,0.0,0.0,[631 638]
684,36,0.5168893654414328,0.1174429696625896,0.0,0.0,[676]
697,37,0.5203644862611508,0.11992789645114732,0.0,0.0,[684]
703,37,0.5218545507730111,0.11776635726439877,0.0,0.0,[684]
756,38,0.538536101963562,0.10347082226342497,0.0,0.0,[697 703]
765,39,0.5417063827396853,0.10032653759943555,0.0,0.0,[756]
781,40,0.5459096160820598,0.10155398884158306,0.0,0.0,[765]
810,41,0.5567746200581255,0.0993029051858787,0.0,0.0,[781]
829,41,0.5649691640827317,0.11696432716007765,0.0,0.0,[781]
854,41,0.5796750787402514,0.13201241153383902,0.0,0.0,[781]
826,42,0.5645440217416218,0.09259548339823609,0.0,0.0,[810]
867,42,0.585617752756511,0.13135027874829186,0.0,0.0,[829 854]
876,43,0.5874711302675468,0.1300634425501267,0.0,0.0,[867]
884,43,0.5906107421260495,0.06841714151441713,0.0,0.0,[826]
898,44,0.5996343255991282,0.06203857737150431,0.0,0.0,[884]
902,44,0.6009231294606262,0.14338047701074497,0.0,0.0,[876]
918,45,0.6116925511634639,0.13451610734663988,0.0,0.0,[902]
976,45,0.6403517166844054,0.05218786083703908,0.0,0.0,[898]
940,46,0.6242186188020264,0.12245583167412522,0.0,0.0,[918]
952,46,0.6273149298952071,0.12592967513040898,0.0,0.0,[918]
983,46,0.6441087264087599,0.04994925914061343,0.0,0.0,[976]
977,47,0.6405507205755485,0.13520172139445974,0.0,0.0,[940 952]
985,47,0.6458011740270602,0.0502568601553548,0.0,0.0,[983]
989,47,0.6472484341190081,0.11792606775122616,0.0,0.0,[940 952]
999,48,0.653195227776025,0.05665722143773089,0.0,0.0,[985]
1041,48,0.6747709299711369,0.14367562283790936,0.0,0.0,[977 989]
1026,49,0.6678948490088468,0.056881423553667876,0.0,0.0,[999]
1068,49,0.6912355907846499,0.1335156533377181,0.0,0.0,[1041]
1066,50,0.6903543987900065,0.07078022221367852,0.0,0.0,[1026]
1080,50,0.69714849255314,0.13118892292624973,0.0,0.0,[1068]
1086,50,0.6990650858252732,0.05226205081132662,0.0,0.0,[1026]
1090,51,0.7058504499504602,0.058397020011983325,0.0,0.0,[1066 1086]
1101,51,0.7121868221314375,0.12481840414838408,0.0,0.0,[1080]
1120,51,0.7237282701917015,0.03955623296726307,0.0,0.0,[1066 1086]
1118,52,0.722688341081072,0.11920463713949947,0.0,0.0,[1101]
1131,52,0.7332508558957718,0.046958954053296864,0.0,0.0,[1090 1120]
1136,52,0.7359014805011606,0.056135849168926666,0.0,0.0,[1090]
1141,52,0.7408802463036583,0.03427350995936085,0.0,0.0,[1090 1120]
1148,53,0.7469795667312943,0.11616848223680687,0.0,0.0,[1118]
1168,53,0.769135736609599,0.025423621348288128,0.0,0.0,[1131 1136 1141]
1165,54,0.7624182919187661,0.11384073777459636,0.0,0.0,[1148]
1169,54,0.7712201257797451,0.025996421672418335,0.0,0.0,[1168]
1170,55,0.7712770850517098,0.10983783314384699,0.0,0.0,[1165]
1182,55,0.7800444108687854,0.02007194854331429,0.0,0.0,[1169]
1176,56,0.7753674508250604,0.1126064440557687,0.0,0.0,[1170]
1184,56,0.7829865652595486,0.01733276801741568,0.0,0.0,[1182]
1206,57,0.8010423779436121,0.0869655086248845,0.0,0.0,[1176]
1209,57,0.8031480320866108,0.028387380394470862,0.0,0.0,[1184]
1222,58,0.8126115498357563,0.028023803384542578,0.0,0.0,[1209]
1223,58,0.8137630984031781,0.024087521717559457,0.0,0.0,[1209]
1231,58,0.8230083616283881,0.040310947423135346,0.0,0.0,[1209]
1233,58,0.8238474812697679,0.07166951164069624,0.0,0.0,[1206]
1237,59,0.8294718283463902,0.07019924043725423,0.0,0.0,[1233]
1241,59,0.832556189670194,0.00831803753653948,0.0,0.0,[1222 1223]
1253,59,0.8469646070768054,0.029280718195914934,0.0,0.0,[1222 1223 1231]
1248,60,0.8405691430375563,0.067597599229971,0.0,0.0,[1237]
1260,60,0.8559720275977912,0.0049698236472068835,0.0,0.0,[1241]
1262,60,0.8586008313043691,0.0018314300444997045,0.0,0.0,[1241]
1267,60,0.8677618914434223,0.01723782473874047,0.0,0.0,[1241 1253]
1250,61,0.8430675038403531,0.06841757219276468,0.0,0.0,[1248]
1269,61,0.8735514685541442,0.01397812035878554,0.0,0.0,[1260 1262 1267]
1268,62,0.8730869493948714,0.06642111895727443,0.0,0.0,[1250]
1270,62,0.8744512026865615,0.04465946032243617,0.0,0.0,[1250]
1277,62,0.8960546166740448,0.01585146332565779,0.0,0.0,[1250 1269]
1271,63,0.881911551139183,0.03891647673359577,0.0,0.0,[1270]
1272,63,0.8841753506160364,0.06930201620489396,0.0,0.0,[1268]
1275,63,0.8869923560517272,0.04750193458557783,0.0,0.0,[1270]
1282,63,0.9022500358462464,0.018066876125907294,0.0,0.0,[1270 1277]
1279,64,0.8992327475898628,0.04785009473602808,0.0,0.0,[1271 1275]
1281,64,0.9006683135622795,0.06258725344195848,0.0,0.0,[1272]
1286,64,0.9102458776934216,0.017581958191349556,0.0,0.0,[1271 1282]
1288,64,0.9122798083991043,0.0258759759630387,0.0,0.0,[1271 1275 1282]
1297,64,0.9254440424663092,0.0005008304388850471,0.0,0.0,[1271 1282]
1287,65,0.9117358131528011,0.045085927935154535,0.0,0.0,[1279]
1290,65,0.9170667905715629,0.051329054613065916,0.0,0.0,[1279 1281]
1291,65,0.917526975814568,0.052564062590247373,0.0,0.0,[1279 1281]
1300,65,0.942097006714968,0.0027887141307292307,0.0,0.0,[1286 1288 1297]
1301,65,0.9421091086900347,0.008160061064116264,0.0,0.0,[1279 1286 1288 1297]
1298,66,0.9318475537138275,0.04225636158689994,0.0,0.0,[1287 1290 1291]
1304,66,0.9559788490265146,0.005485591998772632,3.141592653589793,0.0,[1300 1301]
1306,66,0.9597225343293126,0.008502413049611746,0.0,0.0,[1287 1300 1301]
1307,67,0.9651444919367839,0.003242722592795011,3.141592653589793,0.0,[1304]
1308,67,0.9682825845776337,0.008145141402076894,0.0,0.0,[1298 1306]
1309,68,0.9918940118098839,0.002986827589361196,0.0,0.0,[1307 1308]
1310,69,1.0,0.0,3.141592653589793,0.0,[1309]
0,0,0.0,0.0,3.141592653589793,0.0,[]
1,1,0.013230676568277255,0.006938277411932536,0.0,0.0,[0]
2,2,0.03181696469701112,0.0036269305718577005,0.0,0.0,[1]
9,3,0.048990304087867864,0.014693607443864054,0.0,0.0,[2]
11,4,0.05641007213176419,0.0077004522948600496,0.0,0.0,[9]
14,5,0.06466770312174974,0.010817388778182835,0.0,0.0,[11]
15,6,0.06764827009748142,0.012331692147094286,0.0,0.0,[14]
18,7,0.07623271483560956,0.020590262369381218,0.0,0.0,[15]
23,8,0.08974399424686497,0.027553913203820835,0.0,0.0,[18]
31,9,0.09819046660290776,0.025329429755899135,0.0,0.0,[23]
39,10,0.10843114081820726,0.0291221327582617,0.0,0.0,[31]
45,10,0.11304143953894641,0.02201385482890672,0.0,0.0,[31]
58,11,0.12808806917141913,0.014562968038046797,0.0,0.0,[39 45]
73,11,0.14584908642466632,0.06363446489250424,0.0,0.0,[39]
68,12,0.13739794923169146,0.007764874264338251,0.0,0.0,[58]
82,12,0.1641466850009753,0.07192944230158427,0.0,0.0,[73]
69,13,0.139120971194009,0.009150735120752818,0.0,0.0,[68]
93,13,0.17433764666953333,0.06545759560409581,0.0,0.0,[82]
102,14,0.18708315623425453,0.07247904517489867,0.0,0.0,[93]
104,14,0.1891160889163005,0.04281888712365789,0.0,0.0,[69]
109,14,0.19242530421067572,0.051134202546727514,0.0,0.0,[69 93]
112,14,0.19491440623343603,0.02402211373522889,3.141592653589793,0.0,[69]
116,15,0.19779844985503103,0.07563420538145793,0.0,0.0,[102]
118,15,0.1993314998902147,0.046761629054163256,0.0,0.0,[104 109]
124,15,0.20870385236204436,0.030905133674907437,3.141592653589793,0.0,[112]
122,16,0.2054760387196165,0.06831246262692536,0.0,0.0,[116]
134,16,0.2175597465248783,0.03638547875359566,3.141592653589793,0.0,[124]
137,16,0.22367969857693926,0.045629695012770255,0.0,0.0,[118]
147,17,0.23270819633318107,0.02682049060683822,3.141592653589793,0.0,[134]
149,17,0.23626789958537064,0.06490516860381412,0.0,0.0,[122]
150,17,0.23766935971033554,0.048573121612861314,0.0,0.0,[122 137]
157,17,0.24429894968753696,0.10537511309292136,0.0,0.0,[122]
160,17,0.24731204751663238,0.10099739666018748,0.0,0.0,[122]
158,18,0.24528103974843052,0.04610135200928045,0.0,0.0,[150]
171,18,0.2563396324551599,0.030024324299373406,3.141592653589793,0.0,[147]
178,18,0.2603628204935833,0.03027463340875436,0.0,0.0,[150]
182,18,0.2639196289278658,0.09321275872173085,0.0,0.0,[157 160]
201,18,0.2774456691371272,0.07890304241210333,0.0,0.0,[149 150 157 160]
175,19,0.25926878932319897,0.028140384834324572,3.141592653589793,0.0,[171]
193,19,0.2731708177933586,0.026713348242259682,0.0,0.0,[158 178]
219,19,0.28744946613701716,0.07036368172367913,0.0,0.0,[158 182 201]
205,20,0.27911611673246384,0.033138100069664,3.141592653589793,0.0,[175]
206,20,0.2792496738609681,0.04146034281092803,3.141592653589793,0.0,[175]
217,20,0.2868983796507807,0.008742501645777612,3.141592653589793,0.0,[175]
222,20,0.28914335621133613,0.014595557931004421,0.0,0.0,[193]
229,20,0.29283227015016056,0.0284514079791226,0.0,0.0,[193]
232,20,0.29648175794068754,0.07103134028890434,0.0,0.0,[219]
223,21,0.28967825946603865,0.040375464744970446,3.141592653589793,0.0,[205 206]
237,21,0.29860143385072324,0.0277437223373741,3.141592653589793,0.0,[205 206]
240,21,0.30064397965376166,0.07444212206076517,0.0,0.0,[232]
259,21,0.3151665677429908,0.012494019729512806,0.0,0.0,[217 222 229]
250,22,0.3096717260998495,0.03366121589785076,3.141592653589793,0.0,[223 237]
268,22,0.31789952892666684,0.07962723284875162,0.0,0.0,[240]
281,22,0.32775843400392624,0.003247167294258335,0.0,0.0,[259]
282,22,0.32786652930982296,0.023913625197108046,0.0,0.0,[259]
291,22,0.3338315305398979,0.01784707619380732,0.0,0.0,[259]
286,23,0.33046439225489355,0.06952757394564224,0.0,0.0,[268]
295,23,0.334957970728333,0.025786023498702848,3.141592653589793,0.0,[250]
314,23,0.3456222034347193,0.007979726108027219,0.0,0.0,[281 282 291]
351,24,0.36498976056810595,0.046573466901064564,0.0,0.0,[286]
364,24,0.370505499857535,0.007772600838253374,3.141592653589793,0.0,[295 314]
377,25,0.3774779705414638,0.012017080987326123,3.141592653589793,0.0,[364]
390,25,0.38414118891072113,0.03597531322162806,0.0,0.0,[351]
410,26,0.3956016350887537,0.025086668676452817,0.0,0.0,[390]
422,26,0.40207704360372487,0.004019957327069501,3.141592653589793,0.0,[377]
420,27,0.40138243170727583,0.027251061455077163,0.0,0.0,[410]
430,27,0.4056152613929703,0.003645563587060585,3.141592653589793,0.0,[422]
429,28,0.4053227261971204,0.023696566129562835,0.0,0.0,[420]
468,28,0.419535040424333,0.016738616775885284,3.141592653589793,0.0,[430]
452,29,0.413516696217767,0.019105379157361213,0.0,0.0,[429]
491,29,0.4312370635088191,0.009064292447168665,3.141592653589793,0.0,[468]
487,30,0.4269876231189702,0.006252222857407341,0.0,0.0,[452]
492,30,0.43293233521541763,0.007745938025918941,3.141592653589793,0.0,[491]
503,30,0.4358686114369065,0.012136014442578835,3.141592653589793,0.0,[491]
529,31,0.4512494731092159,0.0022398748538101643,3.141592653589793,0.0,[487 492 503]
537,31,0.45407375549858553,0.003240229383539961,0.0,0.0,[487 492 503]
551,32,0.4567491162866768,0.002166093100816502,0.0,0.0,[529 537]
571,33,0.46819727335064143,0.006922273805941348,0.0,0.0,[551]
580,33,0.471873389557377,0.0016870450437227458,3.141592653589793,0.0,[551]
632,34,0.4884989845736466,0.006112225232244639,3.141592653589793,0.0,[571 580]
661,35,0.4967026139350549,0.010991681500757577,3.141592653589793,0.0,[632]
691,36,0.5080918174838793,0.01178209701640709,3.141592653589793,0.0,[661]
751,37,0.533995593060356,0.014096368151035543,0.0,0.0,[691]
766,37,0.5392841864437035,0.0020879530309623195,3.141592653589793,0.0,[691]
780,37,0.5449869641222892,0.01727331991351233,3.141592653589793,0.0,[691]
791,37,0.5505096957703409,0.032388715405006874,3.141592653589793,0.0,[691]
808,38,0.5566062529481998,0.029973775142724368,3.141592653589793,0.0,[791]
814,38,0.5589310139689719,0.026162306657990464,3.141592653589793,0.0,[780 791]
831,38,0.5693641314710528,0.009150627626087648,3.141592653589793,0.0,[751 766 780]
862,39,0.5830921099230696,0.006078597180414147,3.141592653589793,0.0,[808 814 831]
872,40,0.5866062237299701,0.009110017261747871,3.141592653589793,0.0,[862]
890,41,0.5960792649004963,0.012529799202813718,3.141592653589793,0.0,[872]
900,42,0.6024964950680539,0.008470316094156605,3.141592653589793,0.0,[890]
932,43,0.617768271890672,0.014913889139798298,3.141592653589793,0.0,[900]
940,43,0.6222707312720487,0.011177181475939713,0.0,0.0,[900]
947,44,0.6241725015733927,0.009430122915817463,0.0,0.0,[940]
966,44,0.6337885303816947,0.030350026484157522,3.141592653589793,0.0,[932]
972,44,0.6363049008755002,0.02392623956680595,3.141592653589793,0.0,[932]
957,45,0.6298574645427216,0.005156995371189299,0.0,0.0,[947]
961,45,0.6318913196495665,0.00957209644855117,0.0,0.0,[947]
992,45,0.6463891617882381,0.02184194323767663,3.141592653589793,0.0,[966 972]
1009,45,0.6551093302431253,0.046115999782992856,3.141592653589793,0.0,[966]
1015,45,0.6572486960098666,0.04002234178659192,3.141592653589793,0.0,[966 972]
1034,46,0.6742779352047725,0.03896885349852264,3.141592653589793,0.0,[ 957  992 1009 1015]
1049,46,0.6858952090002445,0.0034195124651312803,0.0,0.0,[957 961 992]
1055,47,0.6899094597338544,0.028595901163428805,3.141592653589793,0.0,[1034]
1076,47,0.7046401073432688,0.01285960467478442,3.141592653589793,0.0,[1034 1049]
1081,48,0.708313457813812,0.035393659579854964,3.141592653589793,0.0,[1055]
1100,48,0.717582983577261,0.022335055657020986,3.141592653589793,0.0,[1055 1076]
1102,48,0.7196219704112751,0.05811572866319903,3.141592653589793,0.0,[1055]
1106,49,0.7217349595322088,0.025280819952873124,3.141592653589793,0.0,[1081 1100]
1107,49,0.7218804394506843,0.0562675947378678,3.141592653589793,0.0,[1102]
1121,49,0.7362238525602236,0.04057896502799185,3.141592653589793,0.0,[1081 1100]
1138,50,0.7447831380522482,0.038345038843335066,3.141592653589793,0.0,[1106 1107 1121]
1145,50,0.7476538005647566,0.0210837936164171,3.141592653589793,0.0,[1106]
1161,51,0.7616562109132659,0.029079655171898366,3.141592653589793,0.0,[1138 1145]
1180,52,0.7748945962935192,0.021016498021353636,3.141592653589793,0.0,[1161]
1193,53,0.7884035620630903,0.009494440116006642,3.141592653589793,0.0,[1180]
1211,54,0.8035865322033683,0.013812844326084206,3.141592653589793,0.0,[1193]
1215,54,0.8080200397136875,0.0018943756954944435,3.141592653589793,0.0,[1193]
1230,55,0.8231358405672357,0.0004640371435581381,0.0,0.0,[1211 1215]
1235,56,0.8280848600324426,0.0038977418234060757,0.0,0.0,[1230]
1244,57,0.8423153460659346,0.015901860463633177,0.0,0.0,[1235]
1248,58,0.8493700048959648,0.015715605537063193,0.0,0.0,[1244]
1259,59,0.8646786373951488,0.022862687399344606,0.0,0.0,[1248]
1262,60,0.8687728958984855,0.02687638374208312,0.0,0.0,[1259]
1280,61,0.9005511940830967,0.030502712792028652,0.0,0.0,[1262]
1283,61,0.9036132902955035,0.03637161698625868,0.0,0.0,[1262]
1286,62,0.9107021271041098,0.029317217673116902,0.0,0.0,[1280 1283]
1291,63,0.9245619185993608,0.024483089914977496,0.0,0.0,[1286]
1295,63,0.9304200108963505,0.03338748351878573,0.0,0.0,[1286]
1297,64,0.9381938234380973,0.03763997659424534,0.0,0.0,[1291 1295]
1300,65,0.94124912557379,0.03724171011579047,0.0,0.0,[1297]
1301,66,0.9487839971261323,0.0414604776380354,0.0,0.0,[1300]
1309,67,0.9864573104750908,0.00613236856672017,0.0,0.0,[1301]
1310,68,1.0,0.0,3.141592653589793,0.0,[1309]
0,0,0.0,0.0,3.141592653589793,0.0,[]
1,1,0.004093393799460832,1.5517239855822318e-05,0.0,0.0,[0]
2,1,0.011159754180792736,0.008475465538800409,0.0,0.0,[0]
3,2,0.034723293454459236,0.006631334514378917,3.141592653589793,0.0,[1 2]
4,3,0.0402380650286468,0.009094542776517223,3.141592653589793,0.0,[3]
11,4,0.06395926481237713,0.008592020784014331,3.141592653589793,0.0,[4]
12,5,0.06658397562605256,0.007225575706975129,3.141592653589793,0.0,[11]
14,6,0.07635706142406573,0.004195726421960644,3.141592653589793,0.0,[12]
15,7,0.08363720232108307,0.007029732049836035,3.141592653589793,0.0,[14]
23,8,0.1003862131350951,0.0048184040665322225,3.141592653589793,0.0,[15]
41,9,0.13288474517959215,0.014363610205820998,3.141592653589793,0.0,[23]
46,9,0.13871253649538373,0.038470237184279665,3.141592653589793,0.0,[23]
45,10,0.1378086964157782,0.019023587887770144,3.141592653589793,0.0,[41]
47,10,0.1415200797527355,0.039870167488700425,3.141592653589793,0.0,[46]
59,11,0.1579132224986085,0.0234941315688596,3.141592653589793,0.0,[45 47]
70,12,0.1724701199986861,0.035535295435966674,3.141592653589793,0.0,[59]
81,13,0.1811539541229512,0.0365783014247385,3.141592653589793,0.0,[70]
118,14,0.2128083602071711,0.04106097262411357,3.141592653589793,0.0,[81]
123,15,0.21984974282941672,0.043338606241487554,3.141592653589793,0.0,[118]
128,16,0.22305528864591084,0.043292563991893074,3.141592653589793,0.0,[123]
147,17,0.23991167900993327,0.041244178694606504,3.141592653589793,0.0,[128]
168,18,0.2593514978382305,0.030089673457834754,3.141592653589793,0.0,[147]
174,19,0.2639740354875879,0.025785082978322382,3.141592653589793,0.0,[168]
175,19,0.2657797291929762,0.03085483523855037,3.141592653589793,0.0,[168]
210,20,0.2857524021746687,0.02963491449641331,3.141592653589793,0.0,[174 175]
219,21,0.2947461819641759,0.03586623613675011,3.141592653589793,0.0,[210]
250,22,0.30660557611241135,0.0311309454828671,3.141592653589793,0.0,[219]
265,23,0.3135356057006844,0.03083182610467239,3.141592653589793,0.0,[250]
310,24,0.3425759097023945,0.05445627781802764,3.141592653589793,0.0,[265]
314,24,0.34481046558176065,0.059118181460082964,3.141592653589793,0.0,[265]
325,25,0.35000458422363434,0.05856058321378477,3.141592653589793,0.0,[310 314]
328,25,0.3511831393397843,0.055784030487808334,3.141592653589793,0.0,[310 314]
355,26,0.3654063147588208,0.06890665837492693,3.141592653589793,0.0,[325 328]
411,27,0.39342229988720456,0.0716339685556705,3.141592653589793,0.0,[355]
420,27,0.3982293125371176,0.08211737204806835,3.141592653589793,0.0,[355]
474,28,0.42493917629814504,0.09699833883787434,3.141592653589793,0.0,[411 420]
497,29,0.4322118521594661,0.09964946501991379,3.141592653589793,0.0,[474]
506,29,0.4355524346422205,0.0941168919225559,3.141592653589793,0.0,[474]
537,30,0.4504286718957412,0.08224155519616771,3.141592653589793,0.0,[497 506]
573,31,0.4633065047906688,0.09419468247962648,3.141592653589793,0.0,[537]
617,32,0.47576575293446544,0.09139390198472397,3.141592653589793,0.0,[573]
640,33,0.484856044908905,0.09135930422911531,3.141592653589793,0.0,[617]
656,33,0.49127050897714397,0.07843697311363573,3.141592653589793,0.0,[617]
692,33,0.5063354446553779,0.11319265453148741,3.141592653589793,0.0,[617]
675,34,0.4993140462737736,0.07121058721762052,3.141592653589793,0.0,[656]
717,34,0.5148831013104976,0.10545340638658496,3.141592653589793,0.0,[640 692]
729,34,0.5181017301461022,0.11217948609381811,3.141592653589793,0.0,[640 692]
718,35,0.5149553480651418,0.0608187937636222,3.141592653589793,0.0,[675]
720,35,0.515460081278595,0.08268914195104449,3.141592653589793,0.0,[675]
745,35,0.5238578786713989,0.09719722756601401,3.141592653589793,0.0,[717]
748,35,0.5247503520453781,0.11058638160707601,3.141592653589793,0.0,[717 729]
751,35,0.5256798224556585,0.04958093581022183,3.141592653589793,0.0,[675]
778,36,0.5387352187840242,0.08257623850002038,3.141592653589793,0.0,[718 720 745]
791,36,0.5416975467112265,0.0693547631625403,3.141592653589793,0.0,[718 720]
803,36,0.5465969185110149,0.03812723006690899,3.141592653589793,0.0,[718 751]
804,36,0.5489004654103039,0.029678167455299054,3.141592653589793,0.0,[718 751]
817,36,0.554941332306313,0.13876345428708592,3.141592653589793,0.0,[748]
829,37,0.5601405797274808,0.14367735216475963,3.141592653589793,0.0,[817]
832,37,0.5619434838420959,0.13436398584058928,3.141592653589793,0.0,[817]
833,37,0.563133908721237,0.08860294393799872,3.141592653589793,0.0,[778 791]
855,37,0.571403113326613,0.07737995155566268,3.141592653589793,0.0,[778 791]
868,37,0.579104214727514,0.047743844155356374,3.141592653589793,0.0,[778 791 803 804]
873,38,0.5799832869567851,0.12913557003393095,3.141592653589793,0.0,[829 832]
876,38,0.5811471403868617,0.07149098200631199,3.141592653589793,0.0,[833 855]
884,38,0.5864858602270299,0.08054383846572599,3.141592653589793,0.0,[833 855]
908,38,0.5985978501204019,0.043908590867750674,3.141592653589793,0.0,[868]
886,39,0.5869730166331161,0.12370588554200557,3.141592653589793,0.0,[873]
946,39,0.6152342433668271,0.054835735570744615,3.141592653589793,0.0,[876 884 908]
951,40,0.6160153464597259,0.10537536372657674,3.141592653589793,0.0,[886]
969,40,0.6275268848441025,0.06398053388052816,3.141592653589793,0.0,[946]
957,41,0.6205009756236239,0.10104099373463016,3.141592653589793,0.0,[951]
981,41,0.6357259217684355,0.05636359716239825,3.141592653589793,0.0,[969]
988,42,0.6402912211309,0.11200264661533121,3.141592653589793,0.0,[957]
992,42,0.6445263693441967,0.06152372223107727,3.141592653589793,0.0,[981]
1013,42,0.6565011773080643,0.08360870650901053,3.141592653589793,0.0,[957]
996,43,0.6472098981883287,0.11845585628395816,3.141592653589793,0.0,[988]
1043,43,0.6770375435293822,0.08085017485219426,3.141592653589793,0.0,[ 988  992 1013]
1015,44,0.6570622384203746,0.11712452899732251,3.141592653589793,0.0,[996]
1051,44,0.680499971453626,0.08338365807252368,3.141592653589793,0.0,[1043]
1066,45,0.6893359395842056,0.09047996274419201,3.141592653589793,0.0,[1015 1051]
1081,46,0.6983496311009836,0.09670471462933394,3.141592653589793,0.0,[1066]
1122,47,0.718703708185265,0.09385428297457643,3.141592653589793,0.0,[1081]
1132,47,0.7281931775112299,0.07916142251296987,3.141592653589793,0.0,[1081]
1139,48,0.7347600404881407,0.08489112966300039,3.141592653589793,0.0,[1122 1132]
1148,48,0.7404132980427468,0.06923941979585069,3.141592653589793,0.0,[1132]
1151,49,0.7523612142410998,0.07320068770584687,3.141592653589793,0.0,[1139 1148]
1172,50,0.7720959029817115,0.056795754747026916,3.141592653589793,0.0,[1151]
1178,51,0.7789245476931784,0.05382276284430543,3.141592653589793,0.0,[1172]
1184,51,0.7813221532396696,0.04784348485755041,3.141592653589793,0.0,[1172]
1197,52,0.7982970580672204,0.0376308341575704,3.141592653589793,0.0,[1178 1184]
1208,53,0.8099306095756348,0.037498059101173764,3.141592653589793,0.0,[1197]
1215,53,0.8177437847685788,0.01820908559473533,3.141592653589793,0.0,[1197]
1222,54,0.8223511567229891,0.04538011577269352,3.141592653589793,0.0,[1208]
1225,54,0.8249372400108125,0.022815767897614858,3.141592653589793,0.0,[1208 1215]
1227,54,0.827332073340237,0.036169715699863936,3.141592653589793,0.0,[1208]
1229,54,0.8285124223024283,0.014558051286769791,3.141592653589793,0.0,[1215]
1242,55,0.8441698626941212,0.034997554784681806,3.141592653589793,0.0,[1222 1225 1227]
1243,55,0.8445067368618606,0.026096123461762266,3.141592653589793,0.0,[1222 1225 1227 1229]
1246,56,0.849496791022972,0.022327403427503167,3.141592653589793,0.0,[1243]
1250,56,0.8556791830788195,0.03371747022887317,3.141592653589793,0.0,[1242 1243]
1265,57,0.8699331982943693,0.020438217867977615,3.141592653589793,0.0,[1246 1250]
1275,58,0.8833949773370642,0.02151502160417884,3.141592653589793,0.0,[1265]
1277,58,0.8901293430612623,0.00913151684386837,3.141592653589793,0.0,[1265]
1290,59,0.9110831595868201,0.0381040773793051,3.141592653589793,0.0,[1275]
1291,59,0.9143049436372084,0.008015183916942559,3.141592653589793,0.0,[1275 1277]
1293,59,0.917978291885579,0.023841706783612082,3.141592653589793,0.0,[1275 1277]
1302,60,0.9402556686721635,0.023234153668777346,3.141592653589793,0.0,[1290 1291 1293]
1305,61,0.9452974296515353,0.025616053998794297,3.141592653589793,0.0,[1302]
1307,62,0.957295066316153,0.027643131768742557,3.141592653589793,0.0,[1305]
1309,63,0.9716386110930217,0.01873046319602556,3.141592653589793,0.0,[1307]
1310,64,1.0,0.0,3.141592653589793,0.0,[1309]
0,0,0.0,0.0,3.141592653589793,0.0,[]
1,1,0.016714728981921723,0.0012919029042833818,3.141592653589793,0.0,[0]
3,2,0.028853990847755306,0.002649210451733386,3.141592653589793,0.0,[1]
5,2,0.03729273853527526,0.011776071880101102,3.141592653589793,0.0,[1]
4,3,0.036748692534673166,0.0012326648925023997,3.141592653589793,0.0,[3]
6,3,0.037599889976260625,0.0035284365541993212,0.0,0.0,[3]
9,3,0.04984169110112735,0.01704245364203305,3.141592653589793,0.0,[3 5]
15,4,0.0721748650648536,0.0013515357207550815,0.0,0.0,[4 6 9]
16,5,0.07411067892716938,0.001214083997460702,0.0,0.0,[15]
29,6,0.10078829885795038,0.0003254123617503213,0.0,0.0,[16]
32,7,0.11168853374852838,0.005849418440661114,0.0,0.0,[29]
44,7,0.13225381646755663,0.026236313925819932,3.141592653589793,0.0,[29]
36,8,0.12153447722408317,0.01113213754389819,0.0,0.0,[32]
47,8,0.14071214879718152,0.02962010670023285,3.141592653589793,0.0,[44]
43,9,0.13200651232724647,0.013690296120263068,0.0,0.0,[36]
53,9,0.14793991983529953,0.03471906256829882,3.141592653589793,0.0,[47]
46,10,0.13919368631501805,0.007880236840538068,0.0,0.0,[43]
60,10,0.15836861101365685,0.025127968203787154,3.141592653589793,0.0,[53]
56,11,0.15064937788120736,0.013467382758080348,0.0,0.0,[46]
57,11,0.1512105649647314,0.01670998221268316,0.0,0.0,[46]
95,11,0.19224342774535208,0.054802992390448946,3.141592653589793,0.0,[60]
78,12,0.17584152761868133,0.015647026796974717,0.0,0.0,[56 57]
97,12,0.1939394623216405,0.0564767920302125,3.141592653589793,0.0,[95]
85,13,0.18386255870498125,0.015075252080915091,0.0,0.0,[78]
113,13,0.2113454558485478,0.05827858151347454,3.141592653589793,0.0,[97]
134,13,0.22648126403805036,0.08226461153740106,3.141592653589793,0.0,[97]
108,14,0.2039989878638927,0.002805276340999585,3.141592653589793,0.0,[85]
146,14,0.2380833509747725,0.08447687018793681,3.141592653589793,0.0,[113 134]
126,15,0.22151574020532483,0.018084103589998568,3.141592653589793,0.0,[108]
153,15,0.2446242117470191,0.078918544231671,3.141592653589793,0.0,[146]
190,16,0.271376012246901,0.0538621151227322,3.141592653589793,0.0,[126 153]
200,17,0.27758106257266724,0.04776285941231406,3.141592653589793,0.0,[190]
218,18,0.28765010768778465,0.03994189339053278,3.141592653589793,0.0,[200]
245,19,0.30218320143338384,0.03132983719534432,3.141592653589793,0.0,[218]
247,19,0.30377498596248076,0.03902057254505076,3.141592653589793,0.0,[218]
265,20,0.3131376053851782,0.03378018433203567,3.141592653589793,0.0,[245 247]
297,21,0.33221937107321553,0.03529503729251282,3.141592653589793,0.0,[265]
311,22,0.33965312127048575,0.04089953887280562,3.141592653589793,0.0,[297]
321,22,0.3444199730571649,0.028412949947413946,3.141592653589793,0.0,[297]
322,22,0.3447079486582789,0.02657209304732211,3.141592653589793,0.0,[297]
345,23,0.35805790111076985,0.04496995212497101,3.141592653589793,0.0,[311]
348,23,0.3597614203023004,0.03974713988912337,3.141592653589793,0.0,[311 321 322]
356,23,0.3672217029174758,0.013506434686368918,3.141592653589793,0.0,[311 321 322]
358,23,0.36767270049779954,0.030010934740013928,3.141592653589793,0.0,[311 321 322]
392,24,0.38329785246617276,0.02332950156223812,3.141592653589793,0.0,[345 348 356 358]
427,25,0.40035891777768573,0.03935590929456123,3.141592653589793,0.0,[392]
433,26,0.40173277861162227,0.04003588489281684,3.141592653589793,0.0,[427]
450,27,0.40907314498620806,0.0351507254151876,3.141592653589793,0.0,[433]
483,28,0.4225723312919487,0.03857468591226276,3.141592653589793,0.0,[450]
517,29,0.4381709107690376,0.027220497848825742,3.141592653589793,0.0,[483]
521,29,0.43947805093039405,0.034748179063082474,3.141592653589793,0.0,[483]
567,29,0.45968892490383173,0.0640818072370507,3.141592653589793,0.0,[483]
539,30,0.4486067282164644,0.020624785081377328,3.141592653589793,0.0,[517]
574,30,0.46347074162468704,0.05375341312946402,3.141592653589793,0.0,[521]
578,30,0.46587377153140674,0.059211531715143706,3.141592653589793,0.0,[521 567]
590,31,0.473976956662558,0.06039234026384199,3.141592653589793,0.0,[574 578]
609,31,0.4801389876371722,0.04760612638425532,3.141592653589793,0.0,[539 574 578]
622,32,0.4847575146289911,0.06485867846050453,3.141592653589793,0.0,[590]
628,32,0.4865322873787715,0.06841755678763084,3.141592653589793,0.0,[590]
632,32,0.48795352150007765,0.04498908199154805,3.141592653589793,0.0,[609]
665,33,0.4968485038927687,0.05109124940148513,3.141592653589793,0.0,[632]
669,33,0.49984115956872766,0.05706562981542085,3.141592653589793,0.0,[622 628]
682,34,0.504408530610408,0.05863537350592418,3.141592653589793,0.0,[665 669]
706,35,0.5139675270979575,0.05875558439068018,3.141592653589793,0.0,[682]
754,36,0.5363277652500853,0.058446668192157714,3.141592653589793,0.0,[706]
760,37,0.5389724148348909,0.0574270053174597,3.141592653589793,0.0,[754]
810,38,0.5601560015728144,0.05247584346388634,3.141592653589793,0.0,[760]
814,39,0.5623254063629942,0.054467576856711775,3.141592653589793,0.0,[810]
866,40,0.5821700866256825,0.04607773305109353,3.141592653589793,0.0,[814]
899,41,0.5965938081499863,0.03215721590608689,3.141592653589793,0.0,[866]
944,42,0.6196724216440553,0.01851617086388313,3.141592653589793,0.0,[899]
967,43,0.6289814972699468,0.01829690613779955,3.141592653589793,0.0,[944]
978,44,0.6357284066756282,0.01485783895762205,3.141592653589793,0.0,[967]
993,45,0.6434815510495745,0.018280713921718372,3.141592653589793,0.0,[978]
1039,46,0.6644534723467614,0.001953160353543426,3.141592653589793,0.0,[993]
1064,47,0.6808572850729935,0.003452609048250288,0.0,0.0,[1039]
1099,48,0.7007458059697519,0.01248857863784314,0.0,0.0,[1064]
1135,49,0.7255367980004152,0.02615171266318972,0.0,0.0,[1099]
1152,50,0.7470117680238751,0.012631762673075975,0.0,0.0,[1135]
1155,50,0.7487548324366597,0.004939820311622323,0.0,0.0,[1135]
1161,51,0.7540250358490372,0.003915060548010274,0.0,0.0,[1155]
1165,51,0.7577092721969483,0.012202750673923402,0.0,0.0,[1152 1155]
1182,52,0.7730545423416626,0.01552007921452403,0.0,0.0,[1161 1165]
1184,53,0.7755295621025573,0.016265017132610637,0.0,0.0,[1182]
1199,54,0.7889555399616152,0.00850383654636011,0.0,0.0,[1184]
1221,55,0.8088120771515519,0.015669384070812753,0.0,0.0,[1199]
1243,56,0.8345597881657062,0.006574761903612836,0.0,0.0,[1221]
1245,57,0.8357201406899519,0.006174170330306983,0.0,0.0,[1243]
1253,58,0.8476376452918728,0.00602453549384363,0.0,0.0,[1245]
1256,58,0.8515876403602956,0.005801173551625904,3.141592653589793,0.0,[1245]
1273,59,0.872927382544923,0.004879768868578216,0.0,0.0,[1253 1256]
1279,59,0.8827744103712729,0.022108664229642083,3.141592653589793,0.0,[1253 1256]
1281,60,0.8858266515932147,0.016684102535855727,0.0,0.0,[1273]
1286,60,0.892397253558914,0.029193780191963503,3.141592653589793,0.0,[1279]
1287,60,0.8952882025358024,0.0008237886954201024,3.141592653589793,0.0,[1273]
1294,61,0.9213454784629237,0.005117306035344993,3.141592653589793,0.0,[1281 1286 1287]
1297,62,0.9269249214322663,0.0029728625396773234,3.141592653589793,0.0,[1294]
1302,63,0.9527780265145492,0.0021648577605405395,0.0,0.0,[1297]
1306,64,0.9781051236130669,0.0006791955319399579,3.141592653589793,0.0,[1302]
1307,65,0.9797366661510964,0.0010706125750065132,3.141592653589793,0.0,[1306]
1309,66,0.9895619936687016,0.006784660700280942,0.0,0.0,[1307]
1310,67,1.0,0.0,3.141592653589793,0.0,[1309]
0,0,0.0,0.0,3.141592653589793,0.0,[]
1,1,0.008871319913236864,0.003193424558144864,3.141592653589793,0.0,[0]
5,2,0.02777343766925222,0.016581762533414923,3.141592653589793,0.0,[1]
7,3,0.05306489573207063,0.036134852702409015,3.141592653589793,0.0,[5]
9,4,0.06508341834064113,0.02690597474895262,3.141592653589793,0.0,[7]
15,5,0.07292838381405153,0.02801317235934364,3.141592653589793,0.0,[9]
17,6,0.07567990338498876,0.02816908960426756,3.141592653589793,0.0,[15]
25,7,0.10024316133672284,0.03891891556958005,3.141592653589793,0.0,[17]
30,8,0.10956204426041039,0.035971624564073656,3.141592653589793,0.0,[25]
50,9,0.13609065777760043,0.014525799269679007,3.141592653589793,0.0,[30]
54,10,0.14165339293604684,0.016789699858960283,3.141592653589793,0.0,[50]
66,11,0.15054415143864608,0.022240185846388427,3.141592653589793,0.0,[54]
73,12,0.15648366742238407,0.026680084295718,3.141592653589793,0.0,[66]
79,13,0.16335629619286207,0.026032348427785568,3.141592653589793,0.0,[73]
90,13,0.17142092702035527,0.015951942154245335,3.141592653589793,0.0,[73]
92,14,0.17248716202044923,0.026209437099543043,3.141592653589793,0.0,[79]
103,14,0.1807883736628375,0.01648827461828639,3.141592653589793,0.0,[79 90]
120,15,0.19742628806047458,0.028092582382143405,3.141592653589793,0.0,[ 92 103]
140,16,0.2158284491258603,0.0331307675023762,3.141592653589793,0.0,[120]
154,17,0.22343514545716692,0.03623723770705323,3.141592653589793,0.0,[140]
176,18,0.24590503124046603,0.044186539688831794,3.141592653589793,0.0,[154]
209,19,0.26995917551577864,0.06457369066090723,3.141592653589793,0.0,[176]
213,19,0.2712619733739885,0.0629362527233801,3.141592653589793,0.0,[176]
216,20,0.27331469693284705,0.06316029642796672,3.141592653589793,0.0,[209 213]
227,20,0.2839298989113368,0.07428810875514946,3.141592653589793,0.0,[209 213]
234,21,0.2904809603622268,0.06792034998517527,3.141592653589793,0.0,[216 227]
238,21,0.2934253079843291,0.04878239860376632,3.141592653589793,0.0,[216]
252,22,0.3005190627711031,0.0586156404816075,3.141592653589793,0.0,[234]
276,22,0.31257755104754603,0.03711114578082486,3.141592653589793,0.0,[238]
292,22,0.31976211811093147,0.08661159719641653,3.141592653589793,0.0,[234]
291,23,0.3188472440086141,0.04259610008501402,3.141592653589793,0.0,[252 276]
321,23,0.3400857844508932,0.09710723071148053,3.141592653589793,0.0,[252 292]
357,23,0.35688530308013655,0.11999479293840698,3.141592653589793,0.0,[292]
310,24,0.3327695726525146,0.0519541995948698,3.141592653589793,0.0,[291]
366,24,0.3609786221384974,0.11561750379517277,3.141592653589793,0.0,[321]
368,24,0.3623852940492156,0.11969244652268551,3.141592653589793,0.0,[357]
344,25,0.3510845449876989,0.058872389320019924,3.141592653589793,0.0,[310]
394,25,0.3759522984839274,0.10613135005741547,3.141592653589793,0.0,[366 368]
375,26,0.366845604064135,0.05165415947764074,3.141592653589793,0.0,[344]
411,26,0.3829910118604448,0.10074391427876572,3.141592653589793,0.0,[394]
379,27,0.36938103408063927,0.05219041434942373,3.141592653589793,0.0,[375]
422,27,0.3906792961206653,0.10402477010053679,3.141592653589793,0.0,[411]
433,28,0.3973446874376332,0.05620800455110142,3.141592653589793,0.0,[379]
462,28,0.4128227177135745,0.08803275120861509,3.141592653589793,0.0,[379 422]
458,29,0.41115593482974233,0.047514931238134106,3.141592653589793,0.0,[433]
487,29,0.4235651403678429,0.08850114708968915,3.141592653589793,0.0,[462]
504,29,0.43116557034049474,0.07574530566573878,3.141592653589793,0.0,[433 462]
543,30,0.45250637417517237,0.06309175761227592,3.141592653589793,0.0,[458 487 504]
552,31,0.457598227597766,0.0648371717386147,3.141592653589793,0.0,[543]
579,32,0.46743353389947806,0.06776471093255754,3.141592653589793,0.0,[552]
584,33,0.4691310214776434,0.06667493462071594,3.141592653589793,0.0,[579]
601,34,0.4754698973393905,0.07200126566662146,3.141592653589793,0.0,[584]
607,34,0.47796346207925144,0.06693673998180505,3.141592653589793,0.0,[584]
671,35,0.5011466009024208,0.04961920269546327,3.141592653589793,0.0,[601 607]
676,36,0.5040476350494372,0.04777068802668849,3.141592653589793,0.0,[671]
722,37,0.5174776246063479,0.03515486181106375,3.141592653589793,0.0,[676]
744,38,0.5257254402160513,0.03790490834098481,3.141592653589793,0.0,[722]
764,39,0.5329782343081201,0.039101599178954505,3.141592653589793,0.0,[744]
801,40,0.546224188509045,0.04355351491917547,3.141592653589793,0.0,[764]
819,41,0.5548151044297014,0.03599499588414812,3.141592653589793,0.0,[801]
841,42,0.5634321877212098,0.028685247139174863,3.141592653589793,0.0,[819]
863,43,0.5763248299837069,0.019785917714982504,3.141592653589793,0.0,[841]
865,43,0.577259962110461,0.03437822538711233,3.141592653589793,0.0,[841]
902,44,0.5955597882267339,0.0032884107001011076,3.141592653589793,0.0,[863]
905,44,0.5968151079729018,0.022038570939284408,3.141592653589793,0.0,[863 865]
908,44,0.5974293451091548,0.018895298288495566,3.141592653589793,0.0,[863 865]
928,44,0.6080643161033449,0.010639494546161754,0.0,0.0,[863]
931,45,0.6112515294326634,0.01029549985195699,3.141592653589793,0.0,[902 905 908]
933,45,0.6126425415620785,0.0093215312358782,0.0,0.0,[902 928]
945,45,0.6180898571323279,0.02224876753223015,3.141592653589793,0.0,[902 905 908]
942,46,0.6176552483971199,0.013991346824034911,0.0,0.0,[933]
950,46,0.6197357822521222,0.006593255420300315,3.141592653589793,0.0,[931]
954,46,0.6209202851589731,0.020688270068601744,3.141592653589793,0.0,[945]
974,47,0.6301869454568974,0.012252386923980896,3.141592653589793,0.0,[950 954]
994,47,0.6403591562013463,0.006326743181462868,0.0,0.0,[942 950]
996,47,0.6419029459429176,0.011596111581215762,0.0,0.0,[942 950]
1018,48,0.6529377857982502,0.0078002879870719966,0.0,0.0,[974 994 996]
1025,49,0.6566536491109365,0.004085982140954125,0.0,0.0,[1018]
1029,50,0.658010819881573,0.00292924514578885,0.0,0.0,[1025]
1068,51,0.6790353904616777,0.00826277629997585,0.0,0.0,[1029]
1092,51,0.6951203864222831,0.01312604512426363,3.141592653589793,0.0,[1029]
1119,51,0.7120430025780432,0.05097408192681152,0.0,0.0,[1029]
1109,52,0.7070047130239132,0.02690602760561145,0.0,0.0,[1068]
1111,52,0.7076545961641276,0.02434733147346646,3.141592653589793,0.0,[1092]
1116,52,0.7106394009754264,0.022488480970699665,0.0,0.0,[1068]
1126,52,0.7189665282725783,0.05520936907304397,0.0,0.0,[1119]
1117,53,0.7113311204631905,0.024442252211064663,3.141592653589793,0.0,[1111]
1131,53,0.724743314581147,0.059733452512099494,0.0,0.0,[1126]
1134,53,0.7270381372551622,0.030806583570019974,0.0,0.0,[1109 1116]
1142,54,0.730855661061649,0.0215941747248094,3.141592653589793,0.0,[1117]
1150,54,0.7388621321738855,0.020908382496847455,0.0,0.0,[1134]
1154,54,0.7419711857792393,0.035341735731784896,0.0,0.0,[1134]
1156,54,0.7433332013551627,0.051315574919630236,0.0,0.0,[1131]
1152,55,0.7403565273920502,0.020220729355093447,0.0,0.0,[1150]
1158,55,0.7445582194151702,0.03756637929058759,0.0,0.0,[1154]
1164,55,0.7468286157980839,0.05466773117064827,0.0,0.0,[1156]
1169,55,0.7519063614755924,0.04048783509105025,3.141592653589793,0.0,[1142]
1191,56,0.772219306127845,0.058260261618793274,3.141592653589793,0.0,[1169]
1203,56,0.7815054929178681,0.055743840530423916,0.0,0.0,[1152 1158 1164]
1202,57,0.7802068657949575,0.06597003547689406,3.141592653589793,0.0,[1191]
1208,57,0.7891543443664073,0.062241958628331484,0.0,0.0,[1203]
1221,58,0.8002147237099163,0.07756902598390558,3.141592653589793,0.0,[1202]
1223,58,0.8007786662377696,0.05364715108713536,0.0,0.0,[1208]
1231,59,0.8055050176614671,0.0802060431753373,3.141592653589793,0.0,[1221]
1237,59,0.8138640062820159,0.05584573476452037,0.0,0.0,[1223]
1239,60,0.8203545436109859,0.07441269844783871,3.141592653589793,0.0,[1231]
1242,60,0.8248108265702729,0.06580503497594714,3.141592653589793,0.0,[1231]
1244,60,0.8303726053582499,0.05741202840858206,3.141592653589793,0.0,[1231]
1248,60,0.8362487093112898,0.03847472729618284,0.0,0.0,[1237]
1255,60,0.8429083098143637,0.04707838363445349,0.0,0.0,[1237]
1258,61,0.8468063768842282,0.05715369999517128,3.141592653589793,0.0,[1239 1242 1244]
1264,61,0.8600965125833745,0.039539265552476,0.0,0.0,[1248 1255]
1266,61,0.8625887355724948,0.03693946842552975,0.0,0.0,[1248 1255]
1261,62,0.8556139055687715,0.0547221478234452,3.141592653589793,0.0,[1258]
1277,62,0.8818047726323138,0.021475820203290974,0.0,0.0,[1264 1266]
1284,63,0.8932687910330865,0.023079944627849458,0.0,0.0,[1277]
1285,63,0.8960638160995094,0.019083304584823324,3.141592653589793,0.0,[1261]
1289,64,0.9127682643950136,0.005438560591307873,0.0,0.0,[1284]
1291,64,0.9152681866044132,0.0013437801730198373,3.141592653589793,0.0,[1285]
1293,65,0.9189812127120066,0.0003482346079864973,3.141592653589793,0.0,[1289 1291]
1294,66,0.9218308867699303,0.000630984089168285,3.141592653589793,0.0,[1293]
1297,67,0.9279075657566673,0.0009350487069115232,3.141592653589793,0.0,[1294]
1301,68,0.9410646879610531,0.007471486295752561,3.141592653589793,0.0,[1297]
1305,68,0.9535526474742423,0.021079803882718795,0.0,0.0,[1297]
1306,69,0.9600410987817387,0.022131170647558318,3.141592653589793,0.0,[1301]
1308,69,0.9692154565252228,0.023856940251561487,0.0,0.0,[1305]
1307,70,0.9632804394154129,0.025347540139056712,3.141592653589793,0.0,[1306]
1309,70,0.9819461354316802,0.016447451282139758,0.0,0.0,[1308]
1310,71,1.0,0.0,3.141592653589793,0.0,[1307 1309]
0,0,0.0,0.0,3.141592653589793,0.0,[]
1,1,0.01271634778289532,0.009654283590187829,3.141592653589793,0.0,[0]
4,1,0.04117613885962468,0.0312465481104921,0.0,0.0,[0]
2,2,0.01952601885773597,0.014922057356667295,3.141592653589793,0.0,[1]
3,2,0.0228931103798119,0.008297456348957288,3.141592653589793,0.0,[1]
6,2,0.05004945716675002,0.03737994121594457,0.0,0.0,[4]
7,2,0.05206435841031809,0.02541962965450728,0.0,0.0,[1 4]
5,3,0.04991146801360846,0.002363565495250297,0.0,0.0,[2 3]
8,3,0.057021075609785754,0.010803881458221865,3.141592653589793,0.0,[2 3]
10,3,0.05870693463548249,0.0142415643439332,3.141592653589793,0.0,[2 3]
11,3,0.061212407126417734,0.03243475511681615,0.0,0.0,[6 7]
13,4,0.06462986838542906,0.030965643437267043,0.0,0.0,[11]
14,4,0.06712684036768024,0.01831932780138834,0.0,0.0,[5]
16,4,0.06902213787507205,0.022109122821393656,3.141592653589793,0.0,[ 8 10]
17,4,0.07046769903235872,0.02334481392215826,0.0,0.0,[11]
22,5,0.08102691554381003,0.027539084235137734,3.141592653589793,0.0,[16]
33,5,0.10086021331612716,0.026644427389511227,0.0,0.0,[13 14 17]
32,6,0.10013341871575032,0.013962646908561416,3.141592653589793,0.0,[22]
35,6,0.10339239959921409,0.025965800458901955,0.0,0.0,[33]
38,7,0.11060801875133164,0.027721370652300292,0.0,0.0,[35]
40,7,0.11242325716269264,0.023508154518390834,0.0,0.0,[35]
42,7,0.1127279310394379,0.008402979746626293,3.141592653589793,0.0,[32]
44,8,0.1161595766196788,0.027177356500217242,0.0,0.0,[38 40]
46,8,0.1175151706050731,0.004273244888814642,3.141592653589793,0.0,[42]
57,8,0.1295267876449906,0.046631577693099224,0.0,0.0,[38]
56,9,0.1293180769298925,0.009694023438056254,3.141592653589793,0.0,[46]
63,9,0.1366398483399368,0.018607053077131397,0.0,0.0,[44]
65,9,0.13684291250033487,0.002158639286774733,3.141592653589793,0.0,[46]
69,9,0.14231004718813756,0.044166135982023236,0.0,0.0,[44 57]
72,10,0.1438532952951883,0.045166003325800674,0.0,0.0,[69]
82,10,0.1635302648881004,0.016825426128056375,0.0,0.0,[56 63 65]
93,11,0.17480041231510668,0.016114297479003392,0.0,0.0,[72 82]
110,12,0.18664939442980244,0.014593364537536346,0.0,0.0,[93]
117,13,0.19111066565589363,0.015109110629050293,0.0,0.0,[110]
121,14,0.1990737906936103,0.007481519233568434,0.0,0.0,[117]
140,15,0.2134821354893589,0.01423467342919571,0.0,0.0,[121]
149,16,0.22478188490915063,0.009170967076775338,0.0,0.0,[140]
162,17,0.23753156859936397,0.0012480598358609596,0.0,0.0,[149]
183,18,0.2516849186718114,0.014087534933817869,0.0,0.0,[162]
217,19,0.2731617065955503,0.0010936878301697206,0.0,0.0,[183]
233,20,0.2857867952001387,0.0075029697095860826,3.141592653589793,0.0,[217]
254,21,0.3009837775652141,0.008008824454336039,3.141592653589793,0.0,[233]
299,22,0.3262853381049817,0.02942778576435079,3.141592653589793,0.0,[254]
311,23,0.3350789822976853,0.027221361622878137,3.141592653589793,0.0,[299]
335,24,0.34939463277815486,0.025361105401847994,3.141592653589793,0.0,[311]
349,25,0.35638482275751593,0.023411747762268065,3.141592653589793,0.0,[335]
384,26,0.3733837007977302,0.02517159360105048,3.141592653589793,0.0,[349]
404,27,0.38099745299819976,0.02887212685029672,3.141592653589793,0.0,[384]
427,28,0.3930880384272827,0.03447369526840649,3.141592653589793,0.0,[404]
428,28,0.3932281340175482,0.03188861511741092,3.141592653589793,0.0,[404]
463,29,0.4078552368218632,0.04782798948300371,3.141592653589793,0.0,[427]
473,29,0.41272145308508323,0.02087648844408474,3.141592653589793,0.0,[427 428]
491,30,0.4184879041331526,0.01572224937420641,3.141592653589793,0.0,[473]
500,30,0.42265656497046045,0.02574527018066386,3.141592653589793,0.0,[473]
508,30,0.42817034168440815,0.03723387723891314,3.141592653589793,0.0,[463]
509,30,0.4296193331078967,0.039581507025430285,3.141592653589793,0.0,[463]
545,31,0.4502159121588518,0.029604322648291936,3.141592653589793,0.0,[491 500 508 509]
584,32,0.4674960720835777,0.03476544220007738,3.141592653589793,0.0,[545]
612,33,0.47873887973990814,0.04238659726417826,3.141592653589793,0.0,[584]
624,34,0.4825722765917845,0.04512409427441566,3.141592653589793,0.0,[612]
633,35,0.4854558190194763,0.046689047044176535,3.141592653589793,0.0,[624]
710,36,0.5147289365462108,0.06957754731302312,3.141592653589793,0.0,[633]
759,37,0.5367812925429181,0.08352258897949794,3.141592653589793,0.0,[710]
767,37,0.5395953422948134,0.08888954517735159,3.141592653589793,0.0,[710]
791,38,0.5469457620697555,0.09129161193278035,3.141592653589793,0.0,[759 767]
803,38,0.5520506691045947,0.07181325930759264,3.141592653589793,0.0,[759]
817,39,0.5582555251278603,0.09476451290979826,3.141592653589793,0.0,[791]
852,39,0.5711360606656252,0.07248376757897468,3.141592653589793,0.0,[791 803]
863,40,0.5775369411135257,0.06826570363534479,3.141592653589793,0.0,[852]
872,40,0.5820101165568706,0.07715386629777765,3.141592653589793,0.0,[817 852]
882,41,0.5894294186476364,0.07404999223373909,3.141592653589793,0.0,[863 872]
900,42,0.5970688257623606,0.0669215387289015,3.141592653589793,0.0,[882]
921,43,0.6042846539567719,0.07003716004245919,3.141592653589793,0.0,[900]
939,44,0.6116566259078405,0.06896521154616264,3.141592653589793,0.0,[921]
970,45,0.627876226863388,0.08068756835666513,3.141592653589793,0.0,[939]
1001,46,0.6437360092765996,0.08470472890385794,3.141592653589793,0.0,[970]
1019,47,0.6570271466725514,0.08202277037666139,3.141592653589793,0.0,[1001]
1043,48,0.6662277321650418,0.07493087870968218,3.141592653589793,0.0,[1019]
1062,48,0.675673783558418,0.08702279418021064,3.141592653589793,0.0,[1019]
1084,49,0.6882073907784088,0.06432581800204862,3.141592653589793,0.0,[1043]
1086,49,0.6913909818848958,0.08870998977027622,3.141592653589793,0.0,[1043 1062]
1089,50,0.6936641541503041,0.06800861971346817,3.141592653589793,0.0,[1084]
1096,50,0.6979207288359024,0.08516244779772875,3.141592653589793,0.0,[1086]
1124,51,0.7170162580095916,0.08848120106109325,3.141592653589793,0.0,[1089 1096]
1126,51,0.7178060537922024,0.0754533414825641,3.141592653589793,0.0,[1089 1096]
1150,52,0.7344591041334577,0.07667818837208262,3.141592653589793,0.0,[1124 1126]
1163,53,0.7475204839047779,0.07570392655780167,3.141592653589793,0.0,[1150]
1178,54,0.7558147835271817,0.07542779565666713,3.141592653589793,0.0,[1163]
1203,55,0.7812340307819127,0.07122490580219765,3.141592653589793,0.0,[1178]
1223,56,0.8049687258850605,0.07526723322333917,3.141592653589793,0.0,[1203]
1229,57,0.8127538470760084,0.08053507730035991,3.141592653589793,0.0,[1223]
1237,58,0.8236991567281193,0.08965480577578888,3.141592653589793,0.0,[1229]
1243,59,0.8267076369134537,0.08754790286826408,3.141592653589793,0.0,[1237]
1251,60,0.83648846798385,0.09275704821159247,3.141592653589793,0.0,[1243]
1259,61,0.8468749788227298,0.08771716996082457,3.141592653589793,0.0,[1251]
1260,62,0.8533464484696864,0.08601815663778445,3.141592653589793,0.0,[1259]
1272,63,0.8693629706987591,0.07181458565878074,3.141592653589793,0.0,[1260]
1281,64,0.886487763490269,0.06205750275741184,3.141592653589793,0.0,[1272]
1288,65,0.89527624637129,0.06480895759064609,3.141592653589793,0.0,[1281]
1292,65,0.90639411658547,0.04273789178784626,3.141592653589793,0.0,[1281]
1296,66,0.9176080003825293,0.04422924453977928,3.141592653589793,0.0,[1288 1292]
1305,67,0.9549667323055252,0.026017575727168896,3.141592653589793,0.0,[1296]
1307,67,0.9576736310344977,0.009263711400003705,3.141592653589793,0.0,[1296]
1310,68,1.0,0.0,3.141592653589793,0.0,[1305 1307]
0,0,0.0,0.0,3.141592653589793,0.0,[]
1,1,0.01848512586262485,0.00734357083870496,3.141592653589793,0.0,[0]
6,2,0.06275294232880402,0.032312046515406534,0.0,0.0,[1]
10,3,0.07073347955851017,0.03832682741684923,0.0,0.0,[6]
16,4,0.08130152763384635,0.047668322251267825,0.0,0.0,[10]
21,5,0.08663429675769574,0.04614924952093613,0.0,0.0,[16]
40,6,0.1214820764342619,0.0778151310641989,0.0,0.0,[21]
53,7,0.13500889443857156,0.08341879351319925,0.0,0.0,[40]
61,7,0.1470180105949529,0.09813434593895032,0.0,0.0,[40]
91,7,0.17904914750263135,0.1319047407766355,0.0,0.0,[40]
64,8,0.15051567853314096,0.09604518536068452,0.0,0.0,[53 61]
67,8,0.15224800342899092,0.09843589029544142,0.0,0.0,[53 61]
69,8,0.15504252446980105,0.10292571829899622,0.0,0.0,[53 61]
95,8,0.18488149963567135,0.1369876823446312,0.0,0.0,[91]
72,9,0.16080170456837461,0.0974822019299929,0.0,0.0,[64 67 69]
84,9,0.17438271440523,0.12108897887583192,0.0,0.0,[69]
86,9,0.17527959058891285,0.11866163555931886,0.0,0.0,[64 67 69]
98,9,0.19018768265654118,0.1411033706781475,0.0,0.0,[95]
94,10,0.1833753743338985,0.11872342768220612,0.0,0.0,[72 84 86]
104,10,0.19528110873143545,0.1426863230223704,0.0,0.0,[98]
114,11,0.21272744567957658,0.14456728194622792,0.0,0.0,[ 94 104]
120,11,0.21631253408473572,0.1394578213550144,0.0,0.0,[ 94 104]
155,12,0.24184622115873766,0.1600956625958213,0.0,0.0,[114 120]
162,13,0.24559484780659102,0.1635845648551455,0.0,0.0,[155]
181,14,0.26622442299200033,0.17092316321247913,0.0,0.0,[162]
200,15,0.2773577136698443,0.17895944068897096,0.0,0.0,[181]
201,15,0.2778244875770274,0.17964893813607852,0.0,0.0,[181]
217,16,0.2881176061366667,0.1704164746493827,0.0,0.0,[200 201]
234,17,0.296288393691611,0.16436137015145613,0.0,0.0,[217]
251,18,0.3031068030881653,0.16221672400247533,0.0,0.0,[234]
301,19,0.33383732586109316,0.1662631916524402,0.0,0.0,[251]
313,20,0.3420484035625775,0.15875755450171436,0.0,0.0,[301]
330,21,0.3486811400162164,0.16373008742019457,0.0,0.0,[313]
339,22,0.356605144856571,0.15777102849471758,0.0,0.0,[330]
391,23,0.38429826497282593,0.14674481943978412,0.0,0.0,[339]
406,24,0.3915058130658656,0.14996854464449838,0.0,0.0,[391]
436,25,0.4090288540377991,0.13348724737089745,0.0,0.0,[406]
442,26,0.41161251834594725,0.13177262230130493,0.0,0.0,[436]
453,27,0.415966610342244,0.13304929725023995,0.0,0.0,[442]
489,28,0.43266968424428676,0.13197470100893216,0.0,0.0,[453]
503,29,0.4462012681026464,0.1282383278941649,0.0,0.0,[489]
523,30,0.4535478237912466,0.1263801004086691,0.0,0.0,[503]
549,31,0.4663597986265987,0.1167254227891582,0.0,0.0,[523]
559,32,0.46921166415928584,0.11390327176885873,0.0,0.0,[549]
569,33,0.4730053737143076,0.11217084000716548,0.0,0.0,[559]
583,34,0.48024217038912886,0.1104683498574659,0.0,0.0,[569]
609,35,0.49034408034277277,0.10638392664606178,0.0,0.0,[583]
637,35,0.4981376119291858,0.12267097907384572,0.0,0.0,[583]
653,36,0.5041310238974726,0.10432829640013419,0.0,0.0,[609]
657,36,0.5057436471169252,0.11550944564174559,0.0,0.0,[609 637]
659,36,0.5060880283469528,0.11198610856959745,0.0,0.0,[609]
705,37,0.5237444811799917,0.10994368177811997,0.0,0.0,[653 657 659]
763,38,0.5451672056210527,0.12869085671174574,0.0,0.0,[705]
801,39,0.5605150649165076,0.141907680298353,0.0,0.0,[763]
820,40,0.5708269531896012,0.13841042584355656,0.0,0.0,[801]
830,40,0.5764221158452059,0.12751623285835767,0.0,0.0,[801]
835,41,0.5784607786467368,0.12925953475167984,0.0,0.0,[830]
837,41,0.5790154276727671,0.13342566764603525,0.0,0.0,[820]
841,41,0.5808244086100554,0.12382271437275405,0.0,0.0,[830]
860,42,0.587166466022976,0.1257070771264578,0.0,0.0,[835 837 841]
876,42,0.5918488432877355,0.13144057107170715,0.0,0.0,[835 837 841]
892,42,0.600756473226435,0.1474567889425178,0.0,0.0,[835 837]
896,43,0.602104336039556,0.11813949881856312,0.0,0.0,[860]
915,43,0.608081948578231,0.1463709319290758,0.0,0.0,[860 876 892]
918,43,0.609934202536735,0.14036403812209974,0.0,0.0,[860 876 892]
921,43,0.6137836759458983,0.13166399383047434,0.0,0.0,[860 876]
940,44,0.6240976405300772,0.13868109370447135,0.0,0.0,[896 915 918 921]
968,45,0.6385852570385955,0.14469787925795963,0.0,0.0,[940]
989,46,0.65234940406948,0.14163704392080578,0.0,0.0,[968]
1031,47,0.6851050223114009,0.16464999834095284,0.0,0.0,[989]
1034,47,0.6867788145285786,0.16738031432880607,0.0,0.0,[989]
1039,48,0.6890827417557792,0.16765425132617318,0.0,0.0,[1031 1034]
1069,49,0.7083332300538453,0.15086719277271743,0.0,0.0,[1039]
1080,50,0.7159709472374812,0.14897792092511175,0.0,0.0,[1069]
1090,51,0.721256999292479,0.15176054258564764,0.0,0.0,[1080]
1118,52,0.7358730491593575,0.14774383159267424,0.0,0.0,[1090]
1125,53,0.7417835464223588,0.143334445311199,0.0,0.0,[1118]
1139,54,0.7481651093053708,0.140103510015815,0.0,0.0,[1125]
1172,55,0.7696590724241347,0.1344562418201467,0.0,0.0,[1139]
1174,55,0.7729121059546713,0.13054576327527379,0.0,0.0,[1139]
1177,55,0.7746977204779483,0.12842776474627293,0.0,0.0,[1139]
1189,56,0.7852247913676276,0.12635508731288003,0.0,0.0,[1172 1174 1177]
1196,57,0.7888787750632751,0.1234320672394672,0.0,0.0,[1189]
1198,58,0.7895202458763422,0.12391966541075194,0.0,0.0,[1196]
1223,59,0.813948356102927,0.10190004332386238,0.0,0.0,[1198]
1244,60,0.8391405326561834,0.07864039816236046,0.0,0.0,[1223]
1250,61,0.846106982183142,0.07365185469829316,0.0,0.0,[1244]
1259,62,0.8581045050425348,0.06834056980157388,0.0,0.0,[1250]
1266,62,0.8718669448078065,0.05316410008506223,0.0,0.0,[1250]
1260,63,0.8665373722225631,0.06895440552386345,0.0,0.0,[1259]
1261,63,0.866707745842958,0.06760229817069985,0.0,0.0,[1259]
1285,63,0.907826437369239,0.02623937445042357,0.0,0.0,[1259 1266]
1276,64,0.8931278954302295,0.04997414825626645,0.0,0.0,[1260 1261]
1295,64,0.9247811304376161,0.010270477988741145,0.0,0.0,[1261 1285]
1297,65,0.9290698077308444,0.015665878644663733,0.0,0.0,[1276]
1300,65,0.9325040896779867,0.002641146342128864,0.0,0.0,[1295]
1301,66,0.9434106263871019,0.012065011964677574,0.0,0.0,[1297 1300]
1302,67,0.9485049333380406,0.010044629773254377,0.0,0.0,[1301]
1307,68,0.9722447640899307,0.012494701380112105,3.141592653589793,0.0,[1302]
1308,69,0.9765796975773771,0.008673116248610446,3.141592653589793,0.0,[1307]
1310,70,1.0,0.0,3.141592653589793,0.0,[1308]
0,0,0.0,0.0,3.141592653589793,0.0,[]
1,1,0.015800397294289947,0.00595394174108832,0.0,0.0,[0]
2,1,0.01878120102565861,0.012247653247832946,3.141592653589793,0.0,[0]
3,2,0.031747599185765085,0.002494203140593676,3.141592653589793,0.0,[1 2]
4,2,0.0342540498213566,0.0027543390007553903,0.0,0.0,[1 2]
10,2,0.06134026871129461,0.03183212609680408,0.0,0.0,[1]
5,3,0.04944474415203448,0.010757594191564634,3.141592653589793,0.0,[3 4]
11,3,0.06990447260912791,0.024239094200436906,0.0,0.0,[ 3  4 10]
17,4,0.09190333993087052,0.031602876158073,0.0,0.0,[ 5 11]
33,5,0.12030351369024572,0.05363392716521054,0.0,0.0,[17]
37,6,0.12360734467837042,0.055404475821136834,0.0,0.0,[33]
42,7,0.12849121787369566,0.054453262467412444,0.0,0.0,[37]
57,8,0.1423740799563441,0.06506038825383886,0.0,0.0,[42]
59,8,0.14527108775733066,0.05432718701975203,0.0,0.0,[42]
69,9,0.15621677268475465,0.05876647317114725,0.0,0.0,[57 59]
75,9,0.16548150388810812,0.08723309033637883,0.0,0.0,[57]
78,10,0.16798088591892701,0.05634412729110383,0.0,0.0,[69]
79,10,0.16813874081817914,0.05326196303204245,0.0,0.0,[69]
89,10,0.179753078582377,0.08547754911902916,0.0,0.0,[75]
95,11,0.19071586854235567,0.03288922391073301,0.0,0.0,[79]
105,11,0.2044315270156536,0.06371977730949252,0.0,0.0,[78 79 89]
117,12,0.21145046622610675,0.059799400608893216,0.0,0.0,[105]
120,12,0.21296090685056202,0.048570063899455174,0.0,0.0,[95]
125,13,0.21747831141150076,0.06318613833012143,0.0,0.0,[117]
136,13,0.23591866770346204,0.041959118235067816,0.0,0.0,[117 120]
146,14,0.2414872302006572,0.04553460489981531,0.0,0.0,[125 136]
158,15,0.2534024354453419,0.03577349989628642,0.0,0.0,[146]
170,16,0.26161746930839824,0.03161167456038172,0.0,0.0,[158]
196,17,0.2807058102451593,0.03193628055506925,0.0,0.0,[170]
215,18,0.29150029884002226,0.023177521799105483,0.0,0.0,[196]
216,18,0.2925307820189157,0.043179155504704414,0.0,0.0,[196]
258,19,0.31515869608402747,0.043313362379608034,0.0,0.0,[215 216]
275,20,0.32508328214531856,0.05012381933626353,0.0,0.0,[258]
301,21,0.3371573496268907,0.05827712558364673,0.0,0.0,[275]
318,22,0.346024952641904,0.05917873014681874,0.0,0.0,[301]
363,23,0.3708313772292071,0.04959192301096127,0.0,0.0,[318]
373,24,0.37500090532659136,0.04712063905773034,0.0,0.0,[363]
380,25,0.3786566989070618,0.04505632229103662,0.0,0.0,[373]
421,26,0.39397100548480213,0.046277181958389035,0.0,0.0,[380]
425,27,0.3958732299534983,0.04518256931450504,0.0,0.0,[421]
468,28,0.41258545144899716,0.040878579421723904,0.0,0.0,[425]
482,28,0.41652858819390803,0.026286517964623002,0.0,0.0,[425]
537,29,0.4374832389980021,0.045633314280820736,0.0,0.0,[468 482]
544,30,0.43976456725361646,0.04385122073099745,0.0,0.0,[537]
564,31,0.4495542140481016,0.0533536779288899,0.0,0.0,[544]
618,32,0.4726771417831822,0.0725196678574005,0.0,0.0,[564]
652,33,0.4883695473883397,0.07953123213755464,0.0,0.0,[618]
682,34,0.4999083910873421,0.07974500041037458,0.0,0.0,[652]
722,35,0.5138920629164047,0.08533604444168308,0.0,0.0,[682]
732,36,0.5202751450433144,0.08825926808402251,0.0,0.0,[722]
757,37,0.5297240577813704,0.08697095149895173,0.0,0.0,[732]
791,38,0.5412611999582005,0.094989554073178,0.0,0.0,[757]
794,38,0.5416085639763363,0.08283298381605597,0.0,0.0,[757]
812,39,0.5483657101603214,0.08233614554442226,0.0,0.0,[794]
822,39,0.552077628455112,0.07604077789940411,0.0,0.0,[794]
829,39,0.5548538107242841,0.09565115934489987,0.0,0.0,[791 794]
880,40,0.5802668478076741,0.07477057685973287,0.0,0.0,[812 822 829]
884,41,0.5816313311875745,0.07447119001365787,0.0,0.0,[880]
952,42,0.6161141481587157,0.10732348115303214,0.0,0.0,[884]
984,43,0.6403186039021315,0.10234936515602477,0.0,0.0,[952]
1008,44,0.6534364554602753,0.09462505685483813,0.0,0.0,[984]
1026,45,0.6627575653752406,0.09437883977516714,0.0,0.0,[1008]
1069,46,0.6864988453912277,0.07909354549303327,0.0,0.0,[1026]
1084,47,0.6988708244815401,0.09104919669325817,0.0,0.0,[1069]
1098,48,0.7100537085759426,0.08972295663598928,0.0,0.0,[1084]
1119,49,0.7310557997214372,0.09042676842801556,0.0,0.0,[1098]
1125,50,0.7350171985550321,0.08818000742908638,0.0,0.0,[1119]
1141,51,0.7438626651170293,0.09438875845696526,0.0,0.0,[1125]
1142,51,0.7468760556795802,0.0889787462234316,0.0,0.0,[1125]
1146,52,0.7516741868587739,0.09017804701775078,0.0,0.0,[1141 1142]
1152,53,0.7592415425025411,0.08420804106028201,0.0,0.0,[1146]
1163,54,0.767463078503066,0.08197648364227661,0.0,0.0,[1152]
1166,55,0.7706191212441476,0.07929190278570919,0.0,0.0,[1163]
1174,56,0.7790836572658091,0.07315372671020637,0.0,0.0,[1166]
1188,57,0.7927606462495403,0.06953557749050254,0.0,0.0,[1174]
1190,57,0.7930285398518993,0.06998923009623914,0.0,0.0,[1174]
1196,58,0.8013614704615649,0.061296022929100524,0.0,0.0,[1188]
1200,58,0.8051117422607773,0.06823375786395225,0.0,0.0,[1188 1190]
1212,59,0.8140485323607379,0.06363579666720642,0.0,0.0,[1196 1200]
1227,60,0.8353563867377652,0.054054603455338524,0.0,0.0,[1212]
1237,60,0.8428294231429069,0.03911816855633132,0.0,0.0,[1212]
1246,61,0.8532228429272021,0.04573271096483522,0.0,0.0,[1227 1237]
1259,62,0.8691499126309057,0.03297799364677234,0.0,0.0,[1246]
1276,63,0.8889220542107359,0.02374493065446437,0.0,0.0,[1259]
1285,64,0.9095157223247229,0.015393274524867606,0.0,0.0,[1276]
1289,65,0.916917931236126,0.008698433826063168,0.0,0.0,[1285]
1299,66,0.9532578890322613,0.005479078182553221,3.141592653589793,0.0,[1289]
1300,67,0.9600509750515185,0.000262967148224047,3.141592653589793,0.0,[1299]
1302,68,0.9666600064598789,0.002743279202676141,0.0,0.0,[1300]
1304,69,0.9724972754050369,0.004135163347936066,0.0,0.0,[1302]
1305,69,0.9756475034530352,0.007993515110656602,0.0,0.0,[1302]
1308,70,0.9803654793561758,3.150175648114484e-07,3.141592653589793,0.0,[1304]
1309,70,0.9820385371959396,0.00955947328430562,0.0,0.0,[1304 1305]
1310,71,1.0,0.0,3.141592653589793,0.0,[1308 1309]
0,0,0.0,0.0,3.141592653589793,0.0,[]
2,1,0.006685592752600833,0.006497512405097994,0.0,0.0,[0]
3,2,0.011691798124739083,0.011314980125476937,0.0,0.0,[2]
4,3,0.01909705507685444,0.01675470083916797,0.0,0.0,[3]
7,4,0.042237181874625884,0.002996935485086394,3.141592653589793,0.0,[4]
14,5,0.07119369373067153,0.021612153570366166,3.141592653589793,0.0,[7]
18,5,0.08082655429135932,0.03420595995228104,3.141592653589793,0.0,[7]
22,6,0.08615518009076206,0.03145294129635445,3.141592653589793,0.0,[14 18]
24,7,0.1022640013358066,0.0449394359600489,3.141592653589793,0.0,[22]
31,8,0.12155733452371908,0.054236906738852286,3.141592653589793,0.0,[24]
45,9,0.1464129239259253,0.07653329985732216,3.141592653589793,0.0,[31]
50,10,0.15425882609515806,0.07936710976024552,3.141592653589793,0.0,[45]
56,11,0.1641990729302124,0.07732104275154161,3.141592653589793,0.0,[50]
72,12,0.17779714392308532,0.08099086689550772,3.141592653589793,0.0,[56]
85,13,0.1912131100908221,0.08970669129819786,3.141592653589793,0.0,[72]
89,13,0.19321227619609316,0.08380169710050933,3.141592653589793,0.0,[72]
106,14,0.2056255475592833,0.09463893742633522,3.141592653589793,0.0,[85 89]
119,15,0.22045033261308322,0.10137046539355843,3.141592653589793,0.0,[106]
126,16,0.22578316329985681,0.09631999905095179,3.141592653589793,0.0,[119]
138,16,0.23584412057841841,0.10653802860013883,3.141592653589793,0.0,[119]
148,17,0.2423550989958705,0.10791593800908517,3.141592653589793,0.0,[126 138]
153,17,0.2481821786100502,0.09068899318203283,3.141592653589793,0.0,[126]
155,17,0.25012669303151935,0.08606120654617888,3.141592653589793,0.0,[126]
165,18,0.25665410703925307,0.11102432192640277,3.141592653589793,0.0,[148]
167,18,0.25734177087314225,0.08364708099666773,3.141592653589793,0.0,[153 155]
175,19,0.2639065587364364,0.1174403224541618,3.141592653589793,0.0,[165]
179,19,0.26607122677730377,0.07822953966315505,3.141592653589793,0.0,[167]
198,20,0.27653934812790093,0.08058448335961321,3.141592653589793,0.0,[179]
202,20,0.27886333321695533,0.11993317819749005,3.141592653589793,0.0,[175]
203,20,0.2800246000980149,0.12508994811282514,3.141592653589793,0.0,[175]
205,20,0.2810844813266873,0.1309683152217863,3.141592653589793,0.0,[175]
224,21,0.29511071204619854,0.11830526029799027,3.141592653589793,0.0,[202 203 205]
225,21,0.29648951049496697,0.06579565280126809,3.141592653589793,0.0,[198]
230,22,0.29988450879270856,0.12201973479337291,3.141592653589793,0.0,[224]
274,22,0.3255936223091752,0.059214201452030824,3.141592653589793,0.0,[225]
286,22,0.3308286620039901,0.044514943904394255,3.141592653589793,0.0,[225]
287,23,0.33265567546091424,0.10277602185206114,3.141592653589793,0.0,[230]
300,23,0.34043772816129025,0.06053064825081522,3.141592653589793,0.0,[274]
301,23,0.3408840128256301,0.11586162015276324,3.141592653589793,0.0,[230]
302,23,0.34139223330230184,0.0679287801084828,3.141592653589793,0.0,[274]
305,23,0.34417780584339985,0.1288111863457645,3.141592653589793,0.0,[230]
308,23,0.3465503990787562,0.05219153759265294,3.141592653589793,0.0,[274 286]
312,24,0.3484960936603987,0.0730389043173777,3.141592653589793,0.0,[302]
316,24,0.35206661221486923,0.12815541149307108,3.141592653589793,0.0,[305]
327,24,0.3568457254949372,0.04632991026090305,3.141592653589793,0.0,[300 308]
336,24,0.3622655893608435,0.09971353812591632,3.141592653589793,0.0,[287 301]
345,25,0.3677171714971459,0.03943542712876391,3.141592653589793,0.0,[327]
350,25,0.3706308514253416,0.05370165803746196,3.141592653589793,0.0,[312 327]
398,25,0.38934480604048516,0.09923379896279982,3.141592653589793,0.0,[312 316 336]
361,26,0.3754191360169824,0.03447742107167828,3.141592653589793,0.0,[345]
422,26,0.4022722055261916,0.09735622989905734,3.141592653589793,0.0,[398]
426,26,0.40500542166126563,0.08473582052940876,3.141592653589793,0.0,[350 398]
399,27,0.39081477011050525,0.024496104011800912,3.141592653589793,0.0,[361]
404,27,0.3927468560222168,0.021098923629840338,3.141592653589793,0.0,[361]
439,27,0.41111503432469687,0.07928626829229901,3.141592653589793,0.0,[426]
445,27,0.412669427561147,0.09860240042750668,3.141592653589793,0.0,[422]
412,28,0.3969669503362129,0.020540725089326917,3.141592653589793,0.0,[399 404]
488,28,0.4330161387937487,0.09564812743637996,3.141592653589793,0.0,[439 445]
505,28,0.4375596960143122,0.06236599432523138,3.141592653589793,0.0,[399 404 439]
556,29,0.46017597532271515,0.07360603422281375,3.141592653589793,0.0,[412 488 505]
559,30,0.4613938198323564,0.07258683226550877,3.141592653589793,0.0,[556]
576,31,0.4722047221943507,0.07392568734967175,3.141592653589793,0.0,[559]
580,31,0.47248249506592355,0.07239963010199957,3.141592653589793,0.0,[559]
596,32,0.47818138015590494,0.0694007516994406,3.141592653589793,0.0,[576 580]
613,33,0.48377601570445294,0.0653475172406639,3.141592653589793,0.0,[596]
622,34,0.485753723571101,0.06666570846393993,3.141592653589793,0.0,[613]
662,35,0.49847301981757275,0.06061197174444455,3.141592653589793,0.0,[622]
675,35,0.5021172975828635,0.06998834974102619,3.141592653589793,0.0,[622]
726,36,0.5193909461672334,0.06302096006201952,3.141592653589793,0.0,[662 675]
737,36,0.5249987549737484,0.08196690353300318,3.141592653589793,0.0,[662 675]
741,37,0.5261358364752042,0.08085994557805753,3.141592653589793,0.0,[737]
784,37,0.5495726951668237,0.0333342206635997,3.141592653589793,0.0,[726]
768,38,0.5400867189453351,0.07999672628656307,3.141592653589793,0.0,[741]
793,38,0.5533230543006984,0.036442914800979276,3.141592653589793,0.0,[784]
812,39,0.5657414594988918,0.08111031627129994,3.141592653589793,0.0,[768]
829,39,0.5741507467558743,0.04603888437044723,3.141592653589793,0.0,[768 793]
833,39,0.5777851476415606,0.037393007215845264,3.141592653589793,0.0,[793]
834,39,0.5779638893397393,0.0300737066190796,3.141592653589793,0.0,[793]
843,40,0.5809634978978253,0.0929016339805705,3.141592653589793,0.0,[812]
878,40,0.5996765470272443,0.034394216155990254,3.141592653589793,0.0,[829 833 834]
885,41,0.6031006143778105,0.03520050966104937,3.141592653589793,0.0,[878]
892,41,0.6049286836959747,0.07188386571613492,3.141592653589793,0.0,[843]
893,41,0.6051075469336753,0.08281436191656011,3.141592653589793,0.0,[843]
902,41,0.6096814213762021,0.11884361222342077,3.141592653589793,0.0,[843]
931,42,0.6280707672965599,0.13137544605725882,3.141592653589793,0.0,[902]
941,42,0.634252557621532,0.06315260242548526,3.141592653589793,0.0,[885 892 893]
946,42,0.6362146453817311,0.04773593675746313,3.141592653589793,0.0,[885 892]
952,42,0.6407571191803019,0.11012805487174981,3.141592653589793,0.0,[893 902]
949,43,0.6395131717707936,0.12709433680243942,3.141592653589793,0.0,[931]
979,43,0.6546853014130939,0.05750316063065619,3.141592653589793,0.0,[941 946]
982,43,0.6567083317510397,0.10571232927770757,3.141592653589793,0.0,[931 952]
1015,44,0.6831706416388297,0.08566628222321404,3.141592653589793,0.0,[949 979 982]
1021,45,0.6867483246029944,0.08259622955309764,3.141592653589793,0.0,[1015]
1037,46,0.6960041220855756,0.0845643893051049,3.141592653589793,0.0,[1021]
1068,47,0.7123064376013979,0.09588898245006394,3.141592653589793,0.0,[1037]
1074,47,0.7146794823709288,0.08863683461576444,3.141592653589793,0.0,[1037]
1118,48,0.7473865461297007,0.07103328922144947,3.141592653589793,0.0,[1068 1074]
1124,49,0.7498313509379164,0.07271727621919344,3.141592653589793,0.0,[1118]
1131,50,0.7574365877283262,0.07581885464202254,3.141592653589793,0.0,[1124]
1141,51,0.7677448917085177,0.08057796444014886,3.141592653589793,0.0,[1131]
1154,52,0.7745312308226799,0.08314858045005913,3.141592653589793,0.0,[1141]
1168,53,0.7829552381453263,0.08639572666025097,3.141592653589793,0.0,[1154]
1183,54,0.7961928812023575,0.07561605759613532,3.141592653589793,0.0,[1168]
1190,55,0.8006980884521592,0.07587094243026438,3.141592653589793,0.0,[1183]
1191,55,0.8008666499382016,0.07993345692506271,3.141592653589793,0.0,[1183]
1206,56,0.8106690854003582,0.06925969391195386,3.141592653589793,0.0,[1190]
1211,56,0.8154547147686476,0.07739083390944757,3.141592653589793,0.0,[1190 1191]
1236,57,0.8438335563723918,0.0625312491062675,3.141592653589793,0.0,[1206 1211]
1243,58,0.851235828957226,0.06632902153155551,3.141592653589793,0.0,[1236]
1248,59,0.8601412984440111,0.06843779108179882,3.141592653589793,0.0,[1243]
1260,60,0.875333220827831,0.06781775958230962,3.141592653589793,0.0,[1248]
1271,61,0.8900227118992416,0.05427788935199873,3.141592653589793,0.0,[1260]
1272,62,0.8904169100635034,0.054000751553353155,3.141592653589793,0.0,[1271]
1288,63,0.9225497515853166,0.029042011137168644,3.141592653589793,0.0,[1272]
1289,63,0.9240293090450703,0.02509593257558984,3.141592653589793,0.0,[1272]
1291,64,0.927972534803196,0.026319357821859568,3.141592653589793,0.0,[1288 1289]
1297,65,0.9446274878413037,0.011604074390600738,3.141592653589793,0.0,[1291]
1299,65,0.9500277254068467,0.027637974674302956,3.141592653589793,0.0,[1291]
1303,65,0.9586671918368802,0.003457977896855202,0.0,0.0,[1291]
1304,66,0.9602583933431862,0.029408332852426278,3.141592653589793,0.0,[1299]
1306,66,0.9649815941619343,0.0005559775066349415,0.0,0.0,[1297 1303]
1308,67,0.990635615375477,0.0012956457938940735,0.0,0.0,[1306]
1309,67,0.991918253405277,0.004234696328377918,3.141592653589793,0.0,[1304 1306]
1310,68,1.0,0.0,3.141592653589793,0.0,[1308 1309]
0,0,0.0,0.0,3.141592653589793,0.0,[]
1,1,0.02152284169118024,0.010116254555718296,0.0,0.0,[0]
2,1,0.02404404026280238,0.013439539797585609,0.0,0.0,[0]
3,1,0.03121238775236901,0.011139265275904031,3.141592653589793,0.0,[0]
4,1,0.0425411108089403,0.028571365912521296,3.141592653589793,0.0,[0]
5,1,0.04262813848882241,0.022636660104888073,3.141592653589793,0.0,[0]
6,2,0.046578136806164294,0.01804342536022563,0.0,0.0,[1 2]
7,2,0.05263955397177533,0.02042177567249781,3.141592653589793,0.0,[1 3 4 5]
8,2,0.052841172007612514,0.021657827497356563,3.141592653589793,0.0,[3 4 5]
9,2,0.052982515421727716,0.005234948201863987,0.0,0.0,[1 2 3]
12,3,0.061302354450978536,0.004478920245693407,0.0,0.0,[6 9]
14,3,0.06352778608555587,0.01976783884103983,3.141592653589793,0.0,[7 8]
20,4,0.08017490075457256,0.012851850760400074,3.141592653589793,0.0,[12 14]
29,5,0.10293156187250951,0.011153501680148947,3.141592653589793,0.0,[20]
33,6,0.10678830147539942,0.011402883021946031,3.141592653589793,0.0,[29]
39,7,0.11162407381497497,0.015622933196381639,3.141592653589793,0.0,[33]
55,8,0.138919916716977,0.021421670768213774,3.141592653589793,0.0,[39]
60,9,0.14761432105713845,0.020369949837796275,3.141592653589793,0.0,[55]
65,9,0.1538547060636991,0.02730996052723267,3.141592653589793,0.0,[55]
68,9,0.15505820060223907,0.034861440866281956,3.141592653589793,0.0,[55]
76,9,0.16324108259070969,0.003063605549819326,3.141592653589793,0.0,[55]
79,10,0.16773708292901535,0.03645544189802741,3.141592653589793,0.0,[60 65 68]
80,10,0.16774642775989235,0.011988086704429746,3.141592653589793,0.0,[60]
107,10,0.19741537356713212,0.022512213056543495,0.0,0.0,[60 76]
96,11,0.18488160721834634,0.04921462530562326,3.141592653589793,0.0,[79]
105,11,0.19624563028401198,0.002785764216456821,0.0,0.0,[80]
115,11,0.2107251015316456,0.03525557184266903,0.0,0.0,[107]
117,11,0.21209195339633624,0.019634118619547225,0.0,0.0,[ 80 107]
113,12,0.20698309778026258,0.0017845993705173369,3.141592653589793,0.0,[105]
122,12,0.21616421660867813,0.012643329090444633,0.0,0.0,[105]
126,12,0.22054870603747923,0.036565383054254275,0.0,0.0,[115]
133,12,0.2237624678051321,0.045168986072045336,3.141592653589793,0.0,[96]
139,12,0.22863100036696193,0.026633171101677955,0.0,0.0,[105 115 117]
127,13,0.221090412194355,0.008735384459546691,0.0,0.0,[113 122]
159,13,0.2426287258604155,0.03178936803982002,0.0,0.0,[113 122 126 139]
165,13,0.24420781632202038,0.03469536233821935,3.141592653589793,0.0,[113 133]
169,13,0.24642589113142344,0.04018600805519701,0.0,0.0,[122 126 139]
172,14,0.24941883440958457,0.03543485952382186,3.141592653589793,0.0,[165]
180,14,0.25513300554525,0.02152168999323134,0.0,0.0,[127 159]
183,14,0.2576252036347825,0.03423566018609825,0.0,0.0,[127 159 169]
182,15,0.2575225263813471,0.030678833088812363,3.141592653589793,0.0,[172]
206,15,0.272058982968131,0.03883894426577317,0.0,0.0,[183]
207,15,0.27307432976224477,0.008623335003485333,0.0,0.0,[180]
236,16,0.2929294021603056,0.002097839620566755,3.141592653589793,0.0,[182 207]
237,16,0.2931604959621652,0.03943108626173841,0.0,0.0,[206]
239,16,0.29463818936091657,0.04966016899262793,0.0,0.0,[206]
247,17,0.2980131861598744,5.29689065797978e-06,3.141592653589793,0.0,[236]
285,17,0.3154247423423554,0.032068063088291354,0.0,0.0,[237 239]
316,18,0.33741817805683916,0.02401384657981742,0.0,0.0,[247 285]
344,19,0.3474540555552502,0.03137706453654743,0.0,0.0,[316]
355,19,0.35170459348421956,0.03644716558219108,0.0,0.0,[316]
369,20,0.3623364154072567,0.04517670207130242,0.0,0.0,[344 355]
387,21,0.3701749728938414,0.04568679959428357,0.0,0.0,[369]
408,22,0.3795768373887597,0.03760673817992388,0.0,0.0,[387]
417,23,0.3841243150026815,0.04098409092785249,0.0,0.0,[408]
464,24,0.4046114721234052,0.05989494310632737,0.0,0.0,[417]
467,25,0.40599090708900376,0.060906270377730776,0.0,0.0,[464]
486,26,0.41836768516342004,0.05153739782575395,0.0,0.0,[467]
524,27,0.43580229971517614,0.04168658488517141,0.0,0.0,[486]
531,28,0.43880974958991414,0.042116246380429656,0.0,0.0,[524]
545,29,0.44292219044964765,0.041436599223909965,0.0,0.0,[531]
602,30,0.4704964756614656,0.051033481264528446,0.0,0.0,[545]
609,31,0.4746922460118017,0.0521436404014225,0.0,0.0,[602]
625,32,0.4800132073940726,0.0547139954621878,0.0,0.0,[609]
691,33,0.5034075447223902,0.057951001647728595,0.0,0.0,[625]
709,34,0.5095208947859247,0.06328530523052134,0.0,0.0,[691]
767,35,0.5350507740963635,0.08622049093543749,0.0,0.0,[709]
808,36,0.5527767427629727,0.0909405580967616,0.0,0.0,[767]
816,36,0.555650369079892,0.10197501034660061,0.0,0.0,[767]
835,36,0.5652178547025611,0.07164804333756136,0.0,0.0,[767]
860,37,0.5791742099212006,0.08544920987112647,0.0,0.0,[808 816 835]
870,37,0.5830517963401568,0.07957671996025095,0.0,0.0,[808 816 835]
883,38,0.5892991786822587,0.07844270427946531,0.0,0.0,[860 870]
908,39,0.6008488552931698,0.07823333587416437,0.0,0.0,[883]
915,40,0.6058160472713482,0.07469895815799144,0.0,0.0,[908]
942,41,0.6176340033309301,0.08161926332264513,0.0,0.0,[915]
952,41,0.6210929259772247,0.07601344389202747,0.0,0.0,[915]
976,41,0.6344339025799355,0.05502695390712187,0.0,0.0,[915]
974,42,0.6330158490205332,0.07459448682238068,0.0,0.0,[942 952]
1010,42,0.654989759117883,0.03667169805133652,0.0,0.0,[976]
1016,43,0.6614973785838093,0.0638069821032482,0.0,0.0,[974]
1034,43,0.6681635942011621,0.03541059952767889,0.0,0.0,[1010]
1063,44,0.6830927021019148,0.03711049170854752,0.0,0.0,[1034]
1076,44,0.6907212641061554,0.06600873987305345,0.0,0.0,[1016]
1077,45,0.690904107123431,0.03247080981994732,0.0,0.0,[1063]
1079,45,0.6921125933798405,0.0651322177785284,0.0,0.0,[1076]
1091,46,0.698945154221775,0.06881352338754321,0.0,0.0,[1079]
1113,46,0.7168551972498098,0.012552961706213006,0.0,0.0,[1077]
1098,47,0.7041854162572561,0.06922899242210367,0.0,0.0,[1091]
1136,47,0.7350572854670788,0.005303779624265315,3.141592653589793,0.0,[1113]
1138,47,0.735644684879787,0.006069820540072879,3.141592653589793,0.0,[1113]
1111,48,0.7154578929060553,0.0618858526402043,0.0,0.0,[1098]
1147,48,0.7438735487578204,0.0016320320187166448,0.0,0.0,[1136 1138]
1118,49,0.7209970579557462,0.05697859709545183,0.0,0.0,[1111]
1120,49,0.7218081832447453,0.06063797244270008,0.0,0.0,[1111]
1129,49,0.7264240431637011,0.051236453347014876,0.0,0.0,[1111]
1165,49,0.7580474876047131,0.010506240151245683,3.141592653589793,0.0,[1147]
1150,50,0.7477363440269785,0.04355891499523212,0.0,0.0,[1118 1120 1129]
1178,50,0.7736531674741866,0.0004965757326871323,0.0,0.0,[1165]
1185,51,0.7810813871870268,0.012480206132115756,0.0,0.0,[1150]
1194,51,0.7899875702217246,0.014923064108530837,3.141592653589793,0.0,[1178]
1199,52,0.7932889358424002,0.0017165720197402923,0.0,0.0,[1185]
1203,52,0.7965617968384501,0.019337221372559443,3.141592653589793,0.0,[1194]
1210,53,0.803338930754689,0.012945438388887065,3.141592653589793,0.0,[1203]
1213,53,0.8058276109256653,0.002483337983973488,3.141592653589793,0.0,[1199]
1226,54,0.8151726569502893,0.01211278881698663,3.141592653589793,0.0,[1210]
1227,54,0.8154236140420731,0.008976776502509165,3.141592653589793,0.0,[1210 1213]
1237,55,0.8256264484125784,0.007269631861344328,3.141592653589793,0.0,[1226 1227]
1242,56,0.8321314068801807,0.008729892782622928,3.141592653589793,0.0,[1237]
1263,57,0.8661629431020836,0.034732371478718216,3.141592653589793,0.0,[1242]
1273,58,0.8855005245105229,0.03901360005802201,3.141592653589793,0.0,[1263]
1276,59,0.8944651655394891,0.04236187058274732,3.141592653589793,0.0,[1273]
1282,60,0.9086542008436905,0.03753187733394492,3.141592653589793,0.0,[1276]
1283,60,0.9094738052145092,0.04588699534681784,3.141592653589793,0.0,[1276]
1284,61,0.9097069621060727,0.03855008845635599,3.141592653589793,0.0,[1282]
1286,61,0.9119146354870825,0.0458391320660827,3.141592653589793,0.0,[1283]
1289,62,0.9183642264242893,0.04213285153685009,3.141592653589793,0.0,[1284 1286]
1291,63,0.9245585871807791,0.04279194815460052,3.141592653589793,0.0,[1289]
1294,63,0.9262298891623211,0.03571309037227843,3.141592653589793,0.0,[1289]
1296,64,0.9325126268825146,0.04221639358796159,3.141592653589793,0.0,[1291]
1299,64,0.9401252607528752,0.031280128880051716,3.141592653589793,0.0,[1291 1294]
1305,65,0.9507179166166811,0.02502090563142001,3.141592653589793,0.0,[1296 1299]
1306,66,0.9546775627592805,0.027578282205085514,3.141592653589793,0.0,[1305]
1308,67,0.9823306136204121,0.00528456977879288,3.141592653589793,0.0,[1306]
1309,67,0.9836162294823882,0.00035628796344211455,0.0,0.0,[1306]
1310,68,1.0,0.0,3.141592653589793,0.0,[1308 1309]
0,0,0.0,0.0,3.141592653589793,0.0,[]
1,1,0.009236409047608807,0.002827664413941,0.0,0.0,[0]
2,1,0.011309140046367183,0.002156203341768359,3.141592653589793,0.0,[0]
7,1,0.028660440860519554,0.0218892443836034,3.141592653589793,0.0,[0]
4,2,0.02583135916599477,0.0011220443701470684,0.0,0.0,[1 2]
10,2,0.04320523019641087,0.036082443276554854,3.141592653589793,0.0,[7]
6,3,0.02737949794344141,0.002582455612908152,0.0,0.0,[4]
14,3,0.05401492828507204,0.045684298495680675,3.141592653589793,0.0,[10]
11,4,0.04400323796271677,0.00017080335165875482,3.141592653589793,0.0,[6]
19,4,0.07034817614528821,0.053690469924237094,3.141592653589793,0.0,[14]
20,5,0.07466122015666943,0.05600032415868039,3.141592653589793,0.0,[19]
23,5,0.08588451463837965,0.030786115788657642,3.141592653589793,0.0,[11]
30,6,0.09531813173640846,0.07165198083773139,3.141592653589793,0.0,[20]
32,6,0.10373937980397241,0.029170569529527013,3.141592653589793,0.0,[20 23]
33,6,0.10380766036535427,0.06292675009617865,3.141592653589793,0.0,[20]
36,7,0.10843385806911954,0.025350662529765478,3.141592653589793,0.0,[32]
50,7,0.1398548802364592,0.06562699533975103,3.141592653589793,0.0,[30 33]
52,8,0.14146888256479118,0.04050077146036313,3.141592653589793,0.0,[36]
53,8,0.14252029984262504,0.06441850615806377,3.141592653589793,0.0,[50]
54,9,0.14490599762156842,0.04093270040391228,3.141592653589793,0.0,[52]
55,9,0.14732483399828777,0.05974182081156565,3.141592653589793,0.0,[53]
57,9,0.14939876858236323,0.045669878059967584,3.141592653589793,0.0,[52]
68,10,0.16547682293923893,0.03703990789843348,3.141592653589793,0.0,[54 57]
69,10,0.16781415761082608,0.057109859351453074,3.141592653589793,0.0,[54 55 57]
72,11,0.1701568431373277,0.03730893680393099,3.141592653589793,0.0,[68]
81,11,0.17911673212578716,0.06109984049496786,3.141592653589793,0.0,[69]
102,12,0.20456182366575415,0.061569287879191914,3.141592653589793,0.0,[72 81]
118,13,0.21620985976841112,0.0650294522477447,3.141592653589793,0.0,[102]
146,14,0.24231841249742958,0.07130285172164619,3.141592653589793,0.0,[118]
164,15,0.2546925363747873,0.06881687616525367,3.141592653589793,0.0,[146]
191,16,0.26745826877403023,0.07474812607423009,3.141592653589793,0.0,[164]
197,17,0.27030735917284887,0.07447253951081056,3.141592653589793,0.0,[191]
233,18,0.2900022466551493,0.08677420780510892,3.141592653589793,0.0,[197]
244,19,0.2959338107822653,0.0916482198021884,3.141592653589793,0.0,[233]
246,19,0.29608367110938905,0.08878407763949514,3.141592653589793,0.0,[233]
248,19,0.2971532449150145,0.08560800600655694,3.141592653589793,0.0,[233]
278,20,0.3149539909647493,0.08737878315914793,3.141592653589793,0.0,[244 246 248]
288,21,0.3189196485204733,0.0912439503685698,3.141592653589793,0.0,[278]
308,22,0.32712618527567705,0.08317758934242814,3.141592653589793,0.0,[288]
339,23,0.34109220472158763,0.07371657760760886,3.141592653589793,0.0,[308]
348,24,0.34593892814992344,0.07681885812285638,3.141592653589793,0.0,[339]
366,25,0.3564968030696536,0.08371322098855993,3.141592653589793,0.0,[348]
391,26,0.3704122232413817,0.0909378610106305,3.141592653589793,0.0,[366]
436,27,0.395835056704377,0.07140865852402278,3.141592653589793,0.0,[391]
452,27,0.4036821340652833,0.08278533132665233,3.141592653589793,0.0,[391]
464,28,0.40746314661231453,0.08101678076294794,3.141592653589793,0.0,[436 452]
468,28,0.4082274961828807,0.08192633597738364,3.141592653589793,0.0,[436 452]
492,29,0.4190893285183951,0.08938021790322725,3.141592653589793,0.0,[464 468]
517,30,0.43261129105284624,0.08583289249186676,3.141592653589793,0.0,[492]
521,30,0.43394129187397923,0.10146944583542228,3.141592653589793,0.0,[492]
543,31,0.44558499606574287,0.09498135768677995,3.141592653589793,0.0,[517 521]
590,32,0.46995817683398633,0.10787300304842973,3.141592653589793,0.0,[543]
597,32,0.47225243571157427,0.08377214844567071,3.141592653589793,0.0,[543]
614,32,0.48036728925510674,0.12709023685807008,3.141592653589793,0.0,[543]
632,33,0.4871267707815511,0.1218062092674328,3.141592653589793,0.0,[590 614]
669,33,0.5017007189338119,0.08997143764952731,3.141592653589793,0.0,[590 597]
673,33,0.503211932107218,0.06389318054333804,3.141592653589793,0.0,[597]
716,34,0.5204957236531358,0.10078460540861511,3.141592653589793,0.0,[632 669]
741,34,0.5294801137546679,0.08166836787600473,3.141592653589793,0.0,[632 669 673]
778,35,0.5410339527418058,0.09010420313493872,3.141592653589793,0.0,[716 741]
790,36,0.5481971999949684,0.09290498093891775,3.141592653589793,0.0,[778]
818,37,0.5612701102027812,0.08262203963856296,3.141592653589793,0.0,[790]
834,38,0.5679580814816054,0.08363955320143324,3.141592653589793,0.0,[818]
848,38,0.5740241539522999,0.07593361960335676,3.141592653589793,0.0,[818]
888,39,0.590171167805156,0.07944009354536974,3.141592653589793,0.0,[834 848]
897,40,0.5958474480217802,0.08326651844089283,3.141592653589793,0.0,[888]
908,41,0.6008955746031002,0.08659456530683074,3.141592653589793,0.0,[897]
931,42,0.6122543247521502,0.09585569775783298,3.141592653589793,0.0,[908]
949,43,0.6230767350882642,0.09650225718369043,3.141592653589793,0.0,[931]
987,44,0.6465477854631101,0.0923808532830469,3.141592653589793,0.0,[949]
1032,45,0.6649446908922476,0.09681417201542797,3.141592653589793,0.0,[987]
1040,46,0.6686337208323757,0.09727199832667677,3.141592653589793,0.0,[1032]
1045,47,0.6732283547159085,0.0979735198719246,3.141592653589793,0.0,[1040]
1078,48,0.691008771268316,0.09733252231532308,3.141592653589793,0.0,[1045]
1103,49,0.7071340069858191,0.10498690713375602,3.141592653589793,0.0,[1078]
1122,50,0.7197586370191227,0.10445949965407064,3.141592653589793,0.0,[1103]
1128,51,0.7229446636263998,0.10537229050312125,3.141592653589793,0.0,[1122]
1154,52,0.7395572049121593,0.11566146706045077,3.141592653589793,0.0,[1128]
1163,53,0.7465414822726382,0.11159427071312533,3.141592653589793,0.0,[1154]
1164,53,0.7471182560214776,0.12299348958321765,3.141592653589793,0.0,[1154]
1184,54,0.7656076441608998,0.10612628910226685,3.141592653589793,0.0,[1163 1164]
1196,55,0.774790710224274,0.10486750987486881,3.141592653589793,0.0,[1184]
1206,55,0.7819318357564959,0.09765591098138382,3.141592653589793,0.0,[1184]
1220,56,0.7997338255200777,0.11530130466151223,3.141592653589793,0.0,[1196 1206]
1224,57,0.8032323107976078,0.11684713807783675,3.141592653589793,0.0,[1220]
1231,58,0.8073821570615478,0.117632987486045,3.141592653589793,0.0,[1224]
1237,59,0.8143673140179308,0.11641594111756415,3.141592653589793,0.0,[1231]
1240,60,0.8188712644673944,0.11493132675806794,3.141592653589793,0.0,[1237]
1271,61,0.8747558195322352,0.06937379203458427,3.141592653589793,0.0,[1240]
1272,62,0.8787533913961962,0.06810485323178606,3.141592653589793,0.0,[1271]
1274,63,0.8878590528004319,0.06577314474048834,3.141592653589793,0.0,[1272]
1286,64,0.9037444558872276,0.05341514538229586,3.141592653589793,0.0,[1274]
1296,65,0.9379186321142977,0.02571166844265549,3.141592653589793,0.0,[1286]
1298,65,0.9417053827719086,0.01704351667258719,3.141592653589793,0.0,[1286]
1299,66,0.9439575817867663,0.03133887532068591,3.141592653589793,0.0,[1296]
1305,66,0.9576501749092184,0.012793653129383298,3.141592653589793,0.0,[1296 1298]
1306,66,0.9729300512567817,0.014130899649368311,0.0,0.0,[1298]
1308,67,0.9853500581704134,0.012816783461942038,0.0,0.0,[1305 1306]
1309,67,0.9963329616391794,0.000618442456299384,0.0,0.0,[1299 1305 1306]
1310,68,1.0,0.0,3.141592653589793,0.0,[1308 1309]
0,0,0.0,0.0,3.141592653589793,0.0,[]
1,1,0.026088179972001635,0.025045592265206307,3.141592653589793,0.0,[0]
2,2,0.028956750678393872,0.022549139935077456,3.141592653589793,0.0,[1]
5,3,0.05116952412055964,0.03310707561796056,3.141592653589793,0.0,[2]
6,4,0.057147420867828425,0.03704087612141915,3.141592653589793,0.0,[5]
13,5,0.07100817868949971,0.046442611933415145,3.141592653589793,0.0,[6]
16,5,0.07287508735957304,0.03322063091173888,3.141592653589793,0.0,[6]
21,6,0.09138451831715388,0.03896227032168065,3.141592653589793,0.0,[13 16]
25,7,0.09807086583346603,0.0365722525021106,3.141592653589793,0.0,[21]
29,8,0.10791043766128006,0.04069939001335443,3.141592653589793,0.0,[25]
30,9,0.10896530086801659,0.041726356591393454,3.141592653589793,0.0,[29]
32,10,0.11468406866979242,0.04076200423598553,3.141592653589793,0.0,[30]
36,11,0.11874846048062049,0.04127948062620135,3.141592653589793,0.0,[32]
51,11,0.14196043822907012,0.014645326225232402,3.141592653589793,0.0,[32]
53,12,0.14973148853604468,0.010641731507996521,3.141592653589793,0.0,[36 51]
60,13,0.15622892973240543,0.013435987022497042,3.141592653589793,0.0,[53]
83,14,0.18138990712719094,0.024291553334246596,3.141592653589793,0.0,[60]
87,15,0.1855712905350292,0.023599641637984226,3.141592653589793,0.0,[83]
111,16,0.21338874105874428,0.02806584075789076,3.141592653589793,0.0,[87]
112,16,0.21412612488061766,0.011133226311289546,3.141592653589793,0.0,[87]
115,16,0.2156924626712683,0.04225233925491534,3.141592653589793,0.0,[87]
124,17,0.22440737489097784,0.015535131881654451,3.141592653589793,0.0,[112]
139,17,0.23763922174643137,0.03230224958457717,3.141592653589793,0.0,[111 112 115]
140,17,0.23843385379769577,0.03323333387802618,3.141592653589793,0.0,[111 112 115]
143,17,0.2397038143439184,0.05519130375876469,3.141592653589793,0.0,[115]
148,17,0.24159513115487397,0.05149907339571613,3.141592653589793,0.0,[111 115]
131,18,0.23286021260411038,0.023758665955921576,3.141592653589793,0.0,[124]
156,18,0.24518708542984358,0.037963670459801424,3.141592653589793,0.0,[139 140]
158,18,0.2466775117329122,0.05547245242063259,3.141592653589793,0.0,[143 148]
184,19,0.26219122716095256,0.047162578764117113,3.141592653589793,0.0,[131 156 158]
193,20,0.267996875340462,0.043947448551979074,3.141592653589793,0.0,[184]
204,21,0.2776180169787301,0.048800969496290536,3.141592653589793,0.0,[193]
219,22,0.28819809588493817,0.04823280758532256,3.141592653589793,0.0,[204]
229,23,0.29695654408664407,0.04395431329772992,3.141592653589793,0.0,[219]
243,24,0.304706908304199,0.04919477638654424,3.141592653589793,0.0,[229]
251,25,0.3091099354680473,0.04729221318231869,3.141592653589793,0.0,[243]
252,25,0.311293556644647,0.05477542423401094,3.141592653589793,0.0,[243]
282,26,0.3278842086616284,0.05086416395227311,3.141592653589793,0.0,[251 252]
291,27,0.3340459370160963,0.05678088688377814,3.141592653589793,0.0,[282]
318,28,0.3480868794475944,0.07076355746712948,3.141592653589793,0.0,[291]
338,29,0.3548605972257637,0.06580966392776944,3.141592653589793,0.0,[318]
393,30,0.38358171736552304,0.09169262238644227,3.141592653589793,0.0,[338]
406,31,0.3918717855923517,0.09729814373582357,3.141592653589793,0.0,[393]
460,32,0.420104276479378,0.10494805875753777,3.141592653589793,0.0,[406]
473,33,0.4250186164411075,0.10473204922925972,3.141592653589793,0.0,[460]
501,34,0.4366754282925326,0.10188135437054913,3.141592653589793,0.0,[473]
506,34,0.4386823300211913,0.10729581667042587,3.141592653589793,0.0,[473]
508,34,0.4395042697082394,0.09238442158591342,3.141592653589793,0.0,[473]
525,35,0.44723329136720114,0.1054552664935332,3.141592653589793,0.0,[501 506]
550,35,0.4557041101828414,0.07776948544629791,3.141592653589793,0.0,[508]
571,36,0.46729572028281097,0.08546465438413109,3.141592653589793,0.0,[525 550]
589,37,0.4779808981951895,0.09321656967061454,3.141592653589793,0.0,[571]
595,38,0.48016170845630446,0.09132012153694091,3.141592653589793,0.0,[589]
665,39,0.5101988550684643,0.0898063727041204,3.141592653589793,0.0,[595]
688,39,0.5235530520171028,0.054463300828512806,3.141592653589793,0.0,[595]
690,39,0.523959162644214,0.07252540072960545,3.141592653589793,0.0,[595]
711,40,0.5340655429735067,0.09084323091433377,3.141592653589793,0.0,[665]
724,40,0.5386290567822815,0.06419514677825333,3.141592653589793,0.0,[665 688 690]
738,41,0.5432023727396978,0.09044461603158771,3.141592653589793,0.0,[711]
743,41,0.5448715785350635,0.06861610208687952,3.141592653589793,0.0,[724]
768,41,0.5541821842386064,0.05380737469392827,3.141592653589793,0.0,[724]
763,42,0.5527505232244799,0.09658784094784445,3.141592653589793,0.0,[738]
801,42,0.5668535992994963,0.06432585609170971,3.141592653589793,0.0,[743 768]
832,43,0.58114827512813,0.056470445893940124,3.141592653589793,0.0,[801]
846,43,0.5860843668201612,0.09214672396525903,3.141592653589793,0.0,[763]
864,44,0.5942614498159497,0.06282562618605436,3.141592653589793,0.0,[832]
869,44,0.5978848969872408,0.04230052452404376,3.141592653589793,0.0,[832]
893,44,0.6064771688416712,0.08415852401010304,3.141592653589793,0.0,[846]
913,45,0.6158737368945354,0.07580838338718354,3.141592653589793,0.0,[864 893]
920,45,0.6179257537808927,0.05069805069611355,3.141592653589793,0.0,[864 869]
946,46,0.632931900519084,0.07182221412930323,3.141592653589793,0.0,[913]
958,46,0.6383586958903823,0.05082506118768404,3.141592653589793,0.0,[920]
979,47,0.6489885435764879,0.057506259086560374,3.141592653589793,0.0,[946 958]
991,48,0.6566905861207104,0.06316934550054298,3.141592653589793,0.0,[979]
1042,49,0.6937217512714549,0.03890743323887724,3.141592653589793,0.0,[991]
1065,50,0.7069239434681759,0.027690490788337185,3.141592653589793,0.0,[1042]
1096,51,0.7292456574586808,0.033485849671326284,3.141592653589793,0.0,[1065]
1117,51,0.7430703008326381,0.01198874727641408,3.141592653589793,0.0,[1065]
1115,52,0.7421382808293975,0.030739642225267816,3.141592653589793,0.0,[1096]
1132,52,0.7538540220266352,0.009719779303141496,3.141592653589793,0.0,[1096 1117]
1168,53,0.7760381989380511,0.025307909893090064,3.141592653589793,0.0,[1115 1132]
1176,54,0.7812754255068275,0.026690290008714812,3.141592653589793,0.0,[1168]
1190,55,0.7924530495165055,0.035668967380743655,3.141592653589793,0.0,[1176]
1195,56,0.7940982633673729,0.036033600890099104,3.141592653589793,0.0,[1190]
1205,57,0.806170110916583,0.03622191177640954,3.141592653589793,0.0,[1195]
1211,58,0.8161421877043977,0.03219169639932318,3.141592653589793,0.0,[1205]
1221,59,0.8260045424493421,0.03306639204977857,3.141592653589793,0.0,[1211]
1247,59,0.8461780960361756,0.06192321303972803,3.141592653589793,0.0,[1211]
1234,60,0.8391852116016778,0.032847560504904894,3.141592653589793,0.0,[1221]
1248,60,0.8470773942620435,0.062447339884290076,3.141592653589793,0.0,[1247]
1251,61,0.8525504213810072,0.022701935382493987,3.141592653589793,0.0,[1234]
1256,61,0.860142819422018,0.06633188055798211,3.141592653589793,0.0,[1248]
1262,62,0.8680171064549694,0.019706073197983565,3.141592653589793,0.0,[1251]
1272,62,0.8805624533882753,0.07555340505458963,3.141592653589793,0.0,[1256]
1277,63,0.8913522503894308,0.06541989646186452,3.141592653589793,0.0,[1272]
1283,63,0.9051773803096521,0.02636601018070417,3.141592653589793,0.0,[1262]
1280,64,0.9003962076071068,0.07206891370180502,3.141592653589793,0.0,[1277]
1282,64,0.90291865911758,0.05794215468231412,3.141592653589793,0.0,[1277]
1286,64,0.9098908036963239,0.025367548332365097,3.141592653589793,0.0,[1283]
1287,64,0.910147167255131,0.030142802403304803,3.141592653589793,0.0,[1283]
1285,65,0.9078360254480893,0.07593404520004687,3.141592653589793,0.0,[1280]
1289,65,0.9141796294099359,0.05950088661699848,3.141592653589793,0.0,[1280 1282]
1290,65,0.914960549829391,0.05746037901016543,3.141592653589793,0.0,[1282]
1297,65,0.9270541006555567,0.03666971938791186,3.141592653589793,0.0,[1282 1286 1287]
1304,66,0.9411912082158385,0.04574376534852398,3.141592653589793,0.0,[1285 1289 1290 1297]
1308,67,0.9618804584738658,0.03128147423805794,3.141592653589793,0.0,[1304]
1309,68,0.9777358044871798,0.020984649102551378,3.141592653589793,0.0,[1308]
1310,69,1.0,0.0,3.141592653589793,0.0,[1309]
0,0,0.0,0.0,3.141592653589793,0.0,[]
1,1,0.00823943821480766,0.001821717287195046,0.0,0.0,[0]
4,2,0.0414745345034051,0.01621105667276701,3.141592653589793,0.0,[1]
6,3,0.05654288275065478,0.02380057461131002,3.141592653589793,0.0,[4]
9,4,0.06292243855090729,0.024150575036395505,3.141592653589793,0.0,[6]
13,5,0.07002540954092584,0.023489439535430257,3.141592653589793,0.0,[9]
15,5,0.07802234232193095,0.036545829436151034,3.141592653589793,0.0,[9]
25,6,0.09047647877594656,0.020594442300829185,3.141592653589793,0.0,[13]
33,6,0.09823140299615152,0.04635279964514638,3.141592653589793,0.0,[13 15]
27,7,0.09256786024081531,0.022419079192374958,3.141592653589793,0.0,[25]
35,7,0.10043817696490787,0.014193909072394595,3.141592653589793,0.0,[25]
41,7,0.11847177945485465,0.061593921003898044,3.141592653589793,0.0,[33]
46,8,0.12398039343405387,0.04713228481202303,3.141592653589793,0.0,[27]
47,8,0.12458791076317177,0.03645394338481123,3.141592653589793,0.0,[27 35]
58,8,0.14303309188033986,0.08354594061786813,3.141592653589793,0.0,[41]
51,9,0.13443024402179915,0.045603732600815516,3.141592653589793,0.0,[46 47]
70,9,0.15589895534405307,0.09425996166775963,3.141592653589793,0.0,[58]
60,10,0.14440927836904915,0.05387772976281768,3.141592653589793,0.0,[51]
73,10,0.16499897527073193,0.08806037770151465,3.141592653589793,0.0,[70]
68,11,0.1521716283487563,0.05002071110195505,3.141592653589793,0.0,[60]
75,11,0.16652256095521134,0.08745122643218672,3.141592653589793,0.0,[73]
86,12,0.17789310334646724,0.04715804897573084,3.141592653589793,0.0,[68]
88,12,0.1790188647723696,0.05984871001653003,3.141592653589793,0.0,[68]
90,12,0.1796177986162888,0.039983016939040605,3.141592653589793,0.0,[68]
92,12,0.18002521748934108,0.07810369926075211,3.141592653589793,0.0,[75]
97,13,0.18672767174689464,0.04548002078871827,3.141592653589793,0.0,[86 90]
101,13,0.19240318983090132,0.03459152161636392,3.141592653589793,0.0,[86 90]
111,13,0.20149971193244898,0.0683010349579889,3.141592653589793,0.0,[86 88 92]
98,14,0.18802491297061086,0.045402319900505805,3.141592653589793,0.0,[97]
100,14,0.18951562493995855,0.047698975832774826,3.141592653589793,0.0,[97]
103,14,0.19479658440576142,0.03412871780871041,3.141592653589793,0.0,[101]
127,14,0.21156778775516905,0.07019006441748532,3.141592653589793,0.0,[ 97 111]
115,15,0.20401927580476065,0.04211555875337669,3.141592653589793,0.0,[ 98 100 103]
130,15,0.21408919124881554,0.06934500670045607,3.141592653589793,0.0,[ 98 100 127]
132,15,0.21700891197590022,0.06204917933495513,3.141592653589793,0.0,[ 98 100]
125,16,0.21069759510631514,0.048411683861356525,3.141592653589793,0.0,[115]
134,16,0.21955450910903462,0.06391126433329941,3.141592653589793,0.0,[130 132]
138,16,0.220282789407929,0.07389788983848444,3.141592653589793,0.0,[130]
139,17,0.22161646865979423,0.05612301788742169,3.141592653589793,0.0,[125]
146,17,0.2253474445258613,0.0601418202752555,3.141592653589793,0.0,[125 134]
151,17,0.23252017522282709,0.08222412478291985,3.141592653589793,0.0,[138]
152,17,0.23299596029683634,0.07015045797953512,3.141592653589793,0.0,[125 134 138]
154,18,0.23377272273886762,0.06319815190082156,3.141592653589793,0.0,[139 146]
161,18,0.23873548866757643,0.06829979233262284,3.141592653589793,0.0,[139 146 152]
164,18,0.2413727553629229,0.0843461124678031,3.141592653589793,0.0,[151]
176,19,0.24880359862089718,0.08530750113861008,3.141592653589793,0.0,[164]
178,19,0.25134885992936173,0.08007043077656884,3.141592653589793,0.0,[154 161 164]
195,20,0.2640742878449842,0.07996143266730826,3.141592653589793,0.0,[176 178]
199,20,0.26707017406392064,0.09615103676377923,3.141592653589793,0.0,[176]
226,20,0.28796508344761473,0.11964092994746,3.141592653589793,0.0,[176]
229,21,0.29103755551080257,0.1073040245913931,3.141592653589793,0.0,[199]
244,21,0.30136217347333816,0.12123387761962467,3.141592653589793,0.0,[199 226]
249,21,0.30484865317137577,0.08600623413789332,3.141592653589793,0.0,[195 199]
293,22,0.3347987136344647,0.11901057971930284,3.141592653589793,0.0,[229 244]
300,22,0.3373176088203965,0.08366903302663331,3.141592653589793,0.0,[229 249]
301,22,0.34109128856707016,0.0937494279542721,3.141592653589793,0.0,[229 244 249]
310,23,0.3446951364844332,0.11184770361193808,3.141592653589793,0.0,[293]
337,23,0.35565438884554446,0.09594507142866637,3.141592653589793,0.0,[300 301]
365,24,0.37205525455238686,0.09554194772372637,3.141592653589793,0.0,[310 337]
404,25,0.39424351507863153,0.09040214658908918,3.141592653589793,0.0,[365]
420,26,0.40071685255650813,0.08616483961479471,3.141592653589793,0.0,[404]
433,27,0.4043498418354319,0.08924667301919487,3.141592653589793,0.0,[420]
455,28,0.412086282530427,0.09401759741531723,3.141592653589793,0.0,[433]
468,29,0.417898203256138,0.08902341333367259,3.141592653589793,0.0,[455]
474,30,0.42037192207740803,0.08918476752890658,3.141592653589793,0.0,[468]
568,31,0.4608485717957356,0.11502977444052065,3.141592653589793,0.0,[474]
580,32,0.4685222532742417,0.10904456893195791,3.141592653589793,0.0,[568]
608,33,0.47873457732546854,0.10223810089314267,3.141592653589793,0.0,[580]
618,34,0.4811395566642679,0.10389096595609981,3.141592653589793,0.0,[608]
636,35,0.4894123061215686,0.11182667095964827,3.141592653589793,0.0,[618]
665,36,0.5022504479756704,0.10485729600803317,3.141592653589793,0.0,[636]
675,36,0.50395537096095,0.11178962345725485,3.141592653589793,0.0,[636]
682,36,0.5077135782865707,0.1194777740115307,3.141592653589793,0.0,[636]
701,36,0.5153749476154333,0.12898600169998664,3.141592653589793,0.0,[636]
669,37,0.503246084283328,0.10393487172646165,3.141592653589793,0.0,[665]
746,37,0.5318244834823195,0.13759244316274477,3.141592653589793,0.0,[675 682 701]
749,38,0.5334048311289278,0.13889660060378473,3.141592653589793,0.0,[746]
771,38,0.5455375429792056,0.06707856010560687,3.141592653589793,0.0,[669]
772,38,0.5458154556715721,0.06624123241509094,3.141592653589793,0.0,[669]
802,39,0.5609378637230098,0.12854087714960105,3.141592653589793,0.0,[749]
842,39,0.5756751787472811,0.09546402977279389,3.141592653589793,0.0,[771 772]
840,40,0.5745243335343322,0.1156568035867358,3.141592653589793,0.0,[802]
854,40,0.5812536771520632,0.10076219745616843,3.141592653589793,0.0,[842]
895,41,0.5993148714759362,0.0851319825187451,3.141592653589793,0.0,[854]
905,41,0.6017968945756501,0.09121876106534688,3.141592653589793,0.0,[840 854]
918,42,0.6075954525337189,0.09198082482735737,3.141592653589793,0.0,[895 905]
948,43,0.6229079218544811,0.08585888656736251,3.141592653589793,0.0,[918]
967,44,0.6333414071401919,0.09167758988205355,3.141592653589793,0.0,[948]
975,45,0.6399027122120589,0.0930460889828969,3.141592653589793,0.0,[967]
1014,46,0.6539251027561244,0.09511928719354712,3.141592653589793,0.0,[975]
1016,47,0.6574967113876399,0.09359854524254818,3.141592653589793,0.0,[1014]
1035,48,0.6663186983536846,0.09314662735208457,3.141592653589793,0.0,[1016]
1042,48,0.6687956550183317,0.10047788533340474,3.141592653589793,0.0,[1016]
1052,49,0.6759939763168661,0.09112790401504911,3.141592653589793,0.0,[1035]
1060,49,0.681380659935647,0.08498897287169449,3.141592653589793,0.0,[1035]
1062,49,0.6829050636138922,0.10199959468570063,3.141592653589793,0.0,[1035 1042]
1083,50,0.6983775529204856,0.08959508297786123,3.141592653589793,0.0,[1052 1060 1062]
1085,50,0.6986551068283615,0.07301348528136853,3.141592653589793,0.0,[1052 1060]
1097,51,0.707027399271687,0.09378673304107221,3.141592653589793,0.0,[1083]
1117,51,0.7223227302070917,0.06556095770299741,3.141592653589793,0.0,[1085]
1119,52,0.7229559130928428,0.08750660294515411,3.141592653589793,0.0,[1097]
1135,52,0.7362844215845985,0.07101542622459756,3.141592653589793,0.0,[1097 1117]
1155,53,0.7498408645118039,0.059504691547966226,3.141592653589793,0.0,[1135]
1158,53,0.7528821925659492,0.07580199806136367,3.141592653589793,0.0,[1119 1135]
1178,54,0.7703295596940232,0.0611057052256575,3.141592653589793,0.0,[1155 1158]
1196,55,0.7854303995415842,0.05654510772629706,3.141592653589793,0.0,[1178]
1214,56,0.7996829353587761,0.07002975326353555,3.141592653589793,0.0,[1196]
1219,57,0.8098792967464928,0.06097630931401343,3.141592653589793,0.0,[1214]
1230,58,0.8213394901163197,0.05873290175523571,3.141592653589793,0.0,[1219]
1236,59,0.8247971962272893,0.056060462843544046,3.141592653589793,0.0,[1230]
1259,60,0.8566800415484359,0.042997446139781736,3.141592653589793,0.0,[1236]
1263,60,0.8628415070841385,0.027349273563679,3.141592653589793,0.0,[1236]
1269,61,0.8793606853585715,0.022950785664287543,3.141592653589793,0.0,[1259 1263]
1271,62,0.8846186380278173,0.027982789981059963,3.141592653589793,0.0,[1269]
1273,62,0.8855549943072313,0.02690848224999398,3.141592653589793,0.0,[1269]
1277,63,0.88804518102698,0.02661940376106431,3.141592653589793,0.0,[1271 1273]
1280,64,0.8981673941297758,0.017979496992564736,3.141592653589793,0.0,[1277]
1297,65,0.9260804376622196,0.014845265014817755,3.141592653589793,0.0,[1280]
1298,65,0.9269955513847453,0.0396508458257806,3.141592653589793,0.0,[1280]
1300,66,0.9301935212206366,0.04250006215581603,3.141592653589793,0.0,[1298]
1305,66,0.955948585068272,0.01428234672941997,3.141592653589793,0.0,[1297 1298]
1306,67,0.9693307365750303,0.005922638930258239,3.141592653589793,0.0,[1300 1305]
1308,68,0.9817111297719634,0.014161466333171613,3.141592653589793,0.0,[1306]
1309,69,0.9863078094201388,0.013590146595068187,3.141592653589793,0.0,[1308]
1310,70,1.0,0.0,3.141592653589793,0.0,[1309]
0,0,0.0,0.0,3.141592653589793,0.0,[]
1,1,0.031274875841481364,0.02705499632820818,3.141592653589793,0.0,[0]
2,1,0.033059713360609644,2.791733236862104e-05,0.0,0.0,[0]
3,1,0.04968409808087437,0.030087648340678674,0.0,0.0,[0]
7,1,0.051274530457215084,0.024331900065771017,0.0,0.0,[0]
4,2,0.05018289912163665,0.03635770057895249,3.141592653589793,0.0,[1]
5,2,0.05059221639968814,0.014062788560843642,0.0,0.0,[2]
9,2,0.05475996437699826,0.025898278358502447,0.0,0.0,[3 7]
12,3,0.06979819634322382,0.015924574738598873,0.0,0.0,[5 9]
13,3,0.07055710026365103,0.026327028261332597,0.0,0.0,[5 9]
14,3,0.07333139016222279,0.04161397649738696,3.141592653589793,0.0,[4]
20,3,0.08574008841592529,0.05496552128431209,3.141592653589793,0.0,[4]
17,4,0.08103369552494244,0.018919568799007025,0.0,0.0,[12 13]
22,4,0.09773167386955695,0.05787124911924635,3.141592653589793,0.0,[14 20]
27,5,0.11035191988703374,0.06286844389131807,3.141592653589793,0.0,[22]
32,5,0.12707993555279662,0.06321714698562475,0.0,0.0,[17]
37,6,0.13640836685181734,0.06629762508113601,3.141592653589793,0.0,[27]
50,6,0.14492507634361362,0.07623380570433569,0.0,0.0,[32]
44,7,0.14090833675998993,0.06815680772067523,3.141592653589793,0.0,[37]
56,7,0.15127585111311337,0.07973201554087339,0.0,0.0,[50]
51,8,0.14502170347409893,0.06587973984737983,3.141592653589793,0.0,[44]
60,8,0.15574855596547477,0.07901681907469493,0.0,0.0,[56]
71,9,0.16869276553265444,0.04631968300983669,3.141592653589793,0.0,[51]
79,9,0.18178024226004164,0.08282446658232168,0.0,0.0,[60]
87,10,0.1947866147619588,0.026382202176203018,3.141592653589793,0.0,[71]
89,10,0.1948751007669044,0.07024323541786948,0.0,0.0,[79]
122,10,0.22539880541213586,0.12034648676723914,0.0,0.0,[79]
93,11,0.19846831319406577,0.02306363530966027,3.141592653589793,0.0,[87]
97,11,0.20393661009211606,0.0635026060561974,0.0,0.0,[89]
140,11,0.23519172884850614,0.1263018369261416,0.0,0.0,[122]
104,12,0.20788637712246072,0.06644664323001226,0.0,0.0,[97]
117,12,0.21971689541906858,0.0058812590416659205,3.141592653589793,0.0,[93]
150,12,0.24482537620762435,0.1349823133801149,0.0,0.0,[140]
121,13,0.22211372237781524,0.00766598747972147,3.141592653589793,0.0,[117]
133,13,0.23224454679101658,0.07724745789304965,0.0,0.0,[104]
170,13,0.26214555729053735,0.13162402628746583,0.0,0.0,[150]
128,14,0.229486780971504,0.0034903142520779085,3.141592653589793,0.0,[121]
165,14,0.25999168909406245,0.09867529072772296,0.0,0.0,[133]
198,14,0.28050685537078224,0.12026086921628809,0.0,0.0,[133 170]
160,15,0.25776770284816,0.018531208400642818,0.0,0.0,[128]
195,15,0.2791667004343934,0.11133421021595491,0.0,0.0,[165]
201,15,0.2814547644002332,0.11935939362234937,0.0,0.0,[165 198]
175,16,0.2698326343715187,0.02883841436910939,0.0,0.0,[160]
225,16,0.3014075134978317,0.12918167138219272,0.0,0.0,[195 201]
188,17,0.27485501249604927,0.033693795695594164,0.0,0.0,[175]
252,17,0.31717953256962916,0.13851933968869545,0.0,0.0,[225]
204,18,0.2866861295974872,0.042355054854479435,0.0,0.0,[188]
287,18,0.33524559527398823,0.1457766277856839,0.0,0.0,[252]
215,19,0.2951975965619088,0.03803687463041017,0.0,0.0,[204]
308,19,0.34542659026430655,0.1473965250869309,0.0,0.0,[287]
236,20,0.3071587145737361,0.03957709939284093,0.0,0.0,[215]
317,20,0.34897353589508817,0.1488201794743017,0.0,0.0,[308]
255,21,0.317914073915713,0.04260079193978461,0.0,0.0,[236]
324,21,0.35335849895832605,0.1497915636493189,0.0,0.0,[317]
281,22,0.3338394254645649,0.036331372499381676,0.0,0.0,[255]
282,22,0.33399905695456855,0.05037965464869165,0.0,0.0,[255]
351,22,0.36334996736297664,0.14130842681212086,0.0,0.0,[324]
368,22,0.37160557133743843,0.15083863169905432,0.0,0.0,[324]
316,23,0.3484158484808999,0.0230512544738517,0.0,0.0,[281]
326,23,0.35394098393641305,0.03750629120680138,0.0,0.0,[281 282]
355,23,0.3657900101829229,0.05892510598254541,0.0,0.0,[281 282]
386,23,0.38298575084396813,0.14785357130198962,0.0,0.0,[351 368]
394,23,0.3876625500169848,0.1282080375560194,0.0,0.0,[351]
377,24,0.3792177904295063,0.049512531606442756,0.0,0.0,[316 326 355]
404,24,0.3909322318364685,0.15409646617919748,0.0,0.0,[386]
419,24,0.39837716011602886,0.13383317892084035,0.0,0.0,[386 394]
418,25,0.39766983176071913,0.035678945462026324,0.0,0.0,[377]
443,25,0.4103365303378137,0.13543850938178226,0.0,0.0,[404 419]
428,26,0.40267715381043734,0.03503740145383216,0.0,0.0,[418]
454,26,0.4137395720774598,0.13360985362040756,0.0,0.0,[443]
450,27,0.4126760904855482,0.04010179872305186,0.0,0.0,[428]
456,27,0.4147623343534358,0.03772337180658569,0.0,0.0,[428]
499,27,0.4270527167774161,0.13677765798870267,0.0,0.0,[454]
498,28,0.42682279031203885,0.03329904982550236,0.0,0.0,[450 456]
503,28,0.4313311237562425,0.1362561037613711,0.0,0.0,[499]
513,28,0.4358176267500524,0.05607051986524525,0.0,0.0,[450 456]
516,29,0.4372807971191224,0.042166125098967444,0.0,0.0,[498]
536,29,0.44605360699337004,0.05989951139994121,0.0,0.0,[513]
539,29,0.4467457933439337,0.061322661098396236,0.0,0.0,[513]
577,29,0.46201580549313637,0.15601117641067475,0.0,0.0,[503]
555,30,0.4541411402334897,0.03596585805782948,0.0,0.0,[516]
568,30,0.45971577525305385,0.053405266191651424,0.0,0.0,[516 536 539]
633,30,0.4832374331345398,0.17386566220719035,0.0,0.0,[577]
570,31,0.45984252050872443,0.03750497700355748,0.0,0.0,[555]
601,31,0.471038490238862,0.052432811775777965,0.0,0.0,[555 568]
623,31,0.47833802326148434,0.06393347467967458,0.0,0.0,[568]
666,31,0.49795007664380564,0.18346972069177525,0.0,0.0,[633]
670,32,0.4996231224723865,0.07214756445461368,0.0,0.0,[570 601 623]
676,32,0.5016450552559915,0.18710757169789904,0.0,0.0,[666]
690,33,0.5089582420886716,0.19273498646334863,0.0,0.0,[676]
713,33,0.5180515453947621,0.059681797851656726,0.0,0.0,[670]
746,34,0.527851614092044,0.06715113843099874,0.0,0.0,[713]
748,34,0.5289309055857476,0.17438120370160903,0.0,0.0,[690]
756,34,0.5331150798788971,0.07274957411076777,0.0,0.0,[713]
772,35,0.541894925620611,0.06424109741415607,0.0,0.0,[746 756]
783,35,0.5469226640705989,0.17225542553071793,0.0,0.0,[748]
794,36,0.5536476600763818,0.05818662551186882,0.0,0.0,[772]
797,36,0.5556213841210609,0.17951613548430434,0.0,0.0,[783]
820,37,0.5697574316209116,0.18561618788878886,0.0,0.0,[797]
822,37,0.5712380026904084,0.07407390778302148,0.0,0.0,[794]
835,38,0.5759220669865341,0.18420730458619416,0.0,0.0,[820]
859,38,0.5854702853778931,0.07048848283866682,0.0,0.0,[822]
860,39,0.5854864951938342,0.1891374525975339,0.0,0.0,[835]
868,39,0.5901294352999295,0.06820765279415031,0.0,0.0,[859]
892,40,0.6002780244636026,0.06089083877982937,0.0,0.0,[868]
895,40,0.6010318589404298,0.20376101866103213,0.0,0.0,[860]
907,40,0.6083002066819542,0.19621807271631408,0.0,0.0,[860]
912,41,0.6114207667225909,0.1963403433211809,0.0,0.0,[895 907]
930,41,0.6202919479365057,0.04748271000373672,0.0,0.0,[892]
920,42,0.6158912681817177,0.19400714115072115,0.0,0.0,[912]
969,42,0.6371697050978055,0.0343568941454484,0.0,0.0,[930]
947,43,0.6307571018450535,0.20473002124334727,0.0,0.0,[920]
973,43,0.6396130540986951,0.03611357175957697,0.0,0.0,[969]
990,44,0.6513126796623274,0.20622961837955378,0.0,0.0,[947]
998,44,0.6553024539658009,0.03778457714589889,0.0,0.0,[973]
1022,44,0.6700140496353284,0.009989636277624836,0.0,0.0,[973]
1015,45,0.6650791311930013,0.21860610962642002,0.0,0.0,[990]
1049,45,0.6865258398191899,0.052738553410391575,0.0,0.0,[998]
1053,45,0.6889460844904104,0.06696267194000194,0.0,0.0,[998]
1055,45,0.6894280198009629,0.0021234048024979524,0.0,0.0,[1022]
1030,46,0.6766215360754951,0.21496117095323153,0.0,0.0,[1015]
1032,46,0.6769165351683856,0.21218086022660265,0.0,0.0,[1015]
1071,46,0.6962720882630863,0.05194538611411903,0.0,0.0,[1049]
1076,46,0.6997828187994564,0.05891823636684934,0.0,0.0,[1049 1053]
1085,46,0.7074175384767589,0.08210230512059491,0.0,0.0,[1053]
1088,46,0.7090624126596713,0.002469262316249332,0.0,0.0,[1055]
1057,47,0.6903395256267073,0.21483085873772745,0.0,0.0,[1030 1032]
1100,47,0.7150769803678134,0.0028657489950517645,0.0,0.0,[1088]
1111,47,0.724294372211687,0.0677663752521589,0.0,0.0,[1071 1076 1085]
1080,48,0.703089641211819,0.20355187272690634,0.0,0.0,[1057]
1114,48,0.7272485933223374,0.06567567282863196,0.0,0.0,[1111]
1121,48,0.7366295474965477,0.015181939821143353,3.141592653589793,0.0,[1100]
1124,48,0.738161539186121,0.01068023149984676,3.141592653589793,0.0,[1100]
1133,48,0.7440833635856425,0.024126152707304227,0.0,0.0,[1100]
1104,49,0.7175451468878064,0.19769134037281444,0.0,0.0,[1080]
1140,49,0.7522486359510177,0.018503415411343704,0.0,0.0,[1133]
1141,49,0.7525398897604436,0.01941733285882319,3.141592653589793,0.0,[1121 1124]
1145,49,0.7547133093141988,0.062173044733542016,0.0,0.0,[1114]
1119,50,0.732950972008868,0.18518872118702046,0.0,0.0,[1104]
1155,50,0.7658612375984376,0.013026967278744195,3.141592653589793,0.0,[1141]
1161,50,0.7716947742629643,0.02583397180261182,0.0,0.0,[1140]
1178,50,0.7813479091440756,0.036401548610788814,0.0,0.0,[1140 1145]
1158,51,0.7690965250904144,0.1558257536848925,0.0,0.0,[1119]
1184,51,0.7860529648949949,0.004499575001841949,0.0,0.0,[1155]
1187,51,0.7889219750878678,0.03139284279695831,0.0,0.0,[1161 1178]
1197,51,0.7944664192947245,0.018568025370544694,3.141592653589793,0.0,[1155]
1203,51,0.7964616673244019,0.015338357791708446,3.141592653589793,0.0,[1155]
1179,52,0.7821488000111101,0.1453154557731634,0.0,0.0,[1158]
1200,52,0.795534609378949,0.013080536574700208,0.0,0.0,[1184]
1207,52,0.7989042895685456,0.128079628805712,0.0,0.0,[1158]
1211,52,0.8001693851260612,0.003994740409861475,0.0,0.0,[1184]
1216,52,0.807596308144567,0.00582816771994521,3.141592653589793,0.0,[1184 1197 1203]
1218,52,0.8097857423372036,0.031878297061837646,0.0,0.0,[1187]
1219,53,0.8098663432594209,0.12978487182092835,0.0,0.0,[1179 1207]
1225,53,0.8153828915538135,0.03263851628721626,0.0,0.0,[1200 1218]
1228,53,0.8184005751421521,0.011674797580771057,0.0,0.0,[1200 1211]
1237,53,0.8252506555651157,0.0025065414486994397,3.141592653589793,0.0,[1200 1211 1216]
1223,54,0.8123065572386615,0.12791744829582596,0.0,0.0,[1219]
1244,54,0.8317144115004175,0.03696622519406512,0.0,0.0,[1225]
1245,54,0.831775032775133,0.001466047052023356,0.0,0.0,[1228 1237]
1246,54,0.8320371281198123,0.03474846074563398,0.0,0.0,[1225]
1234,55,0.8221193055927241,0.1229498914448629,0.0,0.0,[1223]
1248,55,0.8398744755192754,0.03618757994715427,0.0,0.0,[1244 1246]
1252,55,0.8475647101930529,0.005057543078496818,3.141592653589793,0.0,[1245]
1266,55,0.8699899788174952,0.033246812353802446,3.141592653589793,0.0,[1245]
1251,56,0.8467328405869897,0.09877577967576356,0.0,0.0,[1234]
1258,56,0.8610015268561031,0.050246858632366,0.0,0.0,[1248]
1275,56,0.8945462968789762,0.031193437223265286,3.141592653589793,0.0,[1252 1266]
1253,57,0.8514810691026329,0.09546019122464133,0.0,0.0,[1251]
1268,57,0.8718527272888382,0.048264981398656315,0.0,0.0,[1258]
1286,57,0.9169016970239108,0.024551047995025277,3.141592653589793,0.0,[1275]
1287,57,0.9220780103056431,0.03400510876189555,3.141592653589793,0.0,[1275]
1267,58,0.8715249230981486,0.08106172624606878,0.0,0.0,[1253]
1278,58,0.8968637937772852,0.029203410073293634,0.0,0.0,[1268]
1290,58,0.9287862387481374,0.02991193955290672,3.141592653589793,0.0,[1286 1287]
1277,59,0.8960163225808531,0.0920796379354335,0.0,0.0,[1267]
1283,59,0.9106673583499333,0.01693507901855651,0.0,0.0,[1278]
1299,59,0.9427635287392743,0.04284273388092752,3.141592653589793,0.0,[1290]
1300,59,0.9503686111914887,0.03356510638047361,3.141592653589793,0.0,[1290]
1288,60,0.9228071963765869,0.07154606012442721,0.0,0.0,[1277]
1295,60,0.9388632657191177,0.0039344439607390536,0.0,0.0,[1283]
1302,60,0.9528704885677788,0.04217004282158987,3.141592653589793,0.0,[1299]
1305,60,0.960295451658921,0.022335184046366363,3.141592653589793,0.0,[1283]
1306,60,0.9621522497811393,0.02997757873335649,3.141592653589793,0.0,[1283 1299 1300]
1297,61,0.9392453584364089,0.05666801899976737,0.0,0.0,[1288]
1308,61,0.9725282192228519,0.02305015809528521,3.141592653589793,0.0,[1295 1302 1305 1306]
1298,62,0.9416287320304882,0.05529878201962546,0.0,0.0,[1297]
1309,62,0.9754726120103628,0.02044957974851691,3.141592653589793,0.0,[1308]
1310,63,1.0,0.0,3.141592653589793,0.0,[1298 1309]
0,0,0.0,0.0,3.141592653589793,0.0,[]
2,1,0.030543092273271455,0.0013432972567706258,0.0,0.0,[0]
15,1,0.07087807811343905,0.0701851971466898,0.0,0.0,[0]
3,2,0.03537453592253448,0.0021565518983950316,3.141592653589793,0.0,[2]
16,2,0.07500119833432362,0.07086971310159196,0.0,0.0,[15]
7,3,0.05457002469179151,0.01152148189552793,0.0,0.0,[3]
19,3,0.08013833938104253,0.07005179164828101,0.0,0.0,[16]
13,4,0.0702308072503417,0.018259033240304645,0.0,0.0,[7]
26,4,0.09269157420092577,0.0742493749493296,0.0,0.0,[19]
20,5,0.08116317653823724,0.024506186371449967,0.0,0.0,[13]
34,5,0.10617071305811487,0.06900807437780843,0.0,0.0,[26]
25,6,0.0926813405039234,0.017731151442532123,0.0,0.0,[20]
37,6,0.1190752084198986,0.06543032513851743,0.0,0.0,[34]
44,7,0.12976228721011174,0.057953333193186185,0.0,0.0,[37]
45,7,0.13041169915402284,0.05278020638575953,0.0,0.0,[25]
56,8,0.13785976356838592,0.06017341994765357,0.0,0.0,[44 45]
57,8,0.13806905693340155,0.05700633485004125,0.0,0.0,[44 45]
66,9,0.14755349487217229,0.05684315071221713,0.0,0.0,[56 57]
67,10,0.15438334607281257,0.06261242324250238,0.0,0.0,[66]
81,11,0.17937802775947542,0.03992639261371844,0.0,0.0,[67]
83,12,0.18138502982401872,0.04131657226148666,0.0,0.0,[81]
110,13,0.21717385146268253,0.005859011215262111,0.0,0.0,[83]
114,14,0.22184831557489915,0.0035729911312439855,0.0,0.0,[110]
144,15,0.24064488350122826,0.006620384681550906,3.141592653589793,0.0,[114]
158,16,0.24865038305524834,0.00851700795334942,3.141592653589793,0.0,[144]
164,17,0.25352597875250193,0.013176053198816984,3.141592653589793,0.0,[158]
168,18,0.25517361825808926,0.013004888076784016,3.141592653589793,0.0,[164]
210,19,0.28952038701383365,0.017164445334514333,0.0,0.0,[168]
228,20,0.29870176152668393,0.024683730116433655,0.0,0.0,[210]
268,21,0.3239942037139317,0.0459239920819664,0.0,0.0,[228]
277,22,0.3302397688982879,0.04414921402822847,0.0,0.0,[268]
314,23,0.34756978463175203,0.047687631965185995,0.0,0.0,[277]
334,24,0.3585834833105386,0.04398154961757306,0.0,0.0,[314]
377,25,0.3776005186718774,0.04065931009951851,0.0,0.0,[334]
386,26,0.3816702180703774,0.038131341714306544,0.0,0.0,[377]
414,27,0.39855930603131673,0.052442277719392805,0.0,0.0,[386]
419,28,0.4020007810348776,0.05089705863178595,0.0,0.0,[414]
436,28,0.4115088608258851,0.03975078071596716,0.0,0.0,[414]
495,29,0.4332719207857775,0.030139672663509254,0.0,0.0,[419 436]
551,30,0.45401747620165533,0.011852132497786938,0.0,0.0,[495]
561,31,0.4579486857292512,0.015071099128379672,0.0,0.0,[551]
576,31,0.4634536383609984,0.008883942171823644,0.0,0.0,[551]
585,32,0.4687797438882131,0.024307702863106906,0.0,0.0,[561]
603,32,0.4739159253997808,0.01835332943740553,0.0,0.0,[561 576]
617,33,0.4795452125221715,0.020252335711189007,0.0,0.0,[585 603]
650,34,0.49254243101741835,0.022686923637923018,0.0,0.0,[617]
676,34,0.5034809186814302,0.0008086434221662442,3.141592653589793,0.0,[617]
685,35,0.5068366827190228,0.036291633623053765,0.0,0.0,[650]
702,35,0.5153066007285454,0.0033584098153688346,0.0,0.0,[650 676]
748,36,0.530993555634011,0.013095123401146491,0.0,0.0,[685 702]
783,37,0.5424253444476526,0.015903146244669486,0.0,0.0,[748]
811,38,0.5540900617931738,0.026264833627733575,0.0,0.0,[783]
815,38,0.5547943776471552,0.020372292471033893,0.0,0.0,[783]
834,39,0.5632029954425387,0.02846177019986662,0.0,0.0,[811 815]
861,40,0.5738064972856982,0.030393267030848548,0.0,0.0,[834]
874,40,0.5784677239028909,0.020276087925167552,0.0,0.0,[834]
919,41,0.5988716841705667,0.01671848734167547,0.0,0.0,[861 874]
945,42,0.6096141121469494,0.017490444662906612,0.0,0.0,[919]
958,43,0.6159031575371984,0.022104787110604818,0.0,0.0,[945]
963,43,0.6194578153866058,0.009722303389373965,0.0,0.0,[945]
972,44,0.625816540571611,0.030125910455274463,0.0,0.0,[958]
974,44,0.6262309521926398,0.026471432863342526,0.0,0.0,[958]
983,44,0.628491472239865,0.01784887291571624,0.0,0.0,[958 963]
990,44,0.6337554001003363,0.008257169068684567,0.0,0.0,[958 963]
996,45,0.6380396315430842,0.03332160939404305,0.0,0.0,[972 974]
1021,45,0.6503812881481996,0.0032150418870288133,0.0,0.0,[974 983 990]
1022,45,0.6512189075820503,0.008232832534261103,0.0,0.0,[972 974 983 990]
1011,46,0.6442100397810844,0.03609629443386897,0.0,0.0,[996]
1038,46,0.6589572785331657,0.00684229418920157,0.0,0.0,[1021 1022]
1030,47,0.6562435226765613,0.042773662052964845,0.0,0.0,[1011]
1033,47,0.6571322916678815,0.04869854605642998,0.0,0.0,[1011]
1068,47,0.6786714167990324,0.006432034801576947,3.141592653589793,0.0,[1038]
1082,48,0.6848766392225895,0.034098392047666515,0.0,0.0,[1030 1033]
1091,48,0.688564322918837,0.05857431278716896,0.0,0.0,[1030 1033]
1094,48,0.6905604818085626,0.04620572588804284,0.0,0.0,[1030 1033]
1103,48,0.6992632206069888,0.0016821525351802258,3.141592653589793,0.0,[1068]
1101,49,0.695757080464864,0.04335076704120289,0.0,0.0,[1082 1094]
1122,49,0.7136032398217141,0.013294538244559728,3.141592653589793,0.0,[1103]
1132,49,0.7196825676546726,0.08372683609701859,0.0,0.0,[1091]
1130,50,0.7189664913257351,0.024339298877853466,0.0,0.0,[1101]
1149,50,0.7338523637862112,0.06963203826829922,0.0,0.0,[1101 1132]
1154,50,0.7376445213142256,0.02441438542773533,3.141592653589793,0.0,[1122]
1155,50,0.7378647546269429,0.035914876401357265,3.141592653589793,0.0,[1122]
1161,51,0.7458903866824442,0.06891754243659365,0.0,0.0,[1149]
1175,51,0.7595626276207864,0.029710793710748362,3.141592653589793,0.0,[1154 1155]
1178,51,0.7620606876782032,0.03974803195170573,3.141592653589793,0.0,[1154 1155]
1182,51,0.7655671687008849,0.004682026180724885,3.141592653589793,0.0,[1130 1154]
1185,51,0.7690353072373055,0.012356355947545139,3.141592653589793,0.0,[1130 1154 1155]
1172,52,0.756737461478553,0.058153377156225705,0.0,0.0,[1161]
1173,52,0.7571161892709442,0.06493013360773037,0.0,0.0,[1161]
1205,52,0.7865764590161451,0.024561821981804566,3.141592653589793,0.0,[1175 1178 1182 1185]
1193,53,0.7773085070512488,0.07228262777732586,0.0,0.0,[1172 1173]
1220,53,0.8015786362526854,0.016881163278720468,3.141592653589793,0.0,[1205]
1209,54,0.7887192647636958,0.06815584675433484,0.0,0.0,[1193]
1214,54,0.7941975745315843,0.08626258287288224,0.0,0.0,[1193]
1227,54,0.8175592162848492,0.015120942873694587,3.141592653589793,0.0,[1220]
1228,55,0.8181460915535296,0.0865279213425999,0.0,0.0,[1209 1214]
1234,55,0.8281587296664582,0.007855387147213788,3.141592653589793,0.0,[1227]
1240,55,0.8386669116943769,0.04677024807618513,0.0,0.0,[1209 1214]
1237,56,0.833508469723965,0.07401370799470053,0.0,0.0,[1228]
1238,56,0.8345028336140312,0.07191327100692757,0.0,0.0,[1228]
1244,56,0.8461930905936689,0.046591964646093054,0.0,0.0,[1240]
1246,56,0.8463824658737823,0.011629466260171584,3.141592653589793,0.0,[1234]
1250,56,0.8492361693805268,0.005512980962131153,3.141592653589793,0.0,[1234]
1249,57,0.8485603576445309,0.04721913943909717,0.0,0.0,[1244]
1251,57,0.8496868159092129,0.08141002568527311,0.0,0.0,[1237 1238]
1254,57,0.8550996989768693,0.09275481012149356,0.0,0.0,[1237]
1259,57,0.8570792303895131,0.007016059890374349,3.141592653589793,0.0,[1246 1250]
1261,57,0.8577547695147674,0.06951890574863451,0.0,0.0,[1237 1238]
1260,58,0.857363905750008,0.050677096044541625,0.0,0.0,[1249]
1264,58,0.8656453753108261,0.06819899674892904,0.0,0.0,[1251 1261]
1267,58,0.8671905651914826,0.08849651415006676,0.0,0.0,[1251 1254]
1277,58,0.8769926398943285,0.02678557445017915,0.0,0.0,[1249]
1278,58,0.882403299234437,0.015625464620535823,0.0,0.0,[1249 1259]
1263,59,0.8606515175827234,0.05347892296236745,0.0,0.0,[1260]
1269,59,0.8709981306432276,0.07189626300449514,0.0,0.0,[1264]
1270,59,0.8720511559086892,0.08495083665212921,0.0,0.0,[1267]
1271,59,0.8722886406810915,0.03799695052021401,0.0,0.0,[1260]
1281,59,0.8847003097930836,0.015123117660635566,0.0,0.0,[1278]
1282,59,0.8888147773987446,0.019929386139078464,0.0,0.0,[1260 1277 1278]
1285,60,0.8956888262665503,0.08029863596624098,0.0,0.0,[1263 1269 1270]
1286,60,0.8969566476680281,0.07225494389412712,0.0,0.0,[1263 1269 1270]
1288,60,0.898384580931365,0.024387683066707244,0.0,0.0,[1263 1271 1281 1282]
1290,61,0.9043169828066765,0.07926195981490747,0.0,0.0,[1285 1286]
1295,61,0.9248060287068521,0.030393112377133713,0.0,0.0,[1288]
1294,62,0.9229468936208505,0.0666948139762501,0.0,0.0,[1290]
1298,62,0.9288794192623998,0.057036433749103166,0.0,0.0,[1290]
1302,62,0.9332800602860759,0.023541684756459014,0.0,0.0,[1295]
1303,62,0.9336582017800881,0.025900102840047734,0.0,0.0,[1295]
1305,63,0.9378568980203975,0.05856947270004553,0.0,0.0,[1294 1298]
1308,63,0.9670258391413656,0.007936503672007267,0.0,0.0,[1302 1303]
1307,64,0.9612438393487599,0.03848223857392419,0.0,0.0,[1305]
1309,64,0.9976535354984963,0.0022810309881948765,3.141592653589793,0.0,[1308]
1310,65,1.0,0.0,3.141592653589793,0.0,[1307 1309]
0,0,0.0,0.0,3.141592653589793,0.0,[]
1,1,0.023435405569330547,0.003148776425763389,3.141592653589793,0.0,[0]
3,2,0.031569066595573014,0.003362981001916676,0.0,0.0,[1]
5,3,0.04118303281628943,0.008642164856286216,0.0,0.0,[3]
6,4,0.04272372138058311,0.009881492910703615,0.0,0.0,[5]
14,5,0.06353395850945387,0.023243936911354623,0.0,0.0,[6]
16,6,0.06595597773167505,0.020897548171721847,0.0,0.0,[14]
23,7,0.09238584346958534,0.014667336582914081,0.0,0.0,[16]
25,7,0.09416969126714025,0.04253377620320087,0.0,0.0,[16]
26,7,0.09634584571435434,0.029352272707364735,0.0,0.0,[16]
27,7,0.09695355541430162,0.0492785400310346,0.0,0.0,[16]
40,8,0.11783556108589277,0.04747089792895165,0.0,0.0,[25 26 27]
42,8,0.11892719946107821,0.03195244549105458,0.0,0.0,[23 25 26 27]
47,9,0.1283984717538208,0.03994171998435381,0.0,0.0,[40 42]
54,10,0.1382609821893821,0.03937559676898916,0.0,0.0,[47]
68,11,0.15812119633725064,0.02194456935375433,0.0,0.0,[54]
72,11,0.16490615501890704,0.052366365573153884,0.0,0.0,[54]
95,12,0.19334574710276997,0.017553233401961466,0.0,0.0,[68]
97,12,0.19569997576008813,0.02658257017472654,0.0,0.0,[68 72]
103,12,0.201697839866409,0.01588498846244668,3.141592653589793,0.0,[68]
101,13,0.198675093649062,0.029079633776969316,0.0,0.0,[97]
108,13,0.2044349668844152,0.009393426404420424,0.0,0.0,[95]
113,13,0.20949607155939187,0.014205207287885768,3.141592653589793,0.0,[103]
117,14,0.21147798750735758,0.02573109522605521,0.0,0.0,[101]
133,14,0.227375360001827,0.01059643992675785,3.141592653589793,0.0,[108 113]
136,15,0.22949164125668442,0.010925629181190999,0.0,0.0,[117]
140,15,0.23318216660045765,0.01447756198320338,3.141592653589793,0.0,[133]
147,16,0.23904171993703482,0.010183460926339039,0.0,0.0,[136]
164,16,0.2536214084082371,0.03215445695696406,3.141592653589793,0.0,[140]
196,17,0.2750816775364904,0.021921255091912673,3.141592653589793,0.0,[147 164]
199,18,0.27956337835085465,0.02475660935260815,3.141592653589793,0.0,[196]
253,19,0.3179613082401187,0.06053499621274705,3.141592653589793,0.0,[199]
255,20,0.32068066845970944,0.05994149982302899,3.141592653589793,0.0,[253]
293,21,0.34121921440076375,0.0746915052591236,3.141592653589793,0.0,[255]
310,21,0.35249466375866045,0.08610567897431776,3.141592653589793,0.0,[255]
341,22,0.368690401922117,0.05911779117388394,3.141592653589793,0.0,[293]
348,22,0.37106687173997654,0.09528666815011988,3.141592653589793,0.0,[293 310]
353,23,0.3731818197772159,0.057312842709778655,3.141592653589793,0.0,[341]
355,23,0.37458284525122865,0.09359237007977683,3.141592653589793,0.0,[348]
358,23,0.37534275341420587,0.06255957301138593,3.141592653589793,0.0,[341]
397,24,0.3942612848446996,0.0739465786753919,3.141592653589793,0.0,[353 355 358]
413,25,0.4005662559428258,0.07602981507868001,3.141592653589793,0.0,[397]
435,26,0.40840594570526156,0.07018299022885932,3.141592653589793,0.0,[413]
439,27,0.4111318810213368,0.06866261024509623,3.141592653589793,0.0,[435]
485,28,0.432977312057541,0.07896211411837972,3.141592653589793,0.0,[439]
513,29,0.44303492665268507,0.08822287780282445,3.141592653589793,0.0,[485]
525,30,0.45042449606792545,0.08180502095331377,3.141592653589793,0.0,[513]
532,31,0.45307649674592754,0.08354978225616694,3.141592653589793,0.0,[525]
561,32,0.46756244796114166,0.09423204719922373,3.141592653589793,0.0,[532]
599,33,0.4817280002506339,0.09226591256658079,3.141592653589793,0.0,[561]
627,34,0.48869869156029266,0.09743926539215864,3.141592653589793,0.0,[599]
644,35,0.49638367299600705,0.09463786861732937,3.141592653589793,0.0,[627]
681,36,0.5135597611892282,0.08728563832467606,3.141592653589793,0.0,[644]
750,37,0.5386509040560287,0.06880991671548797,3.141592653589793,0.0,[681]
768,38,0.5469508451096634,0.06063369062393875,3.141592653589793,0.0,[750]
777,39,0.5501024604788401,0.0613543304389047,3.141592653589793,0.0,[768]
844,40,0.5850231319926305,0.06092089016647395,3.141592653589793,0.0,[777]
886,41,0.6036179025451119,0.058347984360393124,3.141592653589793,0.0,[844]
926,42,0.6251255254532156,0.04998682797239251,3.141592653589793,0.0,[886]
936,42,0.6281518952653212,0.07925215735451296,3.141592653589793,0.0,[886]
942,42,0.630733273920599,0.07197410793411185,3.141592653589793,0.0,[886]
971,43,0.6455422876018633,0.06997890189197042,3.141592653589793,0.0,[926 936 942]
979,44,0.6493802825055678,0.0675077421131377,3.141592653589793,0.0,[971]
999,45,0.6595193428592829,0.06412685469288704,3.141592653589793,0.0,[979]
1015,46,0.6717761820931114,0.05510654806383797,3.141592653589793,0.0,[999]
1028,46,0.6799602541523777,0.06895247584864772,3.141592653589793,0.0,[999]
1048,47,0.6923100202986484,0.05853777009800243,3.141592653589793,0.0,[1015 1028]
1051,47,0.6945771334963161,0.043014566837489054,3.141592653589793,0.0,[1015]
1055,47,0.6974304963610974,0.029655980689649253,3.141592653589793,0.0,[1015]
1090,48,0.7222061266234278,0.04013995466878417,3.141592653589793,0.0,[1048 1051 1055]
1100,48,0.7286675560694129,0.053462805931263735,3.141592653589793,0.0,[1048 1051 1055]
1103,48,0.7308443529870142,0.0629653552584214,3.141592653589793,0.0,[1048 1051 1055]
1123,49,0.7457991547176943,0.05451754103298945,3.141592653589793,0.0,[1090 1100 1103]
1140,50,0.7622144553196437,0.04814146236601524,3.141592653589793,0.0,[1123]
1142,51,0.7630696792370905,0.04740792159460261,3.141592653589793,0.0,[1140]
1160,52,0.7762610246675441,0.0485580770241244,3.141592653589793,0.0,[1142]
1164,52,0.7784581174452448,0.03781793745236495,3.141592653589793,0.0,[1142]
1198,53,0.8035986318024864,0.017122090527399214,3.141592653589793,0.0,[1164]
1203,53,0.8064281856829918,0.012888240378551075,3.141592653589793,0.0,[1164]
1207,53,0.809030608912708,0.02905179847074535,3.141592653589793,0.0,[1160 1164]
1208,54,0.8119667102660337,0.028128265078291137,3.141592653589793,0.0,[1207]
1209,54,0.8124240572956563,0.014480916923285014,3.141592653589793,0.0,[1198 1203]
1220,55,0.8207669928398518,0.019952421332920744,3.141592653589793,0.0,[1208 1209]
1226,55,0.8242050405363862,0.038002106578182704,3.141592653589793,0.0,[1208]
1243,56,0.8471645916700141,0.04229759335852312,3.141592653589793,0.0,[1220 1226]
1249,56,0.8530598515048031,0.03170861341835074,3.141592653589793,0.0,[1220 1226]
1255,57,0.859534304060588,0.03704287790773231,3.141592653589793,0.0,[1243 1249]
1264,58,0.8729523827593711,0.03984941481594517,3.141592653589793,0.0,[1255]
1267,59,0.8748822199175348,0.04101971965706486,3.141592653589793,0.0,[1264]
1273,59,0.8832121012951379,0.030447013036825288,3.141592653589793,0.0,[1264]
1282,60,0.8967805986823865,0.04067225122599094,3.141592653589793,0.0,[1267 1273]
1289,61,0.9085789471957484,0.05142741657959449,3.141592653589793,0.0,[1282]
1290,62,0.9128781649886281,0.05391477046575399,3.141592653589793,0.0,[1289]
1296,63,0.9183890261492532,0.0527371620396031,3.141592653589793,0.0,[1290]
1299,64,0.9261034112026837,0.05276193009179031,3.141592653589793,0.0,[1296]
1302,64,0.9466512895923862,0.03042964383856195,3.141592653589793,0.0,[1296]
1301,65,0.9331667402852637,0.04819727742734781,3.141592653589793,0.0,[1299]
1303,65,0.9490574374004452,0.03225051332364537,3.141592653589793,0.0,[1299 1302]
1307,66,0.9707439141100277,0.023226298070661566,3.141592653589793,0.0,[1301 1303]
1309,67,0.9921284971482706,0.003257274899835294,3.141592653589793,0.0,[1307]
1310,68,1.0,0.0,3.141592653589793,0.0,[1309]
0,0,0.0,0.0,3.141592653589793,0.0,[]
1,1,0.009302008198136757,0.005818027956894678,0.0,0.0,[0]
2,2,0.02865671058917796,0.0052365034320879245,3.141592653589793,0.0,[1]
5,3,0.029941560010122936,0.004649749832458028,3.141592653589793,0.0,[2]
10,4,0.05893502622339941,0.019942910033515004,3.141592653589793,0.0,[5]
11,5,0.06525825818397657,0.021117070277892114,3.141592653589793,0.0,[10]
17,6,0.08033529447964216,0.018410564032794174,3.141592653589793,0.0,[11]
31,7,0.10939034151194527,0.04078434605922843,3.141592653589793,0.0,[17]
38,8,0.11389690497761484,0.04102361332087512,3.141592653589793,0.0,[31]
50,9,0.12700571435096097,0.053111245560959586,3.141592653589793,0.0,[38]
53,10,0.13302354061528898,0.048372564630223214,3.141592653589793,0.0,[50]
67,11,0.14397799169306247,0.05572891665649915,3.141592653589793,0.0,[53]
82,11,0.1599001507303791,0.03556721701028864,3.141592653589793,0.0,[53]
86,12,0.1665091432518392,0.05104320129280471,3.141592653589793,0.0,[67]
88,12,0.1703671003817968,0.0731953497124821,3.141592653589793,0.0,[67]
89,12,0.1709967794474454,0.0339105454455656,3.141592653589793,0.0,[67 82]
92,13,0.1746414675866963,0.07300322998802389,3.141592653589793,0.0,[88]
114,13,0.19415238790874434,0.03739553901822479,3.141592653589793,0.0,[86 89]
104,14,0.18582452942372796,0.07109809701491909,3.141592653589793,0.0,[92]
125,14,0.202046916241451,0.030882100330910323,3.141592653589793,0.0,[114]
115,15,0.19548055813294818,0.07315990958802276,3.141592653589793,0.0,[104]
140,15,0.21456701297916925,0.029963369925558814,3.141592653589793,0.0,[125]
131,16,0.20581418609447955,0.071743636588947,3.141592653589793,0.0,[115]
132,16,0.2072533045683238,0.07987013026279732,3.141592653589793,0.0,[115]
149,16,0.22381470644244694,0.03585398590168898,3.141592653589793,0.0,[140]
174,17,0.2405975058203954,0.04795315985801296,3.141592653589793,0.0,[131 132 149]
185,18,0.24700432219953616,0.045125147847959846,3.141592653589793,0.0,[174]
188,19,0.24880344578064995,0.04370758558019383,3.141592653589793,0.0,[185]
204,20,0.26188796350201105,0.03522291980868508,3.141592653589793,0.0,[188]
224,20,0.2810235843066209,0.06637879721951556,3.141592653589793,0.0,[188]
233,21,0.2862101216978765,0.05112627710209272,3.141592653589793,0.0,[204]
248,21,0.2950412172594532,0.07193711821303428,3.141592653589793,0.0,[224]
266,22,0.30798466021268356,0.0605959128837833,3.141592653589793,0.0,[233 248]
268,22,0.30913536117440144,0.07594247272938626,3.141592653589793,0.0,[248]
273,23,0.3151044383171643,0.07885292733845817,3.141592653589793,0.0,[268]
274,23,0.3151230884192132,0.06682095338303029,3.141592653589793,0.0,[266]
300,24,0.33259600364297404,0.0775801514878579,3.141592653589793,0.0,[273 274]
339,25,0.3533940120920488,0.06232371981801377,3.141592653589793,0.0,[300]
359,26,0.3641386627582732,0.060023949152884226,3.141592653589793,0.0,[339]
371,27,0.37240097150965923,0.05214974414434648,3.141592653589793,0.0,[359]
400,28,0.39374921551439124,0.04462899334032844,3.141592653589793,0.0,[371]
419,29,0.3998170929726239,0.04605406779562993,3.141592653589793,0.0,[400]
445,30,0.4093638281882329,0.0538867452380668,3.141592653589793,0.0,[419]
483,31,0.42399705508119645,0.04969717966679443,3.141592653589793,0.0,[445]
512,32,0.4348926381759366,0.048121250500956614,3.141592653589793,0.0,[483]
520,32,0.4417624028725493,0.05902566285948463,3.141592653589793,0.0,[483]
546,33,0.4525183026463998,0.03695552025006876,3.141592653589793,0.0,[512]
560,33,0.45947122631961257,0.06942799503507469,3.141592653589793,0.0,[512 520]
578,34,0.46632697626916053,0.04364215636696378,3.141592653589793,0.0,[546]
624,34,0.4825957825684163,0.06417770507887244,3.141592653589793,0.0,[546 560]
633,35,0.4858292079607486,0.04333321081092201,3.141592653589793,0.0,[578]
636,35,0.48706757849464577,0.05197411909846672,3.141592653589793,0.0,[578]
675,35,0.5005335374253693,0.0754469247257642,3.141592653589793,0.0,[578 624]
710,36,0.5147223067489186,0.027832499172603442,3.141592653589793,0.0,[633 636]
717,36,0.5169376821752969,0.023649481639667513,3.141592653589793,0.0,[633 636]
718,36,0.517220504366737,0.072929216363958,3.141592653589793,0.0,[633 636 675]
721,36,0.5195202786186359,0.05119094696215276,3.141592653589793,0.0,[633 636]
720,37,0.5190448100697425,0.0724584587129794,3.141592653589793,0.0,[718]
740,37,0.5272404776067908,0.029185548928196248,3.141592653589793,0.0,[710 717]
746,37,0.5307951380651771,0.06069282477080751,3.141592653589793,0.0,[718 721]
768,38,0.541053164808287,0.05608396192160914,3.141592653589793,0.0,[720 746]
824,38,0.5609346954610921,0.02432505250915873,3.141592653589793,0.0,[740]
850,39,0.5704115944086076,0.02865434184009885,3.141592653589793,0.0,[768 824]
858,40,0.5756802698030695,0.02339461849168123,3.141592653589793,0.0,[850]
876,41,0.585512559372656,0.02269524201696138,3.141592653589793,0.0,[858]
898,42,0.5912116751312303,0.017944288824239596,3.141592653589793,0.0,[876]
900,42,0.5913694309048146,0.018130137942793834,3.141592653589793,0.0,[876]
951,43,0.6207190574891635,0.007117531507111807,0.0,0.0,[898 900]
962,44,0.6270953478060184,0.007225212868633535,0.0,0.0,[951]
993,45,0.6443732156348849,0.02419467248165119,0.0,0.0,[962]
1012,46,0.6610068432440208,0.03857095753837492,0.0,0.0,[993]
1033,47,0.6725094884600684,0.04457579771833786,0.0,0.0,[1012]
1041,48,0.6767529457200656,0.04329272478067825,0.0,0.0,[1033]
1048,48,0.6793118425906852,0.040569039919709615,0.0,0.0,[1033]
1056,49,0.6835350119956889,0.03708997354443788,0.0,0.0,[1041 1048]
1059,49,0.6850619652592216,0.05103844617627429,0.0,0.0,[1041]
1081,50,0.7046564789119009,0.03928726350273515,0.0,0.0,[1056 1059]
1084,50,0.705748519431554,0.03756580464009851,0.0,0.0,[1056 1059]
1110,51,0.7181965007044624,0.04288462640734936,0.0,0.0,[1081 1084]
1133,52,0.7341581761874717,0.05273820941035923,0.0,0.0,[1110]
1153,53,0.7480992637449729,0.03974725563798731,0.0,0.0,[1133]
1172,54,0.7588724188026499,0.04497238245513058,0.0,0.0,[1153]
1203,55,0.7842105948752948,0.04949984204399904,0.0,0.0,[1172]
1204,56,0.7862365584414246,0.04782150063679169,0.0,0.0,[1203]
1223,57,0.8060288985773799,0.02913520599174957,0.0,0.0,[1204]
1236,58,0.8173956152330418,0.019496140762953584,0.0,0.0,[1223]
1245,59,0.8292561405723923,0.012239639914882972,0.0,0.0,[1236]
1254,60,0.8415777348297631,0.002544170013790592,0.0,0.0,[1245]
1261,61,0.8577235370010097,0.013476977393913847,0.0,0.0,[1254]
1263,61,0.8599171878865892,0.0038495572390041533,0.0,0.0,[1254]
1270,62,0.8746899564616637,0.003358029129075124,0.0,0.0,[1261 1263]
1279,63,0.8850562060433113,0.005532346903210028,0.0,0.0,[1270]
1285,64,0.8980139929604029,0.01292600829029178,0.0,0.0,[1279]
1289,64,0.9096782412062638,0.009590915346538553,3.141592653589793,0.0,[1279]
1291,65,0.9175223916496092,0.008009084265392041,3.141592653589793,0.0,[1289]
1292,65,0.9185925078536541,0.012796374026268209,0.0,0.0,[1285]
1296,66,0.9321571865214381,0.013099420642092685,0.0,0.0,[1292]
1297,66,0.9324570046512655,0.002808387709141602,3.141592653589793,0.0,[1291]
1301,66,0.942440834903291,0.013135654242226846,3.141592653589793,0.0,[1291]
1303,67,0.9540906258596962,0.002814302775015376,3.141592653589793,0.0,[1296 1297 1301]
1304,68,0.9593283775763404,0.0022606941500956657,3.141592653589793,0.0,[1303]
1305,69,0.9682066822604987,0.00891034485097475,3.141592653589793,0.0,[1304]
1308,70,0.97699354824713,0.01715079581217327,3.141592653589793,0.0,[1305]
1309,70,0.9791077883662219,0.011580842908054279,3.141592653589793,0.0,[1305]
1310,71,1.0,0.0,3.141592653589793,0.0,[1308 1309]
0,0,0.0,0.0,3.141592653589793,0.0,[]
2,1,0.02900461252087938,0.014844466929569533,0.0,0.0,[0]
3,2,0.03164324946882724,0.016152231897068825,0.0,0.0,[2]
4,3,0.04310844075318754,0.006365279082448216,0.0,0.0,[3]
7,4,0.05317087327508929,0.009617355001905414,0.0,0.0,[4]
14,4,0.07770942912558998,0.024875013018731296,3.141592653589793,0.0,[4]
9,5,0.059285542384190926,0.00894080466990943,0.0,0.0,[7]
10,5,0.06440982616416091,0.017213274824433578,0.0,0.0,[7]
12,5,0.07308629520136001,0.028951469166409893,0.0,0.0,[7]
17,5,0.08668601994234992,0.023750827607082692,3.141592653589793,0.0,[ 7 14]
16,6,0.08657176026371016,0.02023393055124545,0.0,0.0,[ 9 10 12]
20,6,0.09851857780380369,0.012002725665363867,3.141592653589793,0.0,[ 9 10 17]
24,7,0.10871864430695166,0.017372727616169814,3.141592653589793,0.0,[20]
25,7,0.10998937194984448,0.0009881618590175112,0.0,0.0,[16]
27,8,0.1193252091481205,0.018961882301467003,3.141592653589793,0.0,[24]
30,8,0.1203571181454074,0.004894920651314472,0.0,0.0,[25]
37,9,0.12804288376049133,0.0068227836001865105,0.0,0.0,[30]
39,9,0.1289901646911642,0.023815404691232778,3.141592653589793,0.0,[27]
54,10,0.1458153937809532,0.00989811962238163,3.141592653589793,0.0,[37 39]
55,10,0.1477233731040256,0.02520157120872457,0.0,0.0,[37]
61,11,0.15290768883333872,0.009965693540686882,3.141592653589793,0.0,[54]
67,11,0.1683622881580984,0.009637962713819226,0.0,0.0,[54 55]
69,11,0.1687581879733402,0.012670955409129325,0.0,0.0,[54 55]
71,12,0.1707027293715062,0.010667867064223402,3.141592653589793,0.0,[61]
74,12,0.17290538027305213,0.003160019298973471,0.0,0.0,[61]
75,12,0.1761100003745375,0.011622207443678811,0.0,0.0,[61 67 69]
83,13,0.1873361036393737,0.009322543093690294,3.141592653589793,0.0,[71 74]
84,13,0.19126841960715302,0.0030026861296822416,0.0,0.0,[71 74 75]
92,13,0.19376824583364805,0.006220112043567316,0.0,0.0,[71 74 75]
94,14,0.194313773529475,0.005689492653246919,3.141592653589793,0.0,[83]
99,14,0.19795336611093028,0.006487528650726548,0.0,0.0,[84 92]
110,15,0.20841865214891697,0.0034162389523545444,0.0,0.0,[94 99]
120,15,0.22059324740783115,0.0277023180104633,3.141592653589793,0.0,[94]
124,15,0.223085021889742,0.011900950281319322,3.141592653589793,0.0,[94 99]
117,16,0.21721144835386608,0.008533621377014411,0.0,0.0,[110]
149,16,0.24445837016229643,0.04724241033177956,3.141592653589793,0.0,[120]
156,16,0.2475805098023517,0.03185777714861293,3.141592653589793,0.0,[110 120 124]
160,17,0.2513778231095837,0.0032458727580083613,0.0,0.0,[117]
173,17,0.25785405228569236,0.04785486388532478,3.141592653589793,0.0,[149]
187,17,0.26546629358307616,0.024561637511849255,3.141592653589793,0.0,[117 156]
171,18,0.25720972603366576,0.00603024506537253,0.0,0.0,[160]
198,18,0.27313192772311756,0.021251175038495607,3.141592653589793,0.0,[187]
202,18,0.2740619868293903,0.03720025656026105,3.141592653589793,0.0,[173]
193,19,0.27020201682690725,0.0010066324141757566,0.0,0.0,[171]
199,19,0.2731813861261453,0.014552465156996819,0.0,0.0,[171]
209,19,0.2818224574665651,0.016717002442096174,3.141592653589793,0.0,[171 198]
213,19,0.28398087497310787,0.030081737898007166,0.0,0.0,[171]
245,19,0.30266342588929573,0.06359171464591407,3.141592653589793,0.0,[202]
215,20,0.284647391497717,0.014283423875757983,0.0,0.0,[193 199]
231,20,0.29481084637581656,0.010226941181188276,3.141592653589793,0.0,[193 209]
232,20,0.29671086255182066,0.03441113210906399,0.0,0.0,[199 213]
288,20,0.3264248470946223,0.08132060276533204,3.141592653589793,0.0,[245]
247,21,0.30386073466384944,0.03206501966289266,0.0,0.0,[215 232]
249,21,0.305464256395354,0.004335871659838508,0.0,0.0,[215]
250,21,0.3065486844106675,0.020795072194815245,3.141592653589793,0.0,[231]
308,21,0.33783384357245194,0.08256507567206273,3.141592653589793,0.0,[288]
267,22,0.3188220925972266,0.0040804533876496185,3.141592653589793,0.0,[249]
268,22,0.3189654253769204,0.027295641476600463,0.0,0.0,[247]
305,22,0.336861873143915,0.040963829727117984,3.141592653589793,0.0,[250]
334,22,0.3552945044731812,0.07155950764995511,3.141592653589793,0.0,[308]
274,23,0.3218247509185488,0.027415808474090086,0.0,0.0,[268]
313,23,0.3427395585860925,0.003401201591227254,0.0,0.0,[267]
322,23,0.3473817585924688,0.0426283620308846,3.141592653589793,0.0,[305]
358,23,0.3657015958881452,0.08096518063337332,3.141592653589793,0.0,[334]
301,24,0.33513386955451796,0.034056814857128304,0.0,0.0,[274]
316,24,0.3449232678359664,0.005403780680208081,0.0,0.0,[274 313]
323,24,0.3474561841966176,0.021614582508164726,0.0,0.0,[274]
345,24,0.35942145829997907,0.00951871200283727,3.141592653589793,0.0,[274 313]
357,24,0.36548943684041624,0.03440687645741258,3.141592653589793,0.0,[322]
389,24,0.38354344783409644,0.07105462305260513,3.141592653589793,0.0,[322 358]
408,25,0.3912811315926673,0.021905074148437897,3.141592653589793,0.0,[301 316 323 345 357]
422,25,0.40108830707112897,0.05968806837356455,3.141592653589793,0.0,[357 389]
439,25,0.41334207834711434,0.04633057712859434,3.141592653589793,0.0,[316 345 357 389]
446,26,0.41535046929789265,0.04551591764701113,3.141592653589793,0.0,[408 422 439]
470,27,0.42544582009725973,0.055054817077622054,3.141592653589793,0.0,[446]
497,28,0.43667943305447265,0.061432077078789504,3.141592653589793,0.0,[470]
516,29,0.4498495252841036,0.0707123578177582,3.141592653589793,0.0,[497]
563,30,0.46405270590222303,0.06022436836785583,3.141592653589793,0.0,[516]
592,31,0.4753017672827069,0.0664026622736289,3.141592653589793,0.0,[563]
648,32,0.49790898997087685,0.06974925280592892,3.141592653589793,0.0,[592]
653,33,0.49945653303140203,0.0702009211266903,3.141592653589793,0.0,[648]
673,34,0.5132158532013904,0.0705120201338385,3.141592653589793,0.0,[653]
705,35,0.5227989418776884,0.06983492340898889,3.141592653589793,0.0,[673]
732,35,0.532508884114606,0.05571736217715195,3.141592653589793,0.0,[673]
750,36,0.5410003001839926,0.056303593344341984,3.141592653589793,0.0,[705 732]
771,37,0.5507388457734896,0.04919732058099302,3.141592653589793,0.0,[750]
773,38,0.5520373811586928,0.04792931343938345,3.141592653589793,0.0,[771]
797,39,0.5624017114171049,0.057732944654881324,3.141592653589793,0.0,[773]
824,40,0.5735203988109178,0.05135804631256169,3.141592653589793,0.0,[797]
853,41,0.5849575707429144,0.061787724977491965,3.141592653589793,0.0,[824]
913,42,0.6208642041781381,0.04577311579223553,3.141592653589793,0.0,[853]
932,43,0.6291963360579935,0.04017809138375317,3.141592653589793,0.0,[913]
933,43,0.6297808555586439,0.037879405394681154,3.141592653589793,0.0,[913]
954,44,0.6385722360127299,0.032996305231127065,3.141592653589793,0.0,[932 933]
958,44,0.6397580769497824,0.04469808988694601,3.141592653589793,0.0,[932 933]
976,45,0.6490682330134807,0.023886021554743397,3.141592653589793,0.0,[954]
990,45,0.6568544272823066,0.04089257896683929,3.141592653589793,0.0,[954 958]
1002,46,0.6623771610054155,0.023080670506619216,3.141592653589793,0.0,[976]
1053,46,0.690362588216608,0.0566684839467122,3.141592653589793,0.0,[976 990]
1009,47,0.665847668549011,0.025557458051296167,3.141592653589793,0.0,[1002]
1084,47,0.7140168602074545,0.07452383016730446,3.141592653589793,0.0,[1002 1053]
1036,48,0.6813849870348793,0.027387589510228016,3.141592653589793,0.0,[1009]
1039,48,0.6838467700371316,0.036982188101083,3.141592653589793,0.0,[1009]
1099,48,0.7212431090320487,0.07523474556854437,3.141592653589793,0.0,[1009 1084]
1119,49,0.7369663902842527,0.05607179790555539,3.141592653589793,0.0,[1036 1039]
1120,49,0.7371217656320981,0.07630121997527983,3.141592653589793,0.0,[1036 1039 1099]
1126,50,0.7399783983322764,0.07559110596990504,3.141592653589793,0.0,[1120]
1133,50,0.7442801556315081,0.05576918730374336,3.141592653589793,0.0,[1119]
1164,51,0.764020498112819,0.06866037277441495,3.141592653589793,0.0,[1126 1133]
1174,51,0.7744862295119432,0.10106336882042977,3.141592653589793,0.0,[1126]
1176,52,0.7748331588485627,0.07523970053655549,3.141592653589793,0.0,[1164]
1179,52,0.7764126036832818,0.10081685938958607,3.141592653589793,0.0,[1174]
1207,53,0.7970098278989697,0.08891070228811637,3.141592653589793,0.0,[1176 1179]
1218,54,0.8052659939094139,0.09013037193544338,3.141592653589793,0.0,[1207]
1230,55,0.8165150183721709,0.08524350816510573,3.141592653589793,0.0,[1218]
1244,56,0.8259951801792365,0.08532013914172132,3.141592653589793,0.0,[1230]
1252,57,0.8428918374340324,0.08987967597003776,3.141592653589793,0.0,[1244]
1262,58,0.8599602856167433,0.08135769934786086,3.141592653589793,0.0,[1252]
1277,59,0.8852108492059486,0.0565071622072324,3.141592653589793,0.0,[1262]
1279,60,0.8888283142879062,0.05366811836294327,3.141592653589793,0.0,[1277]
1281,61,0.8907489692249637,0.0547502203436081,3.141592653589793,0.0,[1279]
1296,62,0.9248929316917694,0.06131838094144204,3.141592653589793,0.0,[1281]
1298,63,0.9286883900556956,0.0605961017640444,3.141592653589793,0.0,[1296]
1301,64,0.9344141492556504,0.05737632071520682,3.141592653589793,0.0,[1298]
1307,65,0.9665456708262059,0.02937842262287904,3.141592653589793,0.0,[1301]
1310,66,1.0,0.0,3.141592653589793,0.0,[1307]
0,0,0.0,0.0,3.141592653589793,0.0,[]
2,1,0.015948038191588965,0.00021911581345634978,0.0,0.0,[0]
4,1,0.02804035924575221,0.013439364515267394,0.0,0.0,[0]
6,2,0.03151347618109712,0.015009385051590773,0.0,0.0,[2 4]
7,3,0.04327929091542937,0.021757145675594947,0.0,0.0,[6]
17,4,0.07852284321032665,0.034805012417765124,0.0,0.0,[7]
23,4,0.0972421241792557,0.06804653381869319,0.0,0.0,[7]
26,5,0.10022495443631207,0.050707716208290954,0.0,0.0,[17]
30,5,0.11129014263558634,0.08129397707980346,0.0,0.0,[23]
46,6,0.14021430478235575,0.08948027144916748,0.0,0.0,[26 30]
53,7,0.1487393627010285,0.0945348393164468,0.0,0.0,[46]
57,8,0.1548495764338783,0.09852374023186672,0.0,0.0,[53]
82,9,0.17792938778184653,0.10108625848279174,0.0,0.0,[57]
96,10,0.18986511635554115,0.10334591811120297,0.0,0.0,[82]
100,11,0.1934400534103674,0.10237445647060339,0.0,0.0,[96]
103,11,0.19846512220876344,0.10900712357900288,0.0,0.0,[96]
119,12,0.21612972277969267,0.10373032350823908,0.0,0.0,[100 103]
128,12,0.22256584392204704,0.12233028187904949,0.0,0.0,[100 103]
131,13,0.22461046399058504,0.10126407639313972,0.0,0.0,[119]
136,13,0.2307213674954397,0.11895121946365494,0.0,0.0,[128]
141,14,0.23691407490988714,0.12313687494469006,0.0,0.0,[136]
163,14,0.2493532378636274,0.08102792729413022,0.0,0.0,[131]
145,15,0.24097114420559418,0.12026523769723263,0.0,0.0,[141]
165,15,0.25105785239887013,0.13512200865099688,0.0,0.0,[141]
173,15,0.2562299855419724,0.07938025279538874,0.0,0.0,[163]
181,16,0.2603538677045403,0.13982601889611646,0.0,0.0,[165]
184,16,0.26194430317569894,0.10726417087743068,0.0,0.0,[145]
197,16,0.27215788105684846,0.09123232535619108,0.0,0.0,[145 173]
205,17,0.2799442371247759,0.13923634423806486,0.0,0.0,[181]
230,17,0.2951084531048638,0.10843725928492376,0.0,0.0,[181 184 197]
248,18,0.30917886178699927,0.11687671842042968,0.0,0.0,[205 230]
273,19,0.32381514316033844,0.10352716000930451,0.0,0.0,[248]
286,20,0.33020582028782375,0.10296208262349071,0.0,0.0,[273]
289,20,0.33214719600044706,0.10058149372743486,0.0,0.0,[273]
310,21,0.3420038045988266,0.10385684879233159,0.0,0.0,[286 289]
320,22,0.34842672181142775,0.10226704763861783,0.0,0.0,[310]
331,23,0.3585761783129845,0.09352801595222127,0.0,0.0,[320]
393,24,0.3865889689072747,0.07237914307686444,0.0,0.0,[331]
411,25,0.3946195586165765,0.0696044221853408,0.0,0.0,[393]
443,26,0.40591994858704483,0.07639364702930351,0.0,0.0,[411]
444,26,0.4061532090723443,0.06437567331929661,0.0,0.0,[411]
479,27,0.4243793236915584,0.06502507025193349,0.0,0.0,[443 444]
499,28,0.43485551177500736,0.06677762104331753,0.0,0.0,[479]
530,28,0.44788115948993523,0.044320500411636266,0.0,0.0,[479]
570,29,0.46425494910947385,0.05474604578490827,0.0,0.0,[499 530]
597,30,0.47535263223479773,0.05525169768562099,0.0,0.0,[570]
639,31,0.4926220061666543,0.03891479375573492,0.0,0.0,[597]
654,32,0.5001101981054451,0.04239635315315815,0.0,0.0,[639]
663,32,0.5024477451322228,0.032207065131462764,0.0,0.0,[639]
743,33,0.5324136699968992,0.02570871943224895,0.0,0.0,[654 663]
745,33,0.5337073902874947,0.0189567038008005,0.0,0.0,[654 663]
748,33,0.5354205329777212,0.02910719436707243,0.0,0.0,[654 663]
765,34,0.5423142617863803,0.02384607611801004,0.0,0.0,[743 745 748]
782,35,0.5557490490904516,0.011307135200842922,0.0,0.0,[765]
821,36,0.573859216029376,0.019071843351298967,0.0,0.0,[782]
848,37,0.5839994736505201,0.01565123154740733,0.0,0.0,[821]
868,38,0.5937569398257113,0.009475107419988804,0.0,0.0,[848]
896,39,0.6069862669841869,0.009905984085551656,0.0,0.0,[868]
907,39,0.6122265571423976,0.019399887252825487,0.0,0.0,[868]
909,40,0.6131414422365046,0.008473306799540281,0.0,0.0,[896]
918,40,0.6164403729173559,0.02168944386380489,0.0,0.0,[907]
932,41,0.6236605287986589,0.026500834617414926,0.0,0.0,[918]
973,41,0.6440442890420538,0.00041038401823989545,0.0,0.0,[909 918]
983,42,0.648005327197553,0.0303775468589077,0.0,0.0,[932]
986,42,0.6504581492666054,0.021439613388447798,0.0,0.0,[932]
987,42,0.6506751847803963,0.002110425492889867,0.0,0.0,[932 973]
1002,43,0.6574299911307526,0.0036524770484238633,0.0,0.0,[987]
1017,43,0.663483361845781,0.017145501362397897,0.0,0.0,[983 986]
1040,44,0.6770392148759955,0.012244030167053999,0.0,0.0,[1002 1017]
1074,45,0.6942728262523484,0.01477135301485144,0.0,0.0,[1040]
1075,45,0.694666496951923,0.02864646521031755,0.0,0.0,[1040]
1112,46,0.720309869320916,0.030351073519207405,0.0,0.0,[1074 1075]
1114,47,0.7233791721854816,0.02994488626063596,0.0,0.0,[1112]
1124,48,0.7297066585039984,0.03506609010949113,0.0,0.0,[1114]
1138,49,0.7397885235529619,0.04089486433878198,0.0,0.0,[1124]
1159,50,0.7546546304697737,0.037192810217579586,0.0,0.0,[1138]
1162,51,0.7610233039903864,0.034222718261937124,0.0,0.0,[1159]
1169,52,0.7662693893850587,0.034907844853372394,0.0,0.0,[1162]
1189,53,0.7786239004126684,0.04584896117515169,0.0,0.0,[1169]
1209,54,0.7935623989106748,0.05080151531517074,0.0,0.0,[1189]
1213,55,0.7968531991013791,0.04778620589872207,0.0,0.0,[1209]
1223,56,0.8098381148512241,0.0478016388596163,0.0,0.0,[1213]
1227,56,0.8108134204275262,0.04396639613973918,0.0,0.0,[1213]
1238,57,0.8259352472400926,0.040785042794031945,0.0,0.0,[1223 1227]
1240,57,0.8284163376316804,0.044043849391240064,0.0,0.0,[1223 1227]
1241,57,0.832811395110927,0.06043309286683074,0.0,0.0,[1223 1227]
1247,58,0.8417704629265816,0.047258344641135985,0.0,0.0,[1238 1240]
1251,58,0.8477327242639708,0.0669641653710078,0.0,0.0,[1241]
1254,58,0.8509472983130993,0.06098524613039258,0.0,0.0,[1238 1240 1241]
1260,59,0.8605965206206588,0.040986619678689884,0.0,0.0,[1247]
1261,59,0.8611745966225438,0.06848957474970196,0.0,0.0,[1251 1254]
1271,60,0.881855672832684,0.08568658756377479,0.0,0.0,[1261]
1282,60,0.9107872492302848,0.00028176466994978,3.141592653589793,0.0,[1260]
1274,61,0.8947750473399577,0.0728470246483146,0.0,0.0,[1271]
1283,61,0.9135942212864501,0.0006050652187213901,0.0,0.0,[1282]
1287,61,0.9242656348932712,0.010100650941014533,3.141592653589793,0.0,[1282]
1285,62,0.9144470528716202,0.054395247027680727,0.0,0.0,[1274]
1289,62,0.9285427170089376,0.01021021411221723,3.141592653589793,0.0,[1283 1287]
1290,62,0.9289933066815415,0.008833958132140829,3.141592653589793,0.0,[1283 1287]
1288,63,0.9276678930212573,0.04704083072944665,0.0,0.0,[1285]
1296,63,0.9399403701457032,0.011468911651040914,3.141592653589793,0.0,[1289 1290]
1301,64,0.9534405462072425,0.01843955389744012,3.141592653589793,0.0,[1296]
1303,64,0.9602601155406917,0.006683082342226587,3.141592653589793,0.0,[1296]
1305,64,0.9619282584282939,0.024749237674033586,0.0,0.0,[1288]
1306,65,0.9757637676282,0.008972243515573575,3.141592653589793,0.0,[1301 1303]
1307,65,0.9768137426384006,0.021540580541186016,3.141592653589793,0.0,[1301 1303]
1308,65,0.9813867113063425,0.017861843635320507,0.0,0.0,[1305]
1309,65,0.9841701781066674,0.002490428753439522,0.0,0.0,[1301 1303]
1310,66,1.0,0.0,3.141592653589793,0.0,[1306 1307 1308 1309]
0,0,0.0,0.0,3.141592653589793,0.0,[]
1,1,0.019399802865925797,0.0026969146053933413,3.141592653589793,0.0,[0]
3,1,0.04226202584723582,0.03797495106205828,3.141592653589793,0.0,[0]
2,2,0.025220051213286965,0.0009099468093570762,0.0,0.0,[1]
8,2,0.051303897451958846,0.035401611997936344,3.141592653589793,0.0,[3]
6,3,0.046494778999716546,0.019824918360242694,3.141592653589793,0.0,[2]
10,3,0.05288550644635592,0.036300664752189515,3.141592653589793,0.0,[8]
17,4,0.07823978750814442,0.04589624089469779,3.141592653589793,0.0,[ 6 10]
23,5,0.08288962799529453,0.0476161025939027,3.141592653589793,0.0,[17]
28,6,0.09075244701216256,0.05098621575400808,3.141592653589793,0.0,[23]
36,7,0.11070063674676378,0.048636712721010666,3.141592653589793,0.0,[28]
41,8,0.11473518732260679,0.05086716145921644,3.141592653589793,0.0,[36]
48,9,0.12090079605840875,0.04816171040065975,3.141592653589793,0.0,[41]
67,10,0.15371380026651182,0.06458953581038107,3.141592653589793,0.0,[48]
74,11,0.16083786271813838,0.060774646804303,3.141592653589793,0.0,[67]
84,12,0.16988171559008514,0.056978866614643686,3.141592653589793,0.0,[74]
85,12,0.17007351257361092,0.06135807529208481,3.141592653589793,0.0,[74]
95,13,0.17900138700109847,0.06018314249733259,3.141592653589793,0.0,[84 85]
115,14,0.20218462843327545,0.04380272625909343,3.141592653589793,0.0,[95]
122,15,0.2095686254525192,0.046877996332952754,3.141592653589793,0.0,[115]
132,16,0.21850180144612807,0.0420492595046158,3.141592653589793,0.0,[122]
138,16,0.2201798581112463,0.03640655388105851,3.141592653589793,0.0,[122]
156,17,0.23179087610288351,0.03024379170754299,3.141592653589793,0.0,[132 138]
157,17,0.23291397744153308,0.05000345693697816,3.141592653589793,0.0,[132]
170,18,0.2406862435787409,0.05390489051470049,3.141592653589793,0.0,[157]
171,18,0.2410759216506947,0.05794642534294614,3.141592653589793,0.0,[157]
179,18,0.24550854095392038,0.04757053899696617,3.141592653589793,0.0,[157]
188,18,0.2599654891009954,0.004045087334457964,3.141592653589793,0.0,[156]
195,19,0.2659866668286486,0.009214996193557035,3.141592653589793,0.0,[188]
200,19,0.2689785188992655,0.024125541797162198,3.141592653589793,0.0,[179]
202,19,0.27047560091807565,0.02920235475142885,3.141592653589793,0.0,[170 171 179]
247,20,0.29759538196056,0.006294455335324023,3.141592653589793,0.0,[195 200 202]
262,21,0.30969338575857397,0.017124828467397046,3.141592653589793,0.0,[247]
280,22,0.315826380193733,0.017252512749015847,3.141592653589793,0.0,[262]
296,23,0.32442063892119366,0.022173888317391643,3.141592653589793,0.0,[280]
338,24,0.3521399550453247,0.015400669548488732,3.141592653589793,0.0,[296]
359,25,0.3605200292069083,0.019384341390638937,3.141592653589793,0.0,[338]
391,26,0.3790479915356242,0.0035539456025357463,3.141592653589793,0.0,[359]
398,27,0.3845034573564654,0.0008856675134213399,0.0,0.0,[391]
440,28,0.40392370353979734,0.00540040098243022,3.141592653589793,0.0,[398]
442,28,0.4047453187385679,0.006449624148523014,3.141592653589793,0.0,[398]
463,28,0.41384680879786173,0.009156571101948008,0.0,0.0,[398]
473,29,0.4194893981994444,0.004562477259169584,0.0,0.0,[440 442 463]
480,29,0.42161160152767485,0.015526683769416572,0.0,0.0,[463]
516,30,0.4382382523886247,0.015816729414610875,0.0,0.0,[473 480]
541,31,0.4492169196728386,0.009741417466302305,0.0,0.0,[516]
557,32,0.4553427319738469,0.015038811696805321,0.0,0.0,[541]
564,33,0.46026681867940966,0.010448264556700448,0.0,0.0,[557]
577,34,0.46474644493902195,0.012285648063712795,0.0,0.0,[564]
587,35,0.46953034065699006,0.012351145603435865,0.0,0.0,[577]
597,35,0.47393195126787846,0.005629564600300285,0.0,0.0,[577]
601,36,0.47728697329109093,0.006890734152088629,0.0,0.0,[587 597]
620,37,0.48614657378373194,0.007569890621868303,0.0,0.0,[601]
645,38,0.4943069749790574,0.008081223285741679,0.0,0.0,[620]
652,38,0.49573439118328544,0.003373195545998686,0.0,0.0,[620]
659,38,0.4987887797187399,0.0019278445588333248,3.141592653589793,0.0,[620]
717,39,0.5228574898182361,0.010606533151375497,3.141592653589793,0.0,[645 652 659]
720,39,0.5233498494497053,0.017752679546446992,3.141592653589793,0.0,[645 652 659]
747,39,0.5336386847254824,0.03086940386460557,0.0,0.0,[645 652 659]
778,39,0.545519873971868,0.01245441972847583,0.0,0.0,[645 652 659]
807,40,0.5554996833078607,0.028766459696343283,0.0,0.0,[747]
814,40,0.5579798661471141,0.01178806349524919,0.0,0.0,[717 720 747 778]
838,41,0.5677562674220186,0.003037729893595409,0.0,0.0,[814]
852,41,0.5701386839489042,0.022633476885749793,0.0,0.0,[807 814]
856,42,0.5726838005816042,0.004043784994327337,0.0,0.0,[838]
871,42,0.5810744030731395,0.015444472264177778,0.0,0.0,[838 852]
889,42,0.5884144104172052,0.03438028248656688,0.0,0.0,[852]
903,43,0.5962531089901485,0.017726028392599957,0.0,0.0,[856 871]
909,43,0.5999333390805393,0.043041556679195736,0.0,0.0,[889]
930,44,0.6124176235254848,0.03125776643071432,0.0,0.0,[903 909]
936,44,0.6175507481078112,0.04670392970970516,0.0,0.0,[909]
937,44,0.6193656044484119,0.05210803220509519,0.0,0.0,[909]
944,44,0.6238986301055934,0.001183042974590709,3.141592653589793,0.0,[903]
964,45,0.6340008999453851,0.0068706237180437,0.0,0.0,[944]
968,45,0.6348693863224936,0.003922282923721876,0.0,0.0,[944]
977,45,0.6389366885206955,0.0392552205031953,0.0,0.0,[930 936 937]
993,46,0.6507399540853823,0.038218551000789636,0.0,0.0,[977]
1025,46,0.6666056008617718,0.012512530985741344,0.0,0.0,[964 968 977]
1002,47,0.6540287904203912,0.038989836542489775,0.0,0.0,[993]
1033,47,0.6706406583317825,0.01649327263864675,0.0,0.0,[1025]
1032,48,0.6706021256455136,0.03547654273758705,0.0,0.0,[1002]
1051,48,0.6821907642674241,0.011662268563904954,0.0,0.0,[1002 1033]
1053,48,0.6824247696278629,0.012091107572102744,0.0,0.0,[1002 1033]
1081,49,0.7022746381504957,0.021797779887738344,0.0,0.0,[1032 1051 1053]
1102,50,0.7170347252308545,0.00936011073173848,0.0,0.0,[1081]
1126,51,0.7327523673611912,0.002838197598420522,0.0,0.0,[1102]
1154,52,0.7519032586314442,0.009272264844727873,0.0,0.0,[1126]
1165,53,0.7622255551729643,0.01769620756814838,0.0,0.0,[1154]
1178,54,0.772908894411999,0.014925795236661932,0.0,0.0,[1165]
1196,54,0.7859177903028399,0.03834664150110367,0.0,0.0,[1165]
1186,55,0.7787726835118959,0.016283413028262195,0.0,0.0,[1178]
1212,55,0.797948129679424,0.04027151560746167,0.0,0.0,[1196]
1220,56,0.8068414589924581,0.03414220115768929,0.0,0.0,[1186 1212]
1232,57,0.818691257157406,0.03620560478265167,0.0,0.0,[1220]
1236,58,0.8248212557991196,0.03622441342386673,0.0,0.0,[1232]
1248,59,0.8361687118169284,0.03248112793422997,0.0,0.0,[1236]
1251,59,0.8388904555227823,0.025336916888179295,0.0,0.0,[1236]
1254,60,0.8449013206136055,0.024519441663412578,0.0,0.0,[1248 1251]
1267,61,0.8598270056094235,0.029910184618319735,0.0,0.0,[1254]
1270,62,0.8649949194993464,0.029922405984306844,0.0,0.0,[1267]
1282,63,0.8880115439496556,0.034994110962191294,0.0,0.0,[1270]
1299,64,0.9336180491849261,0.009326180247467564,0.0,0.0,[1282]
1303,65,0.9462156765216594,0.01278838436037244,0.0,0.0,[1299]
1304,65,0.9471315615244036,0.0067418463318013044,0.0,0.0,[1299]
1308,66,0.968619988062353,0.00702966427696905,0.0,0.0,[1303 1304]
1309,67,0.9951346237533308,0.002149043744998691,3.141592653589793,0.0,[1308]
1310,68,1.0,0.0,3.141592653589793,0.0,[1309]
0,0,0.0,0.0,3.141592653589793,0.0,[]
1,1,0.00976214573257883,0.009452683994320199,0.0,0.0,[0]
2,1,0.027115712471617814,0.01842024828647626,3.141592653589793,0.0,[0]
3,2,0.037332940050245234,0.015313393821734578,3.141592653589793,0.0,[1 2]
5,2,0.04588865834854161,0.005039982838114465,3.141592653589793,0.0,[1 2]
7,3,0.05161534759533959,0.024564676217356918,3.141592653589793,0.0,[3]
12,3,0.06100498054668679,0.007313281069975974,3.141592653589793,0.0,[3 5]
14,4,0.06515354647383609,0.0065880212756087575,3.141592653589793,0.0,[12]
15,4,0.06736578824332096,0.03646567347951002,3.141592653589793,0.0,[7]
18,5,0.07200763753654871,0.03881431356919429,3.141592653589793,0.0,[15]
22,5,0.08195790281178528,0.02122504739895048,3.141592653589793,0.0,[14]
20,6,0.07477075362731689,0.038349400653489574,3.141592653589793,0.0,[18]
30,6,0.0923907112917639,0.015773510761620924,3.141592653589793,0.0,[22]
23,7,0.08219959767039697,0.04142112330329506,3.141592653589793,0.0,[20]
35,7,0.10498908500444593,0.013156361807908024,3.141592653589793,0.0,[20 30]
34,8,0.10453204895696144,0.04578632315036735,3.141592653589793,0.0,[23]
46,8,0.1198444788954871,0.022211211278742704,3.141592653589793,0.0,[23 35]
54,9,0.13128671937524017,0.029808247111762776,3.141592653589793,0.0,[34 46]
66,10,0.1490882138771208,0.026350890056382026,3.141592653589793,0.0,[54]
77,11,0.16477934644212777,0.02764803246950487,3.141592653589793,0.0,[66]
80,12,0.17001637112995682,0.027231751384024006,3.141592653589793,0.0,[77]
88,13,0.18903008048996173,0.03647298564922641,3.141592653589793,0.0,[80]
96,14,0.19228454989156152,0.033337623101142744,3.141592653589793,0.0,[88]
110,15,0.20346250397189447,0.031920398715764464,3.141592653589793,0.0,[96]
121,15,0.20864495108620817,0.04122467756516057,3.141592653589793,0.0,[96]
128,16,0.22012186009259282,0.01635314531120169,3.141592653589793,0.0,[110]
132,16,0.22310190308209565,0.049919320185402904,3.141592653589793,0.0,[110 121]
140,16,0.22663827756949817,0.028188894054733238,3.141592653589793,0.0,[110 121]
148,17,0.23650675436088164,0.02078346462987113,3.141592653589793,0.0,[128 140]
149,17,0.23724175170099893,0.040441700157385574,3.141592653589793,0.0,[132]
150,17,0.23738563477621766,0.02896411799859555,3.141592653589793,0.0,[128 140]
171,18,0.25050505594473527,0.053129090660353095,3.141592653589793,0.0,[149]
172,18,0.25079237224032747,0.03166092450550817,3.141592653589793,0.0,[148 149 150]
177,19,0.256658889979573,0.029624181505153113,3.141592653589793,0.0,[172]
188,19,0.26210124206644303,0.062222202496906576,3.141592653589793,0.0,[171]
192,19,0.2637196880773266,0.06396862801551861,3.141592653589793,0.0,[171]
198,20,0.26836493263216143,0.05734021911600684,3.141592653589793,0.0,[188]
201,20,0.2687420647409925,0.03512089422995912,3.141592653589793,0.0,[177]
202,20,0.2688629136598143,0.06900076782554376,3.141592653589793,0.0,[192]
216,21,0.2789731051881482,0.04443364214793599,3.141592653589793,0.0,[201]
239,21,0.29398541830134617,0.06423744162006184,3.141592653589793,0.0,[198 202]
247,22,0.3042924567555021,0.054029046547162785,3.141592653589793,0.0,[216 239]
265,23,0.31790297745899976,0.059268569594915665,3.141592653589793,0.0,[247]
281,24,0.33152414839823396,0.06947886555996696,3.141592653589793,0.0,[265]
285,25,0.3338074064974387,0.07139141160639184,3.141592653589793,0.0,[281]
297,26,0.3412980303730335,0.0733874166134042,3.141592653589793,0.0,[285]
350,27,0.37002602580534727,0.08849989556978088,3.141592653589793,0.0,[297]
368,28,0.3792211295384659,0.08377627507968,3.141592653589793,0.0,[350]
390,29,0.3906374909929671,0.08091316725568654,3.141592653589793,0.0,[368]
411,30,0.40250173818635393,0.0831546871586325,3.141592653589793,0.0,[390]
414,30,0.4034390967965863,0.08891253555871015,3.141592653589793,0.0,[390]
446,31,0.4171849723644444,0.09185023454052554,3.141592653589793,0.0,[411 414]
536,32,0.45664393087025146,0.08776245853482456,3.141592653589793,0.0,[446]
544,33,0.4585111630078672,0.08804608410857517,3.141592653589793,0.0,[536]
550,34,0.4617041828445142,0.08643511064526588,3.141592653589793,0.0,[544]
584,35,0.47513425662393527,0.08059871195886148,3.141592653589793,0.0,[550]
634,36,0.4957231772066679,0.06889358103937082,3.141592653589793,0.0,[584]
664,37,0.5095533119873034,0.06723093698401317,3.141592653589793,0.0,[634]
695,38,0.5201925488031875,0.057706372519107485,3.141592653589793,0.0,[664]
738,39,0.5351332007082316,0.06027835900432066,3.141592653589793,0.0,[695]
750,40,0.5430365812056889,0.06294308064374099,3.141592653589793,0.0,[738]
764,41,0.5479261997361794,0.06386086364109866,3.141592653589793,0.0,[750]
784,41,0.5559587324871109,0.054861075860183406,3.141592653589793,0.0,[750]
776,42,0.5525818367791776,0.06407880345118921,3.141592653589793,0.0,[764]
836,42,0.580876563604108,0.030660850889689506,3.141592653589793,0.0,[784]
841,42,0.5829207127792646,0.03312891009334651,3.141592653589793,0.0,[764 784]
867,43,0.5951540396646973,0.031048723469285888,3.141592653589793,0.0,[776 836 841]
879,44,0.59904805449187,0.028431711612147192,3.141592653589793,0.0,[867]
909,45,0.611027985456004,0.0211180958800935,3.141592653589793,0.0,[879]
930,46,0.6170638729740372,0.021208776972850063,3.141592653589793,0.0,[909]
946,47,0.6242230645252018,0.021974048868957263,3.141592653589793,0.0,[930]
989,48,0.6452474840402684,0.03783954034054593,3.141592653589793,0.0,[946]
1010,49,0.6625897076041437,0.024942693166359997,3.141592653589793,0.0,[989]
1036,50,0.6791887859550287,0.03905559064567721,3.141592653589793,0.0,[1010]
1055,51,0.6932899972797082,0.050429164480161326,3.141592653589793,0.0,[1036]
1089,52,0.7181337910348418,0.04117400331260901,3.141592653589793,0.0,[1055]
1105,53,0.728462549694683,0.039888909886419355,3.141592653589793,0.0,[1089]
1142,54,0.7599837135468204,0.058323742578266335,3.141592653589793,0.0,[1105]
1156,55,0.7695266212671311,0.06180263254181706,3.141592653589793,0.0,[1142]
1162,56,0.7722798384592817,0.06175394907878884,3.141592653589793,0.0,[1156]
1179,57,0.790416810037956,0.045527867960788226,3.141592653589793,0.0,[1162]
1206,58,0.8227396989812519,0.013573667433716241,3.141592653589793,0.0,[1179]
1207,59,0.8242340078444121,0.013838967767202393,3.141592653589793,0.0,[1206]
1210,59,0.8269281753245832,0.009457635912215268,3.141592653589793,0.0,[1206]
1214,60,0.8319101559129155,0.008597030561308672,3.141592653589793,0.0,[1207 1210]
1215,60,0.8322619809507841,0.009651108126511931,3.141592653589793,0.0,[1207 1210]
1236,61,0.8496816026438259,0.009006915952531336,3.141592653589793,0.0,[1214 1215]
1238,61,0.8521279658588263,0.02671833887790731,3.141592653589793,0.0,[1214 1215]
1251,62,0.8638190044483653,0.026528545670256642,3.141592653589793,0.0,[1238]
1253,62,0.8645998309820073,0.01612556817117783,3.141592653589793,0.0,[1236 1238]
1264,63,0.877402089765448,0.01910677992856924,3.141592653589793,0.0,[1251 1253]
1265,63,0.8777785338564408,0.021738907562530385,3.141592653589793,0.0,[1251 1253]
1272,64,0.8903034370333782,0.01902605840905991,3.141592653589793,0.0,[1264 1265]
1273,64,0.8903384085344204,0.015252673430713792,3.141592653589793,0.0,[1264 1265]
1278,65,0.8971489983101515,0.02525084084486684,3.141592653589793,0.0,[1272]
1281,65,0.9029016163519286,0.007284685273546865,3.141592653589793,0.0,[1272 1273]
1294,66,0.9251780035497765,0.020849879552764183,3.141592653589793,0.0,[1278 1281]
1297,67,0.9323161431710464,0.015859728544941887,3.141592653589793,0.0,[1294]
1303,68,0.9496154636572273,0.014810657034426522,3.141592653589793,0.0,[1297]
1304,69,0.9600964785202634,0.025281649003114803,3.141592653589793,0.0,[1303]
1305,69,0.9651358642267895,0.008489373204510486,3.141592653589793,0.0,[1303]
1308,70,0.9791257765006959,0.011309766104121932,3.141592653589793,0.0,[1304 1305]
1309,71,0.9947936847463312,0.001668655888020787,3.141592653589793,0.0,[1308]
1310,72,1.0,0.0,3.141592653589793,0.0,[1309]
0,0,0.0,0.0,3.141592653589793,0.0,[]
1,1,0.012716910241916901,0.0009535988299055331,0.0,0.0,[0]
2,2,0.02139124881191301,0.006207623257412975,3.141592653589793,0.0,[1]
4,3,0.03368568611038003,0.015405714352256905,3.141592653589793,0.0,[2]
6,3,0.038915685438802416,0.0019637032929678,0.0,0.0,[2]
10,3,0.06470088924742168,0.04872824516858543,3.141592653589793,0.0,[2]
8,4,0.058057351927511935,0.006280434582475403,3.141592653589793,0.0,[4 6]
9,4,0.062210583491439486,0.025266128124243337,3.141592653589793,0.0,[4]
12,4,0.07968160273191771,0.04612101578133354,3.141592653589793,0.0,[ 4 10]
13,5,0.08055447884747768,0.012396052681308611,3.141592653589793,0.0,[8 9]
14,5,0.08929697204616294,0.054341231800377976,3.141592653589793,0.0,[12]
16,6,0.09512559441287805,0.05356203591603037,3.141592653589793,0.0,[14]
22,6,0.1010700422908597,0.0027530389062019323,0.0,0.0,[13]
26,6,0.1047994623722247,0.018892456629121424,3.141592653589793,0.0,[13]
30,6,0.10840463577370563,0.0064453752633281125,3.141592653589793,0.0,[13]
32,7,0.10994747872988186,0.04196397430051868,3.141592653589793,0.0,[16]
38,7,0.11892435518088684,0.010301264671799482,3.141592653589793,0.0,[22 26 30]
40,8,0.12053216915765264,0.03367125564661977,3.141592653589793,0.0,[32]
45,8,0.12915722598318036,0.0036514235355095126,3.141592653589793,0.0,[38]
51,9,0.13352593326369067,0.04662521970973077,3.141592653589793,0.0,[40]
54,9,0.1381113163007791,0.031649693456324735,3.141592653589793,0.0,[40]
60,9,0.149535236758508,0.0179007082407171,3.141592653589793,0.0,[40 45]
62,10,0.1513074850365933,0.03253856870558569,3.141592653589793,0.0,[51 54]
66,10,0.15629092896089314,0.024023447892890015,3.141592653589793,0.0,[51 54 60]
70,11,0.1631508186589028,0.022943642207045922,3.141592653589793,0.0,[62 66]
73,12,0.16590026703648997,0.02536436462541236,3.141592653589793,0.0,[70]
78,13,0.17067884009203538,0.020802054198519992,3.141592653589793,0.0,[73]
96,14,0.1861560666858333,0.02473541911754562,3.141592653589793,0.0,[78]
102,14,0.1951351745747616,0.013175878374804828,3.141592653589793,0.0,[78]
118,15,0.20745758677334813,0.002251847440869037,3.141592653589793,0.0,[102]
127,15,0.2142880507506406,0.0361370679694174,3.141592653589793,0.0,[96]
147,16,0.23174539269873484,0.023631157114526347,3.141592653589793,0.0,[118 127]
166,17,0.24725364819976148,0.010308071593437051,3.141592653589793,0.0,[147]
179,18,0.25772312493685,0.0012104456219860227,3.141592653589793,0.0,[166]
217,19,0.2777459961597091,0.003592123687407689,3.141592653589793,0.0,[179]
228,20,0.28288248436514707,0.0015321636786294057,3.141592653589793,0.0,[217]
238,21,0.28978464903876955,0.006747726379655483,3.141592653589793,0.0,[228]
253,22,0.3004518756313914,0.012645833149036001,3.141592653589793,0.0,[238]
312,23,0.33438649478527105,0.02952312309017502,3.141592653589793,0.0,[253]
321,24,0.3404581566340722,0.023645549945355726,3.141592653589793,0.0,[312]
357,25,0.35921403030120536,0.03850825359356669,3.141592653589793,0.0,[321]
373,26,0.3696985895570353,0.047207007694669345,3.141592653589793,0.0,[357]
377,27,0.3720488697853933,0.04912877552631789,3.141592653589793,0.0,[373]
385,28,0.3775289347448608,0.044725411382443236,3.141592653589793,0.0,[377]
401,29,0.382990791552587,0.04944227881541141,3.141592653589793,0.0,[385]
434,30,0.4004309858510906,0.037498145785659354,3.141592653589793,0.0,[401]
443,31,0.40614441620010966,0.036706075752724776,3.141592653589793,0.0,[434]
484,32,0.42700130339750586,0.05481909828097131,3.141592653589793,0.0,[443]
524,33,0.440867384885827,0.04415945603111582,3.141592653589793,0.0,[484]
554,34,0.4557339588998609,0.03396784854679835,3.141592653589793,0.0,[524]
560,35,0.4582417015342315,0.03226662448354556,3.141592653589793,0.0,[554]
563,35,0.4591644664311034,0.03112234427344862,3.141592653589793,0.0,[554]
586,36,0.4678829079709147,0.0412265698992732,3.141592653589793,0.0,[560]
622,36,0.48557984236346186,0.018059553748479562,3.141592653589793,0.0,[560 563]
676,37,0.5133307132281423,0.000950981157189057,0.0,0.0,[586 622]
719,38,0.5287300665902124,0.013741096773706607,0.0,0.0,[676]
736,39,0.5401597870006194,0.016411804961198317,0.0,0.0,[719]
762,40,0.5498337392429095,0.006879685494493359,0.0,0.0,[736]
798,41,0.5642826063493371,0.012811608233200267,0.0,0.0,[762]
809,41,0.5681366356638818,0.0013553003549657827,0.0,0.0,[762]
836,42,0.5810503485085047,0.011387477345169428,0.0,0.0,[798 809]
838,42,0.5817745835515316,0.016123614648851703,0.0,0.0,[798]
861,43,0.5904586219800375,0.011919653371691874,0.0,0.0,[836 838]
862,43,0.5914925070652824,0.014735416736695317,0.0,0.0,[836 838]
868,43,0.5944410112574842,0.004608842817560133,0.0,0.0,[836 838]
876,44,0.5981631326077468,0.006413551562974629,0.0,0.0,[861 868]
883,44,0.6022453526797845,0.01591658974588528,0.0,0.0,[861 862]
902,45,0.6132510582520034,0.0037060783864106828,3.141592653589793,0.0,[876]
912,45,0.6158064012478079,0.004113828094720828,0.0,0.0,[876 883]
934,46,0.627484267702366,0.0060325302905109845,3.141592653589793,0.0,[902 912]
941,47,0.6324097197165014,0.009798504337460323,3.141592653589793,0.0,[934]
956,48,0.6416093873943086,0.003923792779145452,3.141592653589793,0.0,[941]
986,49,0.6601675243307723,0.02071828521898833,3.141592653589793,0.0,[956]
1020,50,0.6761851145990327,0.035573508390438935,3.141592653589793,0.0,[986]
1049,51,0.6942118679285888,0.05021769198412973,3.141592653589793,0.0,[1020]
1065,52,0.7039599167092879,0.051656106901521226,3.141592653589793,0.0,[1049]
1089,53,0.7175783252631862,0.04030338688647073,3.141592653589793,0.0,[1065]
1092,54,0.7213265900223853,0.04261305052619879,3.141592653589793,0.0,[1089]
1105,55,0.7291737654976117,0.04635794961853812,3.141592653589793,0.0,[1092]
1115,56,0.7356364545232629,0.04332344084235762,3.141592653589793,0.0,[1105]
1123,57,0.7427856342986051,0.04748939532224261,3.141592653589793,0.0,[1115]
1159,58,0.7714679271032978,0.022052954403195657,3.141592653589793,0.0,[1123]
1161,58,0.7721834020277503,0.058948198720904954,3.141592653589793,0.0,[1123]
1166,58,0.7746576944243359,0.03290465729216974,3.141592653589793,0.0,[1123]
1169,59,0.7781760887497392,0.0575020616066354,3.141592653589793,0.0,[1161]
1172,59,0.7801110335704053,0.037584039587354456,3.141592653589793,0.0,[1166]
1174,59,0.7830834796385232,0.01693445484973477,3.141592653589793,0.0,[1159]
1188,60,0.7980578558330456,0.002762843379000457,3.141592653589793,0.0,[1174]
1194,60,0.8048018864907821,0.028763284914468223,3.141592653589793,0.0,[1172 1174]
1196,60,0.8050753371499225,0.025616203546474647,3.141592653589793,0.0,[1172 1174]
1200,60,0.8079759646407484,0.02135511426065595,3.141592653589793,0.0,[1172 1174]
1206,60,0.8142238365657728,0.0910209236697157,3.141592653589793,0.0,[1169]
1208,61,0.8180375212012257,0.0024578969453943333,0.0,0.0,[1188]
1209,61,0.8187393727072976,0.08897188305794768,3.141592653589793,0.0,[1206]
1228,61,0.833363485337885,0.02494367678182341,3.141592653589793,0.0,[1188 1194 1196 1200]
1229,62,0.8338629495068015,0.08781575863148472,3.141592653589793,0.0,[1209]
1230,62,0.8342480651970325,0.02576931807334948,3.141592653589793,0.0,[1228]
1232,62,0.8401504512538975,0.019209463266803284,0.0,0.0,[1208]
1233,63,0.8438591539275171,0.07865534637176286,3.141592653589793,0.0,[1229]
1248,63,0.8660809654530487,0.046139598640993595,3.141592653589793,0.0,[1230]
1257,63,0.8732538902366497,0.04132636630210851,0.0,0.0,[1232]
1236,64,0.8496086605102168,0.07351250698519296,3.141592653589793,0.0,[1233]
1260,64,0.8750338527347878,0.04656665602989962,3.141592653589793,0.0,[1248]
1263,64,0.8771125898496152,0.03925252282984537,0.0,0.0,[1257]
1269,64,0.88468251973653,0.03307167980970749,3.141592653589793,0.0,[1248]
1244,65,0.8632523715603356,0.0673662060095308,3.141592653589793,0.0,[1236]
1254,65,0.8686595595832278,0.07618823094308258,3.141592653589793,0.0,[1236]
1267,65,0.88199447093801,0.039523361610894536,0.0,0.0,[1263]
1274,65,0.8893661512902641,0.03799676478303671,3.141592653589793,0.0,[1236 1260]
1276,65,0.890499064889012,0.05103025524247373,0.0,0.0,[1263]
1277,65,0.8910992602749214,0.035731154740164306,3.141592653589793,0.0,[1236 1260 1269]
1278,66,0.8923301062556925,0.07731070111944338,3.141592653589793,0.0,[1244 1254]
1282,66,0.8971330879617838,0.054782359968509775,0.0,0.0,[1276]
1285,66,0.910006014163659,0.03064180714229714,0.0,0.0,[1267]
1286,66,0.9115703655746114,0.023590150682693323,0.0,0.0,[1267]
1293,66,0.9297419617079163,0.0011425708979564408,0.0,0.0,[1267 1274 1277]
1296,66,0.9336088427969332,0.014553123455600558,3.141592653589793,0.0,[1244 1254 1274 1277]
1287,67,0.9202943144302647,0.05255861375916637,3.141592653589793,0.0,[1278]
1297,67,0.9411479591225027,0.013807059193402638,3.141592653589793,0.0,[1296]
1300,67,0.9472393896296297,0.009104292022510396,0.0,0.0,[1282 1285 1286 1293]
1291,68,0.9283524375139675,0.047146717618434364,3.141592653589793,0.0,[1287]
1298,68,0.94505993756798,0.0288917037784322,3.141592653589793,0.0,[1287]
1299,68,0.9454783506513488,0.01466332046008978,3.141592653589793,0.0,[1297]
1303,68,0.9551665147596136,0.005700073242454473,0.0,0.0,[1300]
1304,69,0.9606887287273068,0.01694762748964984,3.141592653589793,0.0,[1291 1298 1299]
1305,69,0.962582323796338,0.0036494940303036794,0.0,0.0,[1303]
1306,69,0.9638348083979476,0.01175554113110866,0.0,0.0,[1303]
1307,70,0.9784887452162441,0.005889617006638925,0.0,0.0,[1305 1306]
1308,70,0.9797097538678896,0.0035981005455567594,0.0,0.0,[1305 1306]
1309,70,0.982815356288115,0.0035969970527237605,3.141592653589793,0.0,[1304 1305 1306]
1310,71,1.0,0.0,3.141592653589793,0.0,[1307 1308 1309]
0,0,0.0,0.0,3.141592653589793,0.0,[]
1,1,0.010769172688603446,0.0005903281351575806,3.141592653589793,0.0,[0]
2,1,0.03305161468357065,0.03229311612967767,0.0,0.0,[0]
4,2,0.05518530673908073,0.0345833019227304,0.0,0.0,[1 2]
11,2,0.07964942836750855,0.0725329094323095,0.0,0.0,[2]
8,3,0.0741733206902574,0.05001411809126455,0.0,0.0,[4]
20,3,0.09004862771706268,0.07048287066922143,0.0,0.0,[11]
12,4,0.07997378814855405,0.05015434445986111,0.0,0.0,[8]
13,4,0.0814650979832996,0.05216849730255857,0.0,0.0,[8]
23,4,0.09646009387226007,0.0696202362475894,0.0,0.0,[ 8 20]
27,5,0.10471786177973796,0.07113466588079798,0.0,0.0,[12 13 23]
30,6,0.10827338529488695,0.06859410777057784,0.0,0.0,[27]
55,7,0.14749344032057798,0.10726098854318034,0.0,0.0,[30]
65,8,0.15536001816035105,0.10572472309021108,0.0,0.0,[55]
71,9,0.15920553606417243,0.10904295977516076,0.0,0.0,[65]
81,10,0.16711356134462385,0.10457795339412101,0.0,0.0,[71]
92,11,0.17471486956799753,0.10189608317930032,0.0,0.0,[81]
106,12,0.18970411947461452,0.09988189072442488,0.0,0.0,[92]
116,13,0.1950421620177536,0.09790954097142757,0.0,0.0,[106]
124,14,0.20877133473690224,0.09952645014520367,0.0,0.0,[116]
128,15,0.21288328277657753,0.09544371625242909,0.0,0.0,[124]
143,16,0.22424386870227475,0.09743578264130182,0.0,0.0,[128]
176,17,0.25532374819475023,0.07268667948257412,0.0,0.0,[143]
219,18,0.2815918689400212,0.09125736565181952,0.0,0.0,[176]
224,19,0.28445955734470085,0.09398532734196186,0.0,0.0,[219]
245,20,0.2997185608651275,0.08964156123891809,0.0,0.0,[224]
248,20,0.3015884010841132,0.09630136400826561,0.0,0.0,[224]
260,21,0.3108005083606573,0.09705511505829156,0.0,0.0,[245 248]
266,21,0.31401254641468623,0.08835164257798933,0.0,0.0,[245 248]
289,22,0.330010575834609,0.08023728484973303,0.0,0.0,[260 266]
302,23,0.33713999437240094,0.08486410422101476,0.0,0.0,[289]
305,23,0.3413474018463566,0.09010872447467144,0.0,0.0,[289]
307,23,0.3445246942476058,0.07318504675981885,0.0,0.0,[289]
334,23,0.35807695602913103,0.053532814083932845,0.0,0.0,[289]
320,24,0.351350618653382,0.09803351740130584,0.0,0.0,[302 305]
348,24,0.36713854262453427,0.057107121528573,0.0,0.0,[302 307 334]
359,24,0.370459239240559,0.06484428954414512,0.0,0.0,[302 305 307 334]
383,25,0.3833136932455963,0.08918803094459915,0.0,0.0,[320]
402,25,0.39168627696772995,0.05804216029547726,0.0,0.0,[320 348 359]
428,26,0.40276043364067005,0.10209960492744408,0.0,0.0,[383]
443,26,0.4097093535004761,0.07336717808279603,0.0,0.0,[383 402]
483,27,0.42290543704530703,0.08365461838353283,0.0,0.0,[428 443]
496,28,0.4281662091080164,0.0797517183696812,0.0,0.0,[483]
498,29,0.4286557086633913,0.07932251426000947,0.0,0.0,[496]
513,30,0.43534756671838304,0.07420068396910229,0.0,0.0,[498]
610,31,0.4825957040505432,0.06203151866423906,0.0,0.0,[513]
631,32,0.48756927858068644,0.05751354266642095,0.0,0.0,[610]
651,33,0.4961878097206408,0.04977154352166113,0.0,0.0,[631]
681,34,0.5073809457951998,0.05274405049511521,0.0,0.0,[651]
691,35,0.511720728398358,0.05295803770493479,0.0,0.0,[681]
730,36,0.5257593764333026,0.06113452382263629,0.0,0.0,[691]
752,36,0.5335174155457078,0.07025077549447023,0.0,0.0,[691]
783,37,0.5459595794698824,0.06255566724045514,0.0,0.0,[730 752]
794,37,0.5496030907630781,0.08311003276991202,0.0,0.0,[730 752]
801,38,0.5530384348905215,0.08071925533080304,0.0,0.0,[794]
808,38,0.5546752135319544,0.05722285031509178,0.0,0.0,[783]
835,39,0.564532932410843,0.057156549168629556,0.0,0.0,[808]
836,39,0.5649941551954756,0.08774300365243204,0.0,0.0,[801]
856,40,0.5723572736282262,0.057728727546840664,0.0,0.0,[835]
869,40,0.5773155355036669,0.04746874326592965,0.0,0.0,[835]
870,40,0.578119835552619,0.09767965429312608,0.0,0.0,[836]
889,41,0.587955713382509,0.05750674593681382,0.0,0.0,[856 869]
895,41,0.5907783910182948,0.061801558764600806,0.0,0.0,[856]
932,41,0.6117237716222166,0.10649650388299348,0.0,0.0,[870]
936,41,0.6132825976306976,0.10343538111587547,0.0,0.0,[870]
904,42,0.5967383485782441,0.050581823005370175,0.0,0.0,[889]
919,42,0.6031154810515863,0.059684239623046476,0.0,0.0,[889 895]
954,42,0.621719899721066,0.10160158370707939,0.0,0.0,[932 936]
945,43,0.6193586475089847,0.060607032545497264,0.0,0.0,[904 919]
974,43,0.6322051814254592,0.10301277525653896,0.0,0.0,[954]
971,44,0.6318652859178079,0.06620345106975456,0.0,0.0,[945]
994,44,0.6423078941814065,0.11010575911577203,0.0,0.0,[974]
1008,44,0.6491555624271952,0.0941269746475778,0.0,0.0,[974]
1011,45,0.6497443678612581,0.10896500912788554,0.0,0.0,[994]
1025,45,0.6586594574693525,0.08782216339681803,0.0,0.0,[ 971 1008]
1042,45,0.6652687336058462,0.06750283032739601,0.0,0.0,[971]
1041,46,0.6647250907808021,0.10227150262940965,0.0,0.0,[1011]
1043,46,0.6657461958409564,0.08850894085499739,0.0,0.0,[1025]
1052,46,0.6721941043532704,0.06185756049798785,0.0,0.0,[1042]
1077,47,0.692317322547645,0.08049152781750246,0.0,0.0,[1041 1043 1052]
1080,47,0.6988429592069838,0.0712286696924459,0.0,0.0,[1041 1043 1052]
1084,48,0.7024856494530209,0.09037301408336795,0.0,0.0,[1077]
1106,48,0.7201842054980655,0.056776471842638454,0.0,0.0,[1077 1080]
1099,49,0.7175245865902914,0.08991099696973104,0.0,0.0,[1084]
1111,49,0.7220710388986555,0.05608958507106265,0.0,0.0,[1106]
1112,49,0.7222475198730949,0.08165170010379574,0.0,0.0,[1084]
1125,50,0.7336940686421604,0.07964192446488949,0.0,0.0,[1099 1112]
1129,50,0.736041569685512,0.06501793479633866,0.0,0.0,[1111]
1143,50,0.7454547312629562,0.05270232111349238,0.0,0.0,[1111]
1152,51,0.7541293126765461,0.056458338926051344,0.0,0.0,[1129 1143]
1155,51,0.7560274813386298,0.07113587411581468,0.0,0.0,[1125 1129]
1156,51,0.7560281696890115,0.0627009111675444,0.0,0.0,[1125 1129 1143]
1162,52,0.7603252289931236,0.0649152418002018,0.0,0.0,[1156]
1163,52,0.7603744902007306,0.0725489492133512,0.0,0.0,[1155]
1166,52,0.7609529446419817,0.05228613924370429,0.0,0.0,[1152]
1182,53,0.7752438021512871,0.07408573711043931,0.0,0.0,[1162 1163]
1186,53,0.7777221588346156,0.068081493167503,0.0,0.0,[1162 1163 1166]
1193,54,0.787140893983782,0.06555726973991771,0.0,0.0,[1182 1186]
1201,55,0.7939752194050074,0.07062561246521204,0.0,0.0,[1193]
1208,55,0.7990573971050876,0.055939819370916966,0.0,0.0,[1193]
1209,56,0.7994591171728566,0.06902167371045964,0.0,0.0,[1201]
1225,56,0.8152088151097543,0.047709022516809974,0.0,0.0,[1208]
1217,57,0.8067219314513305,0.0619526827135356,0.0,0.0,[1209]
1234,57,0.8206343591777508,0.047640146722542354,0.0,0.0,[1225]
1239,58,0.8264428489155837,0.05157927024585751,0.0,0.0,[1217 1234]
1253,59,0.8462676481799393,0.04756033524032266,0.0,0.0,[1239]
1264,60,0.8562756288450761,0.041272533332551875,0.0,0.0,[1253]
1280,61,0.8848160734263987,0.031157595859814036,0.0,0.0,[1264]
1282,62,0.8889641050209849,0.032790045703941506,0.0,0.0,[1280]
1289,63,0.9104739431685012,0.038577247778229906,0.0,0.0,[1282]
1294,64,0.9212235532446604,0.037553018713241904,0.0,0.0,[1289]
1295,64,0.923013137475374,0.041043232249656114,0.0,0.0,[1289]
1301,65,0.9403819388035065,0.02550655452018724,0.0,0.0,[1294 1295]
1302,66,0.945309906254063,0.028237805009928674,0.0,0.0,[1301]
1305,67,0.9569439937500974,0.017077250393852994,0.0,0.0,[1302]
1306,68,0.9629197247269863,0.014444028068534953,0.0,0.0,[1305]
1308,69,0.9859282023919951,0.007492602495341116,0.0,0.0,[1306]
1309,70,0.994843907057062,0.0011556481558052667,0.0,0.0,[1308]
1310,71,1.0,0.0,3.141592653589793,0.0,[1309]
0,0,0.0,0.0,3.141592653589793,0.0,[]
1,1,0.015534463548981248,0.0003369289587857871,0.0,0.0,[0]
2,2,0.027378835895181086,0.005687387923009268,0.0,0.0,[1]
4,3,0.03605808962472046,0.00042728455778107133,3.141592653589793,0.0,[2]
8,4,0.04546983704031915,0.005531551557655501,3.141592653589793,0.0,[4]
11,5,0.05767962975477603,0.005785193977327574,0.0,0.0,[8]
14,5,0.06524537076302916,0.019415824384330205,3.141592653589793,0.0,[8]
17,6,0.07682098899568668,0.005282694555520218,3.141592653589793,0.0,[11]
18,6,0.078734184746591,0.008339591631193133,3.141592653589793,0.0,[11 14]
20,6,0.08162146036288465,0.019382146917319765,0.0,0.0,[11]
28,6,0.09337222055392047,0.028706988541556955,3.141592653589793,0.0,[11 14]
25,7,0.09016254235416632,0.026385214632027365,0.0,0.0,[20]
32,7,0.10716834751983373,0.019719187782903713,3.141592653589793,0.0,[17 18 28]
38,7,0.11304932700632864,0.002125401189116638,0.0,0.0,[17 18 20]
39,8,0.11382140105200456,0.028756204945779573,0.0,0.0,[25]
50,8,0.12815880349336695,0.003095205778765875,3.141592653589793,0.0,[25 32 38]
54,9,0.1401358450713569,0.004018070700579024,0.0,0.0,[39 50]
66,10,0.15095906980667406,0.001264458520252476,3.141592653589793,0.0,[54]
75,11,0.16353559038285237,0.00251611695041265,3.141592653589793,0.0,[66]
80,12,0.1686118015840603,0.005664335312736801,3.141592653589793,0.0,[75]
97,13,0.19343245516052332,0.02771290208543309,3.141592653589793,0.0,[80]
111,14,0.20457435094301424,0.036898728354738175,3.141592653589793,0.0,[97]
117,15,0.21088637002930022,0.035487319766077996,3.141592653589793,0.0,[111]
132,16,0.21931424168480618,0.031619243311552636,3.141592653589793,0.0,[117]
135,17,0.22346904725210326,0.03054630313989881,3.141592653589793,0.0,[132]
149,17,0.23807060988142592,0.014729920736990643,3.141592653589793,0.0,[132]
169,18,0.25154679706420735,0.013408781344633747,3.141592653589793,0.0,[135 149]
184,18,0.26252045490871323,0.006829842386507967,0.0,0.0,[135 149]
200,19,0.2709065572765881,0.0035522564629306697,0.0,0.0,[169 184]
218,20,0.28312827816866104,0.009834279781091193,0.0,0.0,[200]
235,21,0.2929115288261471,0.010815285755277682,0.0,0.0,[218]
238,21,0.2934088168268675,0.013557871058177628,0.0,0.0,[218]
262,22,0.3070660015377559,0.0012958086454312179,0.0,0.0,[235 238]
273,23,0.3122010504959759,0.0007514619267016132,3.141592653589793,0.0,[262]
288,24,0.31975911866700224,0.0011036426166868285,0.0,0.0,[273]
295,25,0.32485151382986843,0.0016373567859532256,0.0,0.0,[288]
338,25,0.3489411782022944,0.027965549021472857,3.141592653589793,0.0,[288]
355,26,0.35751338739075467,0.030748043288789995,3.141592653589793,0.0,[295 338]
388,27,0.37805312331471685,0.03530215571073214,3.141592653589793,0.0,[355]
417,28,0.3912034789406611,0.03358323449006939,3.141592653589793,0.0,[388]
446,29,0.40828272478676053,0.027462576825090457,3.141592653589793,0.0,[417]
494,30,0.4386140850761968,0.04584080753638342,3.141592653589793,0.0,[446]
522,31,0.44948938930452964,0.045049242888317687,3.141592653589793,0.0,[494]
560,32,0.46303440690171194,0.056404700164744304,3.141592653589793,0.0,[522]
590,33,0.4772549262535115,0.05784599534950463,3.141592653589793,0.0,[560]
667,34,0.505469445660328,0.031024806522427006,3.141592653589793,0.0,[590]
685,35,0.5137856265065502,0.03833552181128297,3.141592653589793,0.0,[667]
698,36,0.5197012315854017,0.040689695897416,3.141592653589793,0.0,[685]
702,37,0.52210323516815,0.04197647782209479,3.141592653589793,0.0,[698]
714,37,0.5250344608696907,0.03540049943894885,3.141592653589793,0.0,[698]
732,38,0.5355478081247994,0.04092036016313805,3.141592653589793,0.0,[702 714]
742,38,0.5402313248334566,0.047770369180888395,3.141592653589793,0.0,[702 714]
757,39,0.5460409158473427,0.051407784490441144,3.141592653589793,0.0,[732 742]
774,40,0.5503352912713965,0.05243862129556365,3.141592653589793,0.0,[757]
811,41,0.5664507896453643,0.06303784103715049,3.141592653589793,0.0,[774]
831,42,0.5746222137919011,0.05893951447554724,3.141592653589793,0.0,[811]
845,43,0.580266331460032,0.06281505151598876,3.141592653589793,0.0,[831]
885,44,0.5986188509022445,0.07867336230269317,3.141592653589793,0.0,[845]
889,45,0.6009009986356528,0.08037435473367482,3.141592653589793,0.0,[885]
935,46,0.621385349037954,0.09995590170824398,3.141592653589793,0.0,[889]
938,46,0.6226625685912729,0.09842822635208581,3.141592653589793,0.0,[889]
973,47,0.6358508574537038,0.10864988868099013,3.141592653589793,0.0,[935 938]
1005,48,0.6534011433034032,0.12078159936774335,3.141592653589793,0.0,[973]
1016,49,0.6564707014960108,0.12202825365632242,3.141592653589793,0.0,[1005]
1023,50,0.6596556087325696,0.12403609498974466,3.141592653589793,0.0,[1016]
1034,50,0.667371592818501,0.11576341568584259,3.141592653589793,0.0,[1016]
1053,51,0.6766978983481089,0.11013179099228654,3.141592653589793,0.0,[1023 1034]
1077,52,0.6894928323255374,0.10434892006531293,3.141592653589793,0.0,[1053]
1091,53,0.7028703130062055,0.09782972762442788,3.141592653589793,0.0,[1077]
1099,54,0.707233240502229,0.09795253911657287,3.141592653589793,0.0,[1091]
1122,55,0.7233074712820332,0.08316590096221887,3.141592653589793,0.0,[1099]
1131,56,0.7315265805496304,0.09028948237918077,3.141592653589793,0.0,[1122]
1137,57,0.7379691298576933,0.0964426194739082,3.141592653589793,0.0,[1131]
1156,58,0.751539603372929,0.09780432983677756,3.141592653589793,0.0,[1137]
1162,59,0.7568026454911679,0.10002667462135895,3.141592653589793,0.0,[1156]
1177,60,0.7680597797898817,0.10519426023790424,3.141592653589793,0.0,[1162]
1182,61,0.7768407914495064,0.10479330551567245,3.141592653589793,0.0,[1177]
1192,62,0.7875027694643276,0.10255463942855458,3.141592653589793,0.0,[1182]
1198,63,0.7941240259579779,0.09650391819640569,3.141592653589793,0.0,[1192]
1223,64,0.8237324305715107,0.07777617603300713,3.141592653589793,0.0,[1198]
1230,65,0.8355434298819012,0.07433012205718292,3.141592653589793,0.0,[1223]
1243,65,0.8490693140930146,0.095115481927868,3.141592653589793,0.0,[1223]
1241,66,0.8438522967020514,0.06671523836871784,3.141592653589793,0.0,[1230]
1249,66,0.8558115257845873,0.09313870019937454,3.141592653589793,0.0,[1230 1243]
1247,67,0.8518926207281836,0.0705059161156385,3.141592653589793,0.0,[1241]
1255,67,0.8641306454339727,0.08723532223939667,3.141592653589793,0.0,[1249]
1262,67,0.8678110255039504,0.047051622585534525,3.141592653589793,0.0,[1241]
1272,68,0.882559351768155,0.04969097239741982,3.141592653589793,0.0,[1247 1262]
1274,68,0.8843611473921517,0.06734064910778736,3.141592653589793,0.0,[1247 1255]
1277,69,0.8969704631148865,0.04725463604574964,3.141592653589793,0.0,[1272]
1279,69,0.8990384455193974,0.05503519202115448,3.141592653589793,0.0,[1272 1274]
1289,70,0.9074741953479702,0.05421458787323563,3.141592653589793,0.0,[1277 1279]
1293,70,0.9138045938552976,0.046077398092166044,3.141592653589793,0.0,[1277 1279]
1297,71,0.9198854548727021,0.04623317941935623,3.141592653589793,0.0,[1289 1293]
1302,72,0.9266065258440471,0.04827027339537315,3.141592653589793,0.0,[1297]
1303,72,0.9276169429868129,0.039008576313625976,3.141592653589793,0.0,[1297]
1306,73,0.9545761656591546,0.028505802232745348,3.141592653589793,0.0,[1302 1303]
1308,73,0.9683192541164528,0.003417548755958122,3.141592653589793,0.0,[1303]
1309,74,0.984227364735488,0.012975147257233477,3.141592653589793,0.0,[1306 1308]
1310,75,1.0,0.0,3.141592653589793,0.0,[1309]
0,0,0.0,0.0,3.141592653589793,0.0,[]
1,1,0.026251581765090015,0.016383324189255255,0.0,0.0,[0]
2,1,0.033475985925287444,0.022870970057315643,3.141592653589793,0.0,[0]
4,2,0.04471287190916273,0.020392138156890227,0.0,0.0,[1]
6,2,0.05031614017830066,0.025727372784508096,3.141592653589793,0.0,[2]
8,3,0.05979285375548615,0.033393473405993856,3.141592653589793,0.0,[6]
11,3,0.0662258713031022,0.004793323352381362,0.0,0.0,[4]
10,4,0.06453871881646889,0.036955336603102795,3.141592653589793,0.0,[8]
14,4,0.06869960713698164,0.006627599169469867,0.0,0.0,[11]
18,4,0.07710718739303546,0.020136914067859557,3.141592653589793,0.0,[8]
20,5,0.08693817993615238,0.015542341328803277,0.0,0.0,[14]
22,5,0.09625745166642918,0.056649077353065125,3.141592653589793,0.0,[10]
25,5,0.10203212313126109,0.021721148083395092,3.141592653589793,0.0,[10 14 18]
29,5,0.10519701413374327,0.03133415552844365,3.141592653589793,0.0,[10 18]
31,5,0.10685402957566636,0.04404197557501133,3.141592653589793,0.0,[10 18]
24,6,0.10132991251049195,0.012733620699821424,0.0,0.0,[20]
41,6,0.1184389628800997,0.041438693959377604,3.141592653589793,0.0,[22 29 31]
42,6,0.11862882858952295,0.036386213811852475,3.141592653589793,0.0,[22 25 29 31]
30,7,0.1057432554407256,0.008658514603586687,0.0,0.0,[24]
48,7,0.12780389284891613,0.04022542574199217,3.141592653589793,0.0,[41 42]
35,8,0.11490719419348494,0.015248110972079787,0.0,0.0,[30]
47,8,0.12714370421111976,0.0030494844399360233,3.141592653589793,0.0,[30]
50,8,0.1294543157175837,0.013086879887456826,3.141592653589793,0.0,[30]
52,8,0.1321619805448372,0.040058855835660045,3.141592653589793,0.0,[48]
51,9,0.1313970052130764,0.005281532865373251,0.0,0.0,[35]
57,9,0.13750535738470093,0.008787925095280369,3.141592653589793,0.0,[47 50]
62,9,0.1392653830210311,0.005690027296261224,3.141592653589793,0.0,[35 47 50]
63,9,0.1424099598105586,0.04294113429109403,3.141592653589793,0.0,[52]
64,9,0.14397284775645225,0.01719236579444039,3.141592653589793,0.0,[47 50]
71,10,0.1585501515084805,0.020321078269947446,3.141592653589793,0.0,[51 57 62 64]
72,10,0.1592601384529967,0.055890164197834324,3.141592653589793,0.0,[63]
81,11,0.1747045946529553,0.057773134914027136,3.141592653589793,0.0,[72]
82,11,0.17554782217687082,0.025971862217394004,3.141592653589793,0.0,[71]
85,12,0.1820193942355235,0.054146757978632665,3.141592653589793,0.0,[81]
93,12,0.18940374543060412,0.030605979128511596,3.141592653589793,0.0,[82]
94,13,0.1897335659712176,0.049403046972429365,3.141592653589793,0.0,[85]
104,13,0.1992406164508138,0.022335905585056715,3.141592653589793,0.0,[93]
106,13,0.2013274440831624,0.03265239580042212,3.141592653589793,0.0,[93]
105,14,0.2011471047834359,0.0395943769525241,3.141592653589793,0.0,[94]
111,14,0.20381392717958402,0.02106556769360246,3.141592653589793,0.0,[104]
114,14,0.2055091135183944,0.03387939831354614,3.141592653589793,0.0,[ 94 106]
121,15,0.21435191934857822,0.029631054389275824,3.141592653589793,0.0,[105 111 114]
127,15,0.22367541311860495,0.01373212302190896,3.141592653589793,0.0,[111]
135,15,0.23441844456123517,0.0021703358274032247,3.141592653589793,0.0,[111]
130,16,0.22749301813615264,0.038219075461257024,3.141592653589793,0.0,[121]
165,16,0.2538816913171197,0.005034292216720582,0.0,0.0,[121 127 135]
174,17,0.26406838613584616,0.01209097768955425,0.0,0.0,[165]
184,17,0.26750236315673936,0.011155664950642241,3.141592653589793,0.0,[130]
193,18,0.27618080395595346,0.010809524841417617,3.141592653589793,0.0,[184]
208,18,0.28555586139013645,0.00484268921612141,0.0,0.0,[174 184]
228,19,0.3015179910598591,0.008267770732158564,0.0,0.0,[193 208]
241,20,0.3102336883020682,0.009162653625807593,0.0,0.0,[228]
260,21,0.3223475437795549,0.004103697204355328,0.0,0.0,[241]
270,22,0.3264281772852634,0.0025646488061223938,0.0,0.0,[260]
300,23,0.34307025202351926,0.012125489923397459,3.141592653589793,0.0,[270]
324,24,0.3555443539348615,0.017661280094185217,3.141592653589793,0.0,[300]
364,25,0.37330220491911226,0.006797529204332631,3.141592653589793,0.0,[324]
389,26,0.3892103436257026,0.02219238223246678,3.141592653589793,0.0,[364]
402,27,0.39526476930534427,0.02821798157570432,3.141592653589793,0.0,[389]
422,27,0.40344553708455533,0.013597575504582737,3.141592653589793,0.0,[389]
443,28,0.41833377310676345,0.013878773396144406,3.141592653589793,0.0,[402 422]
465,28,0.42888851868270594,0.0012116200974091607,3.141592653589793,0.0,[402 422]
527,29,0.45738492761738936,0.009900230409781163,0.0,0.0,[443 465]
542,30,0.462704216024554,0.008261007333993153,0.0,0.0,[527]
589,31,0.48228388828466395,0.004480696426803488,0.0,0.0,[542]
593,31,0.4853676485476739,0.022197137504546105,0.0,0.0,[542]
645,32,0.5025474863170319,0.02411884713865531,0.0,0.0,[589 593]
677,33,0.5139900551928566,0.022643706089940707,0.0,0.0,[645]
684,33,0.5172883377064793,0.028649933321233556,0.0,0.0,[645]
696,33,0.5231914157032642,0.03849534361578322,0.0,0.0,[645]
739,34,0.5394285052359563,0.043771240360085284,0.0,0.0,[677 684 696]
751,35,0.5427361384453615,0.044106570602966744,0.0,0.0,[739]
765,36,0.5491009584369962,0.044142249279060075,0.0,0.0,[751]
777,37,0.5535856327837222,0.047084203803689384,0.0,0.0,[765]
796,38,0.5612183682273271,0.04374275357285795,0.0,0.0,[777]
836,39,0.5808578502214584,0.05119108213701051,0.0,0.0,[796]
848,40,0.5860876473512101,0.04972069890293951,0.0,0.0,[836]
892,40,0.6043613096975485,0.07297584550308,0.0,0.0,[836]
933,41,0.6216413742130501,0.0630862920249965,0.0,0.0,[848 892]
964,42,0.6356827333291478,0.053765467009261214,0.0,0.0,[933]
983,43,0.6491194350957501,0.05695945106700473,0.0,0.0,[964]
992,44,0.6528943061215425,0.059830776281392106,0.0,0.0,[983]
1032,45,0.6730855073210892,0.06970310342944952,0.0,0.0,[992]
1051,46,0.6874135849471045,0.0708138685921541,0.0,0.0,[1032]
1066,47,0.6968928157742665,0.07988960950592838,0.0,0.0,[1051]
1087,48,0.7116150287209029,0.09319849582114914,0.0,0.0,[1066]
1105,49,0.7211418016114802,0.08379736293414386,0.0,0.0,[1087]
1121,50,0.7291507173709332,0.07949855978745946,0.0,0.0,[1105]
1156,51,0.7565421698817688,0.06247347389368141,0.0,0.0,[1121]
1166,51,0.7663181607352397,0.08578642768733424,0.0,0.0,[1121]
1169,51,0.7686698452494849,0.07792834975535701,0.0,0.0,[1121]
1189,52,0.7839067874584328,0.07153283633313723,0.0,0.0,[1156 1166 1169]
1209,53,0.7993987024923652,0.058685037256225425,0.0,0.0,[1189]
1219,54,0.8131435024021703,0.04868814172111158,0.0,0.0,[1209]
1220,54,0.8135672931142021,0.058151247985022025,0.0,0.0,[1209]
1232,55,0.8281662893163453,0.04803970227073395,0.0,0.0,[1219 1220]
1238,56,0.839132321284186,0.040647999785942246,0.0,0.0,[1232]
1241,57,0.8426217549466569,0.04002448160348793,0.0,0.0,[1238]
1247,57,0.849301499692503,0.03167778571122737,0.0,0.0,[1238]
1264,58,0.8630250763032515,0.040534960238151285,0.0,0.0,[1241 1247]
1276,59,0.8879580517625133,0.02600433970484639,0.0,0.0,[1264]
1287,60,0.9019006762955641,0.03272787847132552,0.0,0.0,[1276]
1289,61,0.9071485372583425,0.03793120644243675,0.0,0.0,[1287]
1297,62,0.9346787295531708,0.015446127242061514,0.0,0.0,[1289]
1300,63,0.951336924035012,0.008240201524075563,0.0,0.0,[1297]
1302,64,0.9605206274846558,0.015334690021977293,0.0,0.0,[1300]
1306,65,0.972436962196951,0.018317149625765694,0.0,0.0,[1302]
1310,66,1.0,0.0,3.141592653589793,0.0,[1306]
0,0,0.0,0.0,3.141592653589793,0.0,[]
1,1,0.009140732689034703,0.002398138414056117,0.0,0.0,[0]
2,1,0.022492203433457147,0.011996663762012583,3.141592653589793,0.0,[0]
6,2,0.05124496376520149,0.01713003863449869,3.141592653589793,0.0,[1 2]
8,3,0.055540605148484135,0.020924913856024352,3.141592653589793,0.0,[6]
12,4,0.059523293409292966,0.02430968843315462,3.141592653589793,0.0,[8]
21,5,0.08312905784514746,0.030785666899512898,3.141592653589793,0.0,[12]
25,6,0.09586944755960769,0.03572470770707081,3.141592653589793,0.0,[21]
29,7,0.10254366452507102,0.034586539882003886,3.141592653589793,0.0,[25]
34,8,0.11289966056632916,0.028098973909220337,3.141592653589793,0.0,[29]
36,8,0.12108293521849678,0.04144742467946971,3.141592653589793,0.0,[29]
42,9,0.13409960510370345,0.03412581544013937,3.141592653589793,0.0,[34 36]
47,10,0.13799783083436368,0.03517536895702433,3.141592653589793,0.0,[42]
56,11,0.14902454817860056,0.04106148859165004,3.141592653589793,0.0,[47]
62,12,0.15456692187726662,0.037044291206792535,3.141592653589793,0.0,[56]
65,12,0.16163600754130658,0.02887577749994641,3.141592653589793,0.0,[56]
78,13,0.17872428981531385,0.04092335295389493,3.141592653589793,0.0,[62 65]
99,14,0.2048392562380872,0.05012448517168244,3.141592653589793,0.0,[78]
100,15,0.20695745171353264,0.04997809378908091,3.141592653589793,0.0,[99]
143,16,0.2500412551122916,0.04776243005073044,3.141592653589793,0.0,[100]
148,17,0.2552105143386689,0.05281023490817138,3.141592653589793,0.0,[143]
167,18,0.26866638591861225,0.05440521703934553,3.141592653589793,0.0,[148]
178,18,0.27390393212302444,0.04762661871492435,3.141592653589793,0.0,[148]
187,19,0.28289678886759473,0.047464408589480866,3.141592653589793,0.0,[167 178]
227,20,0.30710495968710383,0.027812974228809906,3.141592653589793,0.0,[187]
249,21,0.3196044921708513,0.026920902330005436,3.141592653589793,0.0,[227]
263,22,0.3299412695238998,0.030344179752933242,3.141592653589793,0.0,[249]
305,23,0.3505014947985119,0.0237092744546038,3.141592653589793,0.0,[263]
319,23,0.3558963088758198,0.0315556362019529,3.141592653589793,0.0,[263]
320,23,0.3560381268535626,0.05233546134978351,3.141592653589793,0.0,[263]
331,24,0.359687486375307,0.02282458510716512,3.141592653589793,0.0,[305]
352,24,0.36792781458257906,0.041813420957578784,3.141592653589793,0.0,[319 320]
365,25,0.3742639405816065,0.04290412793742726,3.141592653589793,0.0,[352]
369,25,0.3762611642768493,0.016893480849790365,3.141592653589793,0.0,[331]
396,26,0.3897181579581006,0.027796400821500145,3.141592653589793,0.0,[365 369]
412,27,0.3966061467438815,0.025407725939619152,3.141592653589793,0.0,[396]
420,28,0.4001066996163084,0.028449698992244254,3.141592653589793,0.0,[412]
453,29,0.41581101863321246,0.03416775731526689,3.141592653589793,0.0,[420]
470,30,0.42469976046425084,0.035722801563732864,3.141592653589793,0.0,[453]
528,31,0.4458977218634427,0.019998044302575346,3.141592653589793,0.0,[470]
558,32,0.457592997439328,0.024786736418840438,3.141592653589793,0.0,[528]
567,32,0.45977969934673046,0.032847912011232494,3.141592653589793,0.0,[528]
584,33,0.46690121779875904,0.026129430949909827,3.141592653589793,0.0,[558 567]
614,34,0.4800854047231603,0.02728165190846399,3.141592653589793,0.0,[584]
644,35,0.4917891909217019,0.03840458294874105,3.141592653589793,0.0,[614]
666,36,0.4990060884312447,0.042023135578741266,3.141592653589793,0.0,[644]
709,37,0.5119297495139774,0.04729248000159747,3.141592653589793,0.0,[666]
713,38,0.5127942196200167,0.046708325758549774,3.141592653589793,0.0,[709]
724,39,0.5199229400529377,0.04590126317814813,3.141592653589793,0.0,[713]
756,40,0.5367471439189638,0.03801330158765548,3.141592653589793,0.0,[724]
762,40,0.5389224421392306,0.032484618834628276,3.141592653589793,0.0,[724]
781,41,0.5479277340558656,0.027424130199264596,3.141592653589793,0.0,[756 762]
814,41,0.5622191867553414,0.06022822844099829,3.141592653589793,0.0,[756]
806,42,0.5584151185592373,0.02976083614825542,3.141592653589793,0.0,[781]
830,42,0.5704306026047927,0.05888999584947119,3.141592653589793,0.0,[814]
857,43,0.5822221534151595,0.014019306012276411,3.141592653589793,0.0,[806]
859,43,0.5825861251334359,0.05650196951835018,3.141592653589793,0.0,[830]
864,43,0.5848477602354196,0.033105112251116786,3.141592653589793,0.0,[806]
880,44,0.5916091156409491,0.06491889374462168,3.141592653589793,0.0,[859]
891,44,0.5958226384950771,0.02655538382297895,3.141592653589793,0.0,[857 864]
919,44,0.6077065411284798,0.004795874611658313,0.0,0.0,[857]
921,44,0.6085118101091289,0.0073931027942684135,3.141592653589793,0.0,[857]
934,45,0.6155097292572372,0.06809503782623394,3.141592653589793,0.0,[880]
942,45,0.6191450316797377,0.003869394142399174,3.141592653589793,0.0,[891 919 921]
945,46,0.6213647113055428,0.005981520084008096,3.141592653589793,0.0,[942]
950,46,0.6227668801651497,0.06637430601912797,3.141592653589793,0.0,[934]
957,47,0.6277221553983745,0.0685716786321402,3.141592653589793,0.0,[950]
974,47,0.636804391424571,0.018445973080636224,3.141592653589793,0.0,[945]
991,48,0.6452019811887063,0.02080761562254141,3.141592653589793,0.0,[974]
1005,48,0.6509160029599246,0.07685172417044861,3.141592653589793,0.0,[957]
1024,49,0.6639697415892867,0.06852876494972548,3.141592653589793,0.0,[1005]
1025,49,0.6648339032802553,0.0395417063794149,3.141592653589793,0.0,[991]
1029,49,0.6654765314697696,0.030540797808736087,3.141592653589793,0.0,[991]
1027,50,0.6651631830275663,0.06953718605632564,3.141592653589793,0.0,[1024]
1057,50,0.6862965998249196,0.03345181201450609,3.141592653589793,0.0,[1025 1029]
1065,51,0.6909194807982028,0.08565956197216462,3.141592653589793,0.0,[1027]
1066,51,0.6934120833775262,0.04980720240185299,3.141592653589793,0.0,[1027]
1082,51,0.7013287807774994,0.040905091906201285,3.141592653589793,0.0,[1027 1057]
1085,52,0.7025608576133575,0.09464140325128323,3.141592653589793,0.0,[1065]
1089,52,0.7028899619096907,0.04166458172266041,3.141592653589793,0.0,[1066 1082]
1094,52,0.7041359715675212,0.08299226326690978,3.141592653589793,0.0,[1065]
1112,53,0.717069423828918,0.08796066106392442,3.141592653589793,0.0,[1085 1094]
1118,53,0.7209024718036627,0.09612802210387472,3.141592653589793,0.0,[1085 1094]
1119,53,0.7227849318802102,0.030978902003165776,3.141592653589793,0.0,[1089]
1122,53,0.7247427735625123,0.11415704067987542,3.141592653589793,0.0,[1085]
1121,54,0.72416614529865,0.08484125362302886,3.141592653589793,0.0,[1112]
1135,54,0.7372455952573244,0.10040547445363823,3.141592653589793,0.0,[1112 1118]
1140,54,0.739700020837433,0.02537535558854309,3.141592653589793,0.0,[1119]
1141,54,0.739729984896008,0.10650447941020058,3.141592653589793,0.0,[1112 1118 1122]
1145,55,0.7411151366435021,0.08671291199493925,3.141592653589793,0.0,[1121]
1152,55,0.746678117758995,0.10176455249986094,3.141592653589793,0.0,[1121 1135 1141]
1161,55,0.757675821433048,0.031673846825329255,3.141592653589793,0.0,[1140]
1170,55,0.7643232624373691,0.04141716235360127,3.141592653589793,0.0,[1140]
1148,56,0.743087426679434,0.0871483823930026,3.141592653589793,0.0,[1145]
1159,56,0.7570861806097052,0.10467274031037865,3.141592653589793,0.0,[1152]
1193,56,0.7884834876669038,0.032562853785962576,3.141592653589793,0.0,[1161 1170]
1178,57,0.7715218840742505,0.09469244067949412,3.141592653589793,0.0,[1148 1159]
1195,57,0.7895252452861639,0.041408762419230416,3.141592653589793,0.0,[1148]
1200,57,0.7942771420995614,0.028217137069135645,3.141592653589793,0.0,[1193]
1198,58,0.7934401137571933,0.04141786484458887,3.141592653589793,0.0,[1195]
1203,58,0.7965598289216024,0.027472326168013317,3.141592653589793,0.0,[1200]
1209,58,0.8003387489874715,0.07616482120572543,3.141592653589793,0.0,[1178]
1217,59,0.8106168065561871,0.014764206580265116,3.141592653589793,0.0,[1203]
1218,59,0.8131723786806471,0.026531036299008992,3.141592653589793,0.0,[1198 1203]
1225,59,0.8180990809523397,0.06457405997493137,3.141592653589793,0.0,[1198 1209]
1234,60,0.8290823268179284,0.00036829082685663206,3.141592653589793,0.0,[1217]
1235,60,0.8297293988643791,0.05631460367352281,3.141592653589793,0.0,[1225]
1239,60,0.8342926966506791,0.04465910861184874,3.141592653589793,0.0,[1218]
1247,61,0.840166930381351,0.003379147545933381,0.0,0.0,[1234]
1252,61,0.8461232701759063,0.054882899587783474,3.141592653589793,0.0,[1235 1239]
1256,61,0.8505937501740638,0.044075580541913295,3.141592653589793,0.0,[1235 1239]
1254,62,0.8485309710560942,0.004449818515270154,0.0,0.0,[1247]
1264,62,0.8607208473395025,0.04950590080238404,3.141592653589793,0.0,[1252 1256]
1259,63,0.8565802866765329,0.0016021899023639374,0.0,0.0,[1254]
1263,63,0.8604957235826498,0.010730632238467486,0.0,0.0,[1254]
1270,63,0.8721481817967426,0.05276926422235695,3.141592653589793,0.0,[1264]
1273,64,0.8830461912403258,0.05228520562712047,3.141592653589793,0.0,[1270]
1274,64,0.8830744622444202,0.05126372704323667,3.141592653589793,0.0,[1270]
1277,64,0.8868051178680669,0.031095621939611462,0.0,0.0,[1259 1263]
1278,64,0.8874771341289792,0.02011783836085601,0.0,0.0,[1259 1263]
1279,64,0.8881511510412398,0.005934794480003003,3.141592653589793,0.0,[1259 1263]
1280,65,0.8890179199243091,0.031743324692724784,0.0,0.0,[1277]
1281,65,0.8898182316698036,0.05235175308815643,3.141592653589793,0.0,[1273 1274]
1283,65,0.8995427858068915,0.020660888502530894,0.0,0.0,[1277 1278]
1284,65,0.904131405705226,0.0030649998539347134,0.0,0.0,[1279]
1285,66,0.9059448691278308,0.021894355829607637,0.0,0.0,[1280 1283]
1286,66,0.9059657668181642,0.025838298041232277,0.0,0.0,[1280 1283]
1287,66,0.9089979535624657,0.06427022299852003,3.141592653589793,0.0,[1281]
1290,66,0.9151426987263271,0.0027128485959155846,0.0,0.0,[1284]
1294,66,0.9212375217785289,0.04724697153659918,3.141592653589793,0.0,[1281]
1295,67,0.9283487751988417,0.01941755086440855,0.0,0.0,[1285 1286]
1298,67,0.9319524628581384,0.023348128616022867,0.0,0.0,[1285 1286]
1299,67,0.932315522841596,0.047430086997192644,3.141592653589793,0.0,[1287 1294]
1300,67,0.946636104571821,0.01163945613185935,3.141592653589793,0.0,[1285 1286 1290]
1301,67,0.9474208001568373,0.013464995334105279,3.141592653589793,0.0,[1285 1286 1290]
1302,67,0.9477244965361793,0.007047784503730559,3.141592653589793,0.0,[1285 1286 1290]
1304,68,0.9606538868554154,0.007468909284256919,0.0,0.0,[1295 1298]
1305,68,0.9617746099690856,0.023771231502330292,3.141592653589793,0.0,[1299 1300 1301]
1306,68,0.9624892916235951,0.024031548888470478,0.0,0.0,[1295 1298]
1307,68,0.9633419666749313,0.005518178805850371,3.141592653589793,0.0,[1295 1298 1300 1301 1302]
1308,69,0.9752408646597903,0.024734355229791838,0.0,0.0,[1306]
1309,69,0.9852586925010223,0.0017704424533719898,3.141592653589793,0.0,[1304 1305 1307]
1310,70,1.0,0.0,3.141592653589793,0.0,[1308 1309]
0,0,0.0,0.0,3.141592653589793,0.0,[]
1,1,0.01674836155745385,0.013514030578651526,3.141592653589793,0.0,[0]
2,1,0.036446066763660356,0.022687830317191682,0.0,0.0,[0]
7,2,0.046306717947724785,0.014042362310528467,0.0,0.0,[1 2]
8,3,0.0487804231033615,0.012262902250733898,0.0,0.0,[7]
11,4,0.0662608105724739,0.005983051143550577,0.0,0.0,[8]
15,5,0.07321320657071717,0.006635836739586343,0.0,0.0,[11]
23,6,0.09800271461897336,0.01361269171144186,0.0,0.0,[15]
25,6,0.10311126409716365,0.006180225205991374,0.0,0.0,[15]
30,7,0.11167949927245457,0.011372967880807883,0.0,0.0,[23 25]
31,7,0.11367233106357666,0.016201849179521832,0.0,0.0,[23 25]
38,8,0.1263247644573261,0.015470915933801566,0.0,0.0,[30 31]
47,9,0.14012518934677942,0.007356077448964049,0.0,0.0,[38]
53,10,0.15207859003145363,0.011855420516093451,0.0,0.0,[47]
70,11,0.16421007575298618,0.013605082628550424,0.0,0.0,[53]
78,11,0.17471681967283226,0.005586864074986764,3.141592653589793,0.0,[53]
92,12,0.18617359657743338,0.005693997824404495,0.0,0.0,[70 78]
110,13,0.20232358538165873,0.01272828261004666,0.0,0.0,[92]
127,14,0.21993766837243245,0.02492733050203,0.0,0.0,[110]
144,15,0.23396216444166196,0.02789935438161062,0.0,0.0,[127]
145,15,0.23431438505130087,0.036009962485367364,0.0,0.0,[127]
159,15,0.24004789339351096,0.043388401447470804,0.0,0.0,[127]
173,16,0.24774066834716868,0.04318818921816159,0.0,0.0,[145 159]
196,16,0.265416204288322,0.019071811583884934,0.0,0.0,[144 145 159]
202,17,0.2687200208942675,0.02233890913625458,0.0,0.0,[173 196]
203,17,0.26894602497731646,0.01773994416862601,0.0,0.0,[196]
226,18,0.2830378702202485,0.022180104314265203,0.0,0.0,[202 203]
239,19,0.2916109558158927,0.026455641879450154,0.0,0.0,[226]
255,20,0.29855944011761193,0.033349496253682664,0.0,0.0,[239]
266,21,0.3067176313935911,0.031944948891498126,0.0,0.0,[255]
286,22,0.3201178360711978,0.031084533025713124,0.0,0.0,[266]
291,23,0.322703586251347,0.03284222552481508,0.0,0.0,[286]
344,24,0.35338238922794896,0.007475276755558147,0.0,0.0,[291]
360,25,0.36332599136288624,0.01373217638457258,0.0,0.0,[344]
388,26,0.38230923721957644,0.022397788940087038,0.0,0.0,[360]
399,27,0.3904049648994381,0.029002920805628163,0.0,0.0,[388]
413,28,0.39943586382902296,0.03673644735650139,0.0,0.0,[399]
439,28,0.4147882936070304,0.018370096929103186,0.0,0.0,[399]
466,29,0.4240548171464319,0.012662668831130652,0.0,0.0,[413 439]
490,30,0.43256746354735753,0.010658269025403233,0.0,0.0,[466]
507,30,0.43918892609062354,0.001686574548385722,0.0,0.0,[466]
570,31,0.46647198580355553,0.01536975972234822,0.0,0.0,[490 507]
577,32,0.4684433779808932,0.015066844128306833,0.0,0.0,[570]
613,33,0.4778843921628959,0.013656711905034036,0.0,0.0,[577]
627,34,0.48717425908137746,0.013531666835962852,0.0,0.0,[613]
633,35,0.49116610096345115,0.010644655311496831,0.0,0.0,[627]
728,36,0.5247858094768368,0.02110747647664646,3.141592653589793,0.0,[633]
743,36,0.5317939817809085,0.010737319133871104,3.141592653589793,0.0,[633]
750,37,0.5358248270866636,0.012447456043135796,3.141592653589793,0.0,[728 743]
776,38,0.5436771982042317,0.01600835457989358,3.141592653589793,0.0,[750]
797,38,0.5509463964000317,0.006295149244345932,3.141592653589793,0.0,[750]
806,39,0.5554250357130789,0.0029277760498692684,3.141592653589793,0.0,[797]
817,39,0.5583998629370202,0.013807439276857347,3.141592653589793,0.0,[776]
832,39,0.5677866466646571,0.027125640872919576,3.141592653589793,0.0,[776]
872,40,0.589083997454239,0.03077025384015919,3.141592653589793,0.0,[806 817 832]
882,41,0.5944962506414762,0.029673771453588405,3.141592653589793,0.0,[872]
898,42,0.601059296935514,0.03467464802738607,3.141592653589793,0.0,[882]
901,42,0.6022339848317693,0.028374519410347743,3.141592653589793,0.0,[882]
936,43,0.6177627317417468,0.041381408276787934,3.141592653589793,0.0,[898 901]
978,44,0.6357702119018154,0.03679936093868763,3.141592653589793,0.0,[936]
994,44,0.6400986083843,0.047506170892279265,3.141592653589793,0.0,[936]
997,45,0.641632411932251,0.04648867455340522,3.141592653589793,0.0,[994]
1015,45,0.6484104693475274,0.033439717762357435,3.141592653589793,0.0,[978]
1027,46,0.6558739770751681,0.05357927967739906,3.141592653589793,0.0,[997]
1034,46,0.6593832140191888,0.028376279247181224,3.141592653589793,0.0,[1015]
1046,46,0.662029472311382,0.03724096278376765,3.141592653589793,0.0,[ 997 1015]
1055,47,0.6697029066730279,0.03607116114100006,3.141592653589793,0.0,[1034 1046]
1058,47,0.6715200317654035,0.040655914716817176,3.141592653589793,0.0,[1027 1046]
1068,48,0.6774772862761531,0.0397340905062461,3.141592653589793,0.0,[1055 1058]
1069,48,0.6809959869652963,0.050017495822776925,3.141592653589793,0.0,[1058]
1084,49,0.6918717770700695,0.053352789162150804,3.141592653589793,0.0,[1068 1069]
1122,50,0.7172630383162226,0.06000035743772947,3.141592653589793,0.0,[1084]
1142,51,0.729193220697561,0.06736323572022351,3.141592653589793,0.0,[1122]
1159,52,0.7436267040472568,0.07884034273749041,3.141592653589793,0.0,[1142]
1169,53,0.7496352110947583,0.07857644540717523,3.141592653589793,0.0,[1159]
1172,54,0.7516445390664355,0.08004299725666808,3.141592653589793,0.0,[1169]
1197,55,0.7624748709363208,0.07448400034102798,3.141592653589793,0.0,[1172]
1204,56,0.7687967132306188,0.07317745611464677,3.141592653589793,0.0,[1197]
1231,57,0.8017651080887226,0.08487591975305808,3.141592653589793,0.0,[1204]
1234,58,0.806146194204684,0.08448959852402116,3.141592653589793,0.0,[1231]
1251,59,0.8259526285988601,0.06696446068533835,3.141592653589793,0.0,[1234]
1257,60,0.8395582859018946,0.062429971620519664,3.141592653589793,0.0,[1251]
1258,60,0.8398895479600978,0.07355045859402065,3.141592653589793,0.0,[1251]
1259,60,0.8440526282374854,0.052850805922585065,3.141592653589793,0.0,[1251]
1263,61,0.8493589364835384,0.0566657717929957,3.141592653589793,0.0,[1257 1259]
1269,61,0.8573423276141887,0.06478853420122976,3.141592653589793,0.0,[1257 1258 1259]
1278,62,0.8712619612997351,0.07699848358144146,3.141592653589793,0.0,[1263 1269]
1287,63,0.8831914214034698,0.06846019982639406,3.141592653589793,0.0,[1278]
1290,64,0.8924007249988211,0.06030881539002575,3.141592653589793,0.0,[1287]
1299,65,0.9202404827604969,0.04513981215010643,3.141592653589793,0.0,[1290]
1305,65,0.9589659178087638,7.071129271052357e-05,0.0,0.0,[1290]
1304,66,0.944239206160921,0.026260290240221917,3.141592653589793,0.0,[1299]
1307,66,0.9729339242806627,0.007219230817251621,0.0,0.0,[1299 1305]
1308,67,0.9806153559184951,0.008659763914399377,0.0,0.0,[1304 1307]
1309,68,0.9866017170035726,0.007069441562256307,0.0,0.0,[1308]
1310,69,1.0,0.0,3.141592653589793,0.0,[1309]
0,0,0.0,0.0,3.141592653589793,0.0,[]
1,1,0.007625489425034271,0.006417532339428544,0.0,0.0,[0]
2,1,0.0184700997456706,0.013952465781714829,3.141592653589793,0.0,[0]
3,2,0.026311111071822935,0.004889994185099056,0.0,0.0,[1]
5,2,0.033015289226812516,0.022167061115276554,3.141592653589793,0.0,[2]
6,2,0.042127893913277425,0.03103949290739061,0.0,0.0,[1]
7,3,0.046262483416684264,0.028971369206951758,3.141592653589793,0.0,[5]
8,3,0.048711435130741165,0.00568026605058225,0.0,0.0,[3]
9,3,0.05479471990735496,0.004795891489244641,3.141592653589793,0.0,[3 5]
10,3,0.05731295445430118,0.02627993362925063,0.0,0.0,[3 6]
15,4,0.07196352290450236,0.0056518345946716675,3.141592653589793,0.0,[7 8 9]
18,4,0.07963053368241924,0.02618490533671758,0.0,0.0,[ 8 10]
20,4,0.0823470281541675,0.019273800468432523,0.0,0.0,[ 8  9 10]
21,4,0.08336889164800654,0.011334851321784023,0.0,0.0,[ 8  9 10]
22,5,0.08426980959564212,0.0021073277317692485,0.0,0.0,[15]
25,5,0.09167168352336741,0.015369545071579949,0.0,0.0,[18 20 21]
29,6,0.09980833513280929,0.008385340744599734,0.0,0.0,[22 25]
35,6,0.11222337246416392,0.031873717388677725,0.0,0.0,[25]
39,7,0.12903493095325502,0.03407996884681164,0.0,0.0,[29 35]
48,8,0.13852723227203223,0.041776566866462694,0.0,0.0,[39]
55,9,0.14993167155076548,0.048063945876700376,0.0,0.0,[48]
58,9,0.15745507218403398,0.02596931881558584,0.0,0.0,[48]
75,10,0.17650653573216823,0.03668402106688751,0.0,0.0,[55 58]
76,10,0.17790317877638573,0.03058997724227941,0.0,0.0,[55 58]
84,10,0.18276700347076913,0.013655841457182238,0.0,0.0,[58]
107,11,0.20196693467443805,0.029513962638818114,0.0,0.0,[75 76 84]
136,12,0.22605362854944355,0.027144924646149926,0.0,0.0,[107]
151,13,0.23593455186891232,0.019262351118390475,0.0,0.0,[136]
174,14,0.2541609352281312,0.036033315576752156,0.0,0.0,[151]
183,15,0.263030045372054,0.04407681437872357,0.0,0.0,[174]
196,16,0.26862587561259477,0.03921265304103405,0.0,0.0,[183]
211,17,0.27647988429097226,0.038959713767766635,0.0,0.0,[196]
221,18,0.2857649425595151,0.045919755529694184,0.0,0.0,[211]
267,19,0.3211003657113368,0.06720782660667668,0.0,0.0,[221]
300,20,0.34322256092894576,0.08450888063227291,0.0,0.0,[267]
324,21,0.35523123373441623,0.08429969502101997,0.0,0.0,[300]
371,21,0.37928006183904894,0.11512584493834233,0.0,0.0,[300]
339,22,0.3621119173347197,0.08109897690109724,0.0,0.0,[324]
400,22,0.39460581522126337,0.11749193806122082,0.0,0.0,[324 371]
375,23,0.38254445999926934,0.09733225786833555,0.0,0.0,[339]
405,23,0.3969424894928518,0.11386863989931983,0.0,0.0,[339]
407,23,0.3971310158265159,0.11649850502565706,0.0,0.0,[400]
426,24,0.40829811539920036,0.11462064776177505,0.0,0.0,[375 405 407]
442,25,0.4142299571457564,0.11633821398557864,0.0,0.0,[426]
459,26,0.42027745368471836,0.11212834839409369,0.0,0.0,[442]
477,27,0.4290698145814087,0.11622331540786035,0.0,0.0,[459]
521,28,0.4471313419054056,0.12724988203346466,0.0,0.0,[477]
556,28,0.4590338382133212,0.113807088263426,0.0,0.0,[477]
563,29,0.4611784981609717,0.1290916948012778,0.0,0.0,[521]
606,29,0.47316397173472646,0.14606914516849934,0.0,0.0,[521]
630,29,0.48173518124772075,0.10714964787978953,0.0,0.0,[521 556]
634,30,0.4843831019224216,0.10514347408028502,0.0,0.0,[630]
656,30,0.49393700094805515,0.1148919632768256,0.0,0.0,[563 630]
677,30,0.5022904476994557,0.14024439217915663,0.0,0.0,[563 606]
691,30,0.5057932933878407,0.1295479322586789,0.0,0.0,[563 606 630]
692,30,0.5059940889958777,0.1286463761031721,0.0,0.0,[563 606 630]
717,31,0.516966009356128,0.1312789012889013,0.0,0.0,[634 656 677 691 692]
760,32,0.5330647849059235,0.14735703166697456,0.0,0.0,[717]
772,33,0.5390887450652025,0.1506166873469954,0.0,0.0,[760]
808,34,0.5515614886463143,0.15556979091231404,0.0,0.0,[772]
818,35,0.5563234141442346,0.15700009625498668,0.0,0.0,[808]
847,36,0.5723897102274225,0.15634524730997712,0.0,0.0,[818]
873,37,0.5844044678913208,0.14882156189576512,0.0,0.0,[847]
884,38,0.591316411963066,0.14308034621429155,0.0,0.0,[873]
900,39,0.5992758783098955,0.14781667873796622,0.0,0.0,[884]
913,40,0.6091333342549274,0.15527865304159783,0.0,0.0,[900]
941,41,0.618969610313847,0.1511505124721101,0.0,0.0,[913]
951,42,0.6230763013057913,0.14913706959213835,0.0,0.0,[941]
1027,43,0.6604070158363525,0.11466984156969628,0.0,0.0,[951]
1030,44,0.6649252692744875,0.11525129109575027,0.0,0.0,[1027]
1042,45,0.6712385769070157,0.11376185756509227,0.0,0.0,[1030]
1065,46,0.6843924332782699,0.11083996659809991,0.0,0.0,[1042]
1116,47,0.7181518423114723,0.08282691887986326,0.0,0.0,[1065]
1131,47,0.7276575529766728,0.06853200767588497,0.0,0.0,[1065]
1148,48,0.7422402220838467,0.07585389388757757,0.0,0.0,[1116 1131]
1153,48,0.7451765636224347,0.05542936438275903,0.0,0.0,[1131]
1156,48,0.7490649968254239,0.059424813360508866,0.0,0.0,[1116 1131]
1167,49,0.7609183212192777,0.07013426119608113,0.0,0.0,[1148 1153 1156]
1183,50,0.7773304698884377,0.07427884566784826,0.0,0.0,[1167]
1188,51,0.7825060351061821,0.07377427108321466,0.0,0.0,[1183]
1194,52,0.7856319837307649,0.07557583442774651,0.0,0.0,[1188]
1227,53,0.8184849072241972,0.04577005097912601,0.0,0.0,[1194]
1240,54,0.8367343381304748,0.02901922851643468,0.0,0.0,[1227]
1246,54,0.8439665078530852,0.04004654884479453,0.0,0.0,[1227]
1248,55,0.8471914215755064,0.03868475001052485,0.0,0.0,[1240 1246]
1262,56,0.8674174492064844,0.021629730731204555,0.0,0.0,[1248]
1273,57,0.8825842241342837,0.014550827183650084,0.0,0.0,[1262]
1280,58,0.895613844650776,0.012458901684743728,0.0,0.0,[1273]
1285,59,0.9039564583672322,0.02028869855690063,0.0,0.0,[1280]
1286,59,0.9043694068049595,0.017743222874011755,0.0,0.0,[1280]
1295,60,0.9252289543567832,0.03710736192821906,0.0,0.0,[1285 1286]
1296,61,0.9289342156776952,0.038732875874422756,0.0,0.0,[1295]
1299,62,0.9451473893669062,0.02917595079406743,0.0,0.0,[1296]
1303,63,0.9608678131540923,0.014479579324983782,0.0,0.0,[1299]
1305,63,0.9620838112633266,0.01813289924521988,0.0,0.0,[1299]
1308,64,0.9806466132946106,0.003523936427407448,0.0,0.0,[1303 1305]
1309,64,0.984745335817884,0.009190591367584489,3.141592653589793,0.0,[1303]
1310,65,1.0,0.0,3.141592653589793,0.0,[1308 1309]
0,0,0.0,0.0,3.141592653589793,0.0,[]
1,1,0.009414518754196854,0.005246604062895122,3.141592653589793,0.0,[0]
2,2,0.030972096542802863,0.012888504416743274,0.0,0.0,[1]
3,3,0.04980798561199673,0.030111604075641285,0.0,0.0,[2]
11,4,0.07868158888039722,0.04550090400218754,0.0,0.0,[3]
13,5,0.09158789928152644,0.05496876846954435,0.0,0.0,[11]
18,6,0.09907907253076687,0.05492403115775424,0.0,0.0,[13]
28,7,0.11022762477270953,0.04709226700623792,0.0,0.0,[18]
37,8,0.13406729136887174,0.06342873739312449,0.0,0.0,[28]
53,9,0.15152253334982868,0.060177534363709206,0.0,0.0,[37]
55,10,0.15542292685562242,0.06375850564332097,0.0,0.0,[53]
56,10,0.15615086710524428,0.060133242317480295,0.0,0.0,[53]
60,11,0.1606802577999743,0.05894787706413962,0.0,0.0,[55 56]
75,12,0.17378279365464933,0.05374278044493441,0.0,0.0,[60]
101,13,0.1968430516330223,0.03330783589734487,0.0,0.0,[75]
110,14,0.20229222249937873,0.028355752491802555,0.0,0.0,[101]
115,15,0.2034699758594538,0.02767602378899514,0.0,0.0,[110]
139,16,0.22521467112120275,0.005982154567771625,0.0,0.0,[115]
154,17,0.23683013482980886,0.008938565855225677,0.0,0.0,[139]
158,18,0.24420171572861904,0.003438069346913042,0.0,0.0,[154]
168,19,0.2507840495111444,0.007527628653137275,0.0,0.0,[158]
191,19,0.263628660627066,0.008991196768440624,3.141592653589793,0.0,[158]
200,20,0.27068419586359804,0.004353132804735038,3.141592653589793,0.0,[168 191]
223,21,0.29358973223360474,0.017861040227472258,3.141592653589793,0.0,[200]
254,22,0.3103734145911511,0.02159475949370504,3.141592653589793,0.0,[223]
257,23,0.3117394888771652,0.022852719057363746,3.141592653589793,0.0,[254]
284,24,0.32680118679941594,0.030380674485355308,3.141592653589793,0.0,[257]
325,25,0.34942545452448615,0.04730173408524141,3.141592653589793,0.0,[284]
341,26,0.35833905341278893,0.05533599426115188,3.141592653589793,0.0,[325]
407,27,0.3848741496301711,0.07120727288248951,3.141592653589793,0.0,[341]
413,28,0.38944950706885506,0.07177802188258797,3.141592653589793,0.0,[407]
426,29,0.394599707587143,0.07535470919592535,3.141592653589793,0.0,[413]
456,30,0.4063534627429771,0.0759447893115145,3.141592653589793,0.0,[426]
492,31,0.4230925253732697,0.06894102734187901,3.141592653589793,0.0,[456]
512,32,0.43272745948110913,0.061801039826171356,3.141592653589793,0.0,[492]
529,33,0.4389456729187844,0.0633092656469395,3.141592653589793,0.0,[512]
619,34,0.47913422514945014,0.09530906201662692,3.141592653589793,0.0,[529]
627,35,0.4816958261259523,0.09281800458897538,3.141592653589793,0.0,[619]
644,36,0.48803115101990724,0.09193543593645814,3.141592653589793,0.0,[627]
667,37,0.49713476247875876,0.09489153094728264,3.141592653589793,0.0,[644]
686,38,0.5052605881393634,0.09507447152719561,3.141592653589793,0.0,[667]
757,39,0.5326520069872703,0.10575828021939604,3.141592653589793,0.0,[686]
768,40,0.5366954241080245,0.10687586043770891,3.141592653589793,0.0,[757]
790,41,0.5428012263168935,0.10951646576837115,3.141592653589793,0.0,[768]
794,42,0.544991212346441,0.10816147277614929,3.141592653589793,0.0,[790]
854,43,0.5689900268455172,0.0862937089448299,3.141592653589793,0.0,[794]
865,44,0.5753596646054278,0.08203711717921325,3.141592653589793,0.0,[854]
912,44,0.6049119781944237,0.11451346067895607,3.141592653589793,0.0,[854]
905,45,0.6014211779814627,0.0964782636835424,3.141592653589793,0.0,[865]
919,45,0.6073324108243547,0.113002190765087,3.141592653589793,0.0,[865 912]
922,45,0.607499069298714,0.11018262114626487,3.141592653589793,0.0,[865]
929,45,0.6100620969070104,0.11737884383944452,3.141592653589793,0.0,[912]
953,46,0.6212947655859925,0.09144796389155552,3.141592653589793,0.0,[905]
969,46,0.6259575487808253,0.11715005262267197,3.141592653589793,0.0,[905 919 922 929]
970,46,0.6265359004730284,0.08457653855724523,3.141592653589793,0.0,[905]
972,46,0.627440812086488,0.10866011575336454,3.141592653589793,0.0,[905 919 922 929]
989,47,0.6385481677561654,0.0977983249879435,3.141592653589793,0.0,[953 972]
992,47,0.640961440534598,0.10678614326606573,3.141592653589793,0.0,[953 969 972]
1007,47,0.6535559725705479,0.08177339828942443,3.141592653589793,0.0,[953 970]
1022,48,0.6636266285966125,0.08471761582412995,3.141592653589793,0.0,[ 989  992 1007]
1039,49,0.6764513831471541,0.07826877518089681,3.141592653589793,0.0,[1022]
1064,50,0.689791092258322,0.07868535321733472,3.141592653589793,0.0,[1039]
1070,50,0.6918412829289999,0.07181740096712796,3.141592653589793,0.0,[1039]
1076,50,0.6941122779711284,0.08525565135478719,3.141592653589793,0.0,[1039]
1087,51,0.7016377169242187,0.08901139182922613,3.141592653589793,0.0,[1064 1076]
1088,51,0.7019680859799401,0.06540056187855003,3.141592653589793,0.0,[1070]
1126,52,0.7217259605237648,0.0909338911269083,3.141592653589793,0.0,[1087]
1137,52,0.7267568364935866,0.0636883465335295,3.141592653589793,0.0,[1088]
1154,53,0.7435941302599226,0.06959101644474586,3.141592653589793,0.0,[1126 1137]
1156,54,0.7463778347992246,0.06752684617719851,3.141592653589793,0.0,[1154]
1166,55,0.7588627666649563,0.06071960638724694,3.141592653589793,0.0,[1156]
1185,55,0.7732907971672209,0.0873392385984495,3.141592653589793,0.0,[1156]
1188,56,0.7766266759443741,0.08781813542845451,3.141592653589793,0.0,[1185]
1197,56,0.7822112807205762,0.055149584062744283,3.141592653589793,0.0,[1166]
1204,56,0.7914760755204153,0.0653661329554408,3.141592653589793,0.0,[1166]
1211,57,0.7987804036628553,0.08578297363502829,3.141592653589793,0.0,[1188]
1212,57,0.7995050141306823,0.039571686875365386,3.141592653589793,0.0,[1197]
1214,57,0.8034239635191017,0.06930421016930466,3.141592653589793,0.0,[1188 1197 1204]
1215,57,0.8044272561130468,0.053937741409044504,3.141592653589793,0.0,[1197 1204]
1232,58,0.8210890765726787,0.07377441443739907,3.141592653589793,0.0,[1211 1214]
1237,58,0.8288203086244001,0.032977191967666686,3.141592653589793,0.0,[1212 1215]
1239,59,0.830210908538933,0.03308407594815099,3.141592653589793,0.0,[1237]
1244,59,0.8367417112620987,0.06289905924035755,3.141592653589793,0.0,[1232]
1259,60,0.8495911255163625,0.05212660427145277,3.141592653589793,0.0,[1239 1244]
1264,61,0.8561926963007108,0.04941899379478987,3.141592653589793,0.0,[1259]
1281,62,0.8817899904825331,0.026933994053343957,3.141592653589793,0.0,[1264]
1283,63,0.8844821124499158,0.028219236432943773,3.141592653589793,0.0,[1281]
1286,64,0.8927305146107718,0.0260938574148325,3.141592653589793,0.0,[1283]
1290,65,0.9061617719989343,0.025683987576480494,3.141592653589793,0.0,[1286]
1302,66,0.9389230958831899,0.0043744830654453,3.141592653589793,0.0,[1290]
1306,67,0.9480769137299058,0.004232498337734869,0.0,0.0,[1302]
1308,68,0.9640635014499275,0.0038064987048087584,3.141592653589793,0.0,[1306]
1309,68,0.9697806720521951,0.0165043347396705,3.141592653589793,0.0,[1306]
1310,69,1.0,0.0,3.141592653589793,0.0,[1308 1309]
0,0,0.0,0.0,3.141592653589793,0.0,[]
1,1,0.006055991650813164,0.005464353776993058,3.141592653589793,0.0,[0]
2,1,0.006368761136936407,0.002504587197396324,0.0,0.0,[0]
4,2,0.014638161390696958,0.00714247096240217,0.0,0.0,[2]
5,2,0.019415219901421588,0.008324991182622532,3.141592653589793,0.0,[1 2]
6,3,0.02984244891148713,0.004941091116494545,3.141592653589793,0.0,[4 5]
8,4,0.03604880673578437,0.008972434624391346,3.141592653589793,0.0,[6]
9,5,0.039838701049738634,0.00684513415954513,3.141592653589793,0.0,[8]
15,5,0.07098703463169642,0.038048797308090965,3.141592653589793,0.0,[8]
21,6,0.07950758991579987,0.04215906592911778,3.141592653589793,0.0,[ 9 15]
23,7,0.08159664820622226,0.04319328281390633,3.141592653589793,0.0,[21]
28,8,0.09265505396472984,0.032848229155640674,3.141592653589793,0.0,[23]
29,8,0.09451508868219927,0.036627382909567685,3.141592653589793,0.0,[23]
42,9,0.11683923723950207,0.035202993056542176,3.141592653589793,0.0,[28 29]
50,10,0.1316192027118035,0.03600152580734706,3.141592653589793,0.0,[42]
59,11,0.1441760026521297,0.02932178622308179,3.141592653589793,0.0,[50]
65,11,0.1495600870226761,0.040344721771467085,3.141592653589793,0.0,[50]
71,12,0.1609327424879723,0.03202238752356168,3.141592653589793,0.0,[59 65]
78,13,0.1666123211837377,0.03572772504737198,3.141592653589793,0.0,[71]
85,13,0.16936917038089605,0.025722322750225235,3.141592653589793,0.0,[71]
97,14,0.18361154090433696,0.03566451248147995,3.141592653589793,0.0,[78 85]
103,15,0.18958346679002025,0.03402181220950595,3.141592653589793,0.0,[97]
126,16,0.206597715575494,0.040116744893101686,3.141592653589793,0.0,[103]
129,16,0.2116283047339932,0.030928695890343083,3.141592653589793,0.0,[103]
142,17,0.22501867796299724,0.02952441263712302,3.141592653589793,0.0,[126 129]
148,18,0.22941869168148976,0.029358161788370696,3.141592653589793,0.0,[142]
150,18,0.22955936101623176,0.028555628800393307,3.141592653589793,0.0,[142]
161,19,0.24330383570559744,0.01795978763271966,3.141592653589793,0.0,[148 150]
164,19,0.2475759930542557,0.031568300343244426,3.141592653589793,0.0,[148 150]
180,20,0.26139989008955267,0.017987221146726795,3.141592653589793,0.0,[161 164]
197,20,0.27215841518070305,0.0013998269027168941,3.141592653589793,0.0,[161]
228,21,0.2928098112318148,0.02397774126121799,3.141592653589793,0.0,[180]
229,21,0.2934246131058068,0.0017742805063419853,0.0,0.0,[180 197]
230,21,0.2941719115950442,0.012080042954010106,3.141592653589793,0.0,[180 197]
274,21,0.31745572404553934,0.04087074151793191,0.0,0.0,[197]
258,22,0.3075873331292044,0.014611293486367471,0.0,0.0,[229]
282,22,0.32399517797330557,0.0023422178299474794,3.141592653589793,0.0,[228 229 230]
293,22,0.32835532740342555,0.04672656748323656,0.0,0.0,[274]
295,23,0.32946417272687867,0.001337748248264492,0.0,0.0,[258 282]
299,23,0.33381326621379726,0.044454583388637614,0.0,0.0,[293]
316,24,0.3402220230706753,0.006414195662179489,3.141592653589793,0.0,[295]
356,24,0.36496456833754054,0.059006860095964786,0.0,0.0,[299]
326,25,0.34780308106196034,0.007037161262090308,3.141592653589793,0.0,[316]
390,25,0.37702000838461014,0.06478459496435085,0.0,0.0,[356]
397,25,0.3793367410811028,0.05139671555449754,0.0,0.0,[356]
333,26,0.35268276655617037,0.009929971364099899,3.141592653589793,0.0,[326]
411,26,0.38685357707165247,0.04531777341078436,0.0,0.0,[397]
418,26,0.39125768444927556,0.07420633966097168,0.0,0.0,[390]
345,27,0.35952634964558283,0.01302663259246628,3.141592653589793,0.0,[333]
433,27,0.39759934926574925,0.07973535661065523,0.0,0.0,[418]
447,27,0.40928747893720974,0.06472798957615522,0.0,0.0,[411 418]
367,28,0.36840966406036524,0.01952532826062403,3.141592653589793,0.0,[345]
461,28,0.4142667395237708,0.06628090878993242,0.0,0.0,[433 447]
476,28,0.42370156278415594,0.09533032350997928,0.0,0.0,[433]
486,28,0.4282657372074854,0.08372833800829316,0.0,0.0,[433]
393,29,0.377717353317383,0.023517971939029603,3.141592653589793,0.0,[367]
538,29,0.4513347449154457,0.08114254798141085,0.0,0.0,[461 476 486]
424,30,0.39446039594304416,0.035633910989444795,3.141592653589793,0.0,[393]
555,30,0.4620517236814641,0.09078800902909956,0.0,0.0,[538]
465,31,0.4167141484914759,0.026516990435714538,3.141592653589793,0.0,[424]
605,31,0.47621069413465145,0.08998398727461909,0.0,0.0,[555]
478,32,0.42438900463407825,0.021442348360421137,3.141592653589793,0.0,[465]
618,32,0.48038466122834866,0.09120756679438413,0.0,0.0,[605]
513,33,0.4424952284927508,0.020941525556308016,3.141592653589793,0.0,[478]
652,33,0.4942284090782064,0.08126692732483032,0.0,0.0,[618]
543,34,0.45498696233450575,0.02591542875251851,3.141592653589793,0.0,[513]
659,34,0.49672513967650667,0.08121964028292794,0.0,0.0,[652]
666,34,0.49978559167663195,0.07672971669464612,0.0,0.0,[652]
578,35,0.46881968969837307,0.025782635284246513,3.141592653589793,0.0,[543]
716,35,0.5179612745796889,0.09098457943106941,0.0,0.0,[659 666]
607,36,0.4763672316945622,0.03263887070583282,3.141592653589793,0.0,[578]
721,36,0.5205499849243566,0.09062520468056245,0.0,0.0,[716]
626,37,0.48351108133186205,0.031499997879739006,3.141592653589793,0.0,[607]
755,37,0.5345894928128405,0.08534199719130686,0.0,0.0,[721]
660,38,0.49729048644785356,0.04122570390659952,3.141592653589793,0.0,[626]
703,38,0.5137320253826135,0.02054985123113129,3.141592653589793,0.0,[626]
781,38,0.5505055250213128,0.08326922901134548,0.0,0.0,[755]
723,39,0.5221031883181959,0.04910503356598084,3.141592653589793,0.0,[660]
749,39,0.5317502837623995,0.06592714846137726,3.141592653589793,0.0,[660]
774,39,0.5459814288849378,0.004448229036895235,3.141592653589793,0.0,[660 703]
801,39,0.5579401402889763,0.07733707397596712,0.0,0.0,[781]
768,40,0.5435047121704161,0.05977014990268359,3.141592653589793,0.0,[723 749]
778,40,0.5491306268669361,0.0017146712128029984,3.141592653589793,0.0,[774]
785,40,0.552656180057933,0.02093843488647873,3.141592653589793,0.0,[723]
844,40,0.5750717328204171,0.09411702875640293,0.0,0.0,[801]
790,41,0.5550039125728913,0.06850417709421475,3.141592653589793,0.0,[768]
798,41,0.5568797552653627,0.007724743364830311,3.141592653589793,0.0,[778]
818,41,0.5637323728432325,0.028835712544257874,3.141592653589793,0.0,[785]
860,41,0.5824819845423029,0.10042257111343122,0.0,0.0,[844]
826,42,0.5682170665771528,0.07740147370094441,3.141592653589793,0.0,[790]
851,42,0.5771726456269259,0.0178111841648656,3.141592653589793,0.0,[798 818]
872,42,0.5896668266467097,0.10143340236407083,3.141592653589793,0.0,[790]
899,42,0.6028064344781786,0.09879902138288965,0.0,0.0,[860]
874,43,0.5904840297039928,0.02006572856972655,3.141592653589793,0.0,[851]
893,43,0.5980197134093117,0.09779236556833171,3.141592653589793,0.0,[826 872]
938,43,0.6263651732721635,0.11202483254640894,0.0,0.0,[899]
926,44,0.6204009401074064,0.11441210713398131,3.141592653589793,0.0,[893]
935,44,0.6242767740278148,0.002128840623803807,0.0,0.0,[874]
945,44,0.6331662177567383,0.11133795215989406,0.0,0.0,[938]
943,45,0.6314335624350249,0.0014719446024683558,0.0,0.0,[935]
960,45,0.6387182267450795,0.12160989128465916,3.141592653589793,0.0,[926]
964,45,0.6398187286229754,0.1087675965003897,0.0,0.0,[945]
969,46,0.6423169657029307,0.11907194463216997,3.141592653589793,0.0,[960]
977,46,0.6464275905415358,0.0017011253539883642,3.141592653589793,0.0,[943]
979,46,0.6470967937514649,0.10693572420324671,0.0,0.0,[964]
992,46,0.6531101809560936,0.09964106689538332,0.0,0.0,[964]
983,47,0.6485535923655623,0.1217932234167356,3.141592653589793,0.0,[969]
1005,47,0.6578985104629286,0.11637338106108341,0.0,0.0,[979]
1008,47,0.6597992882303441,0.0071994160104783544,0.0,0.0,[977]
1016,47,0.6631545651025241,0.107792986374873,0.0,0.0,[979 992]
1028,47,0.6690095904614782,0.12789120439382173,0.0,0.0,[979]
1000,48,0.6564679612799352,0.12735549995840645,3.141592653589793,0.0,[983]
1036,48,0.6779851469154776,0.02421305414659891,0.0,0.0,[1008]
1042,48,0.6797221293588648,0.0072782433484618325,0.0,0.0,[1008]
1057,48,0.6898090593979127,0.0979046774034501,0.0,0.0,[1005 1016]
1058,48,0.6924055152448748,0.13239731995705384,0.0,0.0,[1005 1016 1028]
1037,49,0.6781538982657825,0.1119837602458309,3.141592653589793,0.0,[1000]
1044,49,0.6808478737212494,0.10635466047393383,3.141592653589793,0.0,[1000]
1062,49,0.6970007212850453,0.13478808230762207,0.0,0.0,[1058]
1075,49,0.7043002709833108,0.101242744817579,0.0,0.0,[1057]
1076,49,0.7046007312795782,0.003612293180260573,0.0,0.0,[1036 1042]
1078,49,0.7050814674041151,0.10435493886964475,0.0,0.0,[1057]
1079,49,0.7051144732899609,0.010406852300155922,3.141592653589793,0.0,[1042]
1087,49,0.7075025636400999,0.04262828779985173,0.0,0.0,[1036]
1054,50,0.688658194690153,0.11570321631196578,3.141592653589793,0.0,[1037]
1063,50,0.6970300911752618,0.09330330794893238,3.141592653589793,0.0,[1037 1044]
1085,50,0.7063153538882165,0.13250407440761391,0.0,0.0,[1062]
1089,50,0.7085872524873191,0.003884142452924011,0.0,0.0,[1076]
1093,50,0.7122965083695519,0.09365167912460992,0.0,0.0,[1075]
1103,50,0.7157230429008813,0.10646047399142367,0.0,0.0,[1075 1078]
1106,50,0.7197507334936553,0.054779455074354,0.0,0.0,[1087]
1119,50,0.7245147672352912,0.013534021873638613,3.141592653589793,0.0,[1076 1079]
1084,51,0.7060224522842823,0.09426221837531545,3.141592653589793,0.0,[1063]
1105,51,0.7163816900230074,0.12232637087638387,3.141592653589793,0.0,[1054]
1116,51,0.7236068414690965,0.09909968151105131,0.0,0.0,[1093 1103]
1117,51,0.7239255514327492,0.05894601783656128,0.0,0.0,[1106]
1124,51,0.7257170484713332,0.020156244804353407,0.0,0.0,[1089]
1132,51,0.7310839480116134,0.1162770962119326,0.0,0.0,[1085 1103]
1135,51,0.7329478292875913,0.016361378370875146,3.141592653589793,0.0,[1089 1119]
1120,52,0.7248880617549008,0.129383736372087,3.141592653589793,0.0,[1105]
1121,52,0.7251182502806007,0.12299960733650905,3.141592653589793,0.0,[1105]
1123,52,0.725509293550107,0.1271707358419415,3.141592653589793,0.0,[1105]
1127,52,0.7273208839493238,0.11528331021790894,3.141592653589793,0.0,[1084 1105]
1138,52,0.7357110201276155,0.11887118410390862,0.0,0.0,[1132]
1139,52,0.7374581411516089,0.10988809815624823,0.0,0.0,[1116]
1141,52,0.7388934904883111,0.04572328155177108,0.0,0.0,[1117]
1155,52,0.7472214800634752,0.01696757580694519,3.141592653589793,0.0,[1135]
1156,52,0.7476663812153639,0.014746480600961398,0.0,0.0,[1124]
1157,52,0.7477835693398215,0.016178904166343044,3.141592653589793,0.0,[1135]
1150,53,0.743850175673999,0.14286814669841996,3.141592653589793,0.0,[1120 1123]
1153,53,0.7450362302418866,0.13219797955041068,3.141592653589793,0.0,[1120 1121 1123 1127]
1163,53,0.7520167493362351,0.034094659268102956,0.0,0.0,[1141]
1166,53,0.7541918900811905,0.014733581989588074,3.141592653589793,0.0,[1155 1157]
1169,53,0.755492812659805,0.0601757184751287,0.0,0.0,[1141]
1171,53,0.7580978518181437,0.021019207451910105,3.141592653589793,0.0,[1155 1157]
1178,53,0.7644068180861678,0.019736224230812338,0.0,0.0,[1156]
1181,53,0.7657376619877571,0.10077786133812894,0.0,0.0,[1138 1139]
1185,53,0.768737304644474,0.0879518516967378,0.0,0.0,[1138 1139]
1175,54,0.7602613688754365,0.13680606650478366,3.141592653589793,0.0,[1150 1153]
1179,54,0.764908796516257,0.017984236062624892,3.141592653589793,0.0,[1166 1171]
1183,54,0.7659045187441701,0.11661003915114687,3.141592653589793,0.0,[1153]
1195,54,0.7835227895601382,0.026889862902383266,0.0,0.0,[1163 1178]
1203,54,0.7880599209171848,0.09571879002912775,0.0,0.0,[1181 1185]
1205,54,0.7909658060089308,0.06655327558893642,0.0,0.0,[1163 1169 1185]
1180,55,0.7649925279031042,0.1399940783940603,3.141592653589793,0.0,[1175]
1190,55,0.7743343779403504,0.10914209368002381,3.141592653589793,0.0,[1183]
1213,55,0.7987546408048413,0.004898302536742838,0.0,0.0,[1179]
1215,55,0.7994749830245541,0.0009192940382696246,0.0,0.0,[1179]
1216,55,0.8046919649956452,0.08171678674547345,0.0,0.0,[1203]
1218,55,0.8058855934661352,0.04101971015560246,0.0,0.0,[1195]
1225,55,0.8092686348965413,0.045332210286099905,0.0,0.0,[1195]
1227,55,0.8117328112294572,0.06753368660639136,0.0,0.0,[1205]
1192,56,0.7775363147589038,0.1117209156715907,3.141592653589793,0.0,[1190]
1194,56,0.7786790585481915,0.14308587207157708,3.141592653589793,0.0,[1180]
1228,56,0.8150784821379652,0.08036528858851455,0.0,0.0,[1216]
1247,56,0.844474534228992,0.017011254686233768,0.0,0.0,[1213 1215 1218 1225]
1253,56,0.8571062522106142,0.03419732492421712,0.0,0.0,[1213 1215 1216 1218 1225 1227]
1206,57,0.7932535569821568,0.11992569982122636,3.141592653589793,0.0,[1192]
1208,57,0.7954218999594951,0.1129771422200665,3.141592653589793,0.0,[1192]
1210,57,0.7964974240135455,0.14340621898549755,3.141592653589793,0.0,[1194]
1262,57,0.8639418031242627,0.03305606262477245,0.0,0.0,[1228 1247 1253]
1266,57,0.8677348598149417,0.02780972109283575,0.0,0.0,[1228 1247 1253]
1214,58,0.7991685337442058,0.14460669451293817,3.141592653589793,0.0,[1210]
1219,58,0.8058869302759861,0.1350502640667134,3.141592653589793,0.0,[1210]
1233,58,0.8238671079191822,0.11595217455952467,3.141592653589793,0.0,[1206 1208]
1270,58,0.8757968899617866,0.02163020535859128,0.0,0.0,[1262 1266]
1230,59,0.8159805131119312,0.14413088045004996,3.141592653589793,0.0,[1214 1219]
1231,59,0.816843635267605,0.15578329373996025,3.141592653589793,0.0,[1214]
1237,59,0.8330948427601881,0.12453932638797927,3.141592653589793,0.0,[1214 1219 1233]
1272,59,0.8821991879666172,0.024123057574966023,0.0,0.0,[1270]
1244,60,0.842003276751372,0.1311179969354983,3.141592653589793,0.0,[1230 1231 1237]
1282,60,0.899772739320675,0.03259761222068347,0.0,0.0,[1272]
1283,60,0.9005155722184062,0.03519271190989304,0.0,0.0,[1272]
1286,60,0.9065503409493298,0.016840326104281766,0.0,0.0,[1272]
1265,61,0.8653520458723012,0.10941794259423532,3.141592653589793,0.0,[1244]
1296,61,0.9145272260254135,0.02124094936155907,0.0,0.0,[1282 1283 1286]
1268,62,0.8696827539855637,0.10531309923943999,3.141592653589793,0.0,[1265]
1297,62,0.9182360395982503,0.017686152143792877,0.0,0.0,[1296]
1302,62,0.9334750361497661,0.03487611935645896,0.0,0.0,[1296]
1281,63,0.8958173844209467,0.08747405456192592,3.141592653589793,0.0,[1268]
1303,63,0.9352493308338986,0.03374412991729503,0.0,0.0,[1297 1302]
1284,64,0.9037832506051215,0.08238310827635098,3.141592653589793,0.0,[1281]
1305,64,0.9426672378594897,0.03443416915464337,0.0,0.0,[1303]
1308,64,0.9593332220523622,0.010758124840260841,0.0,0.0,[1303]
1298,65,0.918518594548854,0.0754474265536621,3.141592653589793,0.0,[1284]
1306,65,0.9519483404336772,0.03780607694574378,3.141592653589793,0.0,[1284]
1309,65,0.982016441157027,0.006438034680698923,0.0,0.0,[1305 1308]
1310,66,1.0,0.0,3.141592653589793,0.0,[1298 1306 1309]
0,0,0.0,0.0,3.141592653589793,0.0,[]
1,1,0.02451763977530641,0.017483458380502137,3.141592653589793,0.0,[0]
2,1,0.02741343815215047,0.022957288554274147,3.141592653589793,0.0,[0]
7,2,0.049695513873258546,0.0254725903860038,3.141592653589793,0.0,[1 2]
9,3,0.05714213503554055,0.03115238450023705,3.141592653589793,0.0,[7]
10,4,0.0658612118687848,0.03708341959778261,3.141592653589793,0.0,[9]
14,5,0.0826619889980168,0.04915302515336173,3.141592653589793,0.0,[10]
17,6,0.0954868543421371,0.03715369659787582,3.141592653589793,0.0,[14]
20,7,0.1027357020153492,0.04268606211143955,3.141592653589793,0.0,[17]
23,8,0.10851926633984688,0.046143741062074084,3.141592653589793,0.0,[20]
61,9,0.15843826885901913,0.09354854730646789,3.141592653589793,0.0,[23]
70,10,0.16974773333599036,0.10257585697545257,3.141592653589793,0.0,[61]
75,11,0.17890883108492306,0.106148901617378,3.141592653589793,0.0,[70]
77,11,0.18044872183458782,0.09854405385800791,3.141592653589793,0.0,[70]
93,12,0.19649684474655804,0.10043025438826492,3.141592653589793,0.0,[75 77]
118,13,0.21577063151090747,0.10459444568076637,3.141592653589793,0.0,[93]
119,13,0.21690108744574288,0.11037321636341257,3.141592653589793,0.0,[93]
127,14,0.22456494098652113,0.10763377452979539,3.141592653589793,0.0,[118 119]
141,15,0.23290661082293884,0.11518446635185386,3.141592653589793,0.0,[127]
150,16,0.2388558079543054,0.11521810089083384,3.141592653589793,0.0,[141]
159,17,0.24456519608491634,0.11074020898259085,3.141592653589793,0.0,[150]
185,18,0.27654029339742925,0.10083777033755459,3.141592653589793,0.0,[159]
191,18,0.2788822432725673,0.09314725296970616,3.141592653589793,0.0,[159]
209,19,0.29483961905208633,0.09041833672991884,3.141592653589793,0.0,[185 191]
217,19,0.3005681195881398,0.07612056826536762,3.141592653589793,0.0,[191]
249,20,0.31899581019227785,0.08506565732020743,3.141592653589793,0.0,[209 217]
269,21,0.3307341664042971,0.0812081362330489,3.141592653589793,0.0,[249]
293,22,0.34451124721871096,0.09146684088055845,3.141592653589793,0.0,[269]
309,22,0.3507373154716277,0.07342474206286798,3.141592653589793,0.0,[269]
315,23,0.35416721230397197,0.086633013527181,3.141592653589793,0.0,[293]
343,23,0.3692749896942946,0.06751938002363034,3.141592653589793,0.0,[293 309]
336,24,0.36575378702248107,0.08141118586793417,3.141592653589793,0.0,[315]
349,24,0.3724565089929771,0.06492527357297873,3.141592653589793,0.0,[343]
361,25,0.3794374144041819,0.0732631889010752,3.141592653589793,0.0,[336]
369,25,0.38234072345831716,0.06327458372590988,3.141592653589793,0.0,[349]
396,25,0.3980916129227985,0.04248874026728389,3.141592653589793,0.0,[349]
408,26,0.4035179684727489,0.0473808484067586,3.141592653589793,0.0,[369 396]
429,26,0.410153925481896,0.06554234143001803,3.141592653589793,0.0,[361 369]
443,27,0.4189099320811639,0.054402176360329735,3.141592653589793,0.0,[408]
447,27,0.42137018432896334,0.05769606971716201,3.141592653589793,0.0,[408 429]
464,28,0.43127686367228835,0.058994007201133236,3.141592653589793,0.0,[443 447]
492,29,0.44094996441988277,0.05773062269448881,3.141592653589793,0.0,[464]
536,30,0.4570589646180725,0.05396618742570647,3.141592653589793,0.0,[492]
562,31,0.46951235208109743,0.04601151503954415,3.141592653589793,0.0,[536]
577,31,0.47713659269915343,0.07314262426813867,3.141592653589793,0.0,[536]
637,32,0.5010934056637357,0.05607112508862555,3.141592653589793,0.0,[562 577]
645,33,0.5045975348196837,0.05654070766020347,3.141592653589793,0.0,[637]
667,34,0.5110917782576763,0.05811018423819991,3.141592653589793,0.0,[645]
703,35,0.5262341346731715,0.05717748499727604,3.141592653589793,0.0,[667]
714,36,0.5314984205914048,0.05893539092581568,3.141592653589793,0.0,[703]
724,37,0.5351817874272435,0.06126253267390669,3.141592653589793,0.0,[714]
743,38,0.5405044321919754,0.06318827982739261,3.141592653589793,0.0,[724]
779,39,0.5522844869269359,0.05654283031770557,3.141592653589793,0.0,[743]
783,39,0.5547891019184362,0.06840608343539567,3.141592653589793,0.0,[743]
798,39,0.561611123593197,0.07814655961759942,3.141592653589793,0.0,[743]
828,40,0.5767818716284399,0.056905241873686174,3.141592653589793,0.0,[779 783]
857,40,0.5880943808552378,0.087232106823253,3.141592653589793,0.0,[779 783 798]
845,41,0.5834805770908167,0.05042437911290576,3.141592653589793,0.0,[828]
876,41,0.5981698575047179,0.08698449182852974,3.141592653589793,0.0,[857]
904,42,0.6158579771376491,0.05833498846615848,3.141592653589793,0.0,[845]
911,42,0.6193865375246623,0.07735474266076947,3.141592653589793,0.0,[845 876]
913,42,0.6196807225580858,0.07929342872415235,3.141592653589793,0.0,[845 876]
921,42,0.6231826197813084,0.019159513393310568,3.141592653589793,0.0,[845]
925,43,0.625533757787751,0.019189891359009503,3.141592653589793,0.0,[921]
991,43,0.6578868522466719,0.06936241204317828,3.141592653589793,0.0,[904 911 913]
953,44,0.6407965549705488,0.028681807109741997,3.141592653589793,0.0,[925]
999,44,0.6623598089707979,0.07081936101338415,3.141592653589793,0.0,[991]
1023,45,0.6736115934127763,0.07220666272660792,3.141592653589793,0.0,[999]
1033,45,0.6797165351792005,0.057879515722585206,3.141592653589793,0.0,[953 999]
1044,46,0.6879386625116589,0.0708203725862766,3.141592653589793,0.0,[1023]
1050,46,0.6897405695462109,0.05290668487762984,3.141592653589793,0.0,[1033]
1051,46,0.6897514504495909,0.06792557872706695,3.141592653589793,0.0,[1023]
1075,47,0.703045450093774,0.06357598643190898,3.141592653589793,0.0,[1044 1050 1051]
1090,48,0.7107680086590008,0.05898439428699054,3.141592653589793,0.0,[1075]
1116,49,0.7313653859171667,0.053246007354772806,3.141592653589793,0.0,[1090]
1123,50,0.7378624832045333,0.05854441313414849,3.141592653589793,0.0,[1116]
1144,51,0.7490170687296521,0.05840280947025467,3.141592653589793,0.0,[1123]
1157,52,0.7605326082416873,0.06892046657506423,3.141592653589793,0.0,[1144]
1182,53,0.7855653572859619,0.057908227096125975,3.141592653589793,0.0,[1157]
1185,53,0.7895898086214056,0.09102280170244847,3.141592653589793,0.0,[1157]
1186,54,0.7907501325844335,0.06085887287090286,3.141592653589793,0.0,[1182]
1192,54,0.799608265978587,0.08454041728530182,3.141592653589793,0.0,[1185]
1196,54,0.8025846131078519,0.07398375990260775,3.141592653589793,0.0,[1182]
1211,55,0.8187625985246942,0.07837397503621324,3.141592653589793,0.0,[1186 1192 1196]
1218,56,0.8234281105106375,0.07911622641966443,3.141592653589793,0.0,[1211]
1223,57,0.833643753301812,0.07187807352960263,3.141592653589793,0.0,[1218]
1238,58,0.8557487484202654,0.0595424527621321,3.141592653589793,0.0,[1223]
1256,59,0.8687592337031891,0.06245602163269315,3.141592653589793,0.0,[1238]
1258,59,0.8711876879660075,0.052547036279575354,3.141592653589793,0.0,[1238]
1260,59,0.8717869365872704,0.049109026383786336,3.141592653589793,0.0,[1238]
1268,60,0.884966595413152,0.04803032999737433,3.141592653589793,0.0,[1256 1258 1260]
1277,61,0.8984873831032083,0.04367350554753302,3.141592653589793,0.0,[1268]
1282,62,0.9080233137359757,0.03683421997399383,3.141592653589793,0.0,[1277]
1289,63,0.9184979590724051,0.031177510978733336,3.141592653589793,0.0,[1282]
1296,64,0.9324894781358052,0.023500714828329494,3.141592653589793,0.0,[1289]
1297,65,0.9357093797067008,0.021276105966136938,3.141592653589793,0.0,[1296]
1299,65,0.9401312544275449,0.02998459200381387,3.141592653589793,0.0,[1296]
1306,66,0.9568256165638083,0.033425716571352404,3.141592653589793,0.0,[1297 1299]
1307,67,0.9595536083711108,0.030949504922786142,3.141592653589793,0.0,[1306]
1310,68,1.0,0.0,3.141592653589793,0.0,[1307]
0,0,0.0,0.0,3.141592653589793,0.0,[]
1,1,0.012197497136430258,0.0042879501457473435,0.0,0.0,[0]
2,2,0.020632027958451316,0.0004933887165640138,3.141592653589793,0.0,[1]
4,3,0.024831203207354657,0.0007142844162316697,3.141592653589793,0.0,[2]
6,4,0.03971047319231025,0.012282308494494742,3.141592653589793,0.0,[4]
12,5,0.07520701103799088,0.03907736462737721,3.141592653589793,0.0,[6]
13,6,0.07748093732282257,0.039730331820965636,3.141592653589793,0.0,[12]
21,7,0.09048058277631255,0.04305965155370273,3.141592653589793,0.0,[13]
24,7,0.09526111909605883,0.0548929915634474,3.141592653589793,0.0,[13]
25,8,0.09565700062089832,0.045566111920732455,3.141592653589793,0.0,[21]
29,8,0.10964950073365332,0.059823216961872316,3.141592653589793,0.0,[21 24]
41,9,0.1293674462100074,0.05244877467818154,3.141592653589793,0.0,[25 29]
47,10,0.13654564072729325,0.05877230554760993,3.141592653589793,0.0,[41]
67,11,0.16764036521031644,0.0898401776445984,3.141592653589793,0.0,[47]
76,12,0.17884250194963103,0.07931769436874603,3.141592653589793,0.0,[67]
88,13,0.18807979657090712,0.0717712958522243,3.141592653589793,0.0,[76]
97,14,0.1968071369517852,0.06838811276594847,3.141592653589793,0.0,[88]
104,14,0.20234804675286666,0.08111437130771304,3.141592653589793,0.0,[88]
119,15,0.2169358024656468,0.06686066069185148,3.141592653589793,0.0,[ 97 104]
121,16,0.21864883946752467,0.06805541324192543,3.141592653589793,0.0,[119]
125,16,0.22059514357707488,0.06534847228153617,3.141592653589793,0.0,[119]
131,17,0.22521212918280675,0.06936281550361245,3.141592653589793,0.0,[121 125]
148,18,0.2340323154618611,0.07376958929497679,3.141592653589793,0.0,[131]
165,19,0.2494150888467701,0.07752137439948659,3.141592653589793,0.0,[148]
182,20,0.26444522128223813,0.08522031318985468,3.141592653589793,0.0,[165]
186,20,0.26698120614755105,0.06719069037627645,3.141592653589793,0.0,[165]
212,21,0.28132073683323267,0.0695698758583636,3.141592653589793,0.0,[182 186]
226,21,0.28997456377413966,0.08373650363015905,3.141592653589793,0.0,[182 186]
238,22,0.2959881256496558,0.07922101798709569,3.141592653589793,0.0,[212 226]
262,23,0.3080683356232832,0.08008310159655463,3.141592653589793,0.0,[238]
276,24,0.3176900866276642,0.08215735796187207,3.141592653589793,0.0,[262]
293,25,0.3295829869992344,0.07887334123811018,3.141592653589793,0.0,[276]
300,25,0.33499686818596786,0.086290774237204,3.141592653589793,0.0,[276]
308,25,0.3412911198048866,0.09840129204348125,3.141592653589793,0.0,[276]
306,26,0.34022789347021676,0.07641999049403214,3.141592653589793,0.0,[293]
337,26,0.3574855749896001,0.10210942577907645,3.141592653589793,0.0,[293 300 308]
342,26,0.3590004395886368,0.09625095182428034,3.141592653589793,0.0,[293 300 308]
347,26,0.3630840336688509,0.10993413461402668,3.141592653589793,0.0,[293 300 308]
360,26,0.37200953769580736,0.1189505881962829,3.141592653589793,0.0,[293 300 308]
336,27,0.35585569408036777,0.07865721280332394,3.141592653589793,0.0,[306]
344,27,0.36028364695527504,0.0889011206738507,3.141592653589793,0.0,[306]
350,27,0.3658254035951871,0.09610478476676942,3.141592653589793,0.0,[306 337 342]
386,27,0.39234943406614975,0.12397660402283361,3.141592653589793,0.0,[306 337 342 347 360]
397,27,0.3978861716029186,0.13365775893867737,3.141592653589793,0.0,[306 337 342 347 360]
368,28,0.3795180008672887,0.08237980931541977,3.141592653589793,0.0,[336 344]
396,28,0.3976839227289949,0.10387528744689756,3.141592653589793,0.0,[336 344 350]
416,28,0.4045809138184143,0.03535997807339686,3.141592653589793,0.0,[336]
418,28,0.4066038632713165,0.1380683783312383,3.141592653589793,0.0,[386 397]
428,29,0.40956809446950426,0.10115580952869885,3.141592653589793,0.0,[368 396]
430,29,0.41157126506123154,0.1412190447032865,3.141592653589793,0.0,[418]
444,29,0.4197315149344123,0.07931171906523715,3.141592653589793,0.0,[368]
455,29,0.42418751720827685,0.06442134562270807,3.141592653589793,0.0,[368]
488,29,0.4421497846050868,0.00778495692957637,3.141592653589793,0.0,[416]
440,30,0.4175645737723498,0.14222231672336993,3.141592653589793,0.0,[430]
475,30,0.43688433740063115,0.055872526028829195,3.141592653589793,0.0,[455]
480,30,0.4387625928660057,0.08497819725844358,3.141592653589793,0.0,[428 444]
485,30,0.44104576219306546,0.06922043831127223,3.141592653589793,0.0,[444 455]
532,30,0.4577333147845276,0.0032368335428849537,3.141592653589793,0.0,[488]
476,31,0.43714152145378016,0.1542056339277419,3.141592653589793,0.0,[440]
522,31,0.45400405039753644,0.0560979178747435,3.141592653589793,0.0,[475]
526,31,0.4552774251634222,0.07019052169409246,3.141592653589793,0.0,[475 480 485]
529,31,0.4560013750280182,0.05294423633465262,3.141592653589793,0.0,[475]
582,31,0.4826841084047445,0.011691034239823761,3.141592653589793,0.0,[475 532]
508,32,0.44738938772869996,0.1570112532749346,3.141592653589793,0.0,[476]
509,32,0.44781426754915654,0.15765441511098266,3.141592653589793,0.0,[476]
514,32,0.4499424534792612,0.14689520935932532,3.141592653589793,0.0,[476]
553,32,0.4650374043284202,0.06269480432269803,3.141592653589793,0.0,[522 526]
574,32,0.47816634744210895,0.035563365831737914,3.141592653589793,0.0,[522 529]
587,32,0.4859175370764116,0.008569812497881024,3.141592653589793,0.0,[582]
593,32,0.48805795002178076,0.02121926403510288,3.141592653589793,0.0,[529]
535,33,0.45828989974506895,0.16313044591526682,3.141592653589793,0.0,[508 509]
545,33,0.462701031958321,0.1377627820741011,3.141592653589793,0.0,[514]
597,33,0.48869932060241195,0.07725313583212479,3.141592653589793,0.0,[553]
644,33,0.5060981077996329,0.00521968963692554,0.0,0.0,[587]
653,33,0.508697954718446,0.005306359584117515,3.141592653589793,0.0,[574 587 593]
554,34,0.46597089668860336,0.16491336546947377,3.141592653589793,0.0,[535]
577,34,0.48142369465481993,0.1391377109903208,3.141592653589793,0.0,[545]
648,34,0.5071415619518169,0.06790099362228452,3.141592653589793,0.0,[597]
655,34,0.508723586162844,0.00493405955105497,0.0,0.0,[644]
661,34,0.5099939281628847,0.006480124054686898,3.141592653589793,0.0,[653]
570,35,0.47706770623160355,0.16036337650211363,3.141592653589793,0.0,[554]
585,35,0.4845790840505316,0.17709187042691732,3.141592653589793,0.0,[554]
592,35,0.4877168988625471,0.14400554526827114,3.141592653589793,0.0,[554 577]
671,35,0.5150833862803116,0.067890229329308,3.141592653589793,0.0,[648]
700,35,0.5243078303125549,0.00141853350551846,0.0,0.0,[655 661]
595,36,0.48825600911833567,0.17789610483842666,3.141592653589793,0.0,[585]
609,36,0.4929120661294394,0.1545740036955957,3.141592653589793,0.0,[570]
622,36,0.4977133943681121,0.13439634133370937,3.141592653589793,0.0,[592]
693,36,0.5222737294319091,0.0732713364548957,3.141592653589793,0.0,[671]
694,36,0.5224317797356623,0.07281383314091672,3.141592653589793,0.0,[671]
718,36,0.5277646782270385,0.0013575169464662418,0.0,0.0,[700]
663,37,0.5104945114615447,0.1657157325718942,3.141592653589793,0.0,[595 609]
665,37,0.5120041880330881,0.1294674908901392,3.141592653589793,0.0,[622]
670,37,0.5139202010123561,0.12349901893714854,3.141592653589793,0.0,[622]
726,37,0.5307167685662958,0.07916782966668645,3.141592653589793,0.0,[693 694]
730,37,0.5320854897661949,0.07272621970622262,3.141592653589793,0.0,[693 694]
750,37,0.54112467872305,0.01376530415479238,0.0,0.0,[718]
676,38,0.5166861597798718,0.17144008118567955,3.141592653589793,0.0,[663]
731,38,0.5325603911387808,0.11404224758050463,3.141592653589793,0.0,[665 670]
739,38,0.5375646355804471,0.10416666408110309,3.141592653589793,0.0,[665 670]
753,38,0.5421466501041796,0.09758836963134954,3.141592653589793,0.0,[670]
759,38,0.5438331090963041,0.08344477067200518,3.141592653589793,0.0,[726 730]
786,38,0.5575894259977063,0.021930746871220652,0.0,0.0,[750]
794,38,0.5591949542788711,0.01485936473745797,0.0,0.0,[750]
736,39,0.5353458685559067,0.16335206187782814,3.141592653589793,0.0,[676]
809,39,0.568345316098535,0.09849411419882481,3.141592653589793,0.0,[731 739 753 759]
827,39,0.5738428454667225,0.0855560020673215,3.141592653589793,0.0,[731 739 753 759]
831,39,0.575207731625202,0.07148096519923819,3.141592653589793,0.0,[731 739 753 759]
853,39,0.5852642004653836,0.00560836271288101,0.0,0.0,[786 794]
871,39,0.5936039460917596,0.052945646444068406,3.141592653589793,0.0,[739 753 759]
763,40,0.5460446366580092,0.1675777657600399,3.141592653589793,0.0,[736]
844,40,0.582238031486037,0.08588250460478142,3.141592653589793,0.0,[809 827]
879,40,0.5978935475326118,0.0062298627700388964,3.141592653589793,0.0,[853]
884,40,0.6009256352481999,0.05110792348759996,3.141592653589793,0.0,[831 871]
778,41,0.5550565235847871,0.16274777270375596,3.141592653589793,0.0,[763]
889,41,0.6036626565579529,0.009174799616519014,3.141592653589793,0.0,[879]
895,41,0.6067381838488097,0.06768133205917737,3.141592653589793,0.0,[844]
919,41,0.6178806035426886,0.04282351031445508,3.141592653589793,0.0,[884]
855,42,0.5856259530545553,0.13766301769330058,3.141592653589793,0.0,[778]
920,42,0.6194171244671998,0.06974105276527987,3.141592653589793,0.0,[895]
944,42,0.632323679851456,0.04618707694452162,3.141592653589793,0.0,[895 919]
965,42,0.6427334238538476,0.029905819729358685,3.141592653589793,0.0,[889 919]
883,43,0.6006172081807907,0.14184705609657422,3.141592653589793,0.0,[855]
986,43,0.6534176140508724,0.03871610109697832,3.141592653589793,0.0,[920 944 965]
997,43,0.6602022660372943,0.046385389798327736,3.141592653589793,0.0,[920 944 965]
942,44,0.6317817166477139,0.12072134742185037,3.141592653589793,0.0,[883]
1002,44,0.6613642572528345,0.046052012249294894,3.141592653589793,0.0,[986 997]
961,45,0.640684529891001,0.12001032755846208,3.141592653589793,0.0,[942]
1019,45,0.6712097036330764,0.04723012307932739,3.141592653589793,0.0,[1002]
1011,46,0.6670079749162628,0.10954294831794065,3.141592653589793,0.0,[961]
1027,46,0.6770097647132824,0.044178819353274945,3.141592653589793,0.0,[1019]
1018,47,0.6706225814309895,0.10969047522821318,3.141592653589793,0.0,[1011]
1054,47,0.6893629934503334,0.04388091107377079,3.141592653589793,0.0,[1027]
1040,48,0.6837644198089252,0.10621016073419809,3.141592653589793,0.0,[1018]
1085,48,0.7127612406944164,0.030207989192012286,3.141592653589793,0.0,[1054]
1047,49,0.686611777672184,0.10376773820911156,3.141592653589793,0.0,[1040]
1103,49,0.7248258906041573,0.026934576822882028,3.141592653589793,0.0,[1085]
1065,50,0.6946633106937244,0.10013029498044901,3.141592653589793,0.0,[1047]
1120,50,0.7375171042459926,0.015075726345596507,3.141592653589793,0.0,[1103]
1118,51,0.7364780228033486,0.08676057983561325,3.141592653589793,0.0,[1065]
1136,51,0.748682737054851,0.009470729504766906,3.141592653589793,0.0,[1120]
1127,52,0.7435351824584764,0.08455849215454003,3.141592653589793,0.0,[1118]
1149,52,0.7611351499287871,0.006230822384810097,3.141592653589793,0.0,[1136]
1143,53,0.7569400342734783,0.08670293431294152,3.141592653589793,0.0,[1127]
1152,53,0.7674581936766973,0.0066882670236156905,3.141592653589793,0.0,[1149]
1164,54,0.7752432602697201,0.06905525899048459,3.141592653589793,0.0,[1143]
1165,54,0.7753689127339604,0.0005310544351472268,0.0,0.0,[1152]
1177,55,0.783799787686978,0.06587679756599096,3.141592653589793,0.0,[1164]
1180,55,0.7886422613865702,0.012299163450380068,3.141592653589793,0.0,[1165]
1182,55,0.789809822529893,0.008472058934893112,3.141592653589793,0.0,[1165]
1184,55,0.792258928318915,0.05279680888923699,3.141592653589793,0.0,[1164]
1210,56,0.8102325270176275,0.002315062199947149,3.141592653589793,0.0,[1180 1182]
1213,56,0.8112997985062345,0.04181858675726802,3.141592653589793,0.0,[1177 1184]
1226,57,0.8284746946618877,0.03449428938712351,3.141592653589793,0.0,[1213]
1227,57,0.8286244374667615,0.030746603538651773,3.141592653589793,0.0,[1213]
1236,57,0.8343838739031761,0.02272854287451087,3.141592653589793,0.0,[1210 1213]
1246,58,0.8493428782924086,0.018119474853228068,3.141592653589793,0.0,[1226 1227 1236]
1250,59,0.8529227577846046,0.016040714682552526,3.141592653589793,0.0,[1246]
1254,60,0.8566268877127998,0.017279627263844022,3.141592653589793,0.0,[1250]
1255,60,0.8593275897833177,0.010485128103870367,3.141592653589793,0.0,[1250]
1256,61,0.8611800025691881,0.011778305969743386,3.141592653589793,0.0,[1255]
1257,61,0.8630494721012976,0.02182121469614562,3.141592653589793,0.0,[1254]
1270,62,0.8775450204310496,0.011073754014422899,3.141592653589793,0.0,[1256 1257]
1279,63,0.8908259378340572,0.022291731543514715,3.141592653589793,0.0,[1270]
1283,64,0.8950029706529052,0.022568653045770493,3.141592653589793,0.0,[1279]
1286,64,0.9010351094720866,0.015941514561459535,3.141592653589793,0.0,[1279]
1288,65,0.904359998121571,0.018766092067254547,3.141592653589793,0.0,[1283 1286]
1292,66,0.9203538471813943,0.016447578479148905,3.141592653589793,0.0,[1288]
1299,67,0.9282255554162634,0.01138489977329371,3.141592653589793,0.0,[1292]
1303,68,0.9403553038832253,0.0040462790741603305,3.141592653589793,0.0,[1299]
1306,68,0.948192017536915,0.012439177743471141,3.141592653589793,0.0,[1299]
1308,69,0.9739573284578724,0.0029349962606978197,0.0,0.0,[1303 1306]
1309,70,0.990947561490693,0.00882573194209979,0.0,0.0,[1308]
1310,71,1.0,0.0,3.141592653589793,0.0,[1309]
0,0,0.0,0.0,3.141592653589793,0.0,[]
1,1,0.020343856575266495,0.008142294817189755,3.141592653589793,0.0,[0]
6,2,0.030341524216025983,0.008217826413121188,3.141592653589793,0.0,[1]
7,3,0.041406592198456216,0.01463864775320256,3.141592653589793,0.0,[6]
9,4,0.048446925292286114,0.011354367507699248,3.141592653589793,0.0,[7]
13,5,0.0650121906522586,0.00235373372467762,3.141592653589793,0.0,[9]
21,6,0.08053176804697193,0.016890056354644023,3.141592653589793,0.0,[13]
26,6,0.09263383061279051,0.002479779191297604,0.0,0.0,[13]
32,6,0.10278252482739414,0.023086195050495917,0.0,0.0,[13]
37,6,0.1104492696103293,0.033396478691850584,0.0,0.0,[13]
22,7,0.08476251827624615,0.016500938932434317,3.141592653589793,0.0,[21]
33,7,0.10586193316778103,0.010712005099659527,0.0,0.0,[26]
38,7,0.1135560284222864,0.019686153898050618,0.0,0.0,[26 32]
39,7,0.116487704776289,0.029759032648628225,0.0,0.0,[32 37]
40,7,0.11872791351358758,0.038025340779679784,0.0,0.0,[32 37]
51,8,0.14639019602121317,0.050699682864959406,0.0,0.0,[33 38 39 40]
56,8,0.14936027276935693,0.06521241125940536,0.0,0.0,[40]
57,8,0.15085514363727903,0.04145338608890492,0.0,0.0,[22 33 38 39 40]
67,9,0.1675056178383515,0.056217415839241114,0.0,0.0,[51 56 57]
70,10,0.16829948484001156,0.05677300932699281,0.0,0.0,[67]
84,11,0.18334107510235065,0.06097038719124526,0.0,0.0,[70]
91,12,0.1940489860948862,0.05679578258247142,0.0,0.0,[84]
94,12,0.19710999817447927,0.051319709349088694,0.0,0.0,[84]
104,13,0.21006216617422124,0.050856008978144795,0.0,0.0,[91 94]
107,13,0.21117972526403128,0.05571979892864398,0.0,0.0,[91 94]
112,14,0.2153651532077,0.05596831630182908,0.0,0.0,[104 107]
134,15,0.2399483592489976,0.06787190104501684,0.0,0.0,[112]
158,16,0.2570177290046398,0.07142517637590184,0.0,0.0,[134]
187,17,0.28061430519800956,0.09200703229786844,0.0,0.0,[158]
189,17,0.28130861427671383,0.09342241235527704,0.0,0.0,[158]
198,18,0.29024370266800836,0.09654989904555977,0.0,0.0,[187 189]
212,19,0.29463915918500583,0.09277084565251403,0.0,0.0,[198]
232,20,0.3095507353155963,0.10073313313706977,0.0,0.0,[212]
242,20,0.3136272937543103,0.10959952423875563,0.0,0.0,[212]
251,20,0.3187110991592764,0.07882430503949545,0.0,0.0,[212]
264,21,0.3238578769116952,0.0780661986577208,0.0,0.0,[251]
272,21,0.32880851064805583,0.11165996328821937,0.0,0.0,[232 242]
286,22,0.3373043657213133,0.09061701067605732,0.0,0.0,[264]
299,22,0.34339478870717743,0.1113262757902227,0.0,0.0,[272]
311,23,0.3525450976475797,0.10378039418559204,0.0,0.0,[286 299]
340,24,0.36526906588511543,0.09876447541394318,0.0,0.0,[311]
371,25,0.37905685253843546,0.11203686123655521,0.0,0.0,[340]
383,26,0.3858553011485334,0.11354588864923443,0.0,0.0,[371]
404,27,0.39543598556836634,0.10855592271129832,0.0,0.0,[383]
431,28,0.4075337959223132,0.09793079114280268,0.0,0.0,[404]
475,29,0.42675895611159576,0.07878347118273143,0.0,0.0,[431]
483,30,0.4303303771528306,0.07949896640481602,0.0,0.0,[475]
498,31,0.43639859555451144,0.08424837078907232,0.0,0.0,[483]
527,32,0.4514690962711905,0.0824217545420689,0.0,0.0,[498]
531,33,0.45300966984041713,0.08094057763704554,0.0,0.0,[527]
546,34,0.4599471695570022,0.08738421987411871,0.0,0.0,[531]
550,34,0.46134576516304315,0.08521799614635739,0.0,0.0,[531]
590,34,0.4806395226025246,0.054027535461542264,0.0,0.0,[531]
657,35,0.5108109098525606,0.05004455904791305,0.0,0.0,[546 550 590]
660,36,0.5116871302551312,0.04921316659270902,0.0,0.0,[657]
714,37,0.5333843857578314,0.034872360754265364,0.0,0.0,[660]
757,38,0.5542869176143178,0.014319158262617315,0.0,0.0,[714]
770,38,0.558032839581517,0.03347923686703713,0.0,0.0,[714]
790,39,0.5673359199237248,0.03228401119126223,0.0,0.0,[770]
793,39,0.5676534632631935,0.012393873957689427,0.0,0.0,[757]
831,40,0.5855504658851723,0.01696299506473342,0.0,0.0,[790 793]
876,41,0.6035399474311831,0.028962091374538868,0.0,0.0,[831]
923,42,0.628515268544139,0.018695335371137878,0.0,0.0,[876]
933,43,0.6319026633860368,0.020985236752425696,0.0,0.0,[923]
962,44,0.6506147172227604,0.006589575352169752,0.0,0.0,[933]
967,44,0.6527365896726702,0.003252776152097292,0.0,0.0,[933]
992,45,0.6649960025943157,0.0016817818219337921,0.0,0.0,[962 967]
1014,46,0.6790681433330978,0.003563825605661819,3.141592653589793,0.0,[992]
1021,46,0.6823026964907146,0.00033152220493271045,0.0,0.0,[992]
1027,47,0.6870756054198172,0.0024313512736093834,3.141592653589793,0.0,[1014 1021]
1047,48,0.6979302714006377,0.0015544285603853458,0.0,0.0,[1027]
1082,49,0.7163362041920984,5.6824331858607025e-05,3.141592653589793,0.0,[1047]
1103,50,0.7312269545649711,0.010087836319319532,3.141592653589793,0.0,[1082]
1127,51,0.7465458917523147,0.01285375203140926,3.141592653589793,0.0,[1103]
1187,52,0.7895121598867086,0.038333356995040146,3.141592653589793,0.0,[1127]
1198,53,0.7943881534228976,0.04213095985723203,3.141592653589793,0.0,[1187]
1209,54,0.8046999884714299,0.03696502718057504,3.141592653589793,0.0,[1198]
1213,55,0.8068260143776859,0.035072927804135845,3.141592653589793,0.0,[1209]
1222,56,0.8152259596324676,0.042480683643825845,3.141592653589793,0.0,[1213]
1240,57,0.8318402162343297,0.04480526054519529,3.141592653589793,0.0,[1222]
1247,58,0.8409077886553704,0.05235575830692685,3.141592653589793,0.0,[1240]
1254,58,0.8490030642899429,0.03392682262877045,3.141592653589793,0.0,[1240]
1265,59,0.8566838383516208,0.03682904733384085,3.141592653589793,0.0,[1247 1254]
1278,60,0.8820109167214276,0.012798360395890218,3.141592653589793,0.0,[1265]
1288,61,0.9025960510258974,0.007553392246289481,0.0,0.0,[1278]
1295,62,0.9147974105421527,0.01721507794667687,0.0,0.0,[1288]
1297,63,0.920243897377825,0.014622322745458494,0.0,0.0,[1295]
1301,64,0.9283674544646698,0.010260939559651905,0.0,0.0,[1297]
1305,65,0.9508306723614918,0.025609535524793614,0.0,0.0,[1301]
1309,66,0.9746657617790763,0.007617457359991531,0.0,0.0,[1305]
1310,67,1.0,0.0,3.141592653589793,0.0,[1309]
0,0,0.0,0.0,3.141592653589793,0.0,[]
3,1,0.021488787645557395,0.00852244034045968,0.0,0.0,[0]
4,1,0.024480059292426803,0.011896439990128682,0.0,0.0,[0]
7,1,0.03664323375211176,0.028930002014949885,0.0,0.0,[0]
8,2,0.042805375112198285,0.02901533370096554,0.0,0.0,[3 4 7]
12,3,0.0663218527008228,0.048875462816744264,0.0,0.0,[8]
14,4,0.07624908628209692,0.05500585820181225,0.0,0.0,[12]
21,5,0.0865600473813436,0.047572446048626094,0.0,0.0,[14]
27,6,0.10444870711898013,0.037556136218342195,0.0,0.0,[21]
34,6,0.11739168285927204,0.061825683482959026,0.0,0.0,[21]
42,7,0.1310524352318453,0.0540891659801378,0.0,0.0,[27 34]
53,8,0.14546530653852108,0.06752380783080958,0.0,0.0,[42]
59,9,0.1546375712191932,0.07188765030608801,0.0,0.0,[53]
68,10,0.16475499845713482,0.061964002120234785,0.0,0.0,[59]
70,11,0.165856133108797,0.06172137065125294,0.0,0.0,[68]
75,12,0.17541866573305165,0.05611353087442872,0.0,0.0,[70]
91,13,0.18934901007299,0.04816174026572795,0.0,0.0,[75]
118,14,0.20366428299457895,0.05819164415694733,0.0,0.0,[91]
120,14,0.2090308545864804,0.05221142112109689,0.0,0.0,[91]
128,15,0.21683640959661388,0.05952182949713436,0.0,0.0,[118 120]
141,16,0.23135645276472938,0.0481052437043209,0.0,0.0,[128]
161,17,0.24662567541947378,0.03615191931052508,0.0,0.0,[141]
166,18,0.2505371982068134,0.03235731531337571,0.0,0.0,[161]
195,19,0.26325939819757826,0.028695977468724987,0.0,0.0,[166]
204,20,0.271235100835313,0.02288847808847083,0.0,0.0,[195]
242,21,0.2979628456983049,0.025834687642691034,0.0,0.0,[204]
244,22,0.29939218801389667,0.025477894528203704,0.0,0.0,[242]
263,23,0.3121955945426197,0.033915257768861395,0.0,0.0,[244]
281,24,0.3248510046202877,0.025216023243482266,0.0,0.0,[263]
292,24,0.33175067482279275,0.03212226090691017,0.0,0.0,[263]
336,25,0.3587049246115529,0.03981340956206392,0.0,0.0,[281 292]
344,25,0.3615730797067458,0.05169934088295547,0.0,0.0,[281 292]
363,26,0.3724660979427845,0.04579397622880743,0.0,0.0,[336 344]
383,27,0.3860453105125582,0.05606774842714579,0.0,0.0,[363]
394,27,0.391422746144252,0.03687295219384423,0.0,0.0,[363]
407,28,0.3991175168030944,0.03477086292351328,0.0,0.0,[394]
414,28,0.4036181282714446,0.029466293653437003,0.0,0.0,[394]
419,28,0.40510342269607047,0.05615730843240341,0.0,0.0,[383]
441,29,0.41708639131524683,0.060423691712334526,0.0,0.0,[419]
451,29,0.4218516698532342,0.037516324937743595,0.0,0.0,[407 414]
493,30,0.4376191470738259,0.041186353887649796,0.0,0.0,[441 451]
516,31,0.44643563642948525,0.04980454426183334,0.0,0.0,[493]
534,32,0.45323246181046695,0.052798540605333066,0.0,0.0,[516]
584,33,0.472658768430402,0.04705334497573155,0.0,0.0,[534]
611,34,0.48292774711175457,0.050440144889822736,0.0,0.0,[584]
634,35,0.49526785908239834,0.060757759346539375,0.0,0.0,[611]
689,36,0.5136872954568891,0.05011666113490787,0.0,0.0,[634]
706,36,0.5190618240066814,0.04211423470430031,0.0,0.0,[634]
703,37,0.5183134115081202,0.05052797083288951,0.0,0.0,[689]
710,37,0.5210437305022225,0.04259087842533671,0.0,0.0,[706]
739,37,0.533762639786029,0.027694031606170788,0.0,0.0,[706]
772,38,0.5500271754881556,0.03028056321353867,0.0,0.0,[703 710 739]
774,39,0.5515717036309659,0.030899814126904124,0.0,0.0,[772]
788,39,0.557031690348884,0.024916624695679346,0.0,0.0,[772]
812,40,0.5700947260896115,0.029640863819598295,0.0,0.0,[774 788]
823,41,0.5748763350753436,0.029555634098336392,0.0,0.0,[812]
824,42,0.575130983947968,0.029759479748658557,0.0,0.0,[823]
902,43,0.6076400785057128,0.05428224558899908,0.0,0.0,[824]
922,44,0.620205282291458,0.05418807040244611,0.0,0.0,[902]
970,45,0.6437980586505397,0.0646594003184554,0.0,0.0,[922]
1021,46,0.6729520621164734,0.06757506267849134,0.0,0.0,[970]
1029,47,0.6756864352501876,0.0669092550542828,0.0,0.0,[1021]
1031,48,0.6765301986524322,0.06611087293990836,0.0,0.0,[1029]
1083,49,0.7082461912513403,0.06278471496534488,0.0,0.0,[1031]
1091,50,0.7143442663113769,0.06495292021301735,0.0,0.0,[1083]
1107,51,0.7218255168038922,0.06098746291696899,0.0,0.0,[1091]
1121,52,0.732749057299884,0.06955286810797989,0.0,0.0,[1107]
1136,53,0.7424675956517068,0.07499982223319879,0.0,0.0,[1121]
1146,54,0.7469213850732285,0.07300114771846256,0.0,0.0,[1136]
1157,55,0.7541385173972553,0.07184575851546393,0.0,0.0,[1146]
1168,56,0.7688893166043289,0.07511060713762563,0.0,0.0,[1157]
1193,57,0.7942893397940818,0.08313727969634765,0.0,0.0,[1168]
1199,57,0.7976824994868779,0.09235056365902772,0.0,0.0,[1168]
1208,58,0.8078289338262935,0.07267185982834401,0.0,0.0,[1193]
1210,58,0.8092743610393369,0.0814480778319907,0.0,0.0,[1193 1199]
1212,59,0.8122274602582277,0.0701389182761416,0.0,0.0,[1208]
1214,59,0.8125876097779061,0.08021127835561581,0.0,0.0,[1210]
1215,59,0.8130925349328978,0.08412141046394306,0.0,0.0,[1210]
1232,60,0.822851313924416,0.09324524996711614,0.0,0.0,[1215]
1236,60,0.8308701587092193,0.0646292077268531,0.0,0.0,[1212 1214]
1248,61,0.8408251272339443,0.06059128548642079,0.0,0.0,[1236]
1251,61,0.8444995833258491,0.07267678891203933,0.0,0.0,[1232 1236]
1259,62,0.85367854363964,0.06683178759378394,0.0,0.0,[1248 1251]
1262,63,0.8609359302675522,0.06304823263326598,0.0,0.0,[1259]
1264,64,0.864619364060148,0.0638885983650449,0.0,0.0,[1262]
1279,65,0.8936340667453956,0.0371811189557365,0.0,0.0,[1264]
1283,66,0.9006680309646101,0.03428508484323989,0.0,0.0,[1279]
1289,67,0.9190885628263982,0.03214934647670209,0.0,0.0,[1283]
1292,67,0.9267601004790076,0.018859549018878874,0.0,0.0,[1283]
1294,67,0.9287756771997078,0.01601138955261472,0.0,0.0,[1283]
1298,68,0.9352008120499661,0.013881942138232684,0.0,0.0,[1292 1294]
1299,68,0.9374786357381362,0.029520817882145223,0.0,0.0,[1289 1292]
1302,69,0.9458480171476791,0.023748351471598927,0.0,0.0,[1298 1299]
1304,69,0.9587448962948465,0.00362125678679015,3.141592653589793,0.0,[1298]
1305,70,0.964149408706073,0.013798289091305316,0.0,0.0,[1302]
1306,70,0.9703532781202223,0.004008490371930962,0.0,0.0,[1302 1304]
1307,70,0.9767884556988459,0.019111269497187333,3.141592653589793,0.0,[1304]
1308,71,0.982779174808868,0.009225950835694219,0.0,0.0,[1305 1306]
1309,71,0.9938155026809375,0.002434006282056367,3.141592653589793,0.0,[1305 1306 1307]
1310,72,1.0,0.0,3.141592653589793,0.0,[1308 1309]
0,0,0.0,0.0,3.141592653589793,0.0,[]
1,1,0.017002833350835078,0.012760957898892089,0.0,0.0,[0]
2,2,0.01895595167569275,0.012936157725785491,0.0,0.0,[1]
3,3,0.020230317854268987,0.013628253947414737,0.0,0.0,[2]
5,4,0.02637698305980729,0.015886456338109145,0.0,0.0,[3]
6,5,0.055237966749320355,0.008678222741396402,3.141592653589793,0.0,[5]
15,6,0.07437678191482078,0.018035398592786467,3.141592653589793,0.0,[6]
19,7,0.08597134234092774,0.009955042687539106,3.141592653589793,0.0,[15]
20,7,0.0874324222033287,0.013397526403638116,3.141592653589793,0.0,[15]
24,7,0.09397173779437429,0.020703786552705994,3.141592653589793,0.0,[15]
26,8,0.1058811982249156,0.005767060027182858,0.0,0.0,[19]
27,8,0.1088417646609029,0.010153599378319611,0.0,0.0,[19]
29,8,0.11016484118104763,0.010714701148251682,3.141592653589793,0.0,[19 20 24]
34,9,0.12693587154252983,0.006713286904883042,3.141592653589793,0.0,[26 27 29]
43,10,0.13658246367971139,0.009868871441188642,3.141592653589793,0.0,[34]
53,11,0.14594452888465037,0.011738649783695876,3.141592653589793,0.0,[43]
77,12,0.17345025963375593,0.0333245494181702,3.141592653589793,0.0,[53]
92,13,0.1879429528014922,0.020114722725525835,3.141592653589793,0.0,[77]
97,14,0.19005721366396933,0.01986954233221294,3.141592653589793,0.0,[92]
102,15,0.19619209408752591,0.017342371299839066,3.141592653589793,0.0,[97]
111,16,0.20377411662890343,0.024358206042130237,3.141592653589793,0.0,[102]
115,17,0.20814187673960793,0.02318576045648335,3.141592653589793,0.0,[111]
137,17,0.22638293728901437,0.04440320184007285,3.141592653589793,0.0,[111]
123,18,0.21457857005651093,0.01975971983682978,3.141592653589793,0.0,[115]
140,18,0.23066534178741127,0.04474280631255667,3.141592653589793,0.0,[115 137]
150,19,0.23867772214337746,0.008929733461309541,3.141592653589793,0.0,[123]
164,19,0.24812606339265264,0.0486986790033892,3.141592653589793,0.0,[123 140]
157,20,0.2446683158849121,0.006764335390094356,3.141592653589793,0.0,[150]
173,20,0.25128234835393437,0.019755782188627946,3.141592653589793,0.0,[150]
198,20,0.26729515713675633,0.017107561508549196,0.0,0.0,[150]
205,20,0.2720461866560244,0.06760077488683913,3.141592653589793,0.0,[164]
191,21,0.25999946953990993,0.003056296819085147,0.0,0.0,[157]
200,21,0.2675554931841495,0.03285711656997137,3.141592653589793,0.0,[173]
218,21,0.2811533085254516,0.06576572805117409,3.141592653589793,0.0,[205]
221,21,0.2858524102207187,0.03487248270315413,0.0,0.0,[198]
214,22,0.27761007314720265,0.03545069287120872,3.141592653589793,0.0,[200]
215,22,0.2794890281568153,0.005598110373014387,0.0,0.0,[191]
220,22,0.2848188021881284,0.008921434265332207,3.141592653589793,0.0,[191]
226,22,0.2900212806111284,0.06818881945332511,3.141592653589793,0.0,[218]
228,22,0.29014599193188884,0.07186144873169353,3.141592653589793,0.0,[218]
253,22,0.3053745104661648,0.05412792663910326,0.0,0.0,[221]
224,23,0.2880948979416509,0.04037771865447193,3.141592653589793,0.0,[214]
244,23,0.3002109042401213,0.07787022318235148,3.141592653589793,0.0,[226 228]
251,23,0.30500570929152293,0.015327639050591868,3.141592653589793,0.0,[214 215 220]
299,23,0.3312042608167667,0.03501773675686093,0.0,0.0,[215 220 253]
266,24,0.31513175999693566,0.010408616815763216,3.141592653589793,0.0,[251]
269,24,0.31651995446409187,0.0688592468489071,3.141592653589793,0.0,[244]
288,24,0.32322775873527887,0.02509204583578939,3.141592653589793,0.0,[224 251]
305,24,0.336626301885695,0.030552653090057724,0.0,0.0,[299]
296,25,0.3274037596366395,0.06539190270996897,3.141592653589793,0.0,[269]
309,25,0.33848816776834556,0.02246148407084192,3.141592653589793,0.0,[266 288]
315,25,0.3423507615064745,0.030682581705415823,0.0,0.0,[305]
318,25,0.34501650153716956,0.03591554906931471,0.0,0.0,[305]
300,26,0.332940758376317,0.06041501654263692,3.141592653589793,0.0,[296]
339,26,0.3593652282151272,0.021113406942535717,3.141592653589793,0.0,[309]
341,26,0.36086464041690325,0.0009838738707733663,3.141592653589793,0.0,[309]
358,26,0.37045628365005534,0.036216753887332254,0.0,0.0,[315 318]
345,27,0.36485665195283545,0.037912434445641296,3.141592653589793,0.0,[300]
368,27,0.37643109942119235,0.03209011031290088,0.0,0.0,[358]
382,27,0.37992193248518935,0.014905409463197516,3.141592653589793,0.0,[300 339 341]
384,27,0.3800398972725735,0.015855413130082208,3.141592653589793,0.0,[300 339 341]
386,27,0.3808190444625439,0.018470830132294225,3.141592653589793,0.0,[300 339 341]
383,28,0.3799700762569339,0.023725802155967313,3.141592653589793,0.0,[345]
406,28,0.38919430606311267,0.01307909453077516,3.141592653589793,0.0,[382 384 386]
410,28,0.3911330408668239,0.021763221713715142,0.0,0.0,[368]
428,28,0.39681226178520723,0.00429119222000518,3.141592653589793,0.0,[382 384 386]
465,29,0.41676390869145474,0.002281295580661258,0.0,0.0,[383 406 410 428]
472,30,0.42226353142399364,0.0012573832196575152,0.0,0.0,[465]
491,31,0.427746034754249,0.003804595807504918,0.0,0.0,[472]
497,32,0.42962077155397593,0.005159148198933594,0.0,0.0,[491]
552,33,0.45701280985677384,0.026412992918719125,0.0,0.0,[497]
555,33,0.4575782771173287,0.014146538529205444,0.0,0.0,[497]
608,34,0.4784721765424026,0.008734715136550553,0.0,0.0,[552 555]
625,35,0.48572717803913046,0.008568629826315899,0.0,0.0,[608]
690,36,0.5089690183141659,0.01293411637228059,0.0,0.0,[625]
714,37,0.5163590658123852,0.019112813664636574,0.0,0.0,[690]
729,38,0.5199931147616104,0.018559170436635797,0.0,0.0,[714]
750,39,0.5316652522772676,0.01084789799236785,0.0,0.0,[729]
763,40,0.5369471461882301,0.0068002048714963514,0.0,0.0,[750]
799,41,0.5549013182116885,0.011048149670384588,3.141592653589793,0.0,[763]
815,42,0.5614319197867713,0.010308588015102593,3.141592653589793,0.0,[799]
834,42,0.5698912901270066,0.021093457001047367,3.141592653589793,0.0,[799]
861,43,0.5801856623366013,0.002617932210037588,0.0,0.0,[815]
896,43,0.5969661080454006,0.02177112236402412,3.141592653589793,0.0,[815 834]
889,44,0.5930469068144227,0.011543187364924434,0.0,0.0,[861]
900,44,0.59858346693894,0.02099524711948797,0.0,0.0,[861]
905,44,0.6024459516940452,0.004838902599355044,3.141592653589793,0.0,[861]
912,44,0.607134392826589,0.01679381354414,3.141592653589793,0.0,[861 896]
921,45,0.6120074023965777,0.01637775589348922,3.141592653589793,0.0,[912]
935,45,0.620514658170836,0.007718812098533645,0.0,0.0,[889 900 905]
961,46,0.638245651809462,0.002826176764189947,3.141592653589793,0.0,[921 935]
973,46,0.6432372003554514,0.00922153417671534,3.141592653589793,0.0,[921 935]
984,47,0.6510604241244198,0.007132086337513388,3.141592653589793,0.0,[961 973]
993,48,0.6577243066882068,0.005160951393100577,3.141592653589793,0.0,[984]
1015,49,0.6688642472877959,0.003960715021035122,0.0,0.0,[993]
1041,50,0.6779621267988016,0.002682123458066732,3.141592653589793,0.0,[1015]
1070,51,0.6954518350342317,0.014641787508686499,3.141592653589793,0.0,[1041]
1071,51,0.6974092168759066,0.01241845066631464,3.141592653589793,0.0,[1041]
1078,52,0.6997731491760526,0.01144295771714987,3.141592653589793,0.0,[1070 1071]
1084,53,0.7029762605985637,0.011788025613469921,3.141592653589793,0.0,[1078]
1104,54,0.712195192683735,0.01733419842634598,3.141592653589793,0.0,[1084]
1128,55,0.7305996699634447,0.008269352172133537,3.141592653589793,0.0,[1104]
1139,56,0.7376506142658112,0.011534332636885414,3.141592653589793,0.0,[1128]
1160,56,0.755755487874606,0.0312119205363538,3.141592653589793,0.0,[1128]
1174,57,0.7657018121182168,0.023542703860571335,3.141592653589793,0.0,[1139 1160]
1188,57,0.7759791153369406,0.0415149476734854,3.141592653589793,0.0,[1139 1160]
1206,58,0.7882870870012779,0.03663078937613906,3.141592653589793,0.0,[1174 1188]
1208,59,0.7907001076069357,0.036650379012641676,3.141592653589793,0.0,[1206]
1217,60,0.8004560929939208,0.028218920084070342,3.141592653589793,0.0,[1208]
1220,60,0.8031570105600221,0.038363177055052766,3.141592653589793,0.0,[1208]
1226,60,0.810522908994213,0.04574799185930134,3.141592653589793,0.0,[1208]
1239,61,0.827802587436683,0.02978413633706556,3.141592653589793,0.0,[1217 1220 1226]
1251,62,0.8417657686837124,0.024315648778198362,3.141592653589793,0.0,[1239]
1256,63,0.8557442417693225,0.015495163781703014,3.141592653589793,0.0,[1251]
1262,64,0.8691353937906992,0.01171396781422862,3.141592653589793,0.0,[1256]
1270,65,0.8815751117236964,0.004468060705673849,3.141592653589793,0.0,[1262]
1279,66,0.8920674294907425,0.005789652682299362,0.0,0.0,[1270]
1280,66,0.8924462970633896,0.0038069153661557387,0.0,0.0,[1270]
1290,67,0.9083538160579584,0.0007708076704676659,0.0,0.0,[1279 1280]
1299,68,0.9265058639000407,0.0035320216504663993,3.141592653589793,0.0,[1290]
1303,69,0.939246516547945,0.008700120939659994,3.141592653589793,0.0,[1299]
1307,70,0.9691307600966296,0.014010376499961952,0.0,0.0,[1303]
1308,71,0.9803215342560699,0.009315777315911156,0.0,0.0,[1307]
1309,71,0.980737675530573,0.015840992365953377,0.0,0.0,[1307]
1310,72,1.0,0.0,3.141592653589793,0.0,[1308 1309]
0,0,0.0,0.0,3.141592653589793,0.0,[]
1,1,0.021243112926024654,0.02105666122392358,0.0,0.0,[0]
3,2,0.03176715000957553,0.03039107499935867,0.0,0.0,[1]
7,3,0.0511348197914383,0.015965735150696325,0.0,0.0,[3]
10,4,0.05962669875595672,0.013489092639437539,0.0,0.0,[7]
16,5,0.07302460641626873,0.004859307100935739,0.0,0.0,[10]
18,6,0.0750723977738793,0.005611345486855046,0.0,0.0,[16]
24,7,0.09417523667665417,0.011382644068598124,3.141592653589793,0.0,[18]
34,8,0.10318436355762173,0.007508029932904892,3.141592653589793,0.0,[24]
39,9,0.11715851725388837,0.006763910019041308,3.141592653589793,0.0,[34]
44,10,0.1302146025668166,0.002037224134140425,3.141592653589793,0.0,[39]
53,11,0.14481640742739965,0.005314043308105476,0.0,0.0,[44]
57,12,0.14970665010000594,0.009187431327795315,0.0,0.0,[53]
68,13,0.15772963221244618,0.00800018487779297,0.0,0.0,[57]
101,14,0.20106901046197934,0.03352199911143516,3.141592653589793,0.0,[68]
110,15,0.2061471444606885,0.038466724359215054,3.141592653589793,0.0,[101]
126,16,0.22977993879533432,0.04377966534843947,3.141592653589793,0.0,[110]
136,17,0.23721491412678508,0.046188570948567764,3.141592653589793,0.0,[126]
165,18,0.25959528958542033,0.06031061859743081,3.141592653589793,0.0,[136]
181,19,0.26961314215817633,0.06739951097169417,3.141592653589793,0.0,[165]
195,20,0.27619573317448387,0.07208579803031678,3.141592653589793,0.0,[181]
211,21,0.2860578017818357,0.06432280726809092,3.141592653589793,0.0,[195]
225,22,0.29649254841152006,0.06832107599328352,3.141592653589793,0.0,[211]
252,23,0.3134262267838718,0.07814792358387734,3.141592653589793,0.0,[225]
291,24,0.3328311802283257,0.07160374976689066,3.141592653589793,0.0,[252]
344,25,0.3634514589644918,0.08166799287626281,3.141592653589793,0.0,[291]
352,26,0.36787508523131696,0.08013574250903976,3.141592653589793,0.0,[344]
385,27,0.38551852825851995,0.06759414247438589,3.141592653589793,0.0,[352]
434,28,0.41164064917273835,0.06208581740699992,3.141592653589793,0.0,[385]
444,29,0.4183601992746425,0.06107764409171923,3.141592653589793,0.0,[434]
512,30,0.447681763258321,0.048485839271654285,3.141592653589793,0.0,[444]
531,31,0.45698834238968045,0.04105246960969666,3.141592653589793,0.0,[512]
547,32,0.46415999159559596,0.03749387485717448,3.141592653589793,0.0,[531]
581,33,0.47269452861839056,0.045702522583860206,3.141592653589793,0.0,[547]
589,34,0.47690813340785654,0.04513917413370083,3.141592653589793,0.0,[581]
609,35,0.48399279199351886,0.04426281745249705,3.141592653589793,0.0,[589]
623,36,0.4906035585174342,0.03938483978544294,3.141592653589793,0.0,[609]
668,37,0.5050827444944271,0.051978453228275656,3.141592653589793,0.0,[623]
684,38,0.5109950456053792,0.05456074531341093,3.141592653589793,0.0,[668]
768,39,0.5464778383620519,0.08410348922753519,3.141592653589793,0.0,[684]
817,40,0.5673790578717575,0.09660883754136529,3.141592653589793,0.0,[768]
832,41,0.5724818796756462,0.09941327856762838,3.141592653589793,0.0,[817]
848,42,0.5808251584826893,0.10773857083343819,3.141592653589793,0.0,[832]
858,43,0.5870401293915024,0.10159900529255439,3.141592653589793,0.0,[848]
905,44,0.603575278291604,0.09861528550134702,3.141592653589793,0.0,[858]
932,45,0.6159238752078968,0.10099737501563943,3.141592653589793,0.0,[905]
939,46,0.6217547976752952,0.09873685657564923,3.141592653589793,0.0,[932]
991,47,0.65109281415367,0.07886616450944084,3.141592653589793,0.0,[939]
1003,48,0.6586199287140506,0.08468908940832576,3.141592653589793,0.0,[991]
1020,49,0.6759878153337167,0.09831741292796914,3.141592653589793,0.0,[1003]
1031,49,0.682075917533441,0.10522096143160675,3.141592653589793,0.0,[1003]
1055,50,0.6993302622512291,0.11590593165701835,3.141592653589793,0.0,[1020 1031]
1058,51,0.7013247405321503,0.11542779866152508,3.141592653589793,0.0,[1055]
1093,52,0.7286738845158879,0.09388387736786152,3.141592653589793,0.0,[1058]
1099,53,0.7308400649221394,0.09462404420547987,3.141592653589793,0.0,[1093]
1116,54,0.742114575253733,0.09107629932700989,3.141592653589793,0.0,[1099]
1118,54,0.7428224875917929,0.10571325425944922,3.141592653589793,0.0,[1099]
1140,55,0.7625811099648139,0.09028410455139868,3.141592653589793,0.0,[1116 1118]
1156,56,0.7735997076590219,0.09745593619692872,3.141592653589793,0.0,[1140]
1158,56,0.7742529895886271,0.07997885755037348,3.141592653589793,0.0,[1140]
1182,57,0.7954138477458982,0.09755966256411563,3.141592653589793,0.0,[1156 1158]
1204,58,0.8235279277418648,0.10606119454603058,3.141592653589793,0.0,[1182]
1215,58,0.8314016292828835,0.08654820194744484,3.141592653589793,0.0,[1182]
1205,59,0.8259286181045471,0.10758912891830819,3.141592653589793,0.0,[1204]
1218,59,0.8347781867580317,0.08502354075388574,3.141592653589793,0.0,[1215]
1225,60,0.8395294445444078,0.08644212191110179,3.141592653589793,0.0,[1218]
1227,60,0.8399158321040461,0.08710234710582976,3.141592653589793,0.0,[1218]
1228,60,0.8405266629102134,0.08333464527729462,3.141592653589793,0.0,[1218]
1232,60,0.8429972080637664,0.09056347071646476,3.141592653589793,0.0,[1205 1218]
1246,61,0.8581389063013227,0.06930912923446686,3.141592653589793,0.0,[1225 1227 1228]
1250,61,0.862117338452516,0.0814165255740209,3.141592653589793,0.0,[1225 1227 1228 1232]
1255,61,0.8651289623207262,0.08935634485840205,3.141592653589793,0.0,[1225 1227 1228 1232]
1267,62,0.8759932707265881,0.07893285478397505,3.141592653589793,0.0,[1246 1250 1255]
1268,62,0.8767304177546975,0.0562140251790848,3.141592653589793,0.0,[1246]
1271,63,0.8827915556413445,0.08176075456278964,3.141592653589793,0.0,[1267]
1282,63,0.8990273331880496,0.0403159463211471,3.141592653589793,0.0,[1268]
1283,63,0.8991451412578483,0.035578489077466635,3.141592653589793,0.0,[1268]
1281,64,0.8953262774136407,0.0751269391746936,3.141592653589793,0.0,[1271]
1286,64,0.9075499183110968,0.03252122581603645,3.141592653589793,0.0,[1282 1283]
1289,65,0.9148924607101736,0.03187571368468056,3.141592653589793,0.0,[1286]
1295,65,0.9267022339902349,0.051498660660834306,3.141592653589793,0.0,[1281 1286]
1297,66,0.9315077234563809,0.0381997257308172,3.141592653589793,0.0,[1289]
1298,66,0.932432189516178,0.04709419820678529,3.141592653589793,0.0,[1289 1295]
1302,67,0.9419628413667226,0.03723211085413991,3.141592653589793,0.0,[1297]
1303,67,0.9421107925584669,0.041764624484321056,3.141592653589793,0.0,[1297 1298]
1306,68,0.9620074102015318,0.01720804441135315,3.141592653589793,0.0,[1302]
1308,68,0.9656301873772097,0.029266993332805136,3.141592653589793,0.0,[1302 1303]
1310,69,1.0,0.0,3.141592653589793,0.0,[1306 1308]
0,0,0.0,0.0,3.141592653589793,0.0,[]
1,1,0.02663963494131716,0.0034441887240381774,0.0,0.0,[0]
2,2,0.036704697466749536,0.009154884215405001,0.0,0.0,[1]
3,3,0.046811408215585604,0.004996301458626506,0.0,0.0,[2]
4,4,0.05710009770395108,0.0092011386664399,0.0,0.0,[3]
10,5,0.07703575085995096,0.021112058401558387,0.0,0.0,[4]
12,5,0.07802094184543251,0.011618719947431466,3.141592653589793,0.0,[4]
16,6,0.09200141641267012,0.007203681314917332,3.141592653589793,0.0,[12]
19,6,0.09626288373337832,0.006184679526034964,0.0,0.0,[10 12]
22,7,0.10100416217992791,0.010579141121840774,0.0,0.0,[19]
27,7,0.10537174808047944,0.003120491373811096,0.0,0.0,[16 19]
36,8,0.11308858229002694,0.004766152476441854,0.0,0.0,[22 27]
37,8,0.11577023737641567,0.015533104042841583,0.0,0.0,[22]
43,9,0.12295371238257591,0.00888843824059371,0.0,0.0,[36 37]
50,10,0.13718338729700474,0.00018887424955793541,3.141592653589793,0.0,[43]
61,11,0.15058311823184856,2.8021153029467172e-05,0.0,0.0,[50]
77,12,0.17148882256096476,0.010044963573633714,3.141592653589793,0.0,[61]
95,13,0.1882344941285211,0.010919992446780546,3.141592653589793,0.0,[77]
112,14,0.2064838870089336,0.016491425676321225,3.141592653589793,0.0,[95]
134,15,0.2217528777097555,0.027093576184127888,3.141592653589793,0.0,[112]
135,15,0.2223517533482371,0.028005027321765574,3.141592653589793,0.0,[112]
149,16,0.23411405211583225,0.03523496124486769,3.141592653589793,0.0,[134 135]
168,17,0.2517281359482162,0.025900229792888974,3.141592653589793,0.0,[149]
183,17,0.25883859189988867,0.05650773788905461,3.141592653589793,0.0,[149]
195,17,0.2711549006877837,0.07028299004874783,3.141592653589793,0.0,[149]
188,18,0.26611623646774074,0.02608438302113425,3.141592653589793,0.0,[168]
191,18,0.2689636199077782,0.01289873307670042,3.141592653589793,0.0,[168]
194,18,0.2704240394005728,0.060225162044784786,3.141592653589793,0.0,[183]
199,18,0.27463748532637333,0.07375206892486519,3.141592653589793,0.0,[195]
210,19,0.280004920735456,0.007992109486631094,3.141592653589793,0.0,[191]
217,19,0.28522660197400385,0.05559882209529743,3.141592653589793,0.0,[194]
228,19,0.2921038218658163,0.06331351666003548,3.141592653589793,0.0,[194 199]
231,19,0.2922279206287136,0.08221126810663326,3.141592653589793,0.0,[199]
239,19,0.2959251914808452,0.09347372544149413,3.141592653589793,0.0,[199]
245,19,0.2985152525938144,0.03982737907398548,3.141592653589793,0.0,[188 191 194]
218,20,0.2859841702630076,0.007966524983544221,3.141592653589793,0.0,[210]
270,20,0.3101243504568201,0.045610298162834906,3.141592653589793,0.0,[217 228 245]
272,20,0.31038169277644034,0.08341208330841965,3.141592653589793,0.0,[231 239]
276,20,0.3141798664627439,0.10081896422063163,3.141592653589793,0.0,[231 239]
260,21,0.3057617381778367,0.00769388712592578,3.141592653589793,0.0,[218]
291,21,0.320816906938698,0.07747132397157652,3.141592653589793,0.0,[272]
299,21,0.32345469802382054,0.034154025834900126,3.141592653589793,0.0,[218 270]
308,21,0.32675996286887,0.03850297805337044,3.141592653589793,0.0,[218 270]
320,21,0.3371930689451248,0.11837229368703617,3.141592653589793,0.0,[276]
288,22,0.31927054096100593,0.0020974895475195376,0.0,0.0,[260]
311,22,0.3313537560263835,0.07141398739260618,3.141592653589793,0.0,[291]
316,22,0.334819868673801,0.03267017078951695,3.141592653589793,0.0,[260 299 308]
317,22,0.33498395000732895,0.06613018264662296,3.141592653589793,0.0,[291]
344,22,0.3471276724825416,0.12368875277482971,3.141592653589793,0.0,[320]
335,23,0.3440133599722516,0.03445094930670556,3.141592653589793,0.0,[316]
338,23,0.34445570690905447,0.05715249533595945,3.141592653589793,0.0,[317]
352,23,0.3519266553629544,0.009223521547875091,3.141592653589793,0.0,[288]
356,23,0.35485411780652854,0.07358777567155739,3.141592653589793,0.0,[311 317]
366,23,0.3600030307306058,0.13112755451695723,3.141592653589793,0.0,[344]
372,24,0.3636340585552298,0.020276702953247017,3.141592653589793,0.0,[335 352]
394,24,0.37575306636987027,0.1426216820131755,3.141592653589793,0.0,[366]
397,24,0.37661542148327354,0.08423012815235265,3.141592653589793,0.0,[338 356]
390,25,0.3733396310779594,0.019525262881967542,3.141592653589793,0.0,[372]
407,25,0.38126751924556856,0.0860053949956554,3.141592653589793,0.0,[397]
410,25,0.38180752457887435,0.1368345731673979,3.141592653589793,0.0,[394]
406,26,0.38119061192755566,0.020142533786610795,3.141592653589793,0.0,[390]
414,26,0.3841127059210504,0.08404117087564789,3.141592653589793,0.0,[407]
473,26,0.40866547082356985,0.14609897273446726,3.141592653589793,0.0,[410]
443,27,0.39510973905415225,0.029870538353995113,3.141592653589793,0.0,[406]
446,27,0.39584619483974115,0.031080197432911127,3.141592653589793,0.0,[406]
451,27,0.39895437947989987,0.09304993821197283,3.141592653589793,0.0,[414]
459,27,0.4037686803760938,0.07095325981934253,3.141592653589793,0.0,[414]
497,27,0.4241302443611126,0.13331424352524557,3.141592653589793,0.0,[473]
466,28,0.40553309329765497,0.03390521804838054,3.141592653589793,0.0,[443 446]
496,28,0.424063687229838,0.08168172247921024,3.141592653589793,0.0,[451 459]
500,28,0.4255709838527315,0.10349681479432793,3.141592653589793,0.0,[451]
539,28,0.44131069917428634,0.1289283341706121,3.141592653589793,0.0,[451 497]
509,29,0.4295378905838845,0.026892447938615227,3.141592653589793,0.0,[466]
526,29,0.43586150545781754,0.009666127300702598,3.141592653589793,0.0,[466]
569,29,0.4574373246430019,0.11417842504019737,3.141592653589793,0.0,[496 500 539]
552,30,0.4482877896920574,0.01397521904165977,3.141592653589793,0.0,[509 526]
577,30,0.4596079963190669,0.11397068495958096,3.141592653589793,0.0,[569]
570,31,0.4585643447480443,0.01503590746969985,3.141592653589793,0.0,[552]
603,31,0.4701228598678444,0.1102302189386426,3.141592653589793,0.0,[577]
609,32,0.47357248074149483,0.11124506063771622,3.141592653589793,0.0,[603]
631,32,0.48599214741633534,0.03668690159121202,3.141592653589793,0.0,[570]
621,33,0.4823579371097566,0.10933593651371643,3.141592653589793,0.0,[609]
644,33,0.49331857504279175,0.04224036682058263,3.141592653589793,0.0,[631]
696,34,0.5096215807331987,0.08695192706898802,3.141592653589793,0.0,[621]
716,34,0.517602403372242,0.055428459306857136,3.141592653589793,0.0,[644]
711,35,0.5162983354016448,0.08172939450941175,3.141592653589793,0.0,[696]
737,35,0.5225506848355446,0.05346887671465428,3.141592653589793,0.0,[716]
740,35,0.5241702539396883,0.05562124261973789,3.141592653589793,0.0,[716]
742,36,0.5243385583801137,0.07545244696741571,3.141592653589793,0.0,[711]
779,36,0.5349208962320343,0.05614592638124072,3.141592653589793,0.0,[737 740]
805,37,0.5477958407443847,0.057409059728676604,3.141592653589793,0.0,[742 779]
832,38,0.5584962251565241,0.047531147944717245,3.141592653589793,0.0,[805]
859,39,0.5741238933200257,0.044457062921234636,3.141592653589793,0.0,[832]
900,40,0.5924582133593402,0.047869128405462646,3.141592653589793,0.0,[859]
903,40,0.5943283041705347,0.05989040973269277,3.141592653589793,0.0,[859]
927,41,0.6072602067320144,0.06419567826473538,3.141592653589793,0.0,[903]
928,41,0.6073311714869898,0.05612135731626988,3.141592653589793,0.0,[900 903]
941,42,0.6149626051973041,0.06336047151113477,3.141592653589793,0.0,[927 928]
953,42,0.618698351522193,0.057058460320907334,3.141592653589793,0.0,[927 928]
974,43,0.6300764243651096,0.0557925025014433,3.141592653589793,0.0,[941 953]
990,44,0.6394070115794341,0.06030204782941806,3.141592653589793,0.0,[974]
1016,45,0.6544598096048743,0.05036292354330796,3.141592653589793,0.0,[990]
1046,46,0.6731042382057062,0.0490774623888347,3.141592653589793,0.0,[1016]
1073,47,0.699462844250912,0.07018879329113437,3.141592653589793,0.0,[1046]
1088,48,0.7117448272704373,0.06584726618195114,3.141592653589793,0.0,[1073]
1100,49,0.720157346441615,0.070590920651603,3.141592653589793,0.0,[1088]
1117,50,0.7280028977018561,0.07451125815748594,3.141592653589793,0.0,[1100]
1121,50,0.7296332770402848,0.07183087555528067,3.141592653589793,0.0,[1100]
1143,51,0.746288311442644,0.08185187150529871,3.141592653589793,0.0,[1117 1121]
1144,51,0.7465071235575205,0.08974919836228623,3.141592653589793,0.0,[1117]
1151,51,0.7501723070224187,0.07346313254949988,3.141592653589793,0.0,[1117 1121]
1145,52,0.7470533307955557,0.08232087206323202,3.141592653589793,0.0,[1143]
1158,52,0.7581222292837523,0.09470475252192179,3.141592653589793,0.0,[1144]
1162,52,0.7599062727022439,0.06731709429015331,3.141592653589793,0.0,[1151]
1172,53,0.766023041749922,0.09338317921403572,3.141592653589793,0.0,[1145 1158]
1174,53,0.7669739891427919,0.06272486394181964,3.141592653589793,0.0,[1145 1162]
1198,54,0.7837319803684407,0.08596578609833361,3.141592653589793,0.0,[1172]
1200,54,0.7848686525859218,0.07678400879050007,3.141592653589793,0.0,[1172 1174]
1209,55,0.7963415142088708,0.07468797175529396,3.141592653589793,0.0,[1198 1200]
1211,55,0.7979077380060909,0.06510987012610392,3.141592653589793,0.0,[1200]
1221,56,0.809454594198067,0.06909793601713421,3.141592653589793,0.0,[1209 1211]
1245,57,0.8334169200351373,0.04786843181746059,3.141592653589793,0.0,[1221]
1254,58,0.8426936563667564,0.041912988449065325,3.141592653589793,0.0,[1245]
1271,59,0.8808786956600263,0.008048436451104535,3.141592653589793,0.0,[1254]
1276,60,0.8911737248839705,0.00088507444629915,0.0,0.0,[1271]
1277,60,0.8912512776181987,0.011723656675723282,3.141592653589793,0.0,[1271]
1285,61,0.9128930435634784,0.005425993035284682,3.141592653589793,0.0,[1276 1277]
1287,62,0.9162110030061429,0.006220263131850978,3.141592653589793,0.0,[1285]
1288,62,0.9188642151081162,0.002807866005796411,3.141592653589793,0.0,[1285]
1294,62,0.9305055412401249,0.008850632932950186,0.0,0.0,[1285]
1293,63,0.9270397563192456,0.015473812624412608,3.141592653589793,0.0,[1287]
1297,63,0.9346553690425323,0.001686746256556404,3.141592653589793,0.0,[1287 1288]
1300,63,0.9456303194246326,0.01019542368643478,0.0,0.0,[1287 1288 1294]
1298,64,0.9377863836494684,0.017599212011754406,3.141592653589793,0.0,[1293]
1303,64,0.9606943891765083,0.00811274000323814,0.0,0.0,[1293 1297 1300]
1304,65,0.9644643822039597,0.008221891649087154,3.141592653589793,0.0,[1298]
1305,65,0.9644956814511155,0.01165876180457337,0.0,0.0,[1303]
1308,66,0.9893920990043359,0.001621754829557398,0.0,0.0,[1304 1305]
1309,67,0.9928371019122185,0.0003489635058645524,3.141592653589793,0.0,[1308]
1310,68,1.0,0.0,3.141592653589793,0.0,[1309]
0,0,0.0,0.0,3.141592653589793,0.0,[]
1,1,0.021129750871270447,0.01787481015465986,0.0,0.0,[0]
2,2,0.03732359900139626,0.003477495713522627,0.0,0.0,[1]
3,2,0.03747396558354332,0.0019071494027910196,0.0,0.0,[1]
4,2,0.03776476466660872,0.016679703315275463,0.0,0.0,[1]
5,2,0.04200218010041101,0.009143300238235286,0.0,0.0,[1]
6,2,0.04247547826360176,0.024563458078853295,0.0,0.0,[1]
10,3,0.05684643528797029,0.0036299560554267085,3.141592653589793,0.0,[2 3 5]
16,3,0.06742096185610968,0.010601389230546765,0.0,0.0,[2 3 4 5 6]
19,4,0.07346193722966221,0.01117474774562388,0.0,0.0,[10 16]
23,5,0.08422373946733996,0.014512480825735974,0.0,0.0,[19]
26,6,0.08938189329344648,0.009993795743937217,0.0,0.0,[23]
35,7,0.11257478285347411,0.012695120911251356,3.141592653589793,0.0,[26]
40,8,0.12005668950271164,0.020173492938182824,3.141592653589793,0.0,[35]
43,9,0.12758625151262826,0.021073504638656648,3.141592653589793,0.0,[40]
53,10,0.14833985588689635,0.012045975661342356,3.141592653589793,0.0,[43]
66,11,0.15778986391157923,0.015563868932083946,3.141592653589793,0.0,[53]
71,12,0.1665571122989259,0.009169402728816833,3.141592653589793,0.0,[66]
95,13,0.19213400270147962,0.007422375289321104,0.0,0.0,[71]
118,14,0.213299910464675,0.012964026378036175,0.0,0.0,[95]
122,15,0.2168992093033143,0.013854575856788731,0.0,0.0,[118]
130,16,0.2214051899753603,0.011188030300233742,0.0,0.0,[122]
133,17,0.22334445254096114,0.012437204774543464,0.0,0.0,[130]
153,18,0.24717673050583489,0.03415569408390373,0.0,0.0,[133]
166,19,0.2581116543000177,0.023713487213924633,0.0,0.0,[153]
167,19,0.25830009174499136,0.04236035497642998,0.0,0.0,[153]
178,20,0.26295300322960335,0.027813467764821076,0.0,0.0,[166]
187,20,0.26902753503446364,0.051276914393887596,0.0,0.0,[167]
200,21,0.2821783596618851,0.011400118592603481,0.0,0.0,[178]
224,21,0.3010693727101491,0.07913551946352437,0.0,0.0,[187]
241,22,0.3118839311112961,0.004559540016549568,3.141592653589793,0.0,[200]
243,22,0.312286482467765,0.010709654836234317,0.0,0.0,[200]
256,22,0.321291215874541,0.0252712452627617,0.0,0.0,[200]
264,22,0.32656943884094003,0.08060977361931632,0.0,0.0,[224]
257,23,0.32160847410835003,0.0015910550460660478,0.0,0.0,[241 243]
268,23,0.3277801190880316,0.029207765976700606,0.0,0.0,[256]
279,23,0.33313078733457524,0.07833106165303994,0.0,0.0,[264]
282,24,0.33442284913465314,0.003189773641304794,3.141592653589793,0.0,[257]
283,24,0.334479928879004,0.07863870745699475,0.0,0.0,[279]
293,24,0.34062432791760444,0.008854920672696442,0.0,0.0,[257]
295,24,0.342408389855533,0.02898892379603868,0.0,0.0,[268]
304,25,0.35015588981109524,0.07322997330856484,0.0,0.0,[283]
326,25,0.36757741977463365,0.005535187922812046,0.0,0.0,[282 293 295]
334,26,0.37234689211185856,0.08440645292337923,0.0,0.0,[304]
339,26,0.3744674447999282,0.011542714848679969,0.0,0.0,[326]
346,27,0.37857966733730086,0.0861170712608319,0.0,0.0,[334]
378,27,0.3946491045941597,0.0054948157209459,3.141592653589793,0.0,[339]
397,27,0.4076379922487706,0.009296430463303307,0.0,0.0,[339]
366,28,0.3882779184743612,0.0828303609819071,0.0,0.0,[346]
394,28,0.40463093238742254,0.062292388156077516,0.0,0.0,[346]
420,28,0.4176410246622241,0.001555298335071953,0.0,0.0,[378 397]
400,29,0.4084520491752499,0.06372688807280824,0.0,0.0,[366 394]
432,29,0.4242365565360472,0.0006061862142497931,0.0,0.0,[420]
426,30,0.4225097429171921,0.07326918946280125,0.0,0.0,[400]
446,30,0.4320813660559615,0.0035234369846055547,3.141592653589793,0.0,[432]
445,31,0.43141623647662264,0.07673282725975183,0.0,0.0,[426]
466,31,0.4392135431680525,0.007326461890483582,3.141592653589793,0.0,[446]
463,32,0.4384282766387708,0.08003741659513075,0.0,0.0,[445]
495,32,0.44930552557003045,0.004592895784021667,3.141592653589793,0.0,[466]
513,33,0.4551100718989258,0.005696908374084653,3.141592653589793,0.0,[495]
544,33,0.4679373630041139,0.0688492907457906,0.0,0.0,[463]
565,33,0.47559673301591343,0.08215011508238834,0.0,0.0,[463]
540,34,0.4661792368298685,0.009209056808742733,3.141592653589793,0.0,[513]
590,34,0.48284486083357003,0.06347865201366565,0.0,0.0,[544]
602,34,0.4862265057568561,0.07243774733911057,0.0,0.0,[544 565]
587,35,0.481843840569969,0.0028105110740757056,0.0,0.0,[540]
634,35,0.4949378192003462,0.06569751953043623,0.0,0.0,[590 602]
614,36,0.4896135609469403,0.001205698263712418,0.0,0.0,[587]
647,36,0.500814129290427,0.06537479547997793,0.0,0.0,[634]
631,37,0.4940019765822178,0.0006747509597830881,3.141592653589793,0.0,[614]
663,37,0.505298743772596,0.06237629662618771,0.0,0.0,[647]
696,37,0.5179084491190056,0.07502177342320704,0.0,0.0,[647]
670,38,0.5070260259274756,0.012098605553615527,0.0,0.0,[631]
681,38,0.5113724809182169,0.006325282479737737,0.0,0.0,[631]
705,38,0.5217013780222644,0.07799453076269147,0.0,0.0,[663 696]
707,38,0.5230825219119253,0.08005330396982424,0.0,0.0,[663 696]
720,39,0.5280408112925277,0.07586014980612898,0.0,0.0,[705 707]
734,39,0.5326612313317285,0.011923127313953952,3.141592653589793,0.0,[670 681]
737,40,0.5340433408178399,0.012024425075888301,3.141592653589793,0.0,[734]
752,40,0.5421104525205307,0.07066993516268671,0.0,0.0,[720]
759,41,0.5444645378005278,0.06839567927847756,0.0,0.0,[752]
786,41,0.5531963853591496,0.006562304167858635,3.141592653589793,0.0,[737]
788,41,0.5554313133098238,0.03254437206219829,3.141592653589793,0.0,[737]
803,41,0.5622418087626981,0.025119832569911127,3.141592653589793,0.0,[737]
809,41,0.563637771037946,0.019075271177606545,3.141592653589793,0.0,[737]
805,42,0.5629409389034501,0.0829125319590045,0.0,0.0,[759]
826,42,0.5687474259323501,0.01589572510402737,3.141592653589793,0.0,[786 809]
828,42,0.5694215070220385,0.02096103674398886,3.141592653589793,0.0,[786 788 803 809]
850,42,0.581649308859825,0.03750630776911146,3.141592653589793,0.0,[788 803]
827,43,0.5689498346923255,0.08650652830899896,0.0,0.0,[805]
901,43,0.600677026158211,0.03707794633491979,3.141592653589793,0.0,[826 828 850]
887,44,0.5952727025592173,0.06198909098564964,0.0,0.0,[827]
907,44,0.6040015459635464,0.03816087584068928,3.141592653589793,0.0,[901]
896,45,0.5984560435491488,0.05998894753096451,0.0,0.0,[887]
942,45,0.6192662131804388,0.052683613144081876,3.141592653589793,0.0,[907]
970,46,0.6324404275409214,0.04365698844803523,0.0,0.0,[896]
991,46,0.6417995880580607,0.05582073474822291,3.141592653589793,0.0,[942]
976,47,0.6355727858178926,0.04118642007141704,0.0,0.0,[970]
1004,47,0.6511949292206577,0.04823072052774757,3.141592653589793,0.0,[991]
1007,48,0.6536585562284691,0.023700555790693523,0.0,0.0,[976]
1020,48,0.6595130818208936,0.046076202801254684,3.141592653589793,0.0,[1004]
1033,49,0.6681902033545556,0.04010876977213251,3.141592653589793,0.0,[1020]
1043,49,0.674108435444734,0.030709599402883092,0.0,0.0,[1007]
1039,50,0.6720768826183744,0.041095956208788365,3.141592653589793,0.0,[1033]
1048,50,0.6793447662256593,0.03164786324229374,3.141592653589793,0.0,[1033]
1068,50,0.6909586712085659,0.033895250765423324,0.0,0.0,[1043]
1073,51,0.6965144344269254,0.02783597714949959,3.141592653589793,0.0,[1039 1048]
1087,51,0.704591549551687,0.022415218031663686,0.0,0.0,[1068]
1107,51,0.7199256664717171,0.004280522141584919,3.141592653589793,0.0,[1039 1048]
1108,51,0.720278039014842,0.0035317252569155855,3.141592653589793,0.0,[1039 1048]
1095,52,0.7123846393646415,0.027225144398904777,0.0,0.0,[1087]
1097,52,0.7126115425717203,0.033362582101890026,3.141592653589793,0.0,[1073]
1119,52,0.7275297847607888,0.003116734482935035,0.0,0.0,[1073 1087 1107 1108]
1112,53,0.7235309539178448,0.017771122545245488,0.0,0.0,[1095]
1123,53,0.7341631973843088,0.0028600226445651966,0.0,0.0,[1119]
1128,53,0.7367068515838138,0.03730267663858966,3.141592653589793,0.0,[1097]
1132,53,0.7385497226321776,0.009341348583481235,3.141592653589793,0.0,[1097]
1135,54,0.7422982702817922,0.008457240882928763,3.141592653589793,0.0,[1132]
1142,54,0.7471818028367184,0.0020159240472945594,3.141592653589793,0.0,[1112 1123 1132]
1148,54,0.748386141608691,0.048724822604466866,3.141592653589793,0.0,[1128]
1155,55,0.752765057093201,0.05169049088890976,3.141592653589793,0.0,[1148]
1170,55,0.769480004342822,0.012309224288641896,3.141592653589793,0.0,[1135 1142]
1168,56,0.7679768715016237,0.03756185710650295,3.141592653589793,0.0,[1155]
1182,56,0.7776580159363776,0.017275163668134086,3.141592653589793,0.0,[1170]
1187,57,0.782433608648412,0.02155864195541235,3.141592653589793,0.0,[1182]
1189,57,0.7828642105372324,0.03510672679087623,3.141592653589793,0.0,[1168]
1203,58,0.7961499027075539,0.008603073712058151,3.141592653589793,0.0,[1187]
1204,58,0.7962601300315285,0.031109315683380823,3.141592653589793,0.0,[1187 1189]
1235,59,0.8272985700881269,0.03406433963060962,3.141592653589793,0.0,[1203 1204]
1237,59,0.8292782179179403,0.02106223433831056,3.141592653589793,0.0,[1203 1204]
1240,59,0.8300226055735856,0.025667105011306535,3.141592653589793,0.0,[1203 1204]
1244,60,0.8375277587823451,0.027673768571542245,3.141592653589793,0.0,[1235 1237 1240]
1264,61,0.8697409419856994,0.003502343134509922,3.141592653589793,0.0,[1244]
1267,62,0.8753100823598237,0.0013892092224674357,3.141592653589793,0.0,[1264]
1276,63,0.8993865453023291,0.019226528597902637,3.141592653589793,0.0,[1267]
1279,64,0.9049107860912748,0.02132289401519394,3.141592653589793,0.0,[1276]
1281,65,0.9171211687538386,0.010558737013521946,3.141592653589793,0.0,[1279]
1284,66,0.9271870548212666,0.0073457631345381635,3.141592653589793,0.0,[1281]
1301,67,0.9435917724974777,0.0003958965321602115,3.141592653589793,0.0,[1284]
1304,68,0.9541246670719227,0.007544288275205924,0.0,0.0,[1301]
1305,68,0.9557422950307978,0.010207932381112061,0.0,0.0,[1301]
1307,69,0.9670170664293256,0.013717943638473895,0.0,0.0,[1304 1305]
1309,70,0.9903273292588523,0.0010615847817538882,0.0,0.0,[1307]
1310,71,1.0,0.0,3.141592653589793,0.0,[1309]
