element,level,t,r,theta,phi,Interval size,Height,D
0,0,0.0,0.0,0,0,654,10,4
2,1,0.957932828375313,0.680363281278172,0.7064316145409266,0.8941845308553625,654,10,4
14,2,2.029197757501575,1.2092649599766037,0.15362421815224586,1.565643764180703,654,10,4
38,3,2.8330878700970494,1.0505432306611193,0.1587468443323923,1.2553259722299959,654,10,4
87,4,3.5505014393700507,1.4243789371480355,0.502871670909885,1.59996833640754,654,10,4
199,5,4.422383351312035,1.5664068419729187,0.6462614874895831,1.835135884675167,654,10,4
340,6,5.101247264557558,1.9443449481952362,0.3987867468346446,1.7623720829459564,654,10,4
601,7,6.750209722626476,2.0119645591949746,-0.462918231542097,1.7435511396098544,654,10,4
637,8,7.479157094002543,1.5775874215349692,-0.4242704103710629,1.65992383356722,654,10,4
646,9,8.02690702155955,1.9261211540002976,-0.31849457984611557,1.61574793130614,654,10,4
652,9,8.334393436697336,1.2748387997480168,-0.5978984808012893,1.5389389594248717,654,10,4
654,9,9.088196739123013,0.6172097795718644,-1.1233187785281975,0.9661182041943113,654,10,4
655,10,10.0,0.0,0,0,654,10,4
0,0,0.0,0.0,0,0,654,10,4
2,1,1.6514678388260107,1.5077549550256009,-2.227333585408655,1.352942887313735,654,10,4
8,2,2.165502012364411,1.4132642552090215,-2.2271114006745885,1.5308885403654098,654,10,4
34,2,2.7704066689830062,1.9887130889580646,-2.071487078112743,1.7223857805093736,654,10,4
48,3,3.04465033000769,1.8932471024372872,-2.0955463147560383,1.7212122953079325,654,10,4
91,4,3.6597467678229965,1.5883342437398427,-2.038370122346954,1.881116115896,654,10,4
225,5,4.609807812221364,1.8887954250324719,-1.9283437458102792,1.6999149594039036,654,10,4
359,6,5.138918345138617,1.6732563632453161,-1.7798710464928,1.664057923882869,654,10,4
545,7,6.178937261549136,1.3580058353374813,-1.3707529032393848,1.6477576804558765,654,10,4
588,8,6.57630135225331,1.3468002268283052,-1.116243849192379,1.6111882731543332,654,10,4
617,9,7.036492353288083,1.115679333651123,-1.0634084408705138,1.8334362040325005,654,10,4
643,10,7.85016972367139,0.5297342622527861,-1.2272500287569048,1.5137318531993573,654,10,4
652,10,8.579671265579737,1.194621288612677,0.10756446657819196,2.0415151514815406,654,10,4
653,11,9.078922306648302,0.6528252976616741,-2.7913316912245296,1.0523071092334948,654,10,4
654,11,9.441038666155459,0.4955518143053879,-0.4196286214850101,1.9058619401201313,654,10,4
655,12,10.0,0.0,0,0,654,10,4
0,0,0.0,0.0,0,0,654,10,4
1,1,1.4750419833579842,1.4389482407035867,-1.3488520530336428,2.4257293356179264,654,10,4
7,2,1.9493135970436537,1.477320578177923,-1.652978074353736,2.280896917975841,654,10,4
49,3,3.2304818945381806,1.5480617576360478,-0.7265380163113102,2.8747103291659246,654,10,4
80,4,3.5994936630687047,1.5834850872021513,-1.2616672210379793,2.76929468471475,654,10,4
211,5,4.53399736773903,1.1333390519639532,-0.7614975476407202,2.363740766623188,654,10,4
464,6,5.650770402126159,1.193813245519369,-1.3334613696912365,2.4064916971756,654,10,4
581,7,6.477454772869736,1.5495036204788055,-1.164889779879822,2.0594876481300606,654,10,4
610,7,6.8510930718843515,1.3648412843557791,-2.8067899127898377,2.984570183093039,654,10,4
626,7,7.0789273282664,1.6660079432084278,-1.3654080209712975,2.5108761564550717,654,10,4
639,8,7.518178570754657,1.220740707002008,-1.928854951953944,2.119669831707181,654,10,4
643,8,7.748416305205319,1.3029044447079454,2.190064294306481,3.0841501894921333,654,10,4
644,8,7.767173122522335,1.4481202201097654,-2.081532569626626,2.5726476784721717,654,10,4
651,9,8.37589493113612,1.3018830029204964,2.993942977428872,2.791200613764106,654,10,4
653,9,8.725367325132146,1.0158795126643694,-1.9024229012639735,1.699646283570707,654,10,4
654,9,9.211379931777643,0.5087672258521408,1.273999714358487,2.6495223538571495,654,10,4
655,10,10.0,0.0,0,0,654,10,4
0,0,0.0,0.0,0,0,654,10,4
1,1,0.994316202184129,0.24282590140557564,-2.3211675946036805,2.2180832377211535,654,10,4
2,1,1.3777533833046407,1.2753260767550887,2.8362406884325946,1.2592441644091021,654,10,4
4,1,1.4186122081048458,0.8377277120318912,2.2923650847497368,1.4665356793712265,654,10,4
6,1,1.4436071336638112,1.0222409845533567,1.1652505033672216,1.4668881831958511,654,10,4
8,1,1.6501526171674097,0.6966590595244747,2.2125201562987225,0.7531548062462896,654,10,4
9,1,1.7834600583727833,1.5632765715405106,1.9586092034659779,1.0053187451240955,654,10,4
14,2,2.0685564651891006,1.2066001789000573,2.904844003660797,2.2591865177353774,654,10,4
29,2,2.5449697318378295,1.145230861775261,2.0461403664797544,1.2520572619694323,654,10,4
120,3,3.846345727715099,2.1981966107471087,2.2431261827698092,1.6643236131736754,654,10,4
222,4,4.4864016248512915,2.2494582746646596,2.368257300252059,1.6640419179639399,654,10,4
339,5,5.110944290987499,2.794643407200731,2.3317800866999434,1.7547413534855456,654,10,4
501,6,5.8734874905039325,2.4015457556302153,2.4818787220036995,1.7055699790840861,654,10,4
586,7,6.566613888501941,2.1315167617812913,2.525005740776624,1.6810338928360873,654,10,4
628,8,7.461200933704345,1.8742959731663043,2.4452601465000705,1.9259709105054075,654,10,4
649,9,8.309682136291622,1.3836944307591044,2.5849782351822244,2.2991351978523955,654,10,4
651,9,8.70815497655737,0.9024146618659046,2.313650991621609,1.6967573724273015,654,10,4
653,10,8.836306795179471,1.0756501875613558,2.4034066498967905,2.0455805753263436,654,10,4
654,10,9.001046635404768,0.9433317261212304,2.270395324362828,1.9291150193780258,654,10,4
655,11,10.0,0.0,0,0,654,10,4
0,0,0.0,0.0,0,0,654,10,4
1,1,1.0194450810422329,0.9881099920823332,1.9694205199197483,1.6717403949708234,654,10,4
3,1,1.7125254808121482,1.6444684316723555,0.9690344433233444,1.7481043669994059,654,10,4
5,1,1.7405553444445765,1.4912756513117036,1.4396555689483175,2.2265930369880786,654,10,4
6,1,1.905877657916647,1.5167877487523542,-0.7215193372795862,2.226871021843341,654,10,4
7,1,1.9615451032448339,1.4550351697045874,-1.144134176809469,2.868810291300415,654,10,4
12,1,2.23483922222416,2.0993277843622113,-1.6712871745141313,1.225587033451303,654,10,4
14,1,2.2636341638972555,1.4581815526136754,-2.658744350103285,2.0369813730233277,654,10,4
26,2,2.6835690675986323,1.4514251458286822,-0.36883978045462573,2.7776602000990205,654,10,4
39,2,2.8592624533950817,1.232762073187094,-2.2019038821579646,2.0574741159101606,654,10,4
42,2,2.9513737274508633,1.9394598210787246,-1.7237520005084408,0.9384698806201883,654,10,4
44,2,2.969439228178957,1.6407769336756117,1.6523740027583154,2.0281461962762584,654,10,4
49,2,3.003962321479381,2.3234829303250075,-0.46624331483483894,2.5365494259644863,654,10,4
60,2,3.147651679000151,2.2074466693079375,0.622852355312047,2.031422697232118,654,10,4
106,2,3.7095141950110175,2.925530136356314,0.48512696025342944,2.0930585462229065,654,10,4
87,3,3.556292711851645,1.4953658820156581,-2.43558551528922,2.2923761981450532,654,10,4
116,3,3.7836434418039424,1.645014410348573,-2.1162402874431647,0.7032330855147884,654,10,4
200,3,4.382419233186616,1.592634989908573,0.7539296710905584,2.1885779935294756,654,10,4
307,3,4.80863028213331,2.037724388606059,0.31009663765827805,1.9802894028230853,654,10,4
209,4,4.417164339604319,1.4152830709839206,-1.8479339967169974,2.3260219327140454,654,10,4
219,4,4.438144370125863,1.155573325404954,-2.09319356251114,2.1085330614969484,654,10,4
273,4,4.682925807203996,2.2326904343919503,-1.6958916569534945,0.568803614204852,654,10,4
287,4,4.7218610357569,1.9919751472238798,-2.5166037322677175,1.9468468926847053,654,10,4
442,4,5.4052569089187354,1.9075858874390523,0.3281148014352591,2.1087211458960486,654,10,4
480,4,5.63716926759406,1.4773338019273403,0.4644514860114248,2.117693331520235,654,10,4
372,5,5.080310257607489,1.725667820732645,-1.8247414757717628,2.3633340537549143,654,10,4
411,5,5.2568003343653436,1.657252963524184,-2.4203191057289226,1.9843370919755785,654,10,4
431,5,5.3643923066339125,2.2547813036975066,-1.5959304455409993,0.5361797326066592,654,10,4
574,5,6.539806663436478,1.574486509279867,0.3320987437114906,1.790029024356658,654,10,4
516,6,5.944266914813774,1.7536370984650498,-2.7177973049193813,2.2989004419645007,654,10,4
519,6,5.952887545491487,2.3709686958698817,-1.7820382061161315,2.4240276536571432,654,10,4
527,6,6.027694767577475,1.3835870994127315,-1.3624413518415324,2.1476585088935134,654,10,4
546,6,6.221859149451555,2.0118867920160093,-2.4029976105630086,1.6975935394337787,654,10,4
584,6,6.634654434837977,1.9007824624120684,-0.6569139552059731,0.20583660672371829,654,10,4
594,6,6.800939035274491,1.4623455101274805,0.22603494036133467,1.80618983769093,654,10,4
595,6,6.80404000967984,1.5927702811436961,3.067212426969735,0.35362836232676964,654,10,4
605,7,7.131408034092937,1.8217647033048903,-1.1897215434730308,2.0424186077922837,654,10,4
610,7,7.212214738563278,2.0210690307164496,-1.8035039181226458,2.320300563345347,654,10,4
614,7,7.2386196946328845,1.7874893525155904,-2.484499847657516,1.8091845860922686,654,10,4
622,7,7.317256748963282,1.9807740890745942,-2.5653912002964714,2.2575666156500094,654,10,4
634,7,7.5472239463656265,1.5092347391570962,2.03920310616157,0.19236846973059035,654,10,4
637,7,7.594662729696724,1.3636663765692594,-0.13058415362745968,2.2600469447704494,654,10,4
641,8,7.893613759392961,1.483574626544176,-2.5461346097714985,1.676970681784987,654,10,4
649,8,8.289697092186133,1.5177948135020918,-2.705248673324597,1.91388016706241,654,10,4
650,8,8.386441344731596,1.3141144457022662,-0.44349058744355374,2.267015570708816,654,10,4
652,8,8.60815543237221,1.1260223175006143,0.6401107437237672,0.747326329088429,654,10,4
653,8,8.711341802290624,0.46142206645276096,0.42168469312890905,0.13581022649611518,654,10,4
654,8,8.735312322250389,0.9767534758682916,-0.9792528559517977,2.1676784902371087,654,10,4
655,9,10.0,0.0,0,0,654,10,4
0,0,0.0,0.0,0,0,654,10,4
9,1,1.9105376846725564,1.3246961471792873,2.8038223015186134,2.400822176530341,654,10,4
13,1,2.104180540706281,1.8356878905431326,2.8906180112990834,1.604092498669706,654,10,4
17,2,2.3716756295797694,1.759809386917723,2.877335682758294,1.6578825793656766,654,10,4
32,2,2.7413912184185496,1.1069403890190508,2.4641992409012996,2.730983392757064,654,10,4
49,3,3.1190907652372757,0.8220602966913897,2.0775428705449044,2.595638052933532,654,10,4
57,3,3.2231458897889755,1.2785333328657098,2.8752672570505053,2.0509169444053117,654,10,4
171,4,4.182574503678661,0.9721665262800164,2.113407583532766,2.4041608952066644,654,10,4
238,5,4.582747481281999,0.7478095651133363,1.932021981553007,2.4400864695656734,654,10,4
354,5,5.11583537072097,1.4021350125608236,1.923604782139516,2.0431631659467686,654,10,4
481,6,5.709385669022194,1.5042425342214925,2.153301992330516,2.4013560896968382,654,10,4
499,6,5.772326120321979,1.785039874785295,1.5472294867941037,2.814265750943614,654,10,4
580,7,6.496406993634835,1.574850109164444,2.3688159799281787,1.924200724918674,654,10,4
590,7,6.628674973144327,1.2415964356855516,-3.0759799895251136,2.723009039528458,654,10,4
606,7,6.860559824816997,1.9163242022929263,2.458147777594397,2.514317045601861,654,10,4
608,7,6.868604526735023,1.063959316117996,0.35131679734363896,2.720737578191706,654,10,4
631,8,7.273622609954735,2.0314170023495848,2.226741123214669,2.0251459763453847,654,10,4
635,8,7.346101003210547,1.9857367566306197,2.5946531645287814,1.7448997371333388,654,10,4
638,8,7.588518458967136,1.514415781919665,-2.8827738719195315,2.167376374955614,654,10,4
640,8,7.6565734428002585,1.9461630557113834,-2.9451547307353945,2.5432815657495196,654,10,4
647,8,8.1226640038931,1.0044576532991905,-3.130875257019556,2.2628218374180165,654,10,4
649,9,8.210526876838726,1.3013574612025143,-2.927951262083498,2.276432147762835,654,10,4
652,9,8.711158617009326,1.2168639504608934,-2.9339745188104938,1.71610602886459,654,10,4
654,9,9.132691372919808,0.7894627958740477,2.2042440388100344,2.4435428917202375,654,10,4
655,10,10.0,0.0,0,0,654,10,4
0,0,0.0,0.0,0,0,654,10,4
1,1,1.1817675879635847,1.0712158389400248,0.6236469718914429,1.7113649404535893,654,10,4
3,1,1.4017085694784626,0.8054813922198802,0.15465997983339913,0.3826239171266488,654,10,4
5,2,1.7692351565463038,1.004427776913135,0.2755707232379292,1.7242818418230157,654,10,4
14,2,2.3982942389506325,0.9457340665377392,2.685279093811496,0.7227440716297177,654,10,4
31,3,2.751046023913214,0.9326902934743665,2.9806984666261083,0.9881185088208467,654,10,4
77,3,3.4960930136051704,0.8061149195468414,2.288558683076853,2.2969132867610442,654,10,4
71,4,3.3765049902927293,1.1342067877216375,2.785213077978575,1.5124321977988735,654,10,4
320,4,5.006933610922993,1.5282053002146445,1.2192060165827698,1.861388440165287,654,10,4
233,5,4.6404348751272275,1.5731109392829483,2.406589232801231,2.3641397108555235,654,10,4
465,5,5.637280649719585,1.313027409161448,1.189041643188222,1.4573377659787272,654,10,4
496,6,5.839306266206141,1.359048823718657,1.1482187293984119,1.4987673083963073,654,10,4
515,6,5.9717280818618,1.2198566501059063,2.0029020037173004,2.511352356368585,654,10,4
629,7,7.3436617399045385,0.9733074966064736,1.7774058377653108,1.697895796157575,654,10,4
652,8,8.151111674497429,0.9969045735063745,1.4849903564389193,1.5774897049827592,654,10,4
654,9,9.249250525486591,0.20216258745172325,2.5614418970981263,2.5882525271181502,654,10,4
655,10,10.0,0.0,0,0,654,10,4
0,0,0.0,0.0,0,0,654,10,4
1,1,0.6132564483677005,0.5629179340420308,-2.1456784317557682,1.4457400792861939,654,10,4
9,2,1.6460595529699606,1.0843261896500387,3.1232849095772197,1.0356247605819837,654,10,4
12,2,1.903622363403965,1.3757027117820737,-2.440071659097698,0.7664054421195624,654,10,4
29,3,2.651284629532631,1.462794070514236,-3.0099191906901552,0.7103816568792322,654,10,4
31,3,2.684987322515111,1.0925473839033941,-2.6287485405478868,0.6568231472049751,654,10,4
75,4,3.3773310529294367,1.2491515597336782,-2.7079636323766336,1.0334142066793968,654,10,4
85,4,3.519847691668235,0.9202300765092783,-1.8325637233804575,0.9370398743118742,654,10,4
128,4,3.917959874390531,1.737936515700193,2.796174391856319,1.1294202269059699,654,10,4
184,5,4.298928428611749,1.5485252447300415,-2.546655224787233,0.5862727872129506,654,10,4
232,5,4.521412682145549,1.5406782086625008,2.7476627363288393,0.8995029216121907,654,10,4
235,5,4.529295017953251,0.8928195258153084,3.0681966391985425,0.9136246250078129,654,10,4
263,5,4.677073372132244,1.5910012307655852,-3.1335220035898597,0.8017395691698523,654,10,4
409,6,5.260346038703426,1.1977814706361185,-3.1007206238358065,1.297562090859467,654,10,4
444,6,5.381115759656799,1.8531630941323747,2.868333191977554,0.7929675629232292,654,10,4
544,7,5.988211737548667,1.6997884900362314,-3.0681119447321232,0.9230163010361975,654,10,4
555,7,6.118047765011697,1.393148308364893,-2.8394200123665665,1.5074911577967776,654,10,4
589,7,6.519795353910873,0.5923094546390301,-1.4825277086925668,0.5923472488609225,654,10,4
603,7,6.704260699767853,2.208342441009176,-2.5362172977478754,1.4589735175258456,654,10,4
618,7,7.0368566631448,0.5898031411797738,0.3457014745394937,1.4696203652031816,654,10,4
615,8,6.946761370376473,1.3921926440136811,2.59720051679542,0.81912971378614,654,10,4
630,8,7.470801870896019,2.2150490219282926,-3.139533096976796,0.3162470454271206,654,10,4
632,8,7.529347456939882,1.285639636895967,-2.7025370387553367,1.3562298974386884,654,10,4
635,8,7.609404450897563,0.8082993598612431,-0.06631602426341916,1.8939496469291885,654,10,4
637,8,7.618155564190645,1.7834747949962535,-2.7708780338490135,0.27435420225253315,654,10,4
638,8,7.635137522959932,1.64791221056066,-2.297392542296612,1.1752818344402796,654,10,4
639,9,7.779780374138916,1.9409008427681234,2.5203682309494417,0.9761064529275991,654,10,4
648,9,8.241183643538484,0.7543424808227883,-0.5372814774988901,2.0574568572989276,654,10,4
649,9,8.329936085210843,1.582124999303875,-3.1241599001747464,0.5250889840117282,654,10,4
650,9,8.55290712284168,0.7326731743819968,-2.062780119976536,1.340441085991972,654,10,4
651,9,8.620111795149525,1.2123778984690678,1.9084747794405448,0.7389390836332996,654,10,4
652,9,8.62438976886579,1.103947158266779,-2.324107216310504,1.1978215742865204,654,10,4
653,9,8.655116220098297,1.2022696818537606,1.0398521188473167,0.9306326441518724,654,10,4
654,9,8.6965335106655,1.0935673185098969,2.9842789840741273,0.82648973319818,654,10,4
655,10,10.0,0.0,0,0,654,10,4
0,0,0.0,0.0,0,0,654,10,4
1,1,1.4199320689052308,0.8178020636851218,0.32413977897102797,0.37638078633630206,654,10,4
2,1,1.4277812481451602,1.266660392269318,-1.494324277057996,0.9239628014827298,654,10,4
4,1,1.5654095599640205,1.5498344817843581,0.26919108963600785,2.589132301040626,654,10,4
5,1,1.61872444165304,1.205288849855177,-2.146008089504759,0.983349673236021,654,10,4
7,1,1.7027939303031892,1.6069871516910377,-2.0894076543124034,1.1727544974984845,654,10,4
9,1,1.851249999189124,1.2192265506724833,-0.08954844888626198,2.6223089622110125,654,10,4
19,2,2.5082530272891446,1.4412708526783247,0.5591898375012577,3.0431869116398316,654,10,4
26,2,2.616134588685015,2.0404615211176087,-2.1112611228894016,1.3646113769532549,654,10,4
30,2,2.7016501782117466,0.5963948889048271,-1.6424072556082894,1.8208267836154992,654,10,4
33,2,2.7644558477351424,1.6256808116907375,-0.942118306505875,2.3841414975675446,654,10,4
50,2,3.0305123151857414,2.3510803268803815,-0.17316230196540036,0.4079326646924674,654,10,4
52,2,3.059493585741846,1.7561600381276767,-1.1673044517787616,2.8236990722823205,654,10,4
48,3,2.990354131142271,2.0628451341033207,-2.0252235968331274,1.4260474937238865,654,10,4
90,3,3.541732722596458,2.3822286833542576,-0.03556358970811761,0.4835955056039255,654,10,4
92,3,3.555311625424199,1.0593592045639033,-1.1098423888335345,2.6007616253848846,654,10,4
125,3,3.8881423964860504,1.603546570279268,-1.916371560698547,2.6394938642196184,654,10,4
77,4,3.404905669104229,1.9972822117640423,-2.0343675397117704,1.3653239897449234,654,10,4
169,4,4.231454093309333,2.492635004191142,-0.3942114267367999,0.6751266894823533,654,10,4
216,4,4.524547772259002,1.329910429637315,-1.3671433551366057,2.6604364096477595,654,10,4
262,4,4.670245669439352,0.5384895296004558,0.013741666257546754,2.466410642040388,654,10,4
327,5,4.909317533865426,2.691994379213357,-0.49837181571020095,0.8161445464684448,654,10,4
349,5,5.0091237702808336,1.4671558773447935,-1.5173261307701735,1.5663307586468072,654,10,4
356,5,5.0466342768706145,1.7291451181489748,-2.3172834784847356,2.026076506076583,654,10,4
406,5,5.3621886545330835,0.8645136290167665,0.1932053075396517,1.744806896518898,654,10,4
408,5,5.372833119173281,1.6196942634851894,0.21343696371644688,2.9340333514498225,654,10,4
478,5,5.736816270532592,1.5390070948934769,0.012402563700826793,2.581242196942419,654,10,4
471,6,5.687437671340837,1.6875427849099245,-2.3244288530329644,2.1642086855120266,654,10,4
514,6,5.979027415426335,0.8737460244360666,-1.9734668156554753,1.9691341868201344,654,10,4
570,6,6.407929038238822,1.273033363022401,0.004094808538256939,2.611609049060976,654,10,4
573,6,6.453621141746889,1.4915387695400775,-0.5698103708901086,0.90842629451716,654,10,4
575,6,6.475552382797986,0.9056930300107342,1.8514956970858414,2.6727014205606103,654,10,4
600,7,6.787972979599804,1.282888918918512,-0.6739298702339948,1.0537209752817902,654,10,4
616,7,7.135896938806223,0.804043389839865,-0.775153211750474,2.82047860785599,654,10,4
637,8,7.631629521360014,1.0178159089840444,0.03691232230997266,1.2912572031556824,654,10,4
643,8,7.828204227803022,0.6741524232697236,-1.8299599212287683,2.0791779487276196,654,10,4
649,9,8.513834653071166,0.8388081190904652,-0.8608079570554247,2.745263576468672,654,10,4
653,9,8.718375716308309,1.0455320975848943,0.5631459394594512,0.8200060499455291,654,10,4
654,9,8.913339417624545,1.0785695703675178,-2.4881444536172097,2.756508347437584,654,10,4
655,10,10.0,0.0,0,0,654,10,4
0,0,0.0,0.0,0,0,654,10,4
1,1,0.4003294284806691,0.2820183137458972,-1.8819753972038502,0.8882525279444237,654,10,4
10,2,1.7987340094086801,1.1063717770382229,-2.0681728361114136,0.9876700211693201,654,10,4
12,2,1.934886096556998,1.2449349405518113,-2.4107067729257396,1.0391291278915202,654,10,4
30,3,2.653637188218696,1.7280190582937063,-1.903425030120832,1.010848004385103,654,10,4
41,3,2.877187618744866,1.920647592692618,-2.04109832891314,0.9676604934018481,654,10,4
90,4,3.544446788985133,1.8425172937864542,-2.281504846698463,0.9583480233965967,654,10,4
140,5,3.9893870334385637,1.9734271170092135,-2.104641125341952,0.9869558405567106,654,10,4
391,6,5.175324243682468,1.6666181759525487,-2.2391115465779463,1.252268797623842,654,10,4
516,6,5.791526560925982,1.8374761068174286,-1.3559007133213186,1.1519229592372562,654,10,4
525,7,5.854984110077134,1.292731454760468,-2.5350893713933,0.9697984657514483,654,10,4
563,7,6.251976753967438,1.875782064738974,-1.3059310882469313,1.0522258632807087,654,10,4
568,7,6.2850606734762104,1.6990329909402964,-2.10215765689464,1.789136869574823,654,10,4
620,8,7.202212838984876,1.82204127474444,-2.1526831562698736,0.38021424472629406,654,10,4
623,8,7.2685956570733605,0.9754077221723568,-1.7345312600027027,1.574876027475197,654,10,4
628,8,7.378194684573263,1.687276443588648,-1.1377742181198327,1.280786908075192,654,10,4
629,8,7.399432009516583,0.2777418436651498,1.9208302752357553,1.037164058408887,654,10,4
630,8,7.403732242696165,1.5249862334732187,-1.641817006496562,1.482871958436244,654,10,4
638,8,7.588217677209068,1.5796240538740909,-1.1672217558712277,0.5960292858698497,654,10,4
649,9,8.204204238929577,1.4532013745664945,-0.845257643973824,1.5958651467151796,654,10,4
650,9,8.22133590981397,1.6756363831537033,-0.974112744156357,0.9084533243990166,654,10,4
652,9,8.348066202040872,1.619227387783929,-1.486892764768167,0.9028508147220246,654,10,4
653,9,8.35151931530457,0.5929202144604708,0.8017642560781034,2.385994282604007,654,10,4
654,9,8.520212796334457,1.2454877187869762,-1.6643815197864817,1.594032611800711,654,10,4
655,10,10.0,0.0,0,0,654,10,4
0,0,0.0,0.0,0,0,654,10,4
4,1,1.4569558970543328,0.7821455877411564,-0.7506755555965868,1.9332664417166963,654,10,4
5,1,1.4742489304826079,0.36736136738455744,1.4295404637094162,1.056802499223412,654,10,4
6,1,1.562660798297566,1.438158938213083,-1.5520351226381515,2.441051265281176,654,10,4
10,1,1.7142517255042855,1.008649799611406,0.06542343122217188,2.0451187463085656,654,10,4
19,1,2.145820036903725,1.6801621202313408,-1.1158356389983406,1.6894535380246016,654,10,4
16,2,2.1091358410262897,1.5499467774765991,-1.87741039357818,2.3254811703505824,654,10,4
18,2,2.1311602854556555,0.5252305895054515,-0.7326272884369452,0.5767908816893812,654,10,4
29,2,2.461125384330003,0.9743303482134271,0.12461321377212756,2.031969485922968,654,10,4
38,2,2.6777952058547183,1.3545118094123796,-1.676760418150109,1.3919482800896326,654,10,4
39,2,2.682535309870153,1.9384316672111284,-0.997787987425767,1.7754296157131924,654,10,4
52,3,2.9955275078229415,1.5682096267615264,-1.6391713853614458,1.4692904393625754,654,10,4
56,3,3.073173115155947,0.8429499406742674,-1.1335348492673414,1.8846354661479383,654,10,4
64,3,3.193001741174699,1.3915203898576793,-1.4941097163559585,0.8707137812988506,654,10,4
68,3,3.2628413563906045,1.019989185855584,-0.4436849687877087,1.4344054489568052,654,10,4
71,3,3.3256179009361353,2.0852732783138217,-1.0414628061713167,2.060866312852437,654,10,4
80,3,3.4103372550035713,1.593856773440003,-1.0140748774125683,1.880602844978905,654,10,4
113,3,3.766978663286716,2.3600847908958533,-2.4711544292026084,2.1323936264494914,654,10,4
117,3,3.7908896937614367,2.154673063616556,-1.287118541191813,1.6396286562709617,654,10,4
130,3,3.8880155334009583,2.0812527909938585,-1.3828071243530826,2.524360458906319,654,10,4
154,4,4.133071619945282,1.6878493596686082,-1.5168051865965397,1.0815947675230333,654,10,4
306,4,4.883335145133248,2.1507120435158398,-2.0668432110496946,2.4082404812342464,654,10,4
309,4,4.8868810113876275,1.3977284451529652,-1.395645168563114,1.9531146274603608,654,10,4
310,4,4.89352049275319,2.0414374324614277,-1.6865940161557882,2.306739388517584,654,10,4
406,4,5.322628437667688,2.406854019919727,-2.08554507498346,2.7627492865993086,654,10,4
313,5,4.910189853619421,1.6287734346019878,-1.562031292318653,0.8688113709125764,654,10,4
499,5,5.832433509739095,2.4158042367616477,-1.660614546472832,2.677069746320441,654,10,4
550,5,6.250453851931939,2.1624728869743586,-1.5660400109582227,2.4510699903005944,654,10,4
585,6,6.565690495886533,1.7427726146461078,-0.35657646100459667,0.9791975882307438,654,10,4
608,6,6.906236250396569,2.115570242620386,-1.253806493001149,2.559906379354031,654,10,4
627,7,7.358165633872897,1.8660889163697327,-1.4951922913914315,2.5279240783014414,654,10,4
636,7,7.697554255544892,2.0987289463166845,-0.3141450352073381,1.1967852854605767,654,10,4
652,8,8.600508030306548,1.2137972698860837,-0.23262789578811818,1.135409868159491,654,10,4
653,8,8.671524172916858,1.091747052573541,-1.3157206811562288,2.1320198019826195,654,10,4
655,9,10.0,0.0,0,0,654,10,4
0,0,0.0,0.0,0,0,654,10,4
2,1,1.4891654532916598,1.026891168153461,1.7989114060236004,1.5322338566138574,654,10,4
4,1,1.658168960827251,1.6451605863827283,0.5242425290748516,1.5927873123946985,654,10,4
5,1,1.7202062115568895,1.552434148294442,2.8762651786702405,1.6709711061077712,654,10,4
38,2,2.7426855174785967,2.361294412755398,0.518960711954141,1.7780129486563847,654,10,4
56,2,3.034593554698386,1.9114043048574343,2.4607911339635864,1.3306784671451193,654,10,4
68,3,3.2430849727914635,2.328007837378102,0.5220442661241037,1.5975076008892863,654,10,4
69,3,3.2953135999006014,1.763670012376869,2.445087338696456,1.2298604213061588,654,10,4
174,4,4.194040094611803,2.387968520105774,0.2122704665670923,1.504513508127625,654,10,4
180,4,4.226580483169596,1.450259966506517,2.4349288506919504,1.5493023688571113,654,10,4
387,5,5.195337456959374,2.176555611658933,-0.09000932069572239,1.6692098404848201,654,10,4
455,5,5.537099079964043,1.992126615145438,2.2739115263685057,2.1794320170035673,654,10,4
495,6,5.755596210616684,2.507323130375521,-0.16386771647821857,1.6192108160933425,654,10,4
550,6,6.131829491325927,2.454661222347593,2.1467183290819816,2.285803651028604,654,10,4
585,6,6.60188276175142,1.5849891235835993,0.09182087514307499,1.9239523954842463,654,10,4
580,7,6.5737228648903265,2.0554181545985704,2.085627566899349,2.348510251548348,654,10,4
622,7,7.351740881065351,1.5728311516176277,-0.17874951871190337,2.087060034652206,654,10,4
638,8,7.899186675278501,1.3378017674397806,-0.07975676457596946,2.2297834783083683,654,10,4
640,8,7.94271812759571,1.3698634004099415,1.8029329726549035,1.7603974930914474,654,10,4
641,8,7.9787322443864275,1.4176884632615119,-0.5702555701846019,2.0187104294019047,654,10,4
652,9,9.061739627071745,0.8042692163482897,-1.1628852154629075,1.8654864560849154,654,10,4
653,9,9.172934604190443,0.8020564630292678,2.46356868931965,1.4829983302895497,654,10,4
654,9,9.297401019911907,0.6999666363443343,2.642908990527973,1.2321641572402644,654,10,4
655,10,10.0,0.0,0,0,654,10,4
0,0,0.0,0.0,0,0,654,10,4
1,1,1.1157558891189956,0.9733337823189037,-1.9670027043068148,1.1790244820290356,654,10,4
2,1,1.5537247689749556,0.753832138820964,0.8417599396137763,1.3264547804970641,654,10,4
3,1,1.7438811926952746,1.406782403485379,-1.2363532546730824,0.6830848688674633,654,10,4
6,1,1.8357133038865503,0.8929297874668176,1.045749152851745,0.6852148667390081,654,10,4
11,2,2.1839674681334467,1.4949351324368387,-2.217718440077298,1.6143019495795856,654,10,4
23,2,2.673269290440534,0.6798683744030508,-1.7949390703532557,0.9577377219608749,654,10,4
24,2,2.6859913799255564,0.7819939007060356,1.8162515547834948,1.826627419273981,654,10,4
27,2,2.818366234349795,0.9083435294126981,-0.10460692697103068,0.6667051002378862,654,10,4
77,3,3.475976506134609,0.8466461401680566,2.319844696135091,2.0697873559674433,654,10,4
84,3,3.5530078448520674,0.6560865031953336,-0.45623009615423743,1.4913357972748778,654,10,4
119,3,3.816531669274922,1.5921475759165802,2.0671724782815404,2.2135216347214084,654,10,4
133,3,3.9186211445104044,0.9755977608378844,-1.7316773253406226,2.3845409896964203,654,10,4
198,4,4.350043921565411,0.9834404635089729,-2.0409691445765406,2.2917157563981174,654,10,4
210,4,4.403496315878284,1.0837607062689838,-0.9377483156997956,1.4589343757017341,654,10,4
275,4,4.704344130068526,0.9981131617361652,-1.1221031932580867,2.042987796211698,654,10,4
317,4,4.867339362026939,1.8938105451613476,2.568515117119087,1.508810972620467,654,10,4
336,4,4.969235282539048,1.3900383846198916,1.4723311018361616,1.7754832153544335,654,10,4
375,5,5.130461575852894,1.7857728610039947,-0.9155305208685162,1.5374049694931822,654,10,4
460,5,5.519407368788135,1.3806239249205245,-1.2644780486073992,1.9965813936988732,654,10,4
466,5,5.536276872181246,0.9954189079863555,1.358888872169522,1.5850804180511255,654,10,4
495,5,5.745471212323055,1.7303175312712722,-2.4131663627933104,1.7506417946423778,654,10,4
553,5,6.195720735420208,2.1781536888556423,2.546206131674104,1.5917429099441867,654,10,4
507,6,5.817039256180957,1.7516578296344611,-0.8749564774333376,1.68941948267391,654,10,4
531,6,6.043814082629395,1.2827420337084563,-1.5176909907466412,2.1368068563024125,654,10,4
539,6,6.099885357811371,1.771896571176799,-0.8381038311105031,1.904755994822889,654,10,4
556,6,6.22921076271335,0.9318014330727428,1.0681140450662503,1.5364919373409902,654,10,4
571,6,6.493311384695305,1.151124557741679,1.5206329909093752,1.5651001385816639,654,10,4
575,6,6.510857752905148,2.1228416866706037,2.5626003700017477,1.7186153929209702,654,10,4
579,6,6.532422894144511,1.8819771848945737,-2.5901550597737204,1.9699939668400122,654,10,4
612,7,7.025965068617794,1.5248854610228686,1.7752993849801493,1.548798237596814,654,10,4
622,7,7.222922658801653,1.9921127219890071,-0.18962541120754417,1.4131122339797533,654,10,4
623,7,7.235110970155779,2.1640723788756357,-1.5064068267184534,2.4363804826873143,654,10,4
624,7,7.239991565728072,1.9249368060996506,-1.5421834860188959,1.7497936761600612,654,10,4
627,7,7.320175155852995,2.1876137218266836,-2.5221297233894044,1.7388822359034752,654,10,4
633,7,7.4377596970161255,1.8556645425043536,-0.3608283945247967,2.0705528598316603,654,10,4
634,7,7.486777925453839,0.8010770767409255,1.415726965267305,1.9331223575322871,654,10,4
637,7,7.649577159544485,1.7308766414012862,-2.553083867930224,2.0825928316854228,654,10,4
639,7,7.731684867383297,1.6563094892738612,2.7232996108555176,2.089735025243665,654,10,4
640,7,7.733150137807766,0.6037541368725043,-2.6060321457608504,2.2769786824723925,654,10,4
642,7,7.904779083969623,1.4522793406384538,2.5648592801778194,2.1012232483722553,654,10,4
648,7,8.135057189439479,1.3557930306495956,-1.1013061095484062,2.4989834443259955,654,10,4
644,8,7.967618939079408,1.7845352935860088,-0.06024530768434926,1.302055680042987,654,10,4
649,8,8.43820311337272,1.1309150193405757,-0.22335739137759192,1.9749055194444713,654,10,4
650,8,8.447304342441365,1.3568385904973763,-1.7594168044154677,2.287204763793662,654,10,4
652,8,8.777450675561326,1.069022306591757,2.239891667348174,1.969955965267416,654,10,4
653,8,8.936521045117562,0.8880607909570821,-0.051645565994305,2.795068410962004,654,10,4
654,8,9.517812458495982,0.4109368852991987,3.100057007237993,1.2246052140427475,654,10,4
655,9,10.0,0.0,0,0,654,10,4
0,0,0.0,0.0,0,0,654,10,4
2,1,0.9434765383019161,0.9140561530724717,-1.803263219299553,1.2404489241741954,654,10,4
4,1,1.517613184689447,1.0611971963087548,0.12107119085754366,1.9771003069434785,654,10,4
6,2,1.607429202663584,1.14819390377452,-1.3721857466860201,0.9280063124832476,654,10,4
7,2,1.6259240804702357,1.0778120549420123,0.1838852732291681,2.0088740506012637,654,10,4
36,3,2.9477905553664083,0.8254599704428341,-2.5919301629920826,1.1937852670016524,654,10,4
59,3,3.209410444203465,0.5215252546434043,3.0346439764547264,1.6853492597339967,654,10,4
165,4,4.236814604159483,0.8933734587480773,2.9519249749724885,1.265404348736061,654,10,4
248,5,4.6771342853732705,0.661366783919255,-2.967391344910006,1.2371669048777172,654,10,4
336,5,5.0336227224556875,1.4400605873383445,-2.8872194255497403,1.3892902189298595,654,10,4
525,6,6.1308430149337765,2.2227352719021765,3.111014998246065,1.6040037100354785,654,10,4
531,6,6.199324211974644,1.8524980744105135,2.9359563211097774,1.2727716212586917,654,10,4
593,7,6.8558950889673875,1.9524922858316596,-3.120230063009302,1.4374151669860775,654,10,4
636,8,7.579475521454238,1.9162831854554303,-2.928979050427215,1.7117067268396227,654,10,4
652,9,8.666976231206135,0.9024731519404955,-2.937974330858959,1.429156137353084,654,10,4
653,10,9.002024697324453,0.7083545021694994,-2.7965839664982663,1.194356824679595,654,10,4
655,11,10.0,0.0,0,0,654,10,4
0,0,0.0,0.0,0,0,654,10,4
1,1,1.1803255999602635,1.1611665192422886,1.950491595801769,1.2384934404959362,654,10,4
2,1,1.737979697627846,1.7152038667514342,2.5898154208747908,0.9077576000792305,654,10,4
5,1,1.8774403925582017,1.4448501067341464,-1.4632878705693877,2.1987037860175866,654,10,4
6,1,1.9818171807724738,1.946821537537804,-1.841415833005543,1.708066247688464,654,10,4
7,1,2.271932738404817,2.0109425359250386,-2.610874108759588,0.9770544587199651,654,10,4
8,1,2.361242561716562,1.3259138063651574,-2.398985951237943,0.8416293255583344,654,10,4
18,2,2.6987202840285884,0.7212816548527216,-3.1167972526452967,2.401947812389273,654,10,4
21,2,2.751327799265283,1.5216040080354085,-1.1498011474796594,1.72869404931384,654,10,4
22,2,2.7786420400142378,2.1500017928497672,2.5741594756622606,0.8236012578636556,654,10,4
26,2,2.8352823524276927,1.9977155556976798,-2.2110217556140084,1.5577633382742746,654,10,4
40,2,3.039833417155624,0.7466462103010426,2.722284123652883,1.8028907085089578,654,10,4
44,2,3.143591171145096,2.268046518642474,-2.30850743475628,0.9781012448064264,654,10,4
51,2,3.2595432702565805,1.5085613851267088,-2.3847609363242324,0.9290503916537988,654,10,4
69,2,3.6013748112022914,1.509868585167082,-2.9966199548660923,0.41372082664154386,654,10,4
60,3,3.428716837820592,2.393678876193292,2.356243864927372,0.8109399747471941,654,10,4
91,3,3.7566193742352127,2.5605953920642928,-2.0828754983719855,1.850202953558834,654,10,4
107,3,3.888563783017016,1.5103862037385358,-2.225078938339003,1.7202927739989307,654,10,4
143,3,4.109116683050191,1.7658993191282129,-1.177016307727302,1.224892292673659,654,10,4
166,3,4.256555498668306,1.6833414159412705,-0.7666107965240588,1.1756574265415602,654,10,4
171,3,4.29630700172151,1.052350814083499,-2.8928206386360267,1.1572572465801843,654,10,4
207,3,4.473338332508802,1.315761019036181,-3.013231063278494,0.992038919060883,654,10,4
216,3,4.517657510662759,1.7423219183284153,-2.880257483473834,0.857426319343679,654,10,4
373,4,5.303622351476321,1.4106818816129252,-1.2570463198053663,1.014196903153776,654,10,4
429,4,5.563893228237514,1.9019927876965967,-1.9692645833114821,0.7647583669844819,654,10,4
476,4,5.84739419108926,1.352124952531009,-2.394589718725255,1.1775559174356223,654,10,4
578,5,6.512910152755328,1.4468975923400829,-2.308354289955632,0.8706157187192535,654,10,4
620,6,7.057379402558233,0.9854225383305814,-2.4437847133799773,1.0657069543528734,654,10,4
643,7,7.746643544894237,1.0024766869122377,-2.213631049956171,1.6313998279053725,654,10,4
648,8,8.098676633623702,1.1297866468400184,-2.067293864882464,1.414010366438257,654,10,4
654,9,8.984106857183821,0.753568757066128,-2.706276958017455,0.7860767177376287,654,10,4
655,10,10.0,0.0,0,0,654,10,4
0,0,0.0,0.0,0,0,654,10,4
1,1,0.36046576927482366,0.2626514151414108,-1.195948209317231,1.3853122524985173,654,10,4
5,2,1.4677672105698802,0.79441106626731,2.338987079928862,1.5806400297853476,654,10,4
6,2,1.4786891950379966,0.9807545022152507,-0.8717170219142704,1.3667548976319628,654,10,4
9,2,1.8476357888695383,1.149178614534228,0.03946200216255962,1.5005987113978954,654,10,4
18,3,2.449222121511805,1.5928774660619311,2.660809239238075,1.7665977214913209,654,10,4
34,3,2.7913313031107476,1.4878043326102852,-1.2584661027308266,1.2973069193044346,654,10,4
38,3,2.869467267542709,1.625397568378052,0.06298952803930548,1.9035436294310353,654,10,4
84,3,3.2915673000574754,2.3494533532821267,-1.4355886868537744,1.7480221623444645,654,10,4
68,4,3.1159831655422243,1.7473428439865697,2.8951097782020803,1.5431762954704205,654,10,4
104,4,3.480015571123427,1.7432389440797973,2.735713050395841,1.9098896923578228,654,10,4
174,4,4.0028680545495385,1.8912904693272543,-1.307421558520487,1.3258579475530425,654,10,4
182,4,4.073064115407096,3.049988355146126,-1.477378750621708,1.7796398510667135,654,10,4
189,4,4.117000520356479,2.625842729198448,0.11197261667673719,2.1805000839485023,654,10,4
199,4,4.171757260173506,2.920248224326459,2.6482028843468406,1.890693531780582,654,10,4
139,5,3.82698143823033,1.7075016913547103,2.8800248257597727,1.255227338550002,654,10,4
208,5,4.247635800296243,2.1516846034602217,3.0881522945829785,1.3980235014202462,654,10,4
247,5,4.501618308027245,2.9485177671400273,-1.496707633171043,1.7870204923285153,654,10,4
270,5,4.647312461576318,2.626684445316507,2.673835565157501,1.777316139271406,654,10,4
272,5,4.6632585784155545,1.4199994258593087,-1.2959194711444175,1.118928799413449,654,10,4
333,5,4.9324637325198655,2.296000897970147,0.3242299985556709,2.4143119222702354,654,10,4
353,6,5.019348999795596,2.2218035269977183,2.5680807205275937,0.8322640176068336,654,10,4
403,6,5.250414501573748,2.9325494982839033,2.670964655887709,1.6357569834245493,654,10,4
419,6,5.315678768106517,2.1849445483010914,0.14859452648369367,2.330357560697917,654,10,4
437,6,5.42940880258599,2.175452959258125,-2.9937720031529227,1.7857555302234256,654,10,4
473,6,5.67521337190203,1.530402117590963,-0.821318615686451,1.447565869395213,654,10,4
483,6,5.745710033970818,2.1480148524918414,-1.3994652159281737,1.8205374653059427,654,10,4
508,6,5.925916779817948,0.7880048056903699,-1.576061383062018,1.5551192108034428,654,10,4
509,6,5.941107911999631,1.6688649083836251,0.410593275180704,2.022077997510189,654,10,4
467,7,5.6550325838675235,2.828395699603055,2.6601762586414304,1.7669953912021785,654,10,4
524,7,6.067039503191195,2.0951310462765136,-2.8036806734152826,1.8224025578971774,654,10,4
533,7,6.156315440383442,2.3907474231658856,2.5050158942354246,0.9862336382563,654,10,4
580,7,6.530592277371373,2.053667943217837,0.20610900628941203,1.9517747380246055,654,10,4
600,7,6.75688185115968,2.1475539661346423,0.073910310204071,2.2390075701306054,654,10,4
601,7,6.760047110046385,1.3080687686324504,-1.1460984083258257,1.9507862168200987,654,10,4
607,7,6.836838871090702,1.1881721738252702,-0.8362017424796229,2.8218603534233724,654,10,4
561,8,6.388398404260691,2.916304287934875,2.7334292535866593,1.7785907629803823,654,10,4
577,8,6.507375290658414,2.1841196507353824,2.6381990493580085,1.0208150473735695,654,10,4
585,8,6.608885502737468,2.144879656749342,2.8800460174767175,1.6098424168648091,654,10,4
626,8,7.246491059853655,1.7576118148746565,0.1159430667524893,2.2407111320657127,654,10,4
629,8,7.349220237734304,1.536045470804247,-0.8989012367750727,1.8726019514524948,654,10,4
632,8,7.401026705995884,1.0602980355902978,-0.6790358413159974,2.7700643531220375,654,10,4
634,8,7.4525311694257415,1.5741641439159382,-2.4158243427666726,2.422984591015361,654,10,4
641,9,7.690451041822297,1.918065341747967,2.327438792683813,0.6824330345443963,654,10,4
642,9,7.739341534352381,2.1162678880748844,2.8509603070073224,0.9443741438550521,654,10,4
644,9,7.839479959525817,1.8617143587943903,2.684391563012925,0.4089332037711886,654,10,4
645,9,7.873199008956327,1.695699309476428,2.706903579311727,1.7328936051744943,654,10,4
648,9,8.137732796490948,1.3614348806366134,-1.2127173207976902,1.9820096275774517,654,10,4
649,9,8.190179700682009,1.5271574139657762,1.8090768665058465,0.9072545817473839,654,10,4
650,9,8.30099640958056,1.358221942427037,-2.8661566642352176,1.3611345479701982,654,10,4
651,9,8.378868047579472,1.540384167412221,-2.108838461327124,1.9064532971514525,654,10,4
652,9,8.40633021455358,1.3766805484091231,-2.8248193391621177,2.982993742756278,654,10,4
653,9,8.515125702573386,1.2401621907154605,2.310131810700872,1.0562836277431153,654,10,4
654,9,8.894684832822147,0.7892036650564141,-1.6007603122708964,2.572338838657167,654,10,4
655,10,10.0,0.0,0,0,654,10,4
0,0,0.0,0.0,0,0,654,10,4
3,1,1.151266609495577,0.9512554143425892,-3.04470395504185,1.8783742792273803,654,10,4
10,2,2.0337512460309624,1.385574888407585,2.9975776768464573,1.417031715135382,654,10,4
15,2,2.344701603780728,1.8530639012701304,2.75319611782931,1.762889099244216,654,10,4
41,3,2.92228325187747,1.9056410625266067,2.9997647358273154,1.775547621035896,654,10,4
46,3,2.980574476454433,1.6133830988066145,-3.1183009138966122,1.5715651906467885,654,10,4
58,3,3.1452956239329524,2.146227121743518,2.8866412032189173,1.841918708218076,654,10,4
108,3,3.7310494300440022,2.1751864346397314,-3.103261643489294,1.1444803661022345,654,10,4
162,4,4.055231667389311,2.4299568215943035,2.9470543215591114,1.6704549689223847,654,10,4
220,4,4.449823733740789,2.5030906005558373,-2.9860516135766098,1.6015045853325953,654,10,4
226,4,4.464264921507247,2.50942262252031,-2.9347647802213896,1.0826042574072927,654,10,4
246,4,4.557697201958132,2.5988771951719394,-2.767545749420071,1.3963741474138407,654,10,4
380,5,5.240099022987435,2.8625274228324353,-2.9221422009264217,1.603049526216011,654,10,4
383,5,5.26799991137195,2.285707246273872,-2.5940711382791943,1.2837596000665628,654,10,4
421,5,5.481626841016135,2.8895253924399382,-2.6078662984747774,0.9856199313544802,654,10,4
402,6,5.379294671471903,2.8195052041153295,-2.922515599935075,1.6050038134315212,654,10,4
504,6,5.962690195845074,2.6696832209883903,-2.4765962825656955,1.2614919811199354,654,10,4
521,6,6.103565082177761,3.0175927778723795,-2.782124406136511,1.015270769823121,654,10,4
556,7,6.346249046403708,2.3976909017480463,-2.5635981235604723,1.2210370029293907,654,10,4
595,7,6.8298616282463875,2.345647450460493,-2.8685015323731378,1.0853921959906496,654,10,4
597,8,6.837798338834103,2.3658643962369967,-2.6074388817430036,1.2970578347878756,654,10,4
626,8,7.299449345358887,2.3599504549026014,-2.827711917013416,1.1393004723128382,654,10,4
631,9,7.587018157631249,2.250032447463205,-2.4692808247638283,1.3348674174154627,654,10,4
651,9,8.533486659864948,1.4366728271976215,-3.1263231387883503,1.434419367897103,654,10,4
654,9,9.201231459057004,0.7674727222463164,-1.8558546881059639,1.6689826655243765,654,10,4
655,10,10.0,0.0,0,0,654,10,4
0,0,0.0,0.0,0,0,654,10,4
2,1,1.3860409620088376,1.277658832546273,-3.0261356567981985,0.7582345381959241,654,10,4
7,2,1.9809293233361869,1.099372659654784,-2.952258512166408,0.8485080353631321,654,10,4
23,2,2.5793346400648085,1.5710360063833122,2.942694365481614,0.5049743382738486,654,10,4
47,3,3.2007673596485677,1.2026968622445084,2.508986231942755,0.34414248101203854,654,10,4
101,3,3.779467362037916,2.005844743597588,-1.5834598160653555,1.04420055732264,654,10,4
135,4,4.065478257609269,1.0218214151041949,-2.429816319508543,0.5852574089524072,654,10,4
151,4,4.1521504998854155,2.3524111806696566,-1.6271828637093428,1.0083730312643757,654,10,4
457,5,5.612344177816226,1.8237659554335404,-2.1448473955383163,1.2309971875084293,654,10,4
563,6,6.362963729712837,1.3946784083105312,-2.3580614095011954,1.1372182158339017,654,10,4
603,7,6.776982650890751,1.411036653459423,-2.1870978157362444,1.3056120508821596,654,10,4
642,8,7.798889862465657,1.732713496447715,-2.7482916036494727,1.5282219810635833,654,10,4
649,8,8.285051914572893,0.4575931598375106,-2.70398269567081,1.1873778271161823,654,10,4
654,9,9.280528900433726,0.5252803122322061,-2.9914111625993387,0.9334938822079547,654,10,4
655,10,10.0,0.0,0,0,654,10,4
0,0,0.0,0.0,0,0,654,10,4
1,1,1.121436020259633,0.9307424811957482,-2.7452299619251552,2.223771629299534,654,10,4
2,1,1.2876674483386374,1.0575269111455146,-3.0195104364842233,2.082978648827251,654,10,4
3,1,1.2979722867779042,1.2558301411876638,0.5108659851965724,0.49249795961233567,654,10,4
4,1,1.893011039066046,1.8309300374525315,0.7185866287235853,2.4207306357858025,654,10,4
5,1,1.917881709838476,1.7437292413155465,-0.401124166407869,0.634260151952862,654,10,4
6,1,2.013793369377246,1.9602871316450567,-3.0415172347757284,1.9664466307909372,654,10,4
8,1,2.2351437241575844,1.8924426424757217,2.2423197242898913,1.6909155382512384,654,10,4
12,1,2.59311476268873,1.0119148912433937,0.7860392061563376,1.9516566159115438,654,10,4
13,1,2.6047495745479585,2.3675967904332618,0.7948402937431706,1.1217656026861078,654,10,4
33,1,3.0461575500347084,2.8485533777730563,-2.301298829483249,1.7984711321749174,654,10,4
17,2,2.6575221100433266,1.6614673590600577,-1.251470331779943,2.211358642342924,654,10,4
18,2,2.7007628652209945,1.4707390849269413,-0.4024186848928079,0.8015610894271368,654,10,4
20,2,2.775817144357191,1.4296299412533848,1.454382702840835,1.2177077326656454,654,10,4
25,2,2.9185436003547216,2.0241716574017388,0.9354048948394874,2.4369743742224754,654,10,4
31,2,3.0029036177572777,2.0304346053549738,2.5721401889781133,2.7683802601584495,654,10,4
37,2,3.0907476576762294,2.190522765143802,-2.7634542496678334,1.9453900751751612,654,10,4
40,2,3.121375246556296,1.4984004804253392,1.6046957416933796,2.236692216305668,654,10,4
41,2,3.1218857961467106,1.4055621076210914,2.580715725660211,1.5483204169163052,654,10,4
60,2,3.3941397327318046,2.9726512287309137,3.0740860223236863,2.5337908638494886,654,10,4
67,2,3.494468304069065,2.378020870878539,1.0114706560765725,0.9957607914274058,654,10,4
81,2,3.6376045657431932,1.691124859144684,-2.5518431958311707,1.8652610214982381,654,10,4
120,2,3.9359027016134074,1.1563080857648902,0.4649522783736959,2.7625046906974307,654,10,4
132,2,4.01709614595177,2.017070484508057,-2.3089100424303424,1.8030982798017776,654,10,4
57,3,3.3399494346783696,1.4517689672858747,-0.04382862385722953,0.5736055517344574,654,10,4
79,3,3.613896670243819,1.1745637499927641,2.8736145634174943,1.6782364063371193,654,10,4
104,3,3.828220983092121,2.9924433093076783,2.9527344160011397,2.6054575604410335,654,10,4
105,3,3.8343058499230507,1.9543675015291606,-1.5853292592643171,1.656418691715275,654,10,4
116,3,3.9175891414682527,1.9623831636224631,-0.7264479730257379,2.4332604170237127,654,10,4
117,3,3.9181532118344355,1.5857781796808463,-0.38535517062453173,1.9681281893165168,654,10,4
121,3,3.943091030642867,2.0516227649275853,0.372948858789129,2.395424927356631,654,10,4
133,3,4.028038770643172,2.8557391298522843,2.831251939527952,2.524608131816532,654,10,4
144,3,4.09426060283749,1.2657263988797784,2.4511820947222245,2.2793165425272446,654,10,4
145,3,4.094327158384676,2.171202618435229,-0.2914794929999094,1.3459103900974323,654,10,4
155,3,4.1532574003453595,2.0805326245979274,1.4247028535817028,1.564044035968055,654,10,4
159,3,4.189636010354708,1.8230307656710767,0.30737883991624476,2.5352175991374057,654,10,4
161,3,4.208404571946007,1.6479144239727506,2.514442502411053,2.495113474717249,654,10,4
163,3,4.210580946568738,2.087808609415379,0.8652611542993077,2.5101564302643884,654,10,4
167,3,4.243645031054172,1.8982978459442932,-1.5635027333106861,2.290816805027531,654,10,4
180,3,4.349047776787353,2.175010955446412,1.1744329910727505,1.2440856270224003,654,10,4
196,3,4.427223472361565,1.6334832604636536,1.3962484171048322,1.497482118463172,654,10,4
215,3,4.523977641787437,1.5767956083129162,-2.2542776952381454,1.9296070806868217,654,10,4
246,3,4.651324961976204,2.8380355648990165,-1.4005461440967213,2.0997669697462937,654,10,4
284,3,4.84466976150604,1.6980308769468733,1.8802621769101802,2.7183165252948562,654,10,4
135,4,4.040890902291658,1.7926589093574743,-0.22265547392071117,0.2867008876240075,654,10,4
224,4,4.558643138706261,2.367382860944032,-0.29252236280093663,0.8297641774785544,654,10,4
225,4,4.566317655747044,0.9096159997949443,2.7525356307354976,1.3950822247187684,654,10,4
265,4,4.741940430542311,0.8074639813221195,2.8670309935722385,0.4881773450391054,654,10,4
266,4,4.745918153268364,1.1401171869655722,2.8211595597865897,0.6658757280624501,654,10,4
291,4,4.869992156633993,1.3194798920442519,-1.6937674230520234,1.5449817146316205,654,10,4
292,4,4.877534541552393,1.9289449328829522,-1.1594987570690574,2.1663066702434457,654,10,4
296,4,4.885820199186613,2.73712111571806,-1.6583488761031167,1.4851181909004283,654,10,4
303,4,4.928487769162242,2.8085721414338862,2.7686500753558834,2.790081078648318,654,10,4
331,4,5.057151200104698,2.701573727287853,-1.3388369727377454,2.1512360582076457,654,10,4
350,4,5.150467339399253,1.7561788187599685,-0.18522513788082734,2.703330398095568,654,10,4
370,4,5.202316653165976,1.3077898928353362,-2.1408068853961613,2.1452705581749005,654,10,4
398,4,5.346932995041433,1.7366526318270767,0.6535858453043395,0.938989745900879,654,10,4
407,4,5.397423956962603,1.3587526950318516,1.5699309472486083,2.9806486232298015,654,10,4
411,4,5.418822068837339,2.520652641295675,-1.8846437984749111,1.7882360340335146,654,10,4
463,4,5.767308944062519,1.5110868788805438,0.5851354206810255,1.3121250282197034,654,10,4
446,5,5.659389049211857,2.838278392836484,2.900045887816449,2.943851409306368,654,10,4
454,5,5.728671274694036,1.227649685175867,-0.4114379446752706,1.346570791562574,654,10,4
455,5,5.729343541150431,1.2734904141969827,2.0616097949341015,0.8327490220515621,654,10,4
458,5,5.7423680976286775,1.1670962087685857,2.463900626609719,2.356404856766906,654,10,4
487,5,5.9292243585074385,2.6847248062503746,-2.254500365060978,0.5159563027720395,654,10,4
496,5,5.994698812922126,2.377010186327118,-1.4383157803770539,1.7424359938028298,654,10,4
505,5,6.097680654591163,1.290175409932034,-0.34461049447900066,2.439914578775526,654,10,4
510,5,6.1324820944960345,3.1139850756321006,-1.5860089254840797,1.9146371148730275,654,10,4
515,5,6.182148343331166,2.0924146394825818,-0.11231065437660334,0.37595934273240195,654,10,4
537,5,6.322964251163002,1.6637282894990486,0.6088857460314359,1.2398555361150698,654,10,4
546,5,6.3789853677372585,1.8281051969581883,-1.8144098111698292,1.1615239366743058,654,10,4
557,5,6.419343935382402,1.5567908734316092,-2.289771523655651,2.7394457300241406,654,10,4
559,5,6.443012852292538,2.0182271045240108,-1.7986385271240353,1.8572441168067766,654,10,4
566,5,6.520429375575977,2.0401263131373595,2.668734142622158,1.2345360027219514,654,10,4
587,5,6.78173086582675,1.682879747652485,-1.985799738712179,1.5678011006849144,654,10,4
589,5,6.850428627317452,1.8799902165181361,-1.9083594832542201,1.560170798612534,654,10,4
509,6,6.126029753896405,1.2345532931526242,2.19771580933989,2.2894632281876754,654,10,4
558,6,6.43296204638951,2.6023506009374073,1.5104216365760854,3.0043484681855466,654,10,4
562,6,6.492343709035429,1.1533127851480987,1.8104982350634904,2.6986500054364178,654,10,4
577,6,6.650230120068703,2.275265630213305,-2.4071518144842536,0.28686008261338,654,10,4
581,6,6.700762346138779,1.4569520677991847,-0.725603840922403,2.1345045000660567,654,10,4
582,6,6.7053826474402625,0.5434281934116243,1.82629158091917,1.3176722141741235,654,10,4
584,6,6.734496304473375,1.2024338415050746,0.41210227712307695,1.5798692900234053,654,10,4
597,6,6.929006636543357,1.7185184497517432,-1.7003830796444097,1.1111788665716977,654,10,4
601,6,6.990772968903177,2.6616976282942444,-1.3878432211518097,2.044317176072759,654,10,4
602,6,6.99395234665438,1.6073965026818848,-2.3086075996612876,2.5807845663707054,654,10,4
603,6,7.012671956670439,1.746324701321422,-0.9557059593949847,1.5822536163810406,654,10,4
608,6,7.072919523586797,1.4818163858185571,-1.554004212664301,2.5833083926108813,654,10,4
611,6,7.107118004595952,1.4952949111645055,0.6196205857423073,1.544265482988041,654,10,4
613,6,7.129016240782928,1.8357330524897884,-1.8192160905755284,1.5649992562186865,654,10,4
616,6,7.194827938801409,1.8916127505251668,2.582630281999858,1.1088959802734266,654,10,4
617,6,7.212087944607218,1.1592418364010204,-1.0772535227303377,0.44412715634251304,654,10,4
619,6,7.220079681717918,1.702387232530513,0.32721034240450386,0.5953717245230523,654,10,4
624,6,7.283829571007509,0.45211495971124604,-2.653509720624382,1.2769228593195687,654,10,4
630,6,7.367451169104094,1.522717616387133,2.2478169045934426,0.9888904425318588,654,10,4
623,7,7.2679808654064875,1.2728267534081663,-0.9042090270729775,2.3128791304065435,654,10,4
636,7,7.588416810249007,2.3521705499735535,1.705325239285018,1.9318975184389617,654,10,4
637,7,7.616383528896477,2.1780826374175244,-1.2899165788739044,1.9783319462831415,654,10,4
638,7,7.6362523609465285,1.824725852802736,1.275028394131605,2.0585736383690034,654,10,4
640,7,7.688198424953851,1.917729912622855,0.5312173402547987,1.546543921715623,654,10,4
642,7,7.772433392895791,1.5962075528218131,-0.7323209373071611,1.8446200329195839,654,10,4
643,7,7.778600276768756,1.4811242165380212,-1.934076838600943,2.495775562373256,654,10,4
645,7,7.9145705736562855,1.3160804868364875,0.4511594501029126,0.627475987192705,654,10,4
646,7,7.915552074505056,1.829607573409032,-2.0735150795644874,2.823825880091544,654,10,4
647,7,7.9202531653262636,1.3589130839365313,2.40550434010039,1.1344518543733055,654,10,4
648,7,7.948123762957865,0.39127818634980666,2.2490292123048556,1.7339939417001617,654,10,4
649,7,7.990826083693362,1.474079614435222,-0.43893400608191147,1.2637374407560493,654,10,4
650,7,8.074396975105083,1.831610962969941,0.7223316097281964,1.6157188625147088,654,10,4
651,7,8.14826246664859,0.27899867625106606,-1.332814804502863,2.6488291211483057,654,10,4
652,7,8.298144679059716,1.4271882886861986,-2.041196713442627,0.9713109178268093,654,10,4
653,7,8.354375061587215,1.3895597354970426,2.1705476370855687,2.7633332639103303,654,10,4
654,7,8.537816794411546,1.1628998099654353,2.2007041625759602,2.8458228478714744,654,10,4
655,8,10.0,0.0,0,0,654,10,4
0,0,0.0,0.0,0,0,654,10,4
16,1,2.1072661289648753,1.1211062266904348,-0.4835552829019259,0.7851570310032077,654,10,4
17,1,2.133127220907163,1.7881707356333243,-0.5070807761502583,0.7620846818297813,654,10,4
36,2,2.893981380402594,1.521512940471047,-0.3339767877405447,0.8259204209981399,654,10,4
59,3,3.273379352445346,1.611342476804554,-0.21652876517759492,0.8363944439721634,654,10,4
191,4,4.3163686403234625,2.0482897042882824,0.28582220237129974,0.8809545252278327,654,10,4
379,5,5.183334885652061,1.8217301003779678,0.3790432061042799,0.9850365690782366,654,10,4
538,6,6.098746406634118,1.5540676641455515,0.9273218906878604,0.6916258430078538,654,10,4
631,7,7.2027385833771636,1.0748968977604176,1.611859804422992,1.2331181544266707,654,10,4
652,8,8.150964921241147,0.8546285446649443,1.7718748929967783,0.4358543488302735,654,10,4
655,9,10.0,0.0,0,0,654,10,4
0,0,0.0,0.0,0,0,654,10,4
1,1,1.0337132080301314,0.6186400702724363,-0.09402916635740297,0.5473147184109408,654,10,4
2,1,1.3607680808604772,1.1990698548710301,1.0498709285197754,0.8838589849110621,654,10,4
3,1,1.3861544308995843,1.3612863374455517,-3.1328433395676893,1.3658427612074489,654,10,4
4,1,1.4438329275439221,1.4041295850459283,-0.2705616126274547,1.8052108375714087,654,10,4
5,1,1.7277671279788198,1.4307501223822194,0.3728789604005494,1.6755966436272192,654,10,4
6,1,1.7766900534972252,0.7991202547308941,-2.5801857402428237,2.0061425345611954,654,10,4
7,1,1.7817578222974018,1.4915574182039457,0.2601641409004428,1.626828590594388,654,10,4
8,1,1.8368741820805867,1.4097467640831298,0.5007481030040712,2.708727171639777,654,10,4
10,1,2.1961438073391024,2.0032306067021333,-2.2153663193972033,1.521630782744131,654,10,4
11,1,2.212930160573846,2.0055649608287784,1.8223464975797865,1.1978234170588657,654,10,4
12,1,2.2702730603046604,1.4679032612270253,1.4767600651978219,1.7196391541905656,654,10,4
13,1,2.277728855627802,1.4373828266523154,-2.039564932191646,1.604090370600161,654,10,4
15,1,2.379980288256025,2.1164300775945812,-2.713708113274021,2.3565135037557967,654,10,4
30,1,2.793469616120637,2.6902964789375052,-1.348863751863289,1.612063718730276,654,10,4
27,2,2.7328146350429536,1.618161738094793,-0.4884274075180639,2.7382522743719404,654,10,4
32,2,2.9515802034704053,1.964163736464339,0.5413913109806354,1.9278476492801446,654,10,4
34,2,3.015728334217378,1.457527180566881,1.4291749169852,1.4709886445051883,654,10,4
36,2,3.036621333739269,1.152132810705486,1.73126180119483,0.29063913758520277,654,10,4
38,2,3.0736426609309064,2.116641525659798,-0.25071100364087473,0.8980780679395746,654,10,4
39,2,3.1313396752177747,1.2719803872659532,1.1066255927585082,0.48121155398684035,654,10,4
42,2,3.147828332340633,2.0062283771897476,-1.6232030305638616,0.5656205955854355,654,10,4
46,2,3.2008673562526635,2.4394971628379936,-2.584595684478761,2.615324141742322,654,10,4
47,2,3.2371147383787524,2.125253658537507,1.1689270531482825,0.40818766545270824,654,10,4
48,2,3.2393056017569344,1.938747892560632,0.8561260262405028,0.9791695530553753,654,10,4
49,2,3.2541045590626103,2.1490040571095794,-1.394357342177348,1.5342293197814203,654,10,4
53,2,3.3216351468119445,1.8127599730962263,1.258392108575367,1.1406121246132828,654,10,4
55,2,3.354692073934251,2.5013227540173113,-0.7205036320396461,1.0553294041839894,654,10,4
56,2,3.358706978466992,2.5486345748823274,1.9718937252173607,1.4991162778567457,654,10,4
57,2,3.3839483576043428,3.0880558104747577,-1.2584399068470133,1.7110428785981058,654,10,4
69,2,3.478752521689714,2.487666556165496,-0.8181606590547633,2.615000217557633,654,10,4
73,2,3.4983569319610828,1.731025630153885,-2.0292502256741796,2.150695049874966,654,10,4
76,3,3.523800065545344,2.0087122166885583,0.6022422762209636,1.8204999594418678,654,10,4
100,3,3.7507097495816843,1.0778374106310737,1.0170652005845615,2.8943312821634195,654,10,4
102,3,3.7598065393457256,2.3752763725284254,-1.7766241710515713,0.557410360702247,654,10,4
144,3,4.10202154424994,2.1196173109716496,1.332463809217733,1.007530244616795,654,10,4
146,3,4.107676929883932,2.327256116739747,0.614141396457607,1.2072414957431632,654,10,4
161,3,4.177993652881252,2.5470536175316867,-1.0804218955326859,0.7698306137098221,654,10,4
170,3,4.2119783385449825,2.7913252631344787,-1.0440761826726037,2.528389600290219,654,10,4
179,3,4.270085107780891,1.3965510514915958,1.886973259455259,0.8555723700889732,654,10,4
195,3,4.3542854373602715,2.3455067391126354,1.6401594139651416,1.5049425457424954,654,10,4
207,3,4.402113307004463,2.772700814040221,-1.1582852502377197,1.4650494578586035,654,10,4
211,3,4.425368600526861,1.3902428432860983,0.782531273115811,0.9060168459031626,654,10,4
213,3,4.444087602922666,2.0853587920032717,-0.07174973095584254,1.1493267909741642,654,10,4
214,3,4.447743243276765,2.055360982349308,-0.6168481825712137,1.1313793279498823,654,10,4
250,3,4.642811409606438,2.509354270534283,-1.7325885422605536,2.439687003348181,654,10,4
286,4,4.808930530995403,1.9485781152518633,-1.858642500183281,0.9415642763052521,654,10,4
319,4,4.946224734322947,1.8615291000942473,-0.24550244728874196,1.0969444060378775,654,10,4
390,4,5.23470098652075,1.7027055532850834,-0.6857654069178027,0.8203222466116913,654,10,4
407,4,5.314580484338719,1.582953115634382,-1.4630953183227202,2.224396006496164,654,10,4
432,4,5.427908617561251,2.6403216275419297,-0.8346914248611735,2.383289500098546,654,10,4
436,4,5.43309673714801,2.4152655466785307,-1.4407392648877368,2.411687644844714,654,10,4
452,4,5.511147005510679,1.1713154725240453,-2.1404147543275416,2.9077398743935463,654,10,4
477,4,5.6358735960670945,1.311578795946315,1.2454537164766457,1.4523826119811556,654,10,4
505,4,5.825827688930007,2.092516294127326,-1.1429475412308754,1.9839453945697156,654,10,4
447,5,5.493687529068989,2.1635961586584593,-0.128717729722625,0.965629951085111,654,10,4
503,5,5.820884268222128,1.8984177449803237,-1.9618154063242779,1.142907431495527,654,10,4
512,5,5.876276183492668,1.4247388468914224,-0.6142105819421806,1.0962623199874875,654,10,4
529,5,5.931946805358891,0.9378254926012525,-1.5662290487773134,0.8167858738006633,654,10,4
531,5,5.9359579393525665,1.4797971734582407,-1.8308918429817975,2.2734368613127716,654,10,4
544,5,6.048041300292304,1.5754632779805529,-1.5851225374401983,1.905736774789232,654,10,4
552,5,6.101432651223716,1.250768082204554,1.2266102377750543,1.5197169724979431,654,10,4
561,5,6.20294464923132,2.00532513790472,-1.1660188331402457,2.1319713441734396,654,10,4
569,5,6.273442015783996,2.2914749833636483,-1.2133019223872656,2.434428099984356,654,10,4
570,5,6.3051265329191075,2.1690094578984653,-1.8008177604584001,2.2107608518617257,654,10,4
583,5,6.518127298750426,1.1210636208492313,1.2646285479697648,2.5979683276722363,654,10,4
593,6,6.636659422286372,1.529818017201768,-0.6499819048042443,1.087631954338751,654,10,4
603,6,6.757868872601016,1.6444590754480088,-2.215100583338155,0.8433128485294843,654,10,4
620,6,7.126529751443051,1.7037838726792445,-1.6385374398031198,1.5750286569911363,654,10,4
623,6,7.162788521887561,1.8848703682658372,-1.1212951081641407,1.7641077289288958,654,10,4
625,6,7.213920391388157,2.4709398627168238,-1.631456422054011,2.47592424535582,654,10,4
633,6,7.39771058566115,1.3449917502411237,0.82257615291032,1.5893630954065172,654,10,4
635,6,7.537488733974299,0.6853005270435465,-1.5788221888460092,2.593235406966835,654,10,4
637,7,7.721741417219077,1.8841592397663613,-1.041098934119426,0.5852734574359238,654,10,4
640,7,7.839072908837519,1.5248709225635453,3.0634444183707488,0.4928974655439773,654,10,4
641,7,7.86559677512268,1.6518146269270022,-1.6143286262079894,1.7049237766924652,654,10,4
646,7,8.061009090274146,1.6456345197083084,-1.555265631933393,1.1426484738338505,654,10,4
647,7,8.089094957694158,1.2810481605011979,-0.8358821988325325,2.0151175920619906,654,10,4
648,7,8.147673997782487,1.8115995040429305,-1.246102005736515,1.4572574957304545,654,10,4
649,7,8.160561391286814,1.5026365595389877,0.9648961987807911,1.6747463716530977,654,10,4
652,7,8.395103562707517,1.4483828532665384,3.0280665210598365,1.1272792644460117,654,10,4
653,7,8.500808736787704,1.0162631360159549,-0.15426834922564417,2.1259694414128587,654,10,4
654,7,8.96292857832244,1.027162838087814,-2.463687175578615,2.588368279743836,654,10,4
655,8,10.0,0.0,0,0,654,10,4
0,0,0.0,0.0,0,0,654,10,4
1,1,0.3812930646579604,0.26817877659337275,-1.1072428731270125,1.7282534090508517,654,10,4
2,2,0.7655189710748345,0.3271092441159907,-0.22640344362565343,1.0297594000435388,654,10,4
12,3,2.1079282748786063,0.8674439861967457,-2.359154067687598,2.8350131666363882,654,10,4
52,4,3.1060583759644675,1.1670975280613585,0.6517382605638434,2.790456779826057,654,10,4
113,5,3.720745982072379,0.9895383291726682,-0.04644950458548248,2.8502759555701895,654,10,4
206,6,4.452869034482632,0.7776090468147211,-0.9458496295731732,2.8470507980203075,654,10,4
456,7,5.609931888779588,1.5121044383767301,0.09604751111364677,2.344911360642021,654,10,4
561,8,6.374147520953175,2.078132942922021,-0.21284369815797255,2.1769598863683557,654,10,4
609,9,7.062646568499246,2.6000438826244743,-0.30468094036715415,2.251314009299197,654,10,4
635,9,7.577423685923799,1.12661649897896,-0.7035609240327995,2.36845055869039,654,10,4
640,10,7.733909750498228,2.2238744089420868,-0.27143143205692144,2.058172435208059,654,10,4
651,10,8.655570341005085,0.9929442861410223,-0.7262829686706,2.186893766505925,654,10,4
654,10,9.160415992551494,0.5401209205456632,1.2738611324414313,1.4677674333310344,654,10,4
655,11,10.0,0.0,0,0,654,10,4
0,0,0.0,0.0,0,0,654,10,4
2,1,1.2161224272381876,1.089249008278543,0.31764289632258114,2.657818562616541,654,10,4
12,2,2.1541546992423988,1.062102981001495,1.052139672662746,2.2513598588770116,654,10,4
13,2,2.229534863807685,1.2767419027145046,0.6737822383697206,2.5730186558612687,654,10,4
74,3,3.5775443213815974,1.478996197937875,-0.08599037371723721,2.5446228328122644,654,10,4
110,4,3.922754663542255,1.3423570105833136,-0.35584311009861813,2.4616281687282724,654,10,4
288,5,4.942072571555065,1.4069628664951228,-0.43307174124896275,2.4293209186698164,654,10,4
517,6,5.903367465773137,1.9152656279670561,-0.8980087558945894,2.182979063667836,654,10,4
593,7,6.5007013470959,1.757207708985243,-0.6626192858523574,2.4373620786550747,654,10,4
640,8,7.645609727654243,1.4689609642250225,-1.312866840724947,2.0398812180642474,654,10,4
651,9,8.564066962549497,0.8419039818357985,-1.8085054162090746,2.0094896624510166,654,10,4
654,10,9.385104806641106,0.5021981115475245,-1.0192671943544585,2.6063404860262755,654,10,4
655,11,10.0,0.0,0,0,654,10,4
0,0,0.0,0.0,0,0,654,10,4
1,1,0.8477464033387572,0.5916065230718941,0.1724597037332259,1.1687290787383504,654,10,4
2,1,1.1758389211159326,0.9687122882026142,0.14514667523814795,0.6085559141447712,654,10,4
3,1,1.1984597058206103,0.7914264486399097,-2.1704326506969402,1.9115185553027836,654,10,4
4,1,1.2057067643397557,0.7838325522333435,-2.576676092966349,2.321172594810895,654,10,4
7,1,1.4762734644232423,1.343289811567989,-1.336460364100064,1.1950642657605195,654,10,4
9,2,1.6975983155104946,0.5064645636376748,-1.5911108586523794,1.5483306069180223,654,10,4
11,2,1.8240072936429041,0.946124101706476,-0.18661094297553307,1.727628295780332,654,10,4
15,2,2.029238338702065,1.1433142631514743,1.1430801614327248,2.03624737985326,654,10,4
16,2,2.0930954402535704,0.80264630652645,2.209150448626321,2.6707456717288762,654,10,4
21,2,2.3241387972171834,0.8411111019965547,-0.7516117388010337,1.3171794745876588,654,10,4
41,3,2.8816352624341524,0.4923018487389278,3.0059347754754824,1.5555043434848077,654,10,4
58,3,3.1609082158771495,0.9711367397396775,1.018507271983923,0.9860195281730231,654,10,4
92,3,3.451799820189214,0.43636041619150806,0.1146608878971481,1.6617852924161745,654,10,4
93,3,3.457228198205884,0.9137453471347907,1.0351114616263097,1.6629739198738678,654,10,4
128,4,3.78285098337522,0.7655535725058217,-2.665274994171194,0.5220779854241748,654,10,4
182,4,4.190318669025672,0.8833738274510051,0.5585630723806877,1.3976101560268244,654,10,4
303,5,4.839213323160083,0.47114078231326667,0.3244008889610736,1.4279903784173498,654,10,4
478,6,5.674493720963534,0.701291621512943,0.9293118916625822,1.0671800227286734,654,10,4
586,7,6.671659606992741,1.0951102212854504,1.462123562528188,1.0322587402780998,654,10,4
629,8,7.3605515424865295,1.693187509988857,1.7189808019324717,1.0528142069438748,654,10,4
646,9,7.922915418070934,1.8391175346780668,2.0189508748953178,1.1615714722185722,654,10,4
654,10,9.467976840031623,0.4443220982173892,2.6836998377886307,1.0018178798804733,654,10,4
655,11,10.0,0.0,0,0,654,10,4
0,0,0.0,0.0,0,0,654,10,4
1,1,1.2793838287955739,0.7076197547373488,-0.5136940459951169,0.7509659908694618,654,10,4
8,2,2.080712428487196,1.0917086581743813,0.5063115022302215,0.9684155664574173,654,10,4
44,3,3.0862266143665087,1.26604114295789,1.1948056718646547,0.8221451046608822,654,10,4
107,4,3.734532817002573,1.0828467836837201,1.7468155097452096,0.6386539802271639,654,10,4
317,5,4.971312692773566,1.7708726117324474,1.1234929881024402,0.9914467396204848,654,10,4
528,6,6.005457900875824,2.1653681706361465,1.1219534481316928,0.7599523684407369,654,10,4
578,7,6.577168585783656,2.423639167820954,1.095674869444563,0.7889666599869393,654,10,4
609,8,7.039896467056126,2.183128415794368,1.2006532713316826,0.7887748465666579,654,10,4
650,9,8.456416493618777,1.227768742045777,1.814112995539065,1.0072482162087717,654,10,4
652,9,8.637987484079924,0.9588733839033028,0.9158083653208898,0.9414914582863334,654,10,4
654,9,9.22531206528138,0.7263071429618121,-2.497383528249528,0.25999737371119225,654,10,4
655,10,10.0,0.0,0,0,654,10,4
0,0,0.0,0.0,0,0,654,10,4
1,1,0.8506573736114886,0.7269242540127676,1.5203392860857619,1.0286975540531795,654,10,4
2,1,1.072788330211707,0.6585083231357363,-0.7703156211415148,0.28005219523048147,654,10,4
3,1,1.3474791802848263,1.1972027803776988,0.2962198479726736,1.4643688150797727,654,10,4
6,2,1.8651567295685267,0.6813770024657857,0.1379933486073398,1.3395600686939744,654,10,4
13,2,2.173536529595955,0.9043020793387244,-0.3870262320689095,1.5614583076664257,654,10,4
18,2,2.3018569429321434,1.9103259161371178,-0.1122649685648413,1.5434167493614912,654,10,4
22,2,2.334302400810746,1.7965595834174954,0.9267622382804769,0.8698813166849981,654,10,4
30,2,2.6700220107088404,1.7167188451460438,0.9872444546099642,0.5540876021968207,654,10,4
56,3,3.023132813060977,1.758705978244989,0.9240989110240221,0.7155938156069109,654,10,4
61,3,3.113275591995265,0.8938255331276195,0.1126550909765959,1.1825276651507934,654,10,4
66,3,3.170009553982529,0.589600614425501,0.3415348602130161,0.4279797607391672,654,10,4
68,3,3.1910604191057566,1.2951514580346046,0.9758873282594869,0.8713559430179199,654,10,4
69,3,3.1925930630573407,0.39778214663175115,1.8193502289306023,0.9883137318010986,654,10,4
80,3,3.3458708017174574,1.5470904064693047,0.6953465470973667,1.50000793285804,654,10,4
91,3,3.493262509329107,1.1522537340603158,-0.6157869972037814,0.9340004553783671,654,10,4
95,3,3.499160226965776,1.3383636756087887,-0.2680628450489966,1.64152916864812,654,10,4
125,3,3.866320799124318,1.5860189121924397,2.114399240821102,2.848529663613469,654,10,4
164,4,4.123466915564685,1.6598268943815855,0.4551013983378552,1.043787504295423,654,10,4
183,4,4.2353041173934685,1.3029745434194413,0.629684266264815,1.1651571307529407,654,10,4
208,4,4.3769987751981585,1.7710851993132863,-0.0805238153654269,1.3270450699105762,654,10,4
211,4,4.3802179999465585,1.3109127026938507,-2.9397221385967427,3.04519565846867,654,10,4
250,4,4.5742828543941405,1.2178352398116006,0.6439433566997471,0.7373459687004966,654,10,4
316,4,4.824716893692038,1.2595557408821207,-1.0341861527571732,1.5188740062214114,654,10,4
277,5,4.675086914770108,1.5441577710181187,0.2802771948688893,1.2590399579432325,654,10,4
387,5,5.109758036855199,0.8619404864646395,0.49344515699385216,0.6555734535293128,654,10,4
439,5,5.335134010490311,2.3186461552034525,0.21768727147093206,1.146932360296155,654,10,4
444,5,5.37381219209712,1.9378346564394915,-2.178084390132878,2.810576040849686,654,10,4
449,5,5.390400693463753,2.0122037140318447,0.5720740115603964,0.4419999413238124,654,10,4
476,5,5.546301661898543,1.5473030938705619,-0.9931261123904683,1.0833904238645315,654,10,4
530,6,5.935645977767617,0.746114481339353,1.0286321884887841,1.092172533419121,654,10,4
543,6,6.008589604846781,2.090660591120903,0.7387517548563957,0.919046664567191,654,10,4
558,6,6.106650217413097,1.314054144400338,0.6198585011409669,0.8584164477847233,654,10,4
577,6,6.335834815782327,1.4675032136329171,-0.6077697343555307,1.2002444036559974,654,10,4
595,6,6.624486878450147,2.651254185467579,0.5842346247061855,0.7763446233892294,654,10,4
601,6,6.717026941742637,1.5651108743358138,-2.391890300623861,2.467003885211388,654,10,4
615,7,6.895005928134319,1.6238863090876523,-0.6399072267036792,1.4896450505755658,654,10,4
633,7,7.662567048798655,1.0645075101094719,1.5798359269682207,1.136932701180021,654,10,4
637,7,7.881889967429345,0.8953535113280662,-1.6375479515241071,1.2346435549223562,654,10,4
639,7,7.924608643522121,1.9458475781750129,1.179094142890545,0.6271480771420858,654,10,4
643,7,7.981441857790077,0.8917635968420454,1.7047581327537555,2.7668665335414793,654,10,4
626,8,7.3045208981841325,1.7439201466973389,-0.4895284561019713,1.4463966082005542,654,10,4
632,8,7.49160553255233,2.0028357851730747,-0.45604654404750566,1.4165655320175268,654,10,4
645,8,8.084864654841722,1.7992358023721606,-0.9904676296225021,1.5450053884060382,654,10,4
651,8,8.452365379219954,1.0667628055791178,0.6029882422083465,3.003707798680889,654,10,4
652,8,8.533080324117476,1.4425471396600267,1.0566236209180733,0.4706516731853053,654,10,4
654,8,9.081337337479805,0.841913488067985,2.6616154385381745,0.27444958983996603,654,10,4
655,9,10.0,0.0,0,0,654,10,4
0,0,0.0,0.0,0,0,654,10,4
1,1,0.9778444784390539,0.9289544864680446,1.1820983609103304,2.1393056746968395,654,10,4
2,1,0.9925690461827164,0.47723860843086097,0.8222194129818491,1.451051026684267,654,10,4
8,1,1.5027064844921845,0.8104240603410026,1.6987324415821439,1.335893451293346,654,10,4
13,2,1.8130130766903707,1.006066107042496,1.2282110215584565,2.761752624700636,654,10,4
14,2,1.896311739255473,0.6699108983455364,1.7528172204687877,1.6228998863471753,654,10,4
20,2,2.1831331567275414,1.6200334863611976,0.5613818093476678,2.360507852286536,654,10,4
33,3,2.739154328947314,0.817774390133596,0.7395617778643527,1.364562047275661,654,10,4
37,3,2.823552333681494,1.5902857299962776,0.5753449382196482,2.0286181041446274,654,10,4
57,3,3.187319666016525,1.9521672324240786,-3.131113963073191,2.8833087147729244,654,10,4
140,4,3.939988748907731,2.3212222604120414,-2.8147010383808446,2.7368983890506846,654,10,4
148,4,3.9869672830795535,1.5690289912939028,0.9327202146331214,2.4346963327351547,654,10,4
149,4,3.9909635055107384,1.6060920762994626,0.249869623008679,1.0371124079107263,654,10,4
315,5,4.901010227540942,2.2419388558300186,0.5847725840285207,1.061386865004664,654,10,4
379,5,5.207514389132038,1.0364957514300572,0.36104606450810256,2.089361691476073,654,10,4
398,5,5.307816150490559,1.3202858790650562,-1.600943198444557,2.75306700762433,654,10,4
446,5,5.5685997571638755,1.5324964299199915,-0.1863977641335006,2.049130583734215,654,10,4
419,6,5.396937377428043,2.094977320687286,0.3565831861762773,1.0356252294968313,654,10,4
506,6,5.959579745582108,1.6887636562326267,-1.5005034354764861,2.831511189549519,654,10,4
547,6,6.250900147954422,1.3047309102694142,-0.36377847491499765,2.2275998595204403,654,10,4
494,7,5.892379721071611,1.9683980145865672,0.3971988911908688,1.2395799097998224,654,10,4
578,7,6.539543922071366,1.631138440735362,-2.7221059001484775,2.929958533367486,654,10,4
600,7,6.796281721463763,1.4818784541970196,-0.1307262001878566,2.319087852506714,654,10,4
566,8,6.409944008055519,2.0794587779813543,0.275079182855081,1.0261631868372159,654,10,4
614,8,6.957525795418422,1.341431608608097,0.45686190056161396,1.0890231268971031,654,10,4
619,8,7.0190426709833895,2.1219576094938217,0.5561387028253093,1.4367893470275233,654,10,4
631,8,7.30841752823153,1.5631768060630744,-0.15239697539281954,2.0310622229929556,654,10,4
641,8,7.552387513632831,1.4804111196643825,-1.9133386777167651,2.452714881858492,654,10,4
642,8,7.6422805071309385,1.455619920352818,2.9949195110660565,2.48800392525697,654,10,4
643,8,7.716787852616188,0.8775496556159023,1.1910671348882151,1.859789346213285,654,10,4
637,9,7.45806209465851,1.1615642524768128,0.010381543018201943,1.1369626087016411,654,10,4
644,9,7.8144951430317,1.1366338544504382,0.4910800312871399,1.0674080972195596,654,10,4
647,9,7.949570940656443,1.0304284499171017,0.33738859435436824,0.5002900845352536,654,10,4
650,9,8.216138329509198,1.1218045965200096,-0.3352391098146411,2.023369862104687,654,10,4
651,9,8.308962155090304,1.5680144131420557,0.43941647281789886,0.1116074727429498,654,10,4
652,9,8.528525976232595,0.9801494650263878,1.0634819792827006,1.703998750580103,654,10,4
653,9,8.783289692349953,1.1045046326778765,-2.5069304308415354,2.2876408069090246,654,10,4
654,9,8.922977362699424,0.9871194190800203,2.924809908872234,1.746409431162609,654,10,4
655,10,10.0,0.0,0,0,654,10,4
0,0,0.0,0.0,0,0,654,10,4
1,1,1.563722440799663,1.5157802245790686,-1.3049863013511118,1.0343543924666228,654,10,4
16,2,2.308237782746901,1.1157580197403225,-1.0688617457790113,1.2316274601389041,654,10,4
35,2,2.7508744648293595,1.4244892234113262,-1.879855057734865,1.3422332293356072,654,10,4
42,3,2.997254794209818,0.4925683544245917,-1.2774847810709213,1.1620982967798938,654,10,4
56,3,3.1771816010912204,1.5978630053723433,-1.751105496227589,1.4917471527801884,654,10,4
95,4,3.7092627611258533,1.8985996548100161,-1.810702520398277,1.2986343742877036,654,10,4
123,4,3.9947750668725233,1.0958505362881334,-1.9074359399818137,1.103009646826761,654,10,4
191,5,4.421415178069408,2.1368192233014898,-1.7059275645910381,1.4455287030600132,654,10,4
252,5,4.678996182193699,1.5090796519284444,-2.0731244535117628,1.3967146932734888,654,10,4
470,6,5.710856664052964,1.1219835221604288,-1.5548307325979875,1.2502813111083404,654,10,4
573,7,6.56766788434597,0.6531090618731658,-1.5373541846438954,2.098093208916926,654,10,4
630,8,7.430582545553413,1.1521042324980315,-1.8054678951217427,2.1228248361784368,654,10,4
651,9,8.009706534276905,1.391560270635407,-1.9786865480612321,2.1632464179718345,654,10,4
655,10,10.0,0.0,0,0,654,10,4
0,0,0.0,0.0,0,0,654,10,4
1,1,0.7564456491558569,0.6605631224102909,-0.2958305376337267,1.5436973978817519,654,10,4
2,1,1.0805808753682478,0.7712591575196979,-1.2267446482042184,2.2049869076008735,654,10,4
3,1,1.3022315018448227,1.0776001762990333,0.9467446140967825,0.8058955981804031,654,10,4
4,1,1.6030633663098537,1.5684301380462409,0.29220402885615127,1.6096971417029107,654,10,4
5,1,1.6845090365086135,1.5295979414612169,-1.7688380652810314,1.1001063722054598,654,10,4
6,1,1.7388978623273232,1.6175672788196673,-2.933682519973605,2.343403000384891,654,10,4
8,1,1.7781945413373512,1.655939398328168,0.1569813103047983,1.5584218981304296,654,10,4
10,2,1.8236520114359955,1.3898738035286866,0.1624262175688487,1.698209892929146,654,10,4
14,2,2.018622747023059,1.6918484128212767,-0.5163477495742074,1.359394252530332,654,10,4
16,2,2.1614911494933287,1.308609970569199,-0.0727062972525894,2.7593363824690043,654,10,4
18,2,2.190657051562427,1.1955918954646623,-0.22550139940543631,2.7283773129844056,654,10,4
19,2,2.2118316321406404,1.3260342088135617,-0.4420390330842333,0.9657933436758508,654,10,4
22,2,2.329281830486477,1.6922659942446765,1.651976943957943,0.5133538117388184,654,10,4
24,2,2.380689614406114,2.0440486510156255,-2.8442082779946354,2.2732143330793955,654,10,4
25,2,2.3964986459325766,0.2325193874065392,-1.485507730456387,1.3923426842394242,654,10,4
27,2,2.4422472987916297,1.8004154056245156,0.20924599534094582,0.699218980282947,654,10,4
28,2,2.453823049059467,0.9936720917979278,-2.3465041078861906,1.162977052797556,654,10,4
30,2,2.484884246357355,1.8614750780814358,0.3584602328666,1.2507929718564286,654,10,4
33,2,2.5049115971581126,1.7063683015303408,0.5798009235424246,1.2898992309730881,654,10,4
36,2,2.5397565934373234,1.6676943404675173,-1.527840422585153,1.2532628020962466,654,10,4
40,3,2.808110144379831,2.023003874409603,-2.918086964638212,2.27466326708602,654,10,4
42,3,2.823786241472405,0.8151357795205406,0.32940348759438953,2.291591779820493,654,10,4
57,3,3.03683206727436,1.7120796069260718,-0.16636794788731005,0.9083207511937729,654,10,4
63,3,3.100166072878663,0.669948822551011,-0.3001296182056946,1.1217547105069696,654,10,4
67,3,3.1681918273586906,2.7045342736237483,-0.4489412856808642,1.4925409393004936,654,10,4
69,3,3.194046840661996,0.5652145635733697,-2.537882554618513,1.411349714418155,654,10,4
70,3,3.2025464982860443,1.3067278384419707,-2.15656721062249,0.997958152922871,654,10,4
72,3,3.2247443519483756,2.0612407126735666,2.471048139371897,0.3188793636452503,654,10,4
73,3,3.243428835006256,1.9022230420628319,0.016244520333245353,2.0236621719522274,654,10,4
77,3,3.2864641951767,1.3518140274019077,0.24960262562713598,1.8824838822349252,654,10,4
79,3,3.303528357515212,1.5648651205409876,0.45900464186561457,1.0779153261570498,654,10,4
84,3,3.3560443103366433,2.064526140081684,-0.1066867071552391,1.6077335781193272,654,10,4
91,3,3.44929087230357,1.6742547350042414,-0.5789665256154358,2.558388931645569,654,10,4
95,3,3.46514753051499,1.8543663786552536,-1.6758975741003106,1.4040679951819728,654,10,4
106,3,3.5684759297851585,1.7295246596886062,-0.6076923052335911,2.182804614659724,654,10,4
131,3,3.8225671253214086,2.507034719330694,-1.5677790170341515,1.3659104155636066,654,10,4
137,4,3.876530518331247,0.9316537063099963,-1.8877057678055902,2.7255211011718057,654,10,4
151,4,4.011858102984038,1.944460448495514,2.634426705635648,0.09264115682780293,654,10,4
153,4,4.018325515400472,2.5009860871210763,-0.14363994862451854,0.9247109121997703,654,10,4
154,4,4.053886830051031,1.7257832072087753,-2.265857635657045,1.1436364486641493,654,10,4
160,4,4.105381829763583,1.692160314826547,-1.0667283258996036,2.7822978573709443,654,10,4
186,4,4.302142361169745,1.1157858549296484,2.0174930587493143,2.410309041413082,654,10,4
188,4,4.317396940355275,1.1902550936054048,0.4149454786217512,0.4482834369790074,654,10,4
191,4,4.3226594243604834,2.172717583406748,-0.8534332952207974,1.07333215795806,654,10,4
204,4,4.375846588668502,1.394983038725849,0.7088824360594094,2.00046867627394,654,10,4
219,4,4.459544683224993,1.0980876438035236,-0.8734119318786459,1.1164225092644324,654,10,4
225,4,4.5001639013937815,1.9620379869892473,-0.46160924712384516,1.9739760053991935,654,10,4
230,4,4.538767927958451,2.434243317137868,-2.1590539100681543,1.3318638828736213,654,10,4
232,4,4.544465118102967,3.185124014982288,3.0128076433438755,2.6669360760735783,654,10,4
244,4,4.5948289159596865,2.644752938362034,-1.5968945126278795,0.24652407215891095,654,10,4
274,4,4.786047543060875,2.6095388573675624,-1.8768364189682571,1.1766354135245853,654,10,4
277,4,4.795685976083398,1.8630034868638161,0.1916844618182639,0.46423949007938387,654,10,4
284,4,4.833426915097494,1.9821184126385085,1.2697265682113605,2.4018952722423466,654,10,4
290,4,4.850741412501306,2.3644298140736906,-1.3673118765610268,0.5971973270674887,654,10,4
324,4,4.999113461669742,1.939051146057752,-1.2624216445404055,0.7387340574923625,654,10,4
294,5,4.863733375462903,2.5841266879473634,-0.8406521526345038,1.030334472608796,654,10,4
312,5,4.936930028004699,1.354257003624779,-2.4968859279021207,2.7312433388802115,654,10,4
341,5,5.071996247949054,1.7669205841279707,-2.4293546770989662,2.853866518781184,654,10,4
360,5,5.149627132587053,1.4845068800222387,-2.3062891362720537,1.3902446935407182,654,10,4
411,5,5.401984737173569,2.8276865693989244,-1.2214867524821118,1.0316109145547643,654,10,4
434,5,5.4797326027007465,2.064382149248257,-1.6902332155578146,1.0194554662232507,654,10,4
442,5,5.528930404507752,2.6183177213421724,-0.4519098073326409,0.8002316065419034,654,10,4
446,5,5.5393345228448485,2.0959486562389005,1.6705912592422327,2.7824555872737466,654,10,4
448,5,5.545842388679569,1.1926077477200554,-0.12337751922350358,1.5543962416116766,654,10,4
469,5,5.6465887959121055,2.3497187293121384,-2.4328897365556847,1.6603779220141026,654,10,4
472,5,5.681249914152605,0.8645140206125838,-1.7185110192345043,0.7891429536832287,654,10,4
478,5,5.701916893703275,3.0935808682083854,2.9196007418907293,2.3518013936755975,654,10,4
485,5,5.748302537216156,1.5333486887917347,-0.4180679763369075,1.4098843562537584,654,10,4
489,5,5.780382609814822,2.963197995693421,-2.1932469740282388,1.4610307745644457,654,10,4
498,5,5.8301689556068474,1.4623370534072162,0.5544198478433257,2.5739117424956555,654,10,4
513,5,5.926536278191649,2.634176796080519,-1.5229216714460125,0.9577086307668928,654,10,4
515,5,5.933303338131396,2.9730386515043112,2.9751790376410345,2.6853630994440616,654,10,4
528,5,6.0069350450725,1.5516779636813425,0.09698451505911874,0.88384110325661,654,10,4
536,5,6.074243689980074,2.302907279054277,-1.657463024435651,0.613005926594249,654,10,4
505,6,5.904520120167324,2.5004169531520333,-1.3417116651938972,1.1002730159937935,654,10,4
512,6,5.923696185797561,2.908097503166828,-0.572607913270879,0.9361436741187256,654,10,4
523,6,5.971811474164722,1.2726422789590763,-2.051492992565812,1.3436348647068856,654,10,4
539,6,6.0871606029917,2.1955567774669102,-2.4001598237419173,2.731560047479179,654,10,4
544,6,6.109224153662981,1.1732591908956345,-2.895112144582907,1.034817001039879,654,10,4
558,6,6.251335326142788,2.3505233690138003,-0.6117959486519745,0.7987762092705222,654,10,4
561,6,6.276884996248481,1.9459336706001749,-2.5023992540155002,2.389268219925418,654,10,4
571,6,6.393317474539034,2.3354048945299137,-1.6049809941397457,0.9330230044563482,654,10,4
577,6,6.447337815605997,0.5516043742027489,-0.9997025347368172,0.8786778881533034,654,10,4
591,6,6.597242468279959,2.356789279416433,-1.718623710254883,0.47797780089567066,654,10,4
593,6,6.625866475157174,2.3525480452018,-2.2129769507018917,1.5383184332942144,654,10,4
598,6,6.752924115229647,2.3014034616019803,3.100361973325147,2.5704319431091585,654,10,4
599,6,6.787746104986049,1.2480995778948005,1.4836932227472666,2.432732531103524,654,10,4
600,6,6.789962871422842,1.6133119788033643,-0.2984273813160963,0.9171928591207706,654,10,4
604,7,6.830333221028459,2.211379689722921,-0.6772732267851842,0.8910291608392593,654,10,4
606,7,6.939978402918506,1.1296987846443778,-3.0429606010488164,1.479906543979913,654,10,4
615,7,7.044941598405662,1.2358432866214748,1.4202616400739874,2.316123574059124,654,10,4
624,7,7.337094990948363,2.3478399688971736,-2.240892593427886,1.2520085311101186,654,10,4
626,7,7.391038443300135,1.7512003003711367,-2.3355156835037483,2.303867446984109,654,10,4
632,7,7.473681380591627,1.8045321199831734,-2.8693137875592023,2.710657592823888,654,10,4
636,7,7.58250374575407,1.1697743021664748,-0.413020989361847,0.7639211630015675,654,10,4
647,7,7.932472535646324,1.5042348087989998,-2.139406174561831,0.3410184901958396,654,10,4
637,8,7.627659439893474,1.6846353644934635,1.6003732010740181,2.3069053584638164,654,10,4
644,8,7.79777810732135,1.130322991664718,-2.9265859198677857,1.324906842704655,654,10,4
650,8,8.23969733798356,1.6988815142908555,-2.772572055282197,1.2848409509720526,654,10,4
651,8,8.29055039169324,1.680526328716694,-2.9140033617063694,2.690548635549802,654,10,4
652,8,8.30935493789665,0.8248594186968697,-2.373107818171472,1.7829858487301111,654,10,4
653,8,8.333819591902227,1.3987050303616908,-0.0543417533578264,0.2695731845958941,654,10,4
654,8,8.762503779254544,1.174728443131143,-1.9239999869385775,0.8542115456048036,654,10,4
655,9,10.0,0.0,0,0,654,10,4
0,0,0.0,0.0,0,0,654,10,4
4,1,1.4538241879947467,1.2067113787402042,-2.6054316489561726,1.807013554382987,654,10,4
14,2,2.2944836748250443,1.8968863425228408,-2.877974006085187,1.6452473357688555,654,10,4
63,3,3.3904685669734,1.2572188497491548,-3.104321777600058,1.4117857999156516,654,10,4
148,4,4.138709004916958,1.0993237123621362,2.722229041627653,1.0743370084357322,654,10,4
285,5,4.866604408339279,0.7152628678943591,3.042159167428593,0.7359381111091771,654,10,4
496,6,5.84816488335483,1.0651572449403517,-2.8932425663137233,0.7437787469336072,654,10,4
555,6,6.238088199597776,0.5910917727208219,-0.9057494027546978,0.7954079109198791,654,10,4
593,7,6.640132427521944,1.3444724914071764,3.0289237938434894,0.8090153067034324,654,10,4
615,7,6.860967629597897,0.5031136447333635,0.11307847998930906,1.3031410401081072,654,10,4
631,7,7.091417486880602,0.8918715198843413,0.5704513604827798,0.42538979048138414,654,10,4
643,7,7.5250044438016905,1.3517475218733122,1.6257088384100016,0.987311991051086,654,10,4
647,8,7.727558061057888,1.4528100391824357,1.6553535590986554,0.16793332114654694,654,10,4
651,8,8.15064065360927,1.2406961917397874,1.8185415752812306,0.6532490734784026,654,10,4
654,9,8.76634079448001,0.943273851868784,1.0645565182420909,0.6501634012088707,654,10,4
655,10,10.0,0.0,0,0,654,10,4
0,0,0.0,0.0,0,0,654,10,4
1,1,0.8434615154739922,0.766853791153219,-0.33160280846971435,0.32400055430313124,654,10,4
2,1,1.039106807230179,1.019165044703795,-1.3642212554237607,1.8272604717723289,654,10,4
3,1,1.155751145632019,0.47495726492929113,1.9960324333890687,1.3101289717542,654,10,4
11,2,1.8571119750054244,0.7244728456069696,1.8223797094197236,0.43409476180477474,654,10,4
14,2,1.9219203080579839,1.3132173865576298,-2.4685395887943797,0.7313931810137726,654,10,4
16,2,2.018304349073846,1.3448256108649084,-0.9475790613090793,1.4303472058756324,654,10,4
22,2,2.196384444053694,1.9028946920341252,-2.6079603481238816,0.23360031248802263,654,10,4
24,3,2.302792291602703,1.2116933487468722,-2.484488973575533,0.6598083754357198,654,10,4
37,3,2.858262110461763,1.1382473663739896,-0.573245709522656,1.0484918699913175,654,10,4
58,3,3.2612958160485395,1.8654577885111625,-2.523008224328967,0.18493140608717012,654,10,4
80,4,3.558091092909157,1.281304313601707,3.1010129908882544,1.4064690190211018,654,10,4
85,4,3.5926172468619013,1.0636662026808705,-1.1539767035334618,0.7201523345814665,654,10,4
148,4,4.031355924779991,1.8460384095675673,-3.1127013766838094,0.3657465477589513,654,10,4
129,5,3.9243853491129324,0.9916588922452508,-1.126552307688564,0.4860953665771116,654,10,4
263,5,4.676967094177481,1.5975056106716958,1.903893787293445,0.09610948554634903,654,10,4
366,5,5.082147584570583,0.2387519404558793,1.7403933388924882,1.9487395997963792,654,10,4
358,6,5.052212840786511,1.4667313125371877,-1.1051395962139607,0.4998588220464765,654,10,4
415,6,5.261417700192926,0.7185213473206666,2.4439923362740554,1.317161308387314,654,10,4
484,6,5.676729421092235,1.03589592989617,1.1963874219064456,1.1551646570051297,654,10,4
532,6,6.015260334489153,0.933569451223638,0.13015601066709337,1.2985858672094264,654,10,4
534,6,6.036989987103993,0.5118745704223838,-2.1326093629152107,0.8130950502587733,654,10,4
555,7,6.208019651224883,1.3461154996958358,-1.4793221406176205,0.779536747229656,654,10,4
557,7,6.211119809767829,1.117101635012661,-1.9542093921496813,0.9371408154229518,654,10,4
561,7,6.24138462541178,0.8223976552757066,1.9699677401175015,2.1889714118461976,654,10,4
630,7,7.187314155812937,0.6839410212849841,1.3259754735241414,0.13777751650199468,654,10,4
621,8,6.929900109899663,0.9747216705258365,1.4748693903815113,1.9979870509893074,654,10,4
644,8,7.7071431563094395,0.8251546420067254,0.7609544500065121,0.7446013810957708,654,10,4
653,9,8.494292024660757,0.9397808792096123,0.39306092240620405,1.2596565430891824,654,10,4
654,10,9.174548213946913,0.5166862340101849,-0.125391632910033,1.4742891906239335,654,10,4
655,11,10.0,0.0,0,0,654,10,4
0,0,0.0,0.0,0,0,654,10,4
1,1,1.166911984195076,0.6591719464395995,1.7295937655566853,2.3795291301047254,654,10,4
3,1,1.6570583317860388,1.463248559615065,0.6383929096298125,1.1774185734259364,654,10,4
4,1,1.7282801300095008,1.1334718252910878,-2.753130413147189,0.27644787782772284,654,10,4
12,1,2.2571380629400597,2.22343733539914,3.09568548622598,0.3136931216861096,654,10,4
10,2,2.0592441833678485,0.9301848233896802,1.1859549555854563,2.12280887951292,654,10,4
13,2,2.273225665633556,1.3212416654519517,-2.1898763097200886,0.6298793252965309,654,10,4
17,2,2.4131603616941986,1.1022373032887576,2.2480905033904524,1.2668266012640212,654,10,4
24,2,2.636454055240036,1.7569570454045853,0.7560739811608691,0.7769687323723787,654,10,4
28,2,2.789551148179512,2.222271042450856,2.715940004457112,0.39287512531362595,654,10,4
41,3,3.0042821814111798,0.5592937104344928,1.930573030757961,2.672379709241129,654,10,4
48,3,3.1612040387517846,1.8803775129947582,1.0423459902909622,1.776450140316348,654,10,4
50,3,3.2020545587872764,1.546663204772836,-2.6253530134813654,0.9301811207059804,654,10,4
53,3,3.263754829142428,1.3579568963092634,2.3200229146789284,1.118203922763515,654,10,4
54,3,3.286543052985907,1.745776465435074,-2.8905052780740057,0.3985291050630215,654,10,4
56,3,3.301244555781616,1.161979789577871,0.10053829072773841,1.7927680584428916,654,10,4
66,3,3.434748383764349,0.5573851991237759,0.30037109840678455,1.4597260403792942,654,10,4
74,3,3.526812423828809,1.8345922383608815,0.8007755012243437,2.324564716030023,654,10,4
84,3,3.596488779236029,1.3023898156104114,1.7462035429508282,1.2971839670882905,654,10,4
85,3,3.6067802248586944,2.0148151909607157,1.3721685665487207,2.2833074598203944,654,10,4
88,3,3.626543003275832,1.6822764299546815,-2.5998595853992854,1.4602405058995311,654,10,4
89,3,3.6363618671177833,1.7715308998581856,-1.9687509535530128,1.4169220360554655,654,10,4
105,3,3.7688720190428713,1.6269531899916647,2.9665249297954825,0.7916760588215908,654,10,4
149,3,4.087648800928598,1.9960568322295282,-0.1482888261795396,0.4289339736041886,654,10,4
158,3,4.147765765623149,2.5964522217100754,2.232537972488055,1.2995607723088558,654,10,4
167,3,4.245840234323628,2.558144287300832,-1.6676522594018717,0.2473731872896127,654,10,4
118,4,3.852181101440797,2.3548130286009346,0.9694707161257584,1.7016132929550118,654,10,4
121,4,3.8672629738447304,1.22456811551268,1.6318849695802755,1.4410534144598657,654,10,4
123,4,3.8863204005587626,1.3386400191688852,1.7293726282930975,1.4526034046638652,654,10,4
140,4,4.051049457851731,0.8655955076979379,-0.21582532710850735,1.4885492109142304,654,10,4
144,4,4.061181208630589,2.2845731071066506,1.47828786774369,2.3688880716543115,654,10,4
153,4,4.097856147298984,1.4981327877935837,-2.446963497334883,2.951908455730957,654,10,4
166,4,4.241215230939797,1.6685202071441008,1.0570048246826205,1.802622499935543,654,10,4
191,4,4.380356514414161,2.5785543489390443,1.54347133986406,2.3106718819980534,654,10,4
202,4,4.454121984183469,1.3756854741892,-2.51307437282572,0.16711615896801515,654,10,4
216,4,4.517237654843441,0.8344780598996464,1.1614081105334944,0.9560072243721532,654,10,4
232,4,4.6331895157950065,2.7025781824840354,3.0878833023868713,0.7306579282206767,654,10,4
241,4,4.6799833807951705,1.9675959242387597,0.6970743611040219,2.810853318165205,654,10,4
242,4,4.686728510580499,1.8789425640909165,2.2785272535048167,0.7652060104599323,654,10,4
252,4,4.711659529994893,1.2678272434562343,2.39772565397673,0.38653644431333095,654,10,4
284,4,4.88769404985589,1.7096826382659576,-1.202278332028761,0.5578313861590889,654,10,4
301,4,4.968884457081792,2.517416926005125,-2.3609302304229702,1.6472144639087758,654,10,4
342,4,5.1371294839156425,2.102285996827875,-1.3476221131465413,0.433824920296413,654,10,4
371,4,5.235043733523011,3.0709849155297735,2.3335914661782566,1.2299512913301718,654,10,4
295,5,4.934395054193277,1.3678091776291075,2.319803733052884,1.4743571574699605,654,10,4
345,5,5.150753098190828,1.461865367514468,0.05975188408001123,1.42899339957195,654,10,4
353,5,5.182345031928502,1.1922204837930843,1.4475473113208113,1.112087011483465,654,10,4
362,5,5.208665972353198,1.3446648758053004,1.2548685314419048,1.2956051964357103,654,10,4
367,5,5.22876391139329,2.210855136998352,1.9198974635951371,1.2116696166099814,654,10,4
372,5,5.24226380737945,0.7111301140830374,2.791362837389854,1.281432219685787,654,10,4
398,5,5.313056223026739,1.0531001528852366,-1.1990208704160383,0.7629203785759614,654,10,4
399,5,5.31548836146793,1.9235743722200935,1.6957366166660355,0.12748380128964198,654,10,4
412,5,5.375018958862217,1.6460603647820289,-2.1059645284030597,2.260672928440973,654,10,4
414,5,5.377795486159042,2.600068390511057,1.6911885362310215,2.356875400787638,654,10,4
419,5,5.41610476539838,2.3357186317400167,-2.3419138537062034,1.5208697697839233,654,10,4
426,5,5.4504799452542505,1.899708244944867,-2.9683903574644437,2.2526822626436465,654,10,4
428,5,5.460033453789309,3.2250261698883502,1.202190164748959,2.381419234886608,654,10,4
440,5,5.520625346117855,2.406855049520429,1.5643512283555212,2.32074769180332,654,10,4
447,5,5.5428553018077595,1.2626005172173127,3.041510648144128,2.6582812972500385,654,10,4
448,5,5.542964412268026,1.7462383914738486,-0.4037135619800991,0.07027049957586136,654,10,4
455,5,5.578402722364828,1.3380130159151864,-1.6928476783276023,2.310440136489003,654,10,4
463,5,5.617834364608079,2.03782833776531,-1.1211356634368288,2.889434645218991,654,10,4
473,5,5.695739499672747,1.5208062591273848,2.958169761477454,2.0674153032056894,654,10,4
491,5,5.7890765336140895,2.2404272182420946,2.6563558655826487,0.7587743370303581,654,10,4
509,5,5.907847989554917,2.319599277826769,1.0223661527959373,2.3871966354034977,654,10,4
525,5,6.02817562200287,1.54948385793959,-1.9474487868128245,0.3077942234281936,654,10,4
529,5,6.049844903509985,2.833946280323005,2.298899715609737,1.1052126592892175,654,10,4
499,6,5.870492529892202,1.2235941747995676,2.3678457838423252,1.3630939884268423,654,10,4
512,6,5.9292338356960865,2.437509141329641,-2.1787943718260774,1.528162479151884,654,10,4
518,6,5.945309977097707,1.832510740593261,2.829092171925492,1.5719277723627572,654,10,4
519,6,5.961915464457414,1.13736443228903,2.8271007971685815,1.2173414841759194,654,10,4
538,6,6.136279540897798,0.8691818483633743,1.0189321226836834,0.6741413793301083,654,10,4
544,6,6.153671234883623,0.8096548070702316,-2.879387734047416,0.8932840032319415,654,10,4
545,6,6.158346404231651,1.8784444702211929,3.139232564274107,2.084402434126326,654,10,4
547,6,6.17654489881409,2.8563931725365506,2.3189858833066976,1.0741127007651452,654,10,4
555,6,6.240446747989154,2.3046857546744266,2.4115524563699626,1.5964886808698797,654,10,4
557,6,6.25939126185742,1.7137496930080964,-0.06580229560075655,1.2267648708935917,654,10,4
566,6,6.349986004540159,1.592066592692482,2.231396708786486,1.1735030788534062,654,10,4
570,6,6.3929402620774685,1.0750425184820491,1.7192158712820862,1.4163090338040776,654,10,4
580,6,6.4980854172758775,2.229160621192401,-1.4780226089548303,2.53710313054903,654,10,4
583,6,6.540456708377853,2.222179797438056,2.8728667249750144,0.9233841265097906,654,10,4
585,6,6.548953900334152,2.2559518445107116,1.0241909724113756,2.483626632678683,654,10,4
591,6,6.604584841880628,1.6430972655554097,-2.400506198570869,0.5427451315732996,654,10,4
597,6,6.654097768255988,1.8245531165647377,-2.0300434854419276,1.8691573000518122,654,10,4
609,6,6.835120018591424,0.1828788386904064,-3.0895953908076055,2.121283999793098,654,10,4
581,7,6.498263095968819,1.9235636595921803,-3.086002706653173,1.928263360063407,654,10,4
599,7,6.664556879740241,2.461943941109402,-2.3268934868907296,1.788842032666547,654,10,4
615,7,6.919198170235027,1.321688323334229,-3.1047877471264074,0.5668920744656025,654,10,4
618,7,6.983559231622424,1.574596098631353,-0.2519348829302403,0.9951865399100688,654,10,4
621,7,7.055273035940619,2.0400610031010684,-1.8879709005052345,1.9071812627608038,654,10,4
624,7,7.123990821010394,2.182562835475755,0.6713422066877248,2.5115188301249987,654,10,4
630,7,7.387117745832159,1.5863144885096636,-2.2305970878222765,0.5536477077071009,654,10,4
636,7,7.489124891484776,2.0008312561536514,-0.8591019409183308,2.6925772570649755,654,10,4
638,7,7.53173061734961,1.464442838371424,-2.3210327810313416,1.5812664816191822,654,10,4
643,7,7.718848867949719,1.9812877930427921,2.823535822532592,1.3289102464730265,654,10,4
646,7,7.948611580909804,0.4631747545986905,-1.082027457381084,2.2895117974463632,654,10,4
647,8,7.996415477053952,1.504366477074344,2.980058480643797,1.4688243833732053,654,10,4
648,8,7.998751355151658,1.8974057025874749,-1.160432226917853,2.547371454252937,654,10,4
652,8,8.342010327250014,1.4276988391133858,1.319474980873461,2.5490855749084034,654,10,4
653,8,8.575944482950726,1.3589133157314792,2.610375105995436,1.0679498259480822,654,10,4
654,8,8.938106473822096,0.9552894573884373,-1.434165348674471,1.2746172197464394,654,10,4
655,9,10.0,0.0,0,0,654,10,4
0,0,0.0,0.0,0,0,654,10,4
1,1,1.0569934578148144,0.5410253288136085,1.2975509257058195,1.3604764679003103,654,10,4
3,1,1.2194338726442666,0.8939001548732458,-1.1644371376267106,0.5057034576599482,654,10,4
8,2,1.8249293705108238,0.4420833363580662,1.942804650329969,1.535774340868959,654,10,4
13,2,1.9393624300435264,1.195074937922982,-0.6691436840609444,0.8176318697899574,654,10,4
23,3,2.2928404702190406,0.18262630373149122,0.8717267418036432,1.6074848419103345,654,10,4
41,3,2.8072740052248513,1.0954231487158084,-0.5120521796621452,1.356653322614767,654,10,4
132,4,3.828582599594127,1.0500021159222948,-0.18621788297776634,2.2536815035968294,654,10,4
143,5,3.9436938793775433,1.0980507495778837,-0.19747843871845364,2.307537337692202,654,10,4
288,6,4.778773253016119,1.4929805064228527,-0.20480317966512598,2.7743599558987433,654,10,4
455,7,5.534815837374596,1.6017241548413583,-0.28621280754749956,2.5377885820428063,654,10,4
513,7,5.89606452584904,2.0890015729095235,0.08002414383278805,2.475958057997593,654,10,4
555,7,6.1975620255492645,1.6842650211018388,1.218890233107176,2.685269266809242,654,10,4
583,7,6.442611251205333,2.2707728046701625,-2.228269823665706,2.7326576152930713,654,10,4
589,7,6.515044480138059,0.9839518173972834,2.049172054697073,2.484498070165261,654,10,4
632,8,7.28865798420223,0.2544999375157344,-3.134244658345281,1.6592704388682276,654,10,4
637,8,7.446662208347958,0.5609832636738018,-0.16877833118257607,1.67239650134787,654,10,4
641,8,7.576039316190909,1.318564355262302,0.766081601829998,2.075994787132823,654,10,4
648,8,7.936723802124113,1.190300829895912,-2.465456983536911,2.412006272599236,654,10,4
650,9,8.181150447675238,1.0678314865788794,-2.715008136648139,2.0166683091683555,654,10,4
651,9,8.359566139594323,1.1854981621452956,-0.8749641744931673,1.638963715152617,654,10,4
652,9,8.440106447369807,1.2370639519375624,-0.0681189182785222,1.1295590622655851,654,10,4
653,9,8.561444649514405,0.7063069245245229,0.14647320534343655,1.5972641348743113,654,10,4
654,9,9.189726706814769,0.06732478193944452,0.9776725046111456,2.1124572876162797,654,10,4
655,10,10.0,0.0,0,0,654,10,4
0,0,0.0,0.0,0,0,654,10,4
1,1,1.2773580567444143,0.9758612325811903,0.43231099862347033,2.2323075455664148,654,10,4
7,2,1.863851172496389,1.2140535850339047,0.23167679413697218,2.03440985014946,654,10,4
35,3,2.8459409565930605,1.6020873081211544,0.7813954302724425,1.8820624759078046,654,10,4
47,3,3.1599952074164417,2.2070136506401865,-0.13420016395081105,1.8068313552565516,654,10,4
55,4,3.25383997471656,1.5831374077606821,0.7161678488540792,2.118359538871945,654,10,4
91,4,3.761172490633047,2.232879011750332,1.0373748269515817,1.8340949948625846,654,10,4
106,4,3.8844209977743382,1.9722336516076857,-0.09709704734528628,1.9097689099908395,654,10,4
182,5,4.468833252955273,1.8038242036794565,0.11668146194712241,2.0630467122470044,654,10,4
391,5,5.328761677925234,3.0004905777470823,0.5082021752306239,2.012660450640933,654,10,4
554,6,6.253718608776413,2.7232125582527216,0.43118323011198173,1.7409742831967798,654,10,4
587,7,6.623144052824456,2.775620751741196,0.49773186805148295,1.6881129570522369,654,10,4
645,8,7.865212256230441,1.6763993809956357,0.696096390411948,1.6536160006863536,654,10,4
654,9,9.394313348830535,0.6035129837700614,0.44965174635755834,0.7986521780994681,654,10,4
655,10,10.0,0.0,0,0,654,10,4
0,0,0.0,0.0,0,0,654,10,4
1,1,0.8408744065856988,0.770869866802718,1.7918388689911304,2.5335778338593657,654,10,4
2,1,1.3058367286084083,0.8144246167900452,2.602524336938294,2.1433912844271785,654,10,4
3,1,1.4068977504397406,0.8887346315545466,-2.5186638459465263,1.7688459445506328,654,10,4
7,1,1.9207749436005261,1.5963065915675252,-2.102654571576124,1.072423562675373,654,10,4
9,2,2.047418540769772,0.8275598631435669,2.2282673460290483,1.261760849527616,654,10,4
16,2,2.260466833609711,1.119145208737324,-1.5882396945864656,3.03596970167223,654,10,4
17,2,2.3496781731983605,1.3046052355209607,-2.47748138499459,1.9038233787403585,654,10,4
18,2,2.381672087511327,1.9680000656225451,-2.1359637729346113,1.1291768839822918,654,10,4
23,2,2.51993508775769,1.9923635792616932,2.4443556380743177,2.1830991200040852,654,10,4
33,3,2.884820313218539,1.8823418130175478,-1.9797029643460484,1.2957995342866837,654,10,4
59,3,3.2498630484890123,1.550662251391757,-2.3184934327068025,1.3260068429650502,654,10,4
61,3,3.2946592242930306,2.0127102342876415,2.177941552377439,2.2314760208930733,654,10,4
64,3,3.3190113473951746,1.585490237401913,-2.5224610488870445,2.4596086359783484,654,10,4
76,3,3.5052482184973597,2.135605041593067,-2.5672695778389367,2.079658018894999,654,10,4
91,3,3.6916203468107147,1.9407827164309404,-1.5174539102446556,2.717543732695268,654,10,4
97,3,3.726842315464398,0.9813852671778208,-2.4098650990582016,2.558825316653267,654,10,4
126,4,3.9159448421819265,1.2734875831770966,-2.9976477916232276,2.4178059043259528,654,10,4
183,4,4.327057917568889,1.9128147339582806,-2.233940004094518,1.870536059039861,654,10,4
194,4,4.364726524656079,1.3707661564306675,-1.8814224342188046,2.6702031300949334,654,10,4
243,4,4.555329568622652,1.7200957725254615,-2.247829111875128,2.0342235996631852,654,10,4
279,4,4.748666709168015,2.238058592187414,2.3974042888724756,2.10067668074854,654,10,4
317,5,4.887572432874535,1.4597576565794517,-2.721834145576949,2.350955191455903,654,10,4
337,5,4.95040689117158,1.9490533237462628,-2.3812932324090914,2.0475912310893736,654,10,4
374,5,5.120883156456455,1.2433684896747659,-2.8263001182963787,2.7576800669506216,654,10,4
428,5,5.372553147779077,2.533328216998062,2.5664469375294443,2.1210016152942894,654,10,4
525,6,6.067214764705949,1.5387127134637686,-1.465622290699071,2.4895125181282216,654,10,4
537,6,6.166089139945039,2.6924212048734852,2.797299635500409,2.1797050287520054,654,10,4
600,6,6.856868933422994,2.0410843654632607,2.8418080747878594,1.9042326762979846,654,10,4
601,7,6.857021821825992,1.7687153015409565,-1.1289317699581685,2.2808694586813743,654,10,4
627,7,7.209741344333709,2.2395266825076536,2.810994365975532,1.894643310912591,654,10,4
647,8,7.753543828417515,1.9349064205121833,2.6311895922280484,1.867950515446512,654,10,4
649,8,7.954785140244949,1.335806257087847,-1.5705445567135825,2.0322614722142567,654,10,4
653,9,8.858744923085842,1.1163109819397214,2.571071154604092,1.498097905935317,654,10,4
654,9,8.896851620996989,1.045997699496171,-1.2822891310724285,1.4175624736289865,654,10,4
655,10,10.0,0.0,0,0,654,10,4
0,0,0.0,0.0,0,0,654,10,4
7,1,1.7073875904979074,0.807394418978359,2.6339647824608723,1.0112894026867731,654,10,4
11,1,1.9444929380405118,1.544304753256037,2.0225095226684653,0.9499123992507557,654,10,4
25,2,2.538034839636919,1.4143166194098142,2.4687176534298154,0.7431723428118866,654,10,4
70,3,3.4454681335398085,1.7729091640588033,3.0327222639718228,0.8619329295692575,654,10,4
198,4,4.551435479071174,1.1283262455094318,-3.0184687180855327,0.8602595583957688,654,10,4
263,4,4.848418056561256,1.3185917930277529,2.7334500818052865,1.5469950645776687,654,10,4
411,5,5.420182242554603,0.8551325883336268,2.96775235421553,1.3407708724923408,654,10,4
552,6,6.38676408176036,1.1344887316152044,-2.9307603620006617,1.1467989553977582,654,10,4
622,7,7.2698179976014865,1.1989766758259126,-2.4720920154793693,0.4740690464250565,654,10,4
636,7,7.706218078114708,1.1134017808509573,-2.658135823315218,1.342018705469992,654,10,4
648,8,8.13436077884752,0.8687738305444315,-2.683468578751613,0.9913105606406721,654,10,4
649,8,8.140959572676447,0.6227125947845722,-2.0126963467866315,1.1031812067705393,654,10,4
654,9,8.668589000520278,1.0213271291844765,-2.4360993456062547,0.836751667128165,654,10,4
655,10,10.0,0.0,0,0,654,10,4
0,0,0.0,0.0,0,0,654,10,4
1,1,0.3625860043342011,0.25214452526005426,-1.7278412428207133,2.1375658378838276,654,10,4
2,1,0.4430705115709854,0.44277143859571466,-0.07929139587916885,1.082212204225538,654,10,4
4,2,1.3691352505772914,0.9870646143544787,1.3090060110647752,0.6624821121422015,654,10,4
5,2,1.4344068290815626,0.8322734157529511,1.5841103753789922,1.847556459846328,654,10,4
19,2,2.273576513606108,1.783607797308623,0.471911801344689,1.1354351285289277,654,10,4
22,3,2.3778132412726896,1.2639062487438792,1.0826580676531163,1.0887552029286285,654,10,4
24,3,2.437824698199523,0.6796288817327305,0.7736738853567356,1.0600395307679134,654,10,4
37,3,2.6304644717844683,1.2150318261640172,-0.1857466358600113,0.7465303417553563,654,10,4
38,3,2.6417688385425766,0.9828013303350617,1.0437044976491427,1.5021726254382104,654,10,4
41,3,2.6790073083038726,1.4805956436942864,0.5145574173285186,1.271969240903689,654,10,4
59,4,3.0003050573165857,0.734776045890036,0.4349045019213264,1.576095699730884,654,10,4
91,4,3.4371887438622384,1.4312513094213497,-0.04887921871364592,1.0638511891792637,654,10,4
156,4,4.181690570364839,1.9538137847219594,0.6756980367719739,0.6946696315358608,654,10,4
190,4,4.381408873325587,2.2344074877120192,0.3437331655956122,0.9299034154584166,654,10,4
109,5,3.7082320700424,0.86048492370716,0.39846073107451674,1.513164819174703,654,10,4
134,5,4.015556941517405,0.8177848746978709,-0.8821158898321536,2.3947231492702405,654,10,4
212,5,4.524091661966687,2.2491690854708675,0.13250863046352696,1.3316188379018288,654,10,4
267,5,4.76154685826284,2.165237101261047,0.4321621751622,0.852407820506444,654,10,4
298,5,4.8580301290611905,1.0674884858744078,-2.01683663678193,1.5889881909233152,654,10,4
306,5,4.891407067593564,1.1346466317264126,2.601672329801091,0.9924529296040886,654,10,4
250,6,4.698149887843969,1.1262080169724413,-1.525642473696111,2.930093484134494,654,10,4
299,6,4.859017514855264,1.5553953868554167,0.7666032368271236,1.468281159131289,654,10,4
379,6,5.221984589885361,1.5783952791805438,1.4207655464005122,1.266068097545586,654,10,4
442,6,5.5269369847576275,1.307388776383616,-1.8129442949716983,1.652003129308305,654,10,4
443,6,5.5339346113766315,2.416242360268989,0.16108724495524776,1.0758577187163842,654,10,4
500,6,5.897316204823904,1.6140467024634886,2.659072374056157,1.53142613960273,654,10,4
486,7,5.820719088017327,1.1948501420118542,-2.0223426564141085,2.451540780590899,654,10,4
541,7,6.206088902471024,1.263798864877496,-0.28386015291578953,2.0751993717300166,654,10,4
545,7,6.2468028786810725,2.4419461272530993,0.4394830504644669,0.9903004896802576,654,10,4
551,7,6.299212014688814,1.2230127985996537,1.466101670569274,0.6927620961617387,654,10,4
563,7,6.414071061331859,1.3192670347257651,3.0985762493339615,1.7579594340654494,654,10,4
565,7,6.4285496463476015,1.5742201071585034,-2.927116013696285,2.05781347563316,654,10,4
571,7,6.452507351125995,1.8702371450106516,2.8596544125463446,1.5069866223857917,654,10,4
574,7,6.472901889505688,1.5740114279673758,-2.672993067986966,1.6994226182150671,654,10,4
579,7,6.519967776306012,1.8457869628559274,-0.6016619823601084,1.8494338108860657,654,10,4
585,7,6.5639334707067,1.5487684391620284,-1.3974396997158383,2.0392690544398806,654,10,4
611,8,6.987803264837927,1.7941333985693373,-0.40345027542270473,1.7387079732236614,654,10,4
633,8,7.490225832022404,1.3499894022132926,-2.0713692330952527,2.31848035852089,654,10,4
638,8,7.6035659211159965,1.6280813805578855,0.858535560176432,1.3724958674715337,654,10,4
640,8,7.616382516859939,1.2511245515940552,0.06326772228163276,2.31207103141556,654,10,4
641,8,7.630594156289026,0.569777673582833,2.328492322495067,0.9724911917490353,654,10,4
642,8,7.6342319802040315,1.111631808816107,2.8798444201709206,1.7257704737900204,654,10,4
650,9,8.53686956191857,0.7122660204194006,2.279587362136487,1.4274059400052719,654,10,4
651,9,8.630042694214668,0.7633911068221566,0.7796867547245536,2.797967650953923,654,10,4
652,9,8.638171163616983,0.6009013650051577,-0.7095456506835086,0.5261035812448727,654,10,4
653,9,8.755771255197576,0.9475278493104055,0.2535880358523176,1.7893420476418274,654,10,4
654,9,8.867887590849616,0.6770887047591728,2.440528554734463,2.768060906444383,654,10,4
655,10,10.0,0.0,0,0,654,10,4
0,0,0.0,0.0,0,0,654,10,4
1,1,1.18585597480232,0.8492726186384632,0.10708188860833058,0.7916192689335354,654,10,4
13,1,2.1081751609562795,1.9656354551325914,-0.09392647105511215,0.59205246317951,654,10,4
21,2,2.6244987980604737,2.0116359948487323,0.3723868226346109,0.8068988727048474,654,10,4
25,2,2.774846142669217,2.081582601395941,0.19535591758952398,0.8195614885642961,654,10,4
55,3,3.436536667532687,2.1004869874153136,-0.1603859813250444,0.7884589028095582,654,10,4
142,4,4.2037726594552725,2.3597147251900203,0.13237729419911182,0.6820401316113515,654,10,4
323,5,5.037844620214383,1.7797327751116372,-0.23186649037914603,0.6044671457893859,654,10,4
415,6,5.419910525439159,1.454203393831629,-0.41169171307505914,0.5946131202363638,654,10,4
513,7,5.99895177467772,1.3095026842342465,-0.7183451937793293,0.30188559528096903,654,10,4
615,8,7.040041160013767,1.8836971813844623,-0.720345757192764,0.6680829128611265,654,10,4
647,9,8.315632338049435,1.261926309160336,-0.7000554007450406,1.3747407291574107,654,10,4
651,10,8.50928456597715,1.1802564906070647,-0.6169208554017804,1.2896918594004896,654,10,4
655,11,10.0,0.0,0,0,654,10,4
0,0,0.0,0.0,0,0,654,10,4
1,1,0.7848885724792543,0.4697350199592229,-2.853438413074213,1.7931024738303916,654,10,4
4,1,1.6030400219288665,1.1006000431678846,-1.8410566318030963,0.2282119283729192,654,10,4
20,1,2.6365540903626696,2.4122642262337655,-1.9888389272002722,1.0449109366692115,654,10,4
6,2,1.917556723229703,0.6474639648956048,0.3336989222077631,0.9689816861934019,654,10,4
17,2,2.513288785010573,1.9162137183464893,3.066161900259852,1.6615385072360405,654,10,4
76,2,3.484905507544007,2.6382835470376187,-1.9595611625742402,0.9393930428113471,654,10,4
80,2,3.5032544831682246,1.8695355028581193,-2.045707439904132,1.323715554110757,654,10,4
36,3,2.8707694235516223,1.2450986040332512,0.5427749293922904,1.2692827520752565,654,10,4
49,3,3.1444611195511674,1.9893927153417161,-3.1275504809487784,1.5255246657526675,654,10,4
59,3,3.2278303431387467,1.7004467284544802,-3.035247881336529,1.5603486239179594,654,10,4
193,3,4.434006470670431,2.5821136476092597,-1.8357845366705898,1.2085809716803104,654,10,4
92,4,3.618600139861994,1.4936804984554313,0.7671119754049919,1.600653604025873,654,10,4
109,4,3.8015573746272455,1.417989314345504,-0.14416646023861154,1.163089271671835,654,10,4
159,4,4.2381928946936975,1.8853754124260917,0.2466914548118581,1.7378867089210233,654,10,4
161,4,4.2508482004465575,1.7999671075721375,3.0223757855011355,1.5749707263619255,654,10,4
265,4,4.726936469147814,2.661905953437617,-1.762747747006577,1.2239495563648584,654,10,4
219,5,4.5518720874250995,0.8168312004910857,-0.2692838699352501,1.4211177167895575,654,10,4
268,5,4.740095217669049,0.8671982808491264,0.7302071673766112,1.7671122072723398,654,10,4
290,5,4.818780557639886,1.8578515787999927,0.30032044150942694,1.9657927485999755,654,10,4
292,5,4.826003199219446,0.9334277187548186,0.6590568408518087,0.8064356549564913,654,10,4
299,5,4.8495363531083235,2.0179800333893327,1.2108363394626587,2.0159993730108985,654,10,4
337,5,5.00396018361183,1.1867563406880737,-0.09209093096340192,2.0083339976988728,654,10,4
382,5,5.182954340869603,1.2769848491289768,0.4986375057694746,1.735375272980382,654,10,4
406,5,5.280392143184195,1.6516829563644602,2.8990138168602986,1.1487370884580237,654,10,4
447,5,5.468753259069605,2.233418524285215,-1.6422712387058036,1.4359878608829424,654,10,4
504,6,5.744053318575736,0.8509872274145792,-1.218946469963875,1.2058645248433364,654,10,4
518,6,5.83731401353213,1.7290298974444687,-0.2107436359919702,1.532744623617122,654,10,4
538,6,5.972968307214737,2.715232220412785,1.492341817550168,1.7832579451075001,654,10,4
544,6,6.031860090498631,2.4897703405836493,1.5127636530405877,1.9075904978826914,654,10,4
553,6,6.14595614242876,0.8652996461368633,0.477599620230048,1.6847216323645482,654,10,4
566,6,6.3429871755278,1.4493131495333036,-1.6541829338966838,1.6249701462029724,654,10,4
569,6,6.3661612096654725,1.9925794445395728,0.6730152484647258,1.4114341778191168,654,10,4
570,6,6.368890520856408,1.2777958923019865,0.021023662132832664,1.6968995538496054,654,10,4
572,6,6.376068333197661,1.3767874748035498,2.3179453899049687,1.0753320552153365,654,10,4
577,6,6.402110465474513,1.5365311571877844,0.49085449206595255,1.7899425652902357,654,10,4
622,7,7.2011321807824835,1.703990238756002,-1.2333993284221187,0.6287408656179542,654,10,4
624,7,7.227211058136501,2.0582981931848714,-0.7625223106930606,0.8302560932518692,654,10,4
626,7,7.306271438527078,2.270329758619959,0.5344605050958601,1.4941358926624517,654,10,4
629,7,7.413370433184069,1.3109964719009515,2.638750719574146,1.5812184155039237,654,10,4
630,7,7.494253132215012,1.0585045325078488,2.1559679096842728,1.704061069601241,654,10,4
635,7,7.560123170062319,1.4892845044404892,-0.9042645325831697,1.4712607383452931,654,10,4
636,7,7.576796114468713,1.304664717179817,-0.2601903997926059,1.6323582854173126,654,10,4
639,7,7.740842266526746,1.2970571416379908,1.8233646939371377,1.4548587554355725,654,10,4
645,8,8.032349248868163,1.8256909315066825,-0.6627701470901963,0.6346073061748679,654,10,4
647,8,8.056616829755084,0.9045383943998695,1.8330693526496413,1.48485502197962,654,10,4
649,8,8.296715166114423,1.3865163726440375,1.886538260420444,1.3226030690448192,654,10,4
650,8,8.333801820492098,0.9518588666940485,2.8529777312525892,1.3779393504761477,654,10,4
652,8,8.500974935203562,1.4083680191047474,0.18648530492628282,1.7057125628364802,654,10,4
653,8,8.671536152729818,0.8230834019366033,-1.0097200115596396,0.9723307275749659,654,10,4
654,8,8.88995539646309,0.5859090031219578,-2.6985837337106604,1.417445088220785,654,10,4
655,9,10.0,0.0,0,0,654,10,4
0,0,0.0,0.0,0,0,654,10,4
1,1,1.0809518860238798,0.49509223810043884,-0.9243051926150072,1.9316117896187797,654,10,4
2,1,1.2720099418897057,1.029291498957012,-1.5622595687742404,1.5182915690596581,654,10,4
3,1,1.5969088998536507,0.9907187112654297,-0.13148688483517154,0.8637456198280248,654,10,4
6,2,2.250654378143855,0.7886271039542789,2.4123786818362984,2.529797882582714,654,10,4
11,2,2.401625909565117,0.7714585141697913,1.9726837571807239,2.516355398352615,654,10,4
15,2,2.4537826450292135,1.547883005988833,-1.3649566407027014,1.586354133097654,654,10,4
22,2,2.730538589182818,0.6036348262904448,-1.577008009305971,1.1925306049503956,654,10,4
48,3,3.2320073428229534,1.5977490548277398,-1.1741302066612243,1.5548665335710359,654,10,4
65,3,3.4779227438364235,0.6168628009888653,-1.5297228945361598,1.287245817926254,654,10,4
87,3,3.7487045359744506,0.5491738539815852,0.14057386731217716,1.2788706844334752,654,10,4
129,4,4.0015236376867485,0.7995053936966976,-2.089290787372775,1.077246888624211,654,10,4
226,4,4.488822826341408,0.6681730165853887,-0.9058471620000466,1.8783868466958915,654,10,4
388,5,5.138319924340623,1.2308064136093475,-1.5998158235938598,1.49495894918939,654,10,4
399,5,5.197680099919406,0.1143606349077567,-1.7771383495644337,1.4963414872735779,654,10,4
478,6,5.5848757328657195,0.8890937792855886,-1.6648938385202976,1.5681886734648463,654,10,4
529,6,5.930531356906288,0.6205673003026826,-1.8340014182472515,2.5343879271807963,654,10,4
594,7,6.606054823983771,0.4264791061744323,0.39169395131868073,2.489562052772687,654,10,4
601,7,6.724639233494797,1.4224316519265396,-1.4997078625042632,1.9054417703529885,654,10,4
617,7,7.005308778486103,1.5460329266094652,-2.2963755379402557,1.2677774664185675,654,10,4
616,8,6.999280643691299,0.2070793558520439,0.33943268749603267,2.222818424967522,654,10,4
633,8,7.5653365266256305,1.1903076202527159,1.1428027230683242,2.2417812717301486,654,10,4
636,8,7.634747779974703,1.4326238834278433,-1.7818552098035765,1.3351364252296178,654,10,4
637,8,7.68203758220337,1.3404698485761586,-2.0390090044599245,1.3804711296327696,654,10,4
645,8,8.050201627708107,1.1638993860996532,1.8038934596444465,1.0893174905551948,654,10,4
648,9,8.450275124979125,1.2402162516260824,-1.8784116156474795,1.124439493074356,654,10,4
649,9,8.51427659006027,1.3226548915201883,2.066196797338818,1.055328471566096,654,10,4
650,9,8.622796400058796,1.0339698156355013,2.542867233678734,3.011381411198791,654,10,4
651,9,8.663281694315806,1.1721541819076833,1.988564396935353,2.14673349088248,654,10,4
652,9,8.682869869885602,1.0645838491855746,-2.879983386294791,2.1936561962651795,654,10,4
653,9,8.858252319442713,1.0191599879568558,0.5914500984622859,2.772387681463927,654,10,4
654,9,9.100542217930679,0.7215885391931706,-1.2848735310298576,0.9630929870557787,654,10,4
655,10,10.0,0.0,0,0,654,10,4
0,0,0.0,0.0,0,0,654,10,4
1,1,1.025031384759325,0.8028178705094396,-2.162692665794568,1.291434358487184,654,10,4
3,1,1.7725882574967167,1.77019615835134,-1.4450348189775573,0.4952108540408062,654,10,4
29,2,2.8264142053471266,1.2484860008383527,-2.4030355010767384,0.26960653267475976,654,10,4
111,3,3.749796737012362,1.1167882778438727,-1.890510074193346,0.7780455955788682,654,10,4
180,4,4.244462304688865,1.0350416747598743,-1.7873772658813845,0.7563161031898961,654,10,4
400,5,5.302785093007123,0.511828798481548,-0.8065073986600525,1.0266082300256456,654,10,4
573,6,6.586495718438678,1.0150356371265614,1.4459891523581143,0.8700467109087324,654,10,4
616,7,7.224448006728923,1.1220892148331825,1.6723232461332311,1.414333672114645,654,10,4
640,7,7.744580325287373,1.9267924266015648,1.8723795309533569,1.1737403615231072,654,10,4
648,8,8.179817006590143,1.6361589875435636,1.8889483864799925,1.0391525267663533,654,10,4
653,9,8.844014850674668,1.147463544407557,2.1397145939317994,0.9129734704100138,654,10,4
655,10,10.0,0.0,0,0,654,10,4
0,0,0.0,0.0,0,0,654,10,4
1,1,0.8528989054807412,0.47591085631361085,1.3178740694868727,2.192390364111164,654,10,4
2,1,1.1684091457935497,0.7028028787596271,-0.43493810110585157,2.1295161645753673,654,10,4
3,1,1.1905943719225442,0.9371510033267325,-1.9757479855898428,1.0711960580116802,654,10,4
5,1,1.7627249335905237,1.3577034145033389,-2.2766352369129357,2.7910194708988216,654,10,4
6,1,1.7655711793736129,1.661360839321507,2.327606014732306,2.1855668495444682,654,10,4
11,1,1.9521393567467138,1.4336646978892973,0.08912556468535243,1.0082291066216835,654,10,4
4,2,1.7316190650751506,0.5962061009723678,-2.1659821507448784,1.1404322211974243,654,10,4
15,2,2.337400770830281,1.4878322474952277,0.30019063970520066,0.9709047272434749,654,10,4
35,2,2.910382825610335,1.2972311376668988,2.4685348550558697,2.650480829254383,654,10,4
36,3,2.934231599406203,0.6266172827487995,0.49778725494957293,0.5284664830357901,654,10,4
56,3,3.276302384659311,1.045277647820501,0.9259524866438862,0.6934923995978456,654,10,4
86,3,3.5441051838355007,1.5855637748850888,1.7291035922787872,0.7799021839894957,654,10,4
90,3,3.566208669385762,1.7237437776828544,2.4265339011785563,2.4883262939996094,654,10,4
130,4,3.9045882813492447,0.7602957658480506,0.42388801705758183,1.3049495399201767,654,10,4
144,4,4.059614647990177,1.8174325516035619,2.4947406707824955,2.2755692314797904,654,10,4
182,4,4.336085929941462,1.0798290998993958,1.6757135653436364,0.3610812001530809,654,10,4
236,5,4.578978619461114,1.1452308731123944,0.6690529806483457,1.123008430305722,654,10,4
344,5,5.061106158048969,1.2632792906883379,1.3891731553737798,0.8642437515092166,654,10,4
358,5,5.118825611024718,1.3246917350084355,2.263429528898996,1.715596386440839,654,10,4
365,6,5.137387401243824,0.8392074974377105,0.7508908887755877,0.69377445301978,654,10,4
459,6,5.56560754168883,1.308016329291806,1.4942786239862769,1.0078275972471886,654,10,4
482,6,5.721498066095251,1.7930454398306799,2.225935677114077,1.7473985749616183,654,10,4
505,7,5.865026710369544,1.147437511885047,-0.358998152395187,0.6340725284686175,654,10,4
550,7,6.1916440442982115,1.0501506196749129,1.384751747207928,1.337481322628401,654,10,4
575,7,6.343747561885663,1.2176525257684623,2.0519459883148854,0.8855797955880456,654,10,4
589,7,6.597628902239702,1.460569428155805,-0.6914918828668795,1.12884869678942,654,10,4
592,7,6.618518287855188,1.442044501252001,1.7403508813403716,1.952158118519618,654,10,4
606,7,6.861457690484455,1.0253242437920262,-2.789005696089113,1.6992821197627856,654,10,4
627,8,7.270442300024657,1.8492724501358278,-0.411252780432019,0.7391271507964713,654,10,4
630,8,7.360598158816112,1.6158019727449795,-1.461076899426498,1.284453454311734,654,10,4
639,8,7.718950337742313,1.2745706293041457,1.1264942197421208,1.8066886790622865,654,10,4
642,8,7.76009137332327,1.989384137347853,-0.23865987888342674,1.4441504655685353,654,10,4
648,8,8.141784361637361,1.1132210935631528,-2.2038062412790236,1.2440216799575177,654,10,4
644,9,7.936947433321927,2.0554809510863308,-0.2789475999430749,1.4291187787540054,654,10,4
645,9,7.999630828106826,1.7298397478997385,-0.28692581588529015,0.5314137015081261,654,10,4
649,9,8.219680623172515,1.7504534105253422,-1.6462159283569255,1.5335784160907824,654,10,4
652,9,8.459445726260459,1.2539527777966435,1.4290281429785183,1.4676612237388353,654,10,4
654,9,8.665857622423541,0.9361884132886613,-2.0954193581464398,1.4925115060472367,654,10,4
655,10,10.0,0.0,0,0,654,10,4
0,0,0.0,0.0,0,0,654,10,4
1,1,0.729898940244631,0.7012906044098394,-1.3833379217298016,1.520834760712211,654,10,4
8,2,1.719865485588159,1.3261024714272374,-1.7145613184774724,1.2611064563140653,654,10,4
10,2,1.9224988194769765,0.7079974940296118,-1.5931846213088423,1.9629308104734229,654,10,4
17,2,2.1960727850584503,1.4710789978478653,-1.1679241267669083,1.1911004486349837,654,10,4
18,2,2.198188904575141,1.532602524991058,-1.3692277964602226,0.6490873766485556,654,10,4
29,3,2.643621426658499,1.200895068909014,-1.829082557096187,2.180562836697963,654,10,4
32,3,2.729246540180795,2.030920908169101,-1.9192741111842244,1.2337042342784705,654,10,4
40,3,2.860632565077059,1.7296529558153202,-1.5476599163977658,1.8756477226254538,654,10,4
46,3,2.9382612904146277,1.338167777890089,-1.2090019147314923,0.6542155489921029,654,10,4
54,3,3.0813123754912053,1.0506622770451624,-0.9049513381864672,1.3276038938624304,654,10,4
60,3,3.1324591736509055,1.9669983954867314,-1.0137647222180803,0.5788211432229049,654,10,4
81,3,3.3125238086440767,1.434302781758196,-2.8327690447613003,2.9291647741094944,654,10,4
64,4,3.142340358311835,1.4103209696340135,-1.5197898352480441,1.9907424581657542,654,10,4
117,4,3.6560129052101464,1.438013552619069,-2.5907192857730266,2.7461408456007153,654,10,4
163,4,4.071444290399433,2.9614785963458146,-1.7905757736700412,0.9738680074090068,654,10,4
180,4,4.175923047784139,2.6885547865952932,-1.5714512327611034,0.40801316286118855,654,10,4
207,4,4.322572295986321,1.658557301866882,-2.6728884431543283,0.8788787094236431,654,10,4
214,4,4.356265624879546,1.0593280556500488,-1.4919271333827446,0.8505898144842194,654,10,4
254,4,4.539914661489735,1.7249211859701872,-2.091129277434519,0.5422969070513673,654,10,4
230,5,4.412741471101206,1.5155582533045355,-2.2359996168199765,1.4638459742933219,654,10,4
279,5,4.702024774793694,2.232124844610432,-3.0166820946009785,2.5905662083882817,654,10,4
319,5,4.9008191798553895,1.812880997868494,-1.0719720285944425,1.955454482506869,654,10,4
352,5,4.991434173350827,2.61094214613024,-1.8968049138472534,0.7952533858892403,654,10,4
368,5,5.052868987482849,2.874050749212291,-1.3765988054141054,0.5359562920037385,654,10,4
437,5,5.397016891167011,1.4483684382470574,-2.5744865490121165,0.7609148426214101,654,10,4
429,6,5.374248009019399,2.2145247352609183,-2.832890741657184,2.3239409118080165,654,10,4
475,6,5.630119573720613,1.3976653530714391,-2.5341538612158665,1.8684064827070985,654,10,4
496,6,5.769491642410901,2.0316700155742313,-1.720923473836836,1.0096925285886822,654,10,4
533,6,6.006455391692088,1.2996414151145255,-2.1891438412782938,0.7358337179324765,654,10,4
553,6,6.172648436162178,2.154551054714618,-1.911544909672275,0.46123579392528513,654,10,4
560,6,6.23519671478519,2.311430474390656,-1.6034088285320691,2.1908673811491095,654,10,4
585,6,6.440023869498531,2.3786021566125597,-0.8973710380840179,0.3371597297733838,654,10,4
603,7,6.681188698835774,2.0852619922159095,-1.6496867027410158,2.202826266761538,654,10,4
615,7,6.881885412163831,1.2284663520692878,-2.7632203418252077,0.9384928382279764,654,10,4
618,7,6.900285259538546,2.563823586870377,-1.9645048858242244,2.3206887188589973,654,10,4
633,7,7.428453234642571,1.7144859770960825,-0.730790480219872,0.4776341282254803,654,10,4
635,8,7.461899757568535,0.8566915875982504,-2.9246748690358295,1.130375845081033,654,10,4
638,8,7.556709338839653,2.1248173189514494,-1.8925986519311317,2.1514630243640354,654,10,4
648,8,7.96099842009042,1.4679608847393255,-0.5485063636326118,0.754017082827199,654,10,4
651,9,8.610198625921402,1.299995521917641,-1.4819879313225741,2.385969848679199,654,10,4
652,9,8.661683737430577,1.1656118603260748,-0.6486691668049248,1.167051872111882,654,10,4
654,9,9.02284703855192,0.5609005526492086,2.8294172744838577,0.2568353103599266,654,10,4
655,10,10.0,0.0,0,0,654,10,4
0,0,0.0,0.0,0,0,654,10,4
2,1,1.4778765000795713,1.0695916561712033,1.7561060178557546,1.076733517099065,654,10,4
3,1,1.7244800329712917,1.5958263061247053,2.8597698202824127,1.319381423480867,654,10,4
15,1,2.6319617071554524,2.444723713339407,-0.1632665752448899,0.2993267020666063,654,10,4
13,2,2.5598917100381167,1.6046839955785615,2.052252854864965,1.6821474512011267,654,10,4
21,2,2.717693072356111,2.5067613522199252,2.8300365263027607,1.5114526272641573,654,10,4
26,2,2.8673978092757046,2.5971394190090646,0.01992321054451408,0.26365296303776364,654,10,4
66,3,3.594357836436801,2.619396278237009,2.6226110728817,1.4375279853829794,654,10,4
67,3,3.5995366335421797,1.1207509918477236,1.7891381135621887,1.6345982420090657,654,10,4
85,3,3.7368681139494084,2.6113419093975936,-3.099143343013343,1.493862414141159,654,10,4
92,3,3.7776874804834017,2.3045631468854144,0.012113588855704615,0.4040442180324257,654,10,4
155,4,4.221422476013636,2.5210044512826597,2.4438265755839303,1.5629023123045607,654,10,4
205,4,4.4736502582269715,2.8381333990671114,2.7667658213307416,1.3060901772943008,654,10,4
210,4,4.505195394605732,2.7239059052236487,2.3996007335448186,1.2126586148976182,654,10,4
225,4,4.591163607376099,2.3189933944714833,-0.2516769266691078,0.6178146053054925,654,10,4
230,4,4.636163766028838,1.9491623570554468,2.4773311433529255,1.2915550278124583,654,10,4
241,4,4.685212483550396,1.6503015239386385,2.0956529966331994,0.992548443815568,654,10,4
298,4,4.897492716355325,2.1781356956695763,0.5458076986285456,0.4552483546839755,654,10,4
328,4,5.022041842982304,3.4427640862833426,-3.1071654950641636,1.5639515067838228,654,10,4
363,4,5.168127299803298,2.5971984977576184,2.4365590353325093,0.9041020421213212,654,10,4
369,4,5.205629311620118,2.270951280020851,0.6075779496128714,0.7234252416395777,654,10,4
400,5,5.352155134110376,2.9874732801634774,2.4223330255637485,1.8585557821833785,654,10,4
410,5,5.417574232783489,1.5607042300592324,2.239378483118491,1.2243054757777536,654,10,4
426,5,5.51537522214852,1.3633877924701299,2.0296400564305954,1.2965063701385484,654,10,4
447,5,5.658306065323949,2.1065937070007847,3.042811093754394,1.2231159232490758,654,10,4
457,5,5.690222129489726,2.587265096562597,2.5227161874932134,1.3971250877758332,654,10,4
477,5,5.802238516923088,2.3316407383872835,0.782658484697445,0.5265809073202388,654,10,4
485,5,5.8299555225090405,2.3961616937094474,2.16867025264684,0.8295792529687344,654,10,4
497,5,5.914160689168013,1.8375318628189072,2.6250701437275588,1.362991120656712,654,10,4
512,5,6.033364352412955,3.4608634842046344,2.524296027719367,1.107566973301426,654,10,4
529,5,6.124458886524405,1.5515472881796777,2.6806586878672225,1.5909561162745154,654,10,4
552,5,6.284687767401026,2.8863949849706527,2.949285481558862,1.781041232872671,654,10,4
564,5,6.441527502493434,2.4115488438086445,3.033582410253345,1.8178325718090933,654,10,4
567,5,6.458728966205404,1.36749220091727,0.09696402549048899,1.337643625106619,654,10,4
578,5,6.54825448184146,1.4042865041397785,-2.741121005772647,1.5453463695025162,654,10,4
546,6,6.254202936452399,3.282186288227893,2.5087706516349093,1.1065548652811892,654,10,4
549,6,6.269524832873169,1.702507903235997,2.3647692154777364,1.666300996312427,654,10,4
556,6,6.332001458766871,1.390933360565665,1.9897436525648171,1.503742585686327,654,10,4
565,6,6.442779910392887,2.2228962495368316,0.42601677951801226,0.6303993828892148,654,10,4
583,6,6.638185802316917,1.9201145469734449,1.858153778419009,1.140271698883835,654,10,4
591,6,6.720468300964333,2.2274334374828078,1.8696802427180548,1.1467212942997909,654,10,4
598,6,6.79298541881495,1.5359849292023517,0.03127675868535776,1.3503422730211323,654,10,4
599,6,6.803741607830421,2.217189397765386,2.258789297534152,0.6564520297501681,654,10,4
601,6,6.825212917179466,2.0462145332648967,2.2875051587589184,2.1276817949787934,654,10,4
608,6,6.907011263018451,1.421189499732293,-2.744585902039742,1.4311548057593724,654,10,4
613,6,6.962033675517935,2.4441636718050166,1.709288698048851,0.4783313717035869,654,10,4
630,6,7.23149556616982,2.30209722571087,2.7844697433608334,1.9161794877016993,654,10,4
626,7,7.1861258688675616,2.7995530128011716,2.4027129829813787,1.0809593790605407,654,10,4
637,7,7.580607192273066,1.4081962321355057,0.5349369172427443,1.4497634679382227,654,10,4
638,7,7.6310817632270345,2.2236402140922675,1.6171484146826987,1.6098514833137216,654,10,4
639,7,7.671911292261067,1.774973800388806,2.636271002418983,1.3660181304930787,654,10,4
640,7,7.672484991407203,2.308205311737808,1.898125331754853,1.004075809149912,654,10,4
641,7,7.68926435573754,2.278157774190747,2.3675659689954,1.3151275026532914,654,10,4
642,7,7.695928974247584,1.8416175043834804,1.5449262688680456,1.4503980751263559,654,10,4
643,7,7.812369411025985,1.3773939825189452,0.9405369533061091,1.089319505358243,654,10,4
644,7,7.844425229457998,1.3924355917876574,1.0883399425865898,1.1340381597597622,654,10,4
645,7,7.858249032609588,1.613390163662924,-2.714278085661685,1.74824192792783,654,10,4
646,7,7.877264126965313,1.9092022789189602,-2.4082692989935035,1.2179565273360193,654,10,4
647,7,7.885664213858075,2.0956671204503934,2.4530647184147565,0.7197738114472854,654,10,4
649,7,7.93700482830406,1.4465259925220115,3.0134854557370865,1.0951785828342975,654,10,4
651,7,8.0514226513275,1.7609195605490486,1.4633751035950426,0.618251219058349,654,10,4
653,7,8.11450397572561,1.5300092018613831,2.947264719848027,1.8793720915321175,654,10,4
654,7,8.186357786572657,1.5097957797820916,2.9987630255282354,1.933821693641766,654,10,4
655,8,10.0,0.0,0,0,654,10,4
0,0,0.0,0.0,0,0,654,10,4
1,1,0.9120425033172208,0.7648375460862651,2.617547297995415,2.2869001286447297,654,10,4
2,1,1.1591096881108032,1.1091424316167493,2.193043193102616,1.3070414017669303,654,10,4
13,2,2.0464428957325866,1.0174491387715945,2.160767401069166,1.1734252675590153,654,10,4
33,3,2.69606243832094,0.6240121726919325,1.9959505834528657,1.1504594866226412,654,10,4
34,3,2.741482405507746,1.0822674059927193,1.7362398377218522,1.123239743203101,654,10,4
85,4,3.399253963464959,0.9328473923482135,2.854416142524924,1.188588789312933,654,10,4
140,4,3.8858063446753253,1.7141582138465439,1.8807678359290316,0.7401811320615905,654,10,4
153,5,3.9974973276553594,1.0176239292434404,2.467509646997597,1.6186769562234158,654,10,4
191,5,4.247937018313431,1.3586248427780219,2.8940565544791115,1.621444582157428,654,10,4
347,5,5.038516437273097,2.1018138484605107,2.0337512003916176,0.891089071968947,654,10,4
406,6,5.329878518991795,0.44203777671969385,1.7990521819975573,2.7927679064709676,654,10,4
407,6,5.335905700446277,2.317835033226692,1.9949385960365278,0.8765993285885665,654,10,4
441,6,5.5118579439248165,2.1081145008287745,1.9966099361538634,1.3174511481196456,654,10,4
442,6,5.520843011281568,1.2313402659280615,2.082662684492915,1.4028440001814642,654,10,4
444,6,5.522648221006229,1.4677729540773523,2.4174306656486837,1.8085510285595143,654,10,4
463,6,5.658296446904211,1.3871775194537594,1.2631785568049423,0.6855146476311625,654,10,4
464,6,5.658660732598577,1.6777796061918455,2.3741077735934084,1.7682893358272669,654,10,4
484,6,5.7833603111473275,2.2382443002838883,1.8315759173298551,2.2263643668662736,654,10,4
485,6,5.785326487736793,2.0081426447675303,2.733554160047083,1.863703615503495,654,10,4
546,7,6.251015407930454,2.4669404107423203,1.82089537530111,2.143823682590489,654,10,4
573,7,6.457616422379119,0.5798638260093071,-1.5572891913099587,0.6485117353956907,654,10,4
575,7,6.503910338368863,0.8687961787159958,-2.879122450436547,1.4678406791785905,654,10,4
581,7,6.569245005382957,1.3579075468274842,3.070812596717466,1.8074268374398974,654,10,4
583,7,6.610805366441673,1.4932778962082336,2.1497949083344166,1.0235069188047479,654,10,4
600,7,6.791120973257268,0.8317201298401226,1.583723998196183,0.512192894305859,654,10,4
605,7,6.911529003583005,1.6241890784931934,2.122108799843187,1.9154729418912382,654,10,4
616,7,7.174423753279921,1.376018225248493,2.4736978100551017,2.243698548558601,654,10,4
620,8,7.261095187471202,1.8749913228599522,1.6730704860018768,2.037361610969368,654,10,4
624,8,7.3297242222719285,1.2441677940628193,-2.1513411004973593,0.38806696021253567,654,10,4
628,8,7.3790283417969915,1.5571679109964172,2.4692564816356324,0.8199079639909653,654,10,4
629,8,7.4039147262828635,0.27694462412961623,0.9960150046314465,0.7806261710814199,654,10,4
637,8,7.690137205115787,1.2833093023162434,-1.0833965546269122,1.0586105698379384,654,10,4
644,8,7.799440908381311,1.520253519640545,1.5094339511916002,2.302443516862238,654,10,4
647,8,7.967820306705336,0.978280979643176,2.432278305939558,1.8573066306055357,654,10,4
651,9,8.589916619984498,0.8005323053601403,2.517302499143577,2.69718067442169,654,10,4
652,9,8.689319298258377,1.0789855868078404,2.5433843948709165,0.9752653133286594,654,10,4
653,9,8.725821226111833,1.154718749177922,-0.8797745388132069,1.698058446473256,654,10,4
654,9,8.92252346617435,0.6114464556205492,1.3297603737633397,2.189265421645204,654,10,4
655,10,10.0,0.0,0,0,654,10,4
0,0,0.0,0.0,0,0,654,10,4
1,1,1.303413720313521,0.9247192235006146,0.23572857460948474,0.5572363333683715,654,10,4
5,1,1.8485851787797947,1.5760828625642798,-3.073116374068826,2.3984272886661815,654,10,4
16,2,2.265939805329852,0.9250547021640081,2.477255445764467,0.1395344901582661,654,10,4
22,2,2.3434997954567316,0.7713418567314934,-2.0083126033085645,0.6619332536244928,654,10,4
29,2,2.591741146365938,2.045813950979702,1.044701584360371,0.6504683795584221,654,10,4
31,2,2.614694959389503,1.316228136174576,-2.845602019816244,1.9821053758704987,654,10,4
45,2,2.9093143462036197,2.014606396451203,0.7257335977153929,0.8356330286967425,654,10,4
62,3,3.230675317119779,0.6185951994488201,0.13206665600543233,0.730910683088819,654,10,4
79,3,3.4185542609896302,1.4118378481345253,-3.0374178943170307,1.8229635467858833,654,10,4
107,3,3.7437973067578656,1.977435156238105,0.7619661439802133,0.6424939745431545,654,10,4
117,3,3.8127957843431295,1.3464393778617032,2.9775154131512256,1.2841795829303004,654,10,4
167,4,4.248918850415161,1.2188085327674218,3.113992688359787,1.30576667588646,654,10,4
187,4,4.414819083810308,1.0728228532085735,-3.0178240781845345,1.587070437025601,654,10,4
195,4,4.455507049364628,1.744423807070352,3.0383670249035215,1.2324761826853003,654,10,4
242,4,4.679711974167555,0.8839305779874389,0.3374341228386493,2.107249140844071,654,10,4
253,4,4.73999633251852,1.8050281683125817,0.8753469484518938,1.1444837386920044,654,10,4
297,4,4.9412899440387426,1.1550483743603421,0.33148787198500057,1.5889489711420786,654,10,4
438,5,5.602751899851684,0.9959781636143811,-0.1954077181399841,1.363481135075362,654,10,4
476,5,5.808182917964042,0.9872759280967165,2.373857710937929,0.04982697182282771,654,10,4
482,5,5.871895928778599,0.7965255943585958,0.9932808574601049,0.7902355048162766,654,10,4
515,5,6.122488487791414,1.110703633797585,2.9562204652986925,1.358970790817926,654,10,4
558,6,6.4927997914912545,0.42735923195659464,0.49932819456375066,0.5950038438847102,654,10,4
594,6,6.896627192618224,0.6735182259498809,-2.913472604582955,1.511094426906977,654,10,4
628,7,7.467186428544585,0.40184558765788153,-2.956375031165795,1.503769597746676,654,10,4
649,8,8.340049402858254,0.8944177614796324,3.1293251188764613,1.997605634288307,654,10,4
650,8,8.592262590172954,0.9232616310513363,3.040145320313744,1.243080021244907,654,10,4
654,9,9.215549226312435,0.4893882351458798,-2.891363589510568,1.436774670001716,654,10,4
655,10,10.0,0.0,0,0,654,10,4
0,0,0.0,0.0,0,0,654,10,4
1,1,1.2878457157291812,0.16949848771863227,2.072279323504,0.22964800261346435,654,10,4
2,1,1.4061746733472746,0.6774855977910269,-1.1905621932561667,1.363912118429538,654,10,4
3,1,1.555564646430596,1.535185006874606,-2.6388911118190244,2.0467590152687336,654,10,4
4,1,1.5774501063407032,1.1742961536317265,2.5699581772052507,1.2037507459537486,654,10,4
5,1,1.6269781146595763,1.1181325303011393,2.2214635464830104,0.9911615689064043,654,10,4
6,1,1.6454911431869501,1.3737518454443103,-1.0630315703384727,0.669159170522391,654,10,4
7,1,1.6595348330703263,1.6415214199078092,-1.7509617332961536,0.49571571201465886,654,10,4
8,1,1.7039354974324439,1.351767712381139,2.4597734870546053,1.520321119251394,654,10,4
11,1,1.9638468306021506,1.231375453679596,1.776671965019767,1.3536878036805295,654,10,4
15,1,2.093547187745778,1.6223259446706397,0.6637900812342183,0.8209601074142076,654,10,4
28,1,2.6056849391307413,2.103667556497388,0.8899594693512173,0.593009153386162,654,10,4
34,1,2.7555641073423107,2.0977777917126805,1.7884525727720673,1.153979752706864,654,10,4
19,2,2.2875485826296114,0.8446591901063492,-0.6896521061401909,0.7893020542337975,654,10,4
20,2,2.2898023813440616,0.7701594603085918,-0.1386986414059909,1.2038311303026328,654,10,4
27,2,2.6054360021831746,1.8012297752664415,2.5705033685880485,1.3264855173366692,654,10,4
29,2,2.611575892123051,1.4353216371234094,2.760573756552068,1.396360301021775,654,10,4
42,2,2.973992959546856,0.7594733891411589,-3.0008356524640063,1.3654976284083915,654,10,4
48,2,3.084419047467788,1.8224887783572519,-2.4452541015277682,0.27056026002283956,654,10,4
58,2,3.221150193552762,2.3722875368078147,1.871597393739523,1.1945773626514176,654,10,4
67,2,3.3056696692996814,2.291065496218767,-0.9132274379120298,0.5984140235358105,654,10,4
82,2,3.447583835647273,2.256082499517917,1.243885647589369,0.6266114680466672,654,10,4
71,3,3.3731516658573915,0.9284599385988346,-1.8030554805156245,0.15886144755381262,654,10,4
97,3,3.6033725464893807,2.300214387628208,-0.9467090541511479,0.5391473407339656,654,10,4
121,3,3.813339590393656,2.384716597604021,-2.3111606618774116,0.4068084661956158,654,10,4
134,3,3.8960963888915314,1.977577079030938,1.1967127351672397,0.6302052152423561,654,10,4
141,3,3.959655078491381,1.2094715378546825,1.790472183400319,1.7066818256983538,654,10,4
146,3,4.018738175317106,1.0091887768853813,2.19033598895256,1.7369352095425077,654,10,4
152,3,4.082905841894825,1.7795036269608566,1.9480513790030927,1.29849717531594,654,10,4
167,3,4.229821117326739,1.979384498802027,1.8312837768386014,1.0216159625409016,654,10,4
265,4,4.743655019259564,1.7490216401249246,-2.3867847611702584,0.408668684833453,654,10,4
270,4,4.757146321117748,2.107678217933194,-2.625947395453526,0.32083072306658383,654,10,4
272,4,4.782718938683962,1.21355500913779,1.3983492589099216,0.9563181966066059,654,10,4
276,4,4.797137447441959,2.4337673969233475,2.675474028774385,0.1192028841372468,654,10,4
295,4,4.845240451520566,2.68050898356314,-0.23147335958520895,0.44631655390745895,654,10,4
349,4,5.0446005245113525,2.937503468761671,3.0878328892327804,0.3956386348749484,654,10,4
438,4,5.457614476049921,1.8094722526225342,1.8880638766169047,1.0581722636831803,654,10,4
453,5,5.608066127694889,2.5669341718726946,-3.0695062750613795,0.5169215202117705,654,10,4
456,5,5.625712238938819,1.3672170204073233,-2.305964590102179,0.8684892402460128,654,10,4
459,5,5.6370682821740425,2.422862569117083,2.9909135358294097,0.17658920080253035,654,10,4
483,5,5.778147045253732,2.2679490588914106,0.08512551874527308,0.547571471547096,654,10,4
545,5,6.240146558456373,1.503460772943158,1.4812127024748811,0.7981841868725394,654,10,4
555,5,6.322222206331693,1.940430554301267,1.2124536236288201,0.5039769843626624,654,10,4
565,6,6.408623367512988,2.263507080955755,0.007166093766043484,0.8164798836739073,654,10,4
602,6,6.930694700695247,0.8106017519681443,-1.748807118161601,0.7164650453759223,654,10,4
623,6,7.358564237451159,1.3151948470670378,2.320075384822139,0.12254149774207498,654,10,4
648,7,8.14612996489813,1.3107529871072408,0.3074882585117068,0.48979377983641087,654,10,4
653,8,8.397038593805027,1.3600200648655387,0.2536961755542149,0.5065551770590672,654,10,4
655,9,10.0,0.0,0,0,654,10,4
0,0,0.0,0.0,0,0,654,10,4
1,1,1.5284085715728468,1.242862384845939,0.9393512751233989,1.0144848847736077,654,10,4
2,1,1.7372059556276154,1.2660628855674132,0.8094992785275897,1.574344149734379,654,10,4
3,1,1.803605654735464,0.7744199767256277,0.7380500403144948,1.192571246768969,654,10,4
7,1,1.961982625441181,1.1171133849654855,-3.1251423284781614,2.356582996929207,654,10,4
8,1,2.034132523106406,1.340014046622812,-2.5521232478714073,1.545973683323458,654,10,4
9,1,2.0767536708884715,0.9302788011381835,-1.192683071897219,1.2526712993620044,654,10,4
11,1,2.2327427583937243,1.5457329615460242,-1.9556637326452895,1.520938725553324,654,10,4
16,2,2.479874130677132,0.7737486125973426,-3.0199616217478065,2.269277715505545,654,10,4
21,2,2.522992744289713,1.0340226276715843,0.48786280425536277,1.3170848146582348,654,10,4
30,2,2.848151853175407,0.9888660778260252,-2.0518593057826227,1.4649990245614632,654,10,4
44,2,3.114345056520115,1.1946237117151468,-2.226039950090917,0.8944818427054432,654,10,4
85,3,3.659964715391948,0.7157613414528604,-1.9502304066473508,0.9301527276900983,654,10,4
105,3,3.808286208136228,0.3684500734284372,-3.0934721251414095,0.48291303541691594,654,10,4
111,3,3.866321468378361,1.4233515963229406,2.760327070423585,1.319933536394691,654,10,4
114,3,3.8880071398279337,1.4575393487282065,0.5123559828244928,2.3724147743627633,654,10,4
205,4,4.522292336941202,1.1936506071042667,-1.3554272991847527,0.7488513552057476,654,10,4
242,4,4.656359861423111,1.2338703944639675,1.0154798667105547,2.8276748958861666,654,10,4
368,4,5.208074912683171,0.908621289428845,-2.564706345052117,0.5057088400874279,654,10,4
469,5,5.657169511633679,2.0406225338442483,1.5068328062264202,2.5952181278130686,654,10,4
480,5,5.697949434526902,1.4312186860157752,-0.787259588950136,1.1164335777675245,654,10,4
497,5,5.7554831019669574,1.3373571641921562,-0.4559903113817441,2.663451602431198,654,10,4
529,5,5.955940800307909,0.8828323687608819,-2.726681965730124,1.0738589961781253,654,10,4
593,6,6.483961371768202,1.8658646210745942,1.5266123660997672,2.4464001434526184,654,10,4
607,6,6.755782381979209,1.2527657884525987,-1.4100594187147455,2.5318621997590185,654,10,4
615,6,6.84378874148548,0.6706904294637654,-1.169002763890967,0.5294348975747248,654,10,4
649,7,8.366981553863791,0.9938976055110544,-2.709883132153282,2.3178690393481007,654,10,4
654,8,9.122295739736096,0.7626543548032504,-1.804043045894432,2.0194689519341655,654,10,4
655,9,10.0,0.0,0,0,654,10,4
0,0,0.0,0.0,0,0,654,10,4
1,1,1.1007580407020134,1.0423034757162908,1.0241436748499224,1.817564004036942,654,10,4
2,1,1.1097691253099307,1.0662604847790753,-2.11963997675153,0.8931111352991352,654,10,4
3,1,1.166344091719117,0.8186044964956545,0.33272926037658695,1.092255290650426,654,10,4
4,1,1.2615071070432038,0.7192167920238823,0.6164420857423986,1.117175352587628,654,10,4
13,2,2.182515796525805,1.2455912985754907,0.4392303832736513,1.8742864641422738,654,10,4
14,2,2.4250670484605816,1.3379470785722247,2.9906047046702833,0.43538447614749776,654,10,4
30,2,2.7487607351707477,2.163579010053151,3.043797459319189,0.7959246007013228,654,10,4
72,2,3.4932871960780565,2.525787876048891,1.4692167544237156,0.7537409791070084,654,10,4
84,3,3.5877187027145063,1.7218573015752774,1.173097843138793,1.346861813145174,654,10,4
94,3,3.706709583296439,2.0478043545992226,-2.4882520618636725,0.4145645875516081,654,10,4
130,3,3.977694281227172,2.1797342608417516,-3.0487882885519353,0.41812735092135517,654,10,4
139,3,4.049060476586544,2.6284325370902017,1.663854548570719,0.8310294391004284,654,10,4
151,4,4.165122108559457,1.9351679833652922,1.2972331534210384,1.4724380329154092,654,10,4
216,4,4.5991831804061265,1.3281997875872023,-2.9196135213068835,0.6270513579257547,654,10,4
244,4,4.734448743545623,1.9716780613058376,-2.246400624396106,0.4993969852624272,654,10,4
295,4,4.935707303651363,1.0819795543124964,-2.056079473143072,0.42683370775944124,654,10,4
343,4,5.104147297183259,1.3557529530396262,2.095224688271813,0.8269681993786978,654,10,4
368,4,5.246556673355485,2.4560133674916873,2.069980153373456,0.5267187913986414,654,10,4
441,5,5.532057302663325,2.338571076662767,1.0104661591465514,1.0300151955539123,654,10,4
455,5,5.6332047072795985,1.6767642624610273,1.8643728100007593,1.604071545960714,654,10,4
464,5,5.700198109515425,2.4204624790790366,1.582662450437335,1.819607084274932,654,10,4
466,5,5.7195167932977515,2.2322126028232843,1.5980415624095512,0.8922029156123172,654,10,4
580,5,6.506746871858131,1.8180734485713563,1.8475836750152217,0.5594391432157705,654,10,4
534,6,6.1711737576997905,2.2377586577229223,1.5403882664355426,1.9468439296746447,654,10,4
537,6,6.202037272643493,2.148997652867923,1.979305023212537,1.6964568284966073,654,10,4
547,6,6.252391368880801,2.251915854403781,1.3823952613419255,0.7257606230386545,654,10,4
605,6,6.81135776272292,1.8018187229104796,1.9985245882726135,0.5351386601315868,654,10,4
606,6,6.843136415041781,2.2939020396055385,1.9393356069394188,0.6814969158876044,654,10,4
617,6,7.023843682933136,1.7597626473064512,1.551132506443565,1.2752238167532612,654,10,4
621,6,7.073781953014256,1.2971050101466013,2.4170391157948226,1.274394104164503,654,10,4
596,7,6.661044149854868,2.523050888236523,1.924352165001421,1.6904703661979803,654,10,4
637,7,7.725033318143736,1.942533440187805,2.2926322924570197,0.6520139249893856,654,10,4
640,7,7.814132611858838,1.2672677720084742,0.7696989820694343,0.7234914785905867,654,10,4
645,7,7.957206612013746,1.2726420574742834,1.729063714965946,1.3636931317482144,654,10,4
642,8,7.892881322254212,1.96337775611015,2.0163311446455667,1.3994262188890538,654,10,4
649,8,8.10586740551025,1.8469316397415474,1.5325493999663549,2.0744699174354135,654,10,4
651,8,8.63250935091649,1.1212050621059646,0.6278292320580137,0.8521364591684234,654,10,4
654,8,9.189089794932759,0.7956028183519686,2.538767592034124,1.3304057702547123,654,10,4
655,9,10.0,0.0,0,0,654,10,4
0,0,0.0,0.0,0,0,654,10,4
1,1,0.7824267582550926,0.7755472583711326,-0.6355721137118682,2.995339285168682,654,10,4
4,1,1.3864540661760727,1.0846084087812056,-2.4482237617306266,1.1936569857361636,654,10,4
7,1,1.6243739082508724,1.4166059672286928,-2.366648765935842,1.9257173012853008,654,10,4
6,2,1.5700119682027691,1.3810692855369235,-0.35364629359006083,3.0969268598951127,654,10,4
11,2,2.1874104140602135,1.3603019515034762,-2.4471784335322306,1.6483309488289684,654,10,4
34,3,2.8070108931572735,1.9901807127124507,2.9488458717358146,2.937467515208662,654,10,4
53,3,3.1564754644297475,1.4709423286193366,-1.915358704801422,2.1010225894914707,654,10,4
109,4,3.671029435460069,1.1992377524796922,-2.620057752627627,2.8300130151510468,654,10,4
123,4,3.839740147274213,1.5435612789319364,-1.8610185762365534,1.7350395468910027,654,10,4
293,5,4.792697727133273,1.581459405513777,-1.8193576433936929,1.4424378197188057,654,10,4
303,5,4.858338244287147,1.3361804580320304,-2.036874691379223,2.3974393241743335,654,10,4
458,6,5.617372994603676,1.2632364370565863,-1.647029927941169,2.208011675452167,654,10,4
466,6,5.647863565369578,1.8370761049633915,-1.9953349875014206,2.7651812988704334,654,10,4
483,6,5.764253949325976,1.6711853213864338,-1.8786791384118138,1.183550850315333,654,10,4
565,7,6.3840504310187836,1.8205459824581167,-1.8343271769860505,1.4404632380546019,654,10,4
567,7,6.388798072516364,1.6434210613014955,-2.115972142442608,2.8886385333481255,654,10,4
573,7,6.462597077747868,1.8947391586713311,-1.9943597525326056,2.097484204454315,654,10,4
576,7,6.477479614640503,1.8939588088265487,-2.291828853109447,1.1099242064980315,654,10,4
588,7,6.67567631721118,1.5918426508660595,-2.072513482593998,0.7732031643189803,654,10,4
596,7,6.74360394448207,2.023632845250264,-1.614848985521083,0.8093089891326003,654,10,4
598,7,6.772733052581179,1.528034963241041,-2.4673637184747697,2.4928745990773598,654,10,4
614,7,7.018555853776416,1.3530198834212106,-2.0543151196717413,0.5272447364147496,654,10,4
615,8,7.0310672385581485,2.3603129427835037,-1.837686745141027,2.0341879691101616,654,10,4
622,8,7.170892319429249,1.9446382300295122,-1.621153969751046,1.5107860028641926,654,10,4
638,8,7.60735581628715,1.6859740603719615,-1.0296012484641814,0.6590466403559846,654,10,4
644,8,7.880897203507073,0.7750391447543525,-1.6643405088094334,2.793843008340053,654,10,4
645,8,7.921838705811824,0.9467188363588142,-2.240141596927195,1.225043795343717,654,10,4
649,9,8.240117844664157,1.7241605762451244,-0.6529718678095516,0.602042630257354,654,10,4
650,9,8.253862171738799,1.723305736512619,-1.573558024619636,2.023709186077207,654,10,4
651,9,8.308615071818652,1.5757916752368688,-1.732305317398354,2.3157810387448268,654,10,4
653,9,8.866295846275957,0.6528131596019466,-2.961565595713015,1.3188925810355614,654,10,4
654,9,8.990929049096348,0.24824242800198176,3.0563721272233164,2.438709677767003,654,10,4
655,10,10.0,0.0,0,0,654,10,4
0,0,0.0,0.0,0,0,654,10,4
1,1,0.7593655291979751,0.7114963704654396,0.3406438981353168,1.5397234029983662,654,10,4
2,1,1.1767745930332163,0.8897146536336434,-2.9852369372229615,1.674412286927329,654,10,4
3,1,1.5514556886974418,0.9390205876545061,-1.659823535963787,1.0930658161089088,654,10,4
8,1,2.106523817567303,1.9370738532499885,0.8923407864100885,2.864142196543542,654,10,4
6,2,1.9414408359909052,0.41953867028488995,-2.639288317762764,0.967708068748085,654,10,4
7,2,2.060286551009848,1.286013565175282,-0.22279094852120693,2.5435801659324015,654,10,4
9,2,2.144414074554848,1.4602973648915565,2.720012584402869,1.8237454665516584,654,10,4
14,2,2.330920994062172,1.4718499573158825,3.0791798513008835,2.255094700188876,654,10,4
15,2,2.424330652571667,0.9824737207049284,-0.7324198057142476,0.7962370428568969,654,10,4
18,2,2.613511742362596,2.215787042199275,1.2775517370730494,2.8604934388305727,654,10,4
46,3,3.1996107385367645,2.124910594708338,3.0715241740745776,1.94178845422396,654,10,4
47,3,3.2333528467620773,1.9499949477428062,0.6834085975699631,2.7502199440021498,654,10,4
58,3,3.35953868814703,1.041353256626869,-0.05608618101835848,0.7210893905702856,654,10,4
76,3,3.6155310401229537,2.378157892166232,0.042994874764359724,2.1500642646850787,654,10,4
81,3,3.6492412195076316,1.6019223792268205,0.18572723170394648,1.995348052598272,654,10,4
103,3,3.883710814969633,1.8495921343071808,-0.1010830828120439,2.0260738902933393,654,10,4
140,3,4.190212326316926,1.632704374513906,0.6445493643474577,1.8626127965797896,654,10,4
107,4,3.918587122574113,1.2516763835700722,0.24312243388877497,0.541838866888496,654,10,4
129,4,4.111326602695492,2.117509467586725,3.0572395688388534,1.9908372172187485,654,10,4
158,4,4.306544538062763,1.8543315496300352,-0.006444494239731761,1.9975458459470956,654,10,4
162,4,4.312677517831035,1.4233670121951691,-0.005882242468978059,1.404771877087409,654,10,4
166,4,4.339633258756513,2.626237816506869,2.845369989834806,2.2302153827060334,654,10,4
216,4,4.593390322104031,3.0106666192918463,0.027353906893883832,2.138273661663509,654,10,4
278,4,4.859880887988468,2.410213786105516,0.3408080104881352,1.9903781264310711,654,10,4
283,4,4.8831172920735275,1.653964857579281,0.2941415605916039,1.7315751071205918,654,10,4
302,4,4.9503551249564115,2.5100980541448425,0.3350802959007195,2.0315218183755603,654,10,4
214,5,4.590381702253392,1.3545616707444246,0.5403221756702984,0.6686083568534822,654,10,4
306,5,4.959362923053097,3.044957404697107,0.1273239600759801,2.074481442779509,654,10,4
365,5,5.198679439391064,1.9392174149958026,-0.39497262793280263,2.3173293817939524,654,10,4
395,5,5.32171715632027,2.0227414460531894,-0.021870763083248368,1.6523669805254646,654,10,4
402,5,5.350127666709293,2.1836438298507743,3.094012897033635,2.170487291586009,654,10,4
428,5,5.481101916406166,2.5023452869310194,-0.06309770977221192,1.5554034900711338,654,10,4
478,5,5.782141689599475,2.077534014060232,0.4576409837294478,1.7662989204688948,654,10,4
477,6,5.776443584070773,2.3420543652533894,-3.1230322291685924,2.0893379547250848,654,10,4
481,6,5.787899213875579,1.7573806833949341,-0.8121472478917695,0.5107275995804637,654,10,4
495,6,5.85498937048332,1.8507588657246838,1.0382292110017357,0.1681405627041418,654,10,4
530,6,6.101818935294534,3.1351053124478434,-0.010105803506945924,1.9764815010396217,654,10,4
531,6,6.117660187299075,3.150181218894973,0.2596766620433728,2.1600055658579898,654,10,4
533,6,6.133936654368322,3.063345234040708,-0.301827866993661,2.128090562249492,654,10,4
540,6,6.212686688193347,2.6911610871836387,0.15657813746847352,1.760693281300727,654,10,4
562,6,6.430949042040112,2.2247441148862444,-0.3569065287766292,1.8056543408034558,654,10,4
566,6,6.468299170120395,1.9813124805334066,0.28473842702377516,1.6931670598310429,654,10,4
583,6,6.647205213506764,2.533960540257263,-0.011372596197329585,1.957827554403705,654,10,4
553,7,6.3090885434024635,1.6350211849901322,-0.9310665570842385,0.7421891808609027,654,10,4
589,7,6.751538811498504,1.476851880176339,-0.7088037227904531,0.9794167574997882,654,10,4
598,7,6.872317147183358,1.9014536664896744,1.465447507493302,0.6448487925821883,654,10,4
604,7,6.921981695832851,2.002742601961275,2.8780127571331935,2.356763583179427,654,10,4
606,7,6.928314805170208,2.7800936197012605,-0.014619955091874828,1.84560876346443,654,10,4
648,7,8.044317331423947,1.607931725586682,-0.13242090469255655,2.4491747610772383,654,10,4
629,8,7.42330687726141,1.9895510586554792,-0.8204482083949483,0.7305730066600202,654,10,4
632,8,7.562254702943697,1.6644260791092838,-0.07908461454146427,1.013705278712743,654,10,4
634,8,7.616482189760579,1.0510021388500852,-0.5368836409415324,0.912276908783603,654,10,4
636,8,7.678842821509118,1.8003941523941387,-1.2555847489495735,1.119759377819371,654,10,4
639,8,7.8091118282607495,2.0295441417606392,-3.0087007001846917,2.3774168934684425,654,10,4
644,8,7.9249629260544,1.1362604068488928,1.7229727746477912,0.5087283661292705,654,10,4
645,8,7.954513575336756,0.9579794906246425,0.199644893855664,1.4086794523259871,654,10,4
649,8,8.353919127926861,1.3798568441742218,-2.7827844182122625,2.832687288903478,654,10,4
650,8,8.381789839538076,0.7754189164351629,2.9449740201192394,2.5397364841490835,654,10,4
651,8,8.463961801968662,0.9435052895174606,1.1819576725933794,1.1938655581933701,654,10,4
652,8,8.478138383888778,0.6844362544779697,0.6480019449459257,1.7847782680389228,654,10,4
653,8,8.527028733214001,1.2225369783083788,-3.07330921448455,2.3009036771663767,654,10,4
654,8,8.725051416068602,1.2055839459180957,-0.04817662114459816,2.282682860294108,654,10,4
655,9,10.0,0.0,0,0,654,10,4
0,0,0.0,0.0,0,0,654,10,4
1,1,0.9755690406623929,0.9252125395281564,-0.9102517688758387,1.6760225222911533,654,10,4
7,2,1.9533391036196734,1.6758968928612297,-0.9348321618039533,1.9646182511333001,654,10,4
70,3,3.563510940092731,0.9048086043723188,-0.891659676805271,1.068632293648148,654,10,4
133,4,4.075206764432846,0.6110858902302669,-0.6397642838859712,0.6894266355269064,654,10,4
238,5,4.740622513526084,0.8420111795502189,-0.39914052001968975,0.6133898798445635,654,10,4
318,5,5.085975681490254,1.1450602613411773,-0.3395021184331427,1.6108250643855135,654,10,4
501,6,5.829972172011541,0.536677999075144,0.19455173931273173,1.648853731724073,654,10,4
567,7,6.384089916619193,0.887608101862834,0.6435885872478805,1.6295687006099249,654,10,4
600,8,6.829121516806499,0.8468907470912609,1.0029268296773048,1.6846630940675438,654,10,4
643,9,7.613154692443116,0.5542652473927515,1.3226632292154878,2.5400772508543437,654,10,4
654,9,8.387741772200817,1.208327583657904,-0.4640443955786655,2.8003522555735314,654,10,4
655,10,10.0,0.0,0,0,654,10,4
0,0,0.0,0.0,0,0,654,10,4
1,1,0.8289985537265654,0.7480295325840732,2.549821816758836,2.4847205809139505,654,10,4
2,1,1.174846305040188,1.0156792686169611,-2.0006081640538116,1.6105850570134355,654,10,4
3,1,1.4525201876139682,1.2158230069308287,-0.3329626539023044,1.2590097277570922,654,10,4
4,1,1.6130895132301704,1.5944542980374659,-1.7878221786623572,1.2828919931482932,654,10,4
7,1,1.9962089281070439,1.0211129111796549,-0.5623718635913486,1.7525256202594268,654,10,4
10,2,2.1360630683897397,0.7231078798408974,1.413985440553898,1.8464487957459546,654,10,4
11,2,2.2774271158657875,0.6824988524554931,-1.0389777241087692,2.4747949413437205,654,10,4
14,2,2.360917803210354,1.147193547861412,2.5209992260596135,1.1270581236716284,654,10,4
19,2,2.682171591073683,0.5990312982208261,-0.615143383634773,1.6710104923214006,654,10,4
22,2,2.744206468365704,2.1580659052432054,-2.910932724790918,2.3606137843125006,654,10,4
39,2,3.1150762428479597,1.7646791351048399,0.16334812620784486,0.2207983354880273,654,10,4
40,2,3.123974395045953,0.970005163355662,0.985430696861883,0.6304092724852811,654,10,4
88,2,3.641050049316342,1.9769326297597554,-2.17232006837888,0.1361885530969941,654,10,4
23,3,2.7473710839287833,1.0281576493864126,1.8933226861431869,1.541549314589763,654,10,4
51,3,3.259875466865009,0.3919859283938817,-0.34436863170320153,1.291938763205857,654,10,4
54,3,3.2838239120485344,0.9613879359009139,-1.160183107014782,1.6459068722497872,654,10,4
68,3,3.45995168352768,1.7439972630780292,0.9376524675030076,1.5789126394056137,654,10,4
81,3,3.60177449664877,0.4995720666566604,0.7510659040981906,0.7851380993110285,654,10,4
82,3,3.60952333070508,1.4339378528257043,0.47491874174416515,1.5940138832873065,654,10,4
85,3,3.6149121000369835,1.2072215605577552,0.9840881943940796,0.8473972996446735,654,10,4
109,3,3.838690581531429,1.2110324366359138,-2.632736190423555,2.450823992811104,654,10,4
143,3,4.151104341568132,2.2148447714846218,-1.7292537087015765,0.09115351466293584,654,10,4
80,4,3.5811643307585483,1.7595408252613196,2.167237307026873,1.4599446573935322,654,10,4
118,4,3.9424545051857907,1.2929704113532008,1.5974574118531888,1.8289351143346173,654,10,4
124,4,3.9855430161499825,0.834519817768624,-1.4189703296583458,1.9714780151680573,654,10,4
137,4,4.091240068381339,2.2151761718335146,0.8360983459618285,1.5475559003644948,654,10,4
150,4,4.207765953353566,2.3194280129180824,1.8132001290940722,1.4970129604542917,654,10,4
162,4,4.3085385205839515,0.8572032644593258,1.7525367109613568,1.4984457578698043,654,10,4
166,4,4.33023270974484,1.0440401721360064,0.5497932654844334,2.802578408321604,654,10,4
169,4,4.340755941253832,1.4473794919297676,-3.1223445962337713,1.711158681699837,654,10,4
203,4,4.496182563243359,0.9828633042575124,-1.2399275111286123,1.3533551802980253,654,10,4
218,4,4.568552914668487,2.574290403352651,-1.356629686625223,0.06369067738234196,654,10,4
237,4,4.630572856719446,0.6380056190326665,1.6944724752799254,2.6989409872600723,654,10,4
244,4,4.6698065445529995,1.9243338315897331,1.774134016103834,2.1392120221334516,654,10,4
252,4,4.6964643080978465,1.7999635746496208,2.371611269736199,2.4500777123420905,654,10,4
270,4,4.766616556728753,1.9474893816685999,-2.157414806217208,2.6254528043079555,654,10,4
284,4,4.811892488454058,1.9516507465941317,0.4576998063136182,1.1927767764903783,654,10,4
306,4,4.902132047918572,2.2451766247735856,1.5067539350684596,2.239501969549399,654,10,4
261,5,4.744595468316214,1.8773331368599366,2.7625198802783832,1.3928591440983538,654,10,4
314,5,4.9607781742996835,0.9245328694818283,0.7079278455000981,2.4414673327980005,654,10,4
319,5,4.9786565792813375,2.798759880032806,-2.063975859715549,0.10967287430773497,654,10,4
348,5,5.061181556266654,2.0701520532751183,1.8008754807474612,0.8380645900028428,654,10,4
383,5,5.194420598192008,1.3334415173320169,-2.7239742059555425,2.0356013581629697,654,10,4
431,5,5.435162242639368,1.7336593795373516,1.6493020071873203,1.2649494551992269,654,10,4
434,5,5.4633395193029,1.5184127096426268,0.9414815379243098,1.4877593440271917,654,10,4
440,5,5.487473645009145,0.3280325998214729,1.4370285268679508,2.5783622491371405,654,10,4
448,5,5.558060656913547,0.08672905516998294,-0.2960102022959531,0.6041136529865497,654,10,4
455,5,5.596757461322307,1.576470976455678,-3.0290827556688367,2.7853953019140234,654,10,4
468,5,5.636771073636858,1.233208988741985,-2.6448572123630676,2.9244263530512464,654,10,4
470,5,5.644571727713968,1.3477015359927291,2.0808715912074676,2.9269035935137437,654,10,4
471,5,5.6613681891163345,0.8435553851854154,-2.333348570013517,2.342401256514215,654,10,4
491,5,5.837834877063735,2.0998265455671294,-1.9003856268229278,1.1695431084843277,654,10,4
494,5,5.8561014233470035,1.8856425154043717,1.464753514453936,2.19839607214538,654,10,4
501,5,5.910161667772171,1.2561839330554256,0.6148432866230795,1.063985021826744,654,10,4
466,6,5.636414862717972,1.3782047615288633,2.4827482952122195,1.730649385953218,654,10,4
487,6,5.810291853651294,1.7099582758330438,2.0466791252723002,0.8470550159731125,654,10,4
490,6,5.831043839912365,1.4111957691752346,3.027677864351777,1.383440028165713,654,10,4
509,6,5.945699504142457,2.4780055933045135,2.024094948860126,0.7090183263762658,654,10,4
511,6,5.9807534860588945,1.9392197384234806,-2.931815275157698,1.622659141230157,654,10,4
515,6,6.001182631772282,2.2338011358829166,0.7146292988953448,0.1358007026172796,654,10,4
540,6,6.160407062737856,2.113565336549758,-1.8978395364756586,1.1886583629360081,654,10,4
598,6,6.836216082776168,1.1363745494425916,-0.39227575862848013,3.0031216311305764,654,10,4
600,6,6.889819205436467,1.4076317186911538,0.7167165121693492,1.149024721865005,654,10,4
618,6,7.175924322499386,1.3242855402683935,0.8002300864937955,2.8022757921918338,654,10,4
590,7,6.759377484977121,1.8211663527063784,2.811816362447606,1.5546979260945317,654,10,4
594,7,6.80382920569561,1.8192104960603361,2.6733051198770634,1.3992335117221737,654,10,4
596,7,6.816843961082872,1.2882946618236017,1.9865613905276949,0.9802253803511232,654,10,4
602,7,6.9357388344259485,2.572453409253386,-1.7824920816430256,0.9787918223176689,654,10,4
604,7,6.964782276680922,2.4740796930969573,3.1268894047661724,1.627869139291228,654,10,4
607,7,6.992382819453654,2.040739895322164,-2.0599739377432025,0.13280373513620597,654,10,4
609,7,7.028175431774994,2.117350262261735,2.5018652445870124,1.1627702442326622,654,10,4
616,7,7.140670422795953,1.8362846065733855,2.6198362068132557,2.0053691664295346,654,10,4
621,7,7.20699460578316,2.04515687392432,2.1207161105099526,0.7950268413586828,654,10,4
622,7,7.232881152486032,2.3722508973322283,2.516412042782675,0.4861903441400925,654,10,4
625,7,7.328398317509622,1.9372109604144814,2.77726260990237,0.27210011148829194,654,10,4
628,7,7.416756720755373,1.2535151812219099,0.3784080531650256,2.8135731195733165,654,10,4
630,7,7.434800295577183,1.7423088642294227,3.124663771050507,1.9066351319962076,654,10,4
631,7,7.460220052504875,1.1435799494159904,-2.1892086389240766,1.6818148220492546,654,10,4
635,7,7.607131100070549,1.9356143837042583,-2.6357294882574953,1.771443109893925,654,10,4
645,7,7.89026012074692,1.025443603374821,0.19640488433220935,0.9009801908419233,654,10,4
638,8,7.681900605059444,2.308969919348709,2.7993297493629172,1.60701508538767,654,10,4
643,8,7.812807722865198,1.45085910328106,1.2394298049904107,1.123096703514947,654,10,4
644,8,7.825437716286365,1.7214716991389176,2.538733706619289,2.271347683283248,654,10,4
646,8,8.009012623832003,1.543414211462398,-2.393890767912769,1.706200675275608,654,10,4
648,8,8.224894325307275,1.4040240021017623,0.9245799523130634,2.783781307729568,654,10,4
650,8,8.361615132062552,1.1994145891558696,1.0637934427690243,2.8197228180565777,654,10,4
651,8,8.59542721257132,0.6068284969367104,-0.4470259132567224,1.0190200789929313,654,10,4
652,8,8.623036304372686,0.5084273995027392,1.7704708735508072,2.1391062221006343,654,10,4
653,8,8.827040657545504,0.9287324293969491,-0.5386272271807121,2.3077876527764247,654,10,4
654,8,9.29158943052592,0.6693084962010655,-2.922379803240039,0.7957604266269194,654,10,4
655,9,10.0,0.0,0,0,654,10,4
0,0,0.0,0.0,0,0,654,10,4
1,1,1.2412363869552234,0.48930390981114374,-0.47104774655090126,2.425123055152031,654,10,4
2,1,1.3350753433953222,0.8883927016047586,-1.4192408628418773,0.6985265917369847,654,10,4
3,1,1.6016008822631789,0.7805881792445094,2.8683754631001976,1.4676254574680232,654,10,4
4,1,1.6337838291175366,1.1503119342854642,-2.2847838808191865,0.44182608302325704,654,10,4
5,1,1.6712518690999145,0.7042302295073914,3.1065721106790067,0.6470843265596681,654,10,4
9,1,2.0425893437562745,1.6241965158878324,1.8773185627676694,2.1291124739827207,654,10,4
11,2,2.2506686273947962,0.9074492342884646,2.234998819024792,1.854626853794695,654,10,4
16,2,2.430932022524538,1.980085431680035,1.8484253685605239,2.2034815082719477,654,10,4
24,2,2.6518400834447995,1.6540933478081479,-0.8333887682631217,0.2683185856758587,654,10,4
26,2,2.6989457412992914,1.2809606740323982,2.8987153712564506,2.1638600213963057,654,10,4
27,2,2.719813105376069,1.9718668188119712,-1.9432855187901965,0.9431936711402156,654,10,4
42,2,3.018066881363418,1.9622702742239293,-2.073173585104618,0.6133210794034225,654,10,4
52,2,3.1080011851922906,2.501165409555268,-1.3556999889996442,0.37662482221326943,654,10,4
60,2,3.190606145316659,1.6838367262604366,2.4043944752833113,1.4023089912925601,654,10,4
43,3,3.027355225116468,1.0063791346373734,2.0333377816504408,1.478166775218301,654,10,4
58,3,3.1611644671842996,2.346360360380879,1.7752468958374799,1.9195698864013495,654,10,4
67,3,3.3174643490373446,1.9299438568791394,1.8587483415578292,2.638620077825813,654,10,4
79,3,3.4579991136209,1.3813914095666155,-2.8749484077962175,2.5671853163106277,654,10,4
111,3,3.7651121510487986,2.4749373213098735,-1.9315228875602704,0.35926520854017424,654,10,4
125,3,3.8188142250217116,3.120158896308444,-1.2971821448491607,0.33787546357184184,654,10,4
163,3,4.139863466556234,3.1174324951815375,-2.077088650037704,0.8582319083948744,654,10,4
186,3,4.304578042220956,1.9332727583468283,2.5961469251640987,1.9428781702606184,654,10,4
201,3,4.369103477604734,2.869003262461177,-1.7038565351411576,0.916337136344484,654,10,4
214,3,4.4529989269607615,2.9470862031244534,-1.6463301982279799,1.3009123697545197,654,10,4
217,3,4.461657765441499,2.406848207363444,-1.7983749824089734,1.1370617953560482,654,10,4
129,4,3.852690328322388,1.6858556166158236,1.7166599189971647,1.30316230208247,654,10,4
140,4,3.952091429393745,2.3781564806304805,-1.8105206165661962,0.3770074884461499,654,10,4
170,4,4.185259844753669,1.5056690452086408,2.473107664699125,0.6954372336144174,654,10,4
174,4,4.2156070899833615,0.7361203866100455,2.5081037632636622,1.7622246470691718,654,10,4
177,4,4.239234572227826,0.4521379142906245,-2.5503474947489555,1.1533630312370564,654,10,4
184,4,4.284339448452512,2.732031997189374,-1.9023828648398176,0.30979525855877427,654,10,4
209,4,4.413388891834373,1.652068522916669,2.2565783757834197,1.0222310374001333,654,10,4
226,4,4.517540579225731,3.1020431504554087,-1.7915295475204749,0.3775737611400533,654,10,4
232,4,4.558576365032332,2.927316997342067,-1.9867165521339574,0.7689602941289029,654,10,4
275,4,4.782299363664885,1.6215989473692187,2.4524162375167777,2.088170441219135,654,10,4
286,4,4.822484521889407,2.672895408251178,-1.6712480571595825,1.3540325443816634,654,10,4
447,4,5.57809884623585,2.1398636175362475,-1.2760637015643455,1.0739009263505574,654,10,4
288,5,4.8312945643289895,1.1802981366534564,1.8112486874901297,1.7317488975806,654,10,4
289,5,4.849733177696182,1.426476901500806,1.244368066481543,0.8715387775266815,654,10,4
340,5,5.071160167021624,1.3350214171122896,2.7679045111167895,1.6628082475914712,654,10,4
378,5,5.247029493103673,1.1353373625602492,2.1844860204093273,0.3488629755799195,654,10,4
389,5,5.261124113160279,0.48915945304030406,1.4635103137529224,2.5215129860053778,654,10,4
399,5,5.314256530431479,1.7051305483567618,2.558755338183911,1.9257232124396437,654,10,4
457,5,5.607840329678385,1.815326126102293,2.4650510381443063,1.391414327262231,654,10,4
478,5,5.703818965833738,1.4670279317284,-1.264101869180081,0.4998701491089046,654,10,4
479,5,5.704370181679766,1.7056197817223038,-1.8368597595757166,1.610531297907079,654,10,4
484,5,5.743604932812563,2.073167144149344,-1.6123250635112116,1.503359421541343,654,10,4
571,5,6.45067609431298,1.9075308015116064,-1.2036516600662637,0.9105012803631293,654,10,4
496,6,5.82518288614143,1.6680081748650286,1.3317595972442213,1.6077687628868342,654,10,4
522,6,6.065648134042581,0.9887950529481483,0.8157802333352683,1.7961559011250325,654,10,4
526,6,6.097738812007277,1.9118271317485303,2.7527388308072176,2.1644498700213,654,10,4
543,6,6.1993575675051185,2.260380344484775,1.5217274045744653,1.8396337832321699,654,10,4
544,6,6.204467581576547,1.1750714565819755,2.799414303201179,0.9669672296970003,654,10,4
547,6,6.222229353153105,1.9143951693476546,2.1385154232715142,1.7748347580934147,654,10,4
549,6,6.2513581215497265,2.120601934393989,2.4498357034564675,2.0138672515856237,654,10,4
553,6,6.28112055049511,2.192063067981003,-1.730589906294708,1.5934050157327784,654,10,4
562,6,6.36467641883436,1.0873060897760407,-0.2863465338050337,2.460933702605569,654,10,4
573,6,6.485821019234036,1.261086366559548,0.11876491987263256,0.31056223003706945,654,10,4
575,6,6.500669747438765,0.6991374488860453,-0.4174988466201711,0.7365624695017321,654,10,4
581,6,6.564965266303763,2.163311488302526,2.6774065181602196,1.7675314599438101,654,10,4
588,6,6.642454442377827,1.1600611576342545,-0.9411843326617145,2.6219966012972886,654,10,4
606,6,7.011168153197113,1.482912111029067,-1.1789978568158412,1.0802910694553254,654,10,4
602,7,6.913041624389918,2.449662415317903,2.3822599399915934,2.0614011295745667,654,10,4
615,7,7.208473271629967,1.7020806574811718,1.2177076903373099,0.21157970140438362,654,10,4
618,7,7.271899051645828,1.2165085421927022,-2.4253171516649656,1.0177507866326927,654,10,4
620,7,7.316448506989699,1.8574101054901013,1.0943710191471336,1.4988379564926422,654,10,4
621,7,7.317755555725563,1.8364265003586553,-1.7890898821730088,1.4656294763286675,654,10,4
623,7,7.369074080609796,0.6483892883795734,-0.7019226169947719,2.3241647475811966,654,10,4
626,7,7.459347460330944,0.9458360656500918,-2.1959359712716906,1.0311749180347076,654,10,4
630,7,7.571209326078879,0.9490299624006725,2.7193682172700724,1.225853926538576,654,10,4
632,7,7.604162887518397,1.2418591737731355,-1.4536997456417204,0.9843983524872018,654,10,4
633,7,7.605329141944926,1.5061262920773704,1.8597989843807696,1.6020629650943163,654,10,4
634,7,7.669365507225635,1.8236371942681209,2.9665819267581415,1.9484644350605445,654,10,4
637,7,7.753982565800318,1.5591630552782554,-1.0266152828481154,1.4878368532128599,654,10,4
643,8,8.050321168824727,1.5189099008012632,0.4442599860540131,0.5799778177641047,654,10,4
646,8,8.12927698485657,1.5502147185663255,-2.3126125368582886,1.3741204512462812,654,10,4
647,8,8.277451546112736,0.6777716409355741,2.37611868541393,2.6957997989837597,654,10,4
650,8,8.406661887951074,1.5146481245858134,-1.1115951272401283,2.0591007285699394,654,10,4
651,8,8.48189981422881,0.5603876392485164,-0.5536118500270191,2.675322434995005,654,10,4
652,8,8.644018548955124,1.3371044589534211,2.808362418213806,1.4949930703161765,654,10,4
653,8,8.808901808057266,1.0998208730681516,-1.2736654385287653,0.7943791856637239,654,10,4
654,8,9.045168541914745,0.8910019182218317,1.4720951077330426,0.8910527494910369,654,10,4
655,9,10.0,0.0,0,0,654,10,4
0,0,0.0,0.0,0,0,654,10,4
1,1,0.5704146999885129,0.5610015040174219,0.07922007742190026,1.0360914048957626,654,10,4
2,1,1.1361083431238295,0.7917677730944931,2.321370455333475,1.8508663244066057,654,10,4
4,1,1.6158517271368045,1.2132456626154942,2.59976318051675,1.7839791580146702,654,10,4
3,2,1.230993192429246,0.440002917316675,-0.1049955159608231,1.1808835387517278,654,10,4
20,2,2.3176044741710387,1.3242129552443183,2.6834072058502527,1.5987191618074625,654,10,4
17,3,2.179146357477739,1.034485545717191,0.25877040487491654,2.037980539137173,654,10,4
24,3,2.521753817037319,0.9217630617032604,-2.297171205995027,0.3415330773738324,654,10,4
25,3,2.594501796973697,1.3974173012243265,1.176649486801684,1.4081257340132427,654,10,4
65,3,3.0881352397796658,1.1473064890449916,2.6179209479503216,1.8130591614796217,654,10,4
35,4,2.7213273000522245,1.4828466493263606,0.5212112002052768,2.087809052594453,654,10,4
88,4,3.3477362821402554,1.8233745000944268,1.109889889177487,1.3248201958925336,654,10,4
119,4,3.607075460743884,1.3370251970053662,2.5011862302545183,1.8621603615676685,654,10,4
121,4,3.6225314181406656,1.8451651087563365,-2.2324495130319173,0.5990852718537915,654,10,4
122,5,3.646942384804681,2.173946815504017,0.31969653932552056,1.8940580574168386,654,10,4
158,5,3.939917781632556,1.870324016896464,1.005573558441794,1.5190255921916949,654,10,4
187,5,4.212481947849809,1.9714287915638284,-2.6114203097608395,0.6006422400178588,654,10,4
219,5,4.4446418707677235,1.7977307940199252,2.8857924398396535,1.7667949075847622,654,10,4
244,6,4.629186224265435,1.710712175833532,0.2703603780430664,1.4999029815442568,654,10,4
329,6,4.951356407142633,0.984682543878174,0.8841202526812442,1.1985113800492877,654,10,4
366,6,5.070158325709329,1.7767759758324686,3.1308227632072847,0.8472437730459247,654,10,4
425,6,5.282325592943589,1.2899025823004315,2.970295660054595,2.1696240820302135,654,10,4
545,7,5.997218726907361,2.2882067778488446,0.5072115897914351,1.7780259025862628,654,10,4
553,7,6.048979833534771,0.6669755694924568,2.412332176696718,0.27352725998760974,654,10,4
555,7,6.052056286842848,2.5608031615095053,3.1379733605788713,0.789270271007493,654,10,4
570,7,6.162650758123579,0.37790382743304507,1.6162613893352027,0.8950586334376758,654,10,4
579,7,6.240998847377667,1.203760656098042,-0.3186818791590017,2.2080667233848748,654,10,4
592,7,6.493752372291013,1.1756273971650624,-2.354268969877066,2.2993542948196057,654,10,4
601,8,6.6548819009599,2.4931204766586794,-3.0747324602167136,0.9715411902696356,654,10,4
627,8,7.206845746485638,0.6908176408820805,1.56594796455262,2.1904336892561207,654,10,4
628,8,7.210705432651551,0.6366975429912798,0.6439000934097713,1.163387538891935,654,10,4
631,8,7.252337034093771,1.247225525857098,0.225753634657384,1.6355500271152998,654,10,4
634,8,7.2837497044521715,1.5120980824382177,-0.5831299418269573,2.275890789720053,654,10,4
643,8,7.517362194004478,0.792877396250036,2.616128230229065,2.427545385937892,654,10,4
638,9,7.3429780603133175,2.2649675143434695,3.020152204453819,1.168631373427149,654,10,4
652,9,7.989128455473136,1.139310755008425,2.2880992415551287,1.9797476893406567,654,10,4
654,9,8.696844409147001,0.519273294986423,-0.4492034393280285,2.8327746204580184,654,10,4
655,10,10.0,0.0,0,0,654,10,4
0,0,0.0,0.0,0,0,654,10,4
1,1,0.6114939854821011,0.4122700136288816,0.9053223963534239,1.707380722231995,654,10,4
13,2,2.083362201482708,0.8610282320803608,2.687545323183466,1.7676944574995785,654,10,4
33,3,2.982420249013585,1.2557276144227896,2.272871160988181,1.6598703865984525,654,10,4
80,4,3.579762537787899,1.3874070404055603,2.0093360855639224,1.6057852319206272,654,10,4
116,4,3.951029435456838,0.9569225392143497,1.5813932411551193,2.2539571430489462,654,10,4
210,5,4.575139654128945,1.2125466365770052,1.9887567802875847,2.582153430561615,654,10,4
252,5,4.69605316470159,1.066513985577505,1.4137662234135093,2.238380394288779,654,10,4
455,6,5.514905970795242,1.343855448411952,1.2465832748625378,2.0746090713553444,654,10,4
552,7,6.24556071046848,1.7076124467751765,0.9743711768525254,1.755308028045222,654,10,4
635,8,7.451120114268663,1.520138105132107,0.5312308983832227,1.374689128666793,654,10,4
647,9,8.029361904597495,1.6445633005995572,0.5469427597348756,1.1335572412552046,654,10,4
653,9,8.369881553766826,1.2095579616821914,1.0222126353868786,1.629896408450858,654,10,4
655,10,10.0,0.0,0,0,654,10,4
0,0,0.0,0.0,0,0,654,10,4
1,1,0.979558166203075,0.8499291059919012,0.3732941753648502,2.8629807442100583,654,10,4
2,1,1.1085191118551962,1.0992788705815009,2.0110886912176076,0.8606928547934901,654,10,4
3,1,1.1191918781133614,0.3067214832576895,-0.5222506412396797,2.1061126565385666,654,10,4
5,1,1.4246424034038696,1.206484100099327,1.6829116234411539,1.577628685550962,654,10,4
6,1,1.5305641406507908,1.2727197242219097,-2.9683146565780083,1.4223284081065768,654,10,4
9,2,2.1183192219258453,0.3000547336704517,2.082938892466868,2.4880888837678627,654,10,4
11,2,2.1663955181779606,2.0417259302115727,1.9458462866176338,0.9502153434318587,654,10,4
16,2,2.2929827008934147,1.0662482108986238,-1.1536168680092374,0.4066436562473233,654,10,4
34,2,2.777335533507237,1.0991554692767251,2.024566750316708,0.7683305273001384,654,10,4
40,2,2.874904331925374,1.903010808595195,-0.9395173258132659,1.4396130077046618,654,10,4
51,2,3.0695147208483133,1.2996105655564905,-0.47781337334287344,0.9793172231568206,654,10,4
53,2,3.082256346744158,2.3017080588902914,-2.368574141405077,1.2688912633855765,654,10,4
45,3,2.9529372719492097,2.4044158045092123,2.2045696666229215,0.9979757414981273,654,10,4
52,3,3.0792707179228076,1.2863092595863468,-1.7122638297885013,0.6622565605370229,654,10,4
86,3,3.5259474436545357,1.3253695082387975,-1.144209851015211,1.2750624415898222,654,10,4
104,3,3.7146548431310613,0.8758400198548292,1.3081789376384023,0.9282010526956549,654,10,4
129,3,3.9121131707030807,1.8904601680019522,-0.8919796776767814,0.9322940248732753,654,10,4
157,3,4.108956818146296,1.9004852035854405,-1.9728655170989204,1.1839610762102983,654,10,4
130,4,3.9175002746932153,1.5711046183538968,1.9299006569854866,0.9710965094088257,654,10,4
164,4,4.158772619023584,1.005424814904817,1.5778883530298862,0.8914864348482107,654,10,4
275,4,4.733371396598828,1.8190231189956192,-1.8077590889262873,1.1847123015527328,654,10,4
276,4,4.740021816351538,2.1842000706809976,-0.7379315047803962,1.183765289357215,654,10,4
329,5,4.9729121506700675,0.6509012974467185,0.9448727084003165,0.7902025433477841,654,10,4
376,5,5.208641988159614,2.0725805110362283,2.043932237842516,1.2122020555337283,654,10,4
381,5,5.22988784257233,1.2910835090013826,2.571854923054845,1.6105337542652838,654,10,4
437,5,5.454115218753083,1.712380519836736,-2.058514246839673,1.4582323228057883,654,10,4
457,5,5.548834266634226,1.9996149790606952,-0.7425114802332899,0.8089935429968735,654,10,4
535,6,6.031384945042949,1.649460443733447,3.0373022658768476,1.479145083661591,654,10,4
552,6,6.251948491225376,1.6570267341765772,-2.448626399837456,1.639330484353333,654,10,4
553,6,6.26322856931647,1.6429192495298686,2.4996811009385813,1.1549201806061737,654,10,4
563,6,6.325941255239931,0.513258589895169,0.4656942281872563,1.5074212296709668,654,10,4
571,6,6.403596147311752,1.5284784715225548,-1.5659678850424705,1.7485526151859958,654,10,4
599,6,6.594270868389785,0.7035327750484274,-2.048076746689638,1.177263036713579,654,10,4
604,6,6.66947784747692,2.4106321550221517,-0.9002850775592329,0.9976070213839185,654,10,4
610,7,6.782093058215307,1.3431226018536648,-2.354174516728188,1.514441610657977,654,10,4
615,7,6.923800151370242,2.0130834317458177,2.256579416436186,1.1764903400718587,654,10,4
619,7,7.000093778653511,1.7374473689101158,-3.1162189629298527,1.9600893304021076,654,10,4
632,7,7.287979351594559,2.3350307558710237,-0.6228340775924317,0.982394853474643,654,10,4
645,7,7.852683461089695,1.173918814953882,-0.7889863568081809,1.347737863249321,654,10,4
644,8,7.804065707734572,2.072655917076543,2.0303135939591166,0.8640638284002328,654,10,4
651,8,8.340966293970185,1.650194226609068,-3.069302032525029,1.9351921652493498,654,10,4
652,8,8.346169740989023,1.4243801095871949,-0.8676118759244734,1.044958065120332,654,10,4
653,8,8.580222720282132,1.27305810246793,-0.1779982347557191,1.2550209823620153,654,10,4
654,8,8.587191069021074,0.8776338309772599,-0.9284799396684533,1.4882372040104292,654,10,4
655,9,10.0,0.0,0,0,654,10,4
0,0,0.0,0.0,0,0,654,10,4
14,1,2.1429034164067353,2.023206927715181,1.2787718688893608,0.25839867023318064,654,10,4
27,2,2.5512847123544145,2.3477714166104513,1.1797272587726697,0.26786225200588853,654,10,4
86,3,3.5322030188253417,2.839402668358714,0.32394433881552176,0.052371293130606025,654,10,4
135,4,3.921340535643197,2.5698902863622015,-3.1316440279939983,0.035177412820056576,654,10,4
235,5,4.567147972022826,2.639459490717022,1.623467558704057,0.24597662994954791,654,10,4
487,6,5.647711277088042,2.044054259125405,2.5861344274315554,0.23997413434848988,654,10,4
527,6,5.919207356329954,1.4028075280642534,-0.6699507838032787,0.018030172413091104,654,10,4
579,7,6.489372417832171,1.320580459411414,-1.7083941087237255,0.32110939101295066,654,10,4
580,7,6.496458160154931,1.6411866874898995,-2.340960399554557,0.27885381190508773,654,10,4
628,7,7.199605574631434,1.5820529455883263,-1.614764474731626,0.8556540215440264,654,10,4
629,8,7.261002203331909,2.0420799899143933,-2.387726922644658,0.4925622551869919,654,10,4
643,8,7.614384319664412,1.7936419223455928,-1.3809721706743132,0.8896371867833933,654,10,4
648,8,7.9556808689982965,0.8265302353763231,-1.905034428582275,1.0679176100654766,654,10,4
652,9,8.559970304400078,0.823859032742324,-2.794122995451946,0.6859685066478947,654,10,4
654,9,8.930865924758782,0.770205339729734,-1.191169799008389,0.22659426525169862,654,10,4
655,10,10.0,0.0,0,0,654,10,4
0,0,0.0,0.0,0,0,654,10,4
1,1,0.9823599328527977,0.9174276553365076,2.564185985116899,2.7946668484706563,654,10,4
2,1,1.2014617785905835,0.8001012877532601,2.1135089377285676,2.5642099813910777,654,10,4
3,1,1.4273205620508078,1.3399585306326656,1.0359940461508361,2.524474109468136,654,10,4
12,1,2.22303889926006,2.104064513247726,-1.0694034594026862,2.1867541080610398,654,10,4
4,2,1.861995055729131,1.3860019463842383,-2.6185827821468615,2.696570634532531,654,10,4
6,2,2.0778674089993485,0.7493907547650226,1.0984643246638992,2.2679194123187316,654,10,4
11,2,2.212198466724903,0.72577048429183,0.8891145993667362,2.445596081765409,654,10,4
14,2,2.3764658881770693,1.3457228091477575,1.9930359828114854,2.163199991761017,654,10,4
15,2,2.4301920861576063,0.22273397376358967,2.543856612309033,1.5628352789855768,654,10,4
24,2,2.636232811548025,2.0570532258771212,1.1607384805906171,1.946523456508777,654,10,4
27,2,2.7128528262691445,2.133241214735853,-0.5941983537462607,2.7042938850016234,654,10,4
32,2,2.787908178184999,0.9737864676949953,-1.9027836458487473,1.3202820870785803,654,10,4
35,2,2.8224904465326004,2.150441356341184,2.3713668584047563,2.0262968037600015,654,10,4
43,2,2.990303694012616,0.800839189044639,-0.957326183143112,0.08067673321626823,654,10,4
56,2,3.1972370780396764,2.689791122703838,-0.9613726537507306,1.9589446879670398,654,10,4
31,3,2.7852846125398467,1.6290507076736152,2.060163928693688,2.282024972544911,654,10,4
46,3,3.064680764651626,1.2255917814093522,0.39266988880499193,1.5904367067526803,654,10,4
61,3,3.222589534730335,1.8461192038693202,2.4210569820172876,1.9480661936834662,654,10,4
62,3,3.2229387485875636,2.2660768096349004,1.1380257321872844,2.1377964207638716,654,10,4
72,3,3.377096510764032,2.7057971453109655,-0.5858263710458712,2.7249703194014576,654,10,4
83,3,3.519319037874793,1.3200070428927053,-2.0348690244129903,1.522312139208219,654,10,4
87,3,3.5667303911468773,1.981310445134792,1.349385065986893,1.5521232123039297,654,10,4
98,3,3.6403248799658092,1.2309020136732338,-1.6442301414774319,0.36752451760021576,654,10,4
100,3,3.646948546781731,1.0453133855381047,-0.9618062226522269,1.5655777373764739,654,10,4
102,3,3.671115687933153,0.6651176667245695,-1.0302407851374362,1.7987422600221135,654,10,4
107,3,3.6984154259245097,2.0506036351110146,0.7555323842383775,2.252611659878802,654,10,4
121,3,3.798517151996755,3.1263751103672246,-0.27906771037677136,2.6905374303055525,654,10,4
126,3,3.8447779073296062,2.4653173056489197,-0.9489761751557385,2.011803902845398,654,10,4
138,3,3.945861144443578,2.717581042774064,0.44507031839140854,2.7944041131495623,654,10,4
91,4,3.601036470125072,1.0661178433394576,1.7683395853503245,2.216370241818522,654,10,4
104,4,3.6835374318566663,1.6097928414626002,2.3517692754749007,1.935330379304998,654,10,4
156,4,4.073837122066194,1.521522494805202,0.5838562278827452,1.7090066405146416,654,10,4
169,4,4.180733744377037,2.32901483075154,0.7373551033122866,2.08182421857212,654,10,4
170,4,4.18863887942737,1.8488912813019218,1.2483647439736882,2.3132366537347226,654,10,4
187,4,4.295342678226039,2.3255145497330805,1.1444158848580166,1.4536146376025634,654,10,4
190,4,4.2996751835865945,1.4941812230030662,-0.2753008645951767,1.8192965521413338,654,10,4
224,4,4.586002294151854,1.6821492801777813,-1.5199783492592278,0.8135284090073208,654,10,4
234,4,4.651935779401734,2.9406097294299705,0.3326342222959631,2.725458190265146,654,10,4
323,4,5.000843052175936,1.677561107029827,-1.1013734097135328,1.1053173531932925,654,10,4
390,4,5.270527616936958,2.3389995602842273,-1.2654928090365678,1.6277812088856585,654,10,4
250,5,4.739895521765548,1.558259188107136,2.8341051186015163,1.6366322995993923,654,10,4
257,5,4.75901909594204,2.105149531023634,1.6744025132700646,2.0735557314552757,654,10,4
260,5,4.76767525142464,0.9400353838930728,1.1420939628206583,1.7450600961230307,654,10,4
301,5,4.9134492164411885,1.9852540081796497,2.632584353723409,2.260936568109298,654,10,4
306,5,4.9327414805258,2.770456817875393,0.29417273359812784,2.6720689957223445,654,10,4
316,5,4.981721224768634,2.2135870193235903,0.8585505182515961,1.5395314610394515,654,10,4
340,5,5.082875365220674,1.6322340775375284,2.35105325470918,1.7427669957079441,654,10,4
349,5,5.108418793480551,1.6419656624318426,-3.044356431852445,2.8255963801288204,654,10,4
368,5,5.184730449021049,2.447809096268129,0.8250944135650559,1.8313774148334487,654,10,4
410,5,5.38639779393745,1.5469525698803164,-0.982242613360309,1.6360934031135397,654,10,4
411,5,5.386980339557938,2.1320968607224517,0.504080153377239,2.271975139778845,654,10,4
499,5,5.869825502111549,2.0487272000002577,-1.2773106471019422,1.422283204273696,654,10,4
465,6,5.684308437400185,1.4187167263590421,2.685425712472667,1.8783658434938615,654,10,4
501,6,5.88760543673062,1.2924369520936108,-1.8170084715017547,3.053112140191365,654,10,4
512,6,6.001727322797359,2.192360976677341,0.6322193275521463,2.3997315121222265,654,10,4
513,6,6.012626449635087,1.9227156008283757,0.4655691619593679,1.3666047727885022,654,10,4
532,6,6.13167511883989,2.1139366966591435,0.9896932611248137,1.5230144934479677,654,10,4
547,6,6.2616482122247366,1.516270913595425,2.1876210115199157,0.8859455708527492,654,10,4
560,6,6.455074469848415,2.2731019516748407,-1.344603783505518,1.4896230903652778,654,10,4
566,6,6.503890054751894,1.3966653337063883,1.8579885906325184,1.989046875299085,654,10,4
579,7,6.636081097611321,1.7187946732153674,2.629424319361097,1.849806285330665,654,10,4
598,7,6.83393740091116,2.1506809253844104,1.0314046792224938,2.5091689214472015,654,10,4
608,7,6.9742296958822925,2.377481229983918,1.1014108252500845,1.2242760355824949,654,10,4
613,7,7.006963652127868,1.4681244341951596,1.1809278770795495,1.2472569037626873,654,10,4
619,7,7.214565321491352,1.3723813312921382,0.9202093999765424,2.624252396332287,654,10,4
620,7,7.223516485840781,1.058138632735569,0.6191070131188998,1.653963214977202,654,10,4
622,7,7.322892324715353,1.9278533809531204,2.7197405410967828,0.45023833364907573,654,10,4
626,7,7.368240914589993,1.7502122581107817,-0.10624615535837241,1.8008424102667822,654,10,4
629,7,7.402352690132986,0.9775839452263662,1.8207838208228055,2.5552100544346357,654,10,4
630,7,7.405392667807624,1.484585779244342,1.9346714257674789,0.17065830620333675,654,10,4
640,7,7.778508418467921,1.3077136716935727,-1.3828581552958072,1.8936094286786056,654,10,4
627,8,7.386618068718644,2.4711096036867173,1.2563194372529398,1.2743811048390274,654,10,4
634,8,7.494586533575695,2.4300005191280545,1.3102248362101443,2.3814490077652986,654,10,4
638,8,7.65593283445197,1.6817306910538155,2.699629790454409,2.0586140916397935,654,10,4
639,8,7.7439354346558975,1.4045192370566242,0.8732211217441218,1.026138173909236,654,10,4
641,8,7.816139717596125,1.576316543514037,-2.941915960722852,1.9649598908082455,654,10,4
645,8,8.126407112602465,1.4265820834576555,0.5215303122987283,1.53090314761234,654,10,4
647,8,8.215228881763956,0.9402357895297911,0.6739059156292883,1.2756069962180123,654,10,4
648,8,8.41836809709709,1.4715788882788077,3.0810563098993384,0.27531842936239964,654,10,4
649,8,8.448606396289048,0.9289940589830605,0.30251483856954536,2.3026889757922167,654,10,4
650,8,8.46470014152727,1.389839330346577,-1.5078095053322906,1.511384803561913,654,10,4
651,8,8.465453815167134,0.9409405385706298,-2.6090383623328917,2.036235801665582,654,10,4
652,8,8.534625639741543,1.3152135912764698,0.9078119833275523,2.0270916748357086,654,10,4
653,8,8.830397141476888,0.4634767254445236,0.053881322976459006,1.832398485790442,654,10,4
654,8,8.857530696317609,1.0670174210138008,-0.014407987328670666,1.4167168528942995,654,10,4
655,9,10.0,0.0,0,0,654,10,4
0,0,0.0,0.0,0,0,654,10,4
4,1,1.504779056290384,0.8487841762508457,-1.1240466654734829,2.2039391604848464,654,10,4
10,1,2.02894104328599,1.5694022584013538,3.0079670624730004,2.734579697802578,654,10,4
12,1,2.1039787887189867,1.3100138826297452,2.972962588519379,1.9632508031576763,654,10,4
26,1,2.500389309970712,2.2891972886323835,-3.0547041088125706,1.3064552667381435,654,10,4
28,1,2.572061435875951,1.7510395720023504,-2.921174796642774,1.8809412221887492,654,10,4
22,2,2.4126494789047523,1.3107400885335028,-1.1820078925910205,2.658530068198114,654,10,4
62,2,3.2863178078109314,1.8274471134356554,-2.800211567774712,2.1051092070537543,654,10,4
78,2,3.497678467171185,2.19893106266576,-2.9617996995849003,1.590512686066625,654,10,4
138,3,4.11825482226309,1.3663901243069636,0.7615406603180485,2.393156820836645,654,10,4
167,3,4.327577624945526,2.0954471719572796,-2.63962496226713,1.7163217547583323,654,10,4
257,4,4.741540143096188,1.3421142146231115,0.9863717617395378,2.3729206632341397,654,10,4
300,4,4.902029353571376,2.0695538379052456,-2.771682295650398,1.8135620945213362,654,10,4
440,5,5.515996191434961,2.011711585436929,-2.6450034958094606,2.004129661448833,654,10,4
453,5,5.586157746892678,1.0306137687860972,0.4046719367644874,2.7056008186787945,654,10,4
586,6,6.4513816467749,1.5247995262895124,-0.7038829112367025,2.6021325140742175,654,10,4
610,6,6.842330053253319,1.9282846168776435,-1.8898923700229187,2.1756603303926663,654,10,4
635,7,7.439647236566449,1.2549231665509142,-1.7760221414581927,2.4990432993099865,654,10,4
641,7,7.7167932093697855,1.54778121407873,-2.010504109048761,1.7873291434462988,654,10,4
643,7,7.7715444753755305,1.441719643259684,-1.4878623461914247,2.103863049166312,654,10,4
651,8,8.292782006259499,1.5233460882653043,-2.281392237311041,1.7156073626325667,654,10,4
653,8,8.373241216615028,1.462210341063187,-1.3712030992221256,1.9781996036896126,654,10,4
654,8,8.66164757106925,1.088211141708859,-2.066690552789363,2.055986975675873,654,10,4
655,9,10.0,0.0,0,0,654,10,4
0,0,0.0,0.0,0,0,654,10,4
1,1,1.4105685828700665,1.123998751750824,-1.6973308995302023,0.686993181619861,654,10,4
30,2,2.8853188918369943,2.2870039038963346,-1.5370278744059775,0.8392798102475936,654,10,4
67,3,3.4680234570973467,2.6941404012632293,-1.4078417751780332,0.829705022526279,654,10,4
146,4,4.162452030942941,2.137170768756062,-1.3138293008507467,0.8949196677002333,654,10,4
441,5,5.469512031405179,1.0336869148994068,-0.7346074402046342,0.8401491133501573,654,10,4
565,6,6.2838501318459885,0.9888181629849134,-0.698327112178988,0.8721648617579462,654,10,4
613,7,6.907298544637797,1.383632231562804,-0.2365979861586291,0.6379945319461165,654,10,4
652,8,8.447529938444209,0.972654077342909,-0.33420196213866504,1.4560533906007562,654,10,4
654,9,8.86277873206774,1.1124366020211696,-0.48335525206511104,1.1412766023334828,654,10,4
655,10,10.0,0.0,0,0,654,10,4
0,0,0.0,0.0,0,0,654,10,4
11,1,1.86166295551359,1.7434494974018182,-0.8354830347047268,0.9435320568779283,654,10,4
23,2,2.4849942118141244,2.0198747609215526,-0.5079299655485896,0.8761743375452227,654,10,4
86,3,3.4879115458860688,2.7068124735405883,-0.2022504055889838,1.0247479717512031,654,10,4
117,4,3.748719409837047,2.8157596684872814,-0.2695468700328698,1.0099249134120711,654,10,4
336,5,4.9762902483951095,2.8750030845054573,0.1298686663664954,0.8151722032854616,654,10,4
470,6,5.64811356916156,2.7884924699486064,0.18477163898105683,0.9582113042957983,654,10,4
512,7,5.954519985441937,2.5886570515300846,0.19710924017271045,0.9985679826661691,654,10,4
612,8,7.1912782630996475,2.0268502974726523,0.14055697765800587,1.2441176851825662,654,10,4
653,9,8.772813554304342,0.870442198788257,-0.7021341890082712,0.90528102443534,654,10,4
654,9,8.817304278739222,1.0005350876075043,0.9128617972111487,0.9763845296886896,654,10,4
655,10,10.0,0.0,0,0,654,10,4
0,0,0.0,0.0,0,0,654,10,4
1,1,0.73635466503434,0.5132545298344181,-0.3019352056742082,1.3121284795425474,654,10,4
6,1,1.9637913700206133,1.3696306665131404,2.0535326143993613,0.26973113705776985,654,10,4
2,2,1.5158542417484833,0.7368786981310017,-0.3286995370273915,2.0855798483097336,654,10,4
47,2,2.9835140931617077,1.1931733262664663,-0.9296241570590787,0.13398626472460223,654,10,4
34,3,2.743153701194103,1.0563417147621745,0.22143172841273184,1.9036663380206922,654,10,4
45,3,2.921658779126197,1.039490028786375,-0.17733551740682693,2.8623539920990946,654,10,4
46,3,2.97616207971938,1.6970914304721187,0.35906976917596045,1.300608066240858,654,10,4
56,3,3.1229280900703085,1.1919092402409364,-0.6806843838946657,0.09987872098693165,654,10,4
80,3,3.38564553458078,2.2490642172601323,-0.061426059830062205,1.4920781115673591,654,10,4
90,4,3.4381018558283936,1.1918199257474533,3.0253562983864497,3.0999901253515656,654,10,4
126,4,3.7612487646590367,0.7955270984137753,0.430579099312191,2.2786388448907027,654,10,4
128,4,3.7702601046265407,0.9469695701109574,-1.0617251254941993,0.34666437542753203,654,10,4
131,4,3.8047246121502845,2.1559129542693976,-0.0035256526896701025,1.5827627488603475,654,10,4
139,4,3.853508701167855,1.003563892851375,0.5063137214818522,2.5138432163638127,654,10,4
155,4,3.988766033353599,1.2410542354606575,0.1739321168313457,1.471454520443489,654,10,4
174,5,4.128019738511033,0.7279597019120916,-1.5017818964884977,2.735569518139413,654,10,4
214,5,4.3626582252652355,2.030652213374318,-0.10838095697923884,1.6701697197067018,654,10,4
218,5,4.417545210116691,1.154785299108958,-1.184296654301801,0.9067067463846463,654,10,4
248,5,4.541873144492563,1.3507324070128752,0.49470213132133656,2.7448746593821394,654,10,4
294,5,4.792114779038376,1.677567435261601,-0.27838072979466183,1.5031833585286707,654,10,4
392,6,5.261193756594516,0.5616939495218028,-1.3463910672184347,0.9302854428008335,654,10,4
425,6,5.4248778051165205,0.9031712179049413,1.2721073763745872,2.50068038122738,654,10,4
450,6,5.56491016039897,1.6752421093059056,-0.15659640330778934,1.8511837475643658,654,10,4
457,6,5.5779795724884105,1.389438967179583,-0.17702796307826946,1.3785551558491238,654,10,4
509,7,5.9029866800312645,0.16268938835359595,-1.6850153233316523,0.7000227574468703,654,10,4
551,7,6.324143192523736,1.5805263411176451,-0.07945295653983372,1.1536409289925982,654,10,4
568,7,6.472068628704411,1.8064015903110628,0.9709646462701311,2.6154129050686525,654,10,4
581,7,6.611151517134219,1.4994949702609013,0.3479155691831334,2.046188325267536,654,10,4
591,8,6.684554245306056,0.8945543068753444,-0.8879544270801075,1.0079130403728227,654,10,4
611,8,6.947855326312141,1.6745865522895935,0.12648639196719413,0.8420181416178125,654,10,4
619,8,7.046051050190291,0.530560569014902,-1.1593291684237927,1.7625573393909446,654,10,4
635,8,7.3853670406744065,1.1518972613561602,2.750618138627073,1.8838005301715155,654,10,4
638,8,7.550739844631283,1.2115539066876142,1.051400452272459,2.632361196280963,654,10,4
640,8,7.560031520173088,1.2255512124348211,0.7875069085929595,1.9080142164528318,654,10,4
649,9,8.012979588257648,1.6167803633915774,-0.6729286100018166,0.5835629797177744,654,10,4
650,9,8.17466093269514,0.5915801747256838,-2.2082372843044427,2.1215394666466474,654,10,4
652,9,8.320552804830879,0.9524350976131867,-2.700783893644074,1.5740952791931926,654,10,4
653,9,8.332361640535137,0.7645098072120673,0.09170459657760537,0.8094337422925528,654,10,4
654,9,8.444796769145555,1.30338700799087,0.7438273225446734,2.21691524275376,654,10,4
655,10,10.0,0.0,0,0,654,10,4
0,0,0.0,0.0,0,0,654,10,4
1,1,1.210331513128896,0.7290711676487548,-3.0044323375112842,0.3873833004364703,654,10,4
2,1,1.2161223437567503,1.1278709123559703,-1.939986269987259,2.849697943305455,654,10,4
3,1,1.3206016134058474,1.2466542874322233,-1.2138774340726801,2.58790011271195,654,10,4
4,1,1.5158678258024683,0.9756771952688009,2.961797921903237,2.7831479185106325,654,10,4
5,1,1.6057095991116743,1.5996091492183253,-2.1061193955252433,1.2027523558550104,654,10,4
6,1,1.681493156535141,1.3286694688937106,-1.2994498037281759,1.2010571459539996,654,10,4
7,1,1.688428979095108,1.230128122268951,-0.11036491640643732,0.09693753563226724,654,10,4
8,1,1.7013485979299137,1.3941349418443925,1.6851825606049884,0.3911636731199974,654,10,4
9,1,1.949082577657384,1.2578679491232125,0.16591061798584714,2.1108956372861813,654,10,4
20,1,2.4832399260154325,2.41151191427534,3.0925652333622042,2.3011653396986236,654,10,4
24,1,2.5639494359573165,1.9676442495148507,3.0230275285846844,2.3249299354924746,654,10,4
10,2,2.1323677430563173,1.3409324237950688,-2.8379647603290383,2.295273423345408,654,10,4
14,2,2.349208728235684,1.312396793636946,0.7282224414134644,0.25745136435772753,654,10,4
16,2,2.3655641180880824,1.8089403778396604,-2.728135990013731,2.386076455716953,654,10,4
26,2,2.6362881300725816,1.8999946300930228,1.3569405524719897,0.4639722803883539,654,10,4
29,2,2.723933481262688,0.8007966061876757,-2.0237893838327925,1.1445344944928013,654,10,4
38,2,2.9853284537214195,0.8750375337721555,0.3199262460520043,2.0685559505164144,654,10,4
48,2,3.1518177729119765,2.3494353389640157,3.0469506029166373,2.3582568670386994,654,10,4
51,3,3.2076055576169216,1.9832356516007288,-2.600436515598407,2.1425020000820436,654,10,4
52,3,3.212839273773839,1.8778061571909852,2.9091547020396287,2.555935031102002,654,10,4
56,3,3.245168453830818,0.5553456302413712,-1.4213050396834501,1.0107770563106813,654,10,4
61,3,3.2771071638529747,1.642674054666428,-1.0783295749464386,0.1671220995905955,654,10,4
73,3,3.4386642253210544,1.2164628864599631,0.8620371704300704,1.1394429627758231,654,10,4
78,3,3.468450903992961,2.238099247569563,3.0271815554136277,2.2422038648629514,654,10,4
96,3,3.618989245544173,0.6536612979430122,0.4892716575046273,2.6590296956768844,654,10,4
116,3,3.895129593965303,2.5092582500551743,1.2019970924277434,0.6842800479671094,654,10,4
138,4,4.040560695273978,1.7661341090433258,-2.2513203689768555,2.2810043629057626,654,10,4
144,4,4.0679696238634575,2.426249275883231,3.065359753515503,2.1338556611610953,654,10,4
157,4,4.148065401167303,1.253549574040082,-1.0617711707165998,0.6264625525222516,654,10,4
165,4,4.210867750137973,2.402853304155108,2.3741467528784566,2.529394247896438,654,10,4
177,4,4.297751087044213,2.765045794666771,2.5195153343942356,2.588198659033861,654,10,4
194,4,4.411898251915653,0.3621825686324218,0.9587969321407619,1.4436251195313083,654,10,4
199,4,4.431649368323639,1.7776062701806796,1.7594587258931393,0.5169782472936192,654,10,4
238,4,4.575775908257816,1.609711713831471,2.1891246216258176,2.3528448560493183,654,10,4
321,4,4.903092643894878,2.6555282810997793,1.3796166949668436,1.0449805791325177,654,10,4
399,5,5.245420361728113,1.7844580202198996,-0.9864075528330138,1.0958437361203663,654,10,4
410,5,5.291801362612537,0.7951658874533524,0.9284558898466047,1.1657089006244292,654,10,4
439,5,5.430556467647345,0.8769687662132003,-1.4138209649122941,1.2032380453724005,654,10,4
444,5,5.4485230841144725,1.2430723296907558,2.2218159913691142,2.3082051246629187,654,10,4
474,5,5.611246244217246,1.1017464204208118,1.8036892328371956,0.8566020391707461,654,10,4
515,5,5.927540675303392,1.3734437005041795,2.5451900081248575,2.629522880442222,654,10,4
533,5,6.070164515558054,2.006736050514825,1.6809820297424625,1.0590276999204165,654,10,4
562,5,6.301122485725692,1.887926875903964,2.024331267853459,1.1788125441276538,654,10,4
579,6,6.423180661601563,1.2380576695105192,1.9615268740688712,2.838255951536715,654,10,4
587,6,6.531715765484563,1.5786426571085506,-1.849379804818302,0.8551976321928729,654,10,4
608,6,6.836283478617494,1.7807451874018048,1.8438974117218363,1.2864473552480042,654,10,4
615,7,6.9909635091259625,1.225368438743925,1.8393780019490045,2.3802952086303404,654,10,4
638,7,7.626069961175124,1.049771154456907,-1.5901868011664386,0.5102873192192401,654,10,4
639,7,7.6577942513518105,1.2637847891251175,2.0026510379523277,1.3295124505609772,654,10,4
644,8,7.804851735409502,1.7073486226475172,1.352831123765985,2.248708231723799,654,10,4
653,8,8.656749364129263,1.085448823195065,1.3435442512818432,0.8528621042447267,654,10,4
654,8,8.710168384337756,0.795016281670802,3.091897277863182,0.9267093146868203,654,10,4
655,9,10.0,0.0,0,0,654,10,4
0,0,0.0,0.0,0,0,654,10,4
1,1,0.8622588503162743,0.6823959372683105,-0.2762568343613786,1.5775472931201926,654,10,4
5,2,1.9164643009070348,1.0533148761255255,-0.22838524022908346,2.6902694315112603,654,10,4
30,3,2.6611097734621056,1.2415950919605148,0.3630387698045184,2.527055030381205,654,10,4
105,4,3.7152172612753254,2.037134245672828,0.4111281995661309,2.8553335254559027,654,10,4
124,4,3.8443921249784307,1.6408052272257896,1.2161144485965805,2.040591210998964,654,10,4
160,4,4.224512238535414,0.9216630560768098,-1.0177910336938267,1.948231833096585,654,10,4
286,5,4.872442076231204,1.1877323114294438,1.4159097511237546,2.627478151440209,654,10,4
310,5,4.978023467582439,1.1366667258621885,-0.9031018256694184,1.9589736590071398,654,10,4
317,5,5.0023986364229245,2.244174254274503,1.7975414436560817,2.9396599992506562,654,10,4
482,6,5.773299125508201,1.8747906443882068,2.739260069974739,2.7437499481573218,654,10,4
529,6,6.088198832581054,1.3573769155980697,-2.7221982973160492,2.9112381377741174,654,10,4
543,6,6.190764098033242,0.7516121263933622,0.3078388454896999,2.9960381526584254,654,10,4
610,7,6.896519643402508,1.115288123289274,2.480172709097331,2.88617957766123,654,10,4
646,8,8.148712795606459,0.26474620871852544,0.9694598932639217,1.4485598953991108,654,10,4
653,9,8.764100578699548,0.417311697630823,2.630800359539395,2.1978448011635714,654,10,4
654,9,9.100710664951011,0.8233940482968586,1.3241772884038219,0.8409532951515942,654,10,4
655,10,10.0,0.0,0,0,654,10,4
0,0,0.0,0.0,0,0,654,10,4
3,1,1.30607448008081,0.6229197703770388,2.8884580503050095,2.054761387539683,654,10,4
15,2,2.2460594231465714,1.482682381877569,2.529856878296361,1.858418463870502,654,10,4
34,3,2.7485071300959696,1.6226085808938744,2.290627909031167,1.951815510929832,654,10,4
87,4,3.5015592550884636,2.0212151573436876,2.562075088045743,2.0926309988565643,654,10,4
113,4,3.8031261279135045,2.177984899382517,2.523109254767513,1.5846658356454235,654,10,4
142,4,3.9815591434907294,2.1249581993055413,2.066440101866759,2.280158921351472,654,10,4
155,4,4.058370405470249,1.395881575469105,2.459201630816125,1.5979436185972178,654,10,4
210,5,4.496572772398099,1.2826927238943182,2.4588981978391233,2.1023760609570674,654,10,4
248,5,4.6524038699569195,1.7329988808344274,2.8412583327701486,2.338476763637559,654,10,4
275,5,4.7575471938333305,2.3027537208927944,2.505268200061465,2.4176579478387574,654,10,4
298,5,4.859743263106273,1.773373682831302,1.9180132377396413,2.4230318795203267,654,10,4
384,5,5.211800510943173,0.9773862238018989,2.7037946656739145,1.5175819760655918,654,10,4
420,5,5.413318863991487,1.5442126043934166,1.7013628322694418,1.2118675851064633,654,10,4
425,6,5.447309007548437,2.61096088335638,2.624466762097984,2.4288230282898047,654,10,4
465,6,5.667811428131875,1.5320383599650331,2.7140925725429383,1.47284922866103,654,10,4
588,6,6.6859478004024995,0.4643770519442439,2.086966065077013,1.2467536095405376,654,10,4
579,7,6.542350616920423,1.4430100312317131,2.9891455066349493,0.9412849295723575,654,10,4
591,7,6.698082910210861,2.397190246335972,2.7403393743351083,2.150650859631781,654,10,4
614,7,7.092150407251992,0.6060344265520674,1.7874465756601032,0.5605804847746818,654,10,4
619,8,7.1582927690614,2.224989736198121,2.6628503163702804,2.121546589276183,654,10,4
640,8,7.857687375238379,0.9753203564062521,1.0685051177702602,0.08585378432213613,654,10,4
646,8,8.188435168684055,0.41276431755061477,-3.0942732305338345,0.5071193580941231,654,10,4
645,9,8.16770029020409,1.7397459458945697,2.894635742578678,1.8323726862077667,654,10,4
649,9,8.493450989639083,1.1128272449031766,-2.8999431467783072,0.363532772566557,654,10,4
651,9,8.61976087355005,1.3287437673660427,2.896044634032899,2.7373014741411534,654,10,4
654,9,9.281959180125908,0.6519541050792597,-0.6621249017651233,1.1257256268772393,654,10,4
655,10,10.0,0.0,0,0,654,10,4
0,0,0.0,0.0,0,0,654,10,4
1,1,1.299781730928815,0.8497470746492765,1.7699349983282695,1.6926357310999618,654,10,4
2,1,1.414285361365718,0.6960000187508064,2.6145979804259776,1.0071637766493462,654,10,4
3,1,1.4144635878966083,0.5986429743507334,0.2526456880309673,0.894851786465237,654,10,4
4,1,1.6014878892863416,0.8892821894755548,2.563731450140399,0.9362001582262002,654,10,4
6,1,1.7540215235262724,1.6255408766080741,-0.3418892265376136,2.7153748421129253,654,10,4
7,1,1.7737438540026418,1.3676159693819776,-1.138003754193811,2.20430963190019,654,10,4
14,1,2.147433016088216,1.215769812052428,-0.1594789349133343,2.0271060903386657,654,10,4
36,1,2.76690885781002,2.2706406772954995,2.325103851073911,1.8427877930961698,654,10,4
29,2,2.55679239788284,0.4899677429962771,-0.3983780692028341,1.139118402125373,654,10,4
30,2,2.649711494652711,1.4674625437977233,-0.17418148116336366,1.9320719134516162,654,10,4
32,2,2.658765445633774,0.9260250893960689,0.9705908262847306,1.795032819347281,654,10,4
35,2,2.7541314550828666,1.027196243497465,1.6979133945591476,1.5279178305680279,654,10,4
49,2,3.010312118459649,2.1893848864283014,2.3054979710055243,1.897322879405253,654,10,4
54,2,3.109982599572497,1.6251403955085968,-0.5747984957875191,1.940814361491988,654,10,4
71,3,3.3406212325354714,0.32622075167354464,-2.7452846868766887,1.085930120583516,654,10,4
73,3,3.3630299856038235,1.651323449081549,-0.5972800687260446,1.818663460068915,654,10,4
105,3,3.6351712496744417,1.2221485232229734,1.4876520683857313,1.6201014618900866,654,10,4
107,3,3.6886179639368253,0.9829371231477363,0.9975343662164377,1.2063522155794482,654,10,4
117,3,3.756572354490614,2.1984906970394587,2.3705009231350362,1.713444737947548,654,10,4
132,3,3.8585794863385594,1.9905022129794743,-0.8985686234121574,2.070266524525633,654,10,4
162,4,4.093522274248117,0.6848763329013793,1.2304613255928731,1.0822133416293507,654,10,4
171,4,4.178684784865293,0.7403801581171007,2.0330528586914927,0.3434828239018463,654,10,4
206,4,4.443613202865839,2.2217819329558783,2.3343720076917496,1.9672440534932283,654,10,4
228,4,4.56974838585376,2.1879800559780427,-0.3156201954240396,1.954996367945867,654,10,4
232,4,4.57890675256651,1.763403959542368,1.466768093355163,1.8186766734646131,654,10,4
235,4,4.603566899843261,2.4703383522347293,2.4140234393673303,1.7423368022095764,654,10,4
268,4,4.743767682934099,2.7524946906827124,-0.779835229984852,1.931917315913874,654,10,4
295,4,4.869950783474005,1.9155293758768404,-1.054382276884674,1.3915194769025108,654,10,4
329,4,4.969305777264044,1.318007452223679,-0.6140440344500294,1.7807305909628448,654,10,4
357,4,5.101222587818885,1.9534823091220095,-0.7088307833047451,1.9779241410930992,654,10,4
279,5,4.792752311298646,0.726738759383335,1.8569274799643196,1.4505564238306305,654,10,4
368,5,5.146971961637822,1.2941232491055672,1.715475645844646,1.3090129854598764,654,10,4
378,5,5.172178333045371,1.0042512497498393,1.3111906967311364,0.8909180170761077,654,10,4
392,5,5.2217891684102185,1.5529220823121384,1.6111432374741232,1.538068192337751,654,10,4
436,5,5.377572924048718,2.169679209953614,2.3221253028865485,1.6660269483698606,654,10,4
559,5,6.181998456533333,1.9225436019361934,-0.6419776987765515,1.63221456315516,654,10,4
548,6,6.074948111039898,2.2817706779189617,2.221947034953255,1.5387029787932625,654,10,4
563,6,6.212861914373031,1.2996144398223624,1.9731175423574079,2.101481934201173,654,10,4
589,6,6.510571408278171,1.7677481297368256,0.937169204086175,1.7016273430954534,654,10,4
599,6,6.641273821206144,1.877477056548924,-0.7960438641175493,1.5414862126805504,654,10,4
606,6,6.7518488071227525,1.1041285749047318,-0.6741330315215568,1.0186624270985722,654,10,4
626,7,7.257839716618365,1.6669856955477191,1.8862933869085425,1.6497043706309986,654,10,4
627,7,7.267531958140397,1.131489594075553,1.9691197820652375,2.2351514367042116,654,10,4
628,7,7.29261653514085,0.6453570312240714,1.7833422491699464,2.453426941266769,654,10,4
638,7,7.433774195591013,1.6356975826665667,1.0300588168864124,1.4042242805205518,654,10,4
640,7,7.445644533410728,1.7929831367304536,-1.134204847365178,1.3480379227536539,654,10,4
643,7,7.551837760262885,1.2341315526296002,-0.7311378608724723,1.5990247462159024,654,10,4
652,8,8.568077906647257,1.2082723818176262,-0.2471095185609677,1.1328874882975624,654,10,4
653,8,8.914480881767837,1.0718240695374948,2.1783056405760597,0.7716543379792372,654,10,4
654,8,9.044484028645115,0.40182130373727115,-0.3081483815397584,1.5395057611417418,654,10,4
655,9,10.0,0.0,0,0,654,10,4
0,0,0.0,0.0,0,0,654,10,4
1,1,1.0644386372604508,0.9810479494183476,1.2619889317608672,1.218878652935253,654,10,4
3,2,1.8865861363667125,1.125093444930173,1.1651502849395907,1.854611905733047,654,10,4
21,3,2.585949400279742,1.5196965720992608,1.3336437222074966,2.080280290378368,654,10,4
23,3,2.611519128091595,1.1080625315337396,1.4459891836595087,1.8848654434984358,654,10,4
86,3,3.5870967922053976,2.564224900885548,0.7753922221545249,1.6623761044631549,654,10,4
163,4,4.19340317445828,1.5734286377532047,2.6188440598749865,1.8581215637444681,654,10,4
182,4,4.338877622733253,2.1677618237999994,0.560229765506946,1.6375016225794499,654,10,4
285,4,4.86291320602483,1.8090374110028622,-2.9865303701680563,2.060071938170324,654,10,4
290,5,4.885222673668434,0.9892493196628351,2.925090966457653,1.8835372998814868,654,10,4
403,5,5.284491854747397,2.8769974145855777,0.5827868052854516,1.5999255672776895,654,10,4
426,5,5.42892563805554,2.0925883938517815,-3.0497298421410615,2.2803996394180253,654,10,4
435,6,5.47738211439973,0.8939392185166487,2.5141726616810294,2.4158310884871317,654,10,4
528,6,6.0482998061505615,2.466649036931459,0.6883895658389619,1.7895651937773887,654,10,4
530,6,6.062087777840394,2.0091606237489925,-2.804467029849282,2.502152173850301,654,10,4
537,6,6.132117772726372,1.2907016090897967,-2.920272457486366,1.91894326222216,654,10,4
584,7,6.7405178766847875,1.6501432769242061,3.0404196947195,2.396871547062237,654,10,4
588,7,6.886572711898053,1.0075919257913901,-2.7258163755011022,2.472690221302866,654,10,4
598,7,6.9845109738999644,2.2463215589247856,0.8086425147920285,1.9596380097896227,654,10,4
603,7,7.117657458235481,0.6857803300763449,0.3566637955539869,1.9558476104837803,654,10,4
607,7,7.1868745977670425,2.151412137822928,1.9236375465055953,1.825597163068884,654,10,4
609,7,7.19380212442006,1.5410222559020754,-1.1615549922293253,2.4556712127918225,654,10,4
620,7,7.331848074212338,1.5899090086522105,2.373906891701421,2.258426338590885,654,10,4
625,7,7.443737373324662,0.6245636383407129,0.6791925538056117,2.395049461470887,654,10,4
626,7,7.5092816331329315,0.7949661844542061,-2.345674742227963,1.5058311787239802,654,10,4
627,7,7.513474748250401,1.7933251417325575,1.5652012850128474,2.7612409659278785,654,10,4
629,7,7.552285858418885,1.1453994662246836,1.4944589419463294,2.1666217710266937,654,10,4
633,8,7.5914182009957685,1.1311087303263294,-2.8002030533863156,2.4936471736893395,654,10,4
635,8,7.7604246044923375,1.881688973049059,-0.8055466419107123,2.624294325915375,654,10,4
637,8,7.866140696726504,1.8540613746290502,1.8628028217431123,1.587836255570169,654,10,4
642,8,7.954568206292595,1.506991491754348,0.3559993819204578,2.0882828204859862,654,10,4
644,8,7.975885244480063,1.295389289304024,-0.12507760962290046,2.284920039979499,654,10,4
648,8,8.167241475773611,0.8167209141634905,3.042327226940184,1.8613123865776817,654,10,4
649,8,8.169770661941232,1.5881982505068644,0.8788208371313999,2.01799443504375,654,10,4
651,8,8.24363804045911,1.4896010993576478,1.828664302500673,2.9908639521159244,654,10,4
652,8,8.446482511070663,1.255597059555631,-2.5082318761204894,0.9543402628176908,654,10,4
653,8,8.50855545227834,0.5962639035883727,2.3738083331873976,1.9174051914551105,654,10,4
654,8,8.561169027550859,1.044880804994905,0.28618492753815233,1.7284355692984468,654,10,4
655,9,10.0,0.0,0,0,654,10,4
0,0,0.0,0.0,0,0,654,10,4
3,1,1.9285821317228935,0.7222728743360005,-0.9495678500309385,1.3356333889004244,654,10,4
32,2,2.856218867662499,1.3753352162422374,-0.46403529859398035,0.9177947307749925,654,10,4
106,3,3.8198200387837113,0.806792983844534,0.35180158963507524,0.5719982176173019,654,10,4
251,4,4.75675613416575,0.9164905720628743,1.63288766806648,0.37973759870334917,654,10,4
460,5,5.699990084316349,1.3890359263538983,2.043088830528541,0.9093899586708556,654,10,4
588,6,6.8006633778295535,0.8501486830498505,1.563308118246451,0.8372597771518684,654,10,4
600,7,6.995457821404258,0.8059704400701496,1.5882714705361343,0.6844396566150809,654,10,4
635,8,7.697658377126356,0.49368119253399273,1.4310701620181414,1.3398810560074184,654,10,4
639,8,7.948100460101414,0.9693825896736756,2.5883419615660395,0.5562927023514567,654,10,4
640,8,7.952737202739909,0.558170340772439,2.369402869949381,1.8851254222607774,654,10,4
650,9,8.348321936044806,0.9293947576459103,1.0467068699472193,0.9764686245098876,654,10,4
651,9,8.482084022001493,0.7572127689538338,1.0665603691992984,1.9305315692407805,654,10,4
654,9,9.084781123563623,0.34160459758060463,2.541946109792145,0.39834888292899634,654,10,4
655,10,10.0,0.0,0,0,654,10,4
0,0,0.0,0.0,0,0,654,10,4
1,1,0.8396101482552032,0.6996360500395662,-0.21433614526277517,1.6955704063869128,654,10,4
2,1,1.0090945447722788,0.811359245858625,-0.26312522622369183,0.7767490662180099,654,10,4
4,1,1.4710389818805103,0.4064708692439243,2.565828162664855,2.5920681988681573,654,10,4
8,1,1.8094899042327617,1.576344471288478,-2.218152021196171,1.1264884997986842,654,10,4
16,1,2.1740514093870877,1.4897252734202517,2.5857429429455516,1.1070466610316014,654,10,4
11,2,1.9277999666655898,0.8855990461299227,0.609638489186744,1.3854293727027926,654,10,4
20,2,2.2854354922443196,1.81951153921924,-0.5712696344601152,1.3734094216875368,654,10,4
26,2,2.4070564803880155,1.4821193132119324,-2.4979437984996538,1.2587165993166765,654,10,4
28,2,2.4572014064768775,1.9954930505932043,-0.37576602576014,1.8594684050870478,654,10,4
31,2,2.4745467548929136,1.8838068205229472,-0.4423090075667231,2.4194030079755398,654,10,4
36,2,2.606075509204513,1.8600619730453982,2.5865252277349824,1.1613453547720485,654,10,4
49,2,2.899687314643896,1.472918113993118,2.1511603327222466,1.7337687999507678,654,10,4
76,2,3.318731192892402,2.4913215134270867,0.2664394557881313,2.1130653103977295,654,10,4
58,3,3.116049280179759,2.0922663262238004,-0.32211332961710876,1.278913886894836,654,10,4
61,3,3.121281717783196,1.83911762683959,-0.606134830734068,2.295219527398787,654,10,4
72,3,3.2865787547651735,2.467225545592455,-0.10649932299809985,2.5890636678397385,654,10,4
73,3,3.2912778284401814,1.9064691438656123,-0.8570647196775819,1.4261245715763515,654,10,4
86,3,3.431762311116189,2.034885980182314,-2.345679059482848,1.6667269083919072,654,10,4
98,3,3.5525340164814145,2.3096276033967356,0.2304243784113856,2.114217600235809,654,10,4
112,3,3.640202738350573,1.4686107333269212,1.103509245403833,2.5727387473598813,654,10,4
128,3,3.790456941201439,1.4504515397534454,-2.8969348505688806,1.8403617019549134,654,10,4
174,3,4.154233189574766,2.0067363636282685,0.3915351011620134,1.7486988289543244,654,10,4
192,3,4.293576067731248,2.0884419974663633,2.3797190693430834,1.8055316194384277,654,10,4
180,4,4.209509272251967,2.0515044158582576,-0.3100720094604197,1.329572569563257,654,10,4
227,4,4.482721205888314,2.2233139092664174,0.1742574543872746,2.564283144714194,654,10,4
245,4,4.596572127270005,1.856741632248243,-0.4117257688102528,1.8869684281871262,654,10,4
280,4,4.775663694623946,1.6718570112326132,-3.0125086279039244,1.4705029642605922,654,10,4
286,4,4.802781495152403,1.979094893812404,2.5289837400928787,1.8182937623669866,654,10,4
300,4,4.854173533665294,1.8057646794060525,0.23881358856931797,1.7426143224449673,654,10,4
307,4,4.878165735839637,2.4381102451818752,1.0026642437874353,2.433681965840051,654,10,4
428,5,5.469858577999636,2.126607735759674,2.4629103558757843,1.7699235008013885,654,10,4
441,5,5.5363982043982745,2.5511716628373757,-0.5138592341169437,2.114026162910637,654,10,4
454,5,5.6155910143865695,2.754185193311446,0.6501337860494779,2.875804448185383,654,10,4
469,5,5.688083063138121,0.8426159815509868,-0.681380804715999,1.3860521063809115,654,10,4
474,5,5.734733428208071,2.753398629857004,1.1620066842146997,2.3463806943434804,654,10,4
487,5,5.796613551542103,1.2318035188308627,0.6058134916836753,1.6885041803028062,654,10,4
565,5,6.35340708651908,0.8892526139412609,2.787050201007835,1.9534255143792842,654,10,4
585,6,6.6323718597224355,2.2192027493272644,0.82266839669754,2.2678350859120786,654,10,4
589,6,6.660847291432244,1.0784155633826153,-0.21403550296410337,1.4429173181699901,654,10,4
595,6,6.727743025075718,0.9522353934541071,0.39138809820066073,2.009109442267513,654,10,4
606,6,6.897856693114518,1.342252113600728,-0.4416849298266231,2.362433110833452,654,10,4
608,6,6.900588589493893,1.0910433540591566,2.995614278378607,2.005155005668731,654,10,4
614,6,6.984966653295902,1.7811986416741372,-0.5586048803124045,3.0590571109475513,654,10,4
620,7,7.135252309708374,2.4999271543596984,0.9843738557259829,2.3275965470268534,654,10,4
623,7,7.297664777077993,0.8810524410768573,-0.27169405135973385,1.804181521521156,654,10,4
647,7,8.17477181500889,0.7595534639851452,2.2325242207498572,2.966627450124166,654,10,4
649,8,8.518843107951783,1.4641957327558615,0.4947693093727292,2.084364567099793,654,10,4
650,8,8.617888612357625,1.1446690741190224,-1.0371307842135589,1.5199223965266944,654,10,4
651,8,8.667835978352542,1.2227665893637136,-0.4591947540623733,2.1416879672788682,654,10,4
652,8,8.707059792736013,0.5759023482968303,-0.4368804497793059,1.362103181763917,654,10,4
653,8,8.759408652289203,0.7311840162082559,-0.16674903475403594,2.6012912003674864,654,10,4
654,8,8.882006770053088,0.3294225603413076,-1.589904188147667,0.682293506801662,654,10,4
655,9,10.0,0.0,0,0,654,10,4
0,0,0.0,0.0,0,0,654,10,4
1,1,1.0904548486778276,1.0006883536893143,-0.7676083149475892,1.603241835767186,654,10,4
2,1,1.2175474451518664,1.134139595546164,-1.4833360160775353,1.3616515875891257,654,10,4
3,1,1.224095615795483,0.3405446769171263,-0.1635679543877603,0.6736654164042957,654,10,4
4,1,1.4472297251521826,0.5530014920840531,-2.53750372641097,2.913254896133824,654,10,4
9,1,1.9917446482607615,1.9486123462508593,-1.5754116813493377,2.3734364567240935,654,10,4
10,2,2.007144798087035,1.4437958062391651,-1.8616347401719222,1.692501563936362,654,10,4
12,2,2.099264779564245,1.5496708677110844,-0.24497345557454933,1.754676648250837,654,10,4
17,2,2.4207735300089404,1.5353537256081382,-1.264402083934001,1.3363160045293485,654,10,4
18,2,2.455069694921458,1.5377406693023232,-1.6984653905974103,2.122705039400478,654,10,4
21,2,2.5544819096851823,2.0704796491810415,-0.95389722429101,1.8041685268868308,654,10,4
23,2,2.5743517949624484,0.6994072634467737,-1.1668259514903687,1.7505708074468722,654,10,4
24,2,2.6057096445624515,1.5681610607357652,-0.4856489484830123,0.12370003955772851,654,10,4
34,2,2.999283471355365,1.4962464070757484,3.119708327667957,1.8428787194344902,654,10,4
49,2,3.3248680931919194,2.3719647822646843,-1.1473811817020334,2.375827285988267,654,10,4
31,3,2.8369754198412167,1.6046058893071256,-0.6658370215793807,1.7625515523549211,654,10,4
36,3,3.0778515275179386,1.9907189036624247,-0.05726603931741023,1.3745677996806163,654,10,4
41,3,3.1550785908963497,1.9359384557058341,-1.270538618202278,1.8468677685715993,654,10,4
47,3,3.2977216447440947,1.1985027229949046,0.9446499571485173,0.3933641251978499,654,10,4
56,3,3.423827876290768,1.4435481871999165,-1.6991296929733344,2.159382709663583,654,10,4
63,3,3.5184679259139715,1.6359461682579672,-2.3314452564176604,2.1383580775841393,654,10,4
65,3,3.536569131493205,1.2294863098087918,3.0660809357813057,1.5403902276200179,654,10,4
68,3,3.5483266602285637,2.2409603496350856,-2.305894231933599,1.7394148216898744,654,10,4
87,3,3.6621526824413264,1.2998745685854904,-2.9763890259927863,1.0275181474671182,654,10,4
92,3,3.704565615246591,1.8185934145488358,-1.7760055942191417,0.6981298518468039,654,10,4
101,3,3.801507865036137,0.5812836441113891,2.5254607643238507,0.5202845689549741,654,10,4
102,3,3.8075639983391154,2.7983027135675353,-2.3530053277104903,1.5858623092630812,654,10,4
107,3,3.8527428340066514,0.9766968219662399,-2.9957881889085884,0.4538038289071146,654,10,4
122,3,3.933440385685288,2.034354597453003,-1.223135754908672,2.2659269569560117,654,10,4
172,4,4.250010063399843,1.723666172090196,-1.965174044319199,1.9167541802935257,654,10,4
173,4,4.259400914837094,1.3389142437856503,2.5205906306567627,1.474471316973142,654,10,4
185,4,4.305695658842168,1.2391500332193324,-0.05033015513143891,1.3327844008682812,654,10,4
237,4,4.565783490429791,1.8936013759024841,-2.2654314346659694,0.576313271636615,654,10,4
244,4,4.588483798699992,2.1733480329396833,-1.642502813608719,1.921217920782718,654,10,4
261,4,4.714866134351606,1.6505878817733772,-0.5986101526506702,1.8813655272307819,654,10,4
269,4,4.7334203872641805,2.0945772771496864,-2.482903955027325,1.5144558076809014,654,10,4
275,4,4.753267724135761,1.4745953949133355,-0.9231555231235049,2.1342043693908384,654,10,4
345,4,5.045993340266489,1.6396639291426076,3.0144860461522813,0.7391722210969013,654,10,4
293,5,4.835584207091733,2.0956910882611166,-1.5806374751345322,1.8762936417101304,654,10,4
375,5,5.154833632283226,1.5840678678996967,2.5113081901947063,1.3036521006393416,654,10,4
378,5,5.173473500055039,1.4105510001611357,2.2395070145829252,0.8950773080170219,654,10,4
384,5,5.195005724868386,0.9105769589657263,2.6575060470614686,2.2322032370505682,654,10,4
397,5,5.2492419510466535,1.7077240947392789,-2.7054157684736095,0.3482953847538511,654,10,4
415,5,5.32177570200637,0.9588242125921927,0.3118191765070339,1.932741259603557,654,10,4
428,5,5.397716668471072,1.342408480736682,-0.46404617516653696,2.0130394924435278,654,10,4
429,5,5.398236193079756,1.7127991058255567,2.918588048494564,0.6739821165784505,654,10,4
467,5,5.629919495803586,2.0951083502092214,-1.8706788852847698,2.4178150508577843,654,10,4
486,5,5.7328879537565856,1.6066415065406476,-2.2105883861864855,1.7253438015774198,654,10,4
495,6,5.76763597501497,1.5892571906443405,2.254063700108822,1.5389324453989974,654,10,4
522,6,5.927038512293837,1.0517807467097084,0.45033258132801984,2.3429937291902343,654,10,4
532,6,5.993607884570217,1.9695950740004917,2.39633220982617,1.4571959154360905,654,10,4
537,6,6.060282697288227,1.0046457629702423,1.9615730505997508,1.369404354432202,654,10,4
542,6,6.09164976617496,2.792032965089256,-1.7856035057671482,1.7637205100659437,654,10,4
560,6,6.188243146264506,2.606455161126309,-1.5143716291125966,1.5663320161224983,654,10,4
566,6,6.211082651601715,1.127068632382832,0.00028122246279616416,1.4119834706556804,654,10,4
580,6,6.303531028141492,1.5304119759012353,-0.9090433498863532,1.8411090863157873,654,10,4
581,6,6.311752885698267,0.4807932770699298,0.3647367960910605,1.8554810432978164,654,10,4
600,6,6.587028420248897,2.601367147282236,-1.7733436439210732,1.551754451513145,654,10,4
603,6,6.613653646036651,1.0783614474101424,-2.6434944556366595,0.9811044701766382,654,10,4
623,6,6.932058676557266,1.5860238648495322,-2.077700868040587,1.7766420591440555,654,10,4
608,7,6.72891007923139,2.3637415333854954,-1.4346297477391525,1.536959824002101,654,10,4
619,7,6.867536049031774,0.5304346081115201,0.019335047109645224,2.161963061606424,654,10,4
625,7,6.960120470411413,0.5759840143508264,-0.20963741464206515,1.4768757502687626,654,10,4
626,7,6.969984511146422,0.9503491881048539,0.22052179583638884,1.9802054570858163,654,10,4
631,7,7.117079292563679,1.9271627789054604,2.1620910799191533,1.7503283267441008,654,10,4
634,7,7.212263726203508,0.9092316685086452,0.8812257979866368,1.7653232845230808,654,10,4
643,7,7.63205139847476,0.7056547081664929,1.612814828373209,0.9458251989111504,654,10,4
651,7,8.152801755607062,1.4060019477773984,-2.0335929887854416,1.5475514486653554,654,10,4
652,8,8.261940328891287,1.6777616315443291,2.468749227659934,1.6108552240886735,654,10,4
653,8,8.35820837232966,1.5797872979597967,-2.054623780225595,1.4833346662839806,654,10,4
654,8,8.557468893446629,1.1740358509329516,1.343093517612005,1.7228160147471747,654,10,4
655,9,10.0,0.0,0,0,654,10,4
0,0,0.0,0.0,0,0,654,10,4
1,1,1.0914810934571628,1.0123789809052148,0.1374039543080711,2.2962937559894963,654,10,4
4,1,1.7063040925472972,1.473889052053034,1.6695930055972343,2.0510151512305095,654,10,4
8,2,2.072595594106148,1.6996127598916417,0.4961805222866687,2.113869350909576,654,10,4
12,2,2.253071096912426,0.8603747655447124,-0.27459020513592636,2.421336745252264,654,10,4
19,2,2.480188422284091,2.1690702516573896,1.4832283051645099,2.1325336062276,654,10,4
33,2,2.9260764284251826,2.4536200033511166,-0.7863996675163998,2.601585540406102,654,10,4
54,2,3.2172842932577184,2.1212410475400754,0.9948007118582396,1.2751844980473293,654,10,4
43,3,3.0945767004257876,2.408166378846227,-0.6976417098530103,2.576032021972413,654,10,4
47,3,3.1479799103966344,1.6428240441318749,-0.3090847073388998,2.5505514292751936,654,10,4
60,3,3.3043980140278686,1.2262543507765387,-1.7943180635349505,2.8666122738225335,654,10,4
63,3,3.3480560830369157,1.3884334853208373,0.9243004795872896,2.4278417189099417,654,10,4
84,3,3.5818756470713407,2.5307220015028076,0.3185953918234297,2.1366152839933674,654,10,4
91,3,3.6425336242163375,2.126177118813027,1.0733191678108764,2.1346010533772013,654,10,4
104,3,3.7170118206579215,1.677456911794439,0.21933599819845187,1.2806000582786194,654,10,4
110,3,3.7760800453600316,2.9242736826755165,0.42507348353123936,2.121977933844808,654,10,4
112,3,3.780788344689606,2.547115548372917,0.8451978645447981,2.095084107464744,654,10,4
121,3,3.8573434979348296,2.4350977577551203,0.8143967990279879,1.475265140148076,654,10,4
132,3,3.9262254120973292,2.355469191091262,0.888975615077952,1.6594953481322718,654,10,4
151,3,4.0422420554068905,1.5653338104529024,0.898018925639114,1.5096347403519057,654,10,4
135,4,3.9597079147040293,2.45610916677731,-0.01337471866110046,2.657245620474407,654,10,4
157,4,4.063946030569811,3.06360199292013,-0.662063892375703,2.837467014895532,654,10,4
192,4,4.250777677432492,1.8958147195106168,-1.4037845573101686,2.65201311089942,654,10,4
254,4,4.595494994213779,2.46557344532738,0.6826941569912233,2.0710049824481422,654,10,4
280,4,4.747835257308896,2.6148222821126446,1.0291226008390457,1.8236153157264692,654,10,4
343,4,4.992284547658768,1.842097355219573,0.4910181693231858,1.700363079266237,654,10,4
205,5,4.3000034533499845,3.1790055324184507,-0.6651588696283458,2.7750031866706517,654,10,4
458,5,5.546396678504308,1.6339452612039373,-0.10762735776768441,2.5737552179670384,654,10,4
499,5,5.856190414120226,1.8012306860347627,0.7880179911848731,2.0327089831844325,654,10,4
410,6,5.298665931459298,3.8645717396681847,-0.5632125971738866,2.6673559649222813,654,10,4
522,6,6.047291575541598,3.0386710430842943,-0.22235376788339845,2.695498010565449,654,10,4
542,6,6.201102400274964,1.7313143035150238,-0.71263597042146,2.7684125092961813,654,10,4
577,6,6.5091178210148435,2.106566974046224,0.8728703319302006,1.9008607964904258,654,10,4
616,7,7.155320263631168,1.8614283175195814,-1.0848742687699076,2.3616930171483665,654,10,4
629,7,7.513809954135066,2.0644114727249927,1.1733578117710062,1.8858444523024191,654,10,4
631,7,7.520128011037257,2.1644845103740016,-0.7478006662035741,2.7724531853330827,654,10,4
650,8,8.31542740117726,1.4603489049053153,0.9768299165915648,1.9089714936587057,654,10,4
651,8,8.512199056519952,0.9158021985609435,-1.638650639601751,2.2262662122547336,654,10,4
654,8,9.059151001934659,0.879008599604561,-0.5473288402552967,2.445228681573053,654,10,4
655,9,10.0,0.0,0,0,654,10,4
0,0,0.0,0.0,0,0,654,10,4
1,1,0.5530350488464397,0.3018375688002834,2.6694844357998617,2.086418144544635,654,10,4
2,1,1.1012704611415047,0.9450840271600828,2.259619048342322,1.741117762488346,654,10,4
9,1,1.8788468655388235,1.7155184875760237,1.89968621147778,1.284794612736769,654,10,4
5,2,1.504374871208538,0.7636551874632369,-1.8554262591182695,1.7179505909562247,654,10,4
8,2,1.8734563171637286,0.4979772571907639,-2.7073967212367394,2.460904179675882,654,10,4
13,2,2.294215435952629,1.7417754349225778,1.8764857637277157,1.1637375636074427,654,10,4
20,2,2.477115276504176,1.676782753560292,2.393843569305828,2.8675595577643134,654,10,4
48,3,2.9073494187451168,1.2679967976638322,-1.5895831978515376,1.0119147802797368,654,10,4
55,3,3.0466648767211613,2.2410523302626317,1.9923626875409233,1.0711266075120294,654,10,4
81,3,3.470173853717049,1.5175867445483355,2.9177482677057562,2.4308692139329535,654,10,4
82,4,3.4763486014753466,1.3263276691323747,-2.0044250607139533,0.8401369815318394,654,10,4
105,4,3.7516243818144956,1.7006973880635157,2.0548780839430654,1.266454932318662,654,10,4
145,4,4.042183730646482,1.5176177214260531,3.057834474934705,2.5609347078156275,654,10,4
146,5,4.046494113796322,1.5427025422065808,-1.5306530934348734,0.8023688309054302,654,10,4
247,5,4.525248605883436,1.388112470937864,2.6466421564435945,2.5863940398488525,654,10,4
313,5,4.798313410321249,1.7463931019403296,2.6128547609424424,1.0792689727179776,654,10,4
395,6,5.164762307569739,1.014069072801444,-2.001367042916119,0.5779101837937601,654,10,4
524,6,5.941625919422665,1.5382003388208305,3.0164298993386716,1.6382965470943014,654,10,4
534,7,6.014853578143978,0.8588617809197161,-1.1586079481155702,0.9177978603604426,654,10,4
575,7,6.409543962276159,1.297705822697075,-3.0886254117509133,1.4562587327922676,654,10,4
626,8,7.16565039797863,1.2403041569065114,-2.2459396338985242,0.714250040336097,654,10,4
634,8,7.5598806761105655,0.7637663720569425,-2.3587331311244926,2.2771631668183097,654,10,4
642,9,7.899428603870828,1.3228630330291828,-2.7619971391179616,0.7746081570140342,654,10,4
651,9,8.300099143304195,0.686590882595779,-2.888576816069497,1.3906956243541562,654,10,4
654,10,9.313955648635787,0.3887105830669907,-0.1002418465563274,0.7450882568100343,654,10,4
655,11,10.0,0.0,0,0,654,10,4
0,0,0.0,0.0,0,0,654,10,4
1,1,1.2473088566006107,1.0819227686434856,-2.2976146638664834,1.5081115172713657,654,10,4
10,2,2.0982401156322728,1.2251857880208974,-1.960992189285179,1.520930420877168,654,10,4
16,2,2.3222813161419795,1.9364905618040351,-2.5615034764187508,1.6214079864271218,654,10,4
17,2,2.3249085070935225,1.6823190178357499,-2.0293089625553566,1.8473554008097122,654,10,4
31,2,2.610854222444349,1.7724542292259677,-2.6162711794088294,1.022915085165467,654,10,4
34,2,2.699791349923404,1.9315556743157174,-1.5931991630837519,1.2364998230127089,654,10,4
41,2,2.754571832248447,1.3695993056557259,-2.6679996916976685,1.4700581188173794,654,10,4
43,2,2.7883140126969397,1.9314853172850568,-2.4353794584682147,1.2901812991235309,654,10,4
92,3,3.3952397769326117,1.939952747840622,-1.4369980191025056,0.993781912818519,654,10,4
123,3,3.7619448739103944,2.065666152788622,-2.4950358601273614,1.3914958669390733,654,10,4
226,4,4.506968237463167,1.3954167753334636,-2.056892902551964,0.8225795899417748,654,10,4
282,4,4.749485566183856,2.254935493192123,-2.068601344034187,1.2468442388481709,654,10,4
444,5,5.413571892923792,2.1543001801596855,-2.020374810996157,1.0694039819009118,654,10,4
523,6,5.934122193784131,2.005441529950393,-1.828568472673121,0.9310664401002333,654,10,4
567,7,6.287100805269903,1.8170037332614923,-1.6940593019972556,0.9553588006691646,654,10,4
628,8,7.16521617694987,1.1074774951972006,-1.5773430280984089,0.947386759655657,654,10,4
644,9,7.799359521509576,1.3080085129710914,-1.75460288515863,0.8654087974362442,654,10,4
650,9,8.259420537960663,1.6367094553049595,-2.182423660074927,0.8861686276334269,654,10,4
652,9,8.498185975216533,1.0242066509600332,-0.44743549551355805,0.5609131192892833,654,10,4
655,10,10.0,0.0,0,0,654,10,4
0,0,0.0,0.0,0,0,654,10,4
1,1,1.1062532430167127,0.997790878238772,-0.16744498075913708,2.6746954572586903,654,10,4
2,1,1.2006776041443656,0.9882215527986866,-0.7381476545079406,1.9860943189974956,654,10,4
4,1,1.6330995608424337,0.5802758827127641,-2.634503362758886,1.3587776093120616,654,10,4
7,2,1.7577813012559018,0.995958869618837,-0.7115562377023341,1.6831999221928835,654,10,4
12,2,2.0360924376123357,1.107139080811661,3.1360703525399667,2.8959426794074887,654,10,4
18,2,2.2611504124621593,0.7363604247854724,-1.892323990466177,0.8189060725313636,654,10,4
33,3,2.70729688860452,0.9666152117360811,-2.903920779043358,2.318971799983628,654,10,4
40,3,2.878699772750756,1.3554784198285081,-1.5055023719853737,2.185894250261459,654,10,4
54,3,3.1978892483875008,0.6407433364216072,-2.0557658410891086,2.018017152815504,654,10,4
188,4,4.384511602648406,1.449879058066052,-2.542248723458418,1.7588434739227723,654,10,4
227,5,4.56939212761691,1.6149893850194315,-2.5945892524343863,1.7574225172129387,654,10,4
442,6,5.422953237943901,2.013182762850312,-2.7783617993622896,1.887099603744422,654,10,4
578,7,6.421373063824394,1.4512058163651225,-2.7154755441433642,2.172604793555849,654,10,4
626,8,7.17106592441704,1.1788152698837664,-2.5562714551845827,1.917588201714063,654,10,4
646,9,8.141535058904749,1.0460092508596261,-2.0309664987981435,1.3811568741857654,654,10,4
652,10,8.621117694242317,1.2376050296095786,-2.243905757521566,1.3992745402528368,654,10,4
653,10,8.651072250295073,1.3116574547459405,-1.7037031008022063,1.2692605816134201,654,10,4
654,10,8.799012523411754,0.9754940435195333,-2.078736182525709,0.9094516858384964,654,10,4
655,11,10.0,0.0,0,0,654,10,4
0,0,0.0,0.0,0,0,654,10,4
1,1,1.5835445122729475,1.3682058170337124,-0.1148684719667027,1.1915856427887452,654,10,4
2,1,1.6476126363426713,1.153727549282817,-1.5904035960317335,1.3204416824775562,654,10,4
4,1,1.816922870694112,1.8040070090429405,2.503927722398474,2.0517104317701147,654,10,4
5,1,1.848376018005513,1.6936030931317132,1.4576858674117132,1.8309215197731181,654,10,4
6,1,1.8870325537288746,1.2009695016745254,-1.032197820962488,0.45746188686266676,654,10,4
8,1,2.0657104162541797,1.6491342797795396,-0.7239789264254094,1.9326516292034588,654,10,4
9,1,2.1105007353951297,1.3337411535312178,2.022878958966399,1.3760119270319997,654,10,4
13,1,2.262136002245297,1.7400513239738953,1.323930960190351,0.5865152079331426,654,10,4
14,1,2.3113021507877827,2.247740362305338,-1.0931964883393663,1.0658927337085402,654,10,4
15,1,2.37386145936708,1.8634402971182018,-0.34061041998533814,2.3356307742526523,654,10,4
17,1,2.521350056017165,1.9714218400607801,3.0585957673555773,1.6953420745705923,654,10,4
20,1,2.6007754193338926,2.5469641736533566,0.5668141929927417,0.4045650614272185,654,10,4
23,1,2.7182275870886405,2.1963463585158465,-0.972822662099164,2.036544152733314,654,10,4
26,1,2.772303075787006,2.4997550670617223,-0.7195423175977878,0.3394764894907383,654,10,4
29,1,2.810631991589858,2.7244293517379212,-0.6017662855626634,0.3353109611273522,654,10,4
21,2,2.622448555734241,1.4143118516127873,-1.9138407676159368,0.8542563394458688,654,10,4
24,2,2.722074220302284,1.7126248405117876,2.4675675390393077,1.5712919611217422,654,10,4
28,2,2.8066252079226284,1.7678215659363308,0.1747352142223515,1.0124124480230139,654,10,4
38,2,3.0050891839440332,2.231131511904115,2.963770836349141,1.6773626901974674,654,10,4
39,2,3.0252630233136246,1.792529631681722,-0.38747645780267614,2.503441131652251,654,10,4
43,2,3.0863448445835875,2.3678419134574082,-1.0739836325907086,2.0739423318502737,654,10,4
45,2,3.14784665287708,1.3717842917432947,-2.0419837817220015,0.4014150634303114,654,10,4
46,2,3.1549054486510855,2.4782321811890387,-0.780448064774321,1.9241785537653222,654,10,4
48,2,3.2022930836676453,1.424552549283322,2.159024801633582,0.8894511751764207,654,10,4
49,2,3.2027309560437214,1.3194427513821374,-0.057120490870856175,2.568425972926852,654,10,4
50,2,3.217506244031292,1.5959867848263392,-0.37818535834720857,0.8466407626471261,654,10,4
61,2,3.369520484424582,1.8116556920833518,-1.051461113245128,1.226147801118358,654,10,4
66,2,3.422596024687711,2.702967867815279,-0.12357621368460174,2.116310357684011,654,10,4
70,2,3.4601427893943795,1.6954752742152355,0.2155691300742542,0.540382950072738,654,10,4
72,2,3.490982000087519,2.916381234332047,2.3308108280764586,2.102033388868782,654,10,4
80,2,3.5801511951403677,1.7251923290344509,0.8188521791105812,2.6161965557568108,654,10,4
82,2,3.64849208916337,2.747849879916415,-0.4771069880454826,0.2919011775957167,654,10,4
91,3,3.7353919579095587,1.8678025118062827,0.36858005748298495,1.1754116783165478,654,10,4
95,3,3.751448821319956,1.9234467663792376,-2.066730471424715,0.9162369572485294,654,10,4
100,3,3.7773243087776143,2.011740438430434,-0.8637908111077602,1.2171621759566928,654,10,4
106,3,3.802048238817568,2.5887964825635894,-1.0652509075069778,2.2733013397866504,654,10,4
115,3,3.859702989798963,2.1466775759856978,-1.2928928331832392,1.8683362871650178,654,10,4
116,3,3.8752270849752035,2.937466609224696,2.4278063623646053,2.094946352023101,654,10,4
122,3,3.928676931287268,2.2322284493113553,-1.210124667055544,1.1670000637584454,654,10,4
136,3,4.07369103632362,2.5267975138835617,-0.8061944247082551,0.3783309588496775,654,10,4
138,3,4.0742354917922405,1.8757226729522551,-0.24494203824238034,0.8012676572032524,654,10,4
143,3,4.095634774734017,1.7864041561671917,2.3648920778596265,1.3145658766136248,654,10,4
151,3,4.185392761923388,2.727664226859449,-1.011100027688755,2.045647568307242,654,10,4
157,3,4.205625849068454,2.1075321652957206,3.1024406442657506,1.1467770048853847,654,10,4
161,3,4.220621142177129,2.500503322403287,0.18527460474338778,2.8078444471449413,654,10,4
164,3,4.23348884946364,1.6443558226225008,-1.5764842079209576,0.8002102806252364,654,10,4
165,3,4.240232754221344,2.586473174654978,-0.1351519074646003,0.7163624538604867,654,10,4
177,3,4.291431651702685,2.2130446247474533,-0.9958165849912263,1.0229736961379667,654,10,4
187,3,4.333878982420058,1.323124805541889,1.6382004012998677,2.6603294307496426,654,10,4
204,3,4.411425394948551,2.5524899198942133,-0.41092250273434716,1.2334836343413491,654,10,4
206,3,4.430653762852865,1.5110964776622384,-0.3881830341751968,0.4687075356515834,654,10,4
210,3,4.440527619764044,3.3008949227535997,-0.21377565783215643,2.2715876826903516,654,10,4
220,4,4.539549086129692,2.0464981947253893,-2.446812671762166,0.9080272602993216,654,10,4
236,4,4.602576968317848,2.088216002553928,0.7618648894368151,1.1792424847729965,654,10,4
237,4,4.6056794648716,2.317447020914614,-0.7258656877712454,1.5455603321565043,654,10,4
242,4,4.641209233739778,2.9477838755489993,-1.0266722260621908,2.158376298397663,654,10,4
250,4,4.6768214883955,2.636390056949659,2.3676623134835095,2.3375641552501674,654,10,4
291,4,4.8824774312602095,3.110132392211434,2.1705475769507343,1.8670876641739045,654,10,4
297,4,4.90181020670313,1.8770352231076195,-1.3566812064778777,1.6870839975335883,654,10,4
331,4,5.029064968644582,2.129301366002167,2.311313804415831,1.4058933758345638,654,10,4
387,4,5.273520542002515,3.0211902592916564,-0.2418878237762011,1.1370647063070876,654,10,4
403,4,5.336013709559028,1.6083322597264411,-0.7560559282472564,0.7602603434991485,654,10,4
411,4,5.35762610733982,1.8286460025342464,-0.5702425038727365,2.6741445558265227,654,10,4
414,4,5.378944802835389,1.8826986834552562,-0.36588514020916124,0.794526184210205,654,10,4
418,4,5.401680364024438,1.756896406867581,2.751766080246622,1.2821778693799326,654,10,4
429,4,5.4662737216830735,3.0686164585290645,-0.479042397334052,2.450968353154029,654,10,4
437,4,5.516266186130957,1.0836905100818826,-1.4016618467985786,2.636176225532514,654,10,4
485,4,5.797436713204024,2.782439710435634,-0.8873113044189354,2.7476497982909986,654,10,4
428,5,5.45553574328781,1.2842405720342864,-2.3953526298626775,1.0621218918756026,654,10,4
445,5,5.572665559559805,2.9508216818383177,0.6978913834399787,1.174293811536577,654,10,4
446,5,5.572851226017514,2.291863707623661,-0.4697830642485398,1.672760883230646,654,10,4
456,5,5.635668286539474,3.699837433633468,-0.8836748568119466,2.217263194453387,654,10,4
463,5,5.669162115761197,2.259711522597985,-0.7241780197032279,2.036867459663969,654,10,4
484,5,5.790698852547155,2.332754618622467,0.6064832093473653,1.0960384554708473,654,10,4
498,5,5.906185590569858,2.9683799489149854,1.9798062172723327,2.250240870711285,654,10,4
499,5,5.906984023444818,1.6486240731984678,0.731802836735897,1.6611788965118257,654,10,4
505,5,5.9299559142005975,1.8197450580450238,-0.7946935262480916,2.025818138046829,654,10,4
512,5,5.951825092143367,2.3136560903345127,-2.746110801828121,0.6215681987166135,654,10,4
515,5,5.9661199842819626,1.8041484690780827,-1.5305012403970821,1.7136539519230993,654,10,4
530,5,6.110873218432938,2.716601983316204,-0.7094345833025295,2.4935793042604795,654,10,4
542,5,6.211691659028604,2.1830662679233717,-0.28477875928694113,1.0297000083849812,654,10,4
555,5,6.344256435266017,1.6591162115555167,-0.7157225089856296,2.734818825952504,654,10,4
561,5,6.39679094847902,2.4837701520473496,-0.5205851549902015,2.672428806066303,654,10,4
563,5,6.401813514582596,1.4707461229605028,-1.1905255217751332,1.5201375283308327,654,10,4
567,5,6.427275113070888,2.5977142349524076,2.8683323093724553,1.231670072519006,654,10,4
572,5,6.456621427402151,1.1833409474254222,2.2837681651860744,2.213360406044374,654,10,4
578,5,6.551467386130815,1.2664414060353009,-0.964471104125192,0.8482270110875366,654,10,4
580,5,6.564535642497824,1.9061887327904108,2.2696161853294496,1.617281716871218,654,10,4
597,5,6.751871836958266,2.28386655436064,2.97205176059956,1.2851332012392183,654,10,4
548,6,6.271911908894063,1.860156771984944,-2.4807194223562514,1.1677892778077652,654,10,4
579,6,6.556345440070135,2.340171257347936,-0.1694468363207388,1.4589494520532438,654,10,4
598,6,6.755731908074528,2.1671443483407433,-0.5228651179011646,1.3554785412501542,654,10,4
604,6,6.804966411749742,2.8039484544998174,-0.5599496085040537,1.2846573227065998,654,10,4
611,6,6.890377714190981,0.8556117273985476,-2.874992496456053,1.3325409527966636,654,10,4
613,6,6.969302492605585,1.3439067945392111,-1.3738674263838482,0.9174372299338793,654,10,4
617,6,7.098005244829588,2.3336355786071805,-0.0033918182750965766,1.2695054273120103,654,10,4
618,6,7.130026529419926,1.4342774143496426,2.506179384166609,0.956577983586074,654,10,4
619,6,7.189574330554825,1.945800206067278,2.4417419219145162,0.46492203146192035,654,10,4
620,6,7.19018036268988,2.677021701410363,-0.6378679103455821,1.14339590929854,654,10,4
621,6,7.193563348534006,1.9033932597772905,0.45121342343439697,1.2100476245611502,654,10,4
622,6,7.198431057458421,2.2674022389777617,2.9464982237167336,1.4268533743199034,654,10,4
625,6,7.2610357473539615,1.5041000337152086,-0.07943038210349221,0.8397490457738102,654,10,4
626,6,7.273184591427211,2.2894850278162933,-0.6836830679092748,2.4123439650722713,654,10,4
627,6,7.27630790719422,1.3648430518661823,-1.0306051240551959,1.1398704151875751,654,10,4
632,6,7.399194848044944,0.8168559778417109,-2.0683927222730865,1.3573869904777822,654,10,4
634,6,7.489821469067167,1.2442462512377996,2.4109623100972186,2.0728302892258625,654,10,4
635,6,7.513893974432238,1.5082764488112144,0.9859639384092722,1.4046968907432094,654,10,4
639,6,7.611962559691837,1.481629727731124,2.2582813736292153,2.056228880377403,654,10,4
641,6,7.795656549998461,1.4430369104784382,1.672398459955238,2.4096777180135285,654,10,4
643,7,7.814833160634901,1.834811470036857,-0.24024241626803128,1.229416597652432,654,10,4
644,7,7.851659408284622,2.0984252934788956,3.102176368367072,1.577566677489863,654,10,4
646,7,8.170363375616196,1.7925662290162774,-2.8737869282671418,1.73025655331325,654,10,4
647,7,8.303179286450312,1.3222676494126486,3.06798009006567,0.3571312191465482,654,10,4
648,7,8.305622989383716,1.6822358004818796,-0.8035577948447566,1.2788968762608712,654,10,4
649,7,8.39975834217049,1.527199945234033,2.066127422171307,1.8470054277803247,654,10,4
650,7,8.450118917365643,1.2974957185125195,-0.7815974274325227,2.2533621654988547,654,10,4
651,7,8.57666755199713,1.2318691295938797,-2.1587564803116246,1.197152514022838,654,10,4
652,7,8.628266463637571,0.7001219019401014,-1.4168043411801245,1.5157265962478337,654,10,4
653,7,8.682883110844571,1.0711965793447005,1.8418589496808957,0.9561020519295901,654,10,4
654,7,9.09361377024701,0.2739377137932739,1.6599976354964965,1.7740956694745325,654,10,4
655,8,10.0,0.0,0,0,654,10,4
0,0,0.0,0.0,0,0,654,10,4
1,1,1.1811143349803055,0.364148717031142,-0.2148126431450184,2.4449765170756863,654,10,4
13,2,2.2680803936993854,1.0124471683222007,0.6052125659563696,1.0508861663044995,654,10,4
53,3,3.261296009607136,1.753708011716736,1.0602045542316039,1.2127888183724593,654,10,4
102,4,3.7054658723743117,1.4665464283126113,1.0899498825570466,1.3337191776695079,654,10,4
233,5,4.506090254455639,1.0071856120748852,1.0370450132816633,1.7097642857748931,654,10,4
480,6,5.672686516581242,1.600381218526767,0.6492232517554765,2.3086826566573055,654,10,4
599,7,6.716624831748627,0.7514201702440353,0.8147586254609652,1.823051000048128,654,10,4
644,8,7.884784243938987,0.4712273177768913,-0.47148878435327723,2.035040810573379,654,10,4
653,9,8.563060223193673,0.5995499487771672,-2.0871495345640128,2.6524261072764923,654,10,4
654,9,8.824991033351532,0.7586074573804448,1.1454510451546958,1.5091016965377526,654,10,4
655,10,10.0,0.0,0,0,654,10,4
0,0,0.0,0.0,0,0,654,10,4
1,1,0.3912247576983474,0.36900635065382137,0.05330693051317559,1.7805898384042944,654,10,4
2,1,1.2275282685961686,0.8933981838824367,-2.6228433087616767,1.4108836450664908,654,10,4
3,2,1.273011904012189,0.8005828858430456,-0.9241859339089099,1.8056954755744719,654,10,4
5,2,1.4541059217839403,0.7765395509759699,-2.1542858152254802,2.493349686092785,654,10,4
12,2,2.049187063436838,0.619136234909656,-2.5169603425715965,1.1297879454075033,654,10,4
14,3,2.069184812201682,0.8374619499833033,-0.19078510606680665,2.2387908761391793,654,10,4
17,3,2.138368224282697,1.4001687785726766,-1.201840309996194,1.8719716707321736,654,10,4
21,3,2.433182553314847,0.2994172865460145,-2.2009429991551928,0.26569338590899255,654,10,4
36,3,2.76624922082327,0.7163800544106752,-2.906044483251069,1.9429520714277988,654,10,4
48,3,2.935299840640636,1.018870420117376,2.496669691074569,2.4355194909676063,654,10,4
71,4,3.28887602611685,1.2607931755908328,-0.7749864987295744,1.7305607757014267,654,10,4
84,4,3.5706346696952416,1.2086217383611193,1.6607977380757466,0.7627735390483805,654,10,4
94,4,3.6436056587204426,1.4702666877443085,-2.8401352696703777,1.6924071433033048,654,10,4
226,4,4.611705774149282,1.540836822951044,1.573356993315302,1.879713613742103,654,10,4
135,5,3.996665268338363,1.630893241834701,-0.6849460189445645,2.0877236793691085,654,10,4
172,5,4.246984723530644,1.2525678695368423,-2.614679595706676,1.510512024829108,654,10,4
319,5,5.073147684113264,1.3206416966272765,1.5977574539564228,1.8514001131576383,654,10,4
219,6,4.57335671408134,1.8500393611246835,-0.9284881230962225,2.1715219661314413,654,10,4
332,6,5.108991966432773,2.1632346016084245,-0.8592020158687163,1.626250277781921,654,10,4
433,6,5.503573507073729,2.2017123056742975,-2.430975342420505,1.3576776134539201,654,10,4
439,6,5.522060319517868,1.8643912447239601,-1.7197002430151824,2.2942384418720594,654,10,4
462,6,5.614245071786698,1.4500380162976596,-2.2361330000482598,1.158073316263653,654,10,4
474,6,5.661263325063999,1.2791222480637183,1.490458782087545,1.7140580481385634,654,10,4
545,7,6.190413748765776,1.86606733228128,-0.7033948025496681,1.3046827767922267,654,10,4
554,7,6.2887257553336875,1.3023030844685002,1.0261009967117158,1.72912878974298,654,10,4
567,7,6.4010283702284445,1.672381836952893,1.7032805145678327,1.8221218154597338,654,10,4
572,7,6.430466013056911,2.513898016752109,-1.5258419177372329,2.3510131879035643,654,10,4
574,7,6.47017604193898,1.2970261321053673,-1.5675035059253501,1.577728147539653,654,10,4
575,7,6.484962205707401,1.061241206862777,-1.015983761186579,1.2168608055635604,654,10,4
580,7,6.51666494372545,1.636254350922589,1.011458781540899,1.580834416136507,654,10,4
592,7,6.629636366140577,2.041428499168985,-2.02689787683753,1.6458163732137914,654,10,4
603,7,6.870360477063288,2.0157009500957876,-1.7173682310131793,1.3964425084616638,654,10,4
614,8,7.243371592259273,1.2215570495231982,-1.896951588543963,1.1287588475221968,654,10,4
615,8,7.259444881178143,1.671882514681467,0.7679446893776858,1.5693844785009643,654,10,4
618,8,7.268573072865896,1.3855915670249583,1.9761982467486263,1.5830493502263305,654,10,4
633,8,7.646535619233495,1.3619410957960372,1.4215818700712857,2.1559702464447246,654,10,4
634,8,7.682525281569328,0.9078976436716416,1.5491060862035273,0.8335071807257506,654,10,4
642,8,8.011279942944022,1.6443890001152865,-1.6095644646400502,1.7998621020704102,654,10,4
650,9,8.310443774998834,1.3042180377164532,-1.440435184939885,1.6177014412847548,654,10,4
651,9,8.324687888484183,0.8374726233404876,-2.3608080771213795,0.8273460334564244,654,10,4
653,9,8.696640104814986,1.1976603047046754,-1.845854308263309,1.9612898481609684,654,10,4
654,9,9.18856618207935,0.5565593683188954,1.6066363246191675,1.2696939292643403,654,10,4
655,10,10.0,0.0,0,0,654,10,4
0,0,0.0,0.0,0,0,654,10,4
1,1,1.1118724456795848,1.0241987369718843,2.877638245456006,2.0651555193399633,654,10,4
4,1,1.3946545382585207,1.2309433985639255,2.878105458549291,2.6642822141988174,654,10,4
7,1,1.9258823182082807,1.9251746697724972,-0.6647991868810916,0.731802999170735,654,10,4
8,1,1.937629107565333,1.4943340128503555,-2.4075899808235453,2.2497631716555833,654,10,4
15,1,2.0679867050368173,0.7678931480138451,-2.8889913517490835,0.5939227175523344,654,10,4
16,1,2.075443620821452,1.3722652106775586,0.07763847207767349,1.5320340381510553,654,10,4
6,2,1.9157671078900818,0.7109289893140746,2.414534973584781,2.54191621289554,654,10,4
18,2,2.076457039981684,1.3184234570284503,-2.8929483817958785,2.6408803193973776,654,10,4
21,2,2.59615920370313,1.735363224314304,-2.409703807059212,1.9745810397708827,654,10,4
36,2,2.9249661303643313,1.7396243727988303,-0.13970424180770782,1.2299420395652676,654,10,4
73,2,3.2700177434404476,1.6297897601709503,-1.934812022158636,0.7555043161936195,654,10,4
86,2,3.400768400015229,2.512461016326723,-1.5232003849796842,0.4174498667660817,654,10,4
24,3,2.6420583657242593,1.2677504090132181,-2.224515513704674,2.6714738442292822,654,10,4
43,3,3.0345684412398533,0.860474989695979,1.6492834842380921,2.1038740907389872,654,10,4
55,3,3.148466158846368,0.9730189505301509,2.429034963298495,2.0343776058851097,654,10,4
57,3,3.152289061538174,1.1276701032388456,1.9551589722866491,1.5402892810771127,654,10,4
88,3,3.422060179472034,1.0194213177389055,3.014991702897772,1.640856437636981,654,10,4
93,3,3.484350636001005,0.7609149958191065,2.535174135845732,2.4567103362015112,654,10,4
94,3,3.4917723909316067,2.091098260882174,-2.581009991078452,1.6609664074219215,654,10,4
96,3,3.5070819527230404,1.9762469277515924,2.0792332783539607,2.448109777160461,654,10,4
101,3,3.5334936493250013,1.8919176881697588,-2.6362415600345472,1.887711024278749,654,10,4
115,3,3.6284149414052855,1.2762807820831157,1.4036289589463806,1.093434384671938,654,10,4
122,3,3.689499001423627,1.9446208722079266,-0.30121425767577514,1.4789857891305673,654,10,4
146,3,3.929081393342808,2.744199622737397,-1.6457036209194082,0.5427905580165006,654,10,4
153,3,4.015442075915317,2.038425478400866,-1.7182529805424867,0.7996298501801414,654,10,4
147,4,3.9351359970694553,1.1923886730193478,2.873231975548665,2.0045702442465934,654,10,4
169,4,4.12792992910103,1.0059944107117678,0.7059916972292192,1.5701949848614936,654,10,4
183,4,4.212841065465431,1.0302617287083355,-1.068424059913504,2.446105259643081,654,10,4
186,4,4.227775970505771,1.9115025540201593,-2.7003631110290587,1.5775216058961063,654,10,4
220,4,4.376178472206844,1.7317520052946505,2.2046817147665947,2.3561453348282995,654,10,4
221,4,4.377737612396278,0.45428852232411177,-0.8854866657560185,2.3152068233021392,654,10,4
229,4,4.436914784242183,2.231545403776789,-2.868663047436561,1.4152077190397152,654,10,4
244,4,4.511440532347306,2.0939962762954316,2.8746143443890815,1.7042854567990733,654,10,4
268,4,4.665662104553676,2.2595748211950273,1.288743743190531,1.0594738668881505,654,10,4
273,4,4.698883685513855,1.4580647509219051,-0.3535060719659076,1.4267331745487979,654,10,4
325,4,4.91505577338931,2.374336987616812,-1.2098848997604046,0.6524295352539803,654,10,4
349,4,4.998820634579648,2.193662357157334,2.064833843327133,1.2885282002760539,654,10,4
362,4,5.040527539059276,1.5763932274798425,2.183277286186548,1.3108973019099714,654,10,4
372,4,5.086842224203006,2.063361076356865,2.7082517018285706,0.7917874683982186,654,10,4
410,5,5.308709557596528,0.4934828378819531,0.4735839994028723,0.2607811455463223,654,10,4
419,5,5.359742654971918,1.176299560426607,-2.0706782678594986,2.6996877248164246,654,10,4
450,5,5.519709927740105,1.4694191253155302,-2.7903567472187563,1.025099490470208,654,10,4
451,5,5.520646989038822,0.47998668999395766,-1.8566448807323932,1.2042507514833578,654,10,4
455,5,5.528886798204256,2.1602043767035197,-0.19387584906762478,1.5386740662530283,654,10,4
464,5,5.573101377372937,2.2710841093583745,1.8411957759264301,1.2448026596083681,654,10,4
472,5,5.620198921866885,2.4314738242390557,-1.0290425836925439,0.5503564214190642,654,10,4
492,5,5.686677855483573,2.562172051726283,-0.911768614796615,0.6020190656687657,654,10,4
506,5,5.787971152693787,2.2624400963702374,1.430765706494866,0.5951080827296692,654,10,4
520,5,5.849900358065742,2.4051647420476536,0.17126748492479238,1.8202845575836337,654,10,4
528,5,5.906326362976625,2.514338156693127,2.4243504654037213,0.90125347400981,654,10,4
533,5,5.949856239594277,1.805930543661461,2.028870615172066,1.6650604238021247,654,10,4
586,5,6.560996987025024,2.0099530810642863,2.521141181544622,1.4641587583070759,654,10,4
540,6,6.012734326100885,1.740891099966502,-1.8508270465365084,2.918079956293821,654,10,4
576,6,6.449918299707033,2.0248634065182913,2.4016495638290656,0.9085480570348554,654,10,4
594,6,6.6966928446957805,2.291900181384259,0.06367015348951345,1.849264000185702,654,10,4
601,6,6.756708045089565,1.7133924823327942,2.0495094033939654,1.4494126113331545,654,10,4
604,6,6.819665046105299,1.421402813510998,-3.0025941279516175,0.283158798256366,654,10,4
608,6,6.87190096275846,1.8261039358091358,2.4612255970334616,1.4235914401434617,654,10,4
625,6,7.261231987232685,1.7023373987748014,-0.09504468788677187,0.32760500969003725,654,10,4
618,7,7.006055546901785,1.876599075915389,2.138256679076859,0.7745138113156773,654,10,4
623,7,7.250495207312728,2.02487578317695,0.17622858302358665,1.7417192455951094,654,10,4
636,7,7.600049180763426,1.452495803094587,2.407273147521005,1.7386871255607943,654,10,4
639,7,7.745362430119012,1.2409271051192057,1.3082116030440176,2.411777830316337,654,10,4
645,7,7.9694097468369565,1.5505315743834442,2.32747420191213,0.10437997591983353,654,10,4
647,8,8.011154314091225,1.0213207635952861,1.4280258812700173,2.3298454153493546,654,10,4
649,8,8.036606556299446,1.40917081932679,2.430643921369053,0.818030630882472,654,10,4
651,8,8.277737900325713,1.5497729378164566,0.36534089976923145,1.3755819916863687,654,10,4
653,8,8.900485310776892,0.9669501327990281,1.7296382605529401,0.11623958203531941,654,10,4
654,8,9.15173427917911,0.7119094770516597,-2.7218220248285134,1.5371588240433933,654,10,4
655,9,10.0,0.0,0,0,654,10,4
0,0,0.0,0.0,0,0,654,10,4
1,1,1.1020773685658047,0.7786028730582756,-0.8325804487881625,2.1751211052115678,654,10,4
2,1,1.166868225892298,0.6868507552927251,0.008892136082851122,1.9993118927054498,654,10,4
4,1,1.4318970935249575,0.39756058005383643,2.6261114895133066,1.085344676891537,654,10,4
5,1,1.4924946422281582,1.0153550466204628,-0.40862425890182225,1.9319540887287345,654,10,4
6,1,1.657380622015745,1.4273887149553064,-2.384147154160134,2.3099068328687204,654,10,4
20,1,2.3178723844782145,2.261068314928284,0.5097997881530845,1.1170380664959376,654,10,4
25,1,2.527116847281926,2.5028882615531143,3.038320737650905,1.1220205708192896,654,10,4
9,2,2.0374900323226397,1.086690705832129,-0.3173192281701219,1.7633016567111275,654,10,4
15,2,2.177888492857961,1.1412140191153528,0.7488140978268008,1.3585821926116397,654,10,4
19,2,2.3066734476275688,0.720413705730829,2.9453768818795334,1.9313977181617827,654,10,4
24,2,2.5203542543670165,0.9239355367162071,0.2928787561612585,2.2116270939678766,654,10,4
30,2,2.6229945169386095,1.8638827018721007,-2.4235982125958615,2.626413339863078,654,10,4
41,2,2.9739246576043863,2.285921324069576,0.7555925148595058,1.2245539800101568,654,10,4
53,2,3.180520399823058,2.206115571965989,2.829487761423798,1.0054561680705398,654,10,4
70,3,3.3673993297374616,2.535893902774199,-2.4380820915401227,2.6081562805068734,654,10,4
80,3,3.533598634113874,0.6920512551214996,0.5050322660455644,0.5795076154827669,654,10,4
82,3,3.5588433791883336,2.196164802905324,0.9994500782803986,1.2563391179098522,654,10,4
84,3,3.5833709475564888,1.5297519048376107,0.9435188704295963,1.0543108932987684,654,10,4
96,3,3.7192145715542493,1.837650054115739,2.3570061791568446,1.8443674263708796,654,10,4
117,3,3.8503838655195666,2.188810780441539,2.9588712270154374,0.924211205512954,654,10,4
130,3,3.906919660311854,0.9283963000056988,1.0252756625347144,1.0590141404391642,654,10,4
134,3,3.9488717702019183,0.9814449192661844,1.5784190503765014,1.3873914503064395,654,10,4
143,3,4.011197195533693,1.8656404968098579,1.827982494410272,1.1106225781349013,654,10,4
201,4,4.416291044102295,1.8480898059790278,1.2452431871148948,1.4176712986974298,654,10,4
248,4,4.645771087065233,1.308916005604876,2.0632721814737764,1.2284437209021704,654,10,4
311,4,4.857971569669614,1.6570073810605543,-2.475749776696787,2.406409358370291,654,10,4
344,4,5.020330478557163,1.6930196978611887,1.7605425370968382,1.2627892270454382,654,10,4
349,4,5.0348087419311485,1.4367784638586363,1.807554352477969,1.529748264127329,654,10,4
358,4,5.089493751405189,1.6069937994144712,2.335768352034636,1.1133820376181434,654,10,4
265,5,4.700132985479843,1.602278117514555,1.234682011596769,1.443049574110336,654,10,4
478,5,5.69734113298595,2.0293592318919327,1.8769756895218674,1.0555000751590249,654,10,4
489,5,5.795831962447078,1.3213455684552977,-2.1955010348390003,2.810863561916587,654,10,4
505,5,5.8937150198403865,1.3530704693511038,2.0750534183121276,1.0591103387680583,654,10,4
530,6,6.059085654570888,1.3095477601221461,1.2045634758552684,1.5885379386351408,654,10,4
575,6,6.437690782759119,2.515940362862821,1.9986691704916448,0.969594824089491,654,10,4
578,6,6.533223187223534,1.8359590674199995,1.6135408862513816,0.5433291472425532,654,10,4
586,6,6.57718787847722,1.5529646456611186,-1.6827825101689284,2.8707722856305025,654,10,4
598,6,6.704215259307869,1.0227009113229426,-1.4073863261693076,2.3126550146961344,654,10,4
610,6,6.925754513729895,1.1519267035215386,1.9720814750714244,1.2646844692810901,654,10,4
622,7,7.209942005157114,2.006973501296907,2.030612138453045,0.8889886730664237,654,10,4
629,7,7.334021314451888,1.3520320518169788,1.9205821067043907,1.0084269893788815,654,10,4
637,7,7.563637981865132,0.948508749529321,-1.9895729826978288,2.233904087308847,654,10,4
641,7,7.713729095673512,1.159556696409375,1.423017505120474,1.1188001486394201,654,10,4
642,7,7.75911058693916,1.3008613134739357,3.009392366946139,2.349229951917976,654,10,4
649,8,8.03197294610801,0.9547596107195309,-2.17792783186749,2.4326446415402976,654,10,4
651,8,8.38623752171683,1.1569205446488133,0.8602806941720414,0.9117902322164317,654,10,4
652,8,8.402576131285752,1.2632565395190605,1.4504938485112386,1.1353622309066338,654,10,4
654,8,8.740917743388191,0.5117901024000533,2.6473946601888443,2.566894989584525,654,10,4
655,9,10.0,0.0,0,0,654,10,4
0,0,0.0,0.0,0,0,654,10,4
1,1,1.1880171059430789,0.4358349147066012,2.6523127284914767,1.6983461675846043,654,10,4
2,1,1.5025721514276258,1.3223259557728468,0.6459627321040192,2.326208665216233,654,10,4
3,1,1.7262890188259838,1.0730667373250122,-0.3685128483553864,1.0269433541368336,654,10,4
6,1,2.076181619215267,1.9307957290756401,-1.6070367250116828,2.332826029534019,654,10,4
5,2,2.063288300504248,0.43210871676189644,-3.1384707625449324,2.039095749458653,654,10,4
15,2,2.5381039264159453,2.069336146439027,0.41970527282925113,2.6364207872346532,654,10,4
19,2,2.590096260877137,1.5612905678492197,-1.6889628414412223,2.3788560411969857,654,10,4
22,2,2.7725680754886097,1.422925378807185,-2.172024571058266,1.6497186936521513,654,10,4
23,2,2.831644181178228,1.5773024633972832,0.6834698784763589,1.9858765284351683,654,10,4
24,2,2.8438344148089243,1.2886072598699738,2.7832318648140575,1.058422456891806,654,10,4
36,2,3.1328053669497393,2.356068101298132,0.4836921281528755,1.9763989635754426,654,10,4
60,2,3.3775916541251974,2.302965135070697,-2.7895978891076947,1.6476802215825808,654,10,4
67,2,3.4578870618628166,1.6989501193946632,0.4684845286583008,0.40101063352597693,654,10,4
38,3,3.1466375088142415,1.0934348313548974,-3.064251559960628,1.3701907371686046,654,10,4
57,3,3.344361736852969,1.2631842476763573,2.7943461828470055,2.4209905844115274,654,10,4
64,3,3.43470582817913,1.3202270137594128,-2.4010039498651867,2.318011497895654,654,10,4
68,3,3.4615911833117097,0.8476598008592388,2.800380913902441,2.8546658562221814,654,10,4
69,3,3.4828808189005334,1.403909776803486,-1.230470687342944,2.6444403423897036,654,10,4
74,3,3.553177085711803,1.8206855690271642,-2.560641886337665,2.4386587594028635,654,10,4
89,3,3.678277421488011,2.051576206269987,0.9919286779564981,2.2749461477531168,654,10,4
121,3,3.9723812954646864,2.0852594493698895,0.6800784933299169,1.7582497257454708,654,10,4
134,3,4.06568891153221,2.0945641323093587,-2.40221628500775,1.5043810364286283,654,10,4
154,3,4.223349790587986,1.3858518925990082,0.8349897718499348,0.591067278006004,654,10,4
156,3,4.249051073910364,2.288708491467926,-2.9487960693193713,1.3143885149429564,654,10,4
137,4,4.105987744174778,0.6593531874402507,-2.2507259711814864,2.667267019382163,654,10,4
157,4,4.257210999187579,1.8706694301498359,-2.9992807029690605,1.8073286837120661,654,10,4
172,4,4.343344457701709,1.791181236621904,3.0408753884609085,1.8022197544018914,654,10,4
173,4,4.343524627509026,1.6596635314962633,2.105996826202254,2.5247870448101146,654,10,4
210,4,4.576384806185253,2.408167112430656,-2.4856444167438876,1.5775691485750076,654,10,4
218,4,4.613985526308913,1.4671457083152235,-2.190618170086273,2.79883685505616,654,10,4
222,4,4.642182162579354,1.6150937131262306,0.7258815113444261,0.6241217651226484,654,10,4
234,4,4.7129630473057045,2.3235991582111275,-2.9426921396309917,1.363245517132489,654,10,4
263,4,4.850158871313189,1.9756921685291162,0.9665090677958953,1.9435138037200774,654,10,4
285,5,4.937510996692063,2.5758006858655245,-2.4463033730215926,1.6639341486654615,654,10,4
296,5,4.968389269654328,1.355680499294376,-2.205434520368802,2.2220280589742343,654,10,4
330,5,5.120088212379786,0.6881099159956503,-2.3383246032633815,2.1213582312775188,654,10,4
368,5,5.306338396202971,1.972622343884371,1.0689286030683183,1.8055196410948082,654,10,4
390,5,5.386413583638299,0.8511159927476432,-0.27020919465096194,1.9055956580336793,654,10,4
394,5,5.394042072407119,1.3688250939057784,3.047703420312076,2.6865318983568014,654,10,4
411,5,5.48465597345218,1.7962997649614219,1.4471403991116574,0.7497244435247559,654,10,4
418,5,5.506758540859499,2.6903455669957053,2.7234500593729085,1.8882971225629577,654,10,4
421,5,5.51840215099827,1.84024779683946,2.3136445159374417,2.0602075271002804,654,10,4
502,5,6.055392954136835,1.7550988219240486,3.131623282528511,1.0567420884502774,654,10,4
486,6,5.946042735263242,1.4705128417562723,1.2905855106461404,0.6749293047937674,654,10,4
496,6,6.029847377232718,1.1384473270991582,0.05773618703013542,1.740513774163488,654,10,4
534,6,6.27588534417243,1.9703669247875664,-2.6911030678133767,1.5487213233566126,654,10,4
536,6,6.279081674402162,2.7105094161409746,1.1785876516090246,1.8842954401037426,654,10,4
556,6,6.4568565940671565,1.8131308573019216,-2.9840138592838428,1.6616495348881097,654,10,4
559,6,6.482559510060377,1.786670725859245,2.8198936551789036,1.9938400105342873,654,10,4
561,6,6.492740663838341,1.7884089025396654,2.2394537808208788,2.1738426220656604,654,10,4
563,6,6.500792665436698,1.7882745379933929,-1.9981375726672483,3.0651354870034693,654,10,4
570,6,6.6027568147047235,1.6066676163961648,3.1413418926687133,1.030591642030015,654,10,4
578,6,6.7085054022221975,1.4943594619013651,2.029620642997785,2.764496267088183,654,10,4
611,7,7.247149527034935,2.2972038194221516,1.2537273195709295,1.9804583526787498,654,10,4
613,7,7.265174261655235,1.8843397073338255,2.7893140143495656,1.794056340611875,654,10,4
616,7,7.274452690534296,1.932517530269202,0.9908058123582439,1.8492496250304185,654,10,4
617,7,7.282316111777348,1.1799646734251894,-2.962160428791725,1.1771732706648639,654,10,4
620,7,7.3077248826170464,1.719339231663658,0.41073422474406135,3.0372319532573244,654,10,4
622,7,7.3161689605621945,1.3960509877189913,-0.4711524524193094,2.1573749241067905,654,10,4
623,7,7.349228264767898,1.139149493948226,-0.2060004815273215,1.5244735820069368,654,10,4
632,7,7.505106408991554,1.5171298172447667,2.4618648267660492,1.9413496540142379,654,10,4
638,7,7.615420239374846,0.7934619691763494,-2.2565454027482246,2.5361162552411742,654,10,4
644,7,7.830921327259874,1.5532030678831332,2.821060358914031,1.1037733707950697,654,10,4
645,7,7.84788900024253,1.1439517676107076,1.0758790067731772,2.676862789888853,654,10,4
641,8,7.792883812212651,2.1344270242545766,1.283010563590311,2.1699191529655404,654,10,4
642,8,7.8067636818597155,1.4469545850594405,-2.653105182463054,1.1128312459885437,654,10,4
650,8,8.329279687829953,1.527385401354675,-0.96404503148103,2.12024875349626,654,10,4
651,8,8.39794823408414,1.3131902861080684,2.180420754536672,1.6052369220415075,654,10,4
652,8,8.428011572117468,0.6974378076044114,0.5693879332818119,2.729565243394033,654,10,4
653,8,8.536811383089644,1.3790245486998907,2.6848703818544095,1.5245323714042402,654,10,4
654,8,8.858317880832544,1.1121483842058415,0.38545219676385095,2.2839710224301775,654,10,4
655,9,10.0,0.0,0,0,654,10,4
0,0,0.0,0.0,0,0,654,10,4
1,1,1.5111181329418022,1.4659103534621758,0.9863305594682611,0.76461754288053,654,10,4
2,1,1.5248235861170745,1.4867147617828294,0.3404721431635698,1.4705340441419348,654,10,4
4,1,1.977230548449208,0.7729004567325286,-0.18828709119803674,2.126988215239647,654,10,4
6,1,2.0229113620116568,0.6729043680185958,-2.004006497916076,2.9451819300081143,654,10,4
14,2,2.3641209612251712,0.7785233119077913,0.27690384581991506,0.5460013687128603,654,10,4
17,2,2.6224055541364653,0.3673961037188644,0.5465963085121692,2.524914814263852,654,10,4
18,2,2.641653662160286,0.5102059587071021,0.30031595317434484,1.5880057004199208,654,10,4
72,3,3.4538120176781204,0.721491963523965,0.9306144679496036,1.7048167641868126,654,10,4
85,3,3.5897949098370696,0.296841358325773,2.1639190200257925,2.933377405793888,654,10,4
114,4,3.890447145973935,0.9681272443970618,0.7527617054508494,1.6992513499104098,654,10,4
186,4,4.334173212752487,0.39965661477885933,-1.6110263026217821,1.131474293798838,654,10,4
305,5,4.933095516587905,0.5410488775386815,-2.6526686844037237,1.4959082114655855,654,10,4
401,5,5.35702301042861,0.7811835417408305,-0.26561405981480357,1.449483323375738,654,10,4
501,6,6.016902759319683,0.6367852384155901,-0.8314060351082467,1.5692024049003157,654,10,4
548,7,6.450697595447749,0.4972526394879142,-0.8760208003456954,2.158650062848358,654,10,4
574,7,6.718976266125548,0.7669579167724381,-1.3041817232979003,0.8088486623637865,654,10,4
618,8,7.3171521457631385,1.1971649719056483,-0.6582961959383259,2.546153567020332,654,10,4
627,8,7.654272619656708,0.15883500271602985,-1.9732151332890506,1.1226177919908942,654,10,4
643,9,8.214589609436551,0.40495062579533403,0.40452424278413823,0.8462329100987624,654,10,4
648,9,8.325282080055613,0.7421979633229326,-1.0974913974210956,2.555819091067907,654,10,4
653,10,9.023976693486823,0.8858463765212766,-2.3239294296311863,2.2430481806167735,654,10,4
654,10,9.145700643182774,0.6896815077259081,1.7457773878081204,0.9139596047837312,654,10,4
655,11,10.0,0.0,0,0,654,10,4
0,0,0.0,0.0,0,0,654,10,4
1,1,0.858542405720305,0.7025342102012322,-2.9019814217003255,1.8366974028877538,654,10,4
2,1,1.0932387035671665,1.060920829186866,2.293105484443475,2.2111173858418534,654,10,4
3,1,1.4463222816358257,1.430082332206442,2.7931894684217573,2.5579229537423456,654,10,4
4,1,1.5284766935399996,1.4572732515710747,-0.16872005014477826,2.257841190453879,654,10,4
5,1,1.6269202342679623,0.8198353619044684,1.3605397817229032,2.8253377448795858,654,10,4
6,1,1.630551637068709,1.3829524859931424,-0.006632764283037319,1.8073062931992303,654,10,4
7,1,1.8403577910130775,1.4975398230525125,1.5081694671673893,2.919580015657306,654,10,4
8,1,1.9120754308448618,1.1430459845708698,-1.4987736576775417,1.7069660755935951,654,10,4
9,1,1.9866480408199938,1.5617119808557747,1.8907643504479141,0.15646970039705227,654,10,4
12,1,2.1783827554184185,2.1621835678288055,0.7337043183211236,2.331113206834671,654,10,4
13,1,2.1942711037180707,1.6045377302720605,-1.5634103632295524,0.7698249942006942,654,10,4
11,2,2.1748284195528935,1.704481893144126,-3.1374811704799104,1.2342780676001233,654,10,4
17,2,2.32805478923149,1.129831367453103,-2.2259945272585093,2.2835982215497506,654,10,4
19,2,2.3426008270382024,1.7915004627870206,-0.08657790792010284,2.2252591170009106,654,10,4
23,2,2.4683222595829113,1.9026027014719382,-2.149218943482685,1.8121316738624433,654,10,4
24,2,2.475182531131682,2.197923167404674,2.226852205812406,1.9697452379766403,654,10,4
29,2,2.61392704985104,1.0107500797692586,-1.9992869148087924,1.368803514035667,654,10,4
33,2,2.7279193219725317,0.9622816874245209,-1.2138427223671981,1.686925628402852,654,10,4
34,2,2.7502902930632134,1.7138689650654753,-2.3949428167711226,1.6656383345885952,654,10,4
36,2,2.7656627756672325,1.1072123455291085,2.8117356600530994,2.7791821977382787,654,10,4
38,2,2.8948449150713462,1.538880849165643,0.9285025674534475,0.6386842631173976,654,10,4
39,2,2.9028367618101503,1.5882792972183195,0.45156304776844225,1.8894566353192148,654,10,4
42,2,2.92038820247181,1.3945765572950288,-0.3062653965976534,1.0065093591622278,654,10,4
51,2,3.048892010027945,2.693529065278938,0.5659505879717457,2.084543884149614,654,10,4
53,2,3.090454477087646,2.485357607733522,-1.9737832775900581,2.0125812039929967,654,10,4
63,2,3.235496713792927,2.4537028743990343,-0.3961165160685497,1.5668740556408773,654,10,4
69,2,3.2964665797537176,2.096422587963866,-1.6942259007655953,0.9992851590436789,654,10,4
70,2,3.3022789775282337,1.9656236413666643,-1.211137643823429,1.3984476758406317,654,10,4
79,2,3.4277075013453584,1.85235813098681,-1.4500834645479181,1.3061311676791687,654,10,4
59,3,3.1776346131239563,1.6904148749795294,-0.12131616430285366,2.1351236993215292,654,10,4
64,3,3.2640465273140364,1.9723806726091766,2.8742081530617654,1.0480850617639468,654,10,4
68,3,3.295709350470226,1.2332471019416036,-0.7100272781275092,2.2918419686800977,654,10,4
86,3,3.4606293298280977,2.6252154191812935,2.119343301507181,1.7498629427743042,654,10,4
89,3,3.531296523129771,1.354912365666437,0.2708665905524729,1.8840412976564185,654,10,4
95,3,3.5923891347402117,2.385766375334018,-2.319464660562262,1.8130743464453536,654,10,4
112,3,3.732680034104349,0.5237726230031151,-1.2392424879372423,1.2259704743134385,654,10,4
114,3,3.7702864816744777,1.1193522697249627,2.595518705644272,3.0437638922317825,654,10,4
121,3,3.837508479297248,1.5192137557783922,0.5181733893746624,0.857369264982825,654,10,4
123,3,3.8517050023887123,2.4770816395136728,-1.9741396295718394,2.0391539465375033,654,10,4
125,3,3.8654645280282294,2.3295943002110624,-1.2282617374792635,1.226751494920379,654,10,4
134,3,3.9846404197847662,2.283724307763923,0.46797350000964405,1.8290338698359816,654,10,4
140,3,4.046495465197152,2.306334713997081,-1.6594611247018343,1.312595869549878,654,10,4
159,3,4.130309014781654,2.6470323822610293,-0.6918322970081039,1.6834298727740238,654,10,4
164,3,4.151164264117352,2.5308850931060283,0.34807728107474273,2.0110720360351646,654,10,4
189,3,4.343850309538791,2.608937293893239,-0.5196658269410012,1.374885116324431,654,10,4
222,3,4.521386966965876,1.682698252375706,-0.5598307242074205,0.5872419378194295,654,10,4
186,4,4.312742873048306,2.773808248121735,1.8361867951465858,1.7031100500654497,654,10,4
208,4,4.436060044938644,1.4497830712789543,-3.050492572689167,0.7520965316790955,654,10,4
211,4,4.474627046336945,1.2470034401190064,0.48843660913208503,1.046348569811872,654,10,4
246,4,4.688638411035173,2.2623017234670835,0.5229736853670923,1.9037574780392008,654,10,4
263,4,4.744149771847866,0.7942739741466455,2.186884107010338,0.2877295410719381,654,10,4
303,4,4.911064604822391,1.4269330257503425,-1.8208016802558642,1.3104326216282554,654,10,4
337,4,5.044418622780301,1.6682156135831736,-1.8654979518761468,1.9920497021049905,654,10,4
363,4,5.180107244196898,1.0023219565177037,-1.497786452345397,1.8740494888979142,654,10,4
384,4,5.26285950181861,1.726253985595179,-1.9737651438839474,1.4695237850018257,654,10,4
439,4,5.56076839668238,1.7919454802360288,-0.5369329667638871,1.177912130397997,654,10,4
376,5,5.2161016445462245,0.725497891581546,-0.39975533689125475,0.1615899712967633,654,10,4
442,5,5.589882459917046,1.6308621663382732,0.5128770571708547,2.1041577708322134,654,10,4
445,5,5.613799097466146,1.7146340692703166,1.9467861071393577,1.5506520643093487,654,10,4
479,5,5.796003331112217,1.2957269520102872,-1.7944064279624183,1.5721154831439978,654,10,4
512,5,6.008087407664044,1.5235935111493082,-2.6539244605305923,0.4884922985854781,654,10,4
517,5,6.046396813385611,1.936387651847599,-0.5276240090328916,1.1803547505984575,654,10,4
509,6,5.999444235785241,1.7390553794884074,1.7616422924912347,1.4328477731345104,654,10,4
563,6,6.431674067411083,1.004058542821113,-0.288336901848457,1.3396957530264266,654,10,4
574,6,6.536986254759533,1.0895848597601643,0.26769541131167207,2.2668260196832297,654,10,4
577,6,6.5728422629681855,1.511996731003713,0.417115300452954,1.9100751551874784,654,10,4
588,6,6.677151235805564,1.1630485038118443,-1.2760732519989737,0.748091943964629,654,10,4
601,6,6.8242648927224545,1.5509612628857616,-0.16158422770385175,1.3111852804356499,654,10,4
610,6,6.957834720169666,0.6721666103626298,-1.7711367907324032,0.4825336914749387,654,10,4
617,7,7.17779617023438,1.5672190052165573,-0.21466306763238702,1.4581603630971438,654,10,4
619,7,7.225475386946398,1.3843369290634657,0.15798674152454412,0.8879748502596895,654,10,4
628,7,7.414046217448771,1.4952173796010264,-1.1815064199792085,0.9817780820534143,654,10,4
629,7,7.4339523612086955,0.9964385675983052,1.8997898681805507,0.5759040946025406,654,10,4
632,7,7.549183807969065,1.165310842845415,0.9960399021402053,1.91809482542463,654,10,4
638,7,7.773349172101801,0.4140618995280985,-1.276869150163335,1.9800757625626317,654,10,4
650,8,8.35900759403685,0.9510192484412272,-1.1855282141452126,1.1678593039334841,654,10,4
652,8,8.65654230060843,1.0433914585406605,-1.5607396139720962,0.5195122277472951,654,10,4
653,8,8.859496785299326,0.6383114224072904,-0.2572055389605107,1.2682154947877589,654,10,4
654,9,9.550282413234546,0.4462090272865711,-1.736235862264863,0.6156171361462585,654,10,4
655,10,10.0,0.0,0,0,654,10,4
0,0,0.0,0.0,0,0,654,10,4
4,1,1.8447418013544226,1.354038056048957,2.576891689489644,0.971453867022533,654,10,4
24,2,2.631408259343141,0.7452485701047735,2.4896641661401144,1.4453538148865381,654,10,4
87,3,3.585339540780188,0.25658136082571903,-0.5948325292224532,0.5234147528625772,654,10,4
130,4,4.014648615050564,0.4458668418565364,2.353288669106649,0.6071499793053167,654,10,4
170,4,4.2672483690664675,0.8014659760910241,-0.4446612649737443,1.0339850983554013,654,10,4
276,5,4.832565992051157,0.36943366801311295,-0.3774980488811144,1.3192230646557543,654,10,4
470,6,5.757410643127663,0.3228895197423334,1.001479263750609,1.1434693944672538,654,10,4
621,7,7.332917719086657,1.5961702753135663,-0.4820439549258644,0.3867832870666847,654,10,4
641,8,7.96611610566305,1.2823479776060398,-0.019736104610373218,0.46772809365845763,654,10,4
654,9,8.93725322959715,1.0533572248753493,-1.229945870727857,0.8950091418253444,654,10,4
655,10,10.0,0.0,0,0,654,10,4
0,0,0.0,0.0,0,0,654,10,4
1,1,1.1885707897586295,0.9427065464954791,-2.2420479951311294,1.0715983652939352,654,10,4
2,1,1.2907829949317773,1.0343774135562602,2.121538638472985,0.2930816325540055,654,10,4
3,1,1.418233469651362,1.402533166882333,-0.646313417318788,1.722783088957891,654,10,4
4,1,1.5329361932370555,1.2163581060467832,2.7861801932099377,2.2102879283669985,654,10,4
9,1,1.8190655711568215,1.5321760814215024,-1.2139345539494066,1.9062392083524746,654,10,4
10,1,1.89570133780819,1.5205900476607679,-0.7746890837219306,0.9732290023744333,654,10,4
11,1,1.9285800195295189,1.9239800020749007,1.539237391023048,2.829686888405242,654,10,4
12,1,1.9431215838600813,1.6920013285812987,0.3891294402708515,1.8830335714334785,654,10,4
13,1,2.0225855948772855,0.5291043236878638,0.9012652553424332,1.2091387960271234,654,10,4
18,1,2.382405032396022,0.7467508342728983,1.2818111365950524,1.8617090431688719,654,10,4
19,1,2.42807672224997,1.641188336645205,0.6391454919845705,1.2300652720116136,654,10,4
34,2,2.8407188022052523,1.652344552639567,-1.8364592648663722,0.36622667841902684,654,10,4
35,2,2.8616625811568355,1.8313035193444898,2.0360796850343412,2.630038970773551,654,10,4
40,2,2.9019584981129842,0.8674087629233216,-1.0394325063463736,1.1836951821249477,654,10,4
43,2,2.9643476662342794,1.9223652181817341,0.6811321640056861,1.4069801973862335,654,10,4
46,2,3.0631264317658626,1.7807615199144633,-0.272606239666651,2.0152631676261707,654,10,4
47,2,3.0634151405523413,2.1290276032146633,0.2410270859996301,1.7221249375560854,654,10,4
49,2,3.0976448313145233,2.622534984615432,0.3215666735609966,1.7541408885182341,654,10,4
61,2,3.2643229741243704,1.8601259465568225,0.23819599202076774,1.6347659915428878,654,10,4
80,2,3.4832648385740193,1.6612073619788452,1.1577770433871157,1.3967574593537315,654,10,4
58,3,3.2163727321533964,1.9057281946536402,-2.0603230496642477,0.4121605688042681,654,10,4
81,3,3.499295796084594,2.1011740652875113,0.7736364037545501,1.3877995256481839,654,10,4
95,3,3.673084435409515,2.107633065568287,-0.09194633969761852,2.0652062829402142,654,10,4
97,3,3.7219761850013358,1.2196615640772963,1.202897301839413,2.7613913436039503,654,10,4
98,3,3.7350591718981496,1.2291809600376258,-0.9033593685562484,0.9586469470579393,654,10,4
100,3,3.756524232704721,1.9973938815782908,0.4258580762376021,1.6366978475490428,654,10,4
103,3,3.7815973688995683,2.6461511249123033,0.4005542566603249,1.6581977017807954,654,10,4
120,3,3.931246222469543,2.353038060314127,0.7938300437116738,1.0915790406080055,654,10,4
128,3,4.0191123539998,1.9268704429412677,1.1089719248108119,1.062041801959086,654,10,4
131,3,4.032888845964871,1.6428352765879966,1.0668471338133083,1.1643432762444632,654,10,4
185,4,4.366064666810853,1.5732641324017347,-0.5291149160093049,0.7103489183581456,654,10,4
211,4,4.526113718257036,2.1650068243550677,0.580366793232514,1.3241779981306192,654,10,4
224,4,4.571965102971433,2.648930283729334,0.9452694638693928,1.6267595647417106,654,10,4
261,4,4.750381111914301,2.0432605272363134,0.6175539602840042,2.8098978604916014,654,10,4
268,4,4.766032100685017,0.804799407979658,-1.5898431690626373,1.1383914653241838,654,10,4
273,4,4.7838494486181125,2.3073912482906755,0.34595722618444,1.8004738505778537,654,10,4
275,4,4.790115931462825,2.354991963324463,1.0313946333599286,1.6940320598751444,654,10,4
291,4,4.845581250718478,0.9771304339750336,0.6848484683139789,0.17312041209784015,654,10,4
300,4,4.881899554783592,2.3313279928378496,-0.1465013643178152,2.056662120847101,654,10,4
320,4,4.962770568332711,1.8001227235908102,-0.47212647168944655,2.762135924456195,654,10,4
333,4,5.015058447655617,1.6549089512765411,-1.1046710076505364,3.049701264779245,654,10,4
346,4,5.053872893613351,2.0783449830945817,-0.640224034050778,2.797964968969466,654,10,4
361,4,5.1225847249356695,1.6883313560203255,-0.5400047068363562,2.335067745734256,654,10,4
366,4,5.141939045861644,2.7615737869903976,1.1590184731511068,1.1651194821951025,654,10,4
394,4,5.289695163985483,2.1676138804922975,0.9265551281077536,0.959522402264896,654,10,4
385,5,5.245543892771031,2.65623544026139,1.0004736755602974,1.7742779423162018,654,10,4
436,5,5.4474096831322,2.6278850004585643,0.21806616521533737,1.9244693539797213,654,10,4
462,5,5.643119839835888,1.6075566416961438,-1.3808123280570221,2.817724312017539,654,10,4
465,5,5.670615933939617,2.301289484831482,-0.37767605596652143,1.849647399542244,654,10,4
494,5,5.836777125565949,2.3772041007513036,0.4191960397858995,2.1887866931281272,654,10,4
500,5,5.877938591590138,0.8139729000686613,-2.8570318994339385,0.5978018681741629,654,10,4
507,5,5.953199811173731,2.51750533109187,1.3694244533541875,1.2243104085013792,654,10,4
510,5,5.9791276195838705,2.349156171597712,1.4134419515350072,1.2314762426746872,654,10,4
546,5,6.287996155469302,2.4773099782925994,0.9685336237344813,1.3642855173731572,654,10,4
564,5,6.503737898919912,2.3382265112081098,-0.46096195924600475,2.2708380148653853,654,10,4
515,6,6.018927596320638,2.131620753091066,1.142163534295384,1.8351404515026766,654,10,4
531,6,6.110253779354568,2.977208437700605,0.20072193000800828,1.9211686896573368,654,10,4
562,6,6.4872580065216665,1.080729212789469,-2.525398290131413,2.6144280914141502,654,10,4
565,6,6.525958310882901,1.7368532592009203,1.0532067197133506,2.107808477154649,654,10,4
570,6,6.588487976131092,1.0771375748691987,-0.6818787929091481,2.793688457851913,654,10,4
574,6,6.618094019609611,1.8116963400293442,0.573297974497699,2.1101446691665524,654,10,4
586,6,6.7239517679302265,0.9675203946505542,-0.7905029623216556,2.5959570998761707,654,10,4
589,6,6.7398276655246745,1.0493142995846592,-1.7311274783347799,2.8530356027722306,654,10,4
591,6,6.805156782363598,1.4233261153171117,1.7515884407857236,2.778748518321844,654,10,4
595,6,6.84393709224376,1.5587962278086314,-2.9133492819892317,0.4405068958630678,654,10,4
598,6,6.870889644761822,1.3335656335773534,-2.003427929426724,0.30811912476641007,654,10,4
600,6,6.9116726725069455,2.080181128607868,1.6244544691803222,1.2010315523065571,654,10,4
604,6,6.988785385905555,1.4946526999441645,-2.510303892039808,0.39650300889431905,654,10,4
607,6,7.009371680907854,2.082123718160546,1.0038240671502994,1.2291044726807834,654,10,4
609,6,7.02930721512388,1.9384767699254564,-0.772862479978308,1.769650228527806,654,10,4
615,6,7.0823507421953416,1.4640545778041527,-2.050309337322548,3.0000222455310404,654,10,4
618,6,7.131892684759233,1.2531709525851196,2.893429134348366,1.7364281254281069,654,10,4
621,6,7.187638076123789,1.6647922084039901,-0.4806869324890611,1.1861896238695955,654,10,4
626,6,7.2417386777840145,1.66401240884501,-0.42193340972596904,2.2697994134790345,654,10,4
577,7,6.635670473188675,2.155785234148671,1.0242170858419075,1.913511164887919,654,10,4
639,7,7.8025884412194335,1.0768568206097915,-0.06218451992527587,0.45063290784124366,654,10,4
640,7,7.832480074422951,1.7270555648830597,1.28253810127381,1.30460661146996,654,10,4
642,7,7.91186309069797,1.0784509473430248,-0.7806792087786143,0.18577396542058092,654,10,4
645,7,8.204750355972179,1.2471420724478741,-0.2850284043410262,1.9500804773069293,654,10,4
647,7,8.421721628522205,1.1007136689116155,-0.6339314988481313,1.8952933484258034,654,10,4
648,7,8.459645181493473,0.4164002015478325,1.9667377117976748,2.3257007433186287,654,10,4
649,8,8.607040628627153,1.1545126710469147,1.2103223638902982,1.5697336933658974,654,10,4
651,8,8.705728512456458,0.9006570054095796,0.35254703957505323,0.7535719434927768,654,10,4
652,8,8.738479536096907,0.8264966043412013,1.9767600049434528,1.8137689093008893,654,10,4
653,8,9.166915341274692,0.815758973350828,-1.6980799629536327,1.2844398685748546,654,10,4
654,8,9.268613793552177,0.6312727244171782,-0.19683553110780208,1.9096321182402827,654,10,4
655,9,10.0,0.0,0,0,654,10,4
0,0,0.0,0.0,0,0,654,10,4
1,1,1.4532454683061347,1.3927395039010748,1.7579172021946907,1.0516747577495056,654,10,4
5,2,2.1070249906183647,1.56288176434973,1.5090398485322831,0.7360721087225837,654,10,4
34,3,2.912779099668751,1.57058436775144,1.388877358957597,0.7645015988002374,654,10,4
53,3,3.2027316687737906,1.9248160749720684,1.0377683709756913,0.1934124867206828,654,10,4
78,3,3.5459848969596663,1.317743635633854,0.9757772591779776,1.2596470340188328,654,10,4
91,4,3.668709797215607,1.802230324709714,0.961165833565125,0.3665690367553691,654,10,4
100,4,3.7849632111719025,1.9158175164782538,1.5526253113539543,0.5741381694661415,654,10,4
119,4,3.921045093912754,1.2100189380500987,1.129202641947921,1.3961501890946673,654,10,4
180,5,4.382901909065434,1.8853314624329016,0.7441655326752474,0.19725230594546445,654,10,4
242,5,4.717333258603961,1.8383886306087884,2.3052032007570444,0.35027931919449534,654,10,4
275,5,4.8614647967162625,1.0762426133775553,1.2017259819201231,0.8171987974949166,654,10,4
340,5,5.126406027957735,2.201444723971965,2.078858190612798,0.9611848233357643,654,10,4
473,6,5.734877263665994,1.6905744556771554,1.931884889068714,0.959603113380702,654,10,4
507,6,5.92687488201559,1.1086975210739523,0.9873898644992266,0.7662938910582519,654,10,4
510,6,5.943037567325843,1.9585886534044687,3.028435339631971,0.7042858366749645,654,10,4
592,7,6.55575288916257,1.8213822161646276,2.8928613013287974,0.613572588855671,654,10,4
597,7,6.701960418676077,1.4975068799366371,1.4552832837996663,0.6335904897672346,654,10,4
608,7,6.813812992879228,1.4320314699957974,2.1947347819732874,0.6753385917436951,654,10,4
618,7,6.970660343419234,1.6639680510091481,2.437459835252455,1.2429279913871596,654,10,4
623,7,7.101700899669075,1.7540906395901554,2.1049155823620045,1.49682827263424,654,10,4
631,7,7.39028602880894,1.347783167695646,3.1041118032978914,1.049017304567266,654,10,4
632,7,7.3975349790665925,1.3617778119250545,-0.38900886791773015,0.5073670233039055,654,10,4
640,8,7.720997036367551,1.418748190348909,1.9658448161478992,1.5117287667159578,654,10,4
646,8,7.932518952553589,1.0700418098677156,-0.16467307258040445,0.4033156222236936,654,10,4
650,8,8.40427967943415,0.9956390472999824,-2.902660154469264,0.829674360278101,654,10,4
651,8,8.418463631462986,0.3174911049465311,-2.4741669388823966,1.820911892834079,654,10,4
653,9,9.049354624716079,0.9267392845924967,1.8273631230355776,1.7455272768223056,654,10,4
654,9,9.09942105781658,0.4768088355779678,-2.5247657973948145,0.5666728035406471,654,10,4
655,10,10.0,0.0,0,0,654,10,4
0,0,0.0,0.0,0,0,654,10,4
1,1,0.8420050790558742,0.35805343894205616,2.488198629780704,1.4416305210072493,654,10,4
2,2,1.3733357265193114,0.5055485968291948,3.015348668253532,0.7987611722214458,654,10,4
5,2,1.7184185311323985,0.7259608252423774,1.1858185650584827,0.38954315001691786,654,10,4
6,3,1.8518029133884673,0.5698453551840189,-2.8563239958202247,0.7203325083081454,654,10,4
10,3,2.110956895647079,1.1695206511191139,-3.087906043427853,0.5956596083109256,654,10,4
18,3,2.26111597155405,0.3680840257632242,-0.4678025687958962,1.0995594023114659,654,10,4
19,3,2.2979218302086513,0.7952212974693417,2.5325606563959853,1.4523669310730902,654,10,4
29,3,2.689054229264137,0.7224225708972117,0.12657456815993487,1.6371113671581783,654,10,4
32,4,2.7281395637562458,1.2169296913522707,-2.2463101517209316,0.5841349167986875,654,10,4
56,4,3.1327129222058847,1.2674688434322348,-2.7589616805810855,1.5905294813914879,654,10,4
63,4,3.1942426365559196,0.6517188354010041,-0.23240840203569066,1.3025339135392402,654,10,4
76,4,3.340805546048994,0.3294640370407633,0.27490372569123117,2.3407819662726475,654,10,4
79,4,3.353693334026736,1.1344411849206573,2.55776921771639,1.783224518721742,654,10,4
83,4,3.4503470021493756,2.2192877158741573,2.948452719062406,0.49343872341691164,654,10,4
82,5,3.4416127131095764,1.1320083169217845,-1.8464242796396424,0.8070057429634019,654,10,4
117,5,3.699162133732891,1.3678454724470637,-2.3610791996793528,1.4482206708448864,654,10,4
128,5,3.7929736112544807,0.8458012075808666,0.4072305630604103,0.9059251573052693,654,10,4
160,5,3.9895112363006535,1.6757118139271059,2.8687483438753008,0.6837270376700897,654,10,4
166,5,4.032746823335546,0.26849278318343955,-1.6682782018996658,2.2690516279265105,654,10,4
173,5,4.081772079014218,1.6668724259187693,-2.9615310125883973,1.0794557976557964,654,10,4
183,5,4.13112183420291,1.247768142334208,2.9375214561574974,1.6451834760940525,654,10,4
195,5,4.205947079941298,1.885790338997302,-1.8799376395771374,1.0925381720156542,654,10,4
231,5,4.482897072157419,2.0543445288248514,3.051673295211696,1.586412512288673,654,10,4
242,5,4.529767679328264,2.4927408806442855,2.705331748240104,0.8567168287821953,654,10,4
249,6,4.563104469125906,1.3196471235849319,-0.9750056463424741,1.2409846034462064,654,10,4
371,6,5.080423352150979,1.7729491263666053,-2.950915434940304,1.9581954319546075,654,10,4
385,6,5.144166293613697,2.3232162844847553,-2.652379370094476,1.7709224556288685,654,10,4
412,6,5.276445110502557,1.025507169321431,-0.9604330038442712,0.6239511929842022,654,10,4
494,6,5.7050539130905,2.24464174009776,-2.878314854528601,1.6133001623276066,654,10,4
496,6,5.720101704716863,2.0442883837866512,-2.866504516586711,1.4023913157287593,654,10,4
507,6,5.840229396028905,2.272202799218431,-2.6924499804252764,1.2181259490955707,654,10,4
518,6,5.9174618567246,2.269218872822168,3.052802270045305,1.084379665054398,654,10,4
539,6,6.059485466875244,2.2412340709790817,-2.757297645080155,1.0452522254781533,654,10,4
452,7,5.467453480812039,1.438431286610547,-3.0272519513215923,2.010611319386109,654,10,4
510,7,5.863159707808982,2.4460869142938573,-2.7146621580494967,1.9792024952872471,654,10,4
525,7,5.951099886620819,0.6620251483629229,-1.910771315711426,0.6116759376955124,654,10,4
584,7,6.603188481511113,2.0562716966053065,-2.9306878059227297,1.170257897200632,654,10,4
592,7,6.738188266144741,1.9466674094272443,-2.955350018667067,1.2695657051229186,654,10,4
563,8,6.332625871578502,1.5798985430118875,-2.535442621680935,2.0101887549631,654,10,4
589,8,6.6876825245830895,1.1008221694076468,-2.5614163028796346,1.1013049566667696,654,10,4
601,8,6.894605304376004,1.8126147262611252,-3.0070297630195673,1.730260676328427,654,10,4
606,8,6.970656241793351,1.9187031757079844,-2.9775533085210255,1.3121321599827058,654,10,4
637,9,7.635049993156084,1.4806120340891769,-2.833210218074488,1.5007962212810588,654,10,4
648,10,8.402937267152597,0.7726763046735756,-2.9968661384092248,1.618209832553723,654,10,4
654,11,8.809447011962531,0.8859762792441381,3.1134946338545744,1.1922232299326807,654,10,4
655,12,10.0,0.0,0,0,654,10,4
0,0,0.0,0.0,0,0,654,10,4
1,1,1.7286411413952774,1.0319306068975087,-1.560157838337838,2.1252909172686207,654,10,4
2,1,1.9636954711097199,1.07600543196608,-0.10142380760870527,0.390046896306774,654,10,4
3,1,2.0130473313504496,1.4109242724552342,1.581740498697661,0.22867405298263066,654,10,4
4,1,2.0266559010663143,1.553799145657999,2.9079258960447434,2.5627431978639903,654,10,4
5,1,2.070370677769644,0.9311981415093284,1.9263766574573704,0.9689301874689792,654,10,4
6,1,2.088863484973608,0.6398530406709025,-0.9547825450829346,1.908148448571353,654,10,4
7,1,2.098697942318193,1.3114398167018384,2.3737831635510434,1.8003377358161008,654,10,4
10,1,2.331402054039098,1.3769797273186077,-2.4987155426624024,1.266552414484451,654,10,4
11,1,2.3382887294131747,1.2169558274667318,0.7916325203865667,1.8082878991867393,654,10,4
12,1,2.3722610076585084,1.6018418992171484,0.9039420257274219,0.7829756954143698,654,10,4
13,1,2.3919464068926057,1.4632971286156264,-0.7403351556059757,0.6353487512503615,654,10,4
14,1,2.4016236310033765,1.8491837323116056,-1.4416553067136584,2.0349323957108965,654,10,4
16,1,2.476643946645025,2.27545576683764,1.22852139485357,1.7926738395419144,654,10,4
22,1,2.626857512347388,1.6284943397793419,0.07157071478582162,1.2813551636287581,654,10,4
23,1,2.635156902395923,2.4184633152355177,2.0417879886783874,1.776662491848802,654,10,4
26,1,2.6668676061748675,1.9569973530095517,2.5948145222051435,1.2915825134874381,654,10,4
30,1,2.84153457557901,2.723002372793537,1.1981551500115541,0.4951635120310252,654,10,4
35,1,3.0318182039591735,2.4401147484718186,-0.1587602624683127,0.9328566945134933,654,10,4
19,2,2.5715277396049228,0.832798015466864,1.851887849458223,1.1885090669710754,654,10,4
24,2,2.6355872672101066,0.8270022611858352,2.1256146472069664,1.0121250600068774,654,10,4
33,2,2.997139100009998,1.008487500601999,2.0150054279359484,2.504153115975753,654,10,4
36,2,3.066609094583562,1.3070049797477332,-2.9006808783645,1.4156283143209727,654,10,4
38,2,3.092909605728529,0.5398283248022949,1.3994576151735936,2.146388040769242,654,10,4
41,2,3.1792853406265422,1.3998985048455477,-2.2896842325892224,1.829587904928597,654,10,4
44,2,3.196538245779906,1.4705313219817406,-1.1678849982011645,2.0338111336822875,654,10,4
45,2,3.230318465430233,2.251742830627564,-1.9310025808004851,1.7748823551902462,654,10,4
50,2,3.321628471188247,2.220189375333515,-2.3150391554721175,1.3576687074866713,654,10,4
54,2,3.342097989914815,1.1546033607471413,-2.990607239128595,2.965841976337529,654,10,4
64,2,3.48044319334442,1.4266896657722896,-2.8273803143215717,2.6020884884539734,654,10,4
77,2,3.6586782188469225,2.5511479224064404,1.172520710445348,1.024584122644429,654,10,4
84,2,3.7155566558934483,2.0530309099268758,0.3738129163849095,1.1720322722672,654,10,4
92,2,3.777893886663101,2.0687485758755124,-0.14064801221223885,1.0919083847986641,654,10,4
96,2,3.8034025615618496,2.628027298563673,1.1175221794604564,0.5026883348120296,654,10,4
104,2,3.8426961664499504,2.2773735083679263,1.355310821831674,1.8346905570446665,654,10,4
108,2,3.8627061847469255,2.294413256312373,2.4795976166149365,1.6303510123951348,654,10,4
177,2,4.298462523158676,2.7806635097390524,-0.098961457581087,1.136785945439446,654,10,4
66,3,3.5170012518952634,1.4154015143162404,2.3227255093253665,0.5912810894811525,654,10,4
86,3,3.7319786678026015,1.6240880215122169,-3.0086494213563904,1.3233074301005965,654,10,4
111,3,3.8896562363711853,1.6036933648716476,-2.967385866476759,2.604396023380948,654,10,4
121,3,3.9347982302032714,1.813167555282724,-2.34415464522113,1.2909767548176756,654,10,4
122,3,3.9369702153367045,1.3640935383853279,-2.3671415852933917,2.7091068189348677,654,10,4
130,3,3.989323213613468,1.3710723755984122,-2.685177589292539,0.8962349111262071,654,10,4
152,3,4.1297289326324504,1.3971226857629626,2.184089232746371,1.7431856650210837,654,10,4
153,3,4.131032121976345,0.9215366192071727,-3.1062306011826557,0.2894523527402471,654,10,4
174,3,4.2660641464332745,1.0606509214848865,-1.9821582653005498,1.5600753171273398,654,10,4
178,3,4.30846338313219,2.6132611064473044,1.4673136653159782,1.8458835283345811,654,10,4
197,3,4.391357635569638,2.1324491619079056,2.410338731478159,1.4770060945193382,654,10,4
203,3,4.414097840296734,1.5513629244555016,0.37385389194999286,2.2209199871408427,654,10,4
205,3,4.416065653766025,0.8827545600463491,-2.64932272410141,2.221205306603328,654,10,4
233,3,4.589188190765759,1.0937612456377999,-1.849260360944436,0.6425125915236255,654,10,4
237,3,4.596797668303617,2.396305411247574,0.8198852392776218,0.3135171863759627,654,10,4
243,3,4.618262176936939,1.9244303698950191,1.238577635747464,1.2840759374890958,654,10,4
245,3,4.623413782201497,2.4808101007438528,-1.6286314448658117,2.2782068485118026,654,10,4
260,3,4.704202352745575,2.557646972098367,0.02382835416015892,1.1667854761266414,654,10,4
144,4,4.077884385027413,1.486495220595751,2.2797999363519144,0.8792229445283706,654,10,4
211,4,4.452975333742627,1.3125740086820905,-3.0724014693783683,1.3326331983667337,654,10,4
242,4,4.61680339542352,1.136733890883264,0.7764351862121145,0.503972536506327,654,10,4
257,4,4.696724831318317,1.699989764822478,2.1220988809873225,1.6614560290987135,654,10,4
287,4,4.828190030559823,1.7765326886512864,2.4308339042408367,1.5146948475398454,654,10,4
293,4,4.838289717976872,1.040898365403718,-2.514599705941453,2.535715438707768,654,10,4
306,4,4.894007093964054,1.9701151824460936,-2.680951248779723,2.649051822311226,654,10,4
310,4,4.93466595617574,2.113228538807063,-2.7689493664946063,2.408156039358865,654,10,4
313,4,4.938489655618133,1.507928328792938,2.721264937402936,3.010296387203935,654,10,4
323,4,5.004364576116726,2.594568268211011,2.8840995903222613,0.48767767572261145,654,10,4
408,4,5.318515859714287,2.3078010433098637,-1.7042341688620488,0.1197248824385238,654,10,4
417,4,5.350411713978206,1.6604314872731345,-2.0411639098835566,0.8217723074699436,654,10,4
435,4,5.447594658834496,1.5932716990093665,-1.3795460744918115,2.0148959587341406,654,10,4
441,4,5.476238849897848,2.411213643420252,0.4060543659286655,0.3380484980788418,654,10,4
445,4,5.496787127261172,0.8786198037296481,-0.015291259719809965,1.7238645322949928,654,10,4
449,4,5.5179672859976225,2.5073319556378855,1.4587329252264611,1.4453541456908918,654,10,4
451,4,5.529395979729759,1.4989609140892661,-1.6933324777719734,2.132677162204248,654,10,4
452,4,5.542811012963874,2.9334644512972963,-1.2554670884254244,2.2171562236662337,654,10,4
464,4,5.627231946111754,2.7306405162101153,0.3183893383978903,1.0800865031476252,654,10,4
411,5,5.331489196400872,1.7039082206907317,-2.849537127023626,1.424662904309659,654,10,4
421,5,5.376488354451689,2.404543480551238,2.39547972374932,0.630712291646199,654,10,4
444,5,5.485337124722576,1.4270106386627832,2.790040514029061,1.5706573900818266,654,10,4
453,5,5.566325941430024,2.9448952563107196,2.7685735322014557,0.47508286432894276,654,10,4
483,5,5.740393198014081,2.7377212896059744,2.810285231181105,0.4944743533098983,654,10,4
491,5,5.776434917905552,2.530112658368639,2.6518486332124196,1.2500751334165117,654,10,4
500,5,5.846212678523585,1.2887923499404155,2.3554575816880505,2.728725722081915,654,10,4
512,5,5.935520355609922,0.8606175926899968,-0.24870221156648695,2.180641930366305,654,10,4
519,5,6.032355737526684,2.4966201963668126,0.3150509693765682,0.9824392662394905,654,10,4
523,5,6.07083694912337,2.792507743825912,2.22846720541578,0.8246771580939853,654,10,4
527,5,6.093116872623571,1.7029708441123903,1.0241735534882526,1.27612694736164,654,10,4
529,5,6.103459336006939,0.9699127062566124,-2.541914523401787,1.8971764568626917,654,10,4
538,5,6.1918765994030505,2.4960982456194567,2.532597490712916,2.837954319273791,654,10,4
542,5,6.205569250527484,2.7104059966700413,2.9279732985059415,1.0803028711195184,654,10,4
546,5,6.239211089312834,1.7484588808926333,-0.7452198525784791,0.7830650855225936,654,10,4
548,5,6.254449195413166,2.185199422588572,1.5237303738337327,1.587481101034109,654,10,4
552,5,6.28018534273834,2.3707114663276556,2.503350799499947,1.0036452463396237,654,10,4
553,5,6.291891959501152,2.141172417608644,-2.882141152997115,2.8315623105376697,654,10,4
561,5,6.352072687013194,1.6671972675619398,-1.9008023814368824,0.21685512697527817,654,10,4
562,5,6.3552711916001146,2.0665141838137107,0.5352574094892113,0.21997091575361957,654,10,4
566,5,6.387292726378227,1.6353257020770944,-1.2149427229588918,2.077087401879737,654,10,4
570,5,6.430394906190742,1.0044693016249955,0.8933137729431698,0.8710974741366349,654,10,4
573,5,6.501082972900653,2.3170777528348574,-1.2687487143666465,2.4492044938856985,654,10,4
580,5,6.59578455552729,2.2015924738377244,-1.4676147737035938,1.6496957133204897,654,10,4
579,6,6.573636593080607,1.9596533744661289,0.9393043391531167,1.3126519552598441,654,10,4
583,6,6.611549252428162,2.624403181296355,3.0474930850467206,1.4562205064543954,654,10,4
584,6,6.625436204156986,2.2996327925832554,2.816882755670299,1.4746779568742534,654,10,4
594,6,6.7685458188202485,0.46500167493190847,2.1603817021369687,2.4396162974487408,654,10,4
600,6,6.83871391296573,2.072692132326985,2.6345337087816914,2.4136308146418872,654,10,4
611,6,7.063107675616229,2.2061673194471636,0.8589501381470455,1.0428358830553917,654,10,4
613,6,7.0734469282371,1.1203424858841675,-0.5142425577314742,1.6579839136739905,654,10,4
616,6,7.090455808361869,0.4311372783165993,-2.3002598961833933,1.4191886378268856,654,10,4
620,6,7.147089113229493,2.586147050637859,2.6533807735256425,0.934209216892397,654,10,4
622,6,7.166871724600886,1.2426848164230693,0.14352420042902944,0.2414612996426367,654,10,4
624,6,7.218478198390976,1.1342235097960445,2.8761817538914647,2.090356709699509,654,10,4
628,6,7.274891238086233,1.692137401684043,-1.5244345459576227,1.7371480868254612,654,10,4
634,6,7.564974628215461,1.5146878869375078,-0.28550760570056494,0.5966905138319647,654,10,4
635,6,7.594281650828378,1.0126181236095666,1.6313622245412367,1.2411065014200773,654,10,4
636,6,7.625457717593304,1.1214359218854324,2.166790775924199,1.1189033086860714,654,10,4
638,6,7.701337801424637,1.5058580583574832,-1.9828687301353853,2.6944116762448824,654,10,4
639,6,7.771036243624394,0.9830614040758735,2.0083945723393017,0.8493126992828672,654,10,4
641,6,7.892741610712032,1.4049429679447987,1.8861421095864528,1.0731031329510299,654,10,4
608,7,7.021529167226316,2.516649951730807,2.9564276068780724,1.4314370424686091,654,10,4
631,7,7.42435961607807,1.7978158506678246,2.885663663318176,2.4389696443350437,654,10,4
633,7,7.553225084466692,2.1918534562173675,-2.9402831519719594,1.4755977362733719,654,10,4
643,7,7.916760941081076,1.9704469758136778,1.162727294811261,1.0006881974167552,654,10,4
645,7,7.976119663171072,1.8478296816034072,2.151627286302422,2.3214177546096435,654,10,4
646,7,8.04074432525878,1.8366411651942078,2.847706263799133,0.8718980148282148,654,10,4
647,7,8.175357029532135,1.6786361741655949,0.17586463977037164,3.031127754055143,654,10,4
648,7,8.192608681924941,1.2666636382700946,0.651403109338462,1.3391832879929755,654,10,4
649,7,8.23705995035137,1.6462354839868438,2.3945765534948245,1.666204407578282,654,10,4
650,7,8.260647421684212,1.1182067815005126,0.4321253407711284,1.5186611284050204,654,10,4
651,7,8.360446883456195,1.4411094504643103,-1.906564728500568,2.0510995609590648,654,10,4
652,7,8.407472309485705,1.546655831270054,-0.8953606071402765,2.704819827725191,654,10,4
653,7,8.440461742062435,1.4543098025191317,0.45661687436342635,0.8590190560607162,654,10,4
654,7,8.770869599107193,0.7626803896649668,2.0584873775005064,0.7882804115084581,654,10,4
655,8,10.0,0.0,0,0,654,10,4
0,0,0.0,0.0,0,0,654,10,4
1,1,1.2688784322924185,0.8554795753537122,2.935121510773556,2.0802132645437434,654,10,4
2,1,1.51855767985147,1.1908144918063879,2.338632374476721,1.1792265274674547,654,10,4
3,1,1.519016068737855,1.1818574559316586,-2.5018695430039872,2.4744995033619803,654,10,4
4,1,1.6885891245779838,1.509838161343194,2.078679816867381,1.2749652458202834,654,10,4
5,1,1.7128495747458738,1.4964682699959027,-0.7760265676476068,1.6201748192073642,654,10,4
6,1,1.8474463377526251,1.5118365618613199,-1.7405834371218507,2.146785802836794,654,10,4
10,1,2.010030622925197,1.966145514684547,-0.7611590341301541,2.217460606386637,654,10,4
23,1,2.4064523470422508,1.8797335325679971,-1.0261546410589455,1.9313998271696207,654,10,4
11,2,2.0873646714768093,1.269402214252078,2.4337764154434405,1.1211272691191676,654,10,4
18,2,2.3078313466137,1.1185888467962055,1.798953194084575,1.2159948458509018,654,10,4
24,2,2.4526725170030073,1.8006397744253932,2.3048925769460973,2.042825767743878,654,10,4
27,2,2.5718440616411398,1.411201945010245,-1.8843496782521318,2.274976589452327,654,10,4
28,2,2.6457765164847857,1.9751189044114101,-2.453729506139713,2.805134653167564,654,10,4
32,2,2.7467642345964363,1.3292125731801423,-0.9039714568465504,2.321780830143987,654,10,4
33,2,2.7502200223614537,2.31276073794393,-0.9875754081378582,1.6397271976210466,654,10,4
37,2,2.791205115682349,1.3216296218951307,-0.9286127532939005,1.4210451563966942,654,10,4
41,2,2.936144946275724,2.411260552676391,3.0675321362736914,2.229212391451653,654,10,4
42,2,2.9659211249095065,1.8745902771122316,-1.0662839698351845,1.5340590874939914,654,10,4
53,2,3.080710237930923,1.429079973814401,-2.6492213402356746,2.420885539206592,654,10,4
59,2,3.179748375070467,2.0501440569143705,-0.8712495197343524,1.9055692944871858,654,10,4
65,2,3.27754971843752,1.648389678790016,2.9652763889939844,2.0463118416688055,654,10,4
83,3,3.4390091466711503,0.697703573339981,1.0352921927074599,1.0113001371785846,654,10,4
94,3,3.5785840287447757,1.3148715649209208,2.5935935979815925,2.825666291635349,654,10,4
104,3,3.7328865546732803,1.4484711330323907,-2.4522513897034304,0.3262684725268322,654,10,4
124,3,3.9166405574974728,1.9750007439186894,-1.1972238650854952,2.0839993134839148,654,10,4
125,3,3.91688664298085,1.4181869271978507,-1.0095437112685632,1.0449416791386565,654,10,4
126,3,3.9189670826230802,1.9030937548564526,-2.8148612249685026,0.8973082828252532,654,10,4
143,3,4.0275988479397595,1.6900617680244272,-3.130196501838196,1.538609740752376,654,10,4
158,3,4.181549065794881,1.475200540259661,-2.837850002249219,2.1184516892733996,654,10,4
169,4,4.263437634976846,1.5650977365927299,-0.982593781197479,1.1000406459141077,654,10,4
176,4,4.27729049513098,0.9994808527654205,1.850287091286148,0.7238872443618389,654,10,4
223,4,4.5198972937353235,1.7094622247497224,-1.0747204804973078,1.8116321935766482,654,10,4
226,4,4.530498069426502,1.833302245852881,3.0049475607566514,1.59706031240256,654,10,4
303,4,4.888129562554884,1.4862483509245925,-2.493880319789416,2.5337426600320145,654,10,4
387,4,5.204854192701797,0.9228240032020101,-2.7341300931500743,0.8078783884511611,654,10,4
399,5,5.272207090345685,1.8579042177407368,-1.073120862987371,1.8384705779005492,654,10,4
434,5,5.4320344403452445,1.9891204494571824,-0.7651905620888628,1.34469944325034,654,10,4
441,5,5.459918795705601,0.7836283698823091,2.2500836891517664,0.5302763182943296,654,10,4
485,5,5.703934498749183,1.3102147407940028,-1.7552209854845895,1.520045030413134,654,10,4
510,5,5.860418772664719,0.9889985592602767,-1.962068043415598,1.991569346402465,654,10,4
512,5,5.873722746797333,0.449829327229077,-1.025257630464332,0.6069458933174109,654,10,4
516,5,5.9013879981093105,0.8672769338159758,-2.7730575018529895,1.034517904372327,654,10,4
508,6,5.8527669810116745,2.0607937281290276,-0.966208108690082,1.6614596013143104,654,10,4
531,6,5.992577133153182,1.6372841384516597,-0.7769732866446055,1.3842060952897512,654,10,4
600,6,6.812768235368911,0.6614195053676479,-1.6694029131685324,0.9411005608958826,654,10,4
616,7,6.997115114143382,1.6506548488759651,-0.6741385774949771,1.8295215783349368,654,10,4
634,7,7.386090788585456,0.9214370349389229,-2.33194373823593,0.6563197015011266,654,10,4
647,8,7.989786254783585,0.38851405562203595,-1.857099729583437,0.6695159418797114,654,10,4
652,8,8.186113788757636,1.3120915220191594,-0.040992351717766856,1.7817099565411976,654,10,4
653,9,8.686433745760995,1.1125503257757263,0.016564634943423227,1.4060007991295729,654,10,4
654,9,9.159322055163198,0.7483693526379246,-2.9651171183299674,0.9039582815875324,654,10,4
655,10,10.0,0.0,0,0,654,10,4
0,0,0.0,0.0,0,0,654,10,4
1,1,1.1507546983875572,1.0114391335928477,1.7675665889070544,1.0144653099347334,654,10,4
2,1,1.33975878557814,0.3660862765332766,-0.5243417844650734,1.5696550010649821,654,10,4
7,2,1.770530930996812,0.33518860879331275,0.4094002347027791,1.2182700116228609,654,10,4
11,2,2.0517533709213764,0.31071183670778174,2.704805418745995,0.6723990680522379,654,10,4
23,3,2.3877080831005113,0.3249233886734838,-0.3875727491441216,1.2017039414399695,654,10,4
31,3,2.5618599060320655,0.5928793556040336,-2.078092463895443,0.5417707543610321,654,10,4
96,4,3.7584952859807617,1.0801524022033389,-0.6839832152928349,0.1916875498926228,654,10,4
172,5,4.341299633055752,1.2165803993695439,-1.2560294829141623,0.5653977529740659,654,10,4
524,6,6.038581127275938,1.49168376925413,0.023288533565919742,1.2266820991365153,654,10,4
583,7,6.608018663183493,1.7855105690365909,-0.03463010492285324,1.34857611408456,654,10,4
614,7,7.00148697985526,1.1687587825735524,0.25938366172313554,1.3001011436248124,654,10,4
651,8,8.265202850871255,1.4572283297527295,-0.09072323830449211,0.6534865919230157,654,10,4
653,9,8.53222852250672,1.23774013407569,-0.17365861329256108,0.5891394764832931,654,10,4
655,10,10.0,0.0,0,0,654,10,4
0,0,0.0,0.0,0,0,654,10,4
1,1,1.1702971999349943,0.3406117430798511,2.7874806871441917,1.6708048279966512,654,10,4
5,2,1.4935290347348606,0.5959281469532322,2.960455643455479,1.9593495296467456,654,10,4
31,3,2.6215988601201348,1.3708796899397928,2.8073540009393816,1.0417819575294547,654,10,4
56,4,3.187571120664389,1.400521128137525,2.9227373354412562,0.6734734192150945,654,10,4
103,5,3.6611973180614976,1.0623901269681755,2.9574420461992883,0.6895477676677393,654,10,4
242,6,4.6051987538457215,1.595297992358724,2.7904345004376214,0.7545322952953949,654,10,4
267,6,4.759916814294872,0.6526870379075733,-1.9489487315944607,0.8683847790028694,654,10,4
280,6,4.809451838903616,1.4618375457110795,-1.7126077046004902,0.5220227910227071,654,10,4
431,6,5.446679456670719,1.7825827064944513,3.117002890631172,1.254719847090737,654,10,4
426,7,5.402526842995448,1.784108473315752,2.414703324497712,0.9261630350565947,654,10,4
508,7,5.889520539658677,0.6039552032909067,-1.296172176128063,1.9173587122185936,654,10,4
567,7,6.383017935108689,1.0323124618325612,3.056932930411518,1.205084609676758,654,10,4
565,8,6.3732700025752775,1.8154908423659186,2.2164769239029316,1.0491729787136963,654,10,4
608,8,6.880500490235171,0.9733822749766228,-3.138746716878348,1.3449113560739485,654,10,4
610,8,6.890322010359365,1.6054577692220706,2.804612062021177,1.3369441740909767,654,10,4
614,8,6.957152629000337,0.7661754019296876,-2.141700567752768,1.847463610389064,654,10,4
616,9,7.0144519503213125,1.5304412850425615,2.3426105534560864,0.7759129297712362,654,10,4
635,9,7.598021049837501,1.7335913900995763,3.0340207787372595,1.146567628789507,654,10,4
639,9,7.84826557125606,0.9071966213379256,-3.0589615592441106,2.653379014742458,654,10,4
640,9,7.8844211324738485,0.9620917027512218,2.8835751654951913,2.1626739629027103,654,10,4
642,9,7.979636788121924,0.4217280024165638,-2.284474497832839,0.7892161184119331,654,10,4
647,9,8.11990876038044,0.4714876113238072,-0.22260477897588204,1.5634014632362485,654,10,4
641,10,7.963804634799577,1.6271673239456363,1.9725588291991818,0.4365228666189734,654,10,4
645,10,8.057824558966894,1.8456826373032182,2.2859241033978277,0.910348884618127,654,10,4
646,10,8.113330181541379,1.7546302926004163,2.9911904116802894,1.2282524495496339,654,10,4
648,10,8.164821028513082,1.4939294837837627,3.09967147751947,0.8155685045849008,654,10,4
653,10,8.538464329015763,0.5959581928453224,0.35281545909804785,2.0205824332188147,654,10,4
654,10,9.10593323074529,0.5303466413868899,1.4905471146219387,1.2332396263033374,654,10,4
655,11,10.0,0.0,0,0,654,10,4
0,0,0.0,0.0,0,0,654,10,4
5,1,1.4218126999546599,0.2896306614118716,0.993759355702644,1.9904965687567597,654,10,4
10,2,1.9714532483114378,0.34569959110043613,2.8066443574226425,2.2010120682818273,654,10,4
36,3,2.7031786087251994,0.9492529945838648,2.565318051916267,2.6719937944698278,654,10,4
88,4,3.526716431925104,1.3579091791404465,2.5869776636694546,2.050377818525665,654,10,4
106,4,3.7379306710283333,1.2155658993081944,1.2191654848294995,2.148785268205837,654,10,4
128,5,3.9633659360890516,1.1333554133903774,2.3578850681879127,2.061829030446437,654,10,4
213,5,4.542970536083662,0.961022176911689,0.730241093232917,2.490476612501399,654,10,4
295,6,4.887295464491853,1.0977838685496821,1.3728362588959702,2.301562719732225,654,10,4
453,6,5.528638919945772,1.240697934312516,0.9569114160526934,1.8360321922592338,654,10,4
444,7,5.475251543042301,0.9813229081641031,1.465649496925043,2.2422912867734466,654,10,4
568,7,6.427980411343251,0.8477205467777976,0.28290003633024935,1.6811863707398025,654,10,4
613,8,7.028223242694736,1.2828602680777073,0.08508079170634143,1.5665932258459547,654,10,4
645,9,7.9908000053152115,1.3334797555475344,0.28985025552845217,1.805972273279176,654,10,4
648,9,8.106107664967146,1.3531420639456144,0.7160894244682838,2.1516693045157704,654,10,4
654,10,8.934252931968134,0.8800781374485616,0.4043459105841797,2.295268506970311,654,10,4
655,11,10.0,0.0,0,0,654,10,4
0,0,0.0,0.0,0,0,654,10,4
1,1,0.7344261146181563,0.39981140776258134,-0.3849352136891992,2.61729809327288,654,10,4
2,1,1.4931301760022508,0.9590211615435298,-2.9127169123565175,1.0894592651307011,654,10,4
19,2,2.55670806259562,1.512084001824811,0.8635327946340787,0.9714904423887785,654,10,4
20,2,2.567539049020567,1.6558750563580844,-1.764845200278807,1.3904417185515272,654,10,4
21,2,2.646277290999933,0.7231059690558111,-1.5066068426784212,1.8449712478258793,654,10,4
23,2,2.689726321879613,1.8885950854978344,0.17960244296118114,1.5916441831677186,654,10,4
25,2,2.799038671026982,0.3740624674450427,-2.3257539607970803,1.2878684202122743,654,10,4
51,3,3.229572884487256,2.087153607142199,-0.010676838808667719,1.5236961634367403,654,10,4
67,3,3.4003041442570883,1.7152565945778966,1.032876051857201,0.5285632626965376,654,10,4
115,3,3.9112700793001256,1.100765675700935,-1.976660085087903,2.2538667104340435,654,10,4
150,4,4.215595818089478,1.0239465985489238,-2.200516949305459,2.086549477636241,654,10,4
152,4,4.223819228744949,2.313002672139047,-0.23112626225257493,1.5343142316692437,654,10,4
205,4,4.475515063561093,1.976595477052399,0.673948162180309,0.7632063762054418,654,10,4
237,4,4.599305773444354,1.936850112186138,0.06979597638004073,0.7494739705296426,654,10,4
412,5,5.298126186431761,2.1426974530877554,0.5099589890951446,0.6686018075273732,654,10,4
446,5,5.508717367907171,2.133054413681906,0.0656599065861553,1.382875712980692,654,10,4
460,5,5.588801214661435,0.9529859030515794,1.4714745314754236,2.6140633550784544,654,10,4
531,6,6.023546459927377,1.8790979709475175,0.3135430609919076,0.847714197305413,654,10,4
575,6,6.523955718742222,0.9878143449528944,3.087254153891983,2.8223339365496125,654,10,4
577,6,6.529938941179899,1.4248962314915388,0.9493224662208742,2.702540726504042,654,10,4
590,6,6.658756044989041,1.5217265349873428,0.8856611521910526,0.5348211240432189,654,10,4
596,6,6.685292022328021,1.1201651809791975,-0.15727787852395989,1.2549665697941255,654,10,4
623,7,7.2072506430472565,1.6808253004143876,0.845355689621756,0.9177458814163383,654,10,4
637,7,7.595422409136113,2.043839330265716,-0.48892024138764895,0.7247651092051015,654,10,4
638,7,7.616509951164179,1.141869897504279,1.7903219361906568,2.159505048684195,654,10,4
639,7,7.6570770766531036,1.6579507746871394,0.21275969427026184,0.7881235272446306,654,10,4
641,7,7.713129707146383,1.5308405267205127,1.5010342784536936,2.0896011305817344,654,10,4
652,8,8.47563263205453,1.0487204066812557,1.0961919867050933,2.279854955869206,654,10,4
653,8,8.5012669721558,1.3333774348529894,-0.6331202869696838,0.44639073861209005,654,10,4
654,8,8.73019865309167,1.029928838786698,0.42710851072258665,1.1035567795948955,654,10,4
655,9,10.0,0.0,0,0,654,10,4
0,0,0.0,0.0,0,0,654,10,4
1,1,1.469216813219545,1.1119402540807506,-1.2384723775338748,1.9639566352142004,654,10,4
2,1,1.499931729128613,0.31406924616863297,1.276549636046695,1.2551646619890253,654,10,4
3,1,1.5014910212969312,1.4824601774126276,-2.6191167132118367,1.8340005508852801,654,10,4
5,1,1.559743304020741,0.42876633144905185,-2.8138982521699902,1.5000146849544291,654,10,4
6,1,1.6424135165428788,1.5578600365484914,2.1045969933982382,1.7474741831624803,654,10,4
19,1,2.346268499948274,2.226406466020428,3.101839517684292,0.6558685430471617,654,10,4
9,2,2.0574937006214555,0.5062075234333787,2.8216269807200614,2.4103917941884436,654,10,4
17,2,2.34371609013814,0.2755768055633377,-2.681989452760427,2.6917600999596814,654,10,4
27,2,2.5486997758438914,0.9496922966878012,-0.04824461821711264,2.519295783235941,654,10,4
33,2,2.7566665623124607,0.6180705733417717,0.7400303636451394,2.0850273564441824,654,10,4
40,2,2.8711928873618184,1.348263508573481,2.7085088889247726,1.8935746975607752,654,10,4
62,2,3.3009185199691338,1.7989021391657316,2.54676082509142,0.5308097265731877,654,10,4
58,3,3.242491941398108,0.9440891926290159,2.7513309860926682,2.5732432614030474,654,10,4
70,3,3.387812467774649,1.6573712675548282,3.0481423072322453,1.9132556577656248,654,10,4
73,3,3.4182198756297466,1.7929393093075667,2.640734142999496,1.9848327994253423,654,10,4
94,3,3.616342019238341,1.4562253496911646,0.6839910678193794,2.2244051104750837,654,10,4
108,3,3.7504666930101562,1.4909480831452249,2.718264757993854,0.6353598973844464,654,10,4
222,4,4.481746612503661,1.4533316505909666,2.5399104225789477,1.9086594870862073,654,10,4
229,4,4.530746005488636,1.3356659624336642,-2.9125971830330384,0.9453968266858263,654,10,4
262,4,4.680040877258321,1.9413640895787545,1.3760386033590788,2.2520148471619845,654,10,4
324,5,4.960272873308376,1.4291129459867402,2.5560804560516366,2.0832215125658884,654,10,4
438,5,5.476759140643187,2.4730624183867063,1.1242549461939257,2.120991550821579,654,10,4
442,5,5.48732522761493,0.9490944772155867,-2.477300607072335,1.5722048464182303,654,10,4
566,6,6.360799668893993,0.21337251538029556,2.074492852799187,2.5044213203786905,654,10,4
571,6,6.423236146932948,0.9525760038656593,0.9786289476366997,2.290312160089558,654,10,4
579,6,6.522414991065012,2.328188126495247,1.2192519438350788,1.821122051814301,654,10,4
595,6,6.7407874503315925,1.1861772279936116,-2.9120991790088175,1.587961569018917,654,10,4
607,7,6.972112954261053,2.3081379681028817,1.1056473872284562,1.8093063999044705,654,10,4
630,7,7.342911924854113,1.571500221403038,-2.707906023417537,1.3424917088503932,654,10,4
638,7,7.528683578682335,1.0346059449499434,0.22253831412080358,1.9191394987092938,654,10,4
651,8,8.047452738303697,1.8061279772807342,1.4614087742891377,1.9826617477041288,654,10,4
653,8,8.29015155340395,1.5309307428106123,0.0691275220501588,2.1358403206388545,654,10,4
654,8,8.644807539381986,1.1631037578887942,-1.8474077026842446,0.9262700786863106,654,10,4
655,9,10.0,0.0,0,0,654,10,4
0,0,0.0,0.0,0,0,654,10,4
2,1,0.9030349490034206,0.5600534626964485,2.7649872395780357,1.7437834251389277,654,10,4
5,2,1.4048247278223491,0.826472723552722,3.12608660066508,1.4565909221533826,654,10,4
6,2,1.4574017904599224,0.7211310804049973,2.5798106302947823,1.8307983961542351,654,10,4
27,3,2.4146199405789193,1.223285465726336,-2.9660909505761976,1.317953060660218,654,10,4
32,3,2.5850011440188583,1.6813983158882622,-2.8440897865865504,1.1316750484196803,654,10,4
60,4,3.154560630687505,1.40168679787426,-2.7578493078095443,1.6731921095173201,654,10,4
90,4,3.5132519719255386,2.3301014355882264,-2.623926358906289,1.0015201722529004,654,10,4
136,5,3.8891031584788704,1.033137934824864,-2.6154244490814618,2.1115981042416614,654,10,4
141,5,3.9377277705549396,2.10018026305724,-2.5207275642681113,0.9544120601320906,654,10,4
146,5,3.9880778849345466,2.399476912141351,-2.4185543095205606,1.0345329257410805,654,10,4
245,6,4.6268139501463725,2.0719219301545073,-2.208641333228475,0.8755461277911233,654,10,4
353,6,5.081865905554968,2.449337614076619,-2.931077936379898,1.0139698853707715,654,10,4
436,6,5.389872191914529,2.10835404000048,-2.9121795127322003,1.1300687638098035,654,10,4
466,6,5.530404010493549,1.64569672231375,3.0101232057913614,1.2052269013988668,654,10,4
376,7,5.154166894423078,2.4572815803216823,-2.248159961866962,0.835014691508197,654,10,4
459,7,5.490823564622028,2.079850842809874,-1.8510955445920605,0.9763337776560942,654,10,4
485,7,5.646168779324059,1.6121143334744708,-2.091139252445866,1.3614922833990226,654,10,4
568,7,6.312855772059457,1.7356922041267355,-2.9864407453102824,0.7919552635114312,654,10,4
598,7,6.578833389343812,1.4409718559299407,2.7493027375247743,1.787132471585465,654,10,4
599,8,6.582877227232947,2.8969966277690102,-1.7324683106544898,0.7851861290108991,654,10,4
618,8,7.011178067004492,1.8370590184812687,-2.1409936858171124,1.979205713531151,654,10,4
625,8,7.207323095788354,1.9746383359398405,2.86593144483182,0.9798529719338017,654,10,4
642,8,7.593617051463583,1.272925440274822,-2.959229851568996,1.9036972293177343,654,10,4
639,9,7.486310462163147,2.0221685383447507,-2.146062857423837,1.9523509409673603,654,10,4
648,9,7.785346108281795,1.9038443556039162,-3.1325847148074377,1.0764650735979635,654,10,4
650,9,8.007378310441414,1.9234667386178188,-1.2510064906305267,0.5015103255013219,654,10,4
652,9,8.335137715265367,1.362236843139947,3.0369556303458585,1.8061924215527083,654,10,4
653,9,8.34102125185167,0.9371111254334716,-1.7136420340796814,1.858327874075187,654,10,4
654,9,8.615732256389258,0.6470058261967552,-2.1524043930899093,1.3602939669041696,654,10,4
655,10,10.0,0.0,0,0,654,10,4
0,0,0.0,0.0,0,0,654,10,4
1,1,0.6424472791450975,0.45463681316385535,2.060721303438558,1.7888629459561998,654,10,4
2,1,0.8043389376794474,0.6633916569812827,-1.792933278416405,2.592306347284873,654,10,4
3,1,1.016668219079695,0.5454931624884954,-0.9490473355937723,0.5471209613106599,654,10,4
4,1,1.4283267432758906,0.837526913713717,-0.09692587383215762,1.728400555399656,654,10,4
5,2,1.7099440489491424,0.763905777410582,1.1510007051694249,1.3686419582599323,654,10,4
9,2,2.1348245464387325,0.7349771934787734,0.6703860241032098,2.051804200590528,654,10,4
27,2,2.733596772465945,1.6176568563547327,0.6192951358340258,1.318560537522722,654,10,4
24,3,2.683013401723482,1.683505525065776,1.2813498759447843,1.3729872659684206,654,10,4
33,3,2.960198959474546,1.3327365939420668,1.0829695070374112,1.4708519908917863,654,10,4
42,3,3.1387243230866058,1.3255260863072316,0.7429359810720108,1.3083364836473539,654,10,4
69,4,3.4526924386549385,2.2017627090919984,1.1812422194835979,1.3040036960671548,654,10,4
103,4,3.7466772237014445,1.4191655839951567,1.7767034048268178,1.7266377674552051,654,10,4
107,4,3.783220090427996,1.5601529325717058,0.569112369077072,1.1147228104420093,654,10,4
153,4,4.146997319979451,2.2184301179353048,0.7586277349946516,1.6414736784302875,654,10,4
373,5,5.126616336369231,1.5516781376408528,0.864818661933551,1.7504986926840689,654,10,4
531,6,6.080920437467677,0.8412026265845101,0.83127724104395,1.7744035298037832,654,10,4
602,7,6.656128149207276,0.8663463041569737,0.4067602060535783,2.209795137330587,654,10,4
628,8,7.202419938715022,1.1591502966578977,0.5070513250349464,2.4136784009562375,654,10,4
650,9,8.532412421054406,0.6571793977338153,1.0925853678403024,2.0495406509690577,654,10,4
653,10,9.080307406986543,0.6233341789262311,2.0857216786396564,2.534382767561675,654,10,4
654,10,9.362244402462975,0.5202045238021156,2.2036589267890645,1.8233997284979566,654,10,4
655,11,10.0,0.0,0,0,654,10,4
0,0,0.0,0.0,0,0,654,10,4
2,1,1.3790814135056695,1.1266392864938946,-1.9733248847987224,1.409389689635105,654,10,4
6,1,1.9881182892067362,1.3632550844395566,-2.884424670691515,0.7124128725523036,654,10,4
24,2,2.701238489063773,2.0929867639935043,-2.1590741179062665,1.1060281352436565,654,10,4
28,2,2.7586520311574967,1.6698338760770755,2.900498781788199,0.5143374571288637,654,10,4
44,3,3.097397410527459,1.9074628799949942,-2.1250300540530094,1.1168945262021446,654,10,4
57,3,3.2462330336109844,1.9616335952541986,2.9087397111268785,0.6782805963200847,654,10,4
157,4,4.1489308264990665,2.492636199992058,-2.9361137854546686,0.8220270554611734,654,10,4
158,4,4.157596247821744,2.0665180360810673,-2.5227917539822937,0.8606480410564804,654,10,4
268,5,4.755323708020232,2.028507546302754,-2.892763832663986,0.9059192254594748,654,10,4
501,6,5.966820960780926,1.3620578219677664,-2.6746847614073643,1.1862660755934404,654,10,4
569,7,6.476234846964648,1.52060882004836,-2.5056292515652685,1.2891558512728822,654,10,4
641,8,7.529078223036176,1.7031816328952603,-2.407351260423523,1.3279617407093431,654,10,4
653,9,8.941134701632272,0.853284231998351,-2.6112636438461023,1.7624531807082686,654,10,4
654,9,9.13621438781036,0.6380701578916864,2.86241231386982,0.5410744067252755,654,10,4
655,10,10.0,0.0,0,0,654,10,4
0,0,0.0,0.0,0,0,654,10,4
1,1,1.2002470000184073,0.6361529013839041,0.11031124271227519,0.650536786287612,654,10,4
2,1,1.3061436061076503,1.0742843255301422,-2.7552310037284693,2.046180423890506,654,10,4
5,2,1.9120592797622593,1.2639032000461015,-3.056517506062621,1.819150897544576,654,10,4
10,2,2.196220038096055,1.1857930645233097,-0.8373727023493642,1.075523045742169,654,10,4
27,3,2.7570741599253012,1.6157333373052245,-2.8936528155010985,1.3559604653650403,654,10,4
36,3,2.9826287418426647,1.3886451582336485,-1.4137149580427109,0.804906403086312,654,10,4
48,3,3.1248993397397564,1.4404534414733454,-0.2129360944024247,1.442913085561445,654,10,4
55,3,3.216488757621283,1.8769500300026447,2.7433600313038804,1.2814837346877568,654,10,4
83,3,3.576333048640633,1.9368194078671828,-1.6553206211155633,1.2024150144892587,654,10,4
61,4,3.293555178857827,1.2161115371301718,-1.438971510404653,0.646062909882563,654,10,4
111,4,3.9399578264882154,1.0148055109653846,0.26298892212858727,1.518010755111869,654,10,4
143,4,4.097271492416442,1.958593753064647,2.9841727030176974,1.5970996119683056,654,10,4
278,4,4.81422756037965,2.8874604959826855,-1.6971381744111074,1.4611284393156176,654,10,4
165,5,4.245011743999402,1.1213510279064096,-0.8086525325859893,0.8567303633254066,654,10,4
174,5,4.275655556534931,0.8665052378654334,-1.7825219098348926,0.7576286819503784,654,10,4
208,5,4.4914391827769204,2.1712218215210943,-1.1082412855153763,0.8895906398046001,654,10,4
272,5,4.786152247268532,2.2569442038858814,-0.5308870811015655,0.682527777635074,654,10,4
285,5,4.842377073545309,1.7041356787282356,2.8482236850587985,1.6308352466198108,654,10,4
302,5,4.898711009536914,1.967095962421749,1.5217152495264383,0.30377208211844237,654,10,4
316,5,4.976548687202639,1.8622604758958583,3.084242632614282,1.9338909690475332,654,10,4
339,5,5.087823502031645,1.939586168068466,0.3742694454866079,1.7398113093454382,654,10,4
387,5,5.252715330382279,1.0183946668794988,-0.7173042528496596,2.2414637829640562,654,10,4
390,5,5.259529483787143,1.6141268939067361,1.0483219275432294,0.49261425329666214,654,10,4
392,5,5.276971127856004,2.89648352095887,-1.7332406425804834,1.4255349239844737,654,10,4
393,5,5.282698484270637,0.7475799832250366,-1.9065987686380235,2.605412919295385,654,10,4
410,5,5.36143948941659,2.823016040298329,-0.6880087785958006,0.7995138884183236,654,10,4
411,5,5.362704919715762,1.7275895507615968,-2.7722525676314387,1.538590481505487,654,10,4
463,5,5.637845028834701,2.1988457510691943,-1.5126882171260156,1.710321303474435,654,10,4
445,6,5.548991975682203,2.8953446537535488,-0.6757410614426226,0.811512618340984,654,10,4
459,6,5.620673393830096,0.98248308198082,-0.9795839235814211,2.292829023008144,654,10,4
464,6,5.640171599738762,2.0998288057407257,-0.2129537100630051,1.2343949791308613,654,10,4
469,6,5.662218848064549,1.410707629792694,0.5974852474169288,0.82944141526435,654,10,4
492,6,5.8328362340994175,1.5947088290751887,-0.6980316131020396,1.9360184049126854,654,10,4
512,6,5.964346513938397,1.1604759597947012,0.5427454815846007,1.5451884017753545,654,10,4
526,6,6.038073520327193,1.6509616609384372,-2.914800937704994,1.4685099761260592,654,10,4
540,6,6.163548578969723,0.968219275862881,-1.7038198983812352,0.9655894175011426,654,10,4
543,6,6.184587744250162,0.4748160455097283,0.8991826675208193,2.2490370770783774,654,10,4
553,6,6.2328319532982634,2.2329867641038894,-1.4812909987517198,1.4891902792225813,654,10,4
558,6,6.257742399335808,0.6224443362635995,0.4231799189981389,0.7555461541838083,654,10,4
559,6,6.260043016816066,2.2848174115544584,0.29983935692610747,0.48845592432849677,654,10,4
577,6,6.48143886300656,1.6957356354019155,-0.9447355936163283,1.5069538451362923,654,10,4
575,7,6.459412773799511,1.8264547835056888,-3.071956595213758,1.4169190790933328,654,10,4
587,7,6.642947622859065,1.3983834087891014,1.500890806416117,0.5944340899226679,654,10,4
589,7,6.691362284167721,1.5184043039209099,-0.1505999230180694,2.284427312678283,654,10,4
600,7,6.80167443952123,1.5704461709695634,-0.2030860734638408,1.894911945841423,654,10,4
621,7,7.215215461118928,2.0733575900076544,-0.0890388742220173,0.6869917895606203,654,10,4
624,7,7.232473931387368,1.8391278148619414,-0.27344275209984875,0.520428107665909,654,10,4
642,7,7.690583655391303,1.13245143520864,-1.0245131205615308,1.6299438617011945,654,10,4
613,8,6.956682757479703,1.434263529952102,-3.0073861956306778,1.5200108955229497,654,10,4
636,8,7.529579906498026,1.1001430025420833,1.3831373986683475,0.5887665058917287,654,10,4
647,8,7.9996982226562565,1.043998407788326,-0.4893503756090114,1.125370933785098,654,10,4
650,8,8.28164133458975,1.2664395385030784,-0.31612332490050826,0.9156671570861312,654,10,4
652,8,8.455714582291199,0.5739381538189914,-0.5810790559774954,1.5606669832564422,654,10,4
653,9,8.523738088940526,1.003576732894525,-3.017597614886925,1.4996717568367315,654,10,4
654,9,9.256649049734305,0.6194466944082065,-0.24863023570982176,0.8046045466452404,654,10,4
655,10,10.0,0.0,0,0,654,10,4
0,0,0.0,0.0,0,0,654,10,4
1,1,1.1160558063842463,1.0192094403449568,1.688810826645318,1.9375629776729488,654,10,4
2,1,1.3383064760941032,1.3092086548717479,-1.0568024015267126,1.5166730451503898,654,10,4
3,1,1.4562049219040374,0.658766637867947,0.7885521986563819,2.197130702282829,654,10,4
6,1,1.5975000584062882,1.0181471876132386,-1.1154193485669588,1.4008929436998585,654,10,4
15,2,2.3425154966972817,1.6263011492459982,1.0352741970179373,2.4964963921087,654,10,4
18,2,2.3795348657344553,0.8963733130779958,-0.6131582855977575,1.4097894205519372,654,10,4
20,2,2.4891231540232415,1.8726025710164802,0.9559988379528485,2.484076250789891,654,10,4
23,2,2.660982141668761,1.5147698898483077,1.1817989329283556,2.0237455049392836,654,10,4
88,2,3.5283446111954895,2.8006825219351805,1.4422854603077282,1.803353447594694,654,10,4
46,3,3.077546767049487,1.1850136351494123,-0.8754207168053322,1.1878097824651972,654,10,4
58,3,3.239488321578209,0.6171128718178576,-1.6231778309241334,1.9761614715039495,654,10,4
62,3,3.3106368822078402,1.3974481316664993,-1.2369107513748252,1.3714898088990692,654,10,4
75,3,3.4494737028385627,1.9204898404151514,0.8520928028348812,2.0622225439851465,654,10,4
120,3,3.7704687707322124,3.0023127596209096,1.4431693311982072,1.7856044608217003,654,10,4
214,4,4.457071422560489,1.5963927212757814,-0.48885313922357804,2.0824005049918406,654,10,4
247,4,4.643159615664661,1.0106059991789627,-0.6388498455439081,2.067018012396838,654,10,4
253,4,4.665438512103944,2.5627166027017223,1.2810479642764934,1.856169505448003,654,10,4
450,5,5.537943290398858,1.7500241907237193,-1.0506604370844748,1.9939776794825592,654,10,4
462,5,5.593300733139244,1.7413255264817469,1.363235498343314,1.854262786069084,654,10,4
574,6,6.526481245879358,1.0900011661435096,-0.6430171946962052,2.0585562501622103,654,10,4
596,6,6.808311602331498,1.586578125181046,1.4676559888493437,1.8601897617687377,654,10,4
604,7,6.974490109566749,1.3808292882213984,-0.5705579992550829,2.141989488472296,654,10,4
638,7,7.560981196057237,0.8125275377780389,-1.5062891613944434,1.733719043965462,654,10,4
644,7,7.849024774119016,0.6347998406245883,1.2190250839314025,1.6845435902923687,654,10,4
643,8,7.782336685246226,1.5671960003919265,-0.5677648183729821,2.0301618424686887,654,10,4
654,8,9.030391272715352,0.5029507981011171,-1.9540042661770267,1.6045984293780589,654,10,4
655,9,10.0,0.0,0,0,654,10,4
0,0,0.0,0.0,0,0,654,10,4
1,1,0.806099492133433,0.7495755288844077,-1.9443537029604678,1.210478382799293,654,10,4
2,2,1.0061853290681422,0.8180103097131445,-1.8469568385752,1.2367168825856671,654,10,4
11,2,1.7290397400149704,0.9570573149034669,-1.0298608724913594,0.5222502062071662,654,10,4
17,3,2.3250172869459895,0.7169950861437071,-2.093308726926099,0.45866900965141266,654,10,4
28,3,2.5185410288072783,1.8132606442249828,-2.023975106145881,2.1900871661065593,654,10,4
47,4,2.9917180606881844,0.3325210271678558,-1.7170022518948314,1.0408274148672991,654,10,4
68,4,3.3657178958317657,1.7737099933288292,-2.3211377312523496,1.9980424875728358,654,10,4
92,5,3.575739513334004,0.5917458463299214,-2.4582826599839738,1.2575905685576836,654,10,4
106,5,3.723749589649179,2.1005517259745323,-2.3269414119300373,1.9716091260510333,654,10,4
143,5,4.050131770650951,0.6743089923226957,2.695650906222766,1.7143265424008625,654,10,4
217,5,4.55111769377088,1.3698576141326142,0.1142486686105614,1.8870923246775286,654,10,4
220,6,4.5720001383357625,0.9281052369562433,2.4240924791259237,1.1788721877185844,654,10,4
251,6,4.743289454216936,1.8049356501498568,-2.5158061521663817,1.7353988449290059,654,10,4
368,6,5.195199108378908,1.1870572879347185,2.0150075215870014,2.5571865431475813,654,10,4
403,6,5.378019941927014,1.5416838172416005,0.5166834418457084,2.099219993970652,654,10,4
443,7,5.556011643577462,0.9113204047388955,1.3077608190771006,0.5861558753036615,654,10,4
471,7,5.7276897529188044,2.1531703097250077,-2.5626334253517977,2.1595391101869046,654,10,4
562,7,6.394158363595361,1.5875967495702332,0.6380688255838439,1.5468214815345322,654,10,4
563,7,6.396976362986849,1.4742778399513583,0.9378455819378216,1.3146440066676828,654,10,4
573,7,6.571071260578113,1.540941022695191,1.1713677913117595,1.8638527815106516,654,10,4
552,8,6.327476556987861,0.8833136532192033,2.374021903453802,0.5006487586433968,654,10,4
572,8,6.55090270074507,1.7166388379001263,-2.791654019318009,2.035935704159903,654,10,4
574,8,6.5902644383396005,0.8178969093156373,0.34558332429939875,1.2934676145928612,654,10,4
610,8,7.236947797890551,1.754357427873357,0.7983261071928526,1.7350397721616735,654,10,4
629,8,7.513604777600916,1.9754216898889518,0.616251752477702,2.0171323525285945,654,10,4
595,9,6.863306132454929,0.8664189485957388,2.666227910819958,0.2825288741555295,654,10,4
613,9,7.2966502105753275,1.8933668081913322,-2.7540942979973013,2.1518919575664524,654,10,4
639,9,7.814793483154592,1.9177501503427161,-2.860217460859494,1.4033575718736266,654,10,4
649,9,8.414420620125595,1.3103679452767119,0.5450271536697403,1.9773372597312378,654,10,4
641,10,8.006899107985621,1.1329533497171653,-1.1418339207779542,0.9327710079958444,654,10,4
643,10,8.283816943334855,1.332750227421003,-2.745523248919875,0.687483240628862,654,10,4
646,10,8.333385581942746,1.3605180347588754,-2.7522286371664224,0.9579313664930308,654,10,4
647,10,8.350794336482638,1.5988644593697097,-0.2280510551122395,0.5552593953034433,654,10,4
651,10,8.521777478238885,1.3538166450104894,0.5986102950834848,1.4209829510630683,654,10,4
652,10,8.53677745667443,1.4375545374975385,-1.6271774545868813,0.8479887964748587,654,10,4
653,10,8.753808388416571,1.0134594529291672,0.48201417200431895,2.030215919353955,654,10,4
654,10,8.755278741677476,1.164581059111666,3.113083581058092,1.4216851326215376,654,10,4
655,11,10.0,0.0,0,0,654,10,4
0,0,0.0,0.0,0,0,654,10,4
1,1,1.128523154021176,0.6885822465491704,-2.4407490088747115,0.9260527082392529,654,10,4
3,2,1.501624402428482,0.5985216777967928,-2.2474586171637387,1.1905390739928463,654,10,4
11,2,2.045039426263935,0.6785364313848832,-1.0411441077522183,0.6929836441913573,654,10,4
30,3,2.6938953293757786,0.8542271966138621,-1.1136458218011025,0.7410647412422303,654,10,4
151,4,4.143397954789093,1.1353607150621565,0.8722677851248797,0.9202586448746775,654,10,4
233,5,4.5602107806759005,1.4076648276284458,0.8405945392932705,0.7430162712287793,654,10,4
370,6,5.1281683076479565,1.8142980626259801,0.9709694998414733,0.9547538811054321,654,10,4
457,7,5.506886553579967,1.661397909203945,0.8986419480595605,1.1058555447131062,654,10,4
590,8,6.390798073437916,1.635052559577929,1.1971886268706753,1.1708766114380653,654,10,4
613,8,6.7159359514129715,0.9600464007338508,1.6748206950779991,1.128272468570037,654,10,4
649,9,7.816540748555459,0.9481855150025722,1.878570273346381,1.9857326765430763,654,10,4
653,10,8.63377708870258,1.2876257855201174,1.7321242223599267,2.0334259766904204,654,10,4
654,10,9.058226378471398,0.921231514651986,0.6635101376036537,1.3932753121578363,654,10,4
655,11,10.0,0.0,0,0,654,10,4
element,level,t,r,theta,phi,preds,Interval size,Height,D
0,0,0.0,0.0,0,0,[],654,10,4
1,1,1.0988417179341803,0.7202987076075983,-0.6272532433207372,2.7302561528779994,[0],654,10,4
2,1,1.3078138726262711,0.9238007921956773,-2.4116322388567473,0.08879359270054422,[0],654,10,4
9,1,1.6717767579983611,1.4543400974284868,3.0596871807491564,0.8098535490150098,[0],654,10,4
14,2,1.918725653417943,0.9725770721816848,-2.221041664782225,2.525284362062355,[1],654,10,4
22,2,2.2788548313659573,1.355103347324516,-2.860503301264064,0.8417617378921369,[2 9],654,10,4
37,3,2.823463780814155,1.086182364395739,-2.1754262249297516,1.6556907598698183,[14],654,10,4
49,3,2.9609648190081614,0.9317985133968714,-2.538064031175627,1.2113265362390349,[22],654,10,4
81,3,3.3738316914981583,1.7701585935787731,-3.001614137784338,0.9609699830866866,[22],654,10,4
99,4,3.588111742112272,1.4030202866093322,-1.940982761669401,1.9510287739077996,[37],654,10,4
199,4,4.357574535008553,1.2531221629451057,-2.4814348854737043,0.7672883501572737,[37 49 81],654,10,4
198,5,4.348592244588487,1.3011585416821136,-2.4625975082834923,1.8654596574317681,[99],654,10,4
293,5,4.782787080547356,1.029806549498878,-2.1369798681635954,0.7146201767733994,[199],654,10,4
344,5,4.978752387415071,1.2146947883973518,-2.5271282571416447,1.296115937702676,[99],654,10,4
525,6,6.0897629387858405,1.8747243346486266,-2.3228284948910303,1.1785315887336112,[198 293 344],654,10,4
588,7,6.665234187184051,1.942508062479739,-2.529531787506351,1.3038258677017622,[525],654,10,4
618,8,7.28023186313628,2.173560807852549,-2.443559374346107,1.2551407619075896,[588],654,10,4
621,8,7.30316331755912,1.773393759546362,-2.4965039669338442,1.4737591608489304,[588],654,10,4
639,9,7.770286434148512,2.074249374458369,-2.6561580275816805,1.1715844526792643,[618],654,10,4
642,9,7.8474923055813095,1.501677103027595,-2.549796707536086,1.4707920081081987,[621],654,10,4
649,9,8.127295165625139,1.770898040627537,-2.57418417946304,0.9930863859088437,[618],654,10,4
655,10,10.0,0.0,0,0,[639 642 649],654,10,4
