element,level,t,r,theta,phi,Interval size
0,0,0.0,0.0,0,0,3927
1,1,0.0631352385797912,0.04365368219958685,-1.834398248971594,0.4961530647325731,3927
2,1,0.0635710753894454,0.052894808747403106,-1.3621983121683294,0.392008016981339,3927
3,1,0.09244119669156836,0.08916479853264123,-2.172524918257297,1.4856889918047727,3927
4,1,0.09277924617268574,0.08103813097882902,-2.2018784310786823,1.3716429739641538,3927
10,1,0.13774071869793147,0.12650058597241287,-2.9865727916384768,2.430147138682788,3927
9,2,0.13454465154919049,0.10685512293821481,-2.3440636171565097,0.31395230478260544,3927
24,2,0.17028469699029136,0.10966572839085488,3.034211819474836,2.337174050271113,3927
25,2,0.17108769054193096,0.0384612922768206,-2.4644755147752457,1.517636177148044,3927
36,2,0.19137246181127243,0.059441304200036724,-2.9616289140368486,2.6263467276394374,3927
67,2,0.22020006052067964,0.06848712478875159,2.628801411746004,1.8137390149358183,3927
33,3,0.1857243525053216,0.09101171495569936,-2.7943909288364797,0.74756129961968,3927
40,3,0.1932463189107324,0.11309317621835743,1.8898258207592404,0.31303544222512286,3927
56,3,0.20785175439442072,0.07484522348906007,-3.136182011389274,0.47768781422022355,3927
62,3,0.2115965691782219,0.11342932900577767,2.7279192760488917,0.03185434834604011,3927
101,3,0.24285294783214217,0.06834901963796669,2.788923625469853,1.827075783079375,3927
117,3,0.2500969839010907,0.09061774403910643,1.9865308936862338,2.9116399386710787,3927
129,4,0.25500749572401926,0.08023094173087368,-2.8154641990534306,1.127277809632644,3927
167,4,0.26962868960607833,0.05588426257638506,2.448789510569047,1.7725324994031013,3927
196,4,0.2799703338719889,0.07375206481254018,-0.5492348449462068,0.5502728323784973,3927
215,4,0.2877685645944832,0.10934166880478954,1.3033795136929038,2.7449560662488706,3927
261,4,0.3043404463410806,0.12507564047004027,1.2635191214453119,1.0953414501342562,3927
279,5,0.3087965907896608,0.09615535200294835,3.1118349315629557,0.9239795847567583,3927
495,5,0.36102335857134193,0.09039819455036663,0.5488327148563423,1.1216041431026489,3927
531,5,0.3669699570218763,0.09962060294969978,0.7924612422808511,1.2180637437600494,3927
549,5,0.3701333316946218,0.06527239701710683,0.8974661023715281,2.3136034885647336,3927
577,6,0.3740825512398147,0.051824083223819595,-2.4667581954980653,0.7231352784599238,3927
781,6,0.39996812801919135,0.1090240252384435,0.8063426049169559,1.1596019881604582,3927
1078,6,0.43301645072346884,0.0871527950945741,1.086676302037805,1.731373151828789,3927
915,7,0.414502323039189,0.04010782943335936,2.963388937717588,0.916351428008952,3927
1302,7,0.45404436403084036,0.10033526280132735,1.0146930556783027,1.6054574535928667,3927
2085,8,0.5106559357444446,0.09058790974152527,1.173255815325775,1.1387857751169754,3927
2817,9,0.5654898664370318,0.0646920821064021,1.4063864899048792,1.2142361788103522,3927
3245,10,0.6132492964668023,0.0664021589368155,1.3679326005420607,1.8157163415517354,3927
3511,11,0.6568626564004674,0.09133316147273692,1.2616551609486366,1.676119291544806,3927
3539,11,0.6623998513178179,0.10505836850911915,1.4655298891979496,1.982183210963084,3927
3863,12,0.7850895262765994,0.038392529441349514,-0.174476300088285,2.135038727813224,3927
3889,13,0.8219637041538137,0.05131872467947817,-1.0336851930530202,2.030660835171198,3927
3915,14,0.8618565410680176,0.07423699926783635,-0.6553052436224852,1.9761294923060762,3927
3922,14,0.8912100373846671,0.06813266994797014,0.48104422142347664,2.716302266094542,3927
3925,15,0.907667663732026,0.08634732366385253,-0.15238968652335744,1.715723400867722,3927
3926,15,0.9124684130465959,0.07237670202053531,-0.20377237639868992,1.6747269328229304,3927
3927,15,0.9506603983797325,0.035141147749181284,-0.9254267791713611,2.3667006387402276,3927
3928,16,1.0,0.0,0,0,3927
0,0,0.0,0.0,0,0,3927
5,1,0.11513961060713096,0.03379544302810706,1.867800742386496,1.3013072854536654,3927
13,2,0.14304539940695715,0.0492437093490394,1.7499364632096637,1.7055141092049841,3927
41,3,0.18711590247669396,0.06724991568959546,1.7778788684936553,2.3016506435984607,3927
79,4,0.22532219231866324,0.08851698363376558,2.138728603658363,2.1365889486767857,3927
209,4,0.286779522072905,0.1110017532315618,1.4552859778691973,1.9914695792882315,3927
228,5,0.29269975063134,0.09374900976062583,2.2043375312433673,2.41610152710974,3927
341,5,0.32114369356070227,0.12401488572591021,1.8787844716449698,2.023935035405281,3927
447,5,0.34567713902042085,0.1261195836465607,1.1415015340059314,1.883515055048542,3927
425,6,0.3415312346673103,0.07089433994815662,1.5420166974471814,2.589864588387244,3927
531,6,0.36049518668113734,0.14296312670118408,1.6788976759830934,2.678831042783215,3927
689,6,0.3866447622239585,0.12196340473863147,0.8292841573370011,1.8112212923876487,3927
826,6,0.40400149180131484,0.15024844844945365,1.312038047166328,1.9683316754661186,3927
864,7,0.4073049472105571,0.17898627621739086,1.4912478127025228,2.7300569528507093,3927
1243,7,0.4469170620128169,0.05260556834253488,-0.39753809770936943,2.3696733361767732,3927
1300,7,0.4515928106614072,0.11687474368744989,0.4799085817896313,1.7807415647289389,3927
1388,7,0.45742256612860976,0.16289998674623588,1.1491947281153176,1.8246479480084306,3927
1433,7,0.46101043838149813,0.07861621292695863,0.9354027745729806,1.347263002316754,3927
1735,8,0.48208268852336955,0.12273349208285064,1.03746569160028,2.618987402863254,3927
2166,8,0.5130794827382298,0.12407553718475116,0.5085874966292068,1.4251042956198627,3927
2642,8,0.5484459530861392,0.11977375810758176,0.613083342646818,2.0712461366162076,3927
3109,9,0.5965829266398761,0.12853550171371575,0.47500093422656486,1.921919838898995,3927
3248,10,0.6154540212716867,0.11638325783966987,0.4196921350932298,1.8713646383254265,3927
3543,11,0.6652545935187225,0.13648575842650543,0.6280087174997965,1.6795092295561984,3927
3635,11,0.6935192364849307,0.13880346679881828,0.4479120284632976,1.3593001968914273,3927
3740,12,0.7225489407613516,0.1436539943176676,0.5657299356557435,1.2940945255047192,3927
3845,13,0.7735686353165038,0.10604635892897205,0.3511223741028887,1.2297654623704577,3927
3848,13,0.773885188321991,0.10569073222638792,0.46158802021790235,1.2375772078902245,3927
3889,14,0.8075308798108994,0.10220638333183958,0.3820439758550694,1.4721253375724408,3927
3920,15,0.8906310270596401,0.05287385085843955,-0.27355975695197543,1.2196504949412372,3927
3926,16,0.9269108856814006,0.029751420714149646,0.34246167285580653,1.1721401884983802,3927
3928,17,1.0,0.0,0,0,3927
0,0,0.0,0.0,0,0,3927
1,1,0.0626393811799254,0.061594816041383074,-0.22257197569535708,1.927384901970572,3927
2,1,0.0806325566567796,0.030824011263488382,0.25949826654647545,1.4367096570682563,3927
3,1,0.09034172790820649,0.063629735660197,-1.568905423078653,0.12084926006571586,3927
5,1,0.1081448518916922,0.10458939332708202,-2.563628981286686,0.6631789506073646,3927
9,1,0.12000376160955473,0.10932926268216427,-0.9832786496114306,0.7644399055209606,3927
13,2,0.13274889608320317,0.052465597888600835,0.4399182726663369,1.0510255586848183,3927
23,2,0.1577966753745006,0.06717463856554297,1.605811915116722,1.167804937287491,3927
27,2,0.16415020432875604,0.03379053464303862,-0.483812043883662,0.8901899428111545,3927
28,2,0.16620152491567364,0.059443571854910775,1.8233709566779421,0.7113901620262255,3927
31,2,0.16910124086070066,0.14351912510399725,-0.675309701135809,1.6344921496834113,3927
49,2,0.1924637883951541,0.09861801610819795,-1.2205812479829685,0.6617543854808068,3927
52,2,0.19571486433129326,0.15420822272152357,-0.9466398442364363,0.9069581226132362,3927
59,2,0.20301866505808797,0.17331704274625995,-1.1159816445879853,1.0227538216336298,3927
48,3,0.18922098100784834,0.09194195996908355,0.9620544943783609,1.1709067776405573,3927
58,3,0.2023836451140354,0.02980865629629281,1.7760627587334537,1.79227597680529,3927
76,3,0.22835554002496317,0.0538444223610811,2.0908259296973832,0.7665659072459569,3927
78,3,0.22961094071448218,0.14284883306717855,-0.9358368289817925,1.3557206629422,3927
108,3,0.2442517678542644,0.13362976897068538,-1.0000017124427376,0.7003956727691535,3927
112,3,0.24528804844879448,0.202136368582992,-0.7622538981212982,1.404577096412638,3927
191,3,0.28429014039662803,0.20002505587773725,-1.151323294421909,0.9222710755929495,3927
168,4,0.27529735444961834,0.06430994175598609,2.3653706983897584,2.1359763972726107,3927
172,4,0.2778645688601459,0.22663442380730298,-0.767838333958345,1.314108183807809,3927
174,4,0.2790410704715326,0.012172355863346565,0.49587195623034286,1.9428667678376257,3927
192,4,0.2843649969068055,0.1887018210845234,-1.0129542143888652,1.5176926432927464,3927
197,4,0.28668505427190205,0.09985744234792837,2.3997332772368742,1.132799329235348,3927
212,4,0.2916754711486693,0.20505133144306237,-0.8786287472266545,1.3195371343159847,3927
220,4,0.29355088507985816,0.14745527157253738,-0.7049075221757148,1.052624658954625,3927
225,4,0.2954409438051647,0.13656555442192925,-0.6782819071237122,1.482871606847926,3927
243,4,0.3032410507595644,0.12684828716805407,-0.9046969723187446,0.8964619832566777,3927
248,4,0.3048511394858039,0.217378817833143,-1.182081365038056,0.9404354128929081,3927
287,4,0.3122405616496434,0.10764196574048726,-0.811322638233186,0.6936128684665246,3927
350,5,0.3275615742591772,0.0746314061216151,2.9403387824706897,2.1425013312482357,3927
430,5,0.34716734649012293,0.04439234960055633,2.8874861363184237,0.9437196541458437,3927
431,5,0.3472372562713958,0.11068786950173148,2.609892162918538,2.2012755410419804,3927
541,5,0.36688230100195696,0.20389601887509207,-1.0249030558090866,1.1617510979677046,3927
606,5,0.37801096223788133,0.1369686183130561,-0.8327080826565665,0.9964169783581658,3927
614,5,0.3789837449086353,0.14512201572131234,2.7405753188187068,0.8605919984939586,3927
645,5,0.38500943265120724,0.20931055970094808,-0.6939003964536637,1.6413334690825916,3927
516,6,0.36221681919598103,0.07898102271389182,2.7804394533897017,2.233822525429963,3927
630,6,0.3824458554149054,0.11675151717642088,2.885559006958641,2.38356702520513,3927
843,6,0.4081037938495071,0.06270596405430232,2.8242274427831644,0.7944363899068916,3927
1113,6,0.4357043579326064,0.17291076578688644,2.672808329571642,0.9408418410037922,3927
1460,6,0.4665283037059048,0.17871605732622492,-0.8482070051161663,1.3722264298581326,3927
1032,7,0.4282548271612656,0.09772935257470093,2.8272944686230113,2.3021708486201558,3927
1092,7,0.4343537903094966,0.11412557082203201,3.1214174365375857,1.7812584135339855,3927
1343,7,0.45683537184343426,0.07450527038482578,2.3379133996922725,2.569496413805241,3927
1393,7,0.46170183920266217,0.08107300113418532,-2.437194557436544,1.3775630249189585,3927
1404,7,0.4626147912124988,0.13209586090701983,-2.6229481758004574,2.810748654797543,3927
1531,7,0.47179057360174004,0.03955378379713149,-1.3920466181421765,0.286084299938903,3927
1672,7,0.481465032097654,0.21116820429221944,2.5917907100649,0.9819782295335756,3927
1736,7,0.4854518798917372,0.052731078062120774,-1.8591844463069251,0.670261525949924,3927
1824,7,0.4908437993258189,0.19244958399089762,-0.9024714733287044,1.3011718934323528,3927
1807,8,0.49001051937274,0.1346773305433371,-2.9087119745913754,2.807989732246541,3927
2069,8,0.5067530132418986,0.11083934854078434,2.522425135767907,1.6245415573075401,3927
2090,8,0.5080057287246319,0.03747511538916822,2.388085667450406,2.0090895396893442,3927
2106,8,0.5089903377050045,0.0616894184907294,2.2696902711314637,1.9285441241420707,3927
2141,8,0.5112987160238384,0.13842636037165387,-3.112441266832144,1.618469066052934,3927
2200,8,0.5155378558558853,0.08442252413086725,-2.7954561220521494,2.908062288793442,3927
2232,8,0.5180215791126812,0.19287626088293755,-0.828585645445389,1.2445314900739615,3927
2327,8,0.5245568391830907,0.17390695832420408,-3.0904651634353493,1.4615052099569468,3927
2415,8,0.5308843041312891,0.10092393113927144,-2.6845796186717217,2.085957906314673,3927
2536,8,0.5390115203170733,0.08879484852429878,0.4463981595719938,0.6471882123328596,3927
2598,8,0.5446575340067988,0.0949449511062615,-0.9817950375339041,0.759171963226286,3927
2645,8,0.5485894567671343,0.17417721484994964,2.585822335678268,0.8866354815078977,3927
2685,8,0.551975374386194,0.16351543840798785,-0.7132091209896564,1.3875575230540305,3927
2688,8,0.5522044926321396,0.1517841060908467,2.9941378648481263,1.1346398778260611,3927
2812,8,0.5637760846767769,0.14569371346766186,2.6388980220604794,1.1966698111485305,3927
2637,9,0.548110104463742,0.16458868351655934,-3.0843577542530984,1.5108104751598226,3927
2865,9,0.5690125621343454,0.07579781911821734,2.577132292789456,1.1254364940936408,3927
2949,9,0.5785976921269274,0.14158456537638983,2.1874784321163707,1.2190773794386915,3927
3017,9,0.585593572373755,0.10759629771943892,-0.5463796559090941,2.6082533252078544,3927
3037,9,0.5871753477965528,0.1387232759758971,-2.4232517732659247,1.9349127216678728,3927
3043,9,0.587575622611129,0.10205039249278709,-0.35231095092211717,0.598916107719964,3927
3057,9,0.589281505700532,0.1606987644482047,-2.3434516213003564,2.490698668406391,3927
3072,9,0.5908310843324938,0.15988063034190697,-2.113183467538637,2.389270220305215,3927
3217,9,0.6108185903317407,0.12927121207262673,2.694416621265751,1.0728255471131836,3927
3222,9,0.611302774143248,0.12292741940825298,2.879395977694902,1.6438791634552639,3927
3246,9,0.6138342762203791,0.1342382225347513,-0.93423982311976,1.5900586828686902,3927
3256,9,0.6151688414029105,0.1756914783698923,-3.008666097415183,2.131508049808637,3927
3123,10,0.5982887767591275,0.13125376367144348,2.2458360299717026,1.2305563283571657,3927
3423,10,0.6398611277820124,0.12813171288799355,-2.403099085869996,1.7634284624230836,3927
3442,10,0.6439776081657311,0.10715585676416008,2.6238112212174434,0.6562952140000152,3927
3508,10,0.6545973581824177,0.16496450426193884,-2.8697649249526194,2.195857288585515,3927
3518,10,0.6569903914290341,0.10266160185849274,-2.679905864567056,1.8618082910478488,3927
3542,10,0.6609570799381044,0.16853295013745143,-1.982830122361573,2.313727056819412,3927
3577,10,0.6668881322089524,0.1425798957857967,0.09271218511174406,2.546322386678351,3927
3587,10,0.6707554799448071,0.07291077754494565,-2.9611488800846733,1.0422710345995294,3927
3603,10,0.6748753297455821,0.1070781026838274,2.8953445490447467,1.5432686385001007,3927
3609,10,0.6772838218960873,0.19140946893766625,-2.165274990270568,2.413344089420384,3927
3666,10,0.6914953877401296,0.09826653859433962,-1.9106481094437329,0.11319650460321834,3927
3705,10,0.7016178208380162,0.0656048779318887,-1.1087016698983199,1.22568674783493,3927
3481,11,0.6497658596980502,0.14094363199196835,2.4022338364453653,1.1828068105811957,3927
3632,11,0.682081139299741,0.06504934111421838,1.826169508997656,1.1965538536571028,3927
3680,11,0.6948489087982559,0.1415276841812465,-2.4960617231021613,1.4440699602658242,3927
3709,11,0.7029378665158144,0.08262944063143705,-2.02234477523463,1.8707442171667923,3927
3745,11,0.715365491865388,0.17137733044771364,-2.118500764026456,2.5225288434405133,3927
3770,11,0.7275451740303968,0.10172462238971237,0.5364374767579994,2.346104125430298,3927
3801,11,0.7421805032256631,0.0337437977510884,-1.4894957203276247,1.0594013209422615,3927
3808,11,0.7466785020162531,0.1094595275046868,2.886630550523445,1.9254239811858955,3927
3814,11,0.7505293758449901,0.11625211301953722,-1.7918927364804704,1.608387939207936,3927
3850,11,0.768115686828499,0.07836446962129169,-1.564220810705691,0.6490414510186894,3927
3812,12,0.7501472081817966,0.05331043813212663,2.0052009610994497,1.943916061457813,3927
3847,12,0.7665066218286789,0.08484022016258401,0.6036847783375681,2.383489552765952,3927
3856,12,0.7720714327151489,0.08033868388722165,-2.582563439261816,1.2075998304149111,3927
3861,12,0.7741753444550902,0.08318132474818875,2.80120805752108,1.0184185481206265,3927
3876,12,0.7894691528118994,0.08128056720100023,3.1200061768219896,2.0978058684844614,3927
3882,12,0.7972118837574067,0.16800985577490948,-2.3732107571042658,2.387467215881054,3927
3903,12,0.829646491324524,0.09400974961368054,-1.6315665912449357,1.0160960994011887,3927
3900,13,0.8234818941737337,0.10472230773866391,2.6802398507278014,1.1248538289998835,3927
3909,13,0.8506237001135386,0.05001654893220776,0.24910405712281872,2.0125614906859823,3927
3911,13,0.8528324390188239,0.08975330480858154,2.7923794994623146,2.538123795159713,3927
3918,13,0.8740745550331449,0.0950617386667233,-2.368385839518826,2.254201767086745,3927
3921,13,0.8880600185241853,0.030003993054749274,-2.5189084915068594,1.7288765563002522,3927
3922,13,0.8913200889568231,0.060303936913026705,-2.1282885987967326,0.9369210653696769,3927
3923,14,0.8958422225806503,0.05187937587194947,0.3017462639532709,2.5964654053734995,3927
3924,14,0.9168629776115249,0.026600868774302663,1.8629089129933087,1.662949704995137,3927
3925,14,0.9187028288973847,0.059406471483241276,1.744262891458732,2.1655365463274467,3927
3926,14,0.9203045345713953,0.06693784882866508,-2.5006763452215535,1.809310042243756,3927
3927,14,0.9329203740045487,0.048805121803172154,-1.6437420659220674,1.5155027888203454,3927
3928,15,1.0,0.0,0,0,3927
0,0,0.0,0.0,0,0,3927
1,1,0.055570890318298205,0.03070268463797631,1.680638351027189,1.0878223035538275,3927
2,1,0.060460792505396044,0.03550236103141391,0.8964667555655937,0.44060565875214674,3927
7,1,0.09535313071885354,0.0594224650710021,-0.9545334736569634,1.639942902065333,3927
11,1,0.11238669633597809,0.11003627474779495,0.076901145509265,1.5743384277318326,3927
15,2,0.144016064811191,0.08116520225304177,-0.6362068763365735,0.7992414712995443,3927
71,2,0.21273632746081828,0.174049779693375,0.2056419556512077,1.8329246171863622,3927
93,2,0.2272230707616557,0.1568322463946046,0.2026673905559509,1.8981465103954573,3927
117,2,0.24022028507372228,0.1622936588977916,-0.008548647760878977,1.9205001293583042,3927
43,3,0.19057075073228136,0.09837104328478005,-0.45007016554362145,0.8595722620325197,3927
57,3,0.2050509598966438,0.09976835916411472,-0.41155674562721123,1.1049870726282123,3927
68,3,0.21013104016388373,0.08667567445346021,-0.3979289428930708,1.3663438377445472,3927
169,3,0.26229201008880343,0.1709162420232327,-0.1327909141420994,1.9450386715787262,3927
177,3,0.26543076229201024,0.18324526600137545,0.13053677361092722,1.859326020536412,3927
96,4,0.22886096554730828,0.09767060688226735,-0.36818297884168044,1.5245386940089491,3927
136,4,0.24670800555596828,0.1267943435765548,-0.5751544019821361,1.1030201002883941,3927
144,4,0.2507647524514267,0.12148095685469733,-0.5509524326736134,0.43247946729445136,3927
422,4,0.3409126491815281,0.20568381213519935,0.25125322921505155,1.9862256202992448,3927
227,5,0.2836513139699153,0.09506255018137762,0.0482951336528086,1.715616349575768,3927
272,5,0.30040709946921285,0.10055319302312382,-0.8826303619917032,0.756253508155017,3927
451,5,0.34722944701494696,0.19712741159351102,-0.10719026995687779,1.2031945323610929,3927
574,5,0.3676265771468872,0.18162192119835893,0.2365844127094992,1.9647094554204079,3927
483,6,0.3530966534220027,0.14162719734370022,-1.1559622415601494,0.7282575398682043,3927
643,6,0.37854349363797846,0.08586286552840793,0.3038246692679685,0.7318530606424867,3927
670,6,0.3821777139159034,0.17191290056926334,-0.12266076993703301,1.9771911719838289,3927
862,6,0.4042822275547515,0.2064581066770152,-0.029358608877220443,1.2078187088674535,3927
1040,6,0.42427464517177227,0.18274465284145486,0.21640918083269534,1.7990060097231309,3927
615,7,0.37412906016708036,0.1442735059024496,-1.2606665438845475,0.7671233470952873,3927
829,7,0.401284433422596,0.09819907349067254,0.393889796312249,0.571037167448155,3927
1121,7,0.4326417102006027,0.20292106856786885,0.0901710395005723,1.2830629746566469,3927
1286,7,0.44995771251162875,0.16682054148610065,0.3272901927438372,1.8299979224999703,3927
1304,7,0.4512299922895219,0.1823280467331432,-0.12099918098001416,1.6045687149445704,3927
1056,8,0.425361869174272,0.1437946837251562,-0.8495116978465139,0.8264766965062725,3927
1094,8,0.42964633262253626,0.12897272102926335,-0.924700603042031,0.7970989328430087,3927
1409,8,0.46007947797618753,0.11115273741132448,0.10630385067430784,1.0026800682635635,3927
1527,8,0.4694185854354789,0.2041967942052159,0.1022282453776282,1.3256279306137084,3927
1789,8,0.4887046017700909,0.1882286907516394,-0.0171482593918896,1.5615706006567827,3927
1881,8,0.4944503170150616,0.18526269157594913,0.3123465116587374,1.6210725848759509,3927
2130,8,0.5104315436079819,0.18759656586599352,0.31750448436552403,1.524627495279233,3927
1662,9,0.4805947763261075,0.16867223413598256,-0.5773678022565114,1.0473518887945488,3927
1702,9,0.48336767677432013,0.17014447237384445,-0.9110793714602764,0.6096635640974365,3927
1779,9,0.48817262591089716,0.15741244355099657,-0.6497877471301735,0.6581709083570617,3927
1953,9,0.4984864307290251,0.09003028187356962,-0.6834440733573541,0.6139749981580094,3927
2144,9,0.5115377011068568,0.11423450963809459,0.36951109913478086,1.1797560068243076,3927
2551,9,0.541170331057532,0.17286653073911556,0.2450151487046622,1.6326316488531447,3927
2583,10,0.5439858225586407,0.20493368425411554,-0.5929960353432451,1.0533662242173807,3927
2914,10,0.5750200641389139,0.1587371662517329,0.1460448866660133,1.730317997288664,3927
2919,10,0.5755019158706273,0.14636257959694862,0.03427895661280664,0.618134805121479,3927
2932,10,0.5769270822371075,0.1595763436172142,0.7023070719745853,1.2280470119875746,3927
3083,10,0.5925490467341133,0.17984494886194505,0.5871353854247883,1.1142080779523234,3927
3294,11,0.620574152397449,0.12355907282675037,0.0009536393365238583,0.7814252729345799,3927
3380,11,0.6348538094580501,0.1349381714186021,0.0886103211502637,1.6102924078127692,3927
3388,11,0.6357074364235004,0.13652445131217267,-0.7786410585772782,0.8977724276704169,3927
3394,11,0.6365856189909052,0.16467574666353316,0.7451901152292026,1.1114578370250316,3927
3433,11,0.6430566238761789,0.15279929298596828,0.7815981727274212,1.6074337238932972,3927
3550,11,0.6670521586209762,0.13686458919042407,0.6275708396757863,1.887503357713705,3927
3606,12,0.6835180954210321,0.14751148504922681,0.8736632405053798,1.0788301760414758,3927
3655,12,0.6944619789561823,0.12328240064404915,-0.3207049948582352,0.8258945056400059,3927
3771,12,0.7340134659644131,0.1603672139799341,0.621409649060628,1.947190903400771,3927
3768,13,0.732745763438014,0.15822503697592005,0.7341394159750341,0.9862917770269294,3927
3820,13,0.7574591698884191,0.1409032617807846,0.10257217360259663,0.48900156892971414,3927
3860,13,0.7788978257646372,0.13250223448466944,0.6158419349371982,1.874383286832779,3927
3868,14,0.7878383360364823,0.13543365325659715,0.6602124164306162,1.8383530005014752,3927
3904,14,0.8340735752396191,0.12636655548168865,0.8565899817465396,0.7286172805127022,3927
3916,15,0.8717816230310275,0.08585462987344415,0.15818932048802747,1.7763510814342456,3927
3918,15,0.8799945784441908,0.10424237329965218,0.7296239662998485,0.9019665347602212,3927
3925,16,0.954400570397241,0.03553632504044044,1.0818789288256971,0.8743741073927943,3927
3927,16,0.9581738844742641,0.04023613667918068,1.5277771936247249,1.9609829549184266,3927
3928,17,1.0,0.0,0,0,3927
0,0,0.0,0.0,0,0,3927
1,1,0.05714527500445865,0.026301299493416027,2.192136885725015,1.019561434722686,3927
3,2,0.11234788294976283,0.06381987695359313,2.236604203220884,1.39547727602108,3927
22,3,0.16289995952390224,0.05802571315258023,2.295174601101882,1.6604881514329,3927
46,4,0.1879037833107735,0.04602600261103632,1.9334954338078603,1.5580969215376992,3927
76,4,0.21711219092687617,0.09306761721977384,2.6761624263761554,1.776855241642904,3927
88,4,0.22695732051442463,0.11351251798971972,2.4431331139417445,1.9778221158481037,3927
154,5,0.25582114814229706,0.023366678484211305,2.7407433194526867,1.506933858763228,3927
205,5,0.280130105628146,0.13406454544394475,2.5663576246786057,2.133960845767873,3927
235,5,0.29117588680944173,0.11686030997075268,3.1289971063134803,1.7283853085714536,3927
368,6,0.321368845757492,0.06348583202903937,2.773596537178267,2.452743920518995,3927
534,6,0.3552101943123248,0.10369097462513281,2.4927103109792683,0.5077962004221156,3927
605,6,0.3655871169889622,0.12526080457887487,2.9310774652209597,1.5304049479874549,3927
671,6,0.3747532953416389,0.14171399433755819,2.558950641668657,1.4817179182764169,3927
595,7,0.36399424753846865,0.09090343045863719,2.6764452188442713,2.567971022560834,3927
912,7,0.4084036593417486,0.15359495034549692,2.7326176657695256,0.4728857412249551,3927
934,7,0.41091987424865084,0.13024179285288967,2.714912292152648,1.5375008049270078,3927
1008,8,0.4201949092359766,0.10191552389351788,1.6097963834223474,2.9385146022984574,3927
1114,8,0.43118488084249484,0.08281121264065618,2.3628522245617347,1.972929175949192,3927
1242,8,0.4429654696102644,0.11238430638749558,2.4309914229534058,2.5532323757407736,3927
1285,8,0.44692693674010375,0.1389819505695609,2.812214818116709,0.48693743111022814,3927
1311,8,0.45006274597357254,0.10197888601272533,2.5543736574376354,1.5641617134491796,3927
1475,8,0.46462414661457585,0.16701361349298027,2.0790470590760846,2.7484720549805344,3927
1698,8,0.48255676661762037,0.09577754096724105,1.184913361998231,2.2988075928363987,3927
2036,8,0.5055954726688291,0.17255754942199134,2.0151229193174958,1.9578416347783791,3927
1869,9,0.4929833349446743,0.05338590646671938,1.574150890826518,2.732754017057671,3927
1874,9,0.49362440553139153,0.10085755858770902,-1.4187601992542658,2.9690180897165472,3927
2096,9,0.5098999416999281,0.07270883289498523,2.2003559413632208,2.472694215097199,3927
2151,9,0.5141590623690742,0.08949506965332363,0.39167118926745265,2.6020625753133384,3927
2293,9,0.5229834453987977,0.08866760894749892,2.386670710430172,1.9518465769752513,3927
2361,9,0.5292710897680879,0.11199950276179849,1.8108507806732623,1.1362589984780371,3927
2461,9,0.5386275630315648,0.08691831268312522,1.2288322261310705,1.9542825164307458,3927
2530,9,0.5445794139930837,0.08645833553753622,0.9493914483835241,0.12251004057171816,3927
2558,9,0.5466235014557461,0.09383806727888433,1.8699322764674087,1.5283193963896797,3927
2723,9,0.5620726214579739,0.15460496566668785,1.8830638789969447,2.2656731910328345,3927
2733,10,0.5629414903418536,0.07734178260581884,0.49390979483431385,2.734899842717745,3927
2985,10,0.5858125099558276,0.10532746300258913,1.0327134531251498,1.7334922407405833,3927
3001,10,0.5877783196231909,0.12207859363341507,0.3086389210129934,2.363420017671358,3927
3040,10,0.5918944635487633,0.04106537798537162,1.3843034307084074,2.237169375137886,3927
3050,10,0.5928357956849889,0.16315359698390708,1.7879696936752736,2.3333898008218066,3927
3143,10,0.6041982224660767,0.10209437412267089,0.056547510521578005,0.2597342275818372,3927
3154,10,0.6056029073096394,0.09712816639490227,1.7465893867864863,0.5954224399096038,3927
3183,10,0.6083367537681138,0.09188591102263564,1.565097315946908,1.8679570265871854,3927
3232,10,0.6153778017518996,0.07524582871672653,0.08340742070028442,1.7909576459604057,3927
3357,10,0.6325237107249161,0.04803844504318502,1.2233579883252044,0.8691858537406663,3927
3286,11,0.6223819583945784,0.0917175256108985,1.475418648879135,2.432073852263782,3927
3293,11,0.6235297237593207,0.155862768179843,1.7671945676591612,2.3717292968710746,3927
3396,11,0.6401378494522415,0.13189867133593347,0.6350817841841901,2.4062301754375213,3927
3441,11,0.65096038286865,0.09506026005992226,1.0361103349935603,2.0603750755266605,3927
3494,11,0.659682026353555,0.09304608561908496,1.5573800864789613,1.5487010742154588,3927
3505,11,0.6607919237312775,0.12059504946452732,-0.1453804175829846,2.1090159537650313,3927
3578,11,0.6783018505394636,0.06953166299870002,-0.14782617630151634,1.3343193956084396,3927
3632,11,0.690412301377567,0.08737108263065273,0.5909271725734895,1.0707410145103875,3927
3561,12,0.6739444839530412,0.13040639892140146,1.920068646710009,2.335264744665482,3927
3668,12,0.7010159271108394,0.06687627946558349,1.458118735327912,2.4004339041431964,3927
3687,12,0.7055715403893795,0.07250553130561994,1.6248544964810383,1.5896623693629393,3927
3751,12,0.7246579382752946,0.06778897826426251,0.09647259205142056,2.348293244292161,3927
3814,12,0.7513221930882557,0.06932723829702385,0.16085310460712238,1.6962431806502878,3927
3795,13,0.7432924556537508,0.1113827876144609,2.1908812105238873,2.078762203888723,3927
3840,13,0.7719568140436708,0.059039443002049455,1.9496613765331416,2.718067641332177,3927
3867,13,0.7921704343550835,0.07899236584079335,1.2729349607741307,2.4126048140237524,3927
3877,13,0.8047142095107273,0.07070165423534408,0.270501287819838,2.2169173636333275,3927
3889,14,0.8217678776393029,0.060477294770833884,0.26495191058717005,2.2158041103587527,3927
3893,14,0.8275932356059992,0.0832345744233099,2.6229543858253543,2.0727376014580794,3927
3902,14,0.8379291635699653,0.07098788057101081,1.3963893770171107,2.2320233570128214,3927
3904,14,0.842117652670578,0.10477099571196112,3.0182849945850077,1.6399970011731897,3927
3920,15,0.8894040582606115,0.06832051511234133,3.1126452739551302,1.8736789678653198,3927
3923,15,0.906892640693727,0.06951794502672796,-1.1392461393756277,2.9492750221401294,3927
3924,15,0.9075681396300319,0.08675393245375088,-3.1106153135102397,1.6497411888037155,3927
3925,15,0.9084042183367825,0.034773574584521114,2.7344674891767795,1.8901058072931143,3927
3928,16,1.0,0.0,0,0,3927
0,0,0.0,0.0,0,0,3927
2,1,0.08337769108105353,0.06710647630323612,1.4541798939846826,1.910644969028101,3927
7,2,0.11061343749104657,0.06867178460073474,1.388680359611845,1.8492941791664308,3927
18,3,0.13771898316810627,0.062194371228396064,1.4752760654356778,1.8984385724183186,3927
30,3,0.1624181484181435,0.03384186642109755,1.576053330414152,2.618077476983467,3927
84,4,0.21922679886202856,0.03491273903697813,2.3173899642268125,1.5066970469391765,3927
216,5,0.28784027986860516,0.07081604926545293,2.152966656860838,1.0423314883392432,3927
606,6,0.3700202564296713,0.11518097787643859,1.9382159488256772,1.001753014060535,3927
891,7,0.41051315846586256,0.1309326831214161,1.6387680144023218,1.0650735050740907,3927
1912,8,0.4978980085403806,0.13591567007823524,1.0484788247286954,0.8794112163030482,3927
2216,9,0.5191183188069352,0.14616418017490734,1.1617191262178246,0.8395955589952924,3927
3032,10,0.5931625789326873,0.14564953412339562,1.0530332783931262,1.2048801023661975,3927
3255,11,0.6214272682542582,0.13566541206550853,0.9319257868597164,1.279000922972444,3927
3624,12,0.6923829227021601,0.10100804194153362,1.1153308014196412,1.6682720086741774,3927
3663,12,0.7016592076759416,0.09659626409297063,1.5686439988486431,1.2832065568107736,3927
3814,13,0.7618565859731158,0.08048246045638092,1.736205190778388,0.6576383322819012,3927
3834,13,0.7742160415488355,0.049166606920831205,1.933273851053987,1.7630672635930102,3927
3860,14,0.7909307761066704,0.08141897548385336,1.8889425128209292,0.4842308870167815,3927
3883,14,0.816082399078576,0.059424615600408154,1.9203020122205503,1.166170131843687,3927
3914,15,0.8597776778382766,0.07857937617435672,1.851803483567453,0.8315994671894785,3927
3927,16,0.924032826954719,0.05373133570614046,1.1109069357749566,0.4525112447723426,3927
3928,17,1.0,0.0,0,0,3927
0,0,0.0,0.0,0,0,3927
1,1,0.06708062776341905,0.06192399330937998,0.7282910598997796,0.9137858055568169,3927
2,2,0.09570896916839777,0.07238772969335185,0.9501375148679926,1.2450086960588942,3927
18,3,0.17794003105159872,0.08412376626105912,1.125243882019887,0.6118435803346453,3927
59,3,0.21519289767920946,0.12655548174399459,1.8235076486406123,0.5983575492352207,3927
123,4,0.2530934638690663,0.10244524167861625,1.9373599155619041,0.7009212732282858,3927
290,5,0.312497574603427,0.10586485964497706,2.5187612062551574,0.48786746917585444,3927
371,6,0.3323260727627898,0.09847080752853224,2.618634795598978,0.6503265883215662,3927
589,7,0.3705021988973628,0.06555253018902216,3.0011880402616025,0.5523196050594114,3927
1379,8,0.45901158113062857,0.1052475514093,-2.691115853542314,0.8795298814885075,3927
1799,8,0.48991994005163486,0.02836099526977275,2.6793279878370284,2.2876015700518653,3927
2325,9,0.5278484496697355,0.10293261274973549,-3.0279380641397338,1.4551891222460602,3927
2358,9,0.5300309301503942,0.047207893089577325,1.9781108934835907,1.819999043341264,3927
2488,10,0.5395889349524005,0.046150319149116145,1.8624776432242056,1.7020328821310986,3927
2834,10,0.5716186343542978,0.09984302644879298,-2.9215139239755956,1.3216153594008342,3927
3080,11,0.5969490069942195,0.050643092992046675,2.334706994425959,2.2884632597830943,3927
3421,11,0.6445658094581365,0.10408385211583958,2.644284181821189,1.2044671585584994,3927
3498,11,0.6603742640013969,0.054921022903365015,-2.156374759590166,0.9957004245630726,3927
3596,12,0.6819174273041599,0.11136548760112325,2.953701716265354,1.2867356967720074,3927
3650,12,0.6967353680065577,0.04079076518913782,-1.3954258304237839,1.0115390233508528,3927
3739,13,0.7262019305977592,0.12483049900278351,2.7792269855636995,1.2349462605077783,3927
3765,13,0.7363821813652783,0.054898603199399154,-1.4517911159238006,1.762347619360018,3927
3831,14,0.7680730784951849,0.11803706538404615,2.9749732892687257,1.388043868271665,3927
3839,14,0.7730298357770317,0.04767291700801888,-1.1265215173588503,1.651817853232336,3927
3890,14,0.8179022955184129,0.11441056656068699,-2.767450287159158,1.2108124516524716,3927
3919,15,0.8676238410755505,0.08906645358932162,-2.92276412639266,1.3942755015487829,3927
3923,15,0.8829244669964496,0.0764510062276732,-3.0494015382408213,1.988711768776618,3927
3926,16,0.9223394311498373,0.07562652271908973,-3.1274661089027247,1.8117593794938684,3927
3927,16,0.9344868385627558,0.04783094425085458,-2.730318890477332,2.6802371496109534,3927
3928,17,1.0,0.0,0,0,3927
0,0,0.0,0.0,0,0,3927
1,1,0.09164332178575296,0.08765454260593596,0.7607783356894571,1.1095995297831827,3927
2,1,0.1003193779629381,0.0637899822414037,-0.3932911105743347,2.780374881340194,3927
3,1,0.10238739660168383,0.05920500788808611,-2.9432300475650655,0.5439975233177129,3927
7,1,0.12414120284085495,0.0913593541147045,-0.6273136294087523,2.43326803751796,3927
12,1,0.14901767865978088,0.11001215956510603,1.7138317839733892,1.1979884874196434,3927
14,1,0.15364683748788444,0.13356862324175325,-0.8345474354890406,2.4405017902475485,3927
15,1,0.15867742893679815,0.10300972899920835,-0.8878661749172073,2.1234607570147195,3927
28,1,0.18492453131018805,0.16609505567418545,-1.130218201304429,2.3602218477123644,3927
22,2,0.1794349459879937,0.05024396441044414,-0.563122899139238,2.5056469779912374,3927
27,2,0.1849042661232404,0.09628767565476405,0.43124842127076635,0.8651651347407707,3927
33,2,0.1894291414129644,0.12277321589661556,1.6353704368036113,0.1724406906328822,3927
35,2,0.1909435932325827,0.11442960711453853,1.765508607848577,0.8972861368999236,3927
38,2,0.19982615187657693,0.10480921877956123,1.7248516537401022,0.3569681728339901,3927
39,2,0.20085583363210247,0.13513351746481406,0.4836263400296571,1.1406283511137356,3927
49,2,0.20834378498560413,0.14216768423167658,1.7843067688024423,0.42032180186406254,3927
102,2,0.2452951903875148,0.17249419411694428,-1.091313898937554,2.189455497294355,3927
53,3,0.21376457881179234,0.03009595678874053,0.16186116460518843,2.879973572996414,3927
71,3,0.2280213970848316,0.12109273789071584,0.4697593498643605,1.0461324387703086,3927
100,3,0.2434068472432449,0.11961236812125363,1.7926091741907848,0.6177145264835713,3927
132,3,0.26074071381516806,0.16233825994270443,-1.134057427662379,2.2484070930454334,3927
139,4,0.26423880965606406,0.07086449884822661,2.336998425460108,2.73745471787529,3927
147,4,0.2689487726422036,0.13345060320891375,2.0361382535410657,0.6464405367869256,3927
204,4,0.2909248825503823,0.14039139632872571,0.5671268968516195,1.02131159426884,3927
247,4,0.30402738222072956,0.13713779341567528,0.8076995277045181,1.1813751091603222,3927
295,4,0.3154823000325043,0.10630579936234459,0.6193718278047866,1.9990544881535828,3927
327,4,0.32498932436899886,0.14623268361790853,-1.0481425775049233,1.858779683956031,3927
434,4,0.34487778450066886,0.1971843903838802,1.1289160086766008,1.032343938358241,3927
268,5,0.3089893902694263,0.15829293202979938,2.126720803394405,0.8519506380913235,3927
356,5,0.3307322712294778,0.07019626700705217,0.9366512908678835,2.53728020246771,3927
408,5,0.34001513718805765,0.10325629584239614,2.4003438962577,1.1110355971377697,3927
436,5,0.34507280508739835,0.11566009380953242,0.7811759856861369,2.1021958418227378,3927
437,5,0.34529629814922913,0.06975495400589365,0.8979612120439188,2.2364985380253914,3927
470,5,0.3508158177487626,0.11734130529538057,0.2629673887659211,1.0688504161390548,3927
516,5,0.36013744895693955,0.09444396429675257,0.8376948914979031,1.0888367931752925,3927
537,5,0.36355336687328055,0.13804992410219438,-1.096694594949153,1.9746583154683572,3927
567,5,0.36881085876273834,0.1031610192485826,1.5535069015687717,1.328517155312565,3927
666,5,0.3833238271611842,0.20161687166025793,1.0709784149609245,1.1386642343417668,3927
599,6,0.3734383755622578,0.19901161890278102,2.1245755902137806,1.1146582604795814,3927
747,6,0.39441801658480613,0.11392302822727393,0.6309262758724653,2.1575602101954168,3927
749,6,0.3946821595492104,0.20460671150500157,2.3575748404099257,1.1526039665499732,3927
869,6,0.40702089526643315,0.09200708235360004,1.7596873005968199,1.3870090689423518,3927
878,6,0.40848236194750454,0.1495031768953695,0.41679946913100063,1.1149670367307618,3927
1066,6,0.42798311293032376,0.16952581603419983,-1.2250055226735361,2.1893261988612047,3927
1144,6,0.4354218332572424,0.15463701563110732,0.9929018646692301,1.0615187089213571,3927
1196,7,0.44029874146733017,0.20657597892181162,2.3893971562211322,1.2035598894151953,3927
1368,7,0.45732009521157346,0.1078585840037612,1.3569916681386025,1.4033679581319995,3927
1402,7,0.4606254493517332,0.15033800649230958,-1.3587067459739863,2.2905109259099197,3927
1620,7,0.4765526751197058,0.054866793540268625,0.5533592288527248,1.9696877361307603,3927
1693,7,0.48171198249377634,0.13817111594841575,0.8079419670146225,1.1095919099301017,3927
1774,8,0.4861899836985769,0.21447358059680569,2.2856081678447504,1.2186964228549557,3927
2235,8,0.517001350924135,0.08951562369312788,1.389686696508855,1.5750007740796046,3927
2380,8,0.5278534226469992,0.04040697647833734,0.22632856769691317,2.2949118438023715,3927
2471,8,0.5349237397614367,0.10044997776545025,-1.5406537973192216,2.0025137760637475,3927
2543,8,0.5408107403910791,0.1624657771543997,1.0384269878627443,1.1540703123562874,3927
2548,8,0.5411360194075973,0.16469245989038817,1.9447332643028519,1.2968883444087003,3927
2704,8,0.5544718241026629,0.08816567389405848,-0.3384737821179471,1.9005270142796502,3927
2762,8,0.5594209152318174,0.05258088866518224,-1.0190187187266935,2.1724799394297905,3927
2580,9,0.5435110428437405,0.2003189105867229,2.3688224164397687,1.3147607171352473,3927
2705,9,0.5544885370472202,0.15845007375917644,1.877125184897216,1.3241523209181192,3927
2779,9,0.56102762248892,0.21051389998069972,2.3728805617464386,1.0676006789337913,3927
3146,9,0.6010150637917573,0.08053925262907541,-0.5062475733677357,2.2820193431421347,3927
3177,9,0.6058196125432116,0.10384625328062351,-0.675324536197423,1.972836116314567,3927
3178,9,0.6059362656427747,0.18549327934900509,1.1245529853367273,1.4651621456778936,3927
3191,9,0.6072656413260478,0.11540492923690697,-1.268069034625649,1.8708237071837723,3927
3341,9,0.6336271746958066,0.028509123237963233,-1.442904148229974,1.1753017528418728,3927
3023,10,0.5864842706343069,0.1950312643435999,2.188831856336721,1.2899157956681562,3927
3143,10,0.600799321872101,0.18428520000457826,2.4110444271972105,1.5591975538341323,3927
3154,10,0.6021489489599603,0.1783203929701399,2.387353532558007,1.1107965370597588,3927
3255,10,0.6181002687050775,0.1572009989173483,1.563473469378556,1.4975098062040184,3927
3276,10,0.622430338736704,0.1473573750325536,1.8630898837221375,0.9901356888907625,3927
3369,10,0.6375019541528205,0.15360275375477,2.6661151936174283,1.3612927034429272,3927
3445,10,0.6517571761474656,0.15615218634802,1.260269834362701,1.545515912941859,3927
3569,10,0.6791730795600118,0.057930958571602076,-1.4645827651920307,1.9609751435742666,3927
3435,11,0.6497123077286543,0.1454577710989502,2.272065632833161,1.2136099809006733,3927
3517,11,0.6662576614627369,0.1559321684476213,2.5386266313059034,1.362249454468714,3927
3544,11,0.6721873264081307,0.20743638034208203,1.5312509494309774,1.5382927422516632,3927
3549,11,0.6747189251962304,0.1374077893238,1.5715184573830203,1.011233304867017,3927
3559,11,0.6764566919840537,0.17413606225401906,2.096151680980963,1.5147749548606964,3927
3667,11,0.7000446022745285,0.04914887483006351,-1.2888668795295264,2.059571004110074,3927
3672,11,0.7010589471163803,0.1909682357095242,1.292935022078462,1.6890303051512146,3927
3693,11,0.7050006526910201,0.167318759173307,2.070380946563752,1.9425958574886912,3927
3787,12,0.7409966360026949,0.18391392174110394,2.3340250446997053,1.337573738070342,3927
3788,12,0.7415704015423186,0.1109607523279769,2.4061862172771717,0.6128559772383333,3927
3801,12,0.7492987135291292,0.09510385443588495,1.1950527730295286,1.337666969942135,3927
3825,12,0.7588750164052935,0.17608840090546724,1.2260428971446367,1.8197549156428483,3927
3829,12,0.7631093088651798,0.14093578656286285,1.9195145677928178,2.07348856399904,3927
3832,12,0.7649046525417722,0.09547381112238303,-1.5561792856526129,2.36297097776624,3927
3862,13,0.7854404724451486,0.1786952170907842,2.368354092283028,1.306115157755442,3927
3869,13,0.792423829150333,0.09120840752398217,1.093763699092515,1.3011806917260618,3927
3879,13,0.804302795215896,0.08746527984172993,-1.0319472392220312,2.302700175428323,3927
3882,13,0.8098116921513993,0.06712841842153956,2.6482225492413027,0.48983923297756354,3927
3889,13,0.8176149711338464,0.15613110676353292,1.4431105314145616,1.8689370522864788,3927
3890,13,0.8180902699646322,0.10681122535466091,0.5164048611780024,1.2983335442830422,3927
3904,13,0.8330909017500338,0.10115531919554105,1.7032189372173228,2.3816311344074252,3927
3914,13,0.8509242726363487,0.03144293165852007,1.2320627792696663,2.0064495399257742,3927
3918,14,0.8603568041394029,0.09940972721638797,-1.1444781616358648,2.4830401701552733,3927
3919,14,0.874809736997169,0.08803500785291012,1.909532062678915,2.6449341171182774,3927
3920,14,0.8757813855273094,0.10633922603223707,2.484040014637137,0.7104587842473867,3927
3921,14,0.8794635045929218,0.08415940598883138,-3.0349726401912136,0.2880705906718352,3927
3922,14,0.8809610101164976,0.10986946531188231,0.26916042224063674,1.1361556826045804,3927
3923,14,0.8819460063235743,0.11627049194045345,1.3181541149496359,1.7030196805836704,3927
3925,14,0.8916558983372102,0.053172911298190566,-0.8955223462343537,1.1437581041702363,3927
3926,14,0.8919868986845384,0.10101213532199459,2.4556050089369577,1.2521476931774789,3927
3927,14,0.8965718042331287,0.03460985165702468,1.6096085945210836,1.7241546957622216,3927
3928,15,1.0,0.0,0,0,3927
0,0,0.0,0.0,0,0,3927
1,1,0.03184872378106329,0.018986600491770495,-1.1110720801819551,1.2688281033066828,3927
4,1,0.10175739938553596,0.06785203522561412,0.6477943172251384,2.3674946720703125,3927
5,1,0.10210354070559247,0.0853371371727465,0.515839172224259,1.5995845513211902,3927
6,2,0.10951999230799692,0.07368864051685373,-2.517380652539033,2.1276715752646256,3927
12,2,0.14100697128415718,0.10594409748870987,0.47643203513050847,0.9290637269864431,3927
13,2,0.14130049669671818,0.0954561986182321,-0.18089591470973457,1.8493070005314287,3927
34,2,0.18711774563083128,0.07465499392270755,0.6032565234739438,1.535460791883527,3927
27,3,0.1776151298883979,0.10334624199290889,-0.14264122999868367,1.807553511672508,3927
36,3,0.18833838937933045,0.08741796248908117,-0.5761902401052802,1.7987677735182779,3927
39,3,0.19015741566756006,0.11087810498919093,-2.448560283268493,2.0073189199783026,3927
68,3,0.22069663791840244,0.10686113400569618,0.5558557407035641,1.544854272578769,3927
75,4,0.2246879748929519,0.11749292339597432,-2.466110913666971,2.1329409790167233,3927
84,4,0.23415178964306305,0.12155539445445637,-0.4433683564765134,1.4860204225949514,3927
139,4,0.2659943940930364,0.10535636803302559,0.45565066697484485,1.4622672660217202,3927
152,4,0.2721477294291563,0.0667712796090017,0.08792507741480965,1.9185458495732521,3927
273,5,0.3107626198136657,0.10386729138096618,-0.603126002071595,1.3160353196652763,3927
300,5,0.31713440554310546,0.09159684066020621,0.34616789004073767,1.0460816476400943,3927
369,5,0.3304050152206357,0.03936836394823656,0.1282892133855392,2.1962246327328394,3927
372,5,0.33071269586350216,0.042848094669822936,-2.5707274073826247,1.2811263145014795,3927
373,5,0.33086632678565997,0.04970323832865567,-1.9061612748204915,1.4659944844360027,3927
831,6,0.40448609000136226,0.036070046673409566,-0.841592316655469,0.8536525757335536,3927
1090,7,0.43636567875640775,0.056397106158544194,-0.5511104112466406,0.5896385980750208,3927
1707,8,0.4856227208349654,0.09836416237666491,-0.7418267351016944,0.6798335702568745,3927
2422,9,0.5334000645309487,0.07583447726335235,-1.0058011853195792,0.976297237286348,3927
2894,10,0.5753348110023884,0.04383037113755706,-0.5861355476289071,0.9210885308203629,3927
3326,11,0.6245501106555829,0.05874584941778262,-0.7261988988690478,0.9747938599129805,3927
3704,12,0.7073749062063381,0.1281435546362945,-0.9090984514265046,0.5263775440265178,3927
3839,13,0.7670319644777056,0.12473211572956179,-1.483029423049182,0.4484025112557299,3927
3898,14,0.8178010872708862,0.10318361269957953,-2.441169011691356,0.4339313170087997,3927
3921,15,0.8727280625194413,0.08353857952714344,2.6947112969796065,0.502808404191882,3927
3927,16,0.9503834628329566,0.044167979484474845,2.628526837599769,0.7166863246219723,3927
3928,17,1.0,0.0,0,0,3927
0,0,0.0,0.0,0,0,3927
1,1,0.0702862524446366,0.028019982219194252,1.9375374016853282,2.6248773158781655,3927
2,1,0.12022862053382666,0.10925503940501412,-0.5040794667883324,1.0182782145841511,3927
4,1,0.12624419285700472,0.10640888259304455,-1.3392579733523693,1.2834408416002006,3927
5,1,0.12727033510284813,0.08046542940038552,2.1701345700598185,0.46562935326306387,3927
6,1,0.12888120673931946,0.06777771707633204,1.1338258045830403,0.7990815939632592,3927
7,1,0.13823434065838136,0.06475904690959071,-2.0749429817699974,0.662603621810413,3927
8,1,0.14021121591668162,0.13132705673775924,1.8107885675960178,1.2432560514495992,3927
13,1,0.1480026768468593,0.11782559830377677,2.700844657353216,0.7768660931045714,3927
29,1,0.1794817427904064,0.16802830677175798,2.3314058341773594,1.7455204658584216,3927
11,2,0.1468791065631132,0.05086261659322822,-0.010204963636755363,0.7518882659129486,3927
16,2,0.15011056690169589,0.11475123508417702,-1.3420806476097686,1.1995007710797803,3927
19,2,0.16363303234150262,0.08907891776420761,0.9409575308122968,2.141597394269205,3927
21,2,0.1659887849093864,0.03990752470369687,-1.0708228964334097,1.1187064025384292,3927
23,2,0.16936321417530342,0.09912536355485646,-0.734101187983274,0.6162294003370473,3927
24,2,0.1698939080896663,0.10486091318390217,0.6852262687696651,2.440568915063926,3927
26,2,0.17164848156123602,0.09224803509017315,1.297706868188454,0.5542795036257862,3927
53,2,0.20899409618956644,0.14167401771544422,-0.9339927207364316,1.4525842986453628,3927
79,2,0.2275974311976483,0.19837505502566438,2.4164157716960046,1.5825158338069618,3927
86,2,0.23411199512985015,0.2129625980334533,1.9818794504885433,1.1083033263191953,3927
97,2,0.23906692100760274,0.13786099915014982,3.1051579217299663,0.4866710886148106,3927
41,3,0.19623801677860886,0.048360693474879035,0.1087503309778607,1.537209041356147,3927
51,3,0.2047915010027479,0.039597764509151895,-1.3088687479488672,1.98593708002511,3927
52,3,0.20682329960167833,0.09943771312880656,-0.66870595234135,0.8600448953105612,3927
85,3,0.23199067110668858,0.07204456435002995,-2.467169426170183,0.6409957137810335,3927
89,3,0.23650608338759527,0.1799797796605207,-1.5196690414422247,1.151420357569223,3927
103,3,0.24135569692603887,0.1383532929412355,-0.29644608034999437,0.2475709123630307,3927
124,3,0.2510157640342068,0.12375471350251326,-0.6943523625851173,1.56243738422263,3927
135,3,0.25646106136686553,0.09997221375465401,1.8115396452427888,2.177596502345746,3927
136,3,0.25681759557641604,0.09670449367899638,1.235214149535927,0.35337071810362436,3927
152,3,0.2639136166030994,0.15881683133013738,3.1304878721461113,0.5370063690520543,3927
169,3,0.2706198849466598,0.16799940797507565,2.3609184069798594,1.4745062001605032,3927
295,3,0.3133201847115056,0.23934989800899567,2.2192034970421,1.2337263192580918,3927
108,4,0.24396584014272138,0.07696972765862681,-0.004570238233699997,1.7771951337363578,3927
111,4,0.24437439999621735,0.06451038726610606,-1.2412637573583278,1.6016623049006848,3927
158,4,0.2679122500361437,0.06732508438585877,0.3864038156879712,1.4917983943821342,3927
184,4,0.27440048190016164,0.13981282497058514,-0.6252915962045471,1.5523015327775491,3927
192,4,0.27755626472704575,0.12844630411130395,0.002140860155886071,0.9797302783872717,3927
208,4,0.28405225755089036,0.12230629843700408,-2.6669048503780526,0.5543148038110924,3927
235,4,0.2969899194455715,0.12682967397424916,-0.14395684745456833,1.1489459043428645,3927
242,4,0.29897706589135875,0.14202195777531318,-1.2955999465172163,1.2877439855840118,3927
269,4,0.3072708374939277,0.1616983572921689,-0.2612142722911991,0.7835151055023729,3927
276,4,0.30856828669811187,0.12611998502679883,1.9341465767355295,0.18064008451377317,3927
345,4,0.3231834278821174,0.12770213318279944,3.087584984041038,0.8446962968409482,3927
397,4,0.33767319630632464,0.1140300835183681,1.453867243781641,1.5883711848850763,3927
423,4,0.34269857993987707,0.23243100868390051,2.338386252137792,1.211221212993735,3927
427,4,0.34339762084202874,0.22925339452182297,2.3607444663922648,1.5087012931498194,3927
494,4,0.35680960698153463,0.19277914375044072,2.2747036857285967,1.4369492866834983,3927
393,5,0.33617633048173556,0.17094165103345527,-1.3540109308528383,1.161533274462022,3927
409,5,0.33945982157479804,0.06215729050005494,-0.5617584230024762,1.813800622080429,3927
592,5,0.3750766809667859,0.17809885326510333,0.3892934680575175,0.6287822511967149,3927
593,5,0.3752599163357482,0.21292827889296395,-0.06585935098883351,1.1190659116960568,3927
598,5,0.3763601700924085,0.11797342110007436,1.7151260383794327,1.5441021124238894,3927
601,5,0.37686786282314266,0.16142751443223669,-0.7277931661720971,1.3044477343261045,3927
694,5,0.3896348769580552,0.17570219133544532,-0.5815020658771816,1.0766452283922459,3927
701,5,0.3901094527547396,0.14440344740450628,2.4799114685606143,0.7109126177947555,3927
951,5,0.42024213892214946,0.2064642147844838,2.347065513784728,1.2829166567682448,3927
824,6,0.40662998712278897,0.15136006620606043,-1.4470707097543827,0.8417262764341293,3927
883,6,0.4126485599089844,0.21165915326260817,0.003990006222864238,1.1160605014320777,3927
906,6,0.41567330961140414,0.09539137122802613,-0.4823686843370617,1.1269308890561003,3927
919,6,0.41717912594084017,0.20364634522796787,-0.20147331214519956,1.1782558749731549,3927
961,6,0.42140681833311244,0.15134299090744838,0.26059702151207237,0.6036277648579005,3927
1050,6,0.43037124806429194,0.031177156732351143,-0.03894249628430425,0.4968245229349167,3927
1062,6,0.43158571062228035,0.1060887580907917,1.81147233438027,1.673655481621035,3927
1085,6,0.4331327966041205,0.18851477944974693,-0.47811956011539886,1.2752044649621106,3927
1139,6,0.43726266888561205,0.21943301020911252,-0.3705916125345729,1.104381114209217,3927
1198,6,0.4426177045093743,0.22606221600231027,-0.3541038810395442,1.0815921784978364,3927
1219,6,0.44448850812963736,0.16667108123123744,0.08861871097574753,0.7026302158845285,3927
1220,6,0.4445506821594234,0.13554650370875534,2.199410462387638,0.9767964730258826,3927
1627,6,0.47809674125796553,0.25086783329776496,2.4605105652748214,1.32356844999499,3927
1443,7,0.46352348888714434,0.16923275497879767,-1.2538970676213512,0.9966484698536665,3927
1460,7,0.46502881237322047,0.0297418040000181,0.48767336497852026,1.0717543304315702,3927
1486,7,0.46766480108000885,0.12227236333222727,-1.3192828309022058,1.0928138626774107,3927
1621,7,0.4776159864405446,0.056583209562031174,0.6160507772131631,0.8082869118587582,3927
1683,7,0.4815144404747299,0.17703251772337747,0.09922069394417496,0.9040106464542769,3927
1847,7,0.49228349801980587,0.13366568082901323,1.781223514689696,1.2332007218601877,3927
1859,7,0.4933287112111151,0.15214058482658238,-0.30756195526905183,1.3737685483017548,3927
1907,7,0.4967590807349478,0.10205787301029612,-0.3595802231809989,1.5268809406966402,3927
1918,7,0.4970350396371749,0.19720188229759417,-0.23513610883279437,1.0511589041819505,3927
1956,7,0.49966466211184324,0.12453782530750006,2.074893637952751,1.295818684623507,3927
2002,7,0.503306535005596,0.08727504440154019,1.7814362038956872,1.0083976405203041,3927
2008,7,0.503557206911965,0.11561675123216807,-0.6326289439939987,1.126265093866258,3927
2365,7,0.5275101185486648,0.2158574241804098,2.488043414468089,1.2453906584464285,3927
2275,8,0.5211846373653048,0.010755962884124143,-1.6901256915966199,1.5210533182183352,3927
2311,8,0.5238490822515739,0.09941011357605199,-0.9745417334947407,1.1547660454754392,3927
2355,8,0.526820985179754,0.1112346249959351,-0.5132111668488616,1.2908605771508166,3927
2460,8,0.5348343536191079,0.0643208528429933,0.027215570359098183,1.6150433368917407,3927
2493,8,0.5374013716792848,0.12220455732022574,-0.8587529240548487,1.019408509730234,3927
2618,8,0.5474542199512326,0.17296184720252117,-0.35103420376947914,0.8651878681938052,3927
2671,8,0.5527114616772311,0.10806174750980044,-0.08504745923501857,1.252104688830813,3927
2683,8,0.5537857743252081,0.11967686459640849,2.03799744134841,1.2385792555641513,3927
2794,8,0.5618574767211034,0.18765166198990116,0.2095890913069185,1.2748344689120747,3927
2882,8,0.5686954831274593,0.1954111779198696,2.3943206225078733,1.3860828692171034,3927
2753,9,0.5589441846211332,0.11337845641681002,-0.9831508385160298,0.9460768768321118,3927
2988,9,0.579164087925414,0.04260963574975084,2.2376408402180923,0.6473237616924978,3927
3073,9,0.5903312862033321,0.05085169318106583,1.6401471332113617,0.773667630278746,3927
3151,9,0.6004842058143776,0.09407943178611175,0.288871552680165,1.1557126264177542,3927
3176,9,0.6041029815587126,0.11383553414727032,-0.2072679558238505,1.5214551060382384,3927
3231,9,0.6110704825598374,0.14779514294679322,-0.23618454737277178,1.3985386585839705,3927
3283,9,0.6165296572521488,0.18247183657141539,-0.005438570077044669,1.1102304217998895,3927
3554,9,0.6630763186704128,0.1391263185383562,2.4877950435202494,0.9944874585540667,3927
3425,10,0.6370738650964458,0.07962020403026995,-0.9113393412445605,0.7989917160863688,3927
3520,10,0.6558219805795836,0.1197629220765607,0.11278113870700911,1.3494478720965812,3927
3522,10,0.6559535002565152,0.09016050018517043,1.1379660320662424,0.8331035110410411,3927
3587,10,0.6695196441959431,0.1025452148460553,1.314510372956227,0.59462047398383,3927
3591,10,0.6702621475370896,0.04227582410404211,1.6123050280875229,1.4122503999989706,3927
3608,10,0.6730432571803583,0.11717037054120376,1.2849838895924013,1.0032399550783648,3927
3615,10,0.6744547896988783,0.15356353027908162,-0.06548332098044247,1.2566972304686175,3927
3637,10,0.6802215125828346,0.10839592537193077,0.17727735569212363,1.1024165247053734,3927
3646,10,0.682910192068144,0.05994304383196415,-2.4038868754069567,1.8949193596382847,3927
3758,10,0.7266919431458061,0.12442538889874609,2.3807757216957612,0.6187733143039508,3927
3749,11,0.7231899284021309,0.09646527610685614,-0.7633173617182503,1.317405949443276,3927
3764,11,0.7275472971087747,0.06012991649938467,-0.5810296851317951,0.7705509655630391,3927
3768,11,0.7293732504410083,0.1111829519669318,0.9682205280630399,1.355216533939125,3927
3792,11,0.7412125655234283,0.11478331283283161,0.05122666802390032,1.4040941575841832,3927
3818,11,0.7550649518603079,0.052594750705569966,-3.002104138336616,1.364183397552892,3927
3819,11,0.7551115273507194,0.10865491628116489,2.1288835786404725,0.5782578113203258,3927
3872,12,0.7994330000957989,0.11122770480835455,-0.19150931980946023,1.5393024027313813,3927
3874,12,0.8005212268131707,0.09033741045239928,1.7100902757052494,0.5146364810664121,3927
3875,12,0.8007183113048773,0.07309706551647452,2.6690042325478065,1.0011172541192248,3927
3877,12,0.8014415742914952,0.1158116882801427,0.825949416160298,1.9430580057316968,3927
3882,12,0.8051249711167804,0.06810977288595019,1.2001520373128496,1.3994775112453284,3927
3892,12,0.813055544231419,0.008740078709297681,-0.3466606136432609,1.0356493876954014,3927
3898,12,0.8207492091749842,0.07310442491010152,1.4016749614600266,1.9813458365816583,3927
3910,13,0.843358548261375,0.12055656220952829,0.6022540729492059,2.0200621687348104,3927
3918,13,0.8726038797737502,0.04852140186161321,2.5308804472242796,1.208154912183647,3927
3922,13,0.8955013272081811,0.0712394372888353,0.4017147603248876,1.8492944963925577,3927
3921,14,0.892253412108988,0.034200851597573446,2.7806214947455885,1.3343890075161733,3927
3924,14,0.9003669502902772,0.06926853740541294,2.5230345720556966,1.4201524540471326,3927
3927,14,0.9239202488078729,0.07340831886830977,0.1937262182342976,2.0909685304621113,3927
3928,15,1.0,0.0,0,0,3927
0,0,0.0,0.0,0,0,3927
1,1,0.06893049875301349,0.05360759191934794,-1.8163020621790738,1.2049724668345418,3927
2,1,0.08156208818162114,0.04963532785442701,-1.9784329645527345,1.5238334614563083,3927
3,1,0.08380880343126185,0.06840330082554495,-1.1920076836847293,0.8726162467884001,3927
4,1,0.0841330471042665,0.06255904282561066,-1.4995218914709105,2.3612685855668873,3927
5,1,0.0919501413355579,0.040747297683055114,2.1498733885903456,1.318523581878098,3927
12,2,0.13703246394854163,0.04634440326466289,2.061539176413759,2.071650585691733,3927
18,2,0.15060974877660593,0.10817026621787607,-1.2222001400234555,1.0000644583006362,3927
20,2,0.15778626174903765,0.09987666502210442,-1.2894123633733985,0.5604874918935614,3927
21,2,0.15841085603575156,0.10995114920896115,-1.4574986556285032,1.9328252695903108,3927
54,3,0.19918067878308976,0.10958854507851831,-1.6391594630736785,2.1352525281462054,3927
57,3,0.2003692342933091,0.11542380270085215,-1.5499366800847945,0.8356937312502415,3927
64,3,0.2054667828460799,0.08532382515077731,2.1439500228720414,1.501381232094919,3927
85,3,0.22922712642192655,0.06964465584401615,1.2066132665798928,1.5980497841797472,3927
110,4,0.2456380732972785,0.11630915604709832,-1.7331527301112428,1.0895400233869428,3927
151,4,0.2634109586531179,0.09392420538078249,-2.3229000499485077,2.177586764912922,3927
172,4,0.2712789085545171,0.11278847060896957,-2.294914369298165,2.161291275958136,3927
187,4,0.27980216811003344,0.07734853656174266,1.4785855596415358,2.0801726231686684,3927
312,5,0.31409698481085047,0.09644934036766258,-2.538795181208701,2.0835285268170347,3927
332,5,0.31983411698465547,0.0911333390417876,-1.76580592804528,1.192189145354199,3927
403,5,0.33594768047631274,0.09648120654750321,2.1371969312691528,2.1612133108861658,3927
441,5,0.34451892316887256,0.06481646609216203,-2.6879342602338516,1.6639419290111286,3927
515,5,0.3572700754673527,0.030242283721295758,2.4539065616128095,1.9018707058299433,3927
679,6,0.38315844459316295,0.1056342171995305,-1.780899864413365,2.404116913099693,3927
713,6,0.3878842550817625,0.11014995347553858,2.067192686153732,1.6796679317984122,3927
901,6,0.4094374430437697,0.055408522660769434,-2.9018209763994762,1.6665472630994966,3927
1138,6,0.4335060418471439,0.061612678236344996,2.494389801201292,1.0784619068364052,3927
1278,7,0.44841736681016875,0.1230831710282267,-2.1657876863852232,2.3070003644102335,3927
1594,7,0.4732767922789245,0.07533463124801291,2.7840926813488407,1.261282834137622,3927
1749,7,0.4841694515878433,0.12294446487570121,2.972240396678617,2.600194745660429,3927
2668,8,0.5528946170408746,0.06560508225331481,-3.046004979957786,2.3303921442270608,3927
3013,9,0.5850514362283965,0.07257119147665203,3.114025733853348,2.080138498784683,3927
3376,10,0.6336039366698338,0.03785585008729911,-2.8468640538064967,2.6149075068350114,3927
3631,11,0.6839919615603552,0.0488150657174188,-2.6912463630526466,2.603273162873201,3927
3762,11,0.7227554463774358,0.07771156437287022,0.3457419039103125,2.0943525905841667,3927
3820,12,0.7470637593141917,0.02310970763518075,-0.4308601744887291,2.53104823569772,3927
3876,12,0.7803126537701519,0.058362904442905025,0.8044494672522297,1.7043203683141173,3927
3918,13,0.8530795038530007,0.059907605577960564,0.7229671620727068,1.3391507453078972,3927
3924,14,0.8887834660428162,0.02792473150428778,0.3927078093929091,1.1822586673261173,3927
3926,15,0.9511019376346646,0.042954018811118204,0.33120259183221645,0.5588831219596301,3927
3927,15,0.9598253669452013,0.03943738428412187,2.0206817421041388,2.9934605366469484,3927
3928,16,1.0,0.0,0,0,3927
0,0,0.0,0.0,0,0,3927
1,1,0.06846627099390779,0.05323946179780635,2.907931883661462,1.0337124587400963,3927
2,1,0.08805539088050762,0.07604736507992191,-0.9456429602090664,2.5794394943294128,3927
3,1,0.0920246552364753,0.0749787260730413,-0.4858768785164238,2.5800821044773294,3927
4,1,0.10550455984270135,0.10041068783849999,-2.62113386427877,2.268494432614797,3927
15,1,0.1512669496802097,0.12050625058093158,0.6667446657753986,1.9890778364936001,3927
20,1,0.15833146365103978,0.14620372723599845,0.9895954323239414,1.6293733849628655,3927
8,2,0.13171951773357682,0.06457448801261477,2.7395489637962536,1.2374741578349777,3927
11,2,0.13834685899508792,0.10472592046275567,-1.0591393600522272,2.872570493619242,3927
21,2,0.15874409859837635,0.049432398913662336,-0.7281228501643007,1.909209720490027,3927
24,2,0.1666411323446224,0.13915580537183983,-2.7177207896700075,2.6521083522539737,3927
31,2,0.18047121837985458,0.08770656462420456,1.0250499375043147,0.9240234068516682,3927
97,2,0.24342947634575784,0.12468818220591128,1.1756865135901364,1.5828541039424942,3927
33,3,0.183071073274091,0.07381233234520419,2.8109294347181932,1.805024740784862,3927
41,3,0.19408292676895633,0.059234303842478325,-0.9572090852255616,2.127249366803366,3927
45,3,0.20513613075805504,0.0775097295010914,-3.0877548373835975,2.9115786613736216,3927
74,3,0.22797829448239926,0.19211060883259418,-1.36398377973888,2.8734537098432424,3927
78,3,0.22821228648061653,0.15207214615564735,-2.84173849897621,2.542104112309941,3927
80,3,0.2293048046379892,0.05161329231256492,0.7260164834959305,1.6564405396811057,3927
88,3,0.23447072544154068,0.15227347056362953,-0.5757612254304348,2.7148388481105754,3927
106,3,0.2507192615716639,0.06686496587495815,0.6801104004695528,1.3981543216679568,3927
125,3,0.2615935289154815,0.1047924334440607,0.5989524834823055,1.7998888354187266,3927
156,3,0.2771806619788957,0.10835947699042456,0.9568956833663033,1.7000179339727166,3927
146,4,0.2726903633078348,0.06016160485405154,-0.25498547086373413,1.2916748904628672,3927
166,4,0.2790391525777315,0.1544672142843285,-0.8774735125325126,2.913278604080953,3927
187,4,0.28566155257804604,0.1558622445674767,-2.81360575395538,2.702621834875267,3927
209,4,0.2920114057237152,0.12152242115345638,0.2250600619485444,2.815960450302186,3927
246,4,0.30632448815122393,0.11068780640723161,0.05954046846612618,1.3317809403555256,3927
274,4,0.3137285552592015,0.08174784682387796,1.1823782190659808,1.3579109891826855,3927
348,4,0.3334081491254366,0.12825104098111856,0.5490800777088019,1.1514982061554506,3927
375,4,0.3376347425090982,0.1262462560017409,0.6080465861169534,1.3478684205130111,3927
312,5,0.32237705723452903,0.13404360043732932,-2.604381768915315,2.721517375394142,3927
318,5,0.32520566170677967,0.11952046620857648,-0.4687852561490995,2.78257393354555,3927
820,5,0.4060449032330403,0.1509051680467017,0.7403383553815064,1.4422975456829332,3927
516,6,0.3627260579471048,0.12054096296963199,-2.4093474327567317,2.567576633471681,3927
534,6,0.3656119065172594,0.11130877903634283,-2.7046419553096492,2.521518235103646,3927
707,6,0.3894536624931241,0.11646484721275367,0.6759816007927748,2.5531791737154124,3927
1300,6,0.45298172851278795,0.17247009836044266,0.760016642970781,1.2810025196802306,3927
750,7,0.395561024980399,0.11092897667804484,-2.942633991106132,2.6417324629185033,3927
903,7,0.4149442603485022,0.11711899012685806,-3.0253771240968685,2.934513687302657,3927
1074,7,0.43165008924188275,0.1467077558840583,0.4883571404524791,2.5978838514255185,3927
1874,7,0.495443161043021,0.20479228554637074,0.7460690481929226,1.223202075823993,3927
1344,8,0.45711114332285474,0.11150868943475334,-2.6674642698018163,2.4625271736238967,3927
1606,8,0.476620409811482,0.1537231115938663,-2.861295929990654,2.150657013063625,3927
1826,8,0.49160063642876217,0.13328481336815406,1.0999608160851866,2.8969169396003256,3927
2639,8,0.5491708847092514,0.18504897228642944,0.9511280342909781,1.1357360965638015,3927
1956,9,0.5012316859230895,0.0939322892869354,-2.992539609715314,2.8192063238225558,3927
2107,9,0.5111212025811687,0.1630387084258584,-2.919595203167607,2.2417703376783287,3927
2570,9,0.5446109613970476,0.144174981782213,1.6894095344491293,2.6070783371020054,3927
2591,9,0.5458396504690266,0.13272257433336868,3.044455823309399,2.00025961784463,3927
2592,9,0.5458510437768914,0.10480650286306553,-2.1454340151139624,1.9789320676197544,3927
3180,9,0.6061489479876144,0.17130714511265294,0.8531084284256738,1.0048001067671144,3927
3191,10,0.6078773766699148,0.1300426114089919,2.772708219019028,1.977163860738428,3927
3200,10,0.6088353001072269,0.12601840138339784,1.038349234634685,2.439877900625503,3927
3231,10,0.614224340703532,0.12632417994473322,-1.7652765972291171,2.2409505209235494,3927
3269,10,0.620011759028608,0.18027740712549373,0.8279849711657201,0.9938801617920605,3927
3507,11,0.6650489972067855,0.0878008103707688,0.7881930829604796,2.2360010912121635,3927
3537,11,0.6714957190849825,0.12188147451509228,2.5616028812293146,2.000810862277675,3927
3553,11,0.6741346410503264,0.1619223304228534,1.0640232626223227,1.160080550383348,3927
3662,11,0.698961636577396,0.1783964778043711,-1.3612678203063533,2.1545753220631205,3927
3777,12,0.7484910645694988,0.05212422032357045,-0.015250154412924318,2.1065760646415965,3927
3780,12,0.7490688923718065,0.09762392973321218,0.25900442488406983,2.1297031501653825,3927
3790,12,0.7525657779637327,0.15784863642157193,-1.6920061579083236,2.1968988827658116,3927
3800,12,0.7593069974510369,0.06837800814039235,3.1283149375880086,1.4971203459591698,3927
3806,12,0.7651809667491013,0.1453376929037734,1.3140053431947287,1.114244085895347,3927
3822,12,0.7763962501440981,0.12057822932325797,3.101434943480743,1.6077060640087908,3927
3832,13,0.785624785215978,0.0933226304896759,0.3556042488767432,2.2534899232867076,3927
3853,13,0.8026383562190914,0.12823693374099568,-1.5392669479277572,1.9877824709407403,3927
3868,13,0.8109897224759594,0.12131000640946905,1.4212558690525303,0.8434810579641262,3927
3874,13,0.8160636169813013,0.12234505650817884,3.1366479935827716,1.8160112121624936,3927
3886,13,0.8260525888985746,0.10652121788733776,2.7579578781812866,1.1832849448670972,3927
3899,13,0.8365481426739207,0.055034763597913164,-1.2353378475552996,2.0770263824329476,3927
3898,14,0.8354522147284434,0.10493094884383741,-0.2306673909441233,2.38811088170972,3927
3902,14,0.8406471202775594,0.1438341789369747,-1.5456920455412324,1.8017916186557856,3927
3905,14,0.8446354543168956,0.13409252897787388,1.3655770163336503,0.6428007777850211,3927
3912,14,0.8548504715782624,0.09261201649181788,1.4415920978968964,1.1460867521819733,3927
3915,14,0.8574767294790774,0.10725189270935793,3.0200711572462935,1.9509872123238852,3927
3918,14,0.8615598902611611,0.0984244215300387,-0.29068511771042405,1.6971304066815094,3927
3919,14,0.8630328412946219,0.13682757200558449,1.788369221799007,0.8908164802783528,3927
3924,14,0.8702455491916442,0.08826881975956243,-2.837004403009179,1.6490588882487986,3927
3925,14,0.8795651584307982,0.1108601435843735,2.8515633743824065,1.2175937092236482,3927
3926,14,0.8888715885661543,0.022897086024686673,-1.8695493900255946,1.517371334673983,3927
3927,14,0.9096921398288792,0.0702861732492095,0.5979109259392194,1.7399872582045077,3927
3928,15,1.0,0.0,0,0,3927
0,0,0.0,0.0,0,0,3927
1,1,0.0547015901674508,0.05331661704134537,-0.13365423440175972,1.3888549652990019,3927
3,1,0.11110328506614775,0.037518523460703584,-3.107669117586537,2.6171185119291493,3927
11,2,0.1507938547522325,0.024088672637488824,0.7953570402982008,1.338622310495974,3927
14,2,0.15573447046099886,0.01969542452117033,2.8819999009021813,2.568268832949244,3927
89,3,0.23256040989251558,0.06489867343706651,1.4232056332245921,2.1353140238425268,3927
187,4,0.28351504063193267,0.09126981744451526,1.6053571951033616,2.268499251563148,3927
306,5,0.3161582588573103,0.11061684391270936,1.3434592324432655,2.2269446142146405,3927
596,6,0.3731946139633575,0.14113623300614359,1.6290461435739878,2.0075835464403595,3927
1279,7,0.4472208038928521,0.08971451588639735,1.7221570914511646,1.8077853325425888,3927
1983,8,0.5001248302263188,0.07292089085149073,1.1218048210430311,1.8937766506088987,3927
2660,9,0.5501068215420308,0.0526995318566557,0.980461715520254,2.5070093732982888,3927
3092,10,0.5916929800172813,0.08329285331866497,0.41449338328382274,2.8137901579937687,3927
3547,11,0.6645447782043671,0.1169351199006333,0.10919430320566635,2.184708180173633,3927
3632,12,0.6825101125089412,0.12027646296543698,-0.04426569391225995,2.123483825150229,3927
3761,13,0.7287215472667127,0.10270183239795175,0.3265842591011628,2.188236842849208,3927
3810,13,0.7495120002752763,0.11582736993301829,-0.3669166795786472,2.0624277598842977,3927
3905,14,0.8412076425343221,0.06116845073247412,-1.0483992109831262,2.5508070695053933,3927
3927,15,0.9272174673786836,0.05084779933583275,-1.1063695460026177,0.8964468670582745,3927
3928,16,1.0,0.0,0,0,3927
0,0,0.0,0.0,0,0,3927
1,1,0.09053237699438266,0.0558258099283713,1.3903658586815284,0.9645301204952829,3927
2,1,0.09615088150092344,0.03578934454777266,-1.4179034185486796,0.9631626216624477,3927
3,1,0.10488265668626695,0.06719412997714284,2.077335311350363,1.2816904462828866,3927
6,1,0.11478777130682949,0.11170136839838136,1.7249169852307626,0.5385360776308132,3927
9,1,0.14554949897749403,0.1367782574700139,0.6301455743452322,1.3990151865523994,3927
11,2,0.15746155288942432,0.13718981030854743,0.5741467019889259,1.3992814071345276,3927
17,2,0.1683044295877767,0.06157366466783063,2.2390471067573574,0.40655317483382886,3927
21,2,0.17624322811176152,0.06414912568740119,1.6291401479670724,1.8836852397477404,3927
30,2,0.18339516446980442,0.08891698346442749,1.2133117697609332,0.8946903335012448,3927
44,3,0.20247796973389443,0.06368430326999214,1.8520369702369006,0.7740477529782508,3927
57,3,0.2139055293762374,0.09301109986397378,1.5479666228842381,2.0141512060622015,3927
150,3,0.26944224533162264,0.11087254841423073,1.0945240301369474,1.4919118449453566,3927
92,4,0.24321262011324307,0.08661724285486738,1.2890474882337375,2.108046612596011,3927
118,4,0.25868793758482866,0.10412283519072565,2.2511055483342113,1.1259836760824222,3927
200,4,0.28784091848888205,0.11224084830013305,1.6331491361128012,1.8538498524958409,3927
224,4,0.2957116973152779,0.12775597951322779,1.2514934468855599,1.498865005693489,3927
242,4,0.30076895929054326,0.05565045301052386,0.5147610060401326,1.692540155190666,3927
271,5,0.3087719181929681,0.08904402407152966,1.9994711135838121,1.2024103397232033,3927
306,5,0.3201407282480121,0.06886348128180442,2.417151089604101,1.1397071917402763,3927
348,5,0.3304176800653229,0.1069873422533656,2.034580435893422,0.9680662951089688,3927
396,5,0.3416812544188258,0.08987056536434747,1.862191761255249,2.412013361840713,3927
409,5,0.34401088308111183,0.15036526193024866,2.5728533739257786,1.4546614896450365,3927
413,5,0.3444965357570884,0.05012682905645823,-0.9892173446407725,2.7888377838872187,3927
444,5,0.3505741021054489,0.11491107214420743,1.4045772712933442,1.5588041680973215,3927
615,5,0.3802033719414214,0.06604146659175929,0.993865213160131,2.285854699113617,3927
635,6,0.38448240442048076,0.11757838603685695,2.4811396026614823,1.5210780311083882,3927
738,6,0.3975372132716867,0.07785727793077708,1.5556031856828525,1.395031870129971,3927
836,6,0.4088050006045394,0.12127480686396923,1.105243178119095,1.454905721271773,3927
861,6,0.4109918620109497,0.03754651837130647,0.909196906011775,2.2948520114781674,3927
880,7,0.4128332216803834,0.10689376519298796,2.6957102797669044,1.6122321833051,3927
2135,7,0.5123075855817689,0.11335831867863351,0.3834113840945664,1.3644879092769486,3927
1502,8,0.46925936827259684,0.12492166119609296,3.070417726630649,1.6214495470641677,3927
1745,8,0.4861988057493478,0.09353466590898221,2.329441210461144,1.8402079466072063,3927
1754,8,0.48702526707260296,0.1281993678077004,2.8368968657874505,1.4259706927769433,3927
2499,8,0.5380561867171386,0.09474027531345817,-2.851610389105428,1.0306874853627634,3927
2729,8,0.5574056202732028,0.10962288123677745,0.32848519840690715,1.625548575483683,3927
2826,8,0.5670504571254659,0.133121921373368,0.23261264946719523,1.3133824537900822,3927
2408,9,0.5301752754330447,0.14964227010608672,2.6630850383121913,1.279383002625403,3927
2505,9,0.5387085698083253,0.1544557165425574,2.7484812414689195,1.5927991670639536,3927
2593,9,0.5461784692963951,0.18481958558780706,3.0813708457890785,1.618533897635045,3927
2731,9,0.5578652264070484,0.09340677269520527,-2.6530064616199502,1.1915972458582211,3927
2865,9,0.5727181544893587,0.07084704504669362,1.5703661486953127,1.997879228897715,3927
2884,9,0.574419013847707,0.14510912110613197,1.8983673301221093,2.1037900134146614,3927
2912,9,0.5765548910559413,0.15568981951695873,3.0219008702435306,1.3921647178431982,3927
2918,9,0.5770982722082854,0.056069546651964786,2.818875510826127,1.956068338243481,3927
3062,9,0.5922004860627419,0.13906315307669948,-2.6891572848370306,1.1350337918294269,3927
3251,9,0.6135917483568287,0.09554957533866802,-1.8342272359805751,2.1484670753915864,3927
3263,9,0.6158623394737711,0.09510264067042616,0.17786484677930753,1.489526803728507,3927
3110,10,0.597370609393966,0.14145645007624805,2.2898607258740853,1.4548373504538668,3927
3186,10,0.6051429348143383,0.1575486027953498,2.89939063362676,1.22375159519284,3927
3208,10,0.6081213168659015,0.1521932930745603,3.125026568254165,1.7026399586026024,3927
3278,10,0.6183663027554063,0.1772383387563851,1.8471407955130077,2.012212235721095,3927
3279,10,0.618392185592837,0.14885137752825264,2.8218921101734673,1.314319337281977,3927
3358,10,0.6322596966429034,0.03413691432305998,-1.8981517908536258,1.3797324241573725,3927
3401,10,0.6394137221643659,0.09394713644186148,1.4799244834536895,1.7833207654758594,3927
3411,10,0.6404020199968693,0.11822987390655076,-2.482792974939831,0.8968830719198703,3927
3431,10,0.6452157186148199,0.10791188094230074,2.7161053741201826,2.210137983861447,3927
3434,10,0.645872108519833,0.1502457688016307,1.7432986629186742,2.2675365062114143,3927
3435,10,0.6460790082746255,0.14999338737245604,2.291380999623075,1.807617380458037,3927
3463,10,0.6528966877060334,0.1370982411766027,-2.086595079657093,1.7156831670846233,3927
3480,10,0.6554596527837921,0.09634963689816606,0.6764662380235393,2.0462685341852644,3927
3521,10,0.6669802482797249,0.0834126265081711,0.13338215313441998,1.091611862069826,3927
3523,10,0.6673433464788627,0.08986118238204965,0.1036301294460208,2.371572288876702,3927
3554,10,0.674238782018418,0.13563434787645356,-1.8150277542677002,1.8987013381059787,3927
3610,10,0.6826106559839487,0.07867997615910109,0.13664160142868137,1.8008057148256529,3927
3464,11,0.6530342376123552,0.1469969069020787,2.3399733012191835,1.604725142291452,3927
3567,11,0.6760343813272454,0.11498297024696659,-2.2469247417416973,1.0793988678360202,3927
3618,11,0.6844083362223692,0.17240572041869195,1.605636876486571,2.1150886691047197,3927
3625,11,0.6862034656689183,0.13906976137548743,-1.8682558787622108,1.7017265406954576,3927
3644,11,0.6907337199457433,0.2228261307869269,1.7263649660867537,1.9305762065311154,3927
3661,11,0.6970878292743545,0.14164416011412695,-3.0246154347621803,1.5729978334412948,3927
3683,11,0.7018781529532715,0.06777007462668308,1.9837034692860853,2.019139609551008,3927
3688,11,0.7032539004274644,0.15038926677778938,-2.6795979282579476,1.8492462700937253,3927
3703,11,0.7091632024267943,0.1294881722037301,-1.6971931666202429,1.682572287247917,3927
3718,11,0.7143344122418896,0.15092424079619973,2.295085413329987,2.1753710335661465,3927
3737,11,0.7213533015765621,0.035273675848480214,0.8626141169757234,2.6734716564414898,3927
3749,11,0.7246247482757348,0.1339762852873107,2.1007542098182386,2.2234939811193093,3927
3779,11,0.7342472123337536,0.04696426407333233,0.5066678985228192,1.7187966373079995,3927
3796,12,0.7403891217619369,0.10405362606398547,-3.0119847679877867,1.470156130935366,3927
3820,12,0.7542246254728964,0.18581871326080135,1.7655104727097992,2.179912046727842,3927
3825,12,0.7570008927698827,0.1625176010222946,1.5377714237192945,2.3168736227918942,3927
3828,12,0.75839654743751,0.14876720391794165,1.7540841503823161,1.889998079414411,3927
3834,12,0.7626574393462873,0.01358382328600478,2.739143843106388,2.031254893080657,3927
3841,12,0.7667017040414964,0.11115059450690132,1.8163296151264519,2.3429461448188382,3927
3843,12,0.7684180584273184,0.11736132587719358,-1.517106141905148,1.3718518350927031,3927
3854,12,0.7736973148023226,0.0631448449140429,0.4888126170169578,1.3220916510172827,3927
3855,12,0.7737826272240815,0.07278379115720474,-2.7600332614442995,1.5272083710392754,3927
3861,12,0.7764842599851677,0.11528200068380573,-2.4919000713225463,1.9526951168949065,3927
3873,12,0.7880435803625336,0.1635293630748388,2.2865962465709084,2.4430958365493725,3927
3884,13,0.7961596050465295,0.1731824241485509,1.6015313376841744,2.3394022630918303,3927
3892,13,0.8157429938972639,0.06433335347199488,0.7532521326406003,1.8223951489794334,3927
3893,13,0.8159682329932327,0.1460000804608865,2.0208854009257027,2.1586071138171152,3927
3894,13,0.8187588292820831,0.15350384524545252,2.1746397591300255,2.5556056260172815,3927
3895,13,0.8188711543125057,0.08464613307319438,-1.7096425314352601,1.0557921097967655,3927
3910,13,0.8486682965869193,0.07791385374814351,-1.8995022122773242,2.0128759401935854,3927
3915,14,0.8593709599386808,0.08222298450548077,0.5074694182906518,1.9965345678286655,3927
3921,14,0.8817041384916657,0.09457827085168083,-1.291421356541297,0.9977114725316683,3927
3924,14,0.8977656831922355,0.06508442745231827,-2.234031863912602,2.366355665302486,3927
3925,14,0.9146052442158921,0.06916096020762981,2.3562886660582536,2.4364902778000164,3927
3926,14,0.9261782226504779,0.07178301662653656,-0.9899273705487411,1.4611779338869868,3927
3927,14,0.9265018361982387,0.03903933682243979,-1.04280988211432,1.3058011019300948,3927
3928,15,1.0,0.0,0,0,3927
0,0,0.0,0.0,0,0,3927
1,1,0.08167152117933663,0.026291278061022723,2.8437989862499404,1.0759518618639146,3927
2,1,0.09703258065536746,0.0572974295988453,1.3658750131977477,2.0848554658102723,3927
3,1,0.09895281330075156,0.07004026251630917,1.6450602234077052,2.1512277369734374,3927
4,1,0.10234308978042139,0.09181984421840378,0.04869763238578011,2.834474847039074,3927
5,1,0.10933146520719272,0.06416145083665857,0.36490331888810446,2.1509385852858953,3927
6,1,0.12041281263125359,0.09014564223821717,-3.1142824891000225,1.599470515123775,3927
9,1,0.1388912772586831,0.10549016828567631,-2.6261556464016937,1.1912666701731784,3927
29,1,0.17665518003582326,0.13342588359550775,-3.1396275248249914,1.2327074608575268,3927
14,2,0.15392661359643867,0.09353510327159376,-0.8436037151765856,2.7810208465487034,3927
19,2,0.1595472669108784,0.03939210584023531,0.74945152610995,2.7523289266715065,3927
30,2,0.17821133057389194,0.06320517477648223,-3.0183296267563575,1.5375728720608508,3927
59,2,0.2238273276562206,0.11768154134277378,-3.0339240079508,1.3814254005650277,3927
26,3,0.1742650598874823,0.05158540915412921,1.1517928856898088,2.818397668018304,3927
31,3,0.17829885102691867,0.09137789384293164,-0.8961840713689516,2.832110965217072,3927
64,3,0.2260759009895278,0.08744637845257248,-2.5769721525662312,1.5344988716332075,3927
76,3,0.23387662036468915,0.12202988306664692,-3.0498279249563436,1.3423422710502826,3927
94,4,0.24418925407534497,0.08643624380898651,2.2495636976688083,2.498699456378742,3927
105,4,0.24988055146245158,0.10280200789562978,-1.2810843871788498,2.291729386823847,3927
111,4,0.25364482231779495,0.1273624182299926,-1.454612220263506,2.5702803896232584,3927
117,4,0.2563354945790053,0.08243722771456002,-2.0477233642728416,2.4024132635148074,3927
121,4,0.2574535982115592,0.12033433050031975,-3.0758442973668196,1.1983128907253289,3927
126,4,0.26044043900558,0.12214649080093581,1.6473767869509381,2.671539370717696,3927
137,4,0.2641712246906376,0.04267992926071821,0.5685350578104549,1.2612283536854156,3927
286,4,0.31010736980818476,0.10749873937194578,-2.4924306394449176,1.4257970664997086,3927
302,5,0.3138265019207658,0.13341998270688687,1.8850161897578552,2.5934571638118658,3927
354,5,0.3266348129454175,0.057048966237005984,0.5327774860478984,0.6021645577480319,3927
412,5,0.34216941236328224,0.05798725236453439,-0.7572977597567621,1.4050605505709248,3927
517,5,0.3627589696743617,0.10086447371519258,-2.122828161339001,1.4061677106336972,3927
529,5,0.3643449901491105,0.07607263836225883,-1.2546414050008206,1.6621037036728463,3927
498,6,0.3597947356736766,0.10913895204118734,1.8677816623546375,2.4014831100707394,3927
719,6,0.39336024446804385,0.05811145980758388,0.24558004222220484,0.3545233786396447,3927
1118,6,0.4376712927345554,0.03773565311649355,-2.211320774161918,1.6796170413176303,3927
773,7,0.4002718319714561,0.0967535719433766,2.1189256445176285,2.6945393971581355,3927
1435,7,0.4653573865769062,0.02233242929912571,-1.9716506056068155,1.3926050685539926,3927
997,8,0.425869964824827,0.08923047267957125,1.739306692873123,2.7878712743742757,3927
2207,8,0.5182447834981385,0.02016751100051729,-1.2474605750498242,1.8486579447389595,3927
2614,9,0.5494034307228125,0.05832585713770062,2.306082866804053,1.0200608702794274,3927
2753,9,0.5621586547442183,0.026098854178657933,3.08071658172769,0.7617045232579781,3927
2847,9,0.5722649809151183,0.03264599031575301,-2.590112742254841,0.8009358283882024,3927
2898,10,0.5768624905118471,0.062205848767895984,2.1037599179946898,1.1057124818631379,3927
3435,10,0.6455786104125724,0.07170340969463491,-2.27050815948522,0.887408772852242,3927
3326,11,0.6249124582628436,0.08850841975042291,1.7868921464143963,1.519952545616756,3927
3602,11,0.6816712886305939,0.07996502506821813,-2.4418342556202894,1.0443619115712452,3927
3689,12,0.7062343796213274,0.1259692748550194,2.0070778498447277,1.7925677908108304,3927
3735,12,0.7233141807927909,0.06357766841664324,-2.756066355900503,0.8537473186645529,3927
3892,13,0.8160913994998328,0.08358400904908746,2.7874095363073823,1.6160806135122932,3927
3909,14,0.8472586536828195,0.08537917991910383,3.0765570150896115,1.5181551802907225,3927
3927,15,0.914598014227118,0.06052214996683969,-2.494813068922208,1.1531816591357071,3927
3928,16,1.0,0.0,0,0,3927
0,0,0.0,0.0,0,0,3927
1,1,0.08941379460592758,0.0588215453804368,-3.007302033057275,2.661449806498869,3927
2,1,0.11224858346406796,0.0924547298341957,0.36986480185095577,0.983384386375474,3927
3,1,0.1179406645341482,0.06239393176784384,1.6806842163227669,2.31297997998157,3927
6,1,0.1280182205773972,0.08951529113030106,1.605145842526454,1.1785358688957588,3927
13,2,0.14871966711024454,0.08553590430465711,1.5269756699544792,1.3344312439750163,3927
21,2,0.167203208252243,0.06559330003498978,0.34656304816360106,0.9396677069842325,3927
25,2,0.1779452143422381,0.1058588059473655,1.1720478178139029,2.632909836975213,3927
51,2,0.20440732432069453,0.08492018301491304,-1.6002273764295187,2.7017273446769847,3927
44,3,0.19634604990036886,0.0524469850066248,0.6287885002348693,0.9733269396472933,3927
60,3,0.21105068546168182,0.04354304662172304,0.04137793243135674,0.9820210284028464,3927
85,3,0.23254140435482507,0.15737298956021972,1.7441932512991867,1.1567198095479703,3927
99,3,0.24010144307103665,0.15972717918165516,1.3379998495324268,1.4364116692038793,3927
161,3,0.27210189398464724,0.09941742769050665,0.3567406687488436,1.9315510349755678,3927
170,3,0.2739604564140736,0.12633909253040806,-1.0950561326545383,2.8964890601297326,3927
285,4,0.3139516856160789,0.1232151327629972,-0.6455997367546932,2.860469353583419,3927
306,4,0.3180954703012647,0.0948444266067034,-0.09764596714503647,2.152547281326461,3927
324,4,0.32285765566625346,0.11411744866318788,1.636579876339159,1.5872877840527768,3927
635,5,0.3779256995391026,0.12400558591971605,-0.4234005765059024,2.5561763989937134,3927
677,5,0.38294735176003525,0.13512116985157677,1.535500077694061,1.9576316061132564,3927
1025,6,0.42559004357037333,0.10277737797873665,0.005949487731912131,2.698991531442739,3927
1076,6,0.43133613998881837,0.1054938474381689,1.191778711964912,2.0113113930392457,3927
1796,7,0.48952461383566515,0.13219245546810104,0.9155529314826,2.8907573958245742,3927
2035,7,0.5039524638031598,0.10814855622297313,1.7006094337186903,2.4170914306233358,3927
2666,8,0.5485451225792558,0.08384648291232295,1.7222536454859698,2.793206265741684,3927
2837,8,0.5631787160023877,0.14993941434742275,-2.5180393942674524,2.9512178386352153,3927
3114,9,0.591853293404114,0.08774392341383387,0.7389607677209353,2.763869113624823,3927
3400,9,0.6361714998335725,0.13607571554303854,-2.793195565318739,2.4826399760845983,3927
3367,10,0.6284938738782295,0.10164304578282825,0.8484087429702319,2.507259542823646,3927
3568,10,0.6678155438256035,0.14135905486461378,-2.9587590975760123,2.2959633810671476,3927
3573,10,0.6688153048009164,0.1419067201369241,2.4233193443774925,2.9678353546339,3927
3684,11,0.6998359157436665,0.1056856275388515,1.1991603552959809,1.8920820013403368,3927
3691,11,0.7024610329784952,0.11278694166836675,1.2510218354701612,2.125291378975895,3927
3697,11,0.7059038364414545,0.15222146186369037,1.2219415826082245,2.4165098240443306,3927
3703,11,0.7063764082276397,0.15739070063521493,2.1688398739346364,2.793828650538626,3927
3751,11,0.7265755557133993,0.1415539748920474,-2.488815348632448,2.1899383641862538,3927
3810,12,0.7523296491253751,0.12442167117847988,1.3814468364522325,2.229471892350371,3927
3851,12,0.7814036327279722,0.1471406407179666,-2.7190246145646877,2.0687576163900876,3927
3863,12,0.7960283540115183,0.15260688994672067,-2.6351792209856923,2.6350497294085993,3927
3902,12,0.833347642268871,0.04288624092312936,-1.4682840916423712,2.6969075650861396,3927
3906,13,0.8445716813369907,0.09371602407463987,0.707372255426373,2.842568314303782,3927
3912,13,0.8489548654915937,0.12431704732776545,-2.404488550083423,2.457578032039187,3927
3921,13,0.8776692394668038,0.06343153677696661,-0.7825358704119754,2.1241566615059564,3927
3923,14,0.8939624459031151,0.10104885734035048,-2.201246802726246,2.6992940472737224,3927
3924,14,0.8955832468391417,0.09981703593169716,-2.630481312579471,2.3100539247421175,3927
3925,14,0.9240666114166982,0.07362056182987763,-0.8733153744714893,2.5391829544642226,3927
3928,15,1.0,0.0,0,0,3927
0,0,0.0,0.0,0,0,3927
1,1,0.038147091277230705,0.025820169940040476,-3.110200598551958,0.546304858086431,3927
2,1,0.0711254424983856,0.06744881157160028,-1.4357340379189667,2.918312128638399,3927
3,1,0.07436813742586279,0.061776942255382605,-2.4736067436042393,1.0357173290453954,3927
4,1,0.08050351615573692,0.03137285460861919,-0.016593251220273737,2.294775852282117,3927
9,2,0.12565073045899244,0.07690853520735422,-1.8716218539950034,2.666588770968879,3927
10,2,0.13709465406372,0.05827586956067625,1.145367646996587,1.5519976070022754,3927
14,2,0.14161414630999747,0.042691617808876925,1.2103658806823916,1.1933789908278043,3927
17,2,0.1454756857913302,0.0690494596049124,-2.96482552772949,1.3630941987202636,3927
40,3,0.18576476478469828,0.07395034277778122,-2.4636293345229237,1.5277533542173425,3927
44,3,0.19156974725101172,0.03955276519145398,-0.8768665683250911,2.4806973670018877,3927
62,3,0.20501206402800976,0.09800303874179156,1.1931262692708053,0.7566663246626574,3927
92,3,0.23151495955358625,0.06071771984154278,0.1266499676410473,1.0904123253727116,3927
150,4,0.2620063524068501,0.05545888843725036,1.2789223137222199,0.4456886728436285,3927
152,4,0.2632567101723019,0.0800557321809648,-2.6128390023068193,1.669718529397039,3927
164,4,0.268008701100104,0.09192171840219585,-1.872799705094476,1.4985966568695415,3927
176,4,0.27199090445641083,0.035710214351431645,2.55846041001133,1.0775923312761937,3927
188,4,0.27744338048416484,0.03878504312400401,-2.1156748217032693,0.9253706732202776,3927
259,4,0.29845989471066736,0.02044363846145613,-0.9858471401286152,1.569188094543907,3927
200,5,0.2827340281535534,0.08988546322913973,-2.669247423946694,1.6119697293208881,3927
204,5,0.283576787153496,0.06355555895983901,0.7552099311213826,0.5615661625277353,3927
436,5,0.3429574679163364,0.043065056755966204,-2.1785106448122584,2.3021179938375216,3927
607,6,0.3725216253466528,0.10051720440012182,-0.22285822447672948,0.947514798497051,3927
665,6,0.38090461246609286,0.13189146672186075,-2.166729805840834,1.167398406353478,3927
702,6,0.3870567597857095,0.08111107300035535,1.4302553440520396,1.6300503691893415,3927
942,6,0.4164229910472188,0.07471584801223922,-1.4148971813448983,1.959822527391764,3927
1045,6,0.4272684766184476,0.11440592449784791,2.6103803531338734,1.6086790737726138,3927
927,7,0.41528462475265815,0.1366163758588646,-0.28907805652434987,1.0949340958273535,3927
1178,7,0.43960772814918003,0.12810872022615905,-0.4729116353495391,1.384582800390746,3927
1229,7,0.44377492757809756,0.06366883820070748,-1.3395941437341183,1.9500817351101583,3927
1259,7,0.44574505469813785,0.08400255346286248,0.03310331977792923,0.8552898507146947,3927
1326,7,0.452275791684403,0.12313344633992045,-2.487050237349329,0.9794584966880014,3927
1328,7,0.45247278022170623,0.11913478984110255,1.947988178838384,1.6215126072316026,3927
1461,7,0.4630958686970712,0.0801174810505441,-2.430227795807699,1.3433438906059223,3927
1587,7,0.47323185534422996,0.11589560830973648,-1.5635175794727143,1.2967267758852306,3927
1595,7,0.47381437026327267,0.18323029253091122,-2.50823191893109,1.2228218079214854,3927
1621,7,0.47600077015052833,0.11769832251182853,2.662424426181869,1.956143636817268,3927
1505,8,0.4657363087206864,0.13645528477494623,-0.3879604784427407,1.1172087631666512,3927
1871,8,0.4924009929474631,0.12647456321941558,-2.7036391309548358,1.1456927582634497,3927
2058,8,0.5037073402743734,0.13527398316001174,1.8674482330969537,1.987505728126589,3927
2122,8,0.506907473169433,0.14017563383504597,-0.6164993145318388,1.347852255646405,3927
2160,8,0.5092060801744513,0.11855958190053001,-0.7624443869660472,1.557366852515689,3927
2231,8,0.5141037186366676,0.14383807088921452,2.5738802010660566,1.991966258286794,3927
2276,8,0.5179043472374413,0.0953662048375107,-2.672041548131438,1.4720617070710276,3927
2413,8,0.5275904697443393,0.17361510668765495,-2.18822782773003,1.1236902271862863,3927
2425,8,0.5285990047327286,0.07880825646700297,-0.7409811992308444,1.2756166838393568,3927
2483,8,0.5332491092413174,0.18267917343340043,-2.7055335018930795,1.2812402816134882,3927
2623,8,0.5464577119177855,0.1293607516029056,-1.2531230458925255,1.4461588195234027,3927
2727,8,0.5554255554768118,0.18110321114647324,-0.8469365996936447,1.7090249507146207,3927
2168,9,0.5097309691861887,0.14506509787369318,-0.4519176094495533,1.0930494787340006,3927
2629,9,0.5468597303978849,0.08898946968354361,-0.9508284603797025,1.1617872313308688,3927
2796,9,0.561900684246188,0.17556096212762834,2.520659074853272,2.037091116042894,3927
2852,9,0.5673503508375235,0.08074460153802164,-1.2115358789531678,1.2754884404258822,3927
2861,9,0.5681196362871967,0.1489445416178426,2.3419680652720913,1.7624148505604673,3927
2964,9,0.5798695382922311,0.14432226738376835,2.4429341179050517,2.012740667182771,3927
2982,9,0.581372207033123,0.15644022900186857,-2.728393872449207,1.3793715107805988,3927
3178,9,0.6075054398891646,0.1098682971842575,-1.8374509974231228,1.1578164015558186,3927
3343,9,0.6307443905750273,0.15719746461622167,-0.9530430835350066,1.806117636521114,3927
3243,10,0.6166594955567186,0.15405712669849433,0.12632250231313685,1.3167362585094997,3927
3258,10,0.6189929799366015,0.08387250855094068,-1.7959457279877078,1.2144848869218126,3927
3347,10,0.6310483696879293,0.06951568103611758,-0.6787266049900275,2.149872177755149,3927
3360,10,0.6330242762142988,0.15732192990318983,2.3415486206865066,2.13597230859803,3927
3374,10,0.6351997886097372,0.15724986499660717,-0.9706704370678643,1.8073494750614012,3927
3382,10,0.636577000935256,0.17158291429986003,-2.6643781816904717,1.1837749745385182,3927
3486,10,0.6548009776474153,0.13122273166422366,-1.8598479573345255,1.0450414830618175,3927
3499,10,0.6567687012475213,0.04681506407936412,-1.3726043253978555,1.5485883843975636,3927
3515,11,0.6602909058154394,0.1445351255871045,0.3139566348883849,1.5269311438362123,3927
3560,11,0.6696922352807773,0.1671966885935293,-2.6335697746441733,1.0399403484083907,3927
3592,11,0.6768348661749396,0.12799077250825514,2.545899869615981,2.032754333929703,3927
3632,11,0.688007379129848,0.12249735183731957,-1.6523924143819588,1.1944052031758952,3927
3650,11,0.6950663027384434,0.10199473131609896,-1.0874556988023079,1.015961389776025,3927
3681,11,0.7042139031564569,0.05305615826543293,-1.5662954954492843,1.781951269195651,3927
3690,11,0.7072989366561093,0.09342031241161834,-1.7698861030099404,2.0486289229524624,3927
3719,11,0.7170713459791105,0.07477345711097833,-1.683978500409502,1.2850884955759232,3927
3737,11,0.7227575720612907,0.09149967206414489,-1.3132496751210143,1.903059070006913,3927
3725,12,0.7196460180497698,0.10255150945838092,2.3935982078715705,1.9578608603106538,3927
3736,12,0.7224801296317582,0.16568768908043602,-2.5751782435719055,1.1602278582360868,3927
3742,12,0.7239757095964456,0.1477084443468079,-0.09432426396873679,1.3654427430485074,3927
3766,12,0.7337184169559987,0.1273829734073843,0.5450218471975209,1.1908724320318882,3927
3790,12,0.7437090410875951,0.07911356482003246,-0.9743981947654038,1.4196488843562665,3927
3806,12,0.7498989033583315,0.16833763466087176,0.7078448060002465,1.665536059650246,3927
3817,12,0.7529345889774175,0.10002096867717816,-0.6690321131706467,1.3691938117510507,3927
3852,12,0.7745063134214947,0.15355906670559835,0.5860277725632075,1.6240420650719094,3927
3882,12,0.8045251841048683,0.08785395266890039,-1.621860809516337,2.1931431036993367,3927
3850,13,0.7737699123465621,0.13870409643269455,0.593311019214528,1.2656365086960493,3927
3885,13,0.8102345717810447,0.06548481949499808,-0.6583885519906618,1.6477721009693547,3927
3892,13,0.8204246706263838,0.11557412069989506,1.2535566233839022,0.9047951195686829,3927
3893,13,0.822191689748067,0.11575406569794745,-2.3769683550251504,1.7158884203689462,3927
3898,13,0.8315368733608889,0.13055881561610772,0.3862175691477219,1.7480166179312895,3927
3899,13,0.8330002523759931,0.021264350610960055,0.518855330736058,2.8898713831106044,3927
3902,13,0.8339169104706363,0.06969205652215937,-1.959914614634989,2.192777763421238,3927
3910,13,0.842446111143702,0.08953044547790275,1.7018135939306707,1.0267696836599125,3927
3913,13,0.8567516009450312,0.10885289153423956,0.5100768165619534,3.0316170033793046,3927
3915,14,0.8618390898516837,0.12855116846978368,0.21899937066348132,1.9002159532097758,3927
3916,14,0.864189679106195,0.12971937656388427,-2.3578570316040173,1.4900235352971143,3927
3918,14,0.8708558849294193,0.0930652005531195,-1.8262757414341861,2.4508042470009226,3927
3919,14,0.8756122429971417,0.06440094046979641,-2.454209324034405,1.768297495968298,3927
3921,14,0.893645205978814,0.08239726897259762,-0.7039051600539493,2.602253085075468,3927
3922,14,0.8939146379643678,0.0964934310216602,-0.28147590805901757,2.4783969806087947,3927
3923,14,0.8980858233550002,0.07546457157803407,1.1372035602017292,1.4257894129864244,3927
3924,14,0.9019643371097513,0.07232526091237572,1.0347083115881723,1.765929704279189,3927
3925,14,0.9098397901329088,0.07807120476132794,1.8156291876012804,2.8952762796470752,3927
3926,14,0.9125297413768398,0.06811086791442648,2.6261066984466894,2.465135213806826,3927
3927,14,0.9145942792302945,0.07159579773420861,0.9175423678170522,2.0678407342566802,3927
3928,15,1.0,0.0,0,0,3927
0,0,0.0,0.0,0,0,3927
1,1,0.07571064939494376,0.04261624331710051,-3.087836651937619,1.875469641627561,3927
2,1,0.0797995627632444,0.031183072937702783,2.045389603268411,0.2331224812798089,3927
4,1,0.10318474633637376,0.06815541028502291,-2.5566016600039116,2.6221660206874047,3927
5,1,0.10845319027775258,0.07416670832809856,0.6378242616703564,2.5129642859287094,3927
8,1,0.1243003198268876,0.07950686077300372,2.063511173855994,2.5044963538678355,3927
9,2,0.1254861358636069,0.06026980595771638,-0.1307087500096731,0.29624666226490864,3927
10,2,0.13017503015846876,0.07894107200912959,2.121400000376076,0.29897913845135476,3927
14,2,0.14771621281729697,0.05353203952963696,2.78639719289648,2.0516472270761628,3927
15,2,0.14778165989659697,0.09568397653189932,2.9715982051829775,2.6763854169327805,3927
23,2,0.16457025100527545,0.0993184720658776,2.4225470199802746,2.3490958261799704,3927
33,2,0.17975049275893507,0.08943848440361014,1.4110409035130915,2.6689638793320074,3927
26,3,0.16939860932167583,0.1118201421489342,1.5747896189844657,0.12358024291370477,3927
53,3,0.19949120061704473,0.0892081335191575,-0.6481877858605496,0.8797021376738815,3927
68,3,0.21167148849257766,0.10856115877486477,2.6714590946011443,2.483996793901174,3927
77,3,0.21958741134686688,0.1195206662915469,2.9199162759808397,2.227031382003514,3927
115,3,0.24559262850623298,0.13898658095155925,1.7426122451160293,2.693941961245884,3927
80,4,0.2221435231120087,0.12708487181949005,-0.2215984026928683,0.1938552571430457,3927
88,4,0.2296827536075866,0.12131891146286716,1.7057816322930548,0.2629447359942085,3927
103,4,0.23825920001575362,0.14682421344193616,0.4122358110279405,0.16294424384476291,3927
118,4,0.24798788339439237,0.1250474115351168,2.20678837286656,0.3596551298440003,3927
125,4,0.25276190868448234,0.08201727647966113,-1.8462299359957208,0.2019191808436896,3927
152,4,0.2675030565985367,0.12479168426511619,-3.1225188016983463,2.5232943821074,3927
200,4,0.2822934122163002,0.05747959249376305,-2.8922056464718002,0.8769838970690556,3927
202,4,0.2825237292954862,0.06290666060984068,2.4716768978421086,1.0399257573419414,3927
220,4,0.2894735476627097,0.12518582336176245,-0.36930057509466474,1.1672280402704087,3927
223,4,0.2910604157236961,0.1491066817743212,-0.43909041723132064,1.202733333872949,3927
247,4,0.296749595108745,0.16104921871312528,2.0556936376991217,2.6092936342524937,3927
149,5,0.2665019760533729,0.11950732502518804,-1.2241608062965552,0.4138059125917443,3927
150,5,0.26698419092450587,0.10660879876128546,2.001724046361562,0.5249004960156161,3927
203,5,0.28318619035869186,0.09965070686748824,2.3140487894020745,0.5333976558633677,3927
272,5,0.3041260426874258,0.18898304628144885,0.936862095019906,0.30075179485970294,3927
313,5,0.3197534825641495,0.14640968313799008,-0.18120200423023086,0.8473480877103633,3927
351,5,0.3268819634863416,0.15318630878382444,-0.3743526233986812,1.2969458584290785,3927
399,5,0.3366214971221899,0.06870263658742225,-2.9379302397671063,0.7105389212946275,3927
540,5,0.3631411383188916,0.18804404874654668,-3.0766616170160628,2.3804129755920136,3927
627,5,0.3779299877162272,0.14247324693843874,3.04891033811551,2.5286849645155267,3927
380,6,0.33255596692826417,0.18629542397616536,0.8619683954714857,0.37765563184626166,3927
577,6,0.3683442000050502,0.1775904098992525,-0.5496743231945629,1.3413375994256955,3927
617,6,0.3762728467866294,0.09195231031338075,-3.0662509030580223,0.8370621665700524,3927
638,6,0.37964291877187395,0.12638714538894974,-0.5835184019230301,1.036894802217123,3927
780,6,0.39769756403525447,0.0676230463338955,-2.917112683244876,1.6372195553630764,3927
948,6,0.41691744511225837,0.13726618712362165,-3.065176435685543,2.4059634443610496,3927
693,7,0.38664925434286535,0.1823042591126111,0.8841628032451005,0.5637781701159307,3927
756,7,0.39372335913411194,0.22011799890047834,0.863662355121341,0.6232174501369506,3927
1017,7,0.4236787891716607,0.10485371135266369,-3.102513051965246,1.2956456240287144,3927
1092,7,0.43067717723626253,0.1588750630524622,-0.6409411602003579,1.1399413563997591,3927
1211,7,0.44078766667153657,0.1250005858780953,-3.057823882562238,2.4249798955283577,3927
1382,7,0.45740017777621533,0.07592846662181268,3.0002267638703377,1.8853914934908664,3927
1466,8,0.4635148614728486,0.11745301706011323,-3.139806169673425,1.3677583328449328,3927
1470,8,0.4636898129040894,0.14385508989253762,3.104368292138015,2.445332970060606,3927
1471,8,0.46370309421761813,0.16702067051573252,0.6120338503676761,0.7699904990714683,3927
1579,8,0.4715767358659938,0.14299782896345595,-0.700731635984608,1.2778247478581755,3927
1777,8,0.48595775974435085,0.2215593637346938,0.9055447814449394,1.0204471464414961,3927
1940,8,0.4971094912059085,0.1894749833884446,0.8397367447149466,1.0074771862479608,3927
2010,8,0.5011341932817429,0.10201824825896227,-3.088414226597064,2.0002418527052757,3927
2162,9,0.5104138645885206,0.17631659418265075,2.8776823637454116,2.5753369607494196,3927
2429,9,0.5308444550405851,0.1645249835435953,-2.9045449278293036,2.5063027596368608,3927
2465,9,0.533446437140949,0.0999849551430211,-2.874340795704955,1.8793981558500625,3927
2501,9,0.5360399524851203,0.14540250229996912,-1.0898368544597872,1.3638361554565661,3927
2519,9,0.537032444556607,0.15207616600543764,-0.9204300365923608,0.9129159336592415,3927
2560,9,0.5403243802110254,0.18431261572792346,0.7709920573283116,0.9477121006725847,3927
2575,9,0.5415577587447685,0.13101225893169585,-1.0653361692451255,1.5347704262308783,3927
2680,9,0.55174088569561,0.12225847435303182,3.0331598688878962,2.3392682014232933,3927
2929,10,0.5724190632211773,0.14996399962430768,-1.3047532996628222,1.4778056059776432,3927
2970,10,0.576288216869537,0.17330625951722825,0.6233480467751,0.8805890312773215,3927
3023,10,0.5832245839301753,0.1456131024229479,-2.832823465536451,1.955951228806756,3927
3087,10,0.5906073427471396,0.09014240807141358,2.920397565881231,2.3311980866458244,3927
3153,10,0.598586689133144,0.18668762116926294,-1.049848425815953,1.4505161708581302,3927
3220,10,0.6074522994636598,0.12248028072120981,-0.9691796024936224,0.8104470008642429,3927
3233,10,0.6094836000098314,0.16742997081692154,-1.0459435023606343,1.4331062960001182,3927
3259,10,0.6138429462568473,0.13830044513785575,-2.8481846674256905,2.3450289871393184,3927
3352,11,0.6288938019025938,0.08379890132293455,-2.919319817501875,2.531172210911434,3927
3373,11,0.6321596590094123,0.1821912437890157,0.8947118254611538,0.7716099313882947,3927
3389,11,0.635360002798254,0.13553774957806836,-2.966844524611169,2.2432570126132414,3927
3431,11,0.6440627415443717,0.1618312112185547,-1.5243185591275978,1.5660402376928606,3927
3475,11,0.6495682534210118,0.17042787413346056,-1.6700654656040224,1.2037077190221959,3927
3481,11,0.6501721933275214,0.13722359976063034,0.44670107720862634,0.7979721708822244,3927
3487,11,0.6510594054425369,0.14679737355368414,0.2007696455440456,1.1228095534327382,3927
3501,11,0.6537722915278034,0.15437939942998438,-0.9045280178502945,1.4850278452526726,3927
3608,11,0.6746857429914694,0.1292913040495894,-0.47372213155004933,0.7305079051798803,3927
3580,12,0.6708001026249656,0.17971707706668252,-1.5254903174794983,1.6251269123732204,3927
3666,12,0.6908323087923672,0.09060276238097593,-2.601258592497294,1.9630270126547766,3927
3708,12,0.7032021380387926,0.1360749989273876,-3.074503585705377,1.8217072837651755,3927
3709,12,0.7035083059805981,0.11375488631849547,-1.6841726717981012,1.5428366182378395,3927
3720,12,0.7067951183211792,0.15629134121961155,0.754728023118797,1.0764386763154832,3927
3729,12,0.7091975302610822,0.12481773183055843,-1.1590053229094046,1.6565634365862352,3927
3731,12,0.7104990355844968,0.14089686573398366,-1.5432209307496119,0.9356445268004029,3927
3760,12,0.7223190174620328,0.11790492924006862,0.06350513330452631,0.6830571458787101,3927
3781,12,0.7322578438418429,0.0628900729533362,-2.71454977093855,1.148697704599538,3927
3824,13,0.7563639433897758,0.1713072905635617,-1.4140401605910666,1.9296556901241688,3927
3835,13,0.7637487899457625,0.11880241830619521,-3.029396127060794,1.8224121302243907,3927
3838,13,0.7641769598806472,0.11230557104216549,-0.38852045719625555,0.7400915993807957,3927
3846,13,0.7687611284350119,0.14634063686337456,-1.1653076057911562,1.4309527865877096,3927
3847,13,0.7723977690685689,0.12100343694022239,-1.5568568918743786,0.8815045931209069,3927
3864,13,0.7856167198351903,0.09017895102187706,-2.3880601594978694,1.3323456371287004,3927
3906,13,0.8281965927335302,0.0499509420405015,0.540375746156408,1.302737684306222,3927
3890,14,0.8119406700624076,0.14949179016510672,-0.981809389887092,1.5400046837690224,3927
3891,14,0.8129567920518445,0.1244865179738781,-1.2983610783266721,1.7931262186216856,3927
3897,14,0.8210139343555037,0.08227695199171475,0.06715657496827783,0.9327300269828533,3927
3913,14,0.8377555941304962,0.08316187984226545,-2.7920411199219046,1.9729053975344741,3927
3922,14,0.8658441864582104,0.06664459859388583,0.20903829807228375,1.611745341659523,3927
3923,14,0.8731063648401212,0.05262405710366345,-2.4430216038498305,1.38045337216824,3927
3926,15,0.9448762363550713,0.018949832516253214,-1.289515247411303,1.6909827467738603,3927
3927,15,0.9479059944023103,0.03540468124507868,-0.5544512777109114,2.0402187269588135,3927
3928,16,1.0,0.0,0,0,3927
0,0,0.0,0.0,0,0,3927
1,1,0.06916486231831598,0.05649219136939537,2.6894230728346162,0.2891162180941388,3927
6,1,0.10233234710612549,0.0748021570464238,0.36055221801077736,2.8908226498374647,3927
17,2,0.14606068610901402,0.08764215420320147,0.3076320239618537,2.5365553721957648,3927
30,2,0.16487829395483766,0.07915523105771438,0.8666900859395156,1.2082177895147412,3927
72,3,0.20642508929689907,0.11605967359547956,1.0369640492559,1.1330370794753064,3927
79,3,0.21004810494712323,0.061548155185983826,-0.3176439271376953,2.1711358483869407,3927
96,3,0.22099979475182852,0.09634393509921865,1.2160999009241646,1.4819517208204112,3927
113,3,0.23115824675356256,0.08843805774832213,0.9979583609362718,1.1349834910161585,3927
128,3,0.2413448171633733,0.14160051003212096,0.6687459213618954,1.2165585960516703,3927
133,4,0.24356294557648173,0.05184571673131743,0.3238823556696789,2.068595034358968,3927
172,4,0.2636397108385805,0.0519958095764668,-0.4357921812295716,1.3421648277043488,3927
221,4,0.28082749654453665,0.11405823373744114,0.8330952199882228,1.144259104123077,3927
244,5,0.2885753910807033,0.11442419725540966,0.7789203757738764,1.134404620180884,3927
275,5,0.29857935293597593,0.07845775570177672,0.45635293066956006,1.8443959939234813,3927
314,5,0.308604405834907,0.06971656842815882,-0.5509730785447066,1.0259668184237485,3927
474,6,0.3494513891805232,0.12307313545119936,0.7542824169894878,1.5039727636300073,3927
558,6,0.3637521015416839,0.09000754379393386,-0.9194721794306038,1.0223443460752943,3927
608,6,0.37255645877890575,0.09404728392809847,-0.3057703924143506,2.1523920956427975,3927
949,7,0.41693991285339405,0.06824534593988704,-0.5011089509515317,2.068809977745435,3927
970,7,0.4183905555637468,0.10490867919734494,0.1850501762802247,1.6397011586834858,3927
1322,7,0.45082943582035795,0.1197588988043711,-0.30880705438516165,0.9280696311377135,3927
1878,8,0.49232061125355087,0.10767610180582053,-0.6493436542212874,0.9207642543926281,3927
2013,8,0.5007255939017498,0.1342236231744352,-0.29755550530355557,1.9069365138746697,3927
2452,9,0.5336324565884606,0.12971977874039908,-0.4948597045957076,1.789173329569225,3927
2653,9,0.551477085968592,0.12666421552436943,-0.39265329306548036,1.0160391598627054,3927
2667,9,0.5524466555116869,0.1385059425781363,-0.8316762714873567,1.0674088420482217,3927
3061,10,0.592053673281714,0.13353205990803726,-0.20356016531899074,0.998755835612968,3927
3290,10,0.6222143199263522,0.1764105753472861,-0.6463497459746261,1.3601503608295098,3927
3358,10,0.6329628608510075,0.1406817170148723,-0.29727303674995775,1.4166627991061584,3927
3450,10,0.6447696232041122,0.09232889998372176,-0.6489372058437116,1.473258768408683,3927
3640,11,0.6896825720733966,0.11908387958670998,-0.4211828103534412,1.3528837503808835,3927
3761,12,0.732617993690383,0.09838686161748121,-0.5293563341732515,1.5591109962878633,3927
3839,13,0.7748387135679422,0.08594594944469287,-0.9639275301009975,1.4907880082681857,3927
3904,14,0.8476854999516673,0.07334779871606557,-1.1605537818454084,1.160008388741919,3927
3910,15,0.8616228375958697,0.07031255237737151,-1.1743345299987809,1.0669671582636036,3927
3923,16,0.8867224725175371,0.06761861453156816,-1.2330184414625682,0.8818172671046149,3927
3928,17,1.0,0.0,0,0,3927
0,0,0.0,0.0,0,0,3927
2,1,0.06688768361441,0.05863757535923107,0.36893560837425815,0.5145520103212436,3927
9,2,0.10813595515960683,0.06963334090756813,-0.42552005507499113,0.801397236655541,3927
30,3,0.1628336946689698,0.08907679223452346,0.12573383549050832,0.5652731550333541,3927
58,4,0.19859436670030717,0.1175894086577348,0.3316908464784915,0.4658632365530705,3927
163,5,0.268406048646043,0.16914933846898,0.12466326041066719,0.6312797212826062,3927
396,6,0.33937249135230607,0.1812741772456801,0.16140160790526878,0.6243824243053342,3927
459,6,0.3529459773520005,0.16303953425441345,-0.15579363377594924,0.9761275052591157,3927
637,7,0.3808489612070498,0.16854966061289386,-0.20997199904677316,0.9024377312599013,3927
796,7,0.40167893399052734,0.18557089962551998,0.40358473454316374,0.8194710789528801,3927
1368,8,0.46009675599513467,0.1544122723345949,0.27731773868440174,0.6589842385299722,3927
2148,9,0.5122645716936666,0.12397990191123896,-0.18116662742443831,0.7254006114085173,3927
3065,10,0.5944095481190819,0.10210274101541914,-0.5726289335847061,0.3605597236413738,3927
3413,11,0.645413916875049,0.1109924703554893,-1.3585239188135945,0.4114699451840086,3927
3700,12,0.7134762370318168,0.09860938632902763,-0.4689099364107726,0.7971861510310374,3927
3853,13,0.7746900949695589,0.07999902601185706,-0.6525924674864549,0.9717917743746841,3927
3876,14,0.7950248189599719,0.08836280362641889,-0.735619636292638,0.7997477330067068,3927
3913,15,0.857131260766794,0.060450701223277926,-0.24416935855992225,0.5992738308700604,3927
3922,16,0.9079284743488922,0.08558953827839319,-0.6732253693515459,1.0821895095401466,3927
3923,16,0.9124970561739272,0.07404632101478709,-1.4698325387055569,0.4379382347539878,3927
3925,16,0.9156193515054631,0.05368043751737307,1.1234529663810582,0.8352575979882776,3927
3928,17,1.0,0.0,0,0,3927
0,0,0.0,0.0,0,0,3927
1,1,0.06506967894188886,0.06035778157040303,1.6026878249204919,1.193220127660358,3927
3,1,0.1028432855390472,0.07892280860437954,-1.1525858683406018,0.5102035545820566,3927
5,1,0.10890838365117927,0.09054633290927247,-2.1611996361189716,0.43518920501568703,3927
12,2,0.13809630008406526,0.11473633461125123,1.543975508876771,0.939025183879559,3927
27,2,0.17795892289985704,0.08128661139988126,0.241652083126415,0.3484807296389636,3927
53,3,0.20566135163268673,0.11978549753873702,1.263438073819421,0.37892516372017826,3927
60,3,0.21057468075224106,0.07880592094083799,0.8751378495664719,0.09734894774675638,3927
82,3,0.23053704767139138,0.12090842719563687,1.9958063217618698,0.4666655196291654,3927
144,4,0.26922622476870994,0.0834383630725686,1.970580472210803,0.5544530713781788,3927
201,4,0.28771045365516035,0.15242164988359125,2.3274960150688613,0.7519300838396139,3927
394,5,0.33340015243582743,0.12869423609255654,2.2797885740635735,0.48175474278439323,3927
695,6,0.38690182133259465,0.13937088903368308,2.873820569742049,0.5684602033219448,3927
1221,6,0.44299450969849197,0.15571333683472083,-2.6923942307599207,0.557691628783244,3927
1386,7,0.45578724988883557,0.15653300091563802,-2.6197721376355942,0.5473307496193892,3927
2025,8,0.5031428761967496,0.16039778453546014,-2.718320218057895,0.7650293818984556,3927
2401,9,0.529846579092543,0.16791474649356486,-2.8268078131741916,0.8036562688554163,3927
3179,10,0.608095059506313,0.2285669802094354,-2.6656061854052844,0.9625849131966101,3927
3398,11,0.6408860802617015,0.22179378574200928,-2.5244213804127633,0.938659576199027,3927
3696,12,0.7082113003789514,0.16214767377484973,-2.573869567650224,0.8938290955247243,3927
3813,13,0.7500485647580311,0.16697230590091228,-2.5985578549365,0.9461006108491388,3927
3918,14,0.8468154696342463,0.08418917820959977,-2.8673621398691305,1.2508734575389775,3927
3927,15,0.9211627270240942,0.04595469690035326,2.4446976677976044,1.6742301867660143,3927
3928,16,1.0,0.0,0,0,3927
0,0,0.0,0.0,0,0,3927
1,1,0.0701396117288583,0.06835034739174316,2.590468816723911,1.6865391731773003,3927
5,1,0.10659781645657274,0.06269917951094511,-2.961149975374949,0.9833164810513555,3927
28,2,0.18207760371914294,0.11518080943974059,2.92569853899629,0.7414514485840533,3927
94,3,0.24089021013126655,0.11360089229079305,2.469712456470534,0.5548297500925621,3927
154,4,0.2694430315212978,0.11209047641149761,2.3289661371530954,0.7289110525069423,3927
310,5,0.32105502807760766,0.09361930029793479,1.7320529322141887,0.41895360700316014,3927
492,6,0.3548731555324298,0.10862890153659657,2.084558355421011,0.5494551085636373,3927
674,6,0.3833787371965136,0.07223117462116302,-0.05553224324757031,0.4956752788497015,3927
959,7,0.41862730080791666,0.10387709702052636,1.8725636458908101,0.9226830959583159,3927
1201,7,0.44346655114685785,0.08645007824173304,-0.6566798513368949,0.9910677007807784,3927
1313,8,0.45339893033429557,0.07470815665550945,1.8696812159728549,0.7641952085838918,3927
1477,8,0.46624427990261175,0.09088087134386119,-0.6360276432989369,0.7432882141195879,3927
2017,9,0.504516860275828,0.07032909407891864,-1.1829367919010993,0.5808586929916877,3927
2180,9,0.5148904485068394,0.10201410322643646,-0.041767017706556955,0.8385748036412303,3927
2439,9,0.5328202319772058,0.0980771073045793,1.7630497330409458,0.3320984311869252,3927
2503,9,0.5378818291362439,0.08972127844628905,2.234271461337408,1.087860969395567,3927
2596,9,0.5456568647137726,0.05251158410104093,2.4876808570775646,1.9049492632057505,3927
3019,10,0.5868738867084861,0.14557131236940107,1.6772295172795446,0.465795646631317,3927
3142,10,0.6020135875871222,0.0495534284997419,-2.787171397640292,1.816624238979781,3927
3218,10,0.6117782564082683,0.14321560578930898,2.8174937123300485,0.5133515250134923,3927
3225,10,0.6126905740805845,0.05753563744619898,1.3033596286025315,1.0825686145056599,3927
3391,11,0.6411320824078689,0.04850597969501415,-2.925924957070824,1.2869686486829255,3927
3407,11,0.6440920528712483,0.16652210715663585,1.6925149384956393,0.5045589723981425,3927
3457,11,0.6538563771864871,0.15951493931373445,2.35238582350191,0.43043555038384024,3927
3461,11,0.6545214254187065,0.05540221875820086,1.764918928797176,1.311308360162145,3927
3688,12,0.7075200961971005,0.021232668739245123,1.2952123956641133,1.9915571773296825,3927
3712,12,0.7183716387891765,0.13318489844060144,1.7601793696057646,0.5805507194664031,3927
3767,13,0.7363372038190268,0.03214585217414607,1.7211488353080802,2.040406573948045,3927
3842,13,0.7722652487234086,0.13904922031693198,1.1983211815414392,0.6419984232080986,3927
3865,13,0.7892315969473863,0.11931751286447453,2.306945045333882,0.4189653410070401,3927
3848,14,0.7771663361102269,0.06496208814851832,1.9510352878568336,2.263269006780085,3927
3872,14,0.7928805800570363,0.06512092236221967,0.9361824545136959,2.90275690236823,3927
3899,14,0.8211874048482374,0.08573211821446776,1.7181846800092988,0.7969757047956887,3927
3900,14,0.8222875012427978,0.07479655451333353,0.8850183080361506,1.7510105762211636,3927
3919,14,0.8511734836768168,0.08280990449705478,1.1542942638216411,0.42697716945772574,3927
3901,15,0.8227988595302764,0.0711201905412695,1.1044362167750277,3.0623651853175984,3927
3917,15,0.8478431164706285,0.1045986519361465,1.128805503198881,3.0027435230378203,3927
3920,15,0.8682740649180262,0.0909809566471201,1.9379037558648502,2.001741176557024,3927
3921,15,0.8725630019799142,0.1129684618733687,0.7128490347283709,1.7189615909411653,3927
3922,15,0.8763064040440892,0.11849157426764902,-1.2536996361955206,2.639609215047041,3927
3923,15,0.877977669912844,0.08119704953730064,-3.0517320514231177,1.7580689591015835,3927
3924,15,0.8787774210721976,0.10088953847574443,1.9520892931046463,0.8691262363417749,3927
3925,15,0.8873988664467295,0.09415840652282031,1.256924292620216,0.739731935125866,3927
3926,15,0.894906761902597,0.08639129893772825,0.8987757674001128,2.1158744950933506,3927
3927,15,0.8984587501299396,0.0841578168237983,-0.03618123168339037,2.0472469712530206,3927
3928,16,1.0,0.0,0,0,3927
0,0,0.0,0.0,0,0,3927
1,1,0.09889164280559726,0.08313613004657819,-2.3672681792191623,1.7408894591141013,3927
2,1,0.1028081383409335,0.08425054507790303,-1.5539395150116952,2.678725357901413,3927
3,1,0.10709925693139999,0.09302298740851347,0.20689943895796983,1.877556369822641,3927
4,1,0.11768924792614188,0.061142660238683276,1.0937572655276402,1.4307810107350794,3927
5,1,0.13029878786301408,0.11917058846835869,-1.7852062278299692,1.9557413805069523,3927
6,1,0.1329078346259056,0.11926478783254324,-1.5771740092271294,2.3132316513476354,3927
14,1,0.1456480187667153,0.09926969515715499,-2.9691195300589484,0.6945099807965299,3927
20,1,0.15795010276332577,0.13076178897135418,3.089739037747521,0.6887669001124649,3927
31,1,0.17040294472314,0.11548908605292005,-1.4388088276553799,1.539200150487716,3927
17,2,0.1528527967304414,0.09895097792898669,0.15288281439871174,1.9802422836437126,3927
21,2,0.15890319340154635,0.14001853810060164,0.15964250987780823,2.0451884712309054,3927
29,2,0.1691015910580469,0.10392101722223675,0.05368089212583203,2.2819993620670522,3927
43,2,0.18246890889952994,0.13070350009236026,-1.5560241829233223,1.9106225671254844,3927
52,2,0.19375949394439007,0.09776168457913564,-1.170075685671151,1.9503117722047645,3927
59,2,0.20291587835682012,0.03438269168673999,-0.8371037801832422,1.9955936104515941,3927
73,2,0.21494150900002373,0.1292969327378126,-2.7609635424119645,0.6193519496117135,3927
90,2,0.22979941962526163,0.14587843447563842,-1.310483209165354,1.5036349503373783,3927
86,3,0.22579819643077914,0.06279707440562467,0.291807605135081,1.829084833976698,3927
88,3,0.22665038172776608,0.114680253219248,0.37771110604593355,2.074842929637958,3927
89,3,0.22880221334343243,0.1143433596367459,0.8764041871036161,2.0510058203869694,3927
99,3,0.23587445028139764,0.10380088876037817,0.5932344372625176,1.4844803974399896,3927
109,3,0.24232208530236143,0.1134762949089348,-2.578461366998949,0.6157578269244866,3927
158,3,0.2594439051725579,0.053232544710727046,-2.060763044948402,1.4160812217600272,3927
174,3,0.26757233638239675,0.1328555394274234,-1.6752733040356245,1.7537775992125848,3927
204,3,0.28073835147866244,0.11924214545136223,-1.4701632835242653,1.253842872879607,3927
161,4,0.26059415715864276,0.09218056695630103,0.749096112282893,1.4855610573441826,3927
240,4,0.2917010731236209,0.12595266017954745,0.4234112946521942,2.3141299145785883,3927
269,4,0.2999092860610042,0.13662324883244004,0.12110685823455454,2.0053978600327538,3927
292,4,0.3066812212462807,0.0667745649124144,-2.550222220558594,0.830186861563702,3927
306,4,0.3102257888843819,0.031175759578753577,-2.3809774799015475,2.199844765835654,3927
413,4,0.33706742542479706,0.08319719326495237,-1.637643126637521,1.4604000171314848,3927
433,5,0.3415166614963495,0.0938623927313816,0.024241868052001743,2.341107611013285,3927
465,5,0.3454441940587487,0.04074205181619326,-2.756648155075772,1.8396664347791507,3927
484,5,0.3479632814395832,0.12690297651772078,0.46425661530237977,2.324433224831161,3927
513,5,0.35493327384254003,0.04265202801202333,-1.9971359353036202,1.9404861320258053,3927
532,5,0.35814835444387183,0.08358401622311522,-2.492858852538108,1.0643325136087998,3927
542,5,0.3596296805516431,0.11074277779666836,-2.700805982968895,0.5338245533555415,3927
599,5,0.3676288860408292,0.11742110945810035,1.178646533228908,1.8436022180987017,3927
639,5,0.3728049929422176,0.060780507277118714,-1.538613051669666,1.4011006606144043,3927
685,5,0.38003612039204593,0.12052886259415482,0.38310542690157984,1.968064622966115,3927
870,6,0.40175151597154457,0.0907711967728498,0.1433877303256529,2.638183846165552,3927
907,6,0.40724832375017794,0.10285810872683979,0.4083697548258119,1.8116549577391807,3927
923,6,0.4087590444933027,0.07905517561190967,0.6065506992338929,1.9275881431569986,3927
942,6,0.41079558210280254,0.10884343797865531,1.2194886840932295,2.0749275226704795,3927
944,6,0.41103876568632924,0.06589393346830535,-1.5877542406351843,2.59413966611371,3927
994,6,0.41684125664118765,0.06353055616503825,-1.6973953642850887,1.0647555450031525,3927
1038,6,0.42151308088706696,0.0761103166531693,-2.5232941148553882,0.7537092741788093,3927
1091,6,0.4267398274955412,0.12710297040443316,-3.021223163834176,1.0594719840506426,3927
1115,7,0.4291637232620318,0.10766166583602545,1.1656511791728974,1.9239021186784713,3927
1280,7,0.44620918124449194,0.09671901408036988,0.17972551320042368,1.674007625451594,3927
1396,7,0.45825977832149833,0.08937299375187716,0.5585024312948214,1.9364447493138393,3927
1466,7,0.4629339339897178,0.14492689076283588,0.563337652333537,2.5470946166800847,3927
1607,7,0.47271902052262893,0.06626903292223876,-1.8642841143043847,0.8519621616565557,3927
1647,7,0.47637044411014484,0.14242495319305343,3.036318782646768,1.1647357266577867,3927
1681,7,0.478300216963496,0.12471837359126328,-2.689566495995155,1.297074041795036,3927
1810,7,0.4869902510490973,0.07078083995115467,3.1034759726460512,1.3598540420731233,3927
1812,7,0.48710725929062504,0.05638142486819435,-1.492241135783533,1.6772849472789524,3927
1885,7,0.493612774288009,0.037712180870942406,-2.2239476782729017,2.378802453527551,3927
1925,8,0.496704742861365,0.058212961357727196,1.2889859031289888,1.4757887429221457,3927
2408,8,0.5301542398836367,0.10104234244292483,0.2322348410955866,2.2298613340449824,3927
2607,8,0.5463199194305276,0.024434402264387346,-0.10288246129279484,1.977751228999507,3927
2818,8,0.567837528044089,0.09720149371241209,-2.816727284899532,1.2479475927279409,3927
2641,9,0.5499789943730965,0.08816643409210913,0.2579756611622842,2.234321892163535,3927
2687,9,0.5544551280609267,0.09792027097190482,0.9912361121668709,1.1305850378174975,3927
2710,9,0.556653350853296,0.06914374117446283,1.339210529007608,1.2468895444614165,3927
2891,9,0.5753095356402728,0.02605651862502736,-0.5181802233921206,2.1865438646518593,3927
3043,9,0.5913305036025713,0.10993557007892217,-2.877063070477114,1.388146585855017,3927
3139,10,0.6033149595067763,0.09849914022029256,1.0640041382242076,0.876913228968348,3927
3269,10,0.6222615397432512,0.09675399158864478,0.5786508173211373,2.55281926008945,3927
3371,10,0.6367263523217072,0.07564113871997559,2.2670778231699535,0.8608590178818437,3927
3391,10,0.641205063999296,0.09864433916840423,-0.6804910232265966,3.074310329935225,3927
3444,10,0.6494685069504242,0.07131880058156896,-2.7533604083486356,2.4455192732072457,3927
3446,10,0.6502185917010537,0.09788329700145909,1.724014596435043,3.0696774856585556,3927
3464,10,0.6536607936938506,0.06057756194369007,2.624330836437375,0.6017012377802728,3927
3466,10,0.6538242547262084,0.08301520276564539,-2.8270253032237327,1.9084043548934964,3927
3471,10,0.6550781096900263,0.15300770638335123,-3.1169795156539286,1.6278487577855025,3927
3456,11,0.6518973479189696,0.10078882321123296,0.43235626303712305,2.5000423812644446,3927
3589,11,0.6784120122251381,0.08887698230973501,0.5216589417180548,0.25718047272810335,3927
3629,11,0.6898829709666083,0.12826268279711037,1.5589954005057995,1.1582243830393542,3927
3648,11,0.6954752050608008,0.08664043678594818,-2.581342753400221,1.6711726064400951,3927
3699,11,0.7114693763978127,0.09470721789922944,-2.8383591729940747,2.5925422431959477,3927
3705,11,0.7133031052397737,0.09175304817230931,2.235318532143494,0.8177893473682128,3927
3727,11,0.7199965974759115,0.11471618994629386,2.9113105675048736,1.9092438589976222,3927
3680,12,0.7054837619627087,0.06014278667302459,0.6326270460502841,2.3052633457712965,3927
3764,12,0.734476529637188,0.0787323780863775,-0.21759066890209836,0.2908714218988327,3927
3768,12,0.7351199610631279,0.05983581464921724,-0.8311474255390796,0.3791421863554987,3927
3775,12,0.7392789238873589,0.183856035362176,0.5025374239511632,2.5863578902187156,3927
3781,12,0.7410230656194212,0.10937039425529317,1.1322923354900314,0.29306816740795366,3927
3789,12,0.745994228385061,0.09838440214518757,0.04321610598810675,0.9234925497050575,3927
3803,12,0.7548145391176102,0.11229395972449172,0.706702130303715,2.850838425896805,3927
3806,12,0.7555704005991797,0.09046730946623675,-2.869932558022028,2.568631586903313,3927
3812,12,0.7575215396187348,0.11087451562878906,2.054261512900801,1.06700316289943,3927
3843,12,0.7775283430979916,0.11427528337002975,3.140857717798642,2.4379874523491742,3927
3851,12,0.7824678668827006,0.11935404864002279,-3.078652674829282,1.7548814304737121,3927
3863,12,0.7956485081175637,0.15930560289725518,-3.0839149715033556,2.238544356861413,3927
3870,12,0.7985662768474714,0.08099158846473194,-2.975474556018092,1.2117631221865162,3927
3842,13,0.7762163701366019,0.09836561678239993,-0.06475128577152983,0.3950893770982381,3927
3848,13,0.7807678790330241,0.10931048317037491,0.7243507609656895,2.644960222113199,3927
3853,13,0.7832545618890525,0.12101141852752383,0.7101534746600459,0.4934808694532386,3927
3882,13,0.8122738561469356,0.06272868779778233,-1.7975494625770052,1.9607862810929824,3927
3884,13,0.8135981066361976,0.06569892822125449,-1.854739246040101,1.8053738492441325,3927
3887,13,0.82058627113149,0.10063267754343756,2.02242184904455,1.7124449301993916,3927
3890,13,0.8256877694081955,0.11861733837723058,0.11647383800712838,2.2907734212737503,3927
3893,13,0.8286601196258095,0.07926429697571664,2.2452553461891256,1.642520596394544,3927
3895,13,0.8300170441196408,0.041544037441509425,-1.9166185771117126,1.3835182319685753,3927
3897,13,0.8316731636913549,0.0921574006618116,-1.1089598542256032,0.7677995707331999,3927
3901,13,0.8382192831334617,0.08518026525948141,-1.4075540574710108,0.6946225283331646,3927
3902,13,0.8391754005772097,0.14941723257446055,-3.0561774987200985,2.0993919759232416,3927
3905,13,0.8480778136401943,0.12536557896565265,-3.04346453561451,2.414433724236498,3927
3907,13,0.8488102299782848,0.1002450781202263,-2.79529604986276,1.3525768004246015,3927
3912,13,0.8585259910849157,0.06796393917899252,-2.685529848586933,1.8424262757175283,3927
3896,14,0.8312424228004803,0.10222749492923905,-0.4275098770476207,0.7893674294793495,3927
3898,14,0.8329503336034668,0.12360777449539492,-0.7903592320636137,0.6679545039493491,3927
3908,14,0.850159328864293,0.09951208106157453,1.0166965623973785,0.48302168469398943,3927
3909,14,0.8513278148908512,0.08676918753384526,0.5715672498567685,0.9229993963371628,3927
3913,14,0.8603356566316124,0.137761969890415,0.6016302974872357,0.35518404985258467,3927
3916,14,0.8735081574132227,0.11489990052207973,2.268266631193435,0.4412723554950597,3927
3918,14,0.8802555816297819,0.10853041583063706,-0.7676799350663255,1.170241115633499,3927
3919,14,0.8824677995233049,0.07441508621361406,0.6014671817026467,2.103087479634437,3927
3920,14,0.8857540274732253,0.040012649892625395,1.421885850376795,2.4879340992560626,3927
3921,14,0.8878014677991658,0.07470338238543033,1.3369159233867844,1.592904798165214,3927
3922,14,0.8883026112297326,0.08973762665811881,0.3415900869040633,2.1515553450713054,3927
3923,14,0.8933681540252186,0.06519116612126527,2.3702463759930814,2.6404438659738747,3927
3924,14,0.8990176732374088,0.08979215552337223,2.6783538677795455,0.7098312799435262,3927
3925,14,0.900984468250622,0.071125777035763,-2.0758868129505865,1.353454922597615,3927
3926,14,0.9214672797274662,0.04226965226381312,-2.2962814401613065,1.3392817265264274,3927
3927,14,0.9239505217696488,0.06831859320180093,-3.0809267776381564,2.139071014298332,3927
3928,15,1.0,0.0,0,0,3927
0,0,0.0,0.0,0,0,3927
1,1,0.05242151582127974,0.018441288170343434,0.8189764262598402,1.276091997678104,3927
3,1,0.10426258230366314,0.08876074437503763,2.342924128268271,0.44501787854967945,3927
11,1,0.12382576076405993,0.10219659363572528,-0.838808343314569,1.1054082108139212,3927
6,2,0.11549361730000252,0.06312868353699987,1.8269075290942438,0.6061877897883052,3927
7,2,0.11711351535172942,0.033338675988618616,-1.0763767176658703,1.5059147974105278,3927
8,2,0.11857626780055919,0.07847299893852613,2.2089702003956595,0.467200132969067,3927
23,2,0.15126816980335367,0.08776168732827,1.6431384586698998,2.0603940407973362,3927
24,2,0.15582374707731628,0.08768712017233138,1.4189252290300784,1.5048499977595862,3927
30,2,0.16381216280306066,0.10302827782414209,0.28455310254858174,0.6447003171706502,3927
68,2,0.2016415501551434,0.12056915510705798,-0.6940558407272664,0.7309414535717729,3927
52,3,0.18498683646403324,0.06567533551706073,2.0551448127570278,0.4708429312375726,3927
55,3,0.19334698449283028,0.12086112651040362,1.6878746659194472,1.9738757581359492,3927
60,3,0.19642394486197345,0.12206937962678696,1.5008992916007489,0.6103088440363749,3927
104,3,0.22529369492985962,0.14978513214029693,1.5315383227429546,1.6099421987605147,3927
132,3,0.24157544349588278,0.12636787928945084,-0.6217509775754811,0.5595575267745938,3927
116,4,0.23408721337842409,0.13301444460537204,1.7822189996855093,2.038006977924787,3927
136,4,0.24461900803838377,0.12861297120625068,1.422780520119559,1.7047558965500613,3927
148,4,0.24992819644610775,0.09216148783986088,2.0658663660171857,0.7182607755682453,3927
164,4,0.2551920932302235,0.13588899405514399,1.5992354814027148,1.6340101294264209,3927
182,4,0.26052140364094833,0.09014257906379486,-0.2943394587034278,0.27280734699443887,3927
228,4,0.2748169968697616,0.147738376115857,-0.8886835229745279,0.5919172862435615,3927
304,5,0.3013738869795265,0.10164613160069763,1.5235724710868215,0.7259972171115682,3927
336,5,0.3080164319665306,0.1354903797653933,1.2076068384982053,1.5780763815381023,3927
358,5,0.3132272450812895,0.1199616424797801,1.5112723920080013,1.5135757671031353,3927
403,5,0.32517994402079287,0.12690162404858393,-0.8915377466946924,0.6744350531361043,3927
591,6,0.36479371190070076,0.11654695531481288,1.841224589735201,0.9721586381547455,3927
726,6,0.3851380580607501,0.052156282151805594,2.7399466610275414,0.6421845207720399,3927
805,6,0.3952900531468796,0.08950989521791713,1.3474297299869222,1.8353438098202777,3927
834,6,0.39848396691671706,0.07025338580665567,-0.35795657505266487,0.5841222193572398,3927
900,6,0.4072198979184257,0.09667265840718346,-0.47701517036127694,1.2370004868831939,3927
905,6,0.40798561265377253,0.06877827524302116,-0.3860332405627899,1.159246511325819,3927
915,6,0.4094389437961846,0.17523946265723292,1.0208722813378426,0.36312742951056953,3927
1212,7,0.4410213565439517,0.17885836166636238,1.1812552356841768,0.3361698723758553,3927
1217,7,0.4411812262732797,0.1274473463472923,-0.5352585072422306,1.325486216499927,3927
1604,7,0.47198161905167935,0.0768273716036615,0.3346129278143221,1.4160527334687447,3927
1703,7,0.4782052994793713,0.06780330191987771,0.7221604894069567,1.382024016858089,3927
1399,8,0.4567523622291365,0.19229527421280018,1.210001031719312,0.3593894774104873,3927
2380,8,0.5263365760933035,0.06483274913459919,0.026595929884924537,1.553293420938004,3927
2393,9,0.5273110972033206,0.19001818278964652,1.8069881653791313,0.5338400986972675,3927
2781,9,0.5667013872237617,0.22214712287560143,-1.8698784308644654,0.03283389214675421,3927
2882,9,0.5763716851739984,0.09455456983391836,-0.09825580349541128,1.8469129956886072,3927
3182,9,0.6097069026815276,0.1385310132123396,0.332855982194366,1.5043056881036518,3927
3203,10,0.6120063342910432,0.203654677517763,-0.9471409405834326,0.13710748633417258,3927
3220,10,0.614196636793928,0.19792973742580186,1.2193637778241775,0.708636550979751,3927
3399,10,0.6441086720093525,0.11209745990550835,0.43525756174055397,1.3708289033439665,3927
3516,10,0.6649746624390452,0.13972640388889485,0.14596653508559942,1.3604161947805156,3927
3522,10,0.6663985355208226,0.07362372194920255,0.6981094100857625,1.6221566551898008,3927
3475,11,0.6563379978151568,0.18172414891758948,-0.4782057841746762,0.28785717918786036,3927
3665,11,0.6999688331190074,0.1382709586778116,0.09639552290875578,1.152049235153817,3927
3676,11,0.7033676355186875,0.11421617220294997,1.2017123054060912,0.8939670844270629,3927
3696,11,0.7082769082072233,0.09067517013170022,0.1304165651604078,1.4481179137071067,3927
3720,11,0.7174467340624486,0.06865740285640021,0.7049623091751225,1.9649109252244021,3927
3732,11,0.7215728402455803,0.08820167478253037,0.5599127753404382,0.8894950121637949,3927
3694,12,0.70779738353521,0.13622926770382496,-0.6101096461572205,0.17437898418641726,3927
3809,12,0.7545571637886322,0.04689914111941914,0.8197850301961765,1.5449183033953566,3927
3851,12,0.785162172100158,0.08530793450760575,0.48228484381748254,1.1150715921182528,3927
3849,13,0.782495483162943,0.14131783854760857,-0.8286940632704638,0.5845598253206392,3927
3888,13,0.8153982689941915,0.0662949763090942,1.2679465142642827,1.5873484103519162,3927
3889,13,0.8188812306717176,0.07558915412986805,0.542742412538908,1.3260548868734054,3927
3906,14,0.8509642742228829,0.071767639845434,1.3026418266530164,1.1042479169142119,3927
3915,14,0.8823102849487932,0.08175036066929996,0.0738007457664732,0.6802264366122364,3927
3921,15,0.9022606734362175,0.06768889544930351,2.029239905506651,1.353863683369348,3927
3925,15,0.9315274816464362,0.049825052387030715,-0.11984696826278628,1.017820213985083,3927
3927,15,0.9370564093131497,0.047186951432806636,2.8786688158473193,1.4502477818824155,3927
3928,16,1.0,0.0,0,0,3927
0,0,0.0,0.0,0,0,3927
1,1,0.06771546157224961,0.03415560431176672,2.838696201045761,2.188693596405105,3927
9,2,0.11693103100036972,0.07166894065175618,2.9890146125171433,2.541916654884009,3927
11,2,0.12133993156187406,0.05821971909836765,2.511359828284139,2.5654950501853935,3927
28,3,0.1676856623672055,0.06424109938374396,2.0167364185397463,2.269654552916302,3927
56,4,0.19625108836196747,0.0692024294089013,1.735399314153272,2.1688190310584927,3927
113,4,0.2347803343075554,0.07755127219782863,1.4339206760663064,1.6116271676787426,3927
131,4,0.24269361685350388,0.034358055452478956,2.2907260669188285,0.9447640356870655,3927
183,4,0.2689942282880491,0.15357051020715357,2.0734406924774906,2.1046517305722845,3927
171,5,0.26416383673872335,0.0880457151296216,1.2466334414493414,2.8437808320426603,3927
207,5,0.2770546991277951,0.14818657189730558,1.831512162401925,2.316644799954171,3927
209,5,0.2783642816271935,0.13438742799923686,1.7778775883604252,2.514434840064039,3927
246,5,0.2905556283217128,0.06788987092689677,1.8524143738872196,1.0600631902395907,3927
535,5,0.3564231966241691,0.22592046795620807,2.2749155549500513,2.0038016530347957,3927
439,6,0.3396543527827144,0.06732394535747334,1.6663608293216194,1.7067541971886828,3927
457,6,0.3434139412077455,0.1863760799665312,1.9048624461031676,2.533922462981914,3927
461,6,0.34401191380587204,0.1255262229073748,0.5378915609293192,2.3576115272279248,3927
506,6,0.35182311131266364,0.17471408473712455,1.6005270835553222,2.5619695810903975,3927
541,6,0.3567155140116516,0.11193986289289261,-0.42946203162289687,2.43274325799531,3927
571,6,0.362375435776619,0.15802822820784046,-2.508780782539402,2.9552273028838667,3927
665,6,0.3772343843818242,0.12123261799213297,-0.7632686648440354,2.555742338939331,3927
668,6,0.37756138348814716,0.16976374443707393,1.5365614554073834,2.8279887621624704,3927
864,6,0.4027156350068818,0.24584631932253487,2.435085226085932,2.052596380373765,3927
890,6,0.40528820212993044,0.23349190422907135,2.4520739813848795,2.0541990406750297,3927
714,7,0.38411626161024714,0.2194960509198388,1.8770016453130953,2.4334072389248917,3927
912,7,0.407204245517115,0.10793468528928694,0.713072052872649,2.547234297372024,3927
948,7,0.41064143535205155,0.2203888296708139,1.4690665001271757,2.725339088988058,3927
1008,7,0.4171992135139463,0.23680242894426393,2.227307096110357,2.49723271415285,3927
1055,7,0.42245288381497015,0.053871201654029845,1.436713814013431,1.7504298174060506,3927
1137,7,0.4315367992580773,0.08279797267921382,-1.7767368574808005,2.888160414715173,3927
1199,7,0.4389609778318675,0.16556726218778833,0.4816390094362321,2.9022819137157554,3927
1274,7,0.4447291237989789,0.20537802262140803,1.3341096179468093,2.274597424035643,3927
1299,7,0.4480616919295618,0.23345396648144812,2.343268912640048,2.0547954912572886,3927
1314,7,0.4495917328614162,0.2090436903945328,1.4056617260534088,2.1540315074092473,3927
1327,7,0.4513220912202067,0.1303435951975714,-0.13777192028365862,2.7447553755466965,3927
1441,8,0.4604475599107495,0.22286540888891887,2.1410957665917802,2.1878793380733277,3927
1573,8,0.47112419186350607,0.21870627728926562,1.8924599551681007,2.7084967434650067,3927
1579,8,0.47149032906335986,0.21409683447023523,1.5445373426407027,2.2034210657289104,3927
1586,8,0.4720486704519523,0.13783395835473305,1.380296807553965,2.7622993751222276,3927
1750,8,0.483880499120086,0.22258610073916563,2.4444982109899525,2.0532681561638695,3927
1763,8,0.4846899128230615,0.06193466030468372,-1.4449030532727292,2.918836133042347,3927
1776,8,0.48570354852416586,0.10885760797550251,1.6747981366916904,1.7741451312919776,3927
1796,8,0.4869462334804756,0.12701274524608677,-0.32926356171348165,2.611994139347554,3927
1842,8,0.48990993807982064,0.15070372119360878,0.7385443869031894,2.645027477755123,3927
1852,8,0.49055641502489644,0.18277075811802274,1.8634862828750824,2.3403842641184354,3927
1882,8,0.49258038196342524,0.13814256693368604,0.163504756772425,2.248056750585513,3927
2149,8,0.5104148544536387,0.21256413606332952,1.6401765397934345,2.485497330225455,3927
2178,8,0.5130606088360038,0.09772998525675194,0.8248941621811104,1.8707858222402431,3927
2189,8,0.5140045531691185,0.2149207799281622,1.2773991830829214,2.102920067574402,3927
2201,8,0.5151361952935452,0.19612869778414221,1.2201023694795032,2.320526960956355,3927
2226,8,0.5166353386497137,0.18763651801432973,0.2271357443245099,2.357557244036958,3927
2323,8,0.5242920312516515,0.17991328753028266,0.3990725041866567,1.9702293220025426,3927
2332,8,0.525051212977313,0.13919250644749773,0.5067825446046095,1.9409284157988151,3927
2403,8,0.5309149540763723,0.17418811399486697,1.2538728643220958,2.0237923560572253,3927
2225,9,0.5165364231978551,0.21792392073633768,2.1522875602645635,2.0022732965898133,3927
2431,9,0.5338751348238804,0.22332537958254053,2.6117494709945652,2.1467530885571264,3927
2534,9,0.5428935418442588,0.20833145156841698,1.5502022202550432,2.4433022851387887,3927
2612,9,0.548683031698006,0.11644076243921606,2.0838047651072324,2.9931351213668176,3927
2630,9,0.5500726708560382,0.03357187043635669,0.2271002359647481,2.3357978641827493,3927
2686,9,0.5548526508829839,0.06826229651700348,-2.3724879017416183,2.666722452480956,3927
2691,9,0.5552718520240729,0.15091837321156765,1.456222246563998,2.014050672237431,3927
2740,9,0.5617654334079781,0.14919866632786496,0.43463459516840397,2.052303913144893,3927
2780,9,0.5655023819725765,0.1675571491436241,1.6104508189792588,2.1644867667882965,3927
3010,9,0.5906425291539202,0.17685464128755066,1.29833525171249,1.6698871507470896,3927
3186,9,0.6140022162898501,0.14636173737773417,0.8447874379444391,2.277823873109203,3927
2748,10,0.562676879162813,0.198326642791628,2.2885946685455187,2.0013886536096495,3927
3046,10,0.5954551146334655,0.08592420523963056,-2.496506628626151,2.247796458369984,3927
3100,10,0.6014246523611727,0.13695529390445418,-2.444345588061488,2.837863865115715,3927
3125,10,0.6055159314473066,0.059146292924259,0.806725471063916,1.83966355911711,3927
3190,10,0.6148172255835164,0.20024271101994262,2.7689248510984026,2.245569588153985,3927
3565,10,0.6801071893408088,0.1366562831021738,1.2966406116428193,2.0842414062098378,3927
3226,11,0.6190485456309518,0.21896405544965836,2.412917195762791,2.21303713814166,3927
3351,11,0.6377508145000376,0.13406745351098948,2.90707997279696,3.0216515135790347,3927
3426,11,0.6517943896606831,0.18167101461690224,2.758046731633697,2.2551705753386107,3927
3438,11,0.6536726983836059,0.05088006186633985,0.6536712748199976,1.2053962225165367,3927
3481,11,0.663454114163688,0.16692314939399516,-3.1212198943271683,2.8332194519981493,3927
3532,11,0.6737543646129728,0.08751373284938857,-2.94919031682113,1.9981648204078077,3927
3561,11,0.6791110504680931,0.14340113398656024,2.682385721562865,2.296976763152298,3927
3672,11,0.7106760913426664,0.11524313225691536,1.2373931917236645,2.239461727723309,3927
3604,12,0.6901259469320629,0.048125218834250735,0.9180076273326774,0.8081431992479714,3927
3605,12,0.6906094035967901,0.052790881472186864,0.7884573479879896,1.647486321662804,3927
3696,12,0.7190584965403958,0.10508393021338883,3.113310691365162,2.198684105218011,3927
3752,12,0.7349670318332909,0.12502588873132084,2.8720908717711615,2.4653792569573487,3927
3759,12,0.7362192173598433,0.11670116233394608,1.3909286929986184,2.266256403679704,3927
3834,13,0.7695950083696848,0.04101344989763638,1.3595887935055564,2.738587759693642,3927
3844,13,0.7788414747022201,0.12113410860139752,1.4113933317543546,2.0341648941756083,3927
3855,13,0.7872166589922074,0.08151613765477188,2.7500930104564363,2.3504257151436545,3927
3880,14,0.8061052557211054,0.11703890148589413,1.5365489926569245,2.150199956216553,3927
3895,14,0.8385085518169659,0.06434935422824885,1.825937150913432,2.440712452994686,3927
3911,15,0.8557234329426264,0.11773595804545174,1.6920744534508843,1.9634214906730398,3927
3918,15,0.8803023454412899,0.07160790844545022,1.7521665252200287,2.07671394854949,3927
3926,16,0.9363636876229963,0.048069744135578255,2.1646420046159913,1.9078278533405764,3927
3928,17,1.0,0.0,0,0,3927
0,0,0.0,0.0,0,0,3927
1,1,0.08177261411889425,0.0767870973613631,-0.7123290396867087,1.9105092411872335,3927
2,1,0.09230677701449674,0.04816616495449021,-0.28534518022841565,0.8908070747496052,3927
3,1,0.09413926496407843,0.07492705412047619,0.9722266728042647,1.033070156694614,3927
4,1,0.09636396703799788,0.08080061403865202,0.462291794246556,1.1337272714230835,3927
5,1,0.09727142248885379,0.07715165114030123,0.9054774730684152,0.40745562927540313,3927
6,1,0.097315417162947,0.0694614337794579,-1.7047330801834404,1.765548882250491,3927
7,1,0.10708258767649592,0.08891012911061899,1.2347917081381938,2.767441324118752,3927
8,1,0.10871086386554063,0.07965441216183672,1.7625649149738865,1.3789571525432511,3927
9,1,0.1242111493435002,0.05545031508217206,0.18523754958422453,1.5142715292892563,3927
10,1,0.12448987858649385,0.10442902499999018,-0.09076645251064477,1.7754839701063472,3927
12,1,0.1358573513869531,0.07404349333205353,2.893955005458693,2.015079956226167,3927
13,1,0.13729098843101306,0.056840020361140546,1.3001700592402152,1.8346812192171245,3927
14,1,0.1375903254518388,0.11177717208933807,-1.5255908428790843,2.271167783923227,3927
16,2,0.1431272722269481,0.05913793174334406,2.138826358465647,0.5421121862627025,3927
17,2,0.14432407607024644,0.09476028145620063,0.7623288895252831,1.4041591672918556,3927
23,2,0.15767808530767546,0.07081495546805318,1.8160864668197443,1.985675967049761,3927
27,2,0.16291552169452295,0.0986253842037322,-0.4426108916070196,0.95018337622277,3927
33,2,0.17190510466104947,0.08294090699757785,-0.5874332936452934,1.2271700238013312,3927
34,2,0.17190644691539114,0.12121919414756625,-0.12371556724894821,1.6243360237126088,3927
36,2,0.1768434570951921,0.02788796119609575,0.22089553917991345,0.7637789982787886,3927
44,2,0.18532421733320015,0.10340778891514682,-0.682230482141692,2.347471483890597,3927
47,2,0.1879819463392155,0.1163527376837118,2.387077240483901,0.629921296441296,3927
48,2,0.1893179949294006,0.1083428468965918,2.3794005829714764,1.6937286969504417,3927
50,2,0.19239415007022997,0.05422635134612953,2.212560940055117,2.503238876481422,3927
61,2,0.20121231522401917,0.1229993794204342,3.129249465492382,2.4597940056828427,3927
65,2,0.20238928126968836,0.11605440666579246,-1.2260941146443187,2.566124364650047,3927
78,2,0.21349405797663512,0.18870206703880096,0.28943020976319345,0.901417054833921,3927
80,2,0.2147237736513794,0.1346179738781414,-0.6878683748334252,2.5975415695017587,3927
60,3,0.2008887888744123,0.09411654519411061,2.2119258649723816,0.7602992401394756,3927
85,3,0.21756322982528165,0.08109215999911283,-2.325042224023205,0.5047747931862107,3927
91,3,0.21964372907123886,0.060038687250428484,-0.15608181101148272,1.2442205424702475,3927
93,3,0.22155505459230385,0.1289299073145429,0.8782008590214936,0.9412582925546978,3927
95,3,0.2226523650368818,0.052441790972427335,1.352055866129954,2.5923878943485112,3927
97,3,0.22297638303373002,0.11501228677562489,-0.6988086726504625,1.0960799409587196,3927
101,3,0.22443335853287616,0.10035605991933051,1.8752303111477915,0.23521274186960517,3927
104,3,0.2255040845430336,0.12600147909525847,-2.854512818991683,0.29878319244462825,3927
112,3,0.23055942360369364,0.09475128290470487,1.9563232925157077,0.4175322254250514,3927
120,3,0.23392468082378848,0.1394912124047578,3.0513724259818242,2.2962447737973184,3927
139,3,0.2462167303650853,0.18324525616265727,-0.150698697992174,1.862778159681974,3927
144,3,0.24920747519311126,0.1368065338671494,-0.8429541316929644,2.4748273277167496,3927
169,3,0.26270716395959237,0.07154458035992546,2.7342963862204575,2.320723657064931,3927
190,3,0.27179727160797074,0.202791146560262,0.8994226679857212,0.935324794180601,3927
198,3,0.272949279905477,0.14772106755744355,3.042172759845273,2.581518103364724,3927
210,3,0.27740710970049487,0.20519557787372053,0.13186931211704442,1.174893970345614,3927
150,4,0.25201392696821523,0.11996080750095375,1.0996705784808163,0.817059314939348,3927
213,4,0.2786682634416673,0.1825854966706541,-0.14766522327143536,1.8646972081505013,3927
216,4,0.27966543367926755,0.13978676019860312,0.998494501078234,0.6347954201690158,3927
218,4,0.28077257758327356,0.12539312071633688,-0.27383121680017525,0.8286680534097083,3927
235,4,0.28493697457319367,0.15828762560365608,-3.041576630240909,2.4271558535136517,3927
237,4,0.28562095227951,0.14478085975911834,0.7976698541108527,0.6704952248169374,3927
267,4,0.29875276135268536,0.08984048711298188,2.7329670516547315,0.4257980782107826,3927
270,4,0.2990341943721385,0.16902343496626035,-1.2450725622974106,0.1667571398184229,3927
283,4,0.3024119587299011,0.09478298256354195,2.215062237046191,2.3416906919780756,3927
292,4,0.30449458754022096,0.12836391160184332,2.1730864814119006,0.5087129106451341,3927
302,4,0.30591482398895753,0.14891617025964235,1.412662665882739,0.32066064430003643,3927
324,4,0.3107996727409761,0.11466808308937093,-1.1801078339503284,2.7930644418363277,3927
328,4,0.3137153627286886,0.09497579070320164,1.2114618118740805,0.11784938117411399,3927
330,4,0.31420818574229503,0.21449353097502988,0.12274416920297554,1.2301330863948856,3927
352,4,0.318897272727068,0.18877436507368003,1.300219697644558,1.0975344452734868,3927
357,4,0.31970384183874556,0.16919128616762746,-2.9361465047803486,2.734063371776552,3927
386,4,0.32529215229945885,0.14651862163579726,0.33771441757144055,0.7247719343603817,3927
483,4,0.34512958983563646,0.2002758611957985,-0.22582282160244432,0.3196678247065538,3927
517,4,0.35223331751360765,0.22855142838401524,1.0821449398822964,0.7731228321987408,3927
348,5,0.3178345805463715,0.10046716634344968,2.214448801942595,2.3378229574064013,3927
396,5,0.3272065686554355,0.17970283049747438,0.05874317096124102,1.7742100684104658,3927
429,5,0.3353158606368508,0.16981996474948818,-2.9774804170148252,2.2245539641107626,3927
445,5,0.33868464346935956,0.18035207232282718,0.7225666331062671,0.9531934509635319,3927
476,5,0.3443711293045427,0.1397170511100545,2.065806383971979,0.46662597237268577,3927
593,5,0.36506310588455837,0.17618014147687808,2.858532144687961,2.3765163017384703,3927
599,5,0.3658667577007194,0.08932111354237968,-1.4634919551879064,2.444522085593143,3927
619,5,0.3690477279904941,0.16830829876059583,-2.404533884631016,2.6058707145114126,3927
684,5,0.37862914716166474,0.21134942118239827,1.2575153740399965,0.9521902069002478,3927
697,5,0.3799247061763865,0.21408125390669408,1.2080606704067303,0.7505130837368055,3927
727,5,0.3851531731333193,0.13193979656263563,2.2139666202127435,1.3310763855080399,3927
769,5,0.39046889616912683,0.17413423251542498,0.32462267943858075,0.32960423171592773,3927
777,5,0.3923090170696928,0.2079195775681151,0.31187765510689713,1.3582824908763753,3927
839,5,0.40223850912237846,0.15091053653813766,0.8112351569499433,0.45664166523458943,3927
538,6,0.35603039786797763,0.16317759085116532,0.07946713148416241,1.6504205715896396,3927
814,6,0.39867674371737605,0.1883215879094124,0.4435638366416829,1.762186293052321,3927
876,6,0.4065300238425775,0.20468398765988824,0.31063510806883665,1.30138156853396,3927
912,6,0.41013226739062825,0.19033634117036227,1.0412683479358642,0.8775455230432604,3927
918,6,0.4106920729201432,0.13447037230714595,2.837600246253008,2.4926317231039095,3927
946,6,0.4145901078482822,0.17175259923450276,0.37059931042146743,1.412928381482036,3927
1021,6,0.42287513984665714,0.12453666529853367,2.778080193481858,0.5382011783683149,3927
1053,6,0.42555441707528163,0.1235783778250698,1.228869087950377,0.5343437680666564,3927
1056,6,0.4257316291730987,0.16110089741894718,2.570724066449497,1.7746156378015008,3927
1061,6,0.4262525565916141,0.15250019730093198,0.965906001851636,0.3105016013072877,3927
1062,6,0.4262992164784316,0.17330183573741112,1.8435441240760635,2.1145695998274068,3927
1083,6,0.42885806863789044,0.190601937718065,1.2629058376230688,0.7934718410226924,3927
1088,6,0.4291370219636619,0.13466066080158035,-3.1387964252500136,0.5600506126896123,3927
1095,6,0.4297648910715297,0.12198819648607002,-1.2213980488168783,0.03477727562464942,3927
1126,6,0.432604026241165,0.1719048578600659,0.478725242424787,0.5244073533261326,3927
1150,6,0.434667877222614,0.14868401781183163,1.1354898273455234,0.5880718226061207,3927
1264,6,0.44413033665197443,0.1276331428303987,2.1153241189035157,1.229938286720877,3927
1384,6,0.45427670948735144,0.09528295377349331,-1.9427463254335244,2.4402310005591037,3927
986,7,0.4179415452971402,0.15944271779066188,0.09962042671488872,1.760588408366447,3927
1143,7,0.4338155754411025,0.1554647359034529,0.3529745884815404,1.4280224829214223,3927
1200,7,0.4387665584305721,0.19751519922606284,0.37216711492625026,1.2506055997416214,3927
1255,7,0.443403432985335,0.11177049860275869,-0.21829965198148343,1.3035637444720802,3927
1362,7,0.4523200835616029,0.1819781385888485,0.40972617315020693,1.718438654767235,3927
1365,7,0.4524788336420712,0.16905178289490855,2.868340666842699,2.5665355644879573,3927
1400,7,0.45545153974113006,0.1571322841043105,1.7773455833521368,1.9879358129616989,3927
1481,7,0.4629443554207543,0.1484813219794787,3.003492204787986,0.6248432427478859,3927
1493,7,0.4636313330280879,0.18300562892903205,0.6064369864102747,1.3862405562582876,3927
1532,7,0.46670588407487756,0.19477218695597598,0.5992099002268991,1.573652231117686,3927
1643,7,0.4755572202866595,0.11715736860144325,0.7427042027766909,1.2963777588272303,3927
1697,7,0.47993619273649346,0.12935582452729014,0.06707041313620106,0.21803030740086157,3927
1700,7,0.48008583128637117,0.1314321177058419,2.5660329683087797,1.4972096249581783,3927
1729,7,0.4825105079055073,0.08985980318515562,-1.788007082463849,2.287844901513813,3927
1780,7,0.48618724620527887,0.1341029600446773,2.853738637519094,2.563022203867326,3927
1789,7,0.48655213793031304,0.1117570107830781,-2.507281956504755,0.6217209566264652,3927
1947,7,0.49675520755048597,0.1726263346427115,2.2502520679298246,1.1121167399947942,3927
2133,7,0.510794520984778,0.17519882150125393,-2.758045435951546,0.35842993850564614,3927
2150,7,0.5120712710865828,0.1850308977274571,1.0942146157073134,0.6581311500463709,3927
2045,8,0.5040729683931413,0.16704341374030257,0.42269547706361343,2.190622126215234,3927
2160,8,0.5128711013970487,0.10241161545386376,2.650832520133057,1.4278968345630068,3927
2221,8,0.5183221580049364,0.0878429501283995,0.015846563650032012,0.9116156185961909,3927
2267,8,0.5216985673602071,0.22505148507741543,0.22482751203510978,0.9052574340572251,3927
2353,8,0.5273221268415786,0.14914350555460296,2.7320584392950167,2.4801512820292104,3927
2385,8,0.531065551302882,0.21448832616191071,-0.37887896877370514,1.700560589922336,3927
2394,8,0.5315232837817101,0.1367235925217439,0.6176376969728761,1.1517917114727332,3927
2441,8,0.5350002432520994,0.14367263442180195,0.6575221679260873,1.4796710040422159,3927
2463,8,0.5372406591426242,0.149599710800908,2.4596210973960035,1.075673673822965,3927
2464,8,0.5373094588552678,0.1562592975524241,2.193059569859877,1.786928749764654,3927
2485,8,0.5396194339406077,0.1325061578418856,-2.1211386149503375,2.2855490749394556,3927
2540,8,0.5437252962463942,0.12729583143221912,-0.19610068794174593,1.9293509235955852,3927
2572,8,0.5460744638327627,0.17813120955356362,-2.9071176206505203,0.4834381585204551,3927
2636,8,0.5514522479858793,0.079901198494271,-2.49321933888262,0.8135420522124285,3927
2653,8,0.5528712619883445,0.16968542824950344,0.8480186051031082,0.615739267400197,3927
2705,8,0.5567355952053479,0.1334937565203824,-0.8194932287836542,1.6410717184466106,3927
2716,8,0.5579874096337508,0.09238017753967775,1.536547488000827,0.5237653134061231,3927
2927,9,0.5793850874051644,0.14064394283168136,0.2074435546196351,1.893139374348991,3927
2941,9,0.5802314474150754,0.1855941238871485,-0.010109626999183264,0.9692594183740842,3927
3004,9,0.5870168901967054,0.12452466211320594,0.502008182780164,1.1731727264775202,3927
3017,9,0.5885697886451162,0.09438757334101991,-2.1560523789568924,0.7114284309411109,3927
3033,9,0.5913962797454263,0.12845277581557277,2.5768612203375323,2.35924197476013,3927
3059,9,0.5947726259487937,0.24110227715358018,-0.5925733986800285,1.637714283727831,3927
3139,9,0.6054894501888894,0.11015087612583956,-0.2342863203180826,1.4241941818083896,3927
3181,9,0.6096883032829904,0.16167898145877418,-2.898344339076126,0.6824467959554394,3927
3196,9,0.611323710398295,0.16454589072397272,0.6571224571511557,0.3898789707398878,3927
3231,9,0.6154401555201651,0.08865574643631115,-0.7015657584412011,1.9271656642403936,3927
3238,9,0.6161517059640259,0.1289957133136703,2.25599632366962,1.52070753483794,3927
3252,9,0.6176658230794335,0.12020534933617866,-2.007598833305251,1.685895521580095,3927
3379,9,0.6369452291383277,0.13928572917681087,1.4964231044058849,0.6471702979407062,3927
3325,10,0.626791045245364,0.2154292372111839,-0.6123992044026585,1.6100167985862988,3927
3378,10,0.6365259769286519,0.12327439195550643,-2.0367038354168234,1.6717760948529092,3927
3436,10,0.6478514801358872,0.07446810485985748,-2.672283665331916,0.83332660974219,3927
3467,10,0.654452590497688,0.13128846542620307,0.03980610718987059,1.0342589732417875,3927
3486,10,0.6573240990969312,0.14849840978435516,-1.955696929235876,0.8725884160301502,3927
3487,10,0.6573556634780758,0.10396743986249435,2.35873487002965,1.892292188842934,3927
3489,10,0.6578633825334119,0.15220789874158874,1.6650419101803455,0.6776529896040417,3927
3492,10,0.6589734048493475,0.16207953904174194,1.1653715504261906,0.2457384122806526,3927
3568,10,0.6734147454331547,0.16561821099380064,-2.6879706401669248,0.8496241851552796,3927
3584,10,0.6758439074572121,0.11041532625617625,1.9716171151240731,1.4438163167649896,3927
3616,10,0.6826192477619538,0.0566571461771025,-0.012016755810497558,1.4352273967894054,3927
3552,11,0.6702779596944971,0.21938133258308,-0.7787584505509642,1.6694324897407384,3927
3621,11,0.6863547512726427,0.15358931018268973,1.6535293000929452,0.856152075320052,3927
3708,11,0.7137700543920354,0.12548436213967665,-1.7415441423843836,1.7631628469729694,3927
3713,11,0.714979392292633,0.1900689886547388,0.7683904952844179,0.08993063893229845,3927
3727,11,0.7220823811991794,0.11527526361172039,1.5944306077058588,1.6070544000879579,3927
3757,11,0.7317169985718135,0.11827159044222264,-1.3307004718218416,0.9455951719467195,3927
3765,11,0.7347778273989528,0.13555221882527438,-2.317023730350251,1.5214841414745786,3927
3768,11,0.7358506039082713,0.1667414147078172,-1.875188999409958,0.5563577277711056,3927
3785,11,0.7443293260939908,0.06581953785013622,-0.18407772406575407,0.45264476176874585,3927
3790,11,0.7473721849561147,0.08307127923777331,1.5786489080288117,1.5775549853395994,3927
3793,11,0.7501554755306123,0.07590345144148075,3.0314922774971773,0.6792521024329846,3927
3795,11,0.7509413099653977,0.17738282141433429,-2.238452745200072,0.4878121241316798,3927
3803,11,0.7529131158608425,0.13565112068980462,3.1052421635831995,0.6028437503927971,3927
3743,12,0.7290484298455413,0.16872768576268704,-0.8641918767584265,1.673685510528534,3927
3815,12,0.7587424283830799,0.12853310390339187,-1.167513417237907,0.984366767758751,3927
3824,12,0.763699972265066,0.10828977670198157,-2.151350947211535,1.755875068166736,3927
3835,12,0.7688772885119995,0.09655049727166587,1.3428771834942608,1.519903274186468,3927
3855,12,0.7835100875135773,0.09969976084949318,-0.07864448103159481,0.6513075315505514,3927
3858,12,0.7871069458765306,0.0595906892099582,1.843321388689806,1.2663617752626477,3927
3873,12,0.8014774863394603,0.13930104451924316,2.6847793059607477,0.3427767603579448,3927
3879,12,0.8107177202013656,0.1269943521986739,-2.563909117147176,0.5088187485158568,3927
3903,12,0.841463221651708,0.06476154616085328,-2.8492433106515556,0.9473218836282795,3927
3883,13,0.817645041714834,0.08867097656259358,1.1176351568041696,1.5503807323060743,3927
3890,13,0.8254869896013332,0.1087091026935345,1.0572395724221682,1.541629486229835,3927
3892,13,0.8264798846096779,0.10928457116321325,-1.2902407627326014,1.5932119989709845,3927
3894,13,0.8271825027774753,0.09437304086634311,-1.937167091867802,2.108004935681531,3927
3897,13,0.8291807266028878,0.1272407800227506,-1.3237812981421184,0.9483545188272389,3927
3900,13,0.8321119427563448,0.08634638280517899,-2.4548837447813745,2.0899317923806033,3927
3901,13,0.834757212335434,0.13615298432418646,2.39376382877961,0.19127736978443746,3927
3904,13,0.8442534483661153,0.09702737430729498,1.9567531713336057,1.4121394184598475,3927
3909,13,0.8521550120027336,0.10552731383965971,-1.5821235598352241,0.81161814897755,3927
3910,13,0.8527860040836817,0.04425180564667394,1.9433037260488872,2.35843015376065,3927
3919,13,0.893149664387633,0.07695873675849337,-2.070962835080703,0.9324648850866676,3927
3920,14,0.8932674074472827,0.09877099029080381,0.030454378743961633,0.10017385300970488,3927
3921,14,0.8981203106010185,0.09328802574601301,1.4367030160588798,1.5840104354570215,3927
3923,14,0.9049976240064029,0.08637916782811071,1.9777665634897577,0.8765836466816115,3927
3924,14,0.9111240081011016,0.08054698432866543,-2.1949417033992162,0.8805085333578415,3927
3925,14,0.9112445779475115,0.041056130439335585,2.317541034363641,0.8235672993445328,3927
3926,14,0.9145324443427276,0.06710298462054064,2.9098319558398456,2.1443228571501627,3927
3927,14,0.93287904497767,0.05092149793769404,-1.6137246611680787,0.8134064424434093,3927
3928,15,1.0,0.0,0,0,3927
0,0,0.0,0.0,0,0,3927
1,1,0.06832267296151129,0.060598628016471784,2.6619179368820856,2.0083105071656466,3927
2,1,0.0847053575790393,0.06379546500756297,2.6178020572935807,1.146634296957213,3927
4,1,0.0937717791854148,0.08501330373795808,1.489994362415868,1.98332233562651,3927
7,1,0.09914178458844758,0.08421643613724875,2.8311984257507743,1.7159561485424184,3927
8,1,0.10029821328981481,0.04568938893049102,2.0294881801569113,1.498534402623605,3927
14,2,0.12859736716928727,0.08142566418591676,2.7373228245118106,0.6306450798688776,3927
18,2,0.1414741581160387,0.12427518682695128,2.8248660393218206,1.7212830488862494,3927
21,2,0.1470239312124063,0.07234153332794134,1.8695981588928872,0.853884424129162,3927
24,2,0.150730284707301,0.10423215573082947,1.6153255613620656,1.585057128349709,3927
58,3,0.20922601195030333,0.023933616948791772,1.1806760216313004,0.9530818762997352,3927
63,3,0.213626743150637,0.11315554373267107,-3.119270868954483,1.333532657247822,3927
65,3,0.21483394180272963,0.10500276818827933,2.9482370166777696,1.1856651853099547,3927
78,3,0.22692471936203096,0.13633997176786786,2.55787618316796,0.914648050645859,3927
80,3,0.22807959828625624,0.12745362296692375,2.039881820353917,2.0232332105275903,3927
84,3,0.23125290930323372,0.12323329872895172,-2.7670993581961296,0.7456747768175018,3927
89,3,0.23287066330110806,0.12657857310510937,2.602251437173288,2.349685173110259,3927
115,3,0.25217211493086344,0.1789881128829818,-3.020521393340082,1.0345162950183133,3927
137,4,0.2629499640045766,0.14311857356741162,-3.050617942248711,1.3566418202198274,3927
205,4,0.28639550660949686,0.074154946885433,-2.5655384328624895,1.0410557879691578,3927
233,4,0.2952797380269445,0.16423062067557587,2.7923201132212396,0.757450820136171,3927
235,4,0.2965915445441013,0.1773028274880354,1.8434950620138617,2.101348447624505,3927
284,4,0.31196119868487937,0.2095591678886081,-2.8968402679428085,0.8797100033007659,3927
290,4,0.3136520345314099,0.15110758028165885,-3.0454537285471845,0.8767439127352171,3927
297,4,0.3164996718698061,0.12070820200708289,-2.5974340721099916,2.761137705660606,3927
324,4,0.3246027984364409,0.07783316662249751,3.068020676805361,0.9857938740306009,3927
331,4,0.32602598260239435,0.1213199412889448,2.6346737850829895,0.5969578213269237,3927
445,5,0.3489192214043104,0.16322174226225897,1.7106411561761974,2.1089991380285356,3927
464,5,0.35320812709661853,0.12434655855095764,-2.6834198029952616,1.2934850177109225,3927
502,5,0.3585613619132252,0.12424334066069789,-2.819478826090919,1.4052159209046282,3927
523,5,0.36101525555416547,0.07131254889350427,3.0726219427202572,1.5946827093231157,3927
572,5,0.36916099202244257,0.10853376316560272,-2.373578670197374,2.4530992639900058,3927
607,5,0.3753459637631992,0.1777097107037361,-2.9055494553209997,0.9037994176702221,3927
635,5,0.380535593654587,0.12906154622074076,3.0263470542997792,0.705488556160585,3927
653,5,0.3823912281704315,0.12810803660504666,-3.080608741154898,0.9965898750137607,3927
668,5,0.3843307436655531,0.1518049727683607,2.9909126980126834,2.820081666705185,3927
704,6,0.38879749180159995,0.14721874123845374,-2.605380875334151,1.332820005222091,3927
718,6,0.3904697710173154,0.10516089255419837,-2.4930767892123704,2.5722307256695394,3927
858,6,0.40689028305254527,0.13500890309669578,-2.639700100288755,2.4011594295754786,3927
990,6,0.42188230073757227,0.06114368789821202,2.451000924043343,1.4957058204032614,3927
1121,6,0.4353271914827601,0.09932016710375605,-2.527616093426346,0.9448065937607147,3927
1128,6,0.43573831145888553,0.1341669231292081,2.9242091443833638,0.6363921635353279,3927
1235,6,0.44575331094522197,0.1709648119900264,-2.788033362932602,0.8027563505696167,3927
1512,6,0.46830965151995374,0.09703904236977923,1.9236767523656564,2.552912731827518,3927
1241,7,0.4462368590807616,0.15133388905090908,-2.5256673001762544,0.9922454780018771,3927
1323,7,0.4530059996520386,0.08009691446825304,3.060867128241452,2.239709242589164,3927
2011,7,0.5022392726670314,0.06807463525001359,-1.903734593496986,2.926416042118942,3927
2048,7,0.5051906123283209,0.14251635651737274,-2.998675164572948,0.7577901058635181,3927
2294,7,0.5219786029800362,0.06910430959055597,1.173977973609582,2.84409406719626,3927
1814,8,0.4892727161273619,0.17155892779272108,-2.5129451543394348,1.1986876357459715,3927
2545,8,0.5416611913066933,0.11185119086720786,3.0625886558270063,0.7810166839400582,3927
2633,8,0.5489794822320448,0.13881061198403583,-3.111677075653709,0.6665379177600451,3927
2833,8,0.5694310905903975,0.029691100154141774,2.468917996377103,2.5419872836623525,3927
3043,9,0.5904073448037952,0.11113227734599909,-2.8463439414798617,0.7871239120359702,3927
3112,9,0.5990896806887567,0.12471585328227258,-2.918546447018288,0.4700192030681927,3927
3251,9,0.6192848909396154,0.027594472425513137,-2.076592998899792,1.4786191794530639,3927
3269,9,0.622538957145378,0.10754707023245245,2.861665699129471,0.8898019878152734,3927
3259,10,0.6202581734983592,0.12259701610653918,-2.628255262582296,0.6895950948552927,3927
3634,10,0.6943380612043166,0.03337946689251788,1.6276997351166946,1.762353930806521,3927
3737,10,0.7222458392173835,0.02336611965880019,2.4894334336093245,0.6322763425381474,3927
3742,11,0.7244730455300888,0.07910240730091737,-2.6986285493379576,0.6686587909325771,3927
3776,11,0.7390624631210846,0.047149689351165446,-3.0652789358043595,0.48051938627948215,3927
3816,11,0.7603010472400037,0.03801739139307353,1.9720208127781838,0.9972889750317148,3927
3874,12,0.8001546719106143,0.05043052173983879,2.4351259820449243,0.6855555348335033,3927
3924,13,0.8730796095653892,0.06323535432363654,3.030227291290669,0.608598987572296,3927
3927,14,0.914850376072023,0.039902716950399354,-2.69406211101051,0.9078700628568293,3927
3928,15,1.0,0.0,0,0,3927
0,0,0.0,0.0,0,0,3927
1,1,0.08158846466630387,0.07992802781749861,-0.5360061033955749,1.6161667711302599,3927
21,2,0.15697625588007225,0.1023257400729165,0.17837170518412077,1.8978983476047449,3927
42,3,0.1881035789012242,0.10665276049745318,0.4428571971654581,1.9915893824159034,3927
99,4,0.24140006019864968,0.1180024101261249,0.4973342847947056,2.305874250743689,3927
243,5,0.29509427313942926,0.14182226067241996,-0.007357052733049049,2.412577575733024,3927
253,5,0.297159466551152,0.11857505859971819,-0.11773133613213581,2.4298067821179967,3927
313,5,0.3112196130361058,0.12557954631233667,0.46017136833713446,2.4408090921062433,3927
611,6,0.3648978389553198,0.13041128447353023,-0.18286739300258284,2.4021931134776353,3927
655,6,0.3735965778962921,0.1126503646935838,0.10530930654236817,2.2678033152422707,3927
716,6,0.38228284165226756,0.14774468113413092,-0.6595715139784257,2.2748397431084637,3927
1057,7,0.4222592775056623,0.1250231992801927,-0.49013891320223796,2.1420402361835182,3927
1066,7,0.42311200699211116,0.08257790124795471,0.3657858881735605,1.9383971465187428,3927
1331,8,0.450870299860321,0.13401192773910958,-0.4875821807174936,1.9790606075461048,3927
2104,8,0.5097360049681502,0.04740635090941968,-0.1748250945686496,1.6979757751089901,3927
2488,9,0.539136510248336,0.12389386944719966,-0.3383441778224768,2.3085819688785545,3927
2543,9,0.5443290291169688,0.05053694527310184,0.422031186631225,1.928548474898905,3927
2634,9,0.551397791264195,0.10833989657354808,-0.5815960805603356,2.086577073855584,3927
2836,9,0.5682639628701485,0.10514487663940775,0.65049376794838,2.4732168984649547,3927
2980,9,0.5823809845270429,0.06659609936583129,-2.0973622138944745,2.5425564304655928,3927
3404,10,0.6433507423331333,0.053006825917022035,0.4007169457503011,2.7457650028091343,3927
3501,11,0.6588879294108029,0.05636908650747493,-0.23104639486218126,2.671843875520752,3927
3667,12,0.7012176101902402,0.034665194272844146,1.786901919893778,2.652702877440643,3927
3820,13,0.7543564552399726,0.07836096690970318,2.3724312236583804,2.3921077047893133,3927
3891,14,0.8060632526079186,0.07746391633047923,2.6161040915914913,2.7072190836203003,3927
3919,15,0.8593731131194636,0.1135562159811826,2.8351942642330075,2.737654505717878,3927
3927,15,0.9248277853678404,0.05932194031631919,-3.0497424938533317,0.7111407394862951,3927
3928,16,1.0,0.0,0,0,3927
0,0,0.0,0.0,0,0,3927
1,1,0.03592971772507658,0.035500105142358934,-1.026227451574058,2.069035435997516,3927
6,2,0.09810117430486409,0.05459725245926386,-0.8338609676381409,1.2008628150368927,3927
36,3,0.170162672694817,0.0576148164350314,-0.17013683349985986,1.9357615997758475,3927
74,4,0.20964949402959532,0.05915659109353646,-0.19477542657319788,1.965359045699352,3927
87,4,0.2202052980051763,0.05455058083107888,-0.07521837854130772,1.6386776471733318,3927
262,5,0.2993324196618211,0.05364434710851069,0.47865345247380325,0.5696935963778064,3927
509,6,0.3560410276679148,0.024711433678607654,2.2602053687742236,0.7559952604360685,3927
861,7,0.40549567428448174,0.04383042751615745,2.913876318279812,2.096913175016485,3927
1169,8,0.43891400566493854,0.03936065450902934,2.939479654899256,2.29953404124449,3927
2277,9,0.5187061027412058,0.025944208050598924,-2.298266318784003,2.358191284608821,3927
2449,9,0.5324100632248274,0.06649986550557435,0.7266989725951478,1.70146703680447,3927
2458,9,0.5333898903766118,0.09697366793906273,2.545744005152355,1.9234218659880735,3927
2986,10,0.5830951835798196,0.023329657280491106,0.30001336204802875,0.825539335175542,3927
3054,10,0.5915133266082457,0.02595250460438975,-0.0025408770156227474,2.236126450869315,3927
3117,10,0.5992754175471536,0.13434150083305316,2.3502327671651817,1.7178609752172924,3927
3130,10,0.6008219113379327,0.09716500314620598,0.3712709747944631,1.8231444791407636,3927
3306,10,0.6260630666509612,0.09676388755604426,-0.6142182017523532,1.5153252391922625,3927
3579,11,0.676033064199126,0.06858769398315728,-0.23593466181545178,1.5686496366380593,3927
3592,11,0.678592069875491,0.13286830423489188,2.2446134466216443,1.9201494396895176,3927
3699,12,0.7039462866978311,0.1399457861977277,2.3324546069863907,1.9952871665735104,3927
3774,12,0.7280757535636222,0.11015288792607116,-0.46073209435897194,1.3476244271147657,3927
3824,13,0.7581954463218145,0.13652894370697785,2.235789361586698,1.863163720072614,3927
3832,13,0.7629479943885974,0.10499128253394051,-0.2629842614627408,1.4813814169566824,3927
3883,14,0.8051438132586171,0.1403190401671703,-0.23142641678885048,1.6566399678021257,3927
3886,14,0.8069834701205033,0.1786498248977238,2.0881393282450214,1.8207910394966318,3927
3926,15,0.8939988728239779,0.10488002446618555,2.3259199167865376,1.7532973330478772,3927
3927,15,0.8951112821009942,0.09857847616090612,0.10444629401181696,1.7335399601492185,3927
3928,16,1.0,0.0,0,0,3927
0,0,0.0,0.0,0,0,3927
1,1,0.050443709084583954,0.03774746535643441,3.0138858840240563,0.19573184802133034,3927
5,2,0.08315452447782667,0.01702983936376598,1.8589417862065136,0.3887563226018767,3927
9,2,0.11610712475490537,0.02466586631303849,-1.5742800718323369,1.9119090460938635,3927
28,3,0.1658449208146684,0.0928515447463092,1.2276343733208506,0.8654125381599498,3927
34,3,0.1773111349076154,0.024292493958832914,0.06472584208586517,1.9893159142266903,3927
72,4,0.21635541637131472,0.08146947267766468,1.7137675070456373,1.1545669846318825,3927
91,4,0.22822141633760384,0.05016439650403708,-0.7150976912835735,0.9911582733806774,3927
110,5,0.24027500359844756,0.06502641009579563,1.718595038179978,1.0146264399299956,3927
195,5,0.28337386921368946,0.0608232436333581,-1.5901736799785517,1.5691507282595158,3927
395,6,0.33757005627814685,0.0898662935836918,-1.7050078971991176,1.8337025537384322,3927
528,6,0.3662258134464683,0.03662621886861487,-1.9968366666523854,1.7223990715122406,3927
665,6,0.3849944032249115,0.12989115171193766,3.066025990073025,1.8390076285584533,3927
660,7,0.38447441083591916,0.05152376959762046,-1.7536586000220893,1.7025443489475025,3927
1047,7,0.43105268040719424,0.10016844942961664,2.9779993050310636,2.0700439070009975,3927
859,8,0.40977988646659214,0.04713774748168269,-1.7121892641713334,1.3361903688008538,3927
1240,8,0.44726767605120443,0.059778290217608956,-2.1549863397387727,2.3353781288933972,3927
1255,8,0.4483985825025326,0.08523610899843964,-1.968739490833586,1.8318377481272619,3927
1514,8,0.4678726419735796,0.10858674765749511,-3.0293873067577874,2.084024934299056,3927
1369,9,0.45798858237148843,0.059997224644624404,-2.072159255227883,1.0862138619276516,3927
1969,9,0.49942498960622794,0.05956820329107731,-1.9665350155985242,2.389279578426596,3927
2044,9,0.5038030909206846,0.025337314353939225,0.7346128132057179,0.27297452709865333,3927
2345,9,0.5263656572104143,0.07561691059461184,2.9108012347081798,2.3787034427003055,3927
2666,9,0.552754141250149,0.1634063165338209,-1.8160416429267476,1.7636423903771274,3927
2591,10,0.546908228582278,0.10406519183072206,-1.211481364811566,0.6314426843343215,3927
2611,10,0.5482291540040041,0.02009124384102469,-2.0205363799611016,1.2201243765068603,3927
2712,10,0.556935365728925,0.10190915484570941,3.0651661567757515,2.271281390130571,3927
2725,10,0.5581012549890448,0.11985847760103277,-1.1004352863616975,0.6333743050265388,3927
2882,10,0.5733787236390668,0.0883745969328298,-2.482983596030914,2.138071982879379,3927
3222,10,0.6152656701327495,0.1425705009756238,-1.7508986559682111,1.6293057045566683,3927
3388,11,0.6397772821109456,0.13690907803619753,-1.640363922833843,1.6531985510194533,3927
3425,11,0.6446059264874399,0.09666267915880622,-2.204351909866494,2.770571162549726,3927
3436,11,0.6469634856332699,0.0549695963470244,-0.33356332832240354,1.1362817825302047,3927
3543,12,0.6663901027501127,0.1202820924561409,-1.7715047623662927,1.6483320442587157,3927
3642,12,0.6872434170363354,0.08174813312307379,-0.36050094503183605,1.2903639198430696,3927
3650,12,0.6888732192662761,0.0998344948896013,-1.478858200387819,2.6027836971984906,3927
3751,13,0.7233116912873946,0.08537114376092032,-1.662683676015262,2.9125097683659393,3927
3767,13,0.7278882694403345,0.11144501004644564,-1.637490668825112,1.4523530765517274,3927
3829,13,0.7565613217202609,0.06308888774233004,-0.36616839918010374,1.3342556560817012,3927
3883,14,0.8012324758296149,0.02699717425420599,-0.4060211442759695,1.0626111243093448,3927
3899,14,0.8272434065280837,0.04682524208842815,-0.6289157717959188,1.7349392011073774,3927
3925,15,0.8904814282172331,0.054964272711327075,-1.1657656437655588,2.7682455059341984,3927
3927,16,0.9286707196652574,0.05871095506784272,-1.0467335998727687,2.5973674483646496,3927
3928,17,1.0,0.0,0,0,3927
0,0,0.0,0.0,0,0,3927
1,1,0.062052098516511944,0.050969905321208514,1.4788916382506925,1.2899954661281487,3927
3,1,0.09846897922235809,0.07669276954312244,1.585241784642977,0.31698191126518893,3927
4,1,0.10000243750109716,0.06509969509565318,0.7598526802806999,1.1828074131153044,3927
7,2,0.13199432109217246,0.08080370418299732,1.3632183421146304,1.4815903105520811,3927
29,2,0.17903477760242814,0.10688277556415735,0.6341785518273108,0.9419048153204079,3927
40,3,0.1942642150697208,0.08080123511664619,0.5832709955092303,1.6035889929949534,3927
60,3,0.21892069173265027,0.10636797216918491,0.40891575064417357,1.0758387384820627,3927
112,4,0.2481491467043807,0.10086627068232072,0.3851507958030144,1.447172260216571,3927
149,4,0.2654852050972524,0.08535998123571928,0.14839174524070384,0.993645758858047,3927
280,5,0.31023427805789305,0.1013683252408139,0.4453734355837287,1.2716249802734145,3927
511,6,0.36210864967426126,0.09132528490374317,0.8298342908688277,0.9331259763715639,3927
1397,7,0.4604318394951381,0.12915396844205804,0.9237369806090272,0.2537454844861378,3927
2055,8,0.5098923144841537,0.15819670396843838,1.3911674155682283,0.47739447435907617,3927
2599,9,0.5522182349092959,0.14407249684540627,1.970018347717987,0.4595414469253337,3927
3080,10,0.6000071326778704,0.1713275060698869,1.7887535837396336,0.5406000556536632,3927
3518,11,0.6617579481061305,0.15705702520996967,2.247532279332594,0.6923749400640512,3927
3644,12,0.6875515266181659,0.14546260539812203,2.340950552196674,0.7478875547312722,3927
3839,13,0.7647205776758156,0.10352164174053295,2.268267290519964,0.693689120890136,3927
3896,13,0.8098451555443253,0.07278678125194926,3.1220745008407444,0.4530856705099505,3927
3914,14,0.8389544653917261,0.07732621270293971,2.3810481312377068,0.23594456505792052,3927
3921,15,0.8729560796122786,0.06919109804375108,1.3880840470939166,0.23910318883500964,3927
3927,16,0.9290146663450128,0.06845593295701032,2.9857974649344454,0.6664054309901587,3927
3928,17,1.0,0.0,0,0,3927
0,0,0.0,0.0,0,0,3927
1,1,0.09911710942088425,0.08960855753274725,-1.8122052524964825,1.1922108224983285,3927
11,2,0.13380229595868853,0.06550698271374852,-1.8923218613723043,1.4253028780615933,3927
48,3,0.20466912830542217,0.09976180025803019,-2.4379579886111196,1.7273817540690404,3927
115,4,0.2484949067857688,0.0734407036057842,-2.6543292179716373,1.8918305721039341,3927
174,4,0.2729428242421479,0.06880633775347217,-3.1130144624772047,1.7601232986452935,3927
241,5,0.2974288593555773,0.06886469247346887,-2.9129560513089023,1.6181472888872066,3927
602,6,0.37380303615332944,0.08467800732413602,2.6859077726468685,1.6905543997914705,3927
1097,7,0.43736616820620433,0.07073016381974741,-3.0428038705921225,1.4714849724467622,3927
2240,8,0.5214165246052466,0.10628364852988578,-2.2503796234646654,1.4127104724869295,3927
2838,9,0.569043165375942,0.13207935555894335,-2.350197653344846,1.2670619621271886,3927
3241,10,0.616012700913116,0.14927640057347638,-2.302316076466166,1.2582010760021256,3927
3333,10,0.63042102784415,0.1876311917285772,-2.4731119916468276,1.2801806656715873,3927
3687,11,0.6968563821314933,0.1282880953361853,-2.4941528788440506,1.5341527544496925,3927
3715,11,0.7037652301605646,0.18366981236316346,-2.533329348909428,1.1355212451974355,3927
3728,11,0.7063991819926769,0.12220414688764736,-2.632935578590945,1.0931360716516973,3927
3772,11,0.723893707824007,0.09411972741869178,-2.510405119758568,1.1148690943747446,3927
3847,12,0.7727175824222287,0.12038551445780536,-2.6052187007041554,1.139426455571531,3927
3853,12,0.7755970117239948,0.12407087608688531,-2.7327647204053687,0.9582480770752672,3927
3889,13,0.8102209257364342,0.10896592150108393,-2.5970363763300885,0.877287316795185,3927
3922,14,0.8754082007815213,0.05848135210281775,-3.001012876823599,0.9580869743862117,3927
3927,15,0.9660549958276068,0.030541658521405352,0.5230798893728781,1.0788050954309365,3927
3928,16,1.0,0.0,0,0,3927
0,0,0.0,0.0,0,0,3927
1,1,0.062261449731204954,0.05775043945847566,1.845749456929982,0.22986786418965746,3927
2,1,0.06316108613398075,0.04731782933064435,2.925645584640453,1.0914773602196652,3927
3,1,0.066632640615929,0.06538243822987662,1.067021513434828,1.132680806374299,3927
4,2,0.1036614307183703,0.02142606341295089,1.9209234672169715,1.2657733874345136,3927
7,2,0.14073271093259765,0.11654451466170228,0.8230557784125487,1.6987986747057056,3927
10,2,0.1516459680251223,0.09331139541996687,0.7746497534317222,0.8145535102076117,3927
13,2,0.15939551458544132,0.11619550591314942,-0.03483906356421895,0.6811921797483078,3927
39,2,0.1963326781849749,0.12871475508531027,0.2941138656411442,1.0900169646766082,3927
25,3,0.17578522049114342,0.048228500806208996,0.48053342146213246,1.9633271767398124,3927
30,3,0.18507917042701183,0.12961123962440302,1.0533767826451015,1.6605073338109322,3927
31,3,0.1858699257922336,0.056740427927349554,0.5042139405053808,1.642435067143422,3927
72,3,0.22635733622053122,0.1330365264331902,0.21039616465738772,0.9350748015086657,3927
92,4,0.23615715059306852,0.062273379550490233,0.8047357742482044,1.7804308522476917,3927
100,4,0.24280514718744817,0.10090424130774435,0.7816830601600568,1.609533798854333,3927
139,4,0.2619515794548123,0.12037580657069125,0.2654210105500082,1.1780568963391027,3927
210,5,0.2913155053576202,0.14382396627089974,0.30386236403169453,1.1604519823888606,3927
249,5,0.3037855801858679,0.11625304334554827,0.9093241503078553,1.3810265897477267,3927
384,5,0.3390948903028893,0.1956222105004479,0.1850270788509747,1.258625273269627,3927
485,6,0.35953065368809356,0.12255212048698973,0.6199652930462101,1.2179779988352115,3927
496,6,0.3617609467050258,0.21477672121674252,0.2144339034356552,1.270183926237543,3927
664,6,0.3887643063554942,0.21703100073843004,0.2691145108301838,1.4106781589907504,3927
719,7,0.39520871908592947,0.2338638917896086,0.15576123513355333,1.346692242492373,3927
1001,7,0.42436880694741186,0.19827861084398066,0.2514801987371183,1.4165746068298695,3927
1055,7,0.4289438296329353,0.09932774537349401,0.14866982071756085,0.7948719952745281,3927
1369,7,0.45683605076401546,0.1585854856044066,-0.083655996454214,1.1832519146703917,3927
1667,7,0.4804557639745113,0.21630505320546775,-0.28942695051611045,1.380218678829338,3927
1687,8,0.4816835203522457,0.07134147371084269,-0.25281086469742037,1.1678236562661826,3927
2661,8,0.5537465113777937,0.1735549061628447,-0.06966248493383823,1.4166633377845321,3927
2282,9,0.5229695456876046,0.0463304427861896,-0.28191996679842923,1.532682465928824,3927
2781,9,0.5639523035386568,0.13779368800342945,-0.31395427341911303,1.3287429778522917,3927
3096,9,0.600400380085119,0.15762703045983745,-0.28308257859492225,1.5421424076343484,3927
2921,10,0.5784188817428235,0.055990775439711184,-0.9578765296604529,0.9428516266680005,3927
3288,10,0.6251932895083333,0.17598404766883338,-0.260744841781998,1.5791468375493944,3927
3309,11,0.6281583331441783,0.07881470134794515,-1.4839080244660727,0.37759606307714144,3927
3606,11,0.6858601281774519,0.17366830096685812,-0.17263079148693106,1.8413693117962893,3927
3702,12,0.7127261697375472,0.10602371114343324,-0.8741330742262898,0.9202129637414717,3927
3713,12,0.7156087686526172,0.0888623306104307,0.6984702849042042,0.648700877294306,3927
3716,12,0.7160504434208192,0.13369670417904028,-1.2598146624743916,0.8178093985841647,3927
3767,12,0.7393412475370623,0.07675186195878109,-1.6064492642152668,1.141222080713581,3927
3842,12,0.7712009654094905,0.14743131621970054,-0.35072678685871767,1.7726055505552918,3927
3788,13,0.7458730763285139,0.0814072564044486,-0.6926045579268529,1.0696173389266581,3927
3818,13,0.7563462532076893,0.12298130768336134,-1.6615295122050258,0.7014998113936187,3927
3838,13,0.7682768790071158,0.05965539224334888,-1.9632924367054585,0.991500081510079,3927
3850,13,0.775673413677409,0.09632392118501859,-0.3278661599493833,0.62080006811485,3927
3867,13,0.7950163817034254,0.13070029950487203,-0.34460115320235424,1.7557577007690295,3927
3868,13,0.7960992445139512,0.10430399412766231,-0.09040061840178953,1.1347980215390399,3927
3881,14,0.8116304831458032,0.1170804127941994,-2.0092081865077933,0.6880574737015154,3927
3889,14,0.8204007624821414,0.0413036714067168,0.1807970280993725,1.8227550957088627,3927
3892,14,0.8229026551827952,0.09282511264267526,-0.6875053737453575,0.640263210445341,3927
3896,14,0.8349735041800174,0.09398916680363446,0.46569833575950365,0.9892221022919095,3927
3899,14,0.8427159084975497,0.11406040670315917,-0.20079131610289258,1.499582477953046,3927
3902,14,0.847281722890293,0.05741169702082248,-1.0529837986276405,0.4600387623481098,3927
3906,14,0.8511595354718702,0.0906962134816264,-1.2113641991544908,0.8574456913264143,3927
3907,14,0.8532917000984597,0.10426424442007684,-1.2467483758632996,0.48341907221626756,3927
3908,14,0.8547040040257812,0.06743070931146854,2.4316284261221375,0.7376257395007574,3927
3916,14,0.8845724201292551,0.0456336164216212,1.9649998041895909,0.9265430858883916,3927
3909,15,0.8578358350236379,0.11446998000972514,-2.4381786166348958,0.8386284280665197,3927
3914,15,0.8806657150271039,0.062408438254969695,0.19627288191728504,2.60575803373116,3927
3917,15,0.8882451500441482,0.10412858963501997,-0.22951726752389334,1.7329367884663374,3927
3918,15,0.8943664514860413,0.08346546296334384,3.0365700804080964,0.3046782908224762,3927
3919,15,0.8952781279360591,0.09622924919214791,2.885966926709425,0.5785776316298424,3927
3920,15,0.8960336395691616,0.10339647899930862,0.7922849353821289,0.9884055305157857,3927
3921,15,0.8964092142363981,0.09763301373836615,-0.6717246327816573,0.9056810703665911,3927
3923,15,0.9066152799486266,0.08358815624893579,-1.644612033761487,0.703468617395532,3927
3924,15,0.9093921839093689,0.014473460249725867,0.8628596698353621,0.9789789762843921,3927
3925,15,0.9174688002829863,0.07482049140507328,-1.8841587275699523,0.433885768509273,3927
3926,15,0.9195442466586206,0.034384323536467816,-3.0467991493818287,2.4356394143763818,3927
3927,15,0.9231978749690829,0.04038658827276019,2.845588058118905,0.5474318543538893,3927
3928,16,1.0,0.0,0,0,3927
0,0,0.0,0.0,0,0,3927
1,1,0.02360427460772463,0.01580060004420154,-2.9009447191246176,1.7539917703803805,3927
4,2,0.10134259292099124,0.03175496387761757,-1.9741416960332379,2.3179118586331278,3927
6,2,0.10540670635482985,0.0663959004617604,2.350157462877157,1.1454199401740621,3927
7,2,0.1065801008532159,0.06308864709786444,-2.8874888517590795,1.9746405619735956,3927
23,3,0.14831757662426248,0.08196170174017126,-2.995721669400287,1.5403732462505042,3927
29,3,0.15756850558287983,0.0635269363854136,1.9524388193823468,1.5593120555644358,3927
30,3,0.15880947202293372,0.06951182654725692,-3.140476564664982,2.5298859855421627,3927
47,4,0.18247604048214416,0.08301430843313207,-2.7038400769107027,2.5605344405318915,3927
50,4,0.18806694120366962,0.07141285674898425,2.2540329339143823,1.3974076632293047,3927
79,4,0.21087223879802353,0.05501717115164737,-2.918706047038924,1.106199259622079,3927
113,4,0.23918441063937224,0.11358693668055914,3.106518328850837,1.7046099704393185,3927
139,5,0.25555259737620717,0.06983175692447402,-3.0076935160252907,1.930285541367733,3927
141,5,0.25656317341234935,0.06700414793028088,2.702585348471646,1.4441942927236862,3927
228,5,0.28675915613702607,0.13195651711640666,-3.0205120114063395,1.7886964482656236,3927
418,6,0.33876401955147295,0.1092642352241897,3.083781583134601,1.958623727659574,3927
1016,7,0.4230563629433154,0.10998144249024434,-2.355522450547673,2.003001952700769,3927
1512,8,0.4663183799989037,0.1184879464283421,-2.3081807692047884,2.267095093323811,3927
2198,9,0.5139490792804059,0.11861303914657022,-2.0888374768806033,2.0024478623501274,3927
2635,10,0.5499539892244988,0.09656393277514985,-2.1696590846910837,1.9179375618152035,3927
3078,11,0.5904596413842217,0.13454099949823778,-2.1185654039128243,1.811740577942814,3927
3427,12,0.6408745123002332,0.13864550912694557,-2.0529816180821463,1.9485825562156054,3927
3511,12,0.6593003214383921,0.11574984885772092,-1.9769851025090346,2.2844428111112998,3927
3616,12,0.6819747882796623,0.0898143465074497,-2.4810186846015108,2.1193651603903394,3927
3672,13,0.6986771478168681,0.14923456383097777,-2.055912790956521,1.576560527847433,3927
3745,13,0.7246631462245505,0.11691999393476815,-2.214242559826146,2.0730183159144233,3927
3775,13,0.7338657540426805,0.08283980458179861,-2.0363898403202487,2.690371049540261,3927
3794,13,0.7423536261821702,0.04706743605882896,-2.1040192642075777,1.4509739511885509,3927
3833,14,0.761153141548035,0.067104839847129,-2.3436243661508303,2.635965939681917,3927
3862,14,0.7834278821679587,0.1255593463629459,-1.9355574648896794,2.1056057383493325,3927
3869,14,0.7908492619741402,0.06430023523756619,-2.743208677824204,1.51782271387719,3927
3907,15,0.8398750185621299,0.13623809055129432,-2.1381191697687703,1.7464443092066049,3927
3912,15,0.8508803757589064,0.07144858743498347,1.98677628594824,2.8040014882048423,3927
3917,15,0.8757544947344124,0.08540427783901378,-2.080582743558824,1.9921809718312378,3927
3920,16,0.8920229865970865,0.057967475991835334,2.2353810271112584,2.343622266423968,3927
3922,16,0.8958372232195744,0.04156193594290734,1.553003062256315,2.5806363954093756,3927
3925,16,0.9028542540483959,0.06022988244117216,-1.4715431275488797,2.6901479219411955,3927
3926,16,0.9111283457394964,0.04776997588346887,2.7273115521120768,2.7588446591582008,3927
3927,16,0.9181236558592694,0.0632810223545371,-2.1041802857905685,1.7579355617944998,3927
3928,17,1.0,0.0,0,0,3927
0,0,0.0,0.0,0,0,3927
6,1,0.10898456761660757,0.09982288978048674,-0.4329943874864625,1.2241653069490916,3927
20,2,0.15837730522133053,0.12718193531465563,-0.7617026182194859,1.23440637168873,3927
78,3,0.2213575402757233,0.11966428419248798,-0.5890274863032646,1.6802992647573634,3927
138,4,0.25852604854954064,0.12645069578231102,-0.3733765671506852,1.5314661504285483,3927
282,5,0.3059624428473413,0.10548879234279485,-0.033035566645163716,1.4947266266391332,3927
504,6,0.35716114037765656,0.14231943816950743,0.11254041795218973,1.7308197111328822,3927
789,7,0.4007180138326266,0.14067105160007704,-0.11830223376713725,1.760884769190699,3927
941,7,0.42017855875436216,0.11397655172970779,-0.10439048456899001,1.8753787305429657,3927
1426,8,0.46318627193806716,0.11220792073249572,0.03405955859957536,1.9938193954989567,3927
2237,9,0.517497426992252,0.11733053307738198,0.2879663092498624,1.6063696447063855,3927
2838,10,0.5692539645326763,0.07571657508972583,0.3940539429472055,1.761603282968957,3927
3160,11,0.6093165523444792,0.07249698415657735,0.20863101165430623,1.7342710567153397,3927
3528,12,0.6691583765944308,0.11166859777944856,0.526823162111795,1.5805928592615694,3927
3716,13,0.7236075030858732,0.08432888984301967,0.9178628755996919,1.6194026539947715,3927
3802,14,0.7588316478320417,0.0654780702655653,1.2225346001896342,1.6813680291711621,3927
3887,15,0.8339210177449387,0.03760481694215339,-0.33173428818387735,2.0962095626177404,3927
3919,16,0.8758791128362997,0.02581622654592226,-1.7978411028021648,2.7235722038813757,3927
3927,17,0.9479446574779133,0.040123275059130215,-2.4019256741442385,1.048721455305342,3927
3928,18,1.0,0.0,0,0,3927
0,0,0.0,0.0,0,0,3927
4,1,0.11222214500047889,0.09290434449699696,-1.6546081297736008,1.4527369019956047,3927
8,1,0.12612618678514997,0.0994729849534514,2.536373319051926,0.6611177082621423,3927
18,2,0.15133431523064267,0.08561459844962935,2.744680922124091,0.6873262021109273,3927
29,2,0.166757257686187,0.0441811730549085,-1.6134998696553902,1.5577116212165707,3927
87,3,0.21628504433925277,0.08596521900077192,-2.528750756820307,0.5765523004762583,3927
112,3,0.22784487752173455,0.067638438806764,-1.9642546517506614,0.6285301313661222,3927
166,4,0.2533238816042932,0.05669430523329999,-1.995255392517147,0.5066950344893572,3927
375,5,0.326984039797255,0.03670745165939525,2.145968740088276,1.478333931631545,3927
434,5,0.3404546358380358,0.13152070649788675,-1.8464100034034971,0.6166575544808993,3927
802,6,0.3943833472063144,0.14371133638513495,-1.2686636407937677,0.6324957223624125,3927
857,6,0.4018502161331553,0.07704515686605717,1.6679342154303738,1.6065804097014609,3927
1108,7,0.43001892826753707,0.14151613634370908,-1.1939801897691664,0.7395974400906088,3927
1573,7,0.4704090299443724,0.10056803058070898,1.6033691889262802,1.0260520452176964,3927
1617,8,0.47445319379099404,0.15274492665569064,-1.168502187706386,1.015663999951556,3927
2606,8,0.5480537312237882,0.1319220613072066,1.4976918361014555,0.6771517001082614,3927
2376,9,0.5295972175963937,0.20594654245752392,-1.2539749872517039,1.049473867709376,3927
2910,9,0.5779804666662902,0.12367219284120076,1.6504513008463613,0.5843083809580312,3927
2968,10,0.5830970267442576,0.2195078697119717,-1.5004532567584392,1.0996875235915022,3927
3344,10,0.6328392568013107,0.1229456885467191,2.352991398991146,0.6692661802483176,3927
3585,11,0.6800616634365296,0.21070018284463773,-1.8695560302766976,1.3031400404722904,3927
3712,11,0.716050615597568,0.11408122067676613,2.131411460366454,1.3563903173625036,3927
3703,12,0.712056602730156,0.20357055788429765,-1.98123005437259,1.352149814146328,3927
3813,12,0.7560793121304777,0.07884072590170749,2.038487525991881,1.3602234000314772,3927
3864,13,0.777540576909857,0.18924507604191954,-2.227655909258651,1.5275722268671206,3927
3871,13,0.7886392413901152,0.06576231923475749,1.956493033967226,1.2352946056853096,3927
3908,13,0.8340893737929613,0.058813729652948586,2.427725128946365,2.2720655038086512,3927
3902,14,0.8291744608897945,0.1515131959745847,-2.0700676625793837,1.6282140336524245,3927
3920,14,0.867612491220598,0.11390867889169062,2.313619848887331,1.6632283442046618,3927
3922,14,0.8718639931769172,0.09110598662509205,1.746458892149157,0.8150527006152615,3927
3925,14,0.8984462009072661,0.05412876060362221,-2.845825251289291,1.4153221737502315,3927
3926,14,0.9011590298729968,0.031245308103103355,3.140902000857415,1.7156900280726612,3927
3927,14,0.9053699201233708,0.0566468114091983,2.188958587473254,1.9462951561774298,3927
3928,15,1.0,0.0,0,0,3927
0,0,0.0,0.0,0,0,3927
1,1,0.062477450353005115,0.024844716801032427,1.5873420347826193,1.493936861263009,3927
11,2,0.11981657835317294,0.0642203603244538,2.100042675363511,1.0344988486216162,3927
44,3,0.19106434351645596,0.07581616351047157,2.3759715597754103,1.545847147885575,3927
95,4,0.2320314726232955,0.07354726030271803,2.805926191608235,1.3845190251489605,3927
214,5,0.28281703897475974,0.08231477521530803,2.6380863395289684,1.0606797781668489,3927
365,6,0.325873644528489,0.07935857493619132,2.4557756596205693,1.5405394436459585,3927
716,7,0.3881717749315856,0.0783520083535969,1.8370170607410312,1.3820194744449976,3927
1745,8,0.486828156996147,0.1447322054775089,1.8918403472762415,1.4798212553474257,3927
1872,8,0.49643106687656813,0.1529272053501859,1.9852719269493333,1.3899133511565982,3927
2679,9,0.557550031286679,0.15137723622463217,2.3390293807299347,1.3659802126794665,3927
3050,10,0.5951329062575258,0.18264100573849948,2.3506449992675646,1.343132648725873,3927
3373,11,0.6362598652329675,0.1584865758612752,2.2967465318391524,1.3446880295892638,3927
3688,12,0.703182083864463,0.12015992177648069,2.3822664007136862,1.206558409074813,3927
3830,13,0.7602696940047445,0.09042776310121847,2.3170938869161777,1.4175495237127538,3927
3864,14,0.7900710342666484,0.09244163194569022,2.0965592255700094,1.2181039831221276,3927
3905,14,0.83695420498359,0.07818529568798845,2.1575421135414476,2.0920367752128204,3927
3922,15,0.8920577921510433,0.08999128179415242,2.530811923532783,2.215500649601819,3927
3925,16,0.9107260383224383,0.08802848283420224,2.454725063680697,2.218509279376671,3927
3928,17,1.0,0.0,0,0,3927
0,0,0.0,0.0,0,0,3927
1,1,0.026879946158937962,0.018452902070035044,-1.7262634330788995,1.8195543483005157,3927
3,2,0.09880128268886823,0.07956370695295992,-1.6442327983989145,2.122768739745363,3927
4,2,0.10092304366779714,0.08253858457597299,-1.487200954829226,2.645205398599048,3927
6,2,0.10540447624225602,0.06066381238615801,0.57975768922684,2.919435939123525,3927
17,3,0.15087782645068348,0.0691411651919137,-0.16539427584420896,2.4547159332491977,3927
23,3,0.1598667939982844,0.07543006778422504,-1.3737663687937773,1.4600590933740447,3927
28,3,0.16431616605662358,0.11833779290348465,-0.850705534465798,2.909001161458088,3927
97,4,0.23687929266571683,0.17080716218399186,-1.005662487123773,2.8147798365681336,3927
100,4,0.23857058546733734,0.10170768827699317,-0.7383376580538605,1.9958070531987302,3927
157,5,0.26714830004277745,0.1662671163318729,-1.0323876656521973,2.7691290215386535,3927
234,5,0.2962043047169187,0.1520064601952552,-0.6120655826349692,1.8440078950093763,3927
390,6,0.3338457047770296,0.138989088709917,-0.6778221932697872,1.8058388372366767,3927
456,6,0.3468729613913307,0.20228390194787663,-0.17943336211978894,2.6496480329842127,3927
845,7,0.4050222615299339,0.16971990553279967,0.12558068278913398,2.6365625403732764,3927
875,7,0.4088191578295589,0.20758634895941094,-0.5332822633781215,2.4641119855086937,3927
922,7,0.41341533949727327,0.16151151110009274,-0.5127941349467721,2.11851987686078,3927
1185,7,0.4435185094547699,0.265717929545427,0.2938908973728408,2.6200178657176627,3927
1379,8,0.4612102783711891,0.14661007996420733,-0.3444072266505407,2.0120156462836154,3927
1656,8,0.48358145717359124,0.27319601807090965,0.5366714988361643,2.594357237227007,3927
1666,8,0.48442325235909867,0.1385673824774958,-0.0979661561633242,1.989417871507254,3927
1702,8,0.4868311681383535,0.16546604566184447,0.32163551894798326,2.9658532206510513,3927
1779,8,0.4915508401999489,0.21930240558910072,0.04296208427022009,2.5571442579558634,3927
2048,9,0.5080028108613884,0.28110245571294107,0.4017861420157853,2.5979700773273877,3927
2208,9,0.5203717633412845,0.13536602368739598,0.012793083783041158,1.8099321472998944,3927
2249,9,0.5237837651735813,0.13637919294030298,1.0453707324669115,2.920466991631104,3927
2524,9,0.5454269565607305,0.23451151831752626,0.2935850697736852,2.393133962447235,3927
2699,10,0.5592954353024988,0.13135073128276775,1.4705532854547143,2.886436134259413,3927
2840,10,0.5720208937800539,0.1599483828380525,1.8778565144458401,2.769913117523833,3927
3032,10,0.5907622790335701,0.21158755789186487,0.5219703466529926,2.4590641020982384,3927
3185,10,0.6090156505364617,0.1241877459910961,0.20606447542159112,1.9490938178244164,3927
3186,11,0.6093168906428694,0.1488145234143678,2.2284336579188326,2.6526302174499143,3927
3241,11,0.6177280077298438,0.1972504851570135,0.5387511412240705,2.5328237061861336,3927
3352,11,0.6366619201586603,0.1032767160588448,0.1655166804270826,1.9152224012340413,3927
3452,11,0.6552960647690558,0.14449029190215237,-1.4060868302830423,2.9368146465977145,3927
3466,11,0.6576365609867064,0.1293519102315174,-2.409332572183793,2.656930432029455,3927
3468,11,0.6579064106094011,0.13851348695598392,-0.2053242750433455,2.788819110037784,3927
3363,12,0.6383495906125402,0.18340069338159717,0.44790850362383755,2.5564928202099773,3927
3635,12,0.6989381499464647,0.09048246115104831,1.4826373042914311,2.939789246415423,3927
3643,12,0.7002544543767425,0.11648691568933574,-1.914430070032228,2.7773669059578094,3927
3647,12,0.7007795242734358,0.08214380489554311,0.6003291520169057,2.0217518097219744,3927
3677,12,0.709018643522088,0.07267223460940228,0.399901106302222,1.2655927469339616,3927
3706,12,0.7160088635950247,0.13601736667991104,-1.1524587207450732,2.771885397368545,3927
3811,13,0.7558097098304138,0.10948094759014391,-0.2677440940388095,2.9086244830352643,3927
3817,13,0.7572762801004118,0.09788141554812695,3.014725514297035,2.824065191294302,3927
3819,13,0.7577800556065984,0.17260627398644965,0.34467410955840305,1.9524404528688317,3927
3837,13,0.770375613151804,0.10148770342750679,0.29940495781538196,1.714200793017948,3927
3859,13,0.7863828775759676,0.08797195201230334,0.4393995754984422,1.662391745916556,3927
3879,13,0.8014227316820131,0.10286733875664188,-1.8634676386485112,2.317297996060997,3927
3895,14,0.8225859626503021,0.10420652222828843,-1.8869623445078323,2.621970082270122,3927
3900,14,0.8334237192284127,0.09564774024379687,0.09666620356533867,1.486593362862556,3927
3904,14,0.8369954357658411,0.11575556312920568,-2.196372784041845,2.3944989189931283,3927
3908,14,0.8413094080483291,0.13948157386645776,0.17094532220588438,1.5907790353195823,3927
3920,15,0.8985760999118609,0.07978685685077337,-2.0654365667844483,1.9444117663640303,3927
3921,15,0.8998516514767896,0.08456812541395889,0.373627905101517,2.085816526408989,3927
3924,15,0.9137908131537079,0.05685131670054911,-2.3577538153804176,2.370553823328755,3927
3926,15,0.9325010953713675,0.038825969634561044,0.3264593568076409,2.169157376504687,3927
3927,15,0.9400495550084348,0.05419783552895761,0.09986523918336919,1.666714228488857,3927
3928,16,1.0,0.0,0,0,3927
0,0,0.0,0.0,0,0,3927
2,1,0.1083079220583415,0.07921271956821783,-2.6249720324423724,1.8267137861220315,3927
4,1,0.11610256130906726,0.10958538125390566,-1.944601463197153,2.540900025606401,3927
16,2,0.1577996097327613,0.08038725765831145,-2.6999085754239442,2.010329602604108,3927
18,2,0.159381745683986,0.0946681272088337,-2.9708726312795455,2.271641801837413,3927
20,2,0.16293763072249456,0.09217179690074409,-1.400885486053255,2.3446567688538553,3927
45,3,0.19375499991197298,0.10203795953501206,-2.774535320392259,2.4559825986863904,3927
49,3,0.1988006384955443,0.08378235463850112,-2.741591018768332,2.674384292266206,3927
66,3,0.2176042913500562,0.09197155192600205,-1.5597977503046232,2.4853742519414412,3927
88,3,0.23102992428223834,0.059539375285130154,-2.850830712155392,1.3815142019493514,3927
281,4,0.3066181425271568,0.0564002361511836,-2.4836017118685527,2.7394568373407,3927
338,5,0.3222059058278819,0.06413328603273487,-2.7849029374126393,2.721092339307048,3927
498,6,0.35854707502389893,0.08405732053608862,-2.96771630792018,2.3539987805563483,3927
1089,7,0.431281467387331,0.040346791254672304,2.394304555138818,2.2676846088312805,3927
1163,7,0.4371311526960593,0.11024056962962867,3.0512628216371933,1.623016060639645,3927
1191,7,0.4395655725284626,0.04658819732061487,-2.6150851955040215,2.214813192810996,3927
1251,7,0.4444430881010413,0.10582521008032018,2.759211507163728,2.43202157961779,3927
1386,7,0.455598788629079,0.06278820264224078,1.9143586620940045,1.634438920407132,3927
1616,8,0.47439287696889665,0.08662906440625921,2.787498199568336,1.7210281515923942,3927
1638,8,0.4757910569064109,0.07139854047739977,1.7252450166181104,1.4859256841253436,3927
2164,8,0.5136552911788422,0.04416736878873897,-2.8466609628896906,2.450869561091244,3927
2452,8,0.5338337904994545,0.0728787442175122,0.7358653534744274,1.9359147783937043,3927
2532,9,0.5396118912340642,0.07832805993894733,-3.138248526554992,1.8716511113760586,3927
2608,9,0.5465670143016138,0.10089400308234699,2.9235292933320913,1.2289202726435549,3927
2690,9,0.5530054174327732,0.062036882689709624,2.418495742143735,2.3547220251905725,3927
2707,9,0.5546269762215361,0.07740106936291277,2.19534343675123,2.3024309158814105,3927
2826,9,0.5665912873927745,0.08711554841427112,0.632463069139684,1.254020059916757,3927
2901,9,0.5737029388158209,0.0719446309805497,1.054458559835233,0.9236271004599445,3927
2935,9,0.576646284251794,0.05687677720632282,0.4394482800572133,2.403791412971123,3927
2910,10,0.5741919940218179,0.07550464589956268,-3.105493124033499,1.7858182205015145,3927
3160,10,0.6033934612253319,0.03555696782282888,2.388107597306867,2.8722700717440817,3927
3214,10,0.6110902368243297,0.1090256261553293,2.7780281151836195,0.6555067946989317,3927
3306,10,0.6238534240000949,0.09745135016119687,0.7442741522021735,1.0232067187095424,3927
3477,10,0.651858087192749,0.11696948789067192,1.1813884523252975,1.9928894168457574,3927
3493,10,0.6550947562714112,0.1334110960303227,0.5648242080925668,1.5452745989157526,3927
3521,10,0.6614281265947888,0.1323273296270821,0.9409953962927988,2.2075619757101146,3927
3425,11,0.6440239667755987,0.04784103270854588,2.7738722920934027,1.4866071988063676,3927
3492,11,0.6548748579683822,0.03927487722883109,-0.9828958271554569,2.8352420732928425,3927
3529,11,0.6634277247450187,0.11595067182936822,0.9224171632506148,1.2963100284498852,3927
3547,11,0.6664974445954749,0.13328632172686938,3.0930354204482877,1.1090906916766037,3927
3579,11,0.6720611331917162,0.10051624257250244,0.8922676797312045,0.7840811030238788,3927
3618,11,0.6810203076616022,0.11035740386638758,-2.994011568140954,0.9774639673352521,3927
3694,11,0.7027629278111612,0.11924407980478163,0.25819490158879754,1.7166419637813009,3927
3725,11,0.7128180310390261,0.15524140774002693,1.0782394328062777,2.116960049106658,3927
3715,12,0.7087677459873684,0.13092927662598458,1.006120741843828,1.3059807358141313,3927
3752,12,0.7247162947117733,0.10378098976017772,1.2261187649170682,1.282216696955699,3927
3788,12,0.7368213316466283,0.12034904235975981,-3.0250737753548624,1.3299615839803334,3927
3792,12,0.7375778867862993,0.1016359512244487,0.04791410770079211,1.807251031986023,3927
3809,12,0.7455598918777736,0.06706710132225958,0.34077250484488686,0.7349893379709986,3927
3847,12,0.7695715361259308,0.12393953931361708,1.1933692915193104,2.496182663254195,3927
3850,12,0.7704258453012472,0.14394702563326459,1.2122872045257653,1.9075799850624098,3927
3825,13,0.7531577791747035,0.12342092747961775,-2.940189463929001,1.2421769725790606,3927
3848,13,0.7701336908369442,0.11679887804825222,-2.811415570059037,1.5088972547147288,3927
3887,13,0.8047777125932514,0.09489600163216173,0.9169860666198334,1.0985769673448333,3927
3909,13,0.8405294778219635,0.09760335629648809,1.1696044130279346,1.9321865933959517,3927
3888,14,0.8052723553367906,0.11494052019566567,-2.679944553762349,0.996494050076337,3927
3895,14,0.8182675942606268,0.08279314477688667,-2.9316803813471246,1.6265315283067958,3927
3910,14,0.846398832703668,0.0512562155862374,-2.3698135767037734,1.4017561737059412,3927
3925,14,0.8976326867875589,0.04618139546474923,1.0134175568558161,2.1714816253593585,3927
3919,15,0.8780294934317128,0.0858219076554462,-2.7533671974716576,1.3457723354157345,3927
3922,15,0.88837882498146,0.054731652773410966,2.883279878764922,1.214626677543615,3927
3926,15,0.9194800540499249,0.026280108096876705,2.817683086965932,0.4776084054420616,3927
3927,15,0.9357663847854318,0.03839312127932183,1.9996052879201986,2.8929081262238023,3927
3928,16,1.0,0.0,0,0,3927
0,0,0.0,0.0,0,0,3927
1,1,0.07459558706902158,0.05838498567904153,2.3110873918205437,1.50464824942534,3927
2,1,0.1001849363941828,0.07463624381731238,2.4152031197168213,2.608562080118528,3927
3,1,0.10948867670846929,0.07908843416579368,-2.04217256130041,0.9808603901575684,3927
4,1,0.11365629654999343,0.07542983981297856,-2.7559981883647278,2.1546421248092615,3927
5,1,0.12400927371321246,0.10467728063924331,2.7224592434177524,2.4784486129237346,3927
15,1,0.1483350427291117,0.1412051360942681,-1.4346274248601363,2.555246866993807,3927
18,1,0.15365145567011484,0.07594236353850746,-1.804786277769074,1.8210909416212662,3927
12,2,0.14055031316748434,0.020084158304839245,1.8666971412231865,2.2732910252677723,3927
14,2,0.14273840052052822,0.09733976284132333,2.4993820970572544,1.6849004505650584,3927
33,2,0.18622662983654192,0.06429835501378697,-2.153715112520458,1.7555366845660068,3927
41,2,0.1938411252071952,0.06152033276394876,-2.4521980831615013,2.4092320076124945,3927
46,2,0.20038880743358767,0.1054861754608502,-1.1893643718347184,2.2987405055567387,3927
83,2,0.2285438791281662,0.16879901506931472,-2.351954968445803,1.915812157495483,3927
51,3,0.20481936202477102,0.04571183641630826,-0.3971305724528767,1.7223786352526766,3927
53,3,0.20704339563493435,0.027657272054219084,1.927457790612999,1.6738502077707782,3927
60,3,0.2122917545643238,0.03481577505699427,-0.17445316177427506,0.36367288860589114,3927
69,3,0.2174185875062068,0.08356166955268071,1.9944424479737906,1.694210748731572,3927
126,3,0.25762956972206996,0.0728241007955086,-1.4025568179803765,2.0198181491574805,3927
193,3,0.28263633190344883,0.18131612042548562,-2.0616729342320137,1.9226528796639977,3927
121,4,0.255063509852295,0.07100238398086234,2.0900556702965396,1.8141987236964372,3927
138,4,0.2633792517297059,0.060748307503491514,1.725968683203187,2.434806933841901,3927
200,4,0.2853305815207048,0.051756683852557626,-0.9400194339678614,1.6137112693740319,3927
267,4,0.30455666777530055,0.0440391211887938,-1.2881222816086317,1.9452598479607819,3927
335,4,0.3207710124149997,0.053182752563445554,-1.5912550469162432,2.3916953178587033,3927
347,4,0.32267384166586777,0.18174852804712952,-2.0451723695804502,2.1111645176986147,3927
319,5,0.3176184629779819,0.07903444646726714,1.5267501469915414,1.7459778580798968,3927
332,5,0.32040204684766693,0.11965438079831392,2.1393595228855586,1.5143572070468005,3927
476,5,0.34662085462343395,0.0940805954173411,1.559509398120345,2.1187245246610593,3927
523,5,0.35659027136761134,0.20137766002612695,-1.9292907218604864,2.1317653003903207,3927
549,5,0.36141708579521614,0.07708968382855198,0.619994108523104,2.0574413758072545,3927
581,5,0.3673503780452071,0.055677840098345935,-2.6643664458123126,2.6320955584672245,3927
622,6,0.37436911646619553,0.11732343699738117,2.3231494203700955,1.7081061411271274,3927
769,6,0.3935577783000145,0.20339133102016324,-2.030995166077617,2.175971638186259,3927
806,6,0.3982004349728939,0.15046998260445912,2.5129839381569603,1.898155205175986,3927
820,6,0.4001942919420326,0.09340976719384537,0.2553156866197606,1.9270683998620783,3927
885,6,0.4088220753327191,0.13467046430127386,1.3644768838227872,2.1331148034825853,3927
960,6,0.4169462586397503,0.0783640634224637,3.080631495462092,2.9206488151496335,3927
1044,6,0.42460940551750304,0.042163979062665134,-0.1070522176144728,2.120905327265949,3927
1096,6,0.4302282376807063,0.19742246397704624,2.0779723205973104,1.633258342928206,3927
1319,7,0.45121895844597104,0.1968408330882626,-2.2480039266267493,2.0396417175423074,3927
1336,7,0.45278211583978767,0.1141791938392542,2.540372599790377,1.9183037571626316,3927
1439,7,0.4598243978035218,0.13304536193073607,1.6611013923360365,2.1742070489135625,3927
1487,7,0.46349552804006056,0.06828439279482047,-1.407263652334906,2.9340451543474444,3927
1531,7,0.4671284431302323,0.06903155661665966,-0.5444909461501707,2.0347661986851713,3927
1540,7,0.4679093198923773,0.15505075267621668,-1.8264697212075043,2.449609088656514,3927
1585,7,0.47099621508801315,0.1546918485700324,1.0551333944286179,1.8938572890589875,3927
1835,7,0.4907137543248957,0.1680191673974933,1.3301089950958758,2.039141477997422,3927
1858,7,0.4919965123195259,0.18048057390859326,1.8348295925809548,1.6464369998698325,3927
1942,7,0.4974777710863628,0.14854747918685157,-0.3242586308280846,2.30083373563437,3927
2039,7,0.5045570473855401,0.167278595337652,1.7844387259606072,1.6144309178879683,3927
2024,8,0.5031788190879871,0.24455408909330406,-2.305628353511269,2.0518382441737786,3927
2168,8,0.5138243265249977,0.0663460225179068,-0.9257085858551221,2.390521420355421,3927
2217,8,0.5170161658478367,0.2472171086637506,-2.170127631762789,1.99559131896469,3927
2246,8,0.5188598280482866,0.11851079144460429,2.5554792226393532,2.364582932871467,3927
2274,8,0.5209773741440661,0.07045652715731095,2.1600363223313,2.3411025576344744,3927
2596,8,0.5472224682427184,0.12901127230806717,-0.6158539527053746,2.456771613908792,3927
2610,8,0.5490847803741207,0.13015297121809355,-1.185393956359626,2.5067254327111708,3927
2736,8,0.5599896187314778,0.1746239009134078,1.6419882971515285,1.960969895249026,3927
2789,8,0.5650906022932541,0.14427290567896997,1.6033062473016504,1.8465360077272783,3927
2750,9,0.5613874284040373,0.28155920670636964,-2.2420202633331003,2.1530462271788124,3927
2902,9,0.5777138898362364,0.08159463492887908,-0.9782436273243087,2.4982320970673664,3927
2913,9,0.579005174633399,0.25613805809244367,-2.1451505453637423,2.206742411372871,3927
2948,9,0.5830471016738271,0.11801344714057024,-0.9181334234869198,2.6381854942070277,3927
2967,9,0.5853015131225249,0.0570986283928812,-2.1816553161518217,1.7719406418240802,3927
3059,9,0.5948994138248906,0.07477492225647436,1.9480734663123995,2.1197169398038085,3927
3060,9,0.595004977699635,0.09935776014532686,2.54066026007873,2.634881064634235,3927
3153,9,0.60535664556899,0.0955661774871357,2.8485685511981407,1.693349128945398,3927
3177,9,0.6080323936051741,0.16884774014201998,1.6748148446988829,1.8780049556559617,3927
3218,9,0.6133901918230111,0.16582636948240542,2.1643505732236545,2.443596931485459,3927
3241,9,0.6154978123651038,0.12290462032078943,0.12903689587062325,2.810075686281789,3927
3083,10,0.5972779673288697,0.26519505588014375,-2.136135342308608,2.182913799321572,3927
3259,10,0.6182672192058142,0.04817741116769249,-2.2549393948884093,1.9111030640230533,3927
3387,10,0.63689270829285,0.09103069235863431,2.9619262597292364,1.6758493148927722,3927
3527,10,0.6633275608104068,0.078643835181466,1.030191689215614,2.361687964620621,3927
3602,10,0.6809124995401523,0.1388585260650193,1.8363451162966968,2.1800432528026246,3927
3627,10,0.6870705099046845,0.1453585954702939,-1.1031827336058408,2.7487692097791037,3927
3365,11,0.6325458152895533,0.27885540209720167,-2.0754558296791408,2.075150579059471,3927
3536,11,0.6649163903124573,0.23343630506159332,-1.9526136051215703,2.2635740495228482,3927
3659,11,0.697970444376619,0.14188937619539702,-1.0754761329012452,2.746793128697911,3927
3676,11,0.7014367453796893,0.14410693990012646,-3.092634164411654,1.8807774062686125,3927
3722,11,0.7152283591995149,0.11838742704405483,1.8661636904213588,2.306492877373475,3927
3724,11,0.7160773010962784,0.038573156135772675,-0.9935271118147951,2.633128036879902,3927
3752,11,0.7256508073667816,0.060840365533523,0.07388692353618796,2.4730930313038404,3927
3587,12,0.6777007728279971,0.24243048169935705,-2.1498581932540923,2.070863585037675,3927
3802,12,0.7484273141374841,0.13629607345618847,-1.7901733466796732,2.7354816353205957,3927
3839,12,0.7717269234754593,0.07573742808399578,-1.1402644039311949,2.3789061534789857,3927
3848,12,0.7756670732929513,0.1477013010172538,-1.8906397799854475,2.2331671096513217,3927
3858,12,0.7814710238563143,0.1129887948855576,2.6729743366831147,2.3754135862969776,3927
3859,12,0.783088385440895,0.10846032645321542,-2.8803284300901275,1.6386731980304072,3927
3877,12,0.7971470451272674,0.055074910818871524,-1.1255054803336597,1.8946040838727887,3927
3771,13,0.73474724784153,0.24145240090788975,-2.2626011574125178,2.1723531897109742,3927
3845,13,0.7745184325655435,0.1821577914241513,-2.1027873482676833,1.7376916271955407,3927
3909,13,0.8313170096309237,0.08562469083051803,-0.6503711793241213,1.9005835557479727,3927
3914,13,0.8433281949677448,0.06695775271681187,-0.23127477581925696,1.8474850663472444,3927
3915,13,0.8466063147818533,0.0714084618257023,-2.6486758128179244,1.2861833310123378,3927
3918,13,0.8522547730794482,0.061819433205519504,-2.8524962845565094,1.4801478550333167,3927
3919,13,0.8527949448454486,0.07195087026614244,3.042048624783707,1.7858945037014229,3927
3921,13,0.8618107820130838,0.0689375542390558,-1.7658171547859172,1.8717328285897774,3927
3922,13,0.8712253346072226,0.0777569295862829,-2.6229898368239875,2.5288159942811794,3927
3901,14,0.8167903296869755,0.17270473193537003,-2.3235719072919756,2.164937507404078,3927
3925,14,0.8806791465431115,0.06396647977830709,-2.7769322724926218,1.1382623678057124,3927
3927,14,0.9316289990962153,0.05301993903674514,-1.9914278086237247,2.1126548185693586,3927
3928,15,1.0,0.0,0,0,3927
0,0,0.0,0.0,0,0,3927
1,1,0.0661741118969893,0.06190268988176881,2.271500530884518,1.3690632354714478,3927
2,1,0.07716148249659127,0.06977149108485506,-2.3842352159730704,1.2220765898117492,3927
3,1,0.09217779110581259,0.07758525111029307,-0.1516115757076144,1.5639025088096334,3927
4,1,0.09769954571861195,0.06234372701119597,0.768287314774911,1.3511869293813583,3927
5,1,0.10146604463548714,0.061096812042883634,1.4066299379463714,0.5018583753953297,3927
7,1,0.12335987812308147,0.10313313241823593,1.4800124783642676,1.9152754490728714,3927
8,1,0.131030779013796,0.06712337608199073,-1.7607533287599615,1.7737289809341936,3927
12,1,0.1445536222822067,0.14370076664621323,-1.9548811522409228,2.178019821486346,3927
15,1,0.15216197852143432,0.10736758720079063,-1.804631507234026,2.0842942172386323,3927
10,2,0.14128353430190632,0.04504609753974489,1.8123888241537864,2.268990003104187,3927
16,2,0.15225362383080376,0.10120997261346593,1.424464600221417,2.1768339447261775,3927
23,2,0.16939996720900152,0.07806248041216453,-2.8423178087281986,0.9475804700564981,3927
26,2,0.1735769035103416,0.06963023844616147,0.2662147933457781,1.918788849271145,3927
27,2,0.17530995222492174,0.08622299868398452,-2.1072025528585954,0.7869031566872683,3927
41,2,0.18441803152221592,0.08386252432049643,-1.7634138352932804,1.9024906192817364,3927
42,2,0.18446275254580913,0.0732562986952772,-0.9325490869412382,2.2177347958902267,3927
46,2,0.18844080195173674,0.08921507162782165,0.22631551662966357,2.3049044723388823,3927
62,2,0.2043741938071677,0.12053157859351328,2.458318424048938,0.997584451717041,3927
66,2,0.20669952674034253,0.1389088239478153,-1.762804404824525,1.9776510938772376,3927
80,3,0.21498401405232848,0.06629169318857735,-2.3997080299558187,0.6844257040016642,3927
106,3,0.2342833735491039,0.12615372923751467,2.2219217812743666,0.9558285548480637,3927
125,3,0.24571445251610657,0.040889538608432974,-1.489989830540038,2.4796146865266904,3927
128,3,0.24707754670256987,0.05558017564664659,0.4933053681903502,1.9773150525757899,3927
155,3,0.25685230818161997,0.10904236171862984,-1.8474081519428756,2.100070071493583,3927
231,4,0.28687817976047203,0.08688920091549156,2.2202066615312988,0.5644819014434207,3927
322,4,0.3153248014718083,0.13047223612073514,2.0717252919367475,0.9997286038255943,3927
325,4,0.3160249512035628,0.09108089537226029,-1.3103916547201444,1.9221082589724365,3927
348,4,0.32296024529631373,0.1779074701329744,2.1861373381682876,1.1166944295378458,3927
366,4,0.32735199219064937,0.12432375113674232,0.16149429626616774,2.156051243808989,3927
400,4,0.3339602226960996,0.09027195803220121,0.030810354650846004,1.8927709198408367,3927
379,5,0.32987470258823426,0.07879526420049908,-1.341514412338326,1.8832321184303165,3927
507,5,0.35820336961690513,0.09359759542785794,-0.018101933392501497,1.8491328761868897,3927
511,5,0.3586490395968238,0.17016605966630494,2.038382218920281,1.2522937763181585,3927
600,5,0.37479878576884484,0.13019072005477667,2.211110455270981,1.1631994199615723,3927
602,5,0.3750122718329637,0.13714783674238035,0.36463090207596827,2.067363668461123,3927
667,5,0.3847327497005002,0.10964227763998685,1.544423314357626,0.7416581208378638,3927
664,6,0.3845209126486595,0.117316747701341,-1.3589826037938555,1.9861824218296036,3927
820,6,0.4048375504704449,0.1338211937725783,2.2705188132073726,1.3014209926280176,3927
952,6,0.4196695000587367,0.14002447727208106,0.1750797253244471,2.1830768655851074,3927
1014,6,0.42562651963611164,0.22221750361613843,1.8580286566487152,1.3711017001991923,3927
1040,6,0.42935200664901774,0.1343995264557805,0.13801699888714264,1.8444586715552882,3927
1073,6,0.43267325680418656,0.151142283957434,2.274769470229935,1.1385606042895575,3927
1266,6,0.44890058181134807,0.1278489458187279,2.0593246315701275,0.9305210129545874,3927
1267,6,0.44905213791357224,0.07852026365124465,2.3030419066284944,0.9096909766082918,3927
1435,7,0.46313375076269103,0.09359167738696471,-1.8358110807153858,2.3366024092330626,3927
1737,7,0.48596320766374645,0.1354766851972492,2.3455051723691995,1.4032401013312656,3927
1888,7,0.496366122657834,0.09423274460748038,2.257937450157301,1.1032946093208351,3927
1926,7,0.49835566375052587,0.05077184082722383,-2.921218570076127,2.389734217781206,3927
1951,7,0.49983383949296356,0.10706147933342301,-0.05672453966880899,2.2032294510138906,3927
2033,7,0.5047987738628357,0.22246768348482698,1.9615581101358808,1.3700398687642774,3927
2034,8,0.5047990812183429,0.14866500128999285,2.28811326169534,1.4395994825810634,3927
2214,8,0.5171052299139268,0.12883066694414097,-1.7540530248423958,2.4134610338335403,3927
2250,8,0.5201671697299783,0.14498073288766505,-1.7908077788076022,2.160688099519192,3927
2355,8,0.5271352713365475,0.10379113629118937,-2.4968527972699697,1.993712927910316,3927
2438,8,0.5335493483585516,0.08505848908239773,2.279686731740133,1.0484425068219838,3927
2531,8,0.5412080885409857,0.1260544278880129,0.0011196516791822644,2.5026888103931797,3927
2549,8,0.5432078304271987,0.07376846719653607,-1.8146289154727053,2.198227950458772,3927
2600,8,0.5477082666685131,0.025528394195991806,-2.794965431012743,2.7483757788823233,3927
2730,8,0.5601712055146041,0.20458056028105362,1.9845804803733558,1.2227404542273848,3927
2845,9,0.5718113325761663,0.19860930561734938,1.9545876485659832,1.2432965682229145,3927
2889,9,0.5763952693414083,0.1282452213773337,2.1951568937919377,1.5728268791793005,3927
2895,9,0.5773920566647962,0.1370060189736916,-1.2156950254313565,2.3564250596160776,3927
2914,9,0.5791291005302703,0.12996863076859033,-2.2087168125067063,2.2994198948383824,3927
3015,9,0.5890076257132917,0.14549704052892232,-1.7426611457310903,2.5540736479946724,3927
3059,9,0.5950011765903026,0.10810372154252594,-2.5047664029354424,1.7459167227408119,3927
3091,9,0.5989364736978664,0.028315876875204246,-2.724322237525334,2.452492824847876,3927
3119,9,0.6020928516018055,0.09421448123792205,-0.6435822674550223,2.8294031352416984,3927
3190,9,0.6118109411614533,0.08310508182803449,-1.4999820594398423,1.7091435264536754,3927
3280,9,0.6234404108649495,0.11323606043231889,1.579518197819219,0.7395475310242673,3927
3219,10,0.6165976982380371,0.14484207422247558,2.123405706011457,1.691363082152995,3927
3286,10,0.6246801398403837,0.22383428641890346,2.0375073694797656,1.1396124770145393,3927
3324,10,0.6298258396760991,0.11276329601331027,-2.0430226967295044,2.6735323349544426,3927
3364,10,0.6383094112339043,0.12058168744963635,-2.032514604342909,2.4982083809138524,3927
3397,10,0.644051239730234,0.08507799641076944,-2.6448440795386587,2.163209166982667,3927
3434,10,0.6492346619250587,0.10158147668509171,-2.9060801341736786,1.5810995180061014,3927
3482,10,0.6583653719032646,0.09246408172909035,1.2262285093803604,0.81260578632691,3927
3503,10,0.6630009527186538,0.028896551492593132,-1.7351755484224671,1.9970962324321706,3927
3518,10,0.6666724688039852,0.050084270906587465,-2.41785832438533,1.4497859035781941,3927
3561,10,0.6749408544048708,0.06001191909184703,-2.038257458857299,2.3414254077989134,3927
3562,10,0.6749646574337721,0.16523072994931706,-0.8340995373424566,2.4949161454035718,3927
3576,10,0.6776183019387498,0.08359935085868668,-1.2362485545043016,1.8306248454856326,3927
3610,10,0.6896602611370172,0.1443016708974224,1.0182906767770152,0.5929162545363887,3927
3402,11,0.645216538940284,0.14100231896912577,2.046785465823653,1.5221775087015206,3927
3466,11,0.6552398290942358,0.237228507055864,2.0452843528853633,1.255052329298215,3927
3614,11,0.690403279906418,0.11903368571970965,2.4395592628381793,1.5187385832110567,3927
3690,11,0.711450162590835,0.14985037860788347,-0.5805986739784744,2.379462530396297,3927
3708,11,0.7157938573946027,0.11977660598461265,1.8413330475399627,2.288678548842476,3927
3728,11,0.7243114590634034,0.05435823593511878,3.0665118954998594,1.5378849386645144,3927
3729,11,0.7249817039111447,0.06082118317835769,1.3555494579190253,0.7761435943387949,3927
3740,11,0.7288756528648954,0.08060174483872452,-1.8548779615916888,0.7793372174664923,3927
3741,11,0.7295664854733578,0.13862718698594062,2.2466849578517007,2.3684725356370877,3927
3747,11,0.7322146654680836,0.148874884519458,1.5684226893119182,0.6412646289563638,3927
3765,11,0.745135440661469,0.1348232681536091,-2.9851140844053856,0.9805311804395777,3927
3784,11,0.7523878586141679,0.16760165971425517,0.6095923112136895,0.5758714175294863,3927
3787,11,0.7539660910611968,0.10589855265280633,-1.919721068594906,0.7245085323551858,3927
3795,11,0.7566983737568442,0.0442161971404833,-1.9767743823281065,1.8431386266611511,3927
3828,11,0.7708317782569017,0.12650199228380915,3.113413458115135,0.23084781121304615,3927
3705,12,0.7150503763675986,0.18668957233594372,1.840093307928115,1.4332708911124308,3927
3724,12,0.7230202578908412,0.22412655116404445,1.9641939020297245,1.0249967923068344,3927
3772,12,0.7472253212959196,0.15560281346583674,-0.745249116171646,2.215172405585601,3927
3780,12,0.7511850157684836,0.05904717635066856,2.1147244762012014,1.2214061835380257,3927
3801,12,0.761229134892655,0.11560820391625927,2.432846840158659,2.3148071189539197,3927
3805,12,0.7623248012316604,0.13823801115646864,2.115761862936985,1.1515005172704107,3927
3824,12,0.7691157615745302,0.13035034022033581,2.3761628221627125,1.3609931357065188,3927
3829,12,0.7711145590963707,0.17021713444634234,1.5825964449969372,0.9526943997248956,3927
3838,12,0.7795938798288558,0.09741675629541076,1.4607918813269278,0.7351163776547224,3927
3839,12,0.7800087378136398,0.137934349863382,-2.928842310543016,0.9114645331431667,3927
3840,12,0.7801700234725827,0.148003383566684,1.7160413741121627,0.5188190640259668,3927
3845,12,0.7830364787968898,0.10605948500001469,1.3516896100666882,1.1582351377186395,3927
3847,12,0.7847081225765844,0.05954757080755236,0.6150875159543752,0.7433055518139985,3927
3852,12,0.7878559730760569,0.111139520919121,1.5723543472449544,2.1694525579843855,3927
3853,12,0.788878955339384,0.11410248432239777,-1.9379194585473842,0.42615195380657106,3927
3856,12,0.7905457013295087,0.12593951971227063,2.83427477240793,0.19372864379443114,3927
3858,12,0.7911372924882654,0.16259413538309364,1.596649553031787,0.3575947101353823,3927
3867,12,0.7982391483414631,0.10639723883832956,-0.7142148041550742,0.5391765496589135,3927
3868,12,0.8011847049356208,0.043432884946703575,-2.6327817388600425,1.3224871789342367,3927
3877,12,0.8102855723379504,0.1507074619164206,1.0478912974191807,0.39976030529418866,3927
3866,13,0.7967130495210603,0.1457711826317764,-2.874424346717405,0.8200746601983955,3927
3876,13,0.8086297482567003,0.09616968108663568,1.682791172706318,2.1661514243491267,3927
3878,13,0.8113299036704475,0.13512612628288925,2.0153983136528315,1.0855520013863196,3927
3892,13,0.8314507111707208,0.12355060825848295,-0.4389997291359972,2.0520350723545495,3927
3894,13,0.8331875152366834,0.07764382528409633,3.0944229535398002,1.9941265740482317,3927
3898,13,0.8381049343537846,0.1577990769696094,1.8180488486842192,0.6616998239150454,3927
3900,13,0.840493656262644,0.10563444032906306,-0.6363677155301413,0.4423878087752438,3927
3906,13,0.856569632900681,0.058150400213082605,2.765387372188401,1.7416199694922567,3927
3907,13,0.8576950855489494,0.09972220107872944,0.9996151340974833,1.3196795449019956,3927
3916,13,0.8740921751027926,0.09601146167508569,0.7449350856471023,0.3919451263055744,3927
3918,13,0.8786600970699044,0.04252980180308552,2.5496265110608523,0.9212692866157278,3927
3904,14,0.8562064798900237,0.12292089173859819,-0.4236699681980356,2.1288810955908866,3927
3914,14,0.8705277084310415,0.11050239011564687,2.1650321854238324,0.9040514981545439,3927
3915,14,0.8716788985017458,0.08829095649705551,3.1303878332188986,1.6337271314099828,3927
3919,14,0.8796095982473648,0.09273193138913866,2.0150434685422947,1.6854095137202383,3927
3923,14,0.8916254204888838,0.08009126453361783,0.8642158263934838,1.4057450501511906,3927
3925,14,0.9036288131844118,0.05330162170377851,0.8516996567688674,2.6686605082599755,3927
3926,14,0.9118476056576553,0.046836912382535935,2.645238493266052,1.2362270332449103,3927
3927,14,0.9250675822885726,0.07377303646299352,1.663823916578941,0.5316721303821575,3927
3928,15,1.0,0.0,0,0,3927
0,0,0.0,0.0,0,0,3927
2,1,0.0851940125799755,0.08197231378138385,2.139706762234506,1.1141374855044863,3927
5,2,0.1255352859784299,0.05017849509637852,1.8835885785592017,0.7876428424702691,3927
76,3,0.22483153556431634,0.05785990046254787,-1.7188074185316573,0.6160128895670692,3927
123,4,0.2603187059764651,0.07234950402194996,-1.640628901044677,0.4445568785490834,3927
359,5,0.32763747680327004,0.0930867527886596,0.5609795916207998,0.42047182132228955,3927
848,6,0.4052422096086501,0.0734489191364978,2.6948654688736924,0.6074158036328765,3927
1265,7,0.45017084593493306,0.0687282185647634,-3.132964918854871,0.655470925574941,3927
1507,8,0.4706248206948729,0.07048635667527506,-2.935536856083132,0.7765204425750971,3927
2172,9,0.515807941305193,0.06972136879332544,-2.8569993859378173,1.1005646427521778,3927
2214,9,0.5184882368584351,0.0741017447754986,-2.548099965834451,0.7988452917230494,3927
3088,10,0.5939268593633962,0.1279819173986648,-3.0257779265988107,0.7881836816841251,3927
3564,11,0.6704998982261178,0.0949796571074542,2.360593134059823,0.4686529640935528,3927
3709,12,0.7038777343987986,0.08188831193585684,3.0976453051364765,0.37520920785643996,3927
3818,13,0.7525060384966639,0.07787793631312609,-3.0236462078601822,0.898739352381876,3927
3842,13,0.771043697668981,0.11913424434024898,-1.332810431191006,0.19848777055614952,3927
3884,14,0.7982271830475106,0.056416090907275694,3.1052095878897963,1.1079661502138232,3927
3910,14,0.8275068027373216,0.12025335154303135,1.00246457660937,0.3155449538370783,3927
3916,14,0.8400499141197583,0.11016216096651392,-3.0636789964039624,0.2609554225518464,3927
3922,15,0.878788126531136,0.025478806111545547,-1.6653617174600002,1.8166217068953165,3927
3924,15,0.8897921574816169,0.028023490479519287,-0.8543244171624664,2.1067517160139224,3927
3926,15,0.8951212745547392,0.10411299661262037,-2.5868028901410693,0.16905669208066695,3927
3927,15,0.9050262740552493,0.08785875885516797,2.897562923307922,1.1200273946680013,3927
3928,16,1.0,0.0,0,0,3927
0,0,0.0,0.0,0,0,3927
1,1,0.051055310987417446,0.04868474000037393,0.3341694629505884,1.7175607755161724,3927
3,2,0.09025242468488559,0.05713240033602092,0.5647090755899569,1.3988415941039696,3927
8,3,0.14365172356034173,0.033885360819269794,0.26990912105683534,2.4735288175984,3927
35,4,0.19785991500818445,0.04583339391477797,1.4623729466064626,1.7564440919899347,3927
144,5,0.2622703905836625,0.07680585699963895,0.7422753868684664,2.3324703997922227,3927
300,6,0.31313615851811216,0.08042866978986414,0.7712837511748282,2.0131471645322114,3927
389,7,0.3341650809564267,0.06678781321197115,0.9516154767080849,2.054190377819881,3927
442,7,0.3469433654212597,0.08650463373737166,0.9792028522392925,1.820671568325995,3927
708,7,0.38670018595275135,0.08077737692781789,-0.16451264277306257,2.3686305605140845,3927
793,8,0.40119688715082424,0.10682722341985046,0.3755058275986299,2.263399222066188,3927
1354,8,0.45923749442158834,0.0738623401406819,0.047755745918026477,1.4460101392173639,3927
1801,9,0.49233488785638235,0.09243935961071487,0.5122932941503096,1.5414998353916025,3927
1935,9,0.500145401230383,0.1624321217155722,0.36552355575690976,2.4965720315719677,3927
2118,9,0.5114640529492211,0.21476849413443466,0.36061629060541095,2.1432657525608447,3927
2122,9,0.5117611653257729,0.0999126699539102,-0.6198426708919309,2.508885541057316,3927
2147,9,0.5137101885091045,0.14666531035421548,-0.3056671427679208,1.8451213698762683,3927
2244,9,0.5202757254210434,0.13897563010882738,-0.671722553739927,1.8859800428157982,3927
2564,9,0.5474180339077755,0.12237698676099182,0.3322796740605174,2.147972461505386,3927
2488,10,0.5410461709786213,0.1190208772247857,0.13786819253766977,1.4336895546631252,3927
2718,10,0.5614329129482198,0.16334746542966427,0.4285324849870693,2.3026506526656023,3927
2786,10,0.5679979314903953,0.20643727762784372,0.5431302897033828,1.9931704495644458,3927
2823,10,0.5722086844269171,0.1052762280701323,0.6345784673872958,2.713956456271842,3927
2882,10,0.5776973658262864,0.18754250173013126,-0.10957359591171378,2.4461748980958515,3927
3005,10,0.5899346201536849,0.13546404933478684,-0.29057928309283726,2.0797681215945527,3927
3080,10,0.5995868231920819,0.13379026076658426,0.02940335230531216,2.4510935739836293,3927
3060,11,0.5977084123527825,0.13592530312562184,-0.1175693313375084,1.5012386747789046,3927
3209,11,0.6143013241704657,0.10918059936302849,0.3446837487085162,2.435237842598767,3927
3222,11,0.616471644943404,0.21369182902456632,0.33588167079487335,1.9806075869200204,3927
3237,11,0.6182000060435929,0.15521239700765166,-0.011877994602492996,1.642425471692554,3927
3265,11,0.6225069770645503,0.12507970034589086,-0.146698228674058,1.7086459569288956,3927
3550,11,0.6706828885219402,0.1511865661659629,0.055650331766755295,1.9804794933261802,3927
3606,12,0.6817908495000502,0.0796537240206125,-0.5631618918777009,2.3552807502185167,3927
3723,12,0.7181489697268354,0.14790849260375624,0.224814907390363,2.2254841067890383,3927
3786,13,0.7437832624111628,0.13164163586942576,0.14455460874222267,2.3217207226422296,3927
3792,13,0.7464555950391564,0.08582305130145305,0.49025204529714345,2.69606506126031,3927
3891,14,0.8160773218721439,0.13707613419343442,-0.19033959726727423,2.7356232156479914,3927
3909,15,0.8482613487079278,0.13165881424108813,-0.7410877912014591,2.8232226658095745,3927
3924,16,0.893049958868384,0.10390460088016962,-0.9977076320438594,2.548170752758833,3927
3928,17,1.0,0.0,0,0,3927
0,0,0.0,0.0,0,0,3927
2,1,0.0564545070258784,0.055746108597709905,-2.580613885607492,0.7768658819769722,3927
5,2,0.09773701854762173,0.050746465478568814,3.012375108727512,0.9260487811932955,3927
12,2,0.11534810585309074,0.0531615794456171,-1.8387085316173444,1.0698057732123714,3927
18,2,0.15382644986893756,0.13086826859274459,-2.500779521582669,1.0572350159751187,3927
28,3,0.17977858778982314,0.12298177028728563,-2.349010940984755,0.9939678537563309,3927
38,3,0.1919742834577064,0.030986641489378998,-1.2943810537221896,0.5808477343931756,3927
64,3,0.2139810543172772,0.16198372313325227,-2.159983737362957,0.8749088622526983,3927
57,4,0.20588615019607392,0.024562520714378987,-0.9570818015342009,0.880514663550032,3927
95,4,0.24010860422362545,0.13377587470630517,-2.495535445840552,0.6231683934137088,3927
102,4,0.24367306753131235,0.13861070033393655,-2.2723514938923444,1.3455643092938165,3927
136,4,0.26067760353200464,0.15160835762226663,-2.056840452255886,0.9678223263871734,3927
159,5,0.27672645248924166,0.07383477866687578,-0.8289585742182165,1.8894610516909873,3927
203,5,0.28868215409619247,0.0739902874619135,-2.7056469462326342,0.8446081065667178,3927
220,5,0.29292666939806555,0.08808876310795757,-1.612944709436529,0.2009087048880985,3927
223,5,0.29305749642676393,0.08656801931287583,0.23789387831026673,0.2789112845773647,3927
254,5,0.30096344657211926,0.016984245865012352,-0.2848805576784694,0.4529077129519541,3927
297,5,0.31181137408855275,0.12435274737600373,-2.770843358965831,0.4872617671459008,3927
404,5,0.33496996474205076,0.10079460619257898,-1.8816005153629811,0.9070878480883164,3927
385,6,0.3311840187527513,0.05739288134030738,-1.0959975808484004,2.160028229181889,3927
460,6,0.346314387389285,0.09875949564794932,-2.5165947625989618,1.328396803187722,3927
478,6,0.35049556769242396,0.13194390168864206,-2.3614548084464277,0.5127721788659089,3927
579,6,0.3686435350350058,0.10594667398145156,-2.0097651001968657,0.8973471617751057,3927
740,6,0.392232875219385,0.0783777708157144,-0.4166573729366099,0.34344067815974605,3927
746,6,0.3929828182651244,0.11512263836458632,-1.2590023600911782,0.8207096597853192,3927
606,7,0.37321755337637785,0.05354218171047044,-1.2444485866921766,2.492147039901375,3927
695,7,0.38594974452279873,0.11943365928507002,-2.5849061329859535,0.5345525106937855,3927
793,7,0.39811625539031115,0.09627591228852397,-2.9413680870943506,1.6045355985675576,3927
1178,7,0.44095640734919694,0.10260577756602177,-1.31749323032615,0.43746295662281515,3927
1469,8,0.46482688514432013,0.11800809715043444,-1.4874155694255244,0.47345525500855185,3927
1643,8,0.4782638750819034,0.06482373674274101,0.9199498002295508,2.0491528655117976,3927
1694,8,0.48200304900032076,0.14826794266048454,-3.0703963503668574,1.5959347705117923,3927
1918,8,0.49872370736720717,0.14681432973942696,-0.5658492106556613,1.7055769343328777,3927
1954,8,0.5012788891485722,0.16741609251113548,-1.561192368484158,0.9051079278693643,3927
2182,9,0.5175322426352683,0.11676187648161028,-3.018771303182059,1.6486241001016917,3927
2401,9,0.534794896319759,0.12914450473480757,-1.1376851066859246,0.826201444200411,3927
2437,9,0.5369436240075706,0.16607975688128415,-1.5628223533562984,1.0405085024470733,3927
2495,9,0.5406449432703191,0.18148776231474403,-0.6524433566700325,1.6844216094746056,3927
2661,9,0.5567620071296824,0.07935613803806772,1.4063953904566808,2.0790626745833025,3927
3134,10,0.6033651869611738,0.15982401950509575,-0.7147220966776628,2.0266312195186535,3927
3283,10,0.6252861947782089,0.12563381758770076,-1.2198655809304062,1.0089093816470618,3927
3384,10,0.6413903377045135,0.10253046771965849,2.2446073733115273,1.8673618049062113,3927
3451,11,0.6532455774830808,0.1145577435799672,-1.2311325797264896,0.8261317437540645,3927
3457,11,0.6546825806709583,0.1249439313639673,-1.272616386204156,1.0629530495141155,3927
3493,11,0.66000330694269,0.09924274968658447,2.34590455831183,1.838637151987858,3927
3580,11,0.6811509122590955,0.18051978722125775,-1.0465858293872172,2.249887011575122,3927
3646,11,0.6992588062970454,0.13319282050401351,-0.9401412091702115,2.347053088512141,3927
3652,12,0.7028018583761884,0.09344250135351265,2.1569597716783737,1.4631518533586925,3927
3721,12,0.7239598541136882,0.05840915403401399,-0.970849961848534,0.9887315418080364,3927
3743,12,0.7327561181294333,0.0803444030844734,-0.7060783361714313,0.7555713578995886,3927
3745,12,0.733407207605338,0.17559648188847607,-1.2685708249412493,2.148690003940652,3927
3821,12,0.7651259867655845,0.14506700968357966,-1.5137333169237603,2.2110864897372506,3927
3776,13,0.7425729798337225,0.1123671341683234,1.978145942923582,1.3620481004738982,3927
3837,13,0.7722242976567281,0.06190201866580342,-0.289355996696254,0.6978408992720474,3927
3870,13,0.7918447411063044,0.16208952616340216,-1.550055089739197,2.2212706785990197,3927
3904,14,0.8297791787928536,0.08246143307674143,-0.2955385818424801,0.4414031138382055,3927
3905,14,0.8330885887478194,0.09142434879586044,1.2735804325799174,1.6630017778801012,3927
3906,14,0.8331397673214428,0.0748528480554663,1.0353497602636619,0.6652627566139643,3927
3914,14,0.852086708099802,0.13138917365658817,-1.3289461709466532,2.2535015862797847,3927
3916,14,0.8542520909615522,0.13210943863955385,-1.574009348162108,2.3186903589649397,3927
3919,15,0.864351347633602,0.0813243114604537,-0.6597432830008764,0.5477651261310506,3927
3925,15,0.9114734336171859,0.08382977007827248,0.8923974102124528,2.0190183470778593,3927
3926,15,0.9119484708270584,0.08489277558203362,-1.3951462928618008,2.305806601829648,3927
3927,15,0.914659307091399,0.06226697928112753,0.7439964830556538,0.9550451633843121,3927
3928,16,1.0,0.0,0,0,3927
0,0,0.0,0.0,0,0,3927
1,1,0.08232681787898821,0.08033821155201579,-0.9171813564260672,1.4051857459649162,3927
6,1,0.11841166448789664,0.09212712102025823,2.1258000545611777,2.721005464022688,3927
18,2,0.1491713448634291,0.10703013307129104,-0.6520047259192282,1.5986674063943405,3927
19,2,0.1494707895212194,0.10764224181134667,2.316238050455002,2.5412429982279376,3927
24,2,0.154474930663841,0.07224896435687628,-0.07506215863383196,1.1772840301743464,3927
25,2,0.15714755734049546,0.09308296319697591,-1.0965636282681617,1.6263429391332342,3927
90,3,0.2198081873672456,0.16602737138128987,2.1682343574389775,2.3194680940804044,3927
92,3,0.222171491111667,0.06444144736992877,-0.3195197527163653,1.633817937514526,3927
125,3,0.2373469806545494,0.07570596530877738,-0.5881888397315577,2.309596274078452,3927
171,4,0.2595219060425935,0.07534520578493364,-0.35197339331538247,2.554444544542844,3927
198,4,0.27381093748230523,0.05866519018775792,-0.6434887887292774,1.5298367366123884,3927
273,4,0.30114131863195825,0.12489251999906593,1.7631235026854137,2.2167060214680934,3927
342,5,0.31842361076059134,0.0921877810249634,-1.6311681678792511,2.620665295912105,3927
362,5,0.3224618165807205,0.09411258891205365,-0.42365160077715236,1.7139056066871254,3927
462,5,0.3410346001631459,0.09619344572416579,1.7101730781160878,2.170578997446554,3927
535,5,0.3523305367875559,0.0636441301732086,-1.31802683742275,1.2669511397866944,3927
540,5,0.35318900874303605,0.07834989417191303,-1.0153144594238819,1.9594531906224695,3927
620,5,0.3669004599448147,0.09944345519584585,-1.1576178737071146,1.9282382845806123,3927
604,6,0.36410501823020547,0.1107805641494927,-0.21462789894603151,1.8410362504358713,3927
694,6,0.38188102377647226,0.14341451728415028,-2.081799224788631,2.748061562415189,3927
740,6,0.3886252660708819,0.06714810842875789,1.3013575714265317,2.0860628089638604,3927
776,6,0.3948408126288052,0.13576104123073943,-0.34527191017092,2.0445565515648516,3927
828,6,0.4016743160994827,0.0478589376677269,1.4233593564101092,2.054749738687326,3927
861,6,0.40543753892342616,0.11440045188126062,-1.3085181478179129,1.944468950237918,3927
937,6,0.41528460150123636,0.06791560024024705,-2.02346229857475,1.6232741167832987,3927
1152,7,0.43738589353042756,0.056219725188580434,0.16667703284081822,1.7482419883718685,3927
1212,7,0.44222525135307766,0.1314091970511552,0.18768694273752123,2.3149996898432863,3927
1350,7,0.456395271376008,0.1253198548780676,-1.0331691054629804,1.9069864326845085,3927
1356,7,0.4567338494655966,0.07924820317894687,-2.574093159972556,3.037462799965969,3927
1929,7,0.4978059739514654,0.0703448681046633,-0.9310550909551645,2.5271838419559898,3927
2053,8,0.5068732974804009,0.10769433011608308,-0.10636050363810318,2.392645136466426,3927
2100,8,0.5104936604984173,0.09257685294510143,-0.8789852769636793,2.0467520302807363,3927
2333,8,0.5276505619439501,0.06642289684143565,-1.1526074943284428,2.4229921851566996,3927
2811,9,0.570639186903564,0.0702174149926314,-1.0410596821657239,2.6687625714622754,3927
2961,9,0.5870142016881548,0.05842302832894451,-2.0191705314827053,1.9829025427598796,3927
3302,10,0.6307310093564393,0.055917881222825636,-1.3232084344472907,1.8808535095819936,3927
3702,11,0.7202321855069204,0.08830684065201319,-0.2078034140108485,1.371066212267748,3927
3799,12,0.7584987546072347,0.12043987616952509,-0.07100723776531209,1.3168238125958396,3927
3897,13,0.8327011837202395,0.056948522859883784,-0.046426726004393584,1.7354832965022646,3927
3923,14,0.9037785409648308,0.048437310911749215,-1.2288712766094119,0.8889309798128889,3927
3927,15,0.928356217016653,0.04889369110616563,-1.5428924810983153,1.2186770928958068,3927
3928,16,1.0,0.0,0,0,3927
0,0,0.0,0.0,0,0,3927
1,1,0.07249549765175944,0.0691775075893093,2.259324036125458,1.968244591991089,3927
2,1,0.08527441085268428,0.0796480583445116,2.428834274688446,1.5790644741716509,3927
3,1,0.08569064244344704,0.06819762592525698,1.8456106313083003,2.462212286670408,3927
4,1,0.10011790659326991,0.09652508551699393,-2.9577759620758703,2.322753661896372,3927
5,1,0.107971986091012,0.08554106500850159,2.5454836815500754,0.9384216736205668,3927
6,1,0.11136179983505523,0.055289052225934776,-2.981565009357512,1.288367109958011,3927
7,1,0.1134479286343425,0.015662557808732318,-0.9352384390330596,2.5277733110941396,3927
8,1,0.11854205985636168,0.11501262917633516,2.776576674817031,1.705821080276303,3927
11,1,0.12120119732358159,0.09709327879292631,-2.286902712836523,1.0962101538789906,3927
12,1,0.1268959804466907,0.09249222564031137,0.3079367264743355,0.9301334455070687,3927
13,1,0.12772148281161655,0.029398018907015978,2.191270091266112,0.26425215102378596,3927
15,1,0.13546650558922002,0.09911074804594992,1.9118152714990648,3.009680212877271,3927
30,1,0.17196137911363518,0.13670246534652505,1.1194536978443193,0.6058813156962899,3927
16,2,0.1368434147209644,0.038138995788729174,2.4090469309620435,1.9281932819190155,3927
17,2,0.13931483852913706,0.07487558150788023,2.432749690568124,1.9337378529064397,3927
18,2,0.14577176021426652,0.08254505284763243,-2.5420514110063324,2.149541781310512,3927
19,2,0.14867960958732906,0.11414518387215154,2.401990064974413,1.9932071581250737,3927
27,2,0.1696409282462168,0.07247473609124125,0.6496709885024464,2.276009892189889,3927
28,2,0.1698215637452113,0.09910286158229513,3.0261392579878073,1.6974480352033283,3927
34,2,0.17539368029298963,0.11002567280556104,0.41057192645992346,2.85844378591301,3927
174,2,0.26885429094505986,0.13347177686820824,0.4730219602890692,0.22455000655509147,3927
51,3,0.20232192451247977,0.11459836048789404,2.6615298502156253,1.6049956560543128,3927
73,3,0.21709178204999424,0.09406339724678738,0.22457158667260474,2.2286461754904425,3927
89,3,0.22786255226969632,0.11307558459379917,2.852894806448919,1.3476601193637952,3927
96,3,0.23192114437521782,0.11556479927891411,2.85797978363338,1.4294305255232065,3927
108,3,0.23590822291555802,0.1517692168811438,-2.381980339811413,2.5039101172838856,3927
110,3,0.23711857398219693,0.0695217825843695,-1.9225725248794812,2.8916095700093956,3927
112,3,0.23735930729861698,0.08667349561553164,-2.689882957237687,1.0993285473031658,3927
120,3,0.2423340914794555,0.0823807774819563,0.1476319514107432,2.6413956836940247,3927
121,3,0.24262274147565543,0.15510509631804797,2.8996097519023887,1.45862600932835,3927
197,3,0.27653020726052824,0.07794499765032425,-1.266720488377089,0.7469248325229796,3927
203,3,0.27877909368100207,0.12572571083492895,0.2602217540780466,0.2283923030994273,3927
135,4,0.2503906096326254,0.09481034929418704,0.07809385067828856,1.9743313359654657,3927
172,4,0.26789806245454617,0.09626400031037967,-2.5497378730225106,1.3435790609698999,3927
237,4,0.291069292937736,0.12864302877035844,2.6938633680730644,1.3203403006476095,3927
249,4,0.29360407542933453,0.12753080472252545,0.1514250376825806,2.654973671678475,3927
270,4,0.300981151212834,0.11113248583581761,-2.5873360737249445,2.898342993709071,3927
277,4,0.30417777671350776,0.1393968741881463,-2.2792880976178056,2.825778754605542,3927
286,4,0.30660674693388223,0.0780310055780032,-1.4058816795429736,0.800403819375466,3927
312,4,0.31453934272124684,0.18131471415182027,0.6209853628080172,2.1486708847691935,3927
401,4,0.34007127662101755,0.14421479501419937,-2.6093143959443252,0.1458679576374357,3927
414,4,0.34234106617233484,0.1876413461432003,0.7399577601476341,2.4980926673798085,3927
340,5,0.3257925129880357,0.1381407868888484,-2.314813579734988,1.5903855285802997,3927
398,5,0.33979529576141554,0.13955010520843292,0.0688461568765923,1.9284152717152594,3927
461,5,0.3509119041062664,0.13557706025608054,2.852718486238073,2.9581834774324816,3927
481,5,0.35468689996719593,0.12325315109239166,-2.0812759404012047,1.7437639434125027,3927
588,5,0.37426997890802227,0.1829114125653639,-2.2384451703875796,2.531789410173082,3927
690,5,0.3896881100393107,0.22227825820449507,0.6259492908422021,2.430919583100823,3927
881,5,0.41517960206562654,0.2247359112852822,0.8576716187362731,2.6724937656036856,3927
929,5,0.42181705878248266,0.12540128071418294,-2.814266728854976,0.4532497155927356,3927
774,6,0.4017936123863687,0.13702500421758185,-2.0533781634978916,1.860598741688609,3927
817,6,0.4082757003193992,0.13670042498389764,-2.4522129985905514,1.9126624054580317,3927
854,6,0.41198602947633967,0.13310434587377767,-1.6968940291348753,1.7169814291722905,3927
947,6,0.4238742934330759,0.20667299866187025,-1.9189021139814215,2.45518578120253,3927
964,6,0.42665071688271994,0.22401316663971543,0.4043840578936406,2.5142576919150432,3927
977,6,0.4289168043139735,0.18057201364115577,-0.2762411505696038,1.9187423742968344,3927
1062,6,0.4379222097473794,0.1551570151622992,-1.622965579019466,2.6709777901002383,3927
1187,6,0.4499926840058913,0.1509574784833742,-1.8192725938424017,2.3658930108882315,3927
1194,6,0.4505670274543089,0.17714987101250107,2.43845107776823,2.5143847555339005,3927
1203,6,0.45165331449585044,0.16610655833168786,-1.7857947075446314,2.534069524703725,3927
1312,6,0.4594063841824191,0.1478476336292593,-3.0546625685980375,0.2499138649217152,3927
1333,6,0.4608120026702217,0.18859600482515845,0.9019669299347547,2.7795515430740965,3927
1238,7,0.45433529531512273,0.1422730150419488,-1.78667011859642,1.6112701258455846,3927
1460,7,0.47116184129102523,0.15135028769971545,-2.265120150121647,1.5854607003141257,3927
1509,7,0.474613707700822,0.17707993078000786,2.587579606590953,2.620348303411593,3927
1593,7,0.48180657095294366,0.14575958262700814,-0.373549041022717,1.7754932552721576,3927
1675,7,0.48718026875046216,0.16661608364033353,2.774405615943257,0.20873883980613,3927
1801,7,0.4953076869122731,0.2075636041964646,0.8661774866709339,2.7055903981325966,3927
1825,7,0.4965014539071332,0.1714001434327476,-1.8316768906685494,2.4570479373983787,3927
1944,7,0.5042913208080143,0.14383078138848743,-2.2669106177651384,2.0344344015294147,3927
1856,8,0.498505263466694,0.13641441366097143,-2.357875877936923,1.6728206057134576,3927
1971,8,0.5063212438557794,0.12635121953229567,-1.509876330280163,1.6626540077468317,3927
2122,8,0.514289281749674,0.1699331108729936,2.2694353876989752,2.5609918869705077,3927
2126,8,0.51451588582271,0.12373394479362423,-0.5209840357250549,1.8785584390507029,3927
2186,8,0.5184041091606586,0.1753071417393303,2.1162748208553905,2.5842951692925586,3927
2323,8,0.5292910526963704,0.15547588413580685,-1.7092368146828707,2.3067532248964104,3927
2354,8,0.5312026476632005,0.19250114014776834,0.5287857704726471,2.8004062696352716,3927
2425,8,0.5354641482949333,0.14485976064596928,-2.2875227523745743,2.196997070797583,3927
2551,8,0.5460574358469121,0.13759626696422406,-1.6688982473108878,0.21161368192296862,3927
2680,8,0.5569274928412353,0.1246562904527335,1.745724856051996,0.18402388914713788,3927
2781,8,0.5659230648154219,0.09135290536437549,2.3702712385566955,0.11311253384870493,3927
2683,9,0.5572497384256248,0.12806460028825017,-0.4527393187502494,2.1107810101569253,3927
2717,9,0.5597570636971435,0.1661368905299189,-2.0450336024733877,1.767080290515199,3927
2786,9,0.566164726846178,0.1249482919495093,-1.2857298504853467,0.2297997840438403,3927
2989,9,0.5859976125876517,0.11672316534625864,-2.0434008774944616,1.2670828381597792,3927
3110,9,0.5974945720945861,0.17189198286748175,1.4245826996614668,2.795144134831134,3927
3120,9,0.5987247539212315,0.1090603479611655,-2.1500851537150716,2.191801169165988,3927
3255,9,0.6182843616001773,0.09125453576371927,2.07164780512262,0.42370595904301894,3927
3216,10,0.6126717543424225,0.11097897500057623,-0.7111906051590855,2.51244501109527,3927
3282,10,0.6228359255290693,0.18267945689672124,-1.6937563293580977,1.846250265201915,3927
3314,10,0.6271035621044373,0.13794544146267437,-0.4649868767976218,1.7948122021524573,3927
3359,10,0.6348026814489731,0.15039236943299925,-0.6995228387043692,0.5013056074203343,3927
3407,10,0.6433292720793578,0.1552333977476802,1.874522810236603,2.9206131966972446,3927
3412,10,0.644066503301197,0.11224571967749594,-2.027647634652159,1.9592259398485727,3927
3524,10,0.6671371859356198,0.06651770562905135,-2.6565938745934186,1.0988063570018167,3927
3670,10,0.7035537121759577,0.071551812129188,2.6753786690315375,0.3582648700876064,3927
3449,11,0.6507579610084998,0.1639780007923336,-1.6544477897471532,1.8489839066330216,3927
3472,11,0.6547609774491014,0.15166278727707752,-0.486919582990115,1.6785562019546307,3927
3476,11,0.6557546547890146,0.11936650829004965,-0.6421316462272912,2.588176548174097,3927
3531,11,0.6687833334710171,0.09071732241713447,-1.274288519757936,2.5589654957823127,3927
3571,11,0.6795071901567166,0.054317946290908206,-0.9675361978453718,2.2816525894492607,3927
3618,11,0.6913172481314315,0.10156047306463113,-2.3603941669782,1.751516010844934,3927
3633,11,0.6948002134326836,0.10148144406479319,0.1918108218758149,2.5453964794438018,3927
3679,11,0.706166305000111,0.06687509402347758,-2.67761946437532,0.8469822390214476,3927
3719,11,0.7145497159425208,0.07885591252729986,0.19440254001005028,1.9534736423668848,3927
3740,11,0.7205407608479845,0.17233566038298173,0.9617344793437012,2.645461182615878,3927
3757,11,0.724994901262578,0.10412515602426288,0.7269457748030894,2.0810546964784313,3927
3794,11,0.7445793313777866,0.0814988769223613,-2.9696250606897197,0.3449445457242702,3927
3799,11,0.7459163447114744,0.12408809378319315,-2.5760314765700922,2.2381651770415356,3927
3664,12,0.7025720936005693,0.1256333620912198,-0.6073892755465493,2.219602963506849,3927
3704,12,0.7124739452034571,0.1921819761372434,-1.3748479836393956,1.8379208536210068,3927
3727,12,0.7162181450750087,0.14268540029077023,-0.8808880661518759,1.743919304164443,3927
3747,12,0.7231113265783073,0.15639877622447743,-1.281117294596097,1.9399178833410329,3927
3771,12,0.7306769903097203,0.1231481561259878,-0.4987785744596878,1.910192022154157,3927
3788,12,0.742418203712659,0.13974857719720052,-1.0446229984222297,2.6004231660730874,3927
3809,12,0.7493361680212445,0.07889875220373209,-1.6179475846134894,1.7170767183846332,3927
3825,12,0.7580709202322302,0.026613450721759264,0.01979243889715598,0.19785341672305978,3927
3834,12,0.7616260504471716,0.07971970019666805,-2.584528453080846,0.4473292615192644,3927
3846,12,0.7687491642268127,0.13403050899763494,-2.8186980617585564,2.48134846146383,3927
3847,12,0.7693635724485485,0.05439527002958008,-0.37714910180492833,0.690518339161493,3927
3849,12,0.7707702289019035,0.1090358366372159,2.3052418810901156,2.752580147727792,3927
3866,12,0.7820804846576752,0.13107613302778373,-2.9117615626867033,2.2719135151135137,3927
3893,12,0.8165446931634917,0.11479522381891945,1.0850659668669969,2.2255638816911634,3927
3840,13,0.7651935279787448,0.1481964914007102,-1.3906596932082678,1.9740501739721668,3927
3854,13,0.7748038727163521,0.16539690108224356,-0.5746137085303077,1.7866488656843267,3927
3858,13,0.7772145379127724,0.12511813230538021,-0.5671900358615414,1.7984354513931509,3927
3863,13,0.7805061011552327,0.1570018202044603,-0.6807254264469227,2.3233302594392025,3927
3870,13,0.7853325511570175,0.13580848236921608,-0.7980052594356805,2.701894663565576,3927
3871,13,0.7861578044898639,0.10033497093002207,-0.6054703390272657,1.6122042702223398,3927
3874,13,0.7933105090806872,0.15836831205917642,-1.3806881362385137,2.4439006859959354,3927
3886,13,0.8046315127895775,0.11427346409080504,-0.05005950154180864,1.573209065715916,3927
3891,13,0.8108882922670311,0.051311874797292996,-1.1213087269493016,2.5064058122419755,3927
3896,13,0.8192147931341953,0.06283070397869203,-3.0054328575601055,1.0536821307514597,3927
3897,13,0.8194651693069023,0.10157911277993797,-2.5008120402341616,2.391669619390457,3927
3902,13,0.8229137494688681,0.08761809861408751,-0.03712131340043902,1.7042558466068698,3927
3903,13,0.8285095977880653,0.053585740225833955,-1.9466290887424227,0.4017982978192738,3927
3904,13,0.8297308876902217,0.11742527543576882,-2.7939109751556535,2.569902399659296,3927
3908,13,0.8502006324513474,0.055194567446047886,1.2077072697863493,0.38598521182739154,3927
3912,13,0.85976276085166,0.0887348588480327,0.25285682890162847,2.3257472020133196,3927
3916,13,0.8643281548345852,0.08848573787897211,1.1211506252077388,2.4168697677121074,3927
3905,14,0.8304877953511641,0.16950385342030924,-1.334444149567086,2.237602268211956,3927
3907,14,0.8375408616405752,0.12896789284044663,-0.2549723444263523,1.6137582533873474,3927
3910,14,0.8549387622298135,0.11086784012502,-0.19632648301035324,2.8852353857627424,3927
3917,14,0.8659043260887789,0.09331670910711849,-3.0743574910553946,0.6414308277987456,3927
3918,14,0.8764108066109193,0.11198895340689503,-1.0384216832814743,2.6445430825795544,3927
3919,14,0.8828481510491452,0.10491643111793797,-0.4487347321030852,0.9272454654745678,3927
3920,14,0.8856762994591331,0.1005576433643626,-0.49839628705185507,2.4042928386666564,3927
3921,14,0.891462303718398,0.05044282396179823,-3.0138790489986294,0.9791211211659238,3927
3922,14,0.8919905155614266,0.043502490827382743,-0.8883760354814945,0.23203606464910018,3927
3923,14,0.8972222440656215,0.09799357561626845,-0.09094722155206753,0.24744949169100539,3927
3925,14,0.913832548339164,0.04530077004043869,-2.131165504483957,1.139012989377782,3927
3926,14,0.9315616855919134,0.05724635331360414,0.753396824689206,1.760783858157197,3927
3927,14,0.9510429907139489,0.0399544222935119,1.9388177703791774,2.0199605198931847,3927
3928,15,1.0,0.0,0,0,3927
0,0,0.0,0.0,0,0,3927
1,1,0.10263179525375032,0.05318141471244788,-2.2950580772374343,1.941461281229507,3927
2,1,0.10564048556105365,0.09020142749498605,-1.3904345787739192,1.6838517432165185,3927
4,1,0.11935113378930484,0.11193687997179862,-1.1916468278985395,2.4919521359719923,3927
12,2,0.15152319298995753,0.11429062850014911,-1.0106213224309804,2.526751346630451,3927
20,2,0.16279552682071208,0.06547878002500336,-1.3848754963763719,1.8609024080354,3927
71,3,0.21767022281833992,0.10424609292345845,-1.5428319469599021,2.1480932392030496,3927
109,4,0.239988659137659,0.11868218101683858,-1.5403203721493937,2.1540614688942936,3927
293,5,0.3106518065519246,0.1762769345052734,-1.310913754562676,2.054030119009687,3927
642,6,0.3805635688319827,0.14028795186920165,-1.0586789475520038,1.8386129606421153,3927
829,7,0.40531850136524405,0.14162609324021677,-1.0991520673936221,1.8711747278238944,3927
2043,8,0.505183862149428,0.1358350699514992,-0.36586392337426393,1.9980993634825792,3927
2338,8,0.5254726197465244,0.14533203093819227,-1.2854365728712083,2.3989861573032587,3927
2671,9,0.5531442915883372,0.12146807423190834,-0.4713151937110863,2.1348913155040914,3927
2779,9,0.5613735589353348,0.1504895143549093,-1.480913261857255,2.2843973078120343,3927
3083,10,0.595159394501551,0.12314118304773165,-0.21981637960669417,2.0052271823285746,3927
3291,10,0.6237664303091403,0.1358538769802475,-1.0462645210747759,2.358439962749562,3927
3336,10,0.6290611639583251,0.10679327285446923,-0.8111013777448343,2.5241930141752085,3927
3599,11,0.6792507129936972,0.11468900551116326,-0.6681889522887565,2.1890420959778245,3927
3737,12,0.7237969880392097,0.14794747903260358,-0.5546232691938159,2.3541842258644774,3927
3788,13,0.742600190002985,0.15879498691490487,-0.5701459923254215,2.3104725929170593,3927
3821,13,0.7597867652783171,0.126957729835353,-0.39127181245188697,2.2582845203271824,3927
3909,14,0.8512792465104682,0.10098726727574711,-1.2011546316519885,2.79987972419018,3927
3918,15,0.875582875795984,0.10318724214481492,-1.3606965328810814,2.5957599390707746,3927
3927,15,0.9216213341058289,0.03973283666625598,-1.1861485605305837,2.2834154703853873,3927
3928,16,1.0,0.0,0,0,3927
0,0,0.0,0.0,0,0,3927
1,1,0.057711048304620705,0.057062772432673645,0.9367950843753126,1.3115677614303636,3927
2,1,0.09037749412860119,0.08981066553977138,1.749865806771477,1.0900236193940398,3927
6,2,0.1279101336357359,0.05424913474293525,0.42389560994781095,1.4609936068769183,3927
10,2,0.14710125610824976,0.07262724464298445,0.47551425503959366,2.5818124093245314,3927
18,2,0.16517364895553066,0.09547685508478962,0.6022213149760308,2.4045727303459286,3927
44,2,0.19739830769968147,0.14348934464743315,1.8845687076153856,1.3815906370387627,3927
43,3,0.1967187579286227,0.09623195237204298,0.840889272328833,0.8012316644008246,3927
59,3,0.20917970803294728,0.06249598427930314,-1.026190961001158,0.81788067675383,3927
61,3,0.2099539695718442,0.09030590987773371,0.6875328582790748,2.1201505590866314,3927
123,3,0.25458966315954634,0.1517007205878478,1.808258829758759,1.5732064973601991,3927
148,4,0.26810544758980126,0.16052291691733228,1.7934234957301385,1.6096138765250168,3927
156,4,0.2706373840935672,0.12824745631351775,1.3006454923659985,0.9027913176968796,3927
163,4,0.2738725981524902,0.041378347170281105,-0.8178487469498195,0.5514632584165988,3927
244,4,0.3033059232913071,0.08497928479697754,0.710899153068524,1.0125627497856775,3927
303,5,0.3231964981522094,0.07255840360234858,-1.063891123389658,0.6592238136311487,3927
351,5,0.33663366236405423,0.16453927589616785,1.5721033548683154,1.4931849691426204,3927
372,5,0.3392384092521772,0.15973995954688827,2.0758209066735995,1.341592897263434,3927
449,5,0.3547875624869423,0.09101485419626464,0.4089820136902101,1.3101900004411058,3927
471,5,0.3587110391490377,0.21220602912680508,1.231558698624614,1.0364050283982176,3927
549,5,0.3690215624287403,0.2116904875093176,1.7542757376886695,1.1740627166159918,3927
537,6,0.3678976797731741,0.17874409472485023,1.9530124432320795,1.323011963896413,3927
594,6,0.3762853118563476,0.16902526145654473,1.3942463353196943,1.5809060486375792,3927
620,6,0.380478722943818,0.17495255488825517,1.9349817930843973,1.4343472116304332,3927
764,6,0.3971453184722139,0.10507856279547945,0.13316287486374323,1.485038492622096,3927
780,6,0.400459348583766,0.21031327490636595,1.2958266456001186,0.8773233587977131,3927
867,6,0.4112299875730523,0.07154664579810348,-2.2516315753841853,1.2150897445557574,3927
905,6,0.4147003840932887,0.10275339906731382,0.3452896250991589,1.27110056365696,3927
1163,6,0.4415622146522924,0.18401197379895087,1.4657550773982773,1.1913309642973913,3927
1081,7,0.43328425223381917,0.1445108749666654,1.9789757524048972,1.5536119266436617,3927
1096,7,0.4347129891997765,0.10198406773837476,0.2555746106103406,1.2415031727619694,3927
1130,7,0.43848271915226167,0.06721005530084284,-2.2410027823703547,0.9956343500477592,3927
1209,7,0.44651619381409213,0.10621376417701649,2.080652207090569,1.2862834309227997,3927
1985,7,0.5025633399358375,0.22778716029167512,1.367498080552831,1.332775598364917,3927
1748,8,0.4881162242925925,0.07092485883830797,-1.7107752106028355,1.4025150205705832,3927
1959,8,0.5003060286588558,0.09679149220344237,1.9148696484567345,1.805765339729563,3927
2011,8,0.5036291817379112,0.11783677928895576,2.1330875462356533,1.3742044258297892,3927
2255,8,0.5207035625572642,0.22342677649482512,1.3143784493649573,1.3565685781102144,3927
2509,8,0.5394215258358325,0.13341787295220114,0.2097724780823345,1.5657971439592995,3927
2595,9,0.5457086063473747,0.041340366078513935,-0.9979663172885658,1.61316806049388,3927
2624,9,0.5474808644738861,0.21614104441092352,1.326298361511087,1.4415981853844064,3927
2837,9,0.5680972523628728,0.10324277359389145,-2.0528901624876075,1.391340982272675,3927
2867,9,0.5714048361602101,0.07453653993527659,1.986262042198208,1.8329329859686299,3927
3063,9,0.5902110436443477,0.14937132433643763,-0.050944228633923234,1.482236647080963,3927
3204,10,0.6084458873447313,0.16324819730643642,1.1892874157320803,1.390814560876274,3927
3318,10,0.6237034836650983,0.10606813789714063,-2.0628239080168087,1.5202213044366606,3927
3380,10,0.632616871973706,0.06572649968554821,0.8265814380643282,2.9092232648551852,3927
3456,10,0.6471725257793559,0.06540116921338252,1.144674992717649,1.7042010459507593,3927
3479,10,0.6514263006224091,0.14225952228466662,0.2884537739244988,1.6902953756343482,3927
3719,11,0.7144679543290627,0.08953905104637941,-0.7944645711805317,2.268278462359891,3927
3727,11,0.7168889448036506,0.1144705581165235,0.6558355463316815,1.7304090376474317,3927
3778,11,0.7439362429737221,0.06569939143333774,-1.3756977408335613,2.4982882076192854,3927
3807,12,0.7568294177797514,0.11511354767479483,-0.5921525011855991,2.5441584650508706,3927
3868,12,0.7881765226326563,0.08089501263320482,-1.1017306543043695,1.9985596825115028,3927
3869,12,0.7892021153536551,0.0990662792009321,-0.2333882374984234,1.8571144749567403,3927
3878,12,0.7972351117188942,0.10456765767818633,0.011183941545354814,1.4645115573333165,3927
3902,13,0.8251243406260312,0.0802369260496252,-0.07120209875424983,1.5930125582337602,3927
3916,13,0.8546025273851675,0.06536761245022175,-0.4196775926659671,1.709811275969014,3927
3926,14,0.8911835360431999,0.05293478387639405,-0.18826047209003685,1.364616586859088,3927
3928,15,1.0,0.0,0,0,3927
0,0,0.0,0.0,0,0,3927
1,1,0.044520698474068254,0.009176401938997401,-0.056706627454500606,1.105433951858452,3927
2,1,0.06196803031900622,0.056720040596130374,2.3690251365103605,1.4229438710630968,3927
6,1,0.10708570044393961,0.1049291736527362,1.743997632155386,0.4782162514162013,3927
7,1,0.11080963231802865,0.07914411307691266,-0.4243671865360716,0.6229738052467731,3927
14,2,0.1357443966404892,0.06353925293131804,0.9957639256817268,2.3790858900384184,3927
22,2,0.15192406328334374,0.09571699544119616,0.9848252806705494,0.15332060603234285,3927
24,2,0.15242782175502378,0.1155696305936526,1.9188577969693414,1.5802653586162654,3927
27,2,0.15685546603201161,0.08311556654023725,-0.2866070179112309,1.1604559705497137,3927
44,3,0.1878452550067452,0.13485869748651408,1.9037282199404502,1.3987041699310545,3927
51,3,0.19317237420075795,0.05878528090751101,0.2930934289601718,2.217761133986101,3927
90,3,0.22166741866340411,0.09255324444074627,-2.1027434308429425,0.3762604711128518,3927
96,3,0.23013073726251454,0.11713384186786836,0.1570242167146865,1.0820453420010117,3927
182,4,0.2668436331163887,0.08802492452680716,-2.9926965126594456,0.5135827431166128,3927
220,4,0.2861503885986153,0.11785231168034661,0.06065366803906169,2.5435070294993682,3927
246,4,0.29492360023636877,0.1078363479223073,2.391252539798708,1.2972597488458393,3927
252,4,0.29601000654327336,0.22552966501700752,1.8266239589959807,1.5685784206014703,3927
279,4,0.3032158492812017,0.08313350387656365,-0.03298747952452252,1.5585788623575871,3927
325,4,0.3154751813090185,0.1937326847062741,1.82357688693694,1.4956614195291353,3927
473,5,0.3462478355575367,0.07704578264323701,-1.81750914258179,1.0911831310678248,3927
493,5,0.34981141155531237,0.18436551029752038,1.8127788388736379,1.5616429177152276,3927
537,5,0.357453818215676,0.0720055429554718,0.25104529051097707,2.03253483045243,3927
546,5,0.35842761974612936,0.10303731047276878,2.7612352656268304,1.2399489343142371,3927
608,6,0.3684716971692651,0.18199674454023118,1.8381382543801508,1.597820220787994,3927
906,6,0.40823370170657214,0.06736655856647536,-1.2029602721651287,1.1749938928903658,3927
916,6,0.4091476164583675,0.07719375013243446,0.30830073861817914,2.560360898571764,3927
956,6,0.41447161379470476,0.09383605552498195,3.0470440365105156,0.7830360454518891,3927
1131,7,0.43036909106273225,0.16975090801396506,1.5622120028544972,1.4722685242099292,3927
1501,7,0.46475965206823167,0.04802018258513319,-2.494535498733759,2.9493915735947573,3927
1675,7,0.47733045134448493,0.04831201169994122,-0.436136652990257,1.9227451720948288,3927
2049,7,0.5048794112982713,0.03710830878452046,-2.434643104796789,0.7033003091085601,3927
2322,8,0.5236247993254078,0.15853020752216362,2.108713921317208,1.5363976428565855,3927
2974,8,0.581027557909865,0.054503966912231916,-1.411880811004827,1.6627601771685696,3927
3055,9,0.5914113381322358,0.14147449580320107,2.0361504281229266,1.1393630818025784,3927
3057,9,0.591549289118511,0.12415555157385477,2.175287187944077,1.5671711461513875,3927
3115,9,0.5991809183832517,0.05013011884638693,-1.3837699717740208,1.6608575094012725,3927
3335,10,0.6298030044992676,0.13700532887817468,1.7753284868269947,1.0114926542256,3927
3380,10,0.6367027676463058,0.15724663465999084,2.2446629323701934,1.5750534723759946,3927
3423,10,0.6453828422744313,0.07280963290711213,-1.4544697250513239,1.983037746773048,3927
3442,10,0.6476929604112248,0.11818647245809662,1.682958936260058,1.3274056063061002,3927
3584,11,0.6795726850284488,0.1393782801135201,1.606832926183964,0.9113279024321079,3927
3592,11,0.6816184324148089,0.17321396583304968,2.3341525619827825,1.6916726347025082,3927
3600,11,0.6835937530037814,0.12921852344010126,1.6688068360984665,1.2825678059001295,3927
3649,11,0.6954950429893245,0.07206734939621773,-1.1469377534834113,1.8718641308569284,3927
3707,12,0.7118727119084713,0.11474639498592294,1.4745572499707662,1.3382357468887307,3927
3777,12,0.7378738326829342,0.15155073812447464,1.9185370727835918,0.7446446437718724,3927
3796,12,0.7503937846160855,0.07969793544385892,-0.5009085351876743,1.7648613546784162,3927
3811,12,0.7582976316498401,0.13660653849705146,1.401174357347844,0.9569890503919487,3927
3815,12,0.7605582714571909,0.1449081394354627,2.2011667137471687,1.8632348110794823,3927
3825,12,0.764897285660068,0.04863226707480544,-0.06545843895757204,1.469980055338022,3927
3829,12,0.7669505366275788,0.06693053404583535,-1.2117276409445796,2.2834015243114942,3927
3855,13,0.7853582899586121,0.05953662990625976,1.282995801182493,1.3335652593085872,3927
3874,13,0.7960165925492413,0.050540785724160084,0.1716418391323201,1.616426125199719,3927
3875,13,0.7984844810560369,0.14350220354958393,1.1042969232596238,0.8995547735646084,3927
3879,13,0.8038801447473027,0.12037600412136842,2.100164585629973,1.701357269361381,3927
3889,13,0.8145395775939487,0.1315572513364,2.0284718038796306,0.9075576157373924,3927
3891,13,0.8186262535423952,0.0445165513824688,-0.6754157320423768,1.6018795351412,3927
3897,13,0.8265979330540979,0.07417612181368077,0.08774359006187087,2.154947484615427,3927
3907,13,0.8358299387062035,0.0671248366824785,2.712924970937939,0.9821746126066943,3927
3911,14,0.8434395313079037,0.0950618121577826,0.846732553841262,1.4541472520240777,3927
3925,14,0.9211976187590153,0.030146321266000097,1.6386640606345253,0.6437400115104189,3927
3922,15,0.8932337904573724,0.07922365348499345,0.7342412989945212,1.6787233128606691,3927
3926,15,0.922946390314937,0.06655809788930318,1.5847308564323297,1.5712702748821714,3927
3927,15,0.9453567686045959,0.038132052328828776,1.1066953235098078,0.9181192859332219,3927
3928,16,1.0,0.0,0,0,3927
0,0,0.0,0.0,0,0,3927
1,1,0.03621767524817954,0.03492347079153128,-2.8117905588518153,2.2123764333276483,3927
2,1,0.1077180198168406,0.08952112561058516,-2.9709642381757897,0.5277974447579972,3927
3,1,0.11237933722089644,0.07621041770494327,2.015806984432028,0.8143771423281193,3927
4,1,0.1129416489010695,0.10047537562511187,1.3545107298548695,2.3881759545373535,3927
5,1,0.11640476751028195,0.0658292344472546,2.6947842449620247,0.22479632384770287,3927
10,1,0.14519459346156138,0.13677146475305393,0.7874193656428489,2.9097075119986946,3927
13,2,0.15064929247825976,0.09946678977965517,-1.6238195757336586,1.966381356757459,3927
14,2,0.15330184114653478,0.1071905670112614,-0.8635796667113737,2.2332031585597476,3927
15,2,0.15482531873371785,0.10934349918849046,2.089210827676127,1.3468955943620917,3927
18,2,0.15813359137943017,0.06661821461610826,-0.8482610713184512,2.842754531838151,3927
19,2,0.15824114731095607,0.11272862853224626,-1.7061143640466179,1.7015370111225492,3927
26,2,0.16665497891373426,0.1530969198066161,2.9416546488060566,2.430332361396764,3927
27,2,0.16826562359716757,0.09995817184933659,-1.5135410533938518,2.6279024061664176,3927
34,2,0.17319862016526122,0.16154751707824264,1.010495230571717,2.926842428326213,3927
35,2,0.17356509083670557,0.07658949432786567,-1.8422658369099076,1.7385677540788291,3927
36,2,0.17439055971067796,0.1506140155032573,2.75562881850663,1.3520647836989639,3927
37,2,0.1747575104107626,0.08449664570388815,-1.4461216965256822,2.2967623454543067,3927
46,2,0.18198141957312863,0.11678709997410713,-1.5976838562485318,0.2707256304444891,3927
48,2,0.1879557652701035,0.11727144548694872,2.421583009226148,0.810659987692946,3927
56,2,0.19773920835103054,0.07409304124372386,1.1703490063049535,2.026318169715251,3927
62,2,0.2027689338607822,0.08375456407444178,-2.627395001624715,2.3434856278043887,3927
63,3,0.20474080709130782,0.11680286798135245,-1.4343924597121511,2.0633437392782956,3927
73,3,0.21440467141283004,0.06635626682908782,-1.5797476812889348,2.842400854503567,3927
78,3,0.22338982628586757,0.09322782882915447,2.115605092907101,1.9138930304398754,3927
80,3,0.22581560617475605,0.14817505699200878,-1.8047137899077845,0.17961585607140837,3927
98,3,0.24154207398707006,0.16329957083148186,-0.8446489136679851,0.38501759245183176,3927
102,3,0.2427737008907901,0.09070704481263224,1.315887456177947,1.8535170321770353,3927
104,3,0.24417086497788143,0.1589609320965774,-1.3245727218186283,0.29040123082015584,3927
107,3,0.24569011416453423,0.12967959449001107,-1.7319617704180563,1.7022171003833955,3927
120,3,0.2527318962660059,0.20649880474053192,-2.3382222824592414,3.0134391235742477,3927
137,3,0.262068918570731,0.09396138096708707,-2.1215910694482387,1.955204600301112,3927
143,3,0.26621537236978376,0.13153433233282458,2.5800761692202174,1.298226830796679,3927
159,3,0.2734719866185449,0.2451999023930264,-3.132887876763236,2.6707424326434537,3927
205,4,0.29263135516767047,0.040314662388243716,1.4939352323301829,1.6236257494546016,3927
206,4,0.29311386086737123,0.11371569678968581,1.6399509396688816,1.643015255709802,3927
225,4,0.2981202935723951,0.15188890414953263,1.874577222349741,1.6055002281583546,3927
228,4,0.29853131837303304,0.13171901861755253,-1.612446581412231,2.57702525326961,3927
246,4,0.3022325716807419,0.15327024934386557,-1.5151517564295212,0.4839614771876961,3927
259,4,0.30523429761937926,0.08626090099029968,-2.051997122223793,1.5989433669071362,3927
272,4,0.3096442608238149,0.2056883462727122,-2.6020302622313976,0.4259582552442898,3927
307,4,0.31976199457935595,0.11113589441272866,2.3632496108223227,1.557817071216718,3927
309,4,0.32076562029498823,0.14424966982759216,2.1207338099336797,0.41818240288825775,3927
322,4,0.3234355708943669,0.24103570414349126,-2.877942792193744,2.8504405456144943,3927
356,5,0.33170476540972404,0.10559555526961743,1.5908586414049493,1.7923963035772363,3927
438,5,0.35008471008105535,0.23096699679761482,-2.9521449335138237,2.782351646537651,3927
444,5,0.3511424007527333,0.045742002413211705,2.601985258007287,0.7076707408805185,3927
456,5,0.3536677444248969,0.1645730514505055,-1.8381414463336916,2.3535422792420913,3927
532,5,0.3675548991400761,0.13053100252003955,2.2900394072803016,1.605792511811011,3927
539,5,0.3683576113578081,0.08595661606666546,-2.3159973670531366,1.1112944421384507,3927
567,5,0.3724443568650738,0.1726610084209235,-2.3320050281878384,0.6102649374617874,3927
730,5,0.3988690920310054,0.09596779796668388,-2.3963629761271252,0.15144292884821525,3927
680,6,0.39208122357756947,0.06996264777629672,1.8516552743725212,1.9896422441283987,3927
826,6,0.41176314367883005,0.1589113137859107,-2.203915783904013,2.154483872920609,3927
896,6,0.42019101530965675,0.22155390666253502,-1.898975573837944,2.374718620962817,3927
923,6,0.4228613761616382,0.11123438465268935,-2.6038803916884525,1.0736165298661755,3927
1028,6,0.4317005623556782,0.1878370043010883,3.0265899020947282,2.9313859346981945,3927
1032,6,0.4322466249652188,0.09601267829411325,2.4759868898367507,1.4428822914062753,3927
1106,6,0.439060991978518,0.19749391991506432,-2.4069953022055834,2.357253220312608,3927
1211,6,0.44941025512320454,0.13322673388753412,-2.219312188598812,0.44004626494907645,3927
1301,7,0.4572517372237681,0.044188761824354494,1.8458572748360516,1.6773930535062018,3927
1413,7,0.46630427921110373,0.09589528926132476,2.1968196003881615,1.5536921180812293,3927
1917,7,0.5001888080636855,0.1109736216249178,-3.1052633657026267,0.4455190480585461,3927
1983,7,0.5044106015078054,0.1507461583982773,-1.997072419292341,2.825298158487826,3927
2124,7,0.5137061827929037,0.14848709459968293,-2.0360822626861603,2.391730558588226,3927
2096,8,0.511606718351935,0.07276812542223532,2.5211386607097563,1.4043817982952873,3927
2179,8,0.5184124911608702,0.12238666812502037,-3.114183672115742,0.5619692561582179,3927
2709,8,0.5626490348739692,0.1276465877738139,-1.6908874005373196,2.4847473141446343,3927
2770,9,0.5692078035511943,0.12275123297311977,-2.328055330260081,0.3825419831393254,3927
2874,9,0.5795248517187109,0.12950730178977451,-1.8104401157208871,2.3891000247828558,3927
2986,9,0.5906257187722616,0.07421848407823953,2.5746460944076572,1.6336957411956046,3927
3346,9,0.6398947890067538,0.07713139787102909,-1.687116233451865,1.9891646043063735,3927
3249,10,0.6245591873531293,0.06172808775400801,2.5123391577100675,1.3738803172580027,3927
3325,10,0.6369919643993562,0.09408036421394515,2.791966318445632,0.6182758083773682,3927
3443,10,0.659077598979548,0.05047050238341196,-2.5098271426899004,0.8925841462568872,3927
3648,10,0.7051387812621874,0.07053305014348106,-0.9623705429653553,1.6823858650764358,3927
3614,11,0.6946623534735622,0.069023272394926,2.861997398159008,0.20436285938809876,3927
3706,11,0.7195869739849671,0.09473070386289578,-2.164443363401073,1.0440650130150504,3927
3771,11,0.746274611707216,0.04041454569454769,-0.9928957496192529,1.3390145419042603,3927
3850,12,0.7865179117145047,0.04999730728570289,-1.4824705116349604,0.978444013172115,3927
3868,13,0.806938373322972,0.05418675811357078,-1.0944988526351047,0.8228388232419155,3927
3917,14,0.8899459501473094,0.06401148618804323,-1.7606019605918621,2.2054024477383307,3927
3925,15,0.9106347247255024,0.0510982829086577,-2.016641489922637,2.372468423630695,3927
3928,16,1.0,0.0,0,0,3927
0,0,0.0,0.0,0,0,3927
4,1,0.10047463497668518,0.0679356662542675,0.2559271639631101,2.619336320912245,3927
12,2,0.1406373575423795,0.09492328775099379,0.4859330135632828,2.4553172759706148,3927
33,3,0.17332205294145464,0.08192734865928028,0.458287416409073,2.293928906360881,3927
59,4,0.2035218788993245,0.08556986889380995,0.7624546220567523,2.2652854612309063,3927
105,5,0.23593083944149462,0.10828942663221497,0.7424789261287944,2.4975195199054623,3927
119,5,0.24334020021630687,0.07058435390854112,1.1340770173587902,1.9968073364901784,3927
150,5,0.25677774301218814,0.08519881387139897,1.5623331362600579,2.546764349386632,3927
322,6,0.31283109318071134,0.0917007994508873,0.353044291552509,2.069431694288097,3927
424,6,0.33447351930750824,0.0955114961411507,-0.6506000971683744,2.7758141008783648,3927
465,6,0.34303116987561966,0.08513124588589963,-0.7681579046930793,2.2549563827294823,3927
704,7,0.3806975776561847,0.1016604980225557,-1.4400935286694005,2.7092298822674628,3927
808,7,0.39414193619052806,0.07733625041522402,-0.655580417663272,1.9226168871690676,3927
1057,8,0.42157129607607646,0.06733964895549822,-1.445621246292495,2.8921856923337574,3927
1238,8,0.4390663978118714,0.077240809391374,-0.9378080776145143,1.8458444430389902,3927
1357,8,0.45018496346514625,0.07659979378673848,-1.1638730961341976,1.9883545189876155,3927
1748,9,0.48038093242154256,0.07974370609746097,-1.2962417890067468,2.0904683862571662,3927
2271,10,0.5179841433326005,0.05912037260073332,-1.2267102921076913,1.6341440998401806,3927
3136,11,0.5968257383037454,0.06865741541436911,-0.7164415521544011,1.6551835725557025,3927
3246,11,0.6156426426150469,0.1157500074993714,-1.6772213351855632,0.9230882968974812,3927
3469,12,0.6478700460220913,0.09032925913129113,-1.535741524154893,0.9955355532175647,3927
3477,12,0.649206949575748,0.07469666861058892,-1.0996815541066132,1.5733185075707181,3927
3557,12,0.6652607000419682,0.10693823371189867,-1.9601101841224096,1.0781601742465323,3927
3678,13,0.6951311462054889,0.122176416095893,-1.3254069583689814,1.0162961584977928,3927
3690,13,0.6991071017540562,0.12277138041231613,-1.9580506356727991,1.3166899369503782,3927
3719,13,0.7102229303843407,0.10546622251747434,-1.5103005630396587,1.82618415047593,3927
3825,14,0.7643283848449955,0.0829867072635294,-1.4232693944055907,1.4074182961815245,3927
3832,14,0.7690364030450706,0.1295933042230934,-1.8572294979860362,1.071453144330406,3927
3848,15,0.7815948217861356,0.12762215342051222,-1.8018865303749487,1.1248803257100954,3927
3898,15,0.833369182296509,0.06677087923610141,-1.409130106434046,2.075416854969642,3927
3909,15,0.8592712796683397,0.02937013531856995,-0.1763127728243548,2.2093487557837035,3927
3923,16,0.8789021657037123,0.09051100141273886,-2.389682280137833,1.535379519440751,3927
3926,16,0.915950522983664,0.05032358865186391,2.1017442324427806,0.40351269096474357,3927
3927,16,0.9285587618556592,0.04590843422938441,0.5188759115999163,2.631923308216019,3927
3928,17,1.0,0.0,0,0,3927
0,0,0.0,0.0,0,0,3927
6,1,0.1000595136800907,0.08383508847314064,-0.18213428793827607,1.5810001032753491,3927
8,1,0.12200529622157252,0.11779856606673736,0.020471127748439538,1.3147723180890505,3927
41,2,0.177801065336197,0.14433548180575742,0.2809697866165396,1.2112396152043776,3927
59,2,0.1971191771773274,0.16019002769837523,-0.15595821054042422,1.4844074970364367,3927
61,2,0.2016576192620786,0.15973741630201815,0.3838641614683308,1.0902692714824347,3927
189,3,0.27287519961432616,0.18986741950689373,0.097445186870321,1.3271000477662618,3927
381,4,0.32877149519269444,0.2246359246597254,0.12874517534444946,1.2269272990544042,3927
826,5,0.397587731850888,0.2226742217993773,0.236082378259545,1.1785237278488,3927
1063,6,0.4256879911855308,0.21268168641600624,0.24466993213499225,1.2641368130994504,3927
1455,7,0.4618781169570457,0.23153530431986696,0.22119276964853754,1.1374478141782485,3927
2326,8,0.5249093764919742,0.2723770936668381,0.054569745044038095,1.082678653040038,3927
2784,9,0.5630390373378847,0.24414559304011546,-0.01826653215303051,1.1468385118036037,3927
2993,10,0.5859965177291546,0.2387872835496033,0.052790560529840595,1.1181063824005872,3927
3396,11,0.6422269521684424,0.22778709082934037,0.21351922467448198,1.2172785306604887,3927
3594,11,0.6819866213737488,0.18871998608907853,0.25762938898730725,0.8193806848475966,3927
3681,11,0.7030270729788305,0.15222225576586476,-0.15133351356837832,1.3088767902018126,3927
3583,12,0.6784885415861859,0.2221218795975111,0.3189169295203089,1.2458058788841182,3927
3762,12,0.7271402418058389,0.18031622566920738,0.39501698362805887,0.7460783489795553,3927
3821,12,0.7547083266071276,0.13111385797957611,-0.3500681856502404,1.1042668385648091,3927
3742,13,0.7182238909694564,0.22929534915643707,0.27503055301992085,1.1625620825465532,3927
3832,13,0.7614517729849903,0.16989508432989062,0.3380194953130247,0.5688688904312452,3927
3852,13,0.7732689398130765,0.13531407824491784,-0.4161985607246196,1.1853051352578854,3927
3866,14,0.7850142385140336,0.17689208347551236,0.29357500935617137,1.1460682972667067,3927
3905,14,0.8463346235828842,0.11483166788986768,-0.2913310672166787,1.2845013841607975,3927
3907,14,0.8507212285106903,0.11859383591649982,0.7226661714684961,0.32981161949463905,3927
3920,14,0.8881463423555211,0.08689500677726199,1.6090338968739861,0.7087673235801715,3927
3918,15,0.8793475940716106,0.10266297612036282,-0.06161902629711083,1.424569383033948,3927
3926,15,0.9295974693991796,0.06504131726171478,1.1673407042117596,0.6549551174184631,3927
3928,16,1.0,0.0,0,0,3927
0,0,0.0,0.0,0,0,3927
1,1,0.0498924693246382,0.03275947441395451,-1.309487805763804,0.921804145973534,3927
3,1,0.07217537016640418,0.06107997814509449,1.5912482874573333,2.0227518909148774,3927
4,1,0.08000221810985331,0.0743709601387918,-0.15771648441413547,1.03321938603896,3927
5,1,0.08360555950616666,0.05640953929842425,-2.718264812465794,1.0496257882153213,3927
6,1,0.0842206712936614,0.0163097757638539,2.23265325654419,1.144967673875311,3927
8,1,0.09349745175995194,0.07748322210938895,-1.6030247713434513,2.6181090033941814,3927
12,2,0.10861774010359693,0.08060365093388837,1.7071280312070667,2.175001815179617,3927
16,2,0.12431323851069309,0.06987487205530109,-1.4000739516454876,1.9316228416581152,3927
17,2,0.12450309312211327,0.09912878983519968,-0.011459671413425472,0.7845326641199655,3927
18,2,0.12520754185518723,0.10151746346491575,1.3856070715110824,1.6466201765861332,3927
19,2,0.126916927312421,0.015870257692546363,1.3808308025593183,1.2832905349104045,3927
22,2,0.13210097091622375,0.07163100273806848,1.2161243066090222,1.6027040672426003,3927
25,2,0.13424009998080522,0.06246751399545507,-0.7359817886840371,1.9883501087188462,3927
26,2,0.14120670221516762,0.06684550447481245,-0.6871818038540103,2.2936830908643873,3927
27,2,0.14186841912078196,0.11811694367978107,-1.1569940332356783,2.6538580898269926,3927
31,2,0.16466913804839056,0.11274334867058658,1.4797534457335808,1.1110979134478671,3927
33,2,0.16909685770700844,0.09043062999480399,0.4875981142591961,1.1889313035211417,3927
37,2,0.17663956608937892,0.1495680825615797,-1.9950117874519349,1.1860261168082795,3927
40,2,0.18016619174974824,0.15405322525598658,1.7994603300236713,1.5237470600009089,3927
51,2,0.20474183049612538,0.17993811034081314,1.6034937551320227,1.5156945816313296,3927
61,2,0.21279226404802765,0.12503864674592538,-1.6467560689296696,0.9919064547954504,3927
41,3,0.1830862413634211,0.12296233443015626,1.6217162080540986,1.9370888838305502,3927
46,3,0.19550999369260713,0.06497704599841288,-1.23409922769584,1.976778031408083,3927
48,3,0.19729772233243437,0.055917009165149474,-1.9980282864751007,1.6321882218890065,3927
50,3,0.19890570616303205,0.11496009430912996,-0.11778081876503005,0.12919127597369331,3927
54,3,0.20685355386379345,0.10570766942188861,-0.20964608527465414,1.0805178934568525,3927
63,3,0.21311532042678072,0.11529963452225818,1.2106528121803681,1.0630062216453218,3927
66,3,0.21626222530422534,0.08649214409074069,1.2532113347287213,1.207018877643732,3927
67,3,0.21695050555950945,0.12826857421530466,0.1731786880941855,0.4133653498725062,3927
72,3,0.22086900503547535,0.15291381335406537,-1.7961622548532727,2.2896635709354842,3927
78,3,0.22592222546272978,0.12213559803280546,-0.3272920510330709,2.329186082108921,3927
89,3,0.23385851607757657,0.1700790510314265,1.5608416983528859,1.6077384411166955,3927
96,3,0.2360189522608337,0.10412273271033216,0.1858973863131232,1.4433916689900361,3927
104,3,0.23886176857087627,0.1961680053525379,0.0734153575760211,0.5856985422992997,3927
108,3,0.2401388727464061,0.13040096192671835,2.2731510604830634,1.5144974288554298,3927
109,3,0.24046044756184182,0.1340067074732272,2.196197048489485,1.4111406460147522,3927
120,3,0.2431912891703839,0.14017489889348064,-1.5486718536203514,1.1552597669909723,3927
122,3,0.2439721880668725,0.1116916081609767,1.5258844404201986,1.2076468474449338,3927
81,4,0.22760233004897712,0.05157591271597416,-1.1129329409030684,2.066072758332227,3927
132,4,0.25042367082252626,0.09893272280535924,-0.253796514206963,1.2642502893324465,3927
154,4,0.26393684530501405,0.1787010953156765,1.526157714190784,1.7925352031539545,3927
155,4,0.2641603850597818,0.14197769860663703,1.5845638187609488,2.0994657226110602,3927
170,4,0.27287826830103146,0.13175897024409497,1.6066847486689562,0.7018140915139331,3927
173,4,0.2737561039945041,0.19010036294437252,1.6506245066426646,1.5549405880688567,3927
174,4,0.27378778592815856,0.08845522219568086,-1.3667121334462478,1.4699114787008611,3927
179,4,0.2751506142117264,0.1603305166455532,-0.9347786699916386,0.10023827468459184,3927
182,4,0.27583245667454925,0.17703026112879658,-2.0145775181295145,2.111123409380931,3927
209,4,0.2818084148687491,0.12077559259199853,0.0387765787030135,1.7344120954570752,3927
243,4,0.2945993833614632,0.08039994656756855,0.7570563486686465,2.823853998942321,3927
246,4,0.29532786537868183,0.1988658420544604,0.025301479133379826,0.4550923026294808,3927
251,4,0.29682715028999085,0.1479030875341303,-2.38403358091482,2.1396894958859725,3927
252,4,0.2970789763162731,0.13768381957827025,-1.0136225045363532,2.47444032744959,3927
258,4,0.299183991871535,0.12234155543857815,-2.39963078686155,1.3361869920086669,3927
260,4,0.2994699304198376,0.11854497047675912,-1.4969668077892349,1.9922980435727244,3927
279,4,0.3062156460484502,0.18420166195917254,2.223320526310118,1.4341162799957015,3927
288,4,0.30817665730019295,0.13091404601997222,1.9634483240996634,0.994612609240515,3927
294,4,0.3097646371284811,0.10692316238461151,-1.6234839092611162,1.2362682645650391,3927
311,4,0.3131390833887482,0.1894783269859015,1.875597196854456,1.8504271978054359,3927
320,5,0.3153749958334341,0.16999307124440283,1.2958989498173081,2.2283549010047325,3927
361,5,0.32416972295057833,0.12959878918293355,-1.3941840429360834,1.2402699005104714,3927
366,5,0.3250175565648703,0.14916286216459182,-1.0257446041001002,2.414175846120368,3927
378,5,0.3281714213106295,0.12795397920410642,-0.3553187393764547,1.1478066651962544,3927
379,5,0.3282783064676079,0.0904399149329732,-2.7439049159322515,2.231555968595876,3927
398,5,0.3324201359609006,0.13218388979126375,-1.4143427246967584,2.7330238405002567,3927
404,5,0.3337436802107021,0.1375712534660356,0.1064154443394348,1.357238840998821,3927
407,5,0.33427306657518896,0.15298356209451697,-0.5997838010451266,0.10135067200119044,3927
428,5,0.3381760180861222,0.1392589690193898,1.2981366693863992,0.6761207595443164,3927
435,5,0.33918170568200723,0.12514752338664667,2.220040412529586,0.888526215949386,3927
462,5,0.3431434634825995,0.1835239766572407,1.7420273743456283,1.5246213236309305,3927
471,5,0.3444442050849573,0.12591610106078419,-0.7845919259879772,1.730500359660087,3927
482,5,0.3470991703005517,0.046498695425973485,0.7401346980998808,2.264369706838013,3927
490,5,0.34805164667522004,0.2077658740602308,-0.6562967252948274,0.15803813639743428,3927
510,5,0.35101121876893693,0.09303973834795533,2.360350214044613,0.4507739984757097,3927
527,5,0.3543647515598316,0.12090433309575876,1.2592359758475786,0.677736073511668,3927
572,5,0.3615385846677708,0.1438506993800173,-0.28989049236219344,0.2888632538310098,3927
574,5,0.36165614029774884,0.18816581464638835,1.992843123430056,1.9730533927350629,3927
581,5,0.3631048271334577,0.07802736203768149,-1.1111643367373085,1.2582351437776778,3927
620,5,0.36838555490425273,0.086199110647209,-1.2742518114515633,0.4097680808374347,3927
622,5,0.36858364327669735,0.09696466376801494,-2.8355017245243417,0.792048669188846,3927
624,5,0.36865537398908177,0.18973360121280708,2.0715008419019854,1.3660778496291792,3927
639,5,0.37228839171453354,0.10488178302002271,-2.0460288572455436,1.7853173241416904,3927
745,5,0.38669316235086226,0.23515945992233167,1.953103758447434,1.4215645773472194,3927
562,6,0.3596762754559921,0.1271835925850063,2.243769578251355,1.0247960419644642,3927
616,6,0.3680036113556946,0.2252600292381428,-0.7740985959485637,0.1208976213407258,3927
664,6,0.3746947904205068,0.1359151573390314,-1.018316434932537,2.5657193901008837,3927
672,6,0.3755327911846357,0.18336021618429307,0.7723220884648581,0.07356603630385448,3927
697,6,0.37964177981415004,0.19333370301908825,1.5306939434126023,2.482251965028256,3927
828,6,0.39763011663010306,0.1488175457325102,-1.8113147372086655,2.6294379153691754,3927
833,6,0.3983912195257042,0.19325523319520008,0.853964235717549,2.458379433092362,3927
850,6,0.401194057676755,0.09742061954007514,-0.3098019267802663,1.2154181534297428,3927
873,6,0.40368381109130413,0.032925635486288136,0.3157799123099087,1.1595444172933531,3927
877,6,0.40395564633629855,0.09182115409407558,-2.4930438016265324,2.71237129501845,3927
879,6,0.40409821150331604,0.13336899515504147,-2.8312280190501538,2.1943377070662633,3927
884,6,0.4049445150664538,0.16012359413705335,-0.39329780316108365,1.514974371682035,3927
903,6,0.40795550084882337,0.10003542884862578,2.5573688258380662,2.1811994684749165,3927
909,6,0.4090248357079369,0.17867068316156134,-1.2842975119092377,1.164909007759277,3927
911,6,0.4090861030042664,0.09214310315628083,-0.19392122042018,1.5772347538475253,3927
912,6,0.40955497340018665,0.11054161651559989,-1.782934989577248,1.6101094289761098,3927
946,6,0.4144308400592105,0.10539098412105809,0.1460306588827326,0.947984640300746,3927
951,6,0.41510524910116764,0.07264210676039126,1.0544284782824787,0.4973893102179248,3927
959,6,0.41575728152008007,0.14506197678756103,-1.5242633231317197,1.2511218351022797,3927
974,6,0.4173157726851767,0.1147389545989762,-2.0743383184975066,1.9807500552367536,3927
1053,6,0.4261969978136816,0.1843149521716678,-1.196083998377163,1.3739148683207034,3927
1129,6,0.43485231390052015,0.14469321010213337,-0.7866176850869627,1.2128029034411045,3927
1380,6,0.4576320891315683,0.09088570053143054,-2.564881338211371,0.5230493255221438,3927
1406,6,0.4600339279161526,0.23554701010197196,1.9814481625895675,1.6625028734087492,3927
1465,6,0.4647313432266561,0.08847585750300879,-1.72562395116954,0.5476933348754636,3927
978,7,0.418149042534975,0.10946524593190825,1.9948636872738779,1.0835122205207186,3927
1171,7,0.4389702025745613,0.21264116606831923,1.5148529295003617,2.5010986323433784,3927
1220,7,0.44403336364276935,0.1811561585024804,-1.0561340565331607,2.2593172139698567,3927
1269,7,0.44777866203209815,0.1889841314809277,-1.029773282009092,2.4500641786365955,3927
1282,7,0.4491753105963746,0.18562030686264877,1.8030058232497803,0.7815181120145451,3927
1387,7,0.4580039949810708,0.12539459180194645,-1.6225794586460247,1.7384103882427773,3927
1391,7,0.45850754142631356,0.10372575956597085,1.1543041705258614,0.3656997184540231,3927
1421,7,0.4611920328961322,0.22667467741352382,-1.1635881844329345,0.0494840327934587,3927
1442,7,0.4626716513980035,0.15687870618469033,-0.2882442531005411,0.3416683251335437,3927
1449,7,0.4631987566974165,0.17304704404425353,2.3930708500645728,0.17085816711300825,3927
1470,7,0.4648793226633936,0.11682136877409194,-1.8773987182854182,2.0567507413332238,3927
1482,7,0.46604597144215665,0.10659074796455739,-2.1736641854335192,2.055814080276923,3927
1506,7,0.46778412984412077,0.12377933713128819,-2.7767504922707555,0.1340069848211872,3927
1579,7,0.47332142914235165,0.13047692261205893,-1.4990665458545913,1.092552121910759,3927
1607,7,0.475259252363748,0.10236948205138635,2.9694403587218465,2.346903448684384,3927
1646,7,0.47817861376082926,0.14948682608832636,1.1749466148764656,2.357904586267205,3927
1722,7,0.4830216397695666,0.11056033606137995,-1.0156534571668951,2.501535139711922,3927
2035,7,0.5043299038568615,0.21262128921444848,2.011170529017682,1.7881130301423478,3927
2125,7,0.5101923584905221,0.1547301507721139,-1.121042276306779,1.6997119541155736,3927
2202,7,0.5150011947908354,0.14200722958802536,-1.0991737930623877,1.3159631867182189,3927
2238,7,0.5186052420929772,0.049241719203748,-1.649094338941006,0.7153987396526001,3927
2031,8,0.5041651920198222,0.12868236940362482,-1.9970026250670392,2.150834021441182,3927
2058,8,0.5054416779874265,0.13098261211086334,1.7938799924347444,1.3022738396344875,3927
2095,8,0.5075843268471891,0.17404983387820613,-2.6677071354927095,0.19558767336252575,3927
2120,8,0.510013277088052,0.09752932536348558,2.678480495282945,2.267858235290887,3927
2143,8,0.5112203462837107,0.0621640832155482,2.8866703802425846,1.422299745465034,3927
2152,8,0.5118487089794287,0.13175354417254478,-0.7380641975700305,0.5010368272884778,3927
2183,8,0.5138419207429612,0.0990208297238685,1.6074353024718857,1.6676522589822969,3927
2203,8,0.5151123927465345,0.23008391625455052,-0.8608131486561785,2.1547921660767058,3927
2218,8,0.5169933900192385,0.15445318281696774,-0.7886946358434673,2.3074969775640928,3927
2235,8,0.5185469766902194,0.1688593720207795,-0.8958701362226521,0.32656109613566925,3927
2280,8,0.5218503880486918,0.11053833834594441,-1.3634892280399558,2.6363204234102104,3927
2404,8,0.5297592914054395,0.24610414976147135,3.023192165080773,0.1087126723867104,3927
2532,8,0.5383389543162019,0.14644193760370722,1.3603874093765558,1.0469281302818747,3927
2544,8,0.5394776093466377,0.1218192476413474,1.6716990286141375,2.398749245418908,3927
2581,8,0.5434892515654718,0.19059258548217747,1.9928611509584293,1.773505123581726,3927
2710,8,0.554496170862118,0.15170476725826662,-1.210463467706325,1.5388278873761567,3927
2878,8,0.5723681123826969,0.050824085435212066,-0.6521251289639048,0.791090573817867,3927
2799,9,0.5640667642527237,0.17265627047892076,-0.9934437247387093,0.30671162955523473,3927
2876,9,0.5720943127256131,0.1961849105762472,-0.8047312401454867,0.5620579770097998,3927
2911,9,0.5749698760757481,0.1399462538004224,2.7524531451828076,2.3952803941041183,3927
2984,9,0.5820617126869048,0.1721237684445564,-0.9165784805320046,2.2383987702572092,3927
2986,9,0.5823930023626509,0.16583237085369193,-2.048802803339207,1.8271790303385802,3927
3028,9,0.5866614877491534,0.24417741417392355,1.6832271553225941,0.10884818255016081,3927
3076,9,0.5926850272024222,0.22538215848689291,-2.7571957954923856,0.07729002568694629,3927
3089,9,0.5939515839849294,0.06072666171734326,1.5766543792402266,2.429969313899033,3927
3142,9,0.6018524951088867,0.15003696519853146,-1.0430986078945756,1.4233877312348409,3927
3176,9,0.605789277195817,0.11306117904171178,-1.9372037584968789,2.75441531575264,3927
3192,9,0.6074520001010201,0.15052858417311996,1.8187150417753153,1.5497277811442371,3927
3196,9,0.6079851583903896,0.1507788417966946,-2.29090320835593,2.684406882320053,3927
3212,9,0.6095083190502365,0.08351986216462544,-0.5653671741344766,0.7418255037019812,3927
3217,9,0.6099375232293237,0.06917867650674628,1.244210109698607,2.8324624211581955,3927
3260,9,0.614421537042381,0.07261115922917441,-0.3043997218172745,0.9536212250973451,3927
3298,9,0.6213369978099019,0.12201126685014639,-2.87232159896385,1.6913330182504958,3927
3315,9,0.6236679518461434,0.07950408344176768,1.296727677000787,0.7194445920219338,3927
3264,10,0.6150978753799569,0.16912646353895047,-0.5610816120857035,0.5193769150655991,3927
3313,10,0.6233000171351039,0.1531388965939371,-0.8386584337175118,0.2974789472127302,3927
3362,10,0.6318933715585917,0.1631972641776459,-1.841268346359652,1.7879713296236908,3927
3417,10,0.6401806699930194,0.16748224860991648,-0.8204631363768082,1.9484905582284837,3927
3458,10,0.6474573715451418,0.15847932753091204,1.7873071795737014,1.5920604025724248,3927
3464,10,0.6483522878093952,0.1410860715555717,-2.854813329186456,1.6073268124354827,3927
3483,10,0.6517428268832766,0.20287383805360615,-2.519131804596084,0.06913299691219225,3927
3510,10,0.6575230899947008,0.15364716083021074,1.7578857748765464,0.10013556216579637,3927
3516,10,0.6587318629859882,0.09088443860605686,2.6231195293245966,2.6417087895175917,3927
3527,10,0.661071005508726,0.20066768415664127,-0.9721421906220206,2.273808639001602,3927
3536,10,0.6633499466642843,0.12279796802087449,-2.394279089430263,2.5570201837358737,3927
3563,10,0.6698075903578441,0.12319819019058943,2.943048820666708,2.4162915392663105,3927
3596,10,0.6770509564772049,0.14949611766312113,-3.0346935285053305,2.3676560329707055,3927
3598,10,0.6771568140634665,0.1232287220827717,-0.05684001268141987,1.2313416999606326,3927
3601,10,0.678320422293285,0.11083588862113504,-0.9421618647829108,1.195859219958643,3927
3611,10,0.6828707877574326,0.047215230318777904,1.133774283399718,1.480847131713521,3927
3616,11,0.6844418555524414,0.1893159455824507,-0.9346397858735774,2.1996348441037026,3927
3722,11,0.7138128589542821,0.10981415726000748,-0.9201106908769114,0.75193047289565,3927
3726,11,0.7143792962427288,0.09525353741840062,1.8036373822563783,1.50678480966816,3927
3732,11,0.7166444878266491,0.16838069275289702,-0.8153669769084201,1.528339105274036,3927
3740,11,0.7184988772900345,0.10908591291361294,-1.7186510620112743,1.9140732746307543,3927
3748,11,0.7232135086759849,0.11716046592234249,-1.2882682025683412,0.2975875286162178,3927
3762,11,0.7256525223486536,0.11220385236539931,-1.960334877046556,1.8188365393869597,3927
3777,11,0.7309066383143198,0.147535039989142,0.32010109901393086,0.15450828195030242,3927
3779,11,0.7318658916532504,0.11460678173720476,-0.4357090777258535,1.5804263480571255,3927
3783,11,0.7352106524944859,0.10182314122082853,-0.40695623679619586,0.9461497716312443,3927
3787,11,0.7388351756756517,0.08470229681012231,-3.008988760636407,1.840119045054025,3927
3796,11,0.7408474423216853,0.07751470124465987,0.646127817662708,1.0477597661181288,3927
3825,11,0.7548813039159498,0.0826860008016421,-2.7963421698783653,2.561548855054802,3927
3835,12,0.764827518165033,0.10396556167944994,-1.7415434922488517,1.7222427984602278,3927
3844,12,0.7720832902492044,0.08179372056300478,-0.5548775644899899,0.8204956614901605,3927
3854,12,0.7815808583467662,0.13488556439273677,-1.0350544464432316,1.4509776966079684,3927
3859,12,0.7885788854053902,0.11227747085842833,2.7080522425787006,0.22704875824405918,3927
3864,12,0.7925963119545624,0.036983109841856154,3.023597615094181,1.6878328132526368,3927
3879,12,0.8193253159926803,0.03379165245258653,-0.6090297632404212,1.3926384433699956,3927
3881,12,0.8210024296400352,0.044329651522356725,1.24988909527425,1.8008159494503873,3927
3890,12,0.8287675210168567,0.06875091454130025,0.02148827478477624,1.6985052899218207,3927
3892,12,0.82958357639324,0.051316845694486905,-1.3533981723539223,2.37028427206498,3927
3882,13,0.8220159732357566,0.13738981204925504,-1.5623420115682192,2.013560353472354,3927
3895,13,0.8381929527696075,0.11638726324954585,-2.461193152418032,0.06178427988426611,3927
3900,13,0.8438562328062961,0.04729450620957404,1.3799356729319103,1.3994706820068936,3927
3901,13,0.845748430319067,0.11150258275927849,-2.074877234927514,1.0633481030619618,3927
3902,13,0.8461418673675299,0.11622919798014575,-1.5724682715301863,2.120752174529071,3927
3910,13,0.8558583868674343,0.06410655302728767,-0.9368736324607071,1.533189211808594,3927
3913,13,0.8667181364471831,0.030824191144130025,-1.5350445978628764,2.0409852801222628,3927
3914,13,0.869532526087058,0.07470962566087072,0.1295830405427837,1.764066575268235,3927
3920,13,0.8820024375294333,0.0742804770642651,3.05703269768419,1.9408297191250772,3927
3918,14,0.8767637200735995,0.12189663415449774,-0.8658237015468428,0.128036798200541,3927
3921,14,0.8974179864876406,0.08553812031099833,-1.4458665328904523,1.9174473549443238,3927
3922,14,0.9005137492074663,0.060323213549332386,1.5350969139343285,2.447291347893254,3927
3923,14,0.9046368785178481,0.05950769498556769,1.371560278256574,0.8397155533897852,3927
3924,14,0.9050206798862522,0.07055730244141509,0.2766734020793927,1.577860903876124,3927
3926,14,0.9204932373868456,0.05822925600421237,-2.706191192872993,2.032432125899824,3927
3927,14,0.9366075749550209,0.03468966261978366,-1.8944477590837778,0.9395439319665048,3927
3928,15,1.0,0.0,0,0,3927
0,0,0.0,0.0,0,0,3927
1,1,0.057172073167161885,0.011539223237824706,1.8090105359334456,1.0662084683394382,3927
3,1,0.07353978019796248,0.03404284285540903,2.1912907947099423,2.2602916563045925,3927
4,1,0.08009639810630842,0.047142083214661464,0.8848436492622987,3.04682834430589,3927
13,2,0.1300814931966947,0.024575410328764386,1.9601016909243099,1.7584487537084588,3927
22,2,0.15280788671180634,0.09122498663963824,0.7041092099317852,2.005804706534444,3927
38,3,0.17229030826753877,0.05376435428548467,1.2776317087620295,1.6346436500504637,3927
42,3,0.17886597399725412,0.08915934269602992,0.7470499568825378,2.2259056722174377,3927
99,4,0.2337620323898606,0.05807180671740347,1.2637564664668988,2.5895176188864153,3927
134,4,0.24857464548805408,0.05605429227473706,2.3984262774743126,0.41891913126740843,3927
200,5,0.28018969182417786,0.07803450100831069,0.060758831172246244,2.6109907801488896,3927
212,5,0.28574880611245423,0.04615630434270738,-2.735456378558845,0.6636970710676074,3927
453,6,0.34855747997466546,0.07579166586266467,-3.0448778103549516,1.5206849999973557,3927
517,6,0.3609514796085468,0.10506971097991666,-1.958310532947929,2.9989183040887193,3927
674,6,0.3849220366212599,0.03895805718955679,2.2271424646193467,1.0906896097737588,3927
721,7,0.3901530471910575,0.06623238546949783,-2.943685662358533,1.8973532513225908,3927
863,7,0.40858575126835084,0.05634635997757764,2.2406424532182587,0.9981394733097113,3927
1261,7,0.4486211707265867,0.10145341000343278,2.0223829268667624,2.4501595402552425,3927
2159,8,0.5107688078422461,0.10603447835645663,2.147723210550525,1.9536891834056855,3927
2551,9,0.5404508623142605,0.1254395048676866,2.1963540645253747,1.8869269387542893,3927
3097,10,0.5937445781228423,0.12757649302401747,2.4852276926166605,1.9075510693335573,3927
3424,11,0.6420257685027478,0.09655698651648854,2.691014942233428,1.76998155461506,3927
3698,12,0.7066410896059363,0.08828076408175149,2.6608451642388116,1.0695698116419172,3927
3859,13,0.7776411162253754,0.09036181914955137,2.837159704595936,1.766969277447291,3927
3901,14,0.8177415447623443,0.08462619565992743,2.6420617261375616,1.9097465232977813,3927
3908,14,0.8299066988466353,0.09538602338017145,2.7780071510942568,2.026899232369113,3927
3924,15,0.871093251016177,0.11147337043008923,2.4754858699000195,2.2869479009317026,3927
3928,16,1.0,0.0,0,0,3927
0,0,0.0,0.0,0,0,3927
1,1,0.07534060992909053,0.05156187256418407,2.794115918825948,0.9879301021698017,3927
2,1,0.09400201870648317,0.08472338456234609,-0.7758340741997892,2.4365107612631807,3927
4,1,0.11136356725813601,0.09203283519013616,-0.43654917816334976,1.3771983205277218,3927
5,1,0.11200868139472442,0.111134270399527,-2.3470382500058293,1.3113907448626234,3927
7,1,0.1214495826685521,0.07461409538772872,-1.7421735647815781,1.4011986870470126,3927
22,2,0.1603660481085698,0.11056989187297152,-2.751465651461555,1.0463704891865484,3927
43,2,0.1833858851179675,0.13162327248615263,-1.9427497027240077,1.2612308671018009,3927
53,2,0.20146220523320035,0.14235493579140718,-0.7167805587035112,1.7716448263248303,3927
82,3,0.21813325134717265,0.12960123710244684,-2.810680176091115,0.7397561496567582,3927
124,3,0.2485171284730736,0.16779435124268302,-0.7706817181427779,1.6618180857993106,3927
152,3,0.25918930664741824,0.16562660357178652,-1.6205057491782668,1.5102760464989218,3927
184,4,0.2715589224463819,0.14644404063044797,-3.004928436385039,1.0335391753318672,3927
214,4,0.28280813053058906,0.14782290155801567,-0.7567046805270964,1.5322197663544066,3927
246,4,0.29090364485187914,0.1639032187698798,-1.4985720284954596,1.5614495770096055,3927
361,5,0.32389814104130443,0.17174080714979928,3.081322423141348,1.226837119209953,3927
430,5,0.3406124320413839,0.1155194883943884,-0.46320021972726527,1.4198378010443227,3927
440,5,0.34291467366203743,0.20347509242150746,-1.3715808937954406,1.476608641137023,3927
621,6,0.3744252611101444,0.15523532493600936,-3.080162428673404,1.0456925563111736,3927
737,6,0.39197960411294863,0.20564060346303825,-1.2351392082397612,1.3726360690324748,3927
904,6,0.4145983283141167,0.06637925940783589,-0.9333593503459061,1.2602069781015133,3927
1451,7,0.46542908675600003,0.0823634844716167,-1.0280843278648983,1.6449696805654455,3927
1755,7,0.48784347198257294,0.16740113948306476,-1.263410394634314,1.1697897276126121,3927
1788,7,0.49050104726140986,0.04778749048754857,-2.0434800792657084,1.0447116548161883,3927
1957,7,0.502075627535728,0.09699795412098916,-2.0592074234325057,1.0385781658406594,3927
2786,8,0.5681275663897477,0.11720824129465753,-1.549331217453268,0.8234074712900192,3927
3160,9,0.6070586835773294,0.1438730625263121,-1.5873019801292878,0.8947280070911715,3927
3447,10,0.6501393399726919,0.13676317291742204,-1.974135296002778,0.9039790743549457,3927
3737,11,0.7210130174756478,0.14757634265513916,-1.9292917656000745,1.3182663572412952,3927
3815,12,0.7484117685930012,0.13353638196154036,-1.8067113513825988,1.2378953039457221,3927
3854,13,0.7751440270355302,0.14554131709168444,-1.8568862943881903,1.2777386091652483,3927
3925,14,0.9215873446793483,0.035261298637477054,-2.878049979251227,1.5823071485914462,3927
3927,15,0.9475163306902513,0.04718492185483534,-2.8310362952423027,1.2703620654564853,3927
3928,16,1.0,0.0,0,0,3927
0,0,0.0,0.0,0,0,3927
2,1,0.10106031778288882,0.0930490403503253,-2.9040556826472894,2.3772661843599265,3927
5,1,0.12869948941892972,0.09948685680626126,-0.847320718981121,0.49671739968946893,3927
16,2,0.1662275537215423,0.12236496363123281,-1.0492416065292283,0.5403308268916412,3927
51,2,0.20765952367058715,0.10797874840703113,-1.6699001389711583,2.2043673576857934,3927
112,2,0.24190775925235253,0.11846455766958322,-1.0541882897173867,2.8872179231286506,3927
114,3,0.24218066743752387,0.1282192051451558,-0.5900021731182662,0.34211569549699294,3927
122,3,0.24627092790938776,0.09602279056561523,-1.5546124659206424,2.0706457938834473,3927
209,3,0.28237993558658525,0.1421333462971879,-1.2029108669148878,3.1137892345909695,3927
198,4,0.2777079040122492,0.13339017601145992,-1.454501221980277,0.3000128304811802,3927
250,4,0.29620344659194664,0.13651007968355866,-0.7231615307900547,0.35378041460918735,3927
271,4,0.3030727678350571,0.13089083828661707,-1.3790790251318288,1.829819628117459,3927
306,4,0.3128797758008054,0.13776787537935875,0.14421717929240652,3.0011217459181494,3927
443,5,0.3405083342244509,0.14066368272854812,-2.955710108592913,0.25116044166421553,3927
488,5,0.35003513877000936,0.11469639920327439,0.05884061484106159,2.8297447612461233,3927
561,5,0.3624626881135148,0.1398594798700415,-1.0613128550663582,2.0665930626130904,3927
566,5,0.3635795368899172,0.14990413985006898,-0.6523966213601415,0.6957654898114013,3927
591,5,0.3677578022861764,0.10777948702267538,-1.1090292546448077,1.9175054019582902,3927
634,5,0.37399254474588706,0.1862092734712634,-0.9616006271194684,0.7272221136801899,3927
792,6,0.39904118178295434,0.1072696314246325,-0.9574665454361567,1.9303849699800795,3927
936,6,0.41631836177519355,0.1171702765661736,-2.933697279351045,0.813609038580629,3927
953,6,0.4182033116891777,0.16097746652874162,-0.7604629947705566,0.6634662146930007,3927
975,6,0.4211282942357145,0.07796218271231879,-1.9479713405881351,2.7702097074742387,3927
1157,6,0.43973256935814786,0.10398900421035298,-1.6450860497924162,2.098792574662534,3927
1241,7,0.44815803846456137,0.15395265365969446,-0.9799614110208684,0.6925517391131448,3927
1332,7,0.45571770814249946,0.10015187696686467,-0.515026558871502,2.205087850588322,3927
1374,7,0.459266489323095,0.10639489305118857,-1.547050308042554,2.185213741729003,3927
1550,7,0.4727841282090479,0.1654112115733678,-1.0737155056001144,2.1276096636714366,3927
1660,7,0.4823303951291277,0.09384444520550028,-2.6227854478895436,1.0583540090463828,3927
1733,7,0.4865141895154562,0.06519235120939082,2.8145771928314103,2.605586690135875,3927
2087,7,0.5081187788491924,0.14874820486023035,-2.6650822494677526,1.0341379926659202,3927
2021,8,0.5042480807930617,0.053667717209600396,-0.4586699456030485,2.3270339760257555,3927
2217,8,0.5156345477393166,0.11120875037034016,-0.7486715276054848,1.0373993701430524,3927
2562,8,0.5437182926254692,0.13841347101784657,-2.8647444205553945,0.980495031729567,3927
2574,8,0.5443317528539673,0.061909562355171754,-2.7033241186317962,1.1171647364423596,3927
2646,8,0.5510867879012971,0.09343735022793644,2.671223235594133,2.142646251340953,3927
2685,8,0.5549956237452129,0.09531306264564232,-1.4115354430769391,2.229636422446096,3927
2877,8,0.5731856307863079,0.06267367392050141,-3.1414866560536696,1.7327915692505746,3927
2893,8,0.5745503844923361,0.0963638803002698,-2.6603152813029043,1.1476136128948806,3927
2635,9,0.5502112156835761,0.08546827029851332,-0.676813902831098,0.8529507843509206,3927
2718,9,0.5586634457886144,0.14152327934623285,-2.7573401271755777,0.9460054245169417,3927
3175,9,0.6077860950502205,0.08810032443920161,2.3653771759738493,3.0020914300716455,3927
3312,9,0.6270037705390842,0.11405037678797508,-3.073751123352356,1.6129795542433922,3927
3357,9,0.6344261919522886,0.08515726653162412,-2.271969959958761,2.515718688722145,3927
3402,9,0.643530541388944,0.047957795183102184,2.763857362687353,2.616040043295911,3927
3489,9,0.6580901143144529,0.059808451651895224,-2.928779720709917,1.821223867870971,3927
3296,10,0.6251192011756698,0.16051057389072657,-2.860875772411379,0.7358036676631093,3927
3335,10,0.6316763373483791,0.18132182610737538,-3.1405101616483457,1.0196557107110369,3927
3379,10,0.6379039212630024,0.12438970799481182,-2.796971300486053,0.9614663942794537,3927
3397,10,0.6421184410339762,0.11323568380152063,2.835457344147658,2.9118891257793273,3927
3399,10,0.6426153854196852,0.16375983594795954,-2.9212626294420376,1.2508784621747122,3927
3518,10,0.6638100157872665,0.0628890840603089,-2.9421571821301784,0.610357812019923,3927
3537,10,0.6690493888248771,0.12810364400870214,2.537088623639313,2.623854550621077,3927
3556,10,0.6741165972330737,0.05629624028459708,-2.8874656797496865,1.7492238745704451,3927
3570,10,0.6767789056041053,0.06658937109213514,1.7349994781328455,1.2445956702453387,3927
3637,10,0.6921991752042647,0.08650359205390402,2.6751603656226433,2.2129500685945382,3927
3656,10,0.6962912313428078,0.10042662448790592,-2.650891941256817,2.0171309473298784,3927
3563,11,0.6751672017006124,0.18399288959047816,2.9494161643692416,1.0345480763990407,3927
3589,11,0.6818290482237526,0.12775750203201672,2.4055022753616457,2.8561867454618937,3927
3665,11,0.6989312467607258,0.12972773418633965,-2.3814019264493504,0.566445240772518,3927
3709,11,0.7114508193437442,0.20247648668195362,-2.668088934161192,0.8706541282376798,3927
3729,11,0.7186443745691634,0.16204180850383895,-2.6649016572275213,0.9517639697804152,3927
3739,11,0.7220762614584909,0.09444565094655773,-2.8752827876686426,1.9198415123887995,3927
3746,11,0.724686230605012,0.1628655360857879,-2.256335104025571,1.172913944708754,3927
3747,11,0.7256874310763045,0.044132021431477354,-1.4053247540876357,0.7382379839623928,3927
3755,11,0.7280952877572331,0.03548530510597692,2.6335439150621656,2.4646958755577226,3927
3760,11,0.7299796751496735,0.12779608965731667,2.108888918937565,2.3723139683463788,3927
3768,11,0.733851386594553,0.08284087437600024,3.1109893032055025,1.2627536379516404,3927
3776,11,0.7354235681165273,0.12613810426560979,-2.884145752863167,1.7647243733144058,3927
3797,11,0.7431766002881232,0.05214478238866376,2.741317927811016,2.473570012372305,3927
3800,11,0.7440871689837464,0.03902647421097766,1.5549124953258515,1.95903628073222,3927
3802,11,0.7449718462639806,0.0615498650321142,2.8285340205059764,0.7212878055635138,3927
3810,11,0.7480454838090868,0.06090225473996077,2.1868030692458387,2.4996910358872793,3927
3668,12,0.7001878267311581,0.1924014602099899,2.9530985798870617,0.9326474875181777,3927
3812,12,0.7492984549227288,0.12440668816219118,-2.502155740178196,0.5860698124078187,3927
3826,12,0.7592928715054392,0.17190534869292198,2.1186091844802752,2.6360837466613183,3927
3844,12,0.7690537440845878,0.129758328203752,0.6913573715112709,2.6676363687844877,3927
3846,12,0.7700838792864219,0.1422443118456445,-2.6631555232079704,1.831133775882435,3927
3852,12,0.7752605489228489,0.08114311775802055,-2.3933814361684225,0.39159217765756943,3927
3864,12,0.7833437028655325,0.14802029118507254,-2.3987526827891874,1.0141152706451424,3927
3872,12,0.7944773868172277,0.0734241540530515,-2.505155083281812,3.0555039385053697,3927
3874,12,0.7948099033938227,0.11775568948625587,2.152309858695803,2.555452121645392,3927
3899,12,0.8297848655226515,0.04224435209207882,-2.556748512143115,1.3536264175973545,3927
3828,13,0.7609610968466515,0.16897625440835762,2.6710479286932003,1.0070691429251808,3927
3875,13,0.7955279594958184,0.16396333156370516,2.684213824094494,0.6276141817627799,3927
3886,13,0.8092052990944854,0.1511921330699094,2.547141401646635,0.7203948638870801,3927
3892,13,0.8188187695889402,0.11310477684185254,-1.999796448297137,0.9072503210443608,3927
3894,13,0.8219124322580049,0.09518011287459649,2.9845493871053455,1.1192085026173728,3927
3902,13,0.8325034898390495,0.12615279936904578,-2.1544319715107183,0.941299007306962,3927
3911,13,0.8433565595509999,0.09893805140688298,1.9867272779553626,2.831585423760805,3927
3921,13,0.875216392040047,0.06414860008254067,-2.638508652281965,1.4824979931261886,3927
3901,14,0.8323536803933255,0.12768860095997736,2.8636489447424185,1.161706740121036,3927
3917,14,0.8634335281383144,0.12737416041193259,2.231628795922381,1.341909012064065,3927
3922,14,0.8788074045523612,0.11753513971830797,2.1050329238361987,0.8522220370006042,3927
3924,14,0.8997010238087341,0.05176381814126835,-2.9323022542127086,2.84890585187149,3927
3925,14,0.9151815613170053,0.05347477780717142,-1.9920858875717844,1.3971121446880255,3927
3926,14,0.9388169004786768,0.042364956038125186,-1.6776836698748743,0.7898544323694153,3927
3927,14,0.9508802140140072,0.03641248716575425,-0.9054124563989746,0.3285395994800897,3927
3928,15,1.0,0.0,0,0,3927
0,0,0.0,0.0,0,0,3927
1,1,0.0751162420137369,0.04936206834346182,2.729850736486215,1.4947154644935599,3927
2,1,0.1022919446506858,0.06616941616671973,0.08708161064307969,1.8231135538829182,3927
3,1,0.10363396589204743,0.09740440100579545,-2.866944781152653,1.5449539026353662,3927
7,2,0.13900807126775627,0.0726006214654236,0.47523616447047146,1.7940356917793523,3927
22,2,0.18260740610686366,0.06054661536658802,-2.8260758918840745,1.154543647372295,3927
26,2,0.1931908612001123,0.11640439808220819,-2.689514026146994,1.7686479711643346,3927
27,2,0.1939023083034045,0.13135401367737898,-2.800633394024032,0.962419929169143,3927
49,3,0.21374128093387457,0.12066556201703525,-2.6310250703842217,1.6465640756452355,3927
51,3,0.21692902136022807,0.06405824860752045,0.5065872396824167,2.1802648738076247,3927
63,3,0.22462251498327102,0.08552737057658409,-3.120199104122879,0.801321260806977,3927
77,3,0.23826386854060655,0.11974840321162333,-2.7994902050155974,1.104559446081554,3927
109,3,0.2531816748881731,0.1528915543581683,0.8933267331309198,2.4970617803380057,3927
117,3,0.2557564670214051,0.16871874762332997,0.9630187840526019,1.4963794672145856,3927
113,4,0.2543004772987736,0.13254147474777758,-2.6182158283015218,1.677492709174011,3927
148,4,0.27138120439256785,0.11502084050169067,-2.62161822867998,1.073597797982226,3927
151,4,0.2725197701063842,0.153467553281702,0.8293793356414408,2.4004849615827006,3927
164,4,0.2788972168326097,0.17220896300621427,1.015377358841873,1.4602897327218112,3927
215,4,0.2966535823164209,0.13650479392451462,0.11507947058801943,2.1932219195449307,3927
232,4,0.30032080992938215,0.049184577194263716,-2.1670154207734136,0.7457622381843837,3927
283,5,0.31081695205961746,0.1486513813526303,-2.4628061072241074,1.0393053349662715,3927
304,5,0.3162828175661777,0.18872218896512918,0.8471000417188611,1.4886042439373939,3927
345,5,0.32647644323421876,0.11158465559579056,-2.5389776863219673,1.4421656191698082,3927
354,5,0.3292933513993458,0.16890119448025753,-3.045483614238389,1.688970024796896,3927
376,5,0.3341506184615989,0.15895163577943622,0.014976657961900734,2.1030374976330877,3927
380,5,0.3347783549862081,0.16834604144736418,0.5924304359185667,2.382614267668004,3927
390,5,0.3361218769019213,0.16460437623763663,0.4951623351123039,2.281654833493764,3927
460,5,0.3485989695576063,0.19772539704679443,0.7158164868481411,2.109484992130791,3927
551,5,0.3662949663960142,0.06447679015546247,-1.7631686045723158,1.0969030784089078,3927
604,5,0.37534575552583005,0.10578968103022453,0.5240331942735875,1.799409729150958,3927
656,6,0.3826843656900636,0.14736893760648123,3.0738649729197967,1.4422506829650743,3927
668,6,0.3838417514411042,0.17316180092782685,0.5274865076563872,2.201158036377168,3927
685,6,0.38612419186683455,0.08566952373323065,-2.228163843452595,1.5324857878331812,3927
705,6,0.38901961454317113,0.1224277582732656,1.0214007088900903,1.5714681507628907,3927
776,6,0.3987235460066957,0.08625660234747441,-2.162691370087615,0.7544306919053465,3927
813,6,0.40369878756562183,0.048763181283173376,-1.2691997948543978,1.1523929198562448,3927
864,6,0.4108529289169274,0.1879279432682466,0.8699298026604187,1.9431951103115295,3927
878,6,0.4130454952133945,0.21854954266871537,0.6177049792931912,1.4919111427180523,3927
1033,6,0.42786293270976083,0.1608076556605133,0.7074507957983956,1.418516333411948,3927
1060,6,0.4305767942802391,0.21949079329164006,0.648652760135521,1.7088949089888972,3927
1077,6,0.4323857583685189,0.14782937980747046,0.6732706979316712,1.904569065545496,3927
873,7,0.41222096929681984,0.14120281968767262,3.022628317032657,1.4492383517358458,3927
1337,7,0.4568885778243055,0.19001661535507172,2.966798423203185,1.418829303035745,3927
1341,7,0.45703560828519474,0.1560150594462275,1.26979129811281,1.622108012545885,3927
1363,7,0.4587940651494854,0.14044601966448717,1.241834372102318,1.187440586704074,3927
1429,7,0.4640638444103983,0.10004747606188832,1.2139052241863246,1.0429360548205415,3927
1771,7,0.4870117387744183,0.17527179664812012,0.7196617079961594,1.7577635740476394,3927
2042,7,0.5052882613438262,0.1329502128611344,-1.5108544421370385,1.167765056418114,3927
1841,8,0.49124425686128204,0.16450140940666919,1.3404232217647483,1.2413912627544206,3927
1934,8,0.49777332358145876,0.17939768822889324,2.7204718293174364,1.2013561825917973,3927
2246,8,0.5188111380965501,0.19400467074467556,2.7445563114245606,1.639913338258344,3927
2254,8,0.5197163928233927,0.12251727318007896,1.100970958975612,1.0910919198502755,3927
2279,8,0.5218243362904658,0.1405017620585829,-1.5792175454316897,1.1216978694403914,3927
2372,8,0.5285963785772799,0.1020582233828462,1.1527229605772447,1.0615856462751971,3927
2743,8,0.5602326768979395,0.14215168999372246,0.7721587446118394,1.3787561264601402,3927
2897,9,0.5725988064179033,0.12107202347228535,-1.8340830424534065,1.0756840240241026,3927
2913,9,0.5738338362096727,0.1585641942021744,2.6973622590028716,1.7471696517794906,3927
2931,9,0.5754119449037335,0.11773448196492062,0.9234927395806897,0.8001121993203716,3927
2992,9,0.5813599123673434,0.2123525339242408,2.3951082577514224,1.4173739553678322,3927
3028,9,0.5854169713858933,0.1380515908453909,0.7246867732273573,1.341244581123183,3927
3218,10,0.6098108423375777,0.1249269187893204,-2.054789858644133,1.0212820014929407,3927
3235,10,0.6109769533851608,0.11791650903226772,0.8582980974104708,0.8109783959682202,3927
3375,10,0.6305650467373805,0.1545603848546382,0.7011226950994897,1.1523271167306735,3927
3417,10,0.6386154855993789,0.17838782391724894,2.507890482483416,1.4609792091548046,3927
3449,11,0.6464955351823329,0.16276536964885818,0.7435163385243563,1.1830754705434954,3927
3530,11,0.6626806879000968,0.14531585750356385,-2.438446562634129,1.0571558681978352,3927
3554,11,0.6670844214860975,0.12372011602092879,0.7247883829701839,1.1202046630620994,3927
3627,11,0.6871833802168725,0.167730756908187,2.6071573080742714,1.4029400336926707,3927
3713,12,0.7145266070926967,0.12947763946032287,0.42333873157810575,1.2055048648443225,3927
3749,12,0.7272322573788773,0.1371239028545558,2.5163282210809204,1.514283509987996,3927
3752,12,0.7291139602740968,0.1166719620365903,-2.3339845702000153,1.295049453291699,3927
3825,13,0.7654373396699616,0.08779644864326257,0.18386853715346588,1.3057438586008396,3927
3860,13,0.7805471988727088,0.1158654225922771,2.480024685903466,1.1512192959322924,3927
3880,13,0.794272733473212,0.14472241370034605,0.07849030338974895,1.6595921152293023,3927
3884,13,0.7982459624445135,0.10819534356820928,-2.7660776457686342,1.2114723810787935,3927
3905,14,0.8259147260432476,0.12803648902319684,0.09952789880540276,1.1114628956708876,3927
3907,14,0.82942347074235,0.06665796062264014,-0.3184917295700697,1.0729078943958767,3927
3910,14,0.8405157496606532,0.14752452066545774,-0.005863412381838384,1.5223434479495597,3927
3919,14,0.888431142547478,0.07867140486155193,-3.0984185960808794,0.7751272997595355,3927
3920,15,0.8915543892415086,0.10478619502413425,0.023842033763927493,1.331919804889931,3927
3923,15,0.8964355652448851,0.0706411936898826,0.24058121797156495,1.477233133642304,3927
3926,15,0.9185528400229704,0.08116010116224195,-2.906163791125685,0.8126631202368889,3927
3927,15,0.9446717829241204,0.05000694150506256,-2.67182070598231,1.8188917740610415,3927
3928,16,1.0,0.0,0,0,3927
0,0,0.0,0.0,0,0,3927
1,1,0.0278957800148808,0.027328852496292338,-2.588178523103801,0.4525805805355677,3927
2,1,0.07101372250069438,0.037205589187932944,-3.075578550362684,2.65243948494386,3927
16,1,0.1496405885153369,0.143187730998153,-0.06704077081543337,1.0118411002760226,3927
3,2,0.08560113515778844,0.056602021875333954,0.21906356293801474,0.8469415300773478,3927
9,2,0.12285583255245325,0.0301873425071988,-1.0326033716813487,1.6963191105043367,3927
28,2,0.16534457424342963,0.14702828180886943,-0.03231982338910414,0.9362652192063765,3927
23,3,0.16072788601588284,0.02071759629537411,-0.33499840504168715,2.511533216553271,3927
92,3,0.233035074760932,0.1940060026324467,0.23100489626590587,0.818189896159222,3927
66,4,0.21048401364419678,0.02557674066349431,-0.28747075791365195,1.4710242980397363,3927
83,4,0.22558388157308662,0.04144946585552812,-1.9504168163602567,2.4512485710757974,3927
136,4,0.2555709609461351,0.19255135388240435,0.11503841068753701,0.8002332568752242,3927
196,5,0.2823898511533034,0.05769288402581391,-2.7522463601596336,3.0479655837280406,3927
226,5,0.2939493445045739,0.18994785767871208,0.18480469817103007,0.7471009245256522,3927
357,6,0.32561142011139554,0.08929709150882828,-0.27592127423445334,2.950524332257531,3927
570,6,0.36774130780531,0.168630797293837,0.3897045074613563,0.935554118255382,3927
788,7,0.40016814106707366,0.1293628727635845,-1.3231697421375936,2.6504734669604417,3927
919,7,0.41504357405409187,0.1726157634614062,0.23093152570520828,0.7572634194862282,3927
1188,8,0.4419250141431518,0.13680306117693947,-1.123485996756868,2.3813231064799343,3927
1698,8,0.48188126751761673,0.16455103650441272,-0.3383689567769417,0.6721454582560735,3927
1542,9,0.46926098374697767,0.1262201325811914,-1.0656200775776692,2.284707869687976,3927
1800,9,0.4880539762377455,0.10633655457325156,-1.0461595201973295,2.398509882692416,3927
2824,9,0.5652671549390559,0.16093268068596323,-0.04210575415797596,0.9951308420089103,3927
2262,10,0.521090739594308,0.10836465219279422,-1.4818079177214758,2.352379264890479,3927
3247,10,0.6149750222459633,0.13438371896467255,0.20818735480240608,1.1033869415227082,3927
2822,11,0.5650427774619629,0.13757084307385029,-1.359780715232484,2.2520058725458827,3927
3003,11,0.5849472777500284,0.09354089471785781,-1.1407407998243029,2.408450442537618,3927
3484,11,0.6521267770002509,0.13522068426662096,0.3208383687282768,1.192193784130011,3927
3157,12,0.6024117117442745,0.12643710994285265,-1.6101336241920918,2.37406331482544,3927
3376,12,0.6348886412187904,0.1364038461823516,-0.9632125429055682,2.080879783403747,3927
3494,12,0.6552251960676788,0.15285233452998906,-1.1174046990762025,2.5331046629069562,3927
3565,12,0.671281049216706,0.1333738752084145,0.38285424618389163,1.1354194281734193,3927
3608,13,0.6821474190304659,0.1304394377390774,-2.090656117064754,1.9802387581394196,3927
3680,13,0.7003307751795663,0.11102462872249451,-2.1173371010601625,1.7404702084015016,3927
3697,13,0.7076679549074315,0.14399782529819313,0.5430027838063662,1.267229957348667,3927
3734,13,0.7233276755595736,0.12814637107361293,-1.4074585526996741,2.145327307661703,3927
3741,13,0.7271488156356698,0.13473971667319692,-1.2034633560650467,2.1133613250846808,3927
3849,14,0.7888875762778944,0.08137624941578714,0.9150920712363452,1.4182628839888767,3927
3885,14,0.8226235625462294,0.0965472518186402,-0.9083865265817824,1.6828527928644226,3927
3909,15,0.8508746436048474,0.07067223706626963,1.0025969586366943,2.212444426241067,3927
3918,15,0.8684431585786943,0.055508941331819175,-1.0386327221564697,1.4831322045354276,3927
3925,16,0.9077263976989224,0.04229940664484738,-0.5452928010162917,1.3091831844550288,3927
3926,16,0.9309976730042,0.03155481176041797,0.04819654317422899,1.3463845778812504,3927
3927,16,0.9310513681502485,0.034349343050069335,-1.9757554350122135,0.5646369571131254,3927
3928,17,1.0,0.0,0,0,3927
0,0,0.0,0.0,0,0,3927
1,1,0.0775296055674255,0.036041669118428835,-0.11040549505425773,0.4562271613613617,3927
2,1,0.07753479413712061,0.0476168662588805,1.4231592872402399,0.4139480785768874,3927
3,1,0.08262827561378316,0.07882161038299189,-0.9406613473945127,1.9773692709413937,3927
7,1,0.12700286239827552,0.09895628451230527,2.4811488765223424,1.7619165492567812,3927
8,2,0.12704287207356957,0.09705135714565985,-0.7864605048880676,1.5745107493765849,3927
12,2,0.13941484972240759,0.09487694132471824,-0.5247082359848638,1.6741529592286175,3927
32,2,0.1863489938945564,0.1221717856948205,0.7671756732219728,1.236374221164736,3927
60,2,0.21341810706282893,0.06227778011239316,2.4848381874321475,1.0370621209383346,3927
25,3,0.1793558561600912,0.08613945858875725,-0.3881313942455535,1.9292382916575412,3927
68,3,0.2192744077184764,0.12724048729310003,0.711930407505866,1.1547410428462892,3927
122,3,0.24965317957962696,0.12229296025988678,1.1064318465355902,1.002271446870257,3927
164,3,0.2686506966988559,0.07559880487355357,2.7870644239828155,1.67841305418699,3927
231,4,0.2902384911845679,0.11591685378368241,0.8429675210425298,1.2341122043476611,3927
300,4,0.30925625612039787,0.1004780357940113,0.7205803873079348,0.8227717873884688,3927
301,4,0.3093253765437055,0.09851237700014225,2.733646083896671,1.4050930751969677,3927
327,4,0.31655881143282216,0.10901797178164864,1.0662428260048806,0.8379094595523466,3927
474,5,0.3478152758691293,0.08755415561218532,3.0020621428998813,1.5356513275516772,3927
484,5,0.3493710298538728,0.08865489056640011,1.0042489738107583,0.794182429382557,3927
633,6,0.37463081086888783,0.07759004540384866,0.8434776952215787,0.6636339624517503,3927
748,6,0.3930717811668326,0.08818081625953468,2.598565613645823,1.4262861271633227,3927
982,7,0.4175026138378385,0.09139354190169441,2.7969820573024915,1.3035825141486808,3927
1242,7,0.44252521183684346,0.1045972928050185,0.9739632000007932,0.5293362970366879,3927
1532,7,0.4666897719861439,0.09535146499222069,-3.101822839524364,1.9448992036324735,3927
1611,7,0.47266150388758277,0.1420332727349561,2.22167179927404,1.5397019060190746,3927
1590,8,0.4713285361075349,0.09068948298777386,2.438515360936537,1.1005940315484262,3927
1800,8,0.4857789377031989,0.12317323356956078,1.459728734613181,0.47517989990957105,3927
1975,8,0.4986263949178441,0.09197524370868776,2.970941379538664,2.080880647077827,3927
2468,8,0.5346216540328192,0.19978409377631304,2.234747314220544,1.4955153586830672,3927
2577,8,0.5439625728297042,0.1838950600344164,2.2214049027195224,1.504508568216585,3927
2723,8,0.5573289479263651,0.18673756837371047,1.9395947237519011,1.7935762525479622,3927
2510,9,0.5376046144206618,0.10599243437327754,3.106639359118313,2.205963225364521,3927
2595,9,0.5454047112660177,0.17679391600419123,1.2012256792613565,0.4890237558785365,3927
3001,9,0.5873666917320832,0.10896103214940267,1.4253069574396648,0.6546505425676277,3927
3120,9,0.6012287771241087,0.20213576233635808,2.1070309894221597,1.7230736334633303,3927
3162,10,0.6058927456346797,0.11295106752730158,1.265377390807563,0.6219492294278508,3927
3173,10,0.6073482469873812,0.1559940448799252,2.7302994896168395,2.0792726846962073,3927
3217,10,0.612838466572807,0.19686126551435065,2.095657334979269,1.7003813662359826,3927
3251,10,0.6178173875987719,0.16670867396821798,2.877222318354194,1.8989663235457404,3927
3308,10,0.6263262352145733,0.11186050561015502,1.1846510890048192,0.23091168609317778,3927
3529,11,0.6668617894833012,0.16224212630831106,2.8906275345068972,1.8519633351506681,3927
3536,11,0.6683401895997668,0.1805082950708463,2.590077322929573,2.266809443786599,3927
3585,11,0.6797706978647138,0.07841051387634647,1.6276644163068805,1.2306055675341177,3927
3658,11,0.6974893542063543,0.19614013012978282,2.003219208279448,1.5960193735231363,3927
3684,11,0.7034658497781655,0.0868125250351011,-1.798116854971021,0.5121153555554396,3927
3705,12,0.7070157577249275,0.1480191798053925,2.5905642330438785,2.296706300669939,3927
3748,12,0.7263006186560956,0.14308323732083567,2.5620986695807395,1.902983363342277,3927
3763,12,0.7332387556845806,0.09826960011863323,2.0541420719723256,1.549495230645463,3927
3779,12,0.7386192157462873,0.1744637753002947,2.033719152727277,1.728338438256067,3927
3791,12,0.7425192537064267,0.09035345921516891,2.8459361964030703,2.0165674080520297,3927
3800,12,0.745762316613771,0.06636670977169214,-1.277928342348687,0.4096955155556589,3927
3803,12,0.7475450910785942,0.12250390459311995,2.6044005499734837,1.7774188320198037,3927
3856,13,0.7848410301241809,0.08271923207229175,3.0023677516925082,1.5602300602503854,3927
3865,13,0.7868543252042826,0.14456830468729484,2.02004615826896,1.7566045017170617,3927
3885,13,0.8078924853622209,0.10629340511563111,2.536742937003143,1.6292496756224797,3927
3904,13,0.8355906029762348,0.07584004588277445,-2.4121320493920253,1.3139674319961705,3927
3909,14,0.8438521382772314,0.10890635270639146,3.003841989525511,1.0947817711879306,3927
3913,14,0.8580835127550774,0.05568350796984969,2.939763289152507,1.1789240607626121,3927
3915,14,0.865406262446685,0.09359038550481624,2.3815311433374027,1.544211335471198,3927
3920,14,0.8853874613931675,0.060635379708775736,-2.5546147841238405,1.185197320564181,3927
3924,15,0.9060941176580425,0.06921997082120723,-3.056070640774903,1.2947045092404843,3927
3925,15,0.9162466426755862,0.06501867879564834,2.2263513348010133,1.5203155573462022,3927
3927,15,0.9323238111654302,0.048110211205515514,-1.8389334782007207,0.7243777131699136,3927
3928,16,1.0,0.0,0,0,3927
0,0,0.0,0.0,0,0,3927
2,1,0.10267276369931422,0.09502794991433007,-1.647235730393335,1.9225620682195055,3927
24,2,0.1747146010347017,0.0716920894655354,-1.111295300622534,1.3599267049923922,3927
56,3,0.20436907437253438,0.07183306002746793,-1.2074655575807456,1.1185773803345633,3927
76,4,0.22163210093621988,0.06994176740365103,-1.2750755444262973,0.9441935258284234,3927
211,5,0.2880516727103276,0.11451013247008214,-1.3781481030120144,1.0325603590258425,3927
269,6,0.3087932618124052,0.09912909513313067,-1.3332781367434694,1.1188543518887921,3927
293,6,0.3162224196966352,0.10480189800107356,-1.3064737682601082,0.9136465135295274,3927
617,7,0.3817687447519631,0.08718610068337318,-0.6909049928391381,1.1086165958028897,3927
791,7,0.4023587727184885,0.1895530017473206,-1.2291027010588351,1.1185143369196675,3927
1157,7,0.4419254955806706,0.10322934444282318,0.5464569362968655,0.7680768280737533,3927
1195,7,0.44578551106515896,0.09937364748323173,0.46633895587692686,0.4343415553778092,3927
1253,7,0.45016024625719875,0.012551236997358169,2.6668499957780436,0.6559046089715872,3927
1373,7,0.459660210637164,0.044527717678042554,0.8684684778399084,2.265519700955889,3927
1208,8,0.4466262855786455,0.13483385468220163,-0.5326777646292329,1.2625427073763145,3927
1314,8,0.4547831853843589,0.08217904575328173,-0.2229575190394489,1.3719632929546346,3927
1323,8,0.45510887304560066,0.08711635767847208,-0.30084048868284524,1.6609548612010265,3927
1408,8,0.46337324483185094,0.11374704122452386,0.06936715102291886,1.2959823349172672,3927
1662,8,0.4822447827410066,0.17776829535581995,-1.4392880786491384,0.9793561539722231,3927
1988,8,0.5048304850280844,0.10875517096352479,1.3695408516546437,0.6686820764870622,3927
2025,8,0.5075733576481251,0.047139156634223967,1.1888125466579853,2.5795390478326765,3927
2037,9,0.5086303815183225,0.11260566939451708,-0.18593851472985548,1.0572115856382094,3927
2080,9,0.5111322481175715,0.1842085088702474,-1.5775700658999443,0.919353384305642,3927
2211,9,0.5195695620484726,0.13847248157152545,0.22802929137228853,1.4106589103290175,3927
2247,9,0.5215720168719391,0.12675148285269708,0.02771307920554204,1.2668819165275216,3927
2269,9,0.5235244269411887,0.0853475349115997,0.5550018591133962,1.4236271033475867,3927
2438,9,0.5355271027552333,0.0874034022514737,1.6379842432192626,0.6189399278882602,3927
2625,9,0.5497263664867414,0.0813824341007607,1.0320936017056277,2.5235358155618446,3927
2683,9,0.5541331130821427,0.08411124266210424,1.3341238007439356,2.2864147877563417,3927
2800,9,0.5654201093815163,0.08407729832191314,1.6708249359686242,1.0832604860561723,3927
2471,10,0.5378392712768516,0.12248088291568102,-0.0932974753065298,0.8547403849673062,3927
2762,10,0.5616649613948191,0.15023621840086407,-1.3783269794467563,0.7657079665526297,3927
2898,10,0.5755480988410482,0.06326374137061672,1.4705504620863858,1.0228027777538409,3927
3016,10,0.588862013617699,0.08981824069787697,1.5001877733366635,1.156828712982822,3927
3017,10,0.5889216188593871,0.13042926013408443,0.8125597148963872,1.1320196516891965,3927
3122,10,0.6015895465849662,0.10648719467215774,-0.06333038338333451,1.581595351106845,3927
3309,10,0.6270734625161494,0.06113017530319647,2.0246735002962244,2.496274845596759,3927
3367,11,0.6379043596117774,0.1364805303293251,0.6034992348996846,0.32243759086223717,3927
3428,11,0.6487206985976203,0.0960984632708613,-2.1797337921677777,0.8249595151615098,3927
3457,11,0.6534485294756687,0.12882266181672467,0.7642308832814615,1.1389719880563416,3927
3486,11,0.6588781310342016,0.07035296454699107,0.02939809259589846,1.2940623306964352,3927
3489,11,0.65979619604161,0.12886391823216853,0.6379491488598557,0.9701501970327928,3927
3555,11,0.6732548937417862,0.08355946411057162,2.095766804035897,2.003718649581047,3927
3593,11,0.6829508192697159,0.11556658051681834,1.0007512459603807,0.8616674852183379,3927
3600,11,0.6852280512965729,0.17659414654709038,0.9558854792732809,0.9354348009349353,3927
3619,11,0.6903608671719411,0.1446000255537904,1.4046140973110033,1.4591480194186888,3927
3647,11,0.6964322453512516,0.12440978229979727,1.412440033343544,0.9068448203088958,3927
3652,12,0.6974502067486016,0.1158266376130185,-1.9329687734913332,1.038163906513928,3927
3724,12,0.7228765631502273,0.08237572840217856,1.0452805246175851,0.678521254902259,3927
3729,12,0.7252407456900924,0.12081119070353068,1.954760419935351,2.3052781806039,3927
3763,12,0.7384958618903631,0.09184556527360827,0.9501640293918872,1.3564494986788285,3927
3781,12,0.7459995585019865,0.14836362216778226,1.1975802597296308,1.1389210239886143,3927
3810,13,0.7629192527818459,0.12980677751012004,-1.8935059297792438,1.2682242705511664,3927
3811,13,0.763015906858047,0.1375481962975655,1.1399917823138974,1.1826371111430594,3927
3819,13,0.765295972465881,0.11104415500263771,1.7821449618421217,2.4634767599760656,3927
3842,13,0.7800058872895496,0.10027684734814847,1.3052282566158266,1.2021120073146088,3927
3881,14,0.8163221371347091,0.1540983801370067,1.7115887709680018,2.4886294369103967,3927
3882,14,0.8165397365084487,0.13265619151106958,-2.2488512270080867,1.158708802328716,3927
3894,14,0.8281919544279374,0.12186747435432312,1.4215594760106327,1.3207509472355023,3927
3906,15,0.8480430860668638,0.14729966864729677,1.899643316006991,2.577909766697565,3927
3920,15,0.8731919681801915,0.10919829755598723,-2.241539559440802,1.3086895671175012,3927
3923,15,0.8853207234182403,0.10298088486645517,-2.7104439529958673,1.1721595040169626,3927
3926,15,0.9014637961017341,0.08931451070831993,1.92888741935914,1.5671096686871886,3927
3928,16,1.0,0.0,0,0,3927
0,0,0.0,0.0,0,0,3927
1,1,0.04913971790855931,0.03006996734969152,2.706227849759433,1.1320314813776475,3927
3,2,0.08754431927369244,0.03538085521194902,2.480345581496777,2.2399572424321197,3927
28,2,0.178019199050102,0.11130495204109739,2.8176577299986807,1.0351653673364791,3927
17,3,0.15814455058082932,0.0476821785926818,-1.9480202693339568,1.5891687126232028,3927
22,3,0.1659488270078856,0.05061289774119066,-1.8513389636540745,2.284298412694467,3927
25,3,0.17100072115105347,0.10007568493295475,1.4665793598685082,2.438712512386679,3927
46,3,0.19646989494799405,0.06529687395341083,0.18163930560452762,2.8051916146971827,3927
49,3,0.19991216683675372,0.073962267721506,-3.1123112022905843,2.255144097356036,3927
53,3,0.20090857098583226,0.12328257576520774,2.8821122539117554,1.9397618809802577,3927
76,3,0.22129151652372392,0.1402464653980426,2.6893858215760718,1.2316710784886507,3927
96,3,0.23545197497838122,0.153328030436031,3.0275307488006296,1.1529375291137747,3927
61,4,0.20960133016375637,0.03469842267043925,-2.022109997553236,1.2638291303733746,3927
117,4,0.2441538308724257,0.09443510549129538,-2.605095118520539,2.6632910685313966,3927
133,4,0.2566550178190704,0.11978979294123213,2.49874488680922,1.2818812139799458,3927
140,4,0.2590231299364052,0.07047770415849501,-1.8650703219434113,2.927473308366178,3927
167,4,0.26663498825125886,0.11751594675520752,-0.5272496227355331,2.7999777284500893,3927
258,4,0.295754159587176,0.14625926798006214,2.857334574729628,2.819882102209555,3927
292,4,0.3053738451907059,0.18053902913498762,2.8859347812203664,1.3619991944409235,3927
360,4,0.32504125974926434,0.2017398832238728,2.6609939331353276,1.5371380077101275,3927
155,5,0.26399000744740475,0.08393622744452547,-2.8235242839866395,2.530026246222168,3927
216,5,0.2831350549182723,0.0750578217962358,-0.35551425040200135,2.8849133947273025,3927
256,5,0.2954096026133033,0.1323565790020211,-0.3349655294147122,2.736186769617312,3927
272,5,0.2994117381533705,0.08416328500218076,-3.052164332567453,1.2611258233365168,3927
370,5,0.3279033378725349,0.169033341211307,-3.0685223037813745,2.7830445138039486,3927
549,5,0.36234209188219857,0.2004307053569928,2.6788981927081172,1.3687289953735013,3927
377,6,0.32940524229824697,0.10810423088975427,3.095663850315004,1.2738716971694242,3927
438,6,0.3424474909268507,0.16236530502990332,-3.0322619218408735,2.717873076946559,3927
477,6,0.34964868776773494,0.08645418493665373,-3.067507901369326,1.090712295958259,3927
539,6,0.35996141097985546,0.13424027599587063,-1.2765712334555632,2.849006057385515,3927
550,6,0.3624119808409314,0.18979081723095387,-0.4249419314963254,2.885197163553556,3927
635,6,0.37476526201303095,0.19983318355367763,2.6767740866108434,1.3614590142259149,3927
852,7,0.4056263469587771,0.18603418051052126,2.7476074019202072,1.3709261164508808,3927
966,7,0.4171967518603168,0.16449723803275654,-1.8461320159597638,2.8307607880902603,3927
1000,7,0.4204238875308085,0.1936179400564275,-1.1377980357139141,2.7718725497577164,3927
1169,7,0.4389453092528184,0.15461912688773202,2.827845909169916,0.9963110623264569,3927
1501,8,0.4675686202414623,0.20182653578171306,-1.782938540425476,2.7725087455296777,3927
1644,8,0.4787640884671991,0.14710429888864945,2.821512929739283,1.061474271861268,3927
1887,9,0.4964897554111285,0.22557549199362592,-1.6112507173960375,2.8229505416161236,3927
2389,9,0.53185024449802,0.12649910745844267,2.49962038306097,1.2526753129781083,3927
2451,9,0.5370504796345483,0.20391689716814185,-1.8843201358836352,2.6570814374300076,3927
3005,10,0.5882195487820232,0.1611993899159018,2.5363614865187905,1.0771979494670147,3927
3048,10,0.5927266189690658,0.16556634498635825,-1.6290637588684183,2.671972562944584,3927
3117,10,0.6005082062170417,0.12839711596160305,2.678260826021139,1.2177873896703308,3927
3292,11,0.623792813846015,0.15813361278688887,2.506086781524804,1.1083628973779174,3927
3438,11,0.6485762181952861,0.15949871791644868,2.676478431526605,1.3847727977591044,3927
3682,11,0.7042762676598892,0.10240144865124928,-2.9778913618923926,2.4772143692501345,3927
3609,12,0.6859434847580329,0.1704567151103553,2.797638380618004,1.2220069450858033,3927
3723,12,0.7198098114606298,0.12878823567492279,2.3929916137568332,1.5823991471215972,3927
3804,12,0.7502492897957543,0.11530110449384728,2.847473979483529,2.248376888960737,3927
3848,13,0.7738111445633934,0.1368515371080909,2.647803201141754,0.8830506882308621,3927
3857,13,0.782563778493111,0.07878079588647938,2.338484525838517,1.3109573122948395,3927
3864,13,0.7848467994467686,0.10759892745487627,2.342608572851405,1.4485485796180306,3927
3878,13,0.804261027571413,0.10896293945197359,2.7715151766101247,1.8970320724389789,3927
3876,14,0.8027402288243878,0.1281896237431433,2.8107808142777673,1.0386372498327903,3927
3879,14,0.805154435822605,0.08169303982671884,2.0823838540131674,1.2358261064021367,3927
3905,14,0.8374391612257807,0.10139833039811125,2.6760411128403088,1.7266231091084694,3927
3912,15,0.8639326259737584,0.06640743505016904,2.400250772114258,0.5489831177023475,3927
3916,15,0.8811450884141548,0.046849546516738734,2.458214247602156,1.4684752556940588,3927
3920,15,0.8924187820206599,0.07747905828140136,2.4673385945749318,1.665817537158904,3927
3924,16,0.9192506425133714,0.07932143760302082,2.618046872900084,1.711011428039853,3927
3927,16,0.9286591830153254,0.052272949032788715,-2.8618008481476687,0.6612523268950856,3927
3928,17,1.0,0.0,0,0,3927
0,0,0.0,0.0,0,0,3927
1,1,0.08975091999133678,0.08359585517603002,1.1173393703801922,2.8350080893036185,3927
10,2,0.13823107337185314,0.10544451773772366,-0.22023224737473776,2.837295289598001,3927
33,3,0.17324275041853698,0.12928491199287173,-0.9745856395842529,2.936992033522291,3927
120,4,0.25270887691467525,0.09897215644682388,-0.11841119508396807,2.678646141247288,3927
367,5,0.3274439639556971,0.045029925906529225,-0.2962072313109787,2.1606060301266257,3927
459,6,0.3455836148278706,0.04501192476387186,-0.34786671919786033,2.02875772582264,3927
886,6,0.4106430222917635,0.05154281035164934,-2.8441263978075932,2.471957484138429,3927
1686,7,0.4825260611783171,0.11836427710212633,0.4855090492396262,2.0871238626378235,3927
1725,7,0.48558687438309445,0.11416196607820212,2.5880463303572587,2.5885258669026987,3927
2101,8,0.5111264957478572,0.12548140037487357,2.5412896381180645,2.4867726431424932,3927
2364,8,0.5299250852149834,0.09422442435529886,0.12334828586828876,1.9548411900972134,3927
2621,9,0.553379242579811,0.10648913054953836,0.049484396582342514,1.9646628633664707,3927
2810,9,0.571463462746645,0.11308248232927923,3.059243766809824,2.359407471551369,3927
3292,10,0.6279119653773503,0.06616743855601669,0.548496685460225,1.8188327179459831,3927
3301,10,0.6287008912908375,0.15965608296186498,2.8697771164818713,2.245822692247202,3927
3416,10,0.6466370701718284,0.14029085987025594,0.05450925395775422,1.7593659389320015,3927
3515,11,0.6661532498691121,0.09094250541248365,0.5476939580153153,1.773655340236096,3927
3590,11,0.681419971543119,0.1399613243135775,0.07323520620241764,1.5444409993107613,3927
3694,11,0.7076519009725644,0.09312151780934821,2.6993953269197224,2.2855893678401817,3927
3793,12,0.7519837047596933,0.10618838492759114,2.339229764334229,2.1299439754695766,3927
3821,12,0.7661558262091009,0.1063115537508988,0.09959964707548265,0.9100465791234489,3927
3866,13,0.8033844733617649,0.11130795163965908,1.8571598639434876,2.3209265403956296,3927
3889,13,0.822468395949334,0.09714668718984419,0.12583250915650057,1.41649916450917,3927
3910,14,0.8594628963593215,0.09722887186702397,2.0307579485640797,2.4061364067936895,3927
3916,14,0.8703806043550141,0.12172573534993004,0.34977548695721333,1.6033483254267955,3927
3921,14,0.8867582390777202,0.08571838989293394,-0.18698200835258386,0.9488228854376436,3927
3925,15,0.9380206083424544,0.05813704542088097,0.42628506908460734,2.8175492235838435,3927
3927,15,0.9656963635816544,0.02771996189333924,0.21871209988205542,1.3961683632091737,3927
3928,16,1.0,0.0,0,0,3927
0,0,0.0,0.0,0,0,3927
1,1,0.03503331170161594,0.03233939689341648,1.4452888560908128,2.0010340965249584,3927
3,2,0.07318417208823125,0.044136299864833035,2.448117977846864,2.534309671137401,3927
8,3,0.12898825636093125,0.025318508613274275,-2.404171485373576,2.060640540891556,3927
10,3,0.13700467659801507,0.09648456765559299,2.952974926380364,2.500625297823852,3927
18,3,0.1597611876966154,0.012596597739350146,0.9475092815982948,1.9278045355871396,3927
22,3,0.1656456888583797,0.09198897387082929,2.5025781236587483,1.4898147850044456,3927
32,4,0.1884568065161749,0.04074281773555972,-0.9227528375325593,1.416969107629374,3927
42,4,0.1970735418101015,0.08960956834538912,2.456325454462523,1.4498548811701155,3927
46,4,0.2007928714510988,0.1352468370333856,2.544859154845385,2.4752777749132293,3927
74,4,0.22535057230292366,0.06809401038579949,0.23096701827788177,1.73449097224167,3927
106,5,0.24913373972435704,0.09465305505455072,-0.9538805793703278,1.1670967164683965,3927
146,5,0.26762784908286785,0.07218034359631528,0.1352029062208457,1.2951012997131868,3927
157,5,0.27069583205204595,0.0926659771332877,2.2501082119612605,1.7263248446517838,3927
187,5,0.28285972217292976,0.13467169534686915,-2.755938951251079,2.6849172112400406,3927
211,5,0.29358856585531,0.1388321399037006,2.483282410132089,1.3591181887670967,3927
273,5,0.3114492629580491,0.1981591945212654,2.272314072728521,2.1347032196189355,3927
323,5,0.3238094530736506,0.16672738788590644,1.7338903441890483,2.057059555608853,3927
278,6,0.31385935289630296,0.11349354299695427,0.24220788312184272,1.2477798336793462,3927
314,6,0.3224942360978019,0.1443525891438509,3.0813455530358973,2.526003720383602,3927
371,6,0.335142103068922,0.11912602555230699,2.259782893431265,2.0877347882263138,3927
414,6,0.343931014998781,0.16396086690650893,1.7258619858625375,2.0058052659914685,3927
520,6,0.364709055382906,0.1912268343106841,2.3326279511109123,2.200849266454558,3927
539,6,0.3681470871273428,0.10474174713426447,2.5391100705401115,1.7776831529178312,3927
568,6,0.37252950031066334,0.04186711327478875,1.6197596035124224,0.726277543556083,3927
588,6,0.3764089010103232,0.21910688854889085,2.4016779802516166,2.1803091849237517,3927
650,6,0.38607437065392747,0.07783906907054697,-2.95189568732135,1.1257437920769662,3927
563,7,0.3722812195302425,0.14287844387853418,3.1186554764626853,2.391032889993657,3927
718,7,0.3938872215472521,0.15959376996054822,0.6288737550673149,1.4912325690817236,3927
754,7,0.39785119467410435,0.10373405357488805,2.4430469851953376,1.668862492844726,3927
795,7,0.4025472137267577,0.10399567166623698,0.4058374882298925,0.7354847761754595,3927
874,7,0.4097448710428544,0.022263000759949796,1.927170749642111,1.7719701306068767,3927
970,7,0.4188940943665538,0.11076505151081423,1.0085636008781325,1.5900814665464458,3927
989,7,0.4205051692942562,0.2159754206323054,1.9651334893832033,2.167879573734021,3927
1047,7,0.42552070254761,0.09132112318930419,-2.8854687466153695,0.8089393429266541,3927
1087,7,0.4289874957405202,0.1440110551497599,1.9997419148014113,1.7347610154244981,3927
1190,7,0.43978285696611374,0.22788416246952808,2.2687445637002335,2.0646776932036435,3927
1105,8,0.43139636011760596,0.12107679061560887,2.435821771101384,1.6668737208039603,3927
1135,8,0.43473271945396974,0.16430327852592932,-2.704002168509803,2.4997156979303305,3927
1162,8,0.4375916178793059,0.12146213371662087,0.5758330045269991,1.4860470435131685,3927
1324,8,0.4525631722273502,0.12137583944603081,-2.5524371826459196,2.2939654323604075,3927
1351,8,0.45479131928146066,0.18763310626502874,0.5215014889833117,1.2112855859420077,3927
1448,8,0.46249544174760393,0.15261002654305245,1.9761121533561785,1.7493101652665555,3927
1552,8,0.4712956187789148,0.09354901008702195,2.776953519700556,0.7335112962427195,3927
1594,8,0.4747576771880955,0.07835292906550724,1.172144188198695,1.8072689714208439,3927
1726,8,0.48500142432110827,0.1506652230707926,0.6175023117313111,0.4022610201045908,3927
1818,8,0.4909843077926096,0.1576563310630218,1.6978717054508534,1.495647972425241,3927
1887,8,0.49567336585610533,0.129456161426633,-2.9915532489027554,0.9212650463393766,3927
2102,8,0.5094159330362125,0.21291799413024842,2.2330428971184952,1.8759728783034135,3927
1603,9,0.47511736359075873,0.10317357576297499,2.693529555099474,1.7572184955350831,3927
1728,9,0.4851552719600366,0.08628582178099663,0.6017666160247969,1.597397197882474,3927
1783,9,0.4888610475057553,0.2051530453131201,0.4164864911964932,1.2135612193084189,3927
1797,9,0.48969439814248794,0.12960568469995346,2.4768852446217506,1.9442683061243433,3927
1811,9,0.49072400916388315,0.08441493326066729,2.6475820798821355,0.5678450764619125,3927
1963,9,0.500621369553721,0.13135119807070636,2.291338750863622,1.5602067841802905,3927
1980,9,0.5013089282011736,0.20767656763110656,0.5633985833697124,1.233645303209424,3927
2059,9,0.5067429269426109,0.14636256558514113,2.747981115826625,1.4984794150173828,3927
2240,9,0.5186353355369601,0.23332757851134647,-2.7698992861037195,2.6974121962100956,3927
2245,9,0.5189578927970158,0.14407471537860778,-2.668872855134777,2.2693412937741733,3927
2335,9,0.5258137888321784,0.140729126405862,0.23148352332762806,0.5296915915958467,3927
2432,9,0.5334327518571604,0.1135428627588996,-2.107256457199165,1.8039518051622054,3927
2529,9,0.5411134570610271,0.2264904823388166,2.2593722240346343,1.9847760466045812,3927
2617,9,0.5489197671372812,0.1377921093955441,-2.6131012557789486,1.061076186507799,3927
2628,9,0.5499453393704488,0.14343382126531082,-2.1556208319775108,1.6782792111185292,3927
2685,9,0.5547122114273597,0.10997927500211688,1.826884531295753,1.5449904333935232,3927
2774,9,0.5628937254028681,0.18217501087059193,-2.6901547069486695,1.8517541132268858,3927
2844,9,0.5691426479803549,0.14358648808570285,-2.3654065226249363,1.7040550445288671,3927
2498,10,0.5385864158264055,0.22741221033045209,0.3651758681725426,1.1557300145878888,3927
2522,10,0.5404863650110766,0.21699214933069924,0.46582310849785774,1.3239509729139765,3927
2554,10,0.5435357513376794,0.1946663195174954,0.24527387229838246,1.3577835903858728,3927
2585,10,0.5462080639246067,0.0914574404672003,1.5994198827427435,0.6851440738676011,3927
2735,10,0.5590471584476477,0.06436532376555962,0.46476036431521406,1.5665554713690528,3927
2878,10,0.5729605580859242,0.14581272309904214,0.5874958177309855,1.5272141597167972,3927
2929,10,0.5793490078622163,0.12271087840654862,0.536050453453401,1.150653795956535,3927
2964,10,0.584377486329082,0.20342564988211692,-2.540243987417246,2.581303073034291,3927
2972,10,0.5855178692340163,0.2240785306314447,2.2898548779082577,2.0843000146899726,3927
2988,10,0.5871885962672935,0.1675909710078958,2.6406652809392024,1.4467497025616725,3927
3021,10,0.590058416903266,0.07470901602630908,3.1338205092353166,1.0203263191984036,3927
3034,10,0.5922134409752772,0.19409115817955908,2.7257854123250373,2.1514100568605588,3927
3052,10,0.5949304500480137,0.1696265325820139,-0.14263053620254115,0.3982669637887647,3927
3057,10,0.5951014427002839,0.12951756758791733,-1.9874230061349685,0.5921967334634007,3927
3070,10,0.5962175939821687,0.087547662152844,0.28292724529687174,0.6920700665715025,3927
3081,10,0.5979619865372369,0.10427891561568266,2.139561120145565,1.7443331817540992,3927
3090,10,0.5989374613069149,0.03933854970906728,3.0811792783352185,1.989189702227651,3927
3096,10,0.5994588061287839,0.17321354162326014,-2.528973768022172,1.7663517645932272,3927
3099,10,0.59967355126526,0.22337857463953295,2.990541198041175,1.4755882941069198,3927
3167,10,0.6086700400984385,0.24472787738170126,-2.344828288816328,2.638952911186354,3927
3319,10,0.6297062579010303,0.13118764239474714,-2.568764513377059,1.6146541279502449,3927
2874,11,0.5726109677476233,0.2244311070329567,0.32388346449042027,1.018202525485916,3927
2928,11,0.5789749714243169,0.21472459637580607,0.35617246481896175,1.3275727030578501,3927
3192,11,0.6112921684224104,0.10736645315898771,0.5783205834337781,1.6949194067863291,3927
3244,11,0.6189418217326128,0.1638092390357917,0.08236534785209877,0.34090961589736857,3927
3289,11,0.6252367945528058,0.12373642272616317,0.37362969603758517,1.3666921852839051,3927
3316,11,0.6293476457278692,0.2346395167935414,-2.2403941566901793,2.607361640505074,3927
3329,11,0.6311312679899574,0.15767131848104832,1.1514529002967344,0.5624684932537147,3927
3338,11,0.6331355579833465,0.12413322203865905,0.763047439033336,1.2983419124744064,3927
3349,11,0.634428584535189,0.14914843476293946,2.3164288611732093,0.6165078405096585,3927
3394,11,0.6396176412851533,0.14146422556186203,1.471450531624907,0.7690897578803915,3927
3402,11,0.6407708896756013,0.08914863358664121,1.0492475343343044,1.459007464756918,3927
3405,11,0.6410618868555202,0.1321312652777427,-1.4401091984679697,0.5163943733413188,3927
3414,11,0.6424055752269192,0.12153331701974579,2.525318175679428,1.5395561547765593,3927
3436,11,0.6455556857819313,0.1730894190494495,2.6931752553793102,2.2007855144200534,3927
3452,11,0.6493678809849724,0.20742320020133515,-2.4577442145186468,1.8173810275406588,3927
3479,11,0.6537457591581556,0.1298617667651954,1.465046713225071,0.3266838479936518,3927
3484,11,0.6551657637683738,0.1550491995761335,-3.0283038181335487,2.783573750991869,3927
3494,11,0.6579042197891652,0.08052314246654288,-0.5335905771021474,0.1999613187939775,3927
3542,11,0.6667922716570485,0.06035970039520623,2.4964782863781174,1.4007210330935265,3927
3565,11,0.672362742209651,0.20882895404730775,-3.1151719176866806,1.5564914089906663,3927
3597,11,0.6830586427698982,0.15104013310469175,2.4803667704623553,2.002836157474726,3927
3659,11,0.6991456534432292,0.13203892297690986,-2.469415876565649,1.6262623459410672,3927
3518,12,0.6621495583120732,0.1472585033518052,0.4299615171605402,1.5032905012483015,3927
3614,12,0.6868273025458251,0.14024246257778925,0.34337993273731593,0.9821899479666192,3927
3630,12,0.6904690148045752,0.16565935943498256,0.47045550591549024,1.9806103966028719,3927
3639,12,0.6933506840254551,0.12876532409162503,-3.006603899506823,2.700592552327475,3927
3648,12,0.6951797729726743,0.1885302064281368,-1.8928962221252532,2.6975942417621246,3927
3663,12,0.7004080115844461,0.17117999218488164,0.7494703147132413,0.7205398573331249,3927
3671,12,0.7037312865405668,0.09037141736779589,1.2583104022252187,1.1142042761774162,3927
3680,12,0.7060119941563296,0.14738185088944522,1.8225017531201175,0.9563508358463925,3927
3682,12,0.7063095125628522,0.12992843392386613,1.9657868261213,0.7831381067805475,3927
3690,12,0.7077699699653734,0.14987679259931347,2.6246189702345815,1.828452042268243,3927
3691,12,0.708267103468486,0.09036273201449285,0.551324824424727,2.6380691779538705,3927
3714,12,0.7156325327109472,0.03207171905562664,1.7564458524025943,1.4732521365188698,3927
3728,12,0.7188118246678636,0.13098611890043282,2.527282903541793,2.0035468534536127,3927
3736,12,0.7213531521819891,0.20364681404209758,-3.1414768568343105,1.6870347625953668,3927
3755,12,0.7286370571584841,0.0825800204453797,0.20446226069281304,0.12101654866694035,3927
3763,12,0.7329606217252307,0.19697743293661682,2.984093187772625,2.099162632605534,3927
3773,12,0.7356847005881016,0.12910256652101088,2.879822026333381,2.2954328885844717,3927
3774,12,0.7357339752405189,0.1373510008668606,-2.6290873651127296,1.8445153026613392,3927
3737,13,0.7220801650659052,0.17121616175563997,0.6893177455400759,1.3691735422871099,3927
3757,13,0.7297264334801911,0.1851925994077734,0.8207580966061875,0.6517673927427137,3927
3765,13,0.7333160523799245,0.12683503654845377,0.2714558731320926,1.5752387156795773,3927
3775,13,0.7361720253646145,0.15802062654598742,2.491579124012325,1.9105318992413114,3927
3786,13,0.7409433638340088,0.1501430862360294,-1.8650359443913782,2.7320452324324553,3927
3796,13,0.7482504217494838,0.09327239489302734,0.2990263264210728,1.1347845765946898,3927
3802,13,0.7501836753931098,0.06746827979593086,1.383178474906974,1.179490733576481,3927
3807,13,0.7533498157861752,0.15356963453839753,0.7590574949987606,2.0939290758922953,3927
3816,13,0.7572279427346168,0.10056080239053852,0.26292177802112887,2.5867855527044523,3927
3821,13,0.7606203442731371,0.14521666219274065,1.4783802445168073,1.1606592215880902,3927
3828,13,0.764910011468663,0.11461177330094405,1.723778215244755,0.8427294539779273,3927
3849,13,0.7876696631856573,0.04172102039931701,-1.587788121540653,0.5097039422365911,3927
3878,13,0.8108896140953978,0.13913908671152894,3.1107645010984966,1.9184766140145402,3927
3858,14,0.796748314789601,0.08789912007889118,-0.16370344810540738,2.6421050354681253,3927
3859,14,0.7969519680950988,0.15436236313870536,2.720306421055498,2.077805438701321,3927
3874,14,0.8085369971372315,0.04130133882848875,2.172340186418855,1.5820238772293818,3927
3881,14,0.8117662869352631,0.15725949666586983,1.4662141508979394,1.3594965805769061,3927
3884,14,0.8137167060722876,0.05529235609471113,-0.11684038551353482,0.9215664676109061,3927
3885,14,0.814427971124328,0.10157791223176584,2.1374243359093867,2.1208902163953507,3927
3888,14,0.8213883273756699,0.11185522158252781,0.43619678551942415,1.7868177891630115,3927
3895,14,0.8253223937749053,0.09037478540631888,0.9354678601497661,0.5745431142517612,3927
3896,14,0.8260740914917682,0.07945957430986425,0.37746142108599956,1.7310355730093685,3927
3897,14,0.8267208747010684,0.0839855273473084,0.6227019604440283,1.0492683656369182,3927
3898,14,0.8284015608374005,0.1039206202235849,2.3797000067333007,0.6760882832806624,3927
3900,14,0.8315706761748319,0.12584449093569,3.039836967965516,1.9382773968296738,3927
3905,14,0.8404220324728322,0.09837346132935995,1.2120635401060575,0.9202435672892035,3927
3906,14,0.8404815371668629,0.09730948485353097,1.2848572641488638,2.1266449573185295,3927
3907,14,0.8436568043075452,0.0370499997773323,-2.5596425771684803,1.5322670735985577,3927
3916,14,0.8554934180377883,0.12112801137097572,-2.560601805745194,2.2115297527172357,3927
3894,15,0.824118531695227,0.1414437770189915,2.8401789293979816,2.1192344588621577,3927
3902,15,0.8322718907433451,0.14019859298041654,1.4400538766416127,1.4079002042008493,3927
3914,15,0.8511291722478853,0.09749301822576674,-0.6631778080915315,2.1894658320717144,3927
3917,15,0.8575515001925612,0.08096189923159532,0.03184807408998244,2.145513794597562,3927
3919,15,0.8680913135218848,0.054768622601456395,0.6901756379565528,2.617073025188008,3927
3921,15,0.8754955670535031,0.1033218726242574,0.31953633638691653,0.6625050121965939,3927
3923,15,0.893706126851341,0.07032432038600957,0.6266770841375637,1.9183831378463942,3927
3924,15,0.9142139155640983,0.06643573165388182,1.927594457623234,0.5501270534718993,3927
3925,15,0.9214513857600705,0.0629175489386719,-2.693442894443427,2.0543065049470393,3927
3926,15,0.9233785272675045,0.0338327378799152,1.788654148349533,1.521089076284326,3927
3927,15,0.9290417891018059,0.05144139517869146,1.9606738322262238,1.294101225694337,3927
3928,16,1.0,0.0,0,0,3927
0,0,0.0,0.0,0,0,3927
2,1,0.09536342946696075,0.0753193201382619,-1.5738447879689463,1.7061681757145175,3927
8,2,0.11285170496054864,0.08710444221093604,-1.4179785668982172,1.695538618831065,3927
32,3,0.1780965781210836,0.09957262566382459,-1.8707788768118647,1.1535788908020486,3927
98,4,0.23926621988484087,0.10393263998622633,-2.154107875448503,1.3078414675384626,3927
104,4,0.24024975902436074,0.10007757418078941,-1.5062323492384044,1.1023373860948313,3927
247,4,0.3036004938063528,0.046404472156095423,2.4522946662245158,0.1868898380942464,3927
378,5,0.3337302811651085,0.04359978740176737,-3.0483371175383325,0.28684070327013966,3927
621,6,0.3768794736363045,0.07409852592318236,2.3381924998650887,0.6761830421408271,3927
1202,7,0.44374251803815556,0.06504401131554072,2.7293331020442606,1.5378329796796362,3927
1581,8,0.47403853578500643,0.05474395519317691,2.660943518285272,1.3935698472987121,3927
2350,9,0.528121189983511,0.03459576523778479,2.4803516722776644,2.3673954450835675,3927
2392,9,0.530541896173445,0.08795050257570486,2.295085257905311,1.499748690605347,3927
2840,10,0.5704712687806421,0.09292069291764878,2.06906370333309,1.8510231055290993,3927
2855,10,0.5712969447862766,0.035936648141949044,-2.807014589808885,1.8571876220723722,3927
3192,11,0.6104322042682134,0.09118845450062572,2.1181867172969,2.0074952895096145,3927
3504,11,0.6601880774153244,0.09620260259939606,-3.0281352303874187,0.7726837903412129,3927
3485,12,0.6577680223597782,0.12000232004012223,2.1114255428342177,2.2316997566103165,3927
3524,12,0.6627900004124239,0.09384597273946506,2.2404203195711645,2.176976301886519,3927
3613,12,0.6855769414089902,0.08844590114685227,2.8124688808225344,2.1097696112158593,3927
3617,12,0.6882355134068108,0.05347771070093435,2.1372546199259443,1.605565225737779,3927
3682,12,0.7057509371328754,0.11284428828796537,1.5530875761644456,1.3756537577944745,3927
3686,12,0.7066805408773136,0.09714800302136398,-2.458327431023767,0.6230687468997266,3927
3701,12,0.7112223199879805,0.1230891092936644,2.032803929119904,1.6944109346071425,3927
3790,13,0.743313132968929,0.0907689217289964,1.4639366485806729,1.1561900100711986,3927
3794,13,0.7442538638653873,0.13964136521795054,1.8230371892684107,2.045703795591594,3927
3796,13,0.7448219397691611,0.11464666119128372,1.4160263004241793,2.073836078428016,3927
3809,13,0.7506577931815158,0.1341971423558155,2.0118701580239957,1.9745119742835264,3927
3843,13,0.7747038653601297,0.06453513030739291,2.06372850828811,1.9385965775315461,3927
3847,13,0.7782174010312043,0.09002254908707365,2.1030752387004354,2.4602706036924835,3927
3865,13,0.7918229133152466,0.11276947845861805,-3.0742812157265025,2.7554422298138923,3927
3880,13,0.8014940535588426,0.054330175345660744,-1.5803595924153955,1.1585414091211816,3927
3882,13,0.8068263486656105,0.047612631897468845,-1.540088500887382,1.461547383024694,3927
3862,14,0.7899975185062218,0.0903739743656907,1.8109482488335527,1.2594828449126372,3927
3878,14,0.8008505304416509,0.11235332386045412,-2.942849270979475,2.7917714102486344,3927
3904,14,0.8363689566374705,0.04943597093276506,-1.6714777296164605,1.751821979429023,3927
3916,14,0.8577482557970438,0.04869334354217411,1.2215556876969815,2.4779269911054587,3927
3914,15,0.8568540232592425,0.04536517020914594,-1.7599704394246172,1.4666312854605486,3927
3915,15,0.857697208686237,0.059341060785095705,2.217726091598783,1.0143686133803886,3927
3923,15,0.8953975236209348,0.021498011942823587,2.65791579838749,2.8081411981423523,3927
3926,16,0.9216100736700671,0.06119347529591283,1.084706382938414,0.9519636575489432,3927
3927,16,0.9567618768986356,0.03731290574724779,-0.4549016357147974,0.901815947640767,3927
3928,17,1.0,0.0,0,0,3927
0,0,0.0,0.0,0,0,3927
1,1,0.039781266208284816,0.03004113451241303,-1.8196358266423631,0.6994247339418022,3927
5,2,0.10612942536603964,0.07893331764557734,-0.6902128037186401,1.075383398035892,3927
31,3,0.1780272141799163,0.08960546032609298,-1.3120877760121628,0.47382023985112365,3927
76,4,0.23097761405968875,0.08146347373568744,-0.34725077836367874,0.7393734606741519,3927
78,4,0.23223125484827,0.11130507356942668,-0.5424052327088665,0.6602392734738631,3927
117,4,0.2556409171076405,0.08609182386049276,-0.7295606708066841,0.845468383023495,3927
113,5,0.25376991182157516,0.08775078448850497,-0.26327265430107166,0.9746199587488759,3927
220,5,0.29559488131006906,0.05507681737199483,0.25826624116316615,0.7515045168999085,3927
267,5,0.30961259066505475,0.1361690461304472,-1.1398843216883434,0.7760604052458179,3927
299,5,0.3159718641597564,0.12764681540266498,-1.1479442388241885,0.5089177756800152,3927
308,5,0.3177067515778558,0.046973295274984214,-1.756494977940697,0.29137986208664146,3927
321,6,0.32129991270688085,0.07206851223425396,0.3655636635941945,1.5302644886668808,3927
389,6,0.3383277473149724,0.05274221541812771,-1.3484750866487254,1.218142073290361,3927
498,6,0.35924799734087265,0.13823370581880814,-1.1763041696932384,0.6144922801640665,3927
519,6,0.3631832804909715,0.07730169077647621,-0.5684485437521483,0.08886799903105141,3927
831,7,0.4064012333227274,0.04164189531436406,-1.7193591011862681,0.9692386220065586,3927
846,7,0.40818100702139026,0.04235742199246453,-1.973830403425174,1.8732742820134647,3927
859,7,0.40932927767037997,0.13901591102232544,-1.81419920112112,0.5638853244706952,3927
925,7,0.4155251243736222,0.12333503349889621,0.6488125616052959,2.2183245646579377,3927
1043,7,0.4256987213821861,0.04364677758378261,-0.029154032781022462,1.2906595105220764,3927
1068,7,0.4286196030014432,0.05500699140767806,0.33502635858178414,1.910314725346036,3927
1301,7,0.4526738780402544,0.14511654499396373,1.3244387071116643,1.6280025893919425,3927
1305,7,0.45290721297422354,0.04883725118000744,0.8312193809680045,1.2433914957902619,3927
1498,8,0.4683597797190028,0.14974296542432877,-2.5535953654270527,0.5642324232381505,3927
1556,8,0.4727771665692415,0.04732952988987779,0.8403238318548791,1.5430236414861842,3927
1614,8,0.47658314526706025,0.07445594879775676,0.37917153080860383,1.675021760815843,3927
1782,8,0.4873082082829532,0.06947666655454345,-2.715998328561069,2.00396776160582,3927
1862,8,0.49211527375871567,0.13760247193950967,0.8588515970765354,2.0432140697051784,3927
2292,8,0.5190775170025927,0.15504998637141595,1.709756087031787,1.7693980154243731,3927
2048,9,0.5037082664502192,0.07642305169808057,-2.818727742346291,1.986651219964366,3927
2073,9,0.5050044295651175,0.13607801544302395,-2.8269809363212173,0.6802569401922607,3927
2753,9,0.5585952181513999,0.16021790361846888,0.5722937916493199,1.885686697457826,3927
3060,9,0.591682093077549,0.1052670603334329,1.6089933501161267,1.3707641820839576,3927
2873,10,0.569557787949841,0.11547850009606128,3.0456079299010512,0.38328987335714304,3927
2972,10,0.5814183877066421,0.16176963143762774,0.6438556948808395,1.8335784577033036,3927
3196,10,0.6067750199344564,0.10464765311600062,-1.6813079625381935,2.2129791348638004,3927
3399,10,0.6393473784697834,0.11602830043813042,1.1949402644161249,1.3260850110697413,3927
3343,11,0.629567187558688,0.15848121129888498,0.7315778291503839,2.019725266645158,3927
3526,11,0.6641886294158614,0.10109757211144803,-0.5811563634706858,0.2765906364000662,3927
3548,11,0.6698247035031254,0.15028691266093777,-1.9741608224270044,2.0064696090096747,3927
3669,11,0.703453912569171,0.11870239749275671,1.1065414548700592,0.8722653259290422,3927
3667,12,0.7033196802610706,0.10523592525176134,-1.6103647152909217,0.37368859328423903,3927
3720,12,0.7192428340539831,0.16195056952137132,-1.8480364559229823,1.8024241562433898,3927
3763,12,0.7348535940066698,0.1089331635630364,0.152867504080234,2.0371872744514463,3927
3809,12,0.7544742052283421,0.09204076104935172,0.31724994323464006,2.129809875019171,3927
3840,12,0.7648745626832142,0.08731997376484721,0.9152734330002588,0.5579928053438507,3927
3862,13,0.7790306122437104,0.13307026565930466,-1.9784048811829769,1.511126784400106,3927
3876,13,0.7841854257748152,0.15323881828625874,-1.710637778868396,2.1299916133281878,3927
3879,13,0.7859131328164155,0.06797112895973725,0.45679057286470764,1.95854431949705,3927
3895,13,0.8052271680066146,0.09459811673499076,0.17676922787267396,0.677124831636886,3927
3893,14,0.8027632064956979,0.14539648942786798,-2.0597909407568076,1.6233187891896523,3927
3911,14,0.8401198672238632,0.11086433232881725,0.42957764644602464,0.8744341279402159,3927
3913,14,0.8453955352605489,0.12266253909531921,-1.4064234477490711,1.9800204701902173,3927
3917,14,0.8522463563304726,0.06343543559840915,1.2258943277737089,1.327269558136416,3927
3925,15,0.9249629065663805,0.061618743865482974,-1.8860170545071975,1.7196515000133807,3927
3926,15,0.925175297377443,0.06075710199192143,-1.9681789079581713,0.9704471059040295,3927
3927,15,0.9267631036109869,0.04600843308157524,1.3140951637407592,0.9284753093781516,3927
3928,16,1.0,0.0,0,0,3927
0,0,0.0,0.0,0,0,3927
1,1,0.06527481821733983,0.027160560450956637,0.37914779632517664,0.7512382510951087,3927
24,2,0.16787527561205084,0.10617415066231647,0.26942049169470406,1.6807984723501093,3927
52,3,0.20429819382251302,0.12391962318078682,0.21199354496792808,1.4338012646585174,3927
151,4,0.26580654188299957,0.15940249968386871,0.2111601247316483,1.2356624457373009,3927
288,5,0.31165061175318143,0.13437975048667106,0.09876274171163418,1.3548873472922434,3927
323,5,0.3218075910039234,0.18502705752263132,0.04759771784450102,1.0051484875930181,3927
422,5,0.3422756269866353,0.20278374072885041,0.5631977317719442,1.1383271820879777,3927
831,6,0.40180250440183696,0.0764657788641537,0.11559667123306062,0.9866697245869744,3927
1120,6,0.43506030917846106,0.14964993782516356,0.6842130229610425,0.8567336751778739,3927
1365,7,0.45828730968145115,0.07912277074597705,0.6162377946937018,1.2502654808976126,3927
1564,7,0.47354255005429347,0.1574049334140406,0.5652250744136413,0.7871837637364453,3927
1982,8,0.5011532573359279,0.17533213992388647,0.6000802685797482,0.8903732950584559,3927
2087,8,0.5079962352917742,0.11694114936840118,0.654349488339353,1.0654372279562232,3927
2983,9,0.5811664345916834,0.13926527477965128,0.6612138974846549,0.8344026285052937,3927
3478,10,0.6524720639190711,0.11093023731201009,0.062400498789220646,0.5438952682242177,3927
3730,11,0.7202144543871479,0.08760376517856565,-1.0387821616593684,0.023598139976803944,3927
3817,12,0.7576395669499565,0.11275942881408303,-0.050455802894760274,0.24554572000637537,3927
3859,13,0.7883483699964328,0.09836297027169372,-0.3486192028548058,0.4351095620555594,3927
3918,14,0.8641178824332604,0.03845009642137884,-0.18235080330164374,0.6278667583816264,3927
3927,15,0.9217193189739967,0.046883318118407916,0.46534556877670646,1.7673911437296888,3927
3928,16,1.0,0.0,0,0,3927
0,0,0.0,0.0,0,0,3927
1,1,0.03210389484470533,0.022160872492998154,0.5692805263318648,1.442025658425427,3927
12,2,0.11582287640163902,0.02401613487243708,-0.41555650235940933,1.5831135577814965,3927
25,3,0.16023881190581712,0.029717677586490847,-0.953466554549513,0.933785930297288,3927
44,4,0.19247253499404948,0.029880421804818563,-0.689185166215782,1.3039172087048698,3927
208,5,0.2827305474781726,0.1028029699430907,-0.377568550266674,1.8193033712008506,3927
288,6,0.3116503374190074,0.10025594970517185,-0.34907516674569605,1.7278197343081334,3927
556,7,0.3692163340699738,0.12179865165552874,-0.5448432822811718,2.013370197107332,3927
628,7,0.3812125442969123,0.10932518423707477,0.18909531497518473,2.0067482258703806,3927
665,7,0.38718759130471825,0.1085434610109631,0.05536834019175268,1.6516703664813177,3927
818,7,0.4046246431716525,0.13841265044997036,0.25239051209739577,1.6485096472129022,3927
867,7,0.41071488705421577,0.14683999769574146,0.01125047290136158,1.8388180992073522,3927
1242,8,0.44867078457611775,0.1178455105222518,0.10029011579725733,1.8030627112099038,3927
1822,9,0.4938355476025762,0.12224041263078259,0.02606040335382579,1.642691508662099,3927
2767,10,0.5642442589550652,0.1536151198725349,0.06641649019343192,1.6433272293182581,3927
2809,10,0.5672636844539964,0.10807949855834394,0.2846519826867866,2.1702637142508134,3927
3124,11,0.599384586084372,0.14081700433731395,-0.08842286966829746,1.7159343917723933,3927
3210,11,0.6096934740074569,0.08929305723346745,-0.06853019437340552,2.229428969521894,3927
3529,12,0.6665356632586612,0.11940721807736475,-0.3013602065239673,1.8109835183255472,3927
3667,13,0.6993104511825887,0.09349114699576616,-0.16771724641952082,1.8897270791318843,3927
3862,14,0.7827034962123313,0.06866092212690399,-0.4811664829510743,2.5141504983423872,3927
3890,15,0.8143687056528686,0.0895095517738074,-0.5104851987358885,2.608078505453324,3927
3913,16,0.8477921052835122,0.07889296559301727,-0.6140702634757167,2.4462229740021693,3927
3928,17,1.0,0.0,0,0,3927
0,0,0.0,0.0,0,0,3927
1,1,0.095349980383297,0.08803950410908155,-1.7463154571582853,2.193319917413715,3927
3,1,0.11201928991513832,0.06914011512891602,1.8983696794141256,0.5341602380216758,3927
4,1,0.11897006821714062,0.0979552741933648,-2.828520459944899,2.587355308196547,3927
6,1,0.12818118595397754,0.08160101151871463,1.5069132557998142,2.8998776149275547,3927
10,1,0.14181142813583447,0.11300158988090507,2.88820662070847,2.523764247655958,3927
11,1,0.14243821309934013,0.0443786295127139,-1.3313458914553213,2.081390929261453,3927
12,1,0.14404686013488577,0.07889528754461991,-2.6650497349260074,2.1028012481288556,3927
21,2,0.1611532082550241,0.1143226221168067,-1.5033521061427468,1.8234344751958933,3927
24,2,0.16827171105475613,0.15526473977572533,-1.7068840150205378,1.966748460041331,3927
29,2,0.17683071792916316,0.12411327851220597,2.282473171850075,0.5038717468016726,3927
42,2,0.18628517701329061,0.12035338261626423,2.8632316954220283,2.848126108868808,3927
76,2,0.21220531738660986,0.07487586891905033,-2.220051902458949,1.589764749174255,3927
93,3,0.2295767163788116,0.10475690103676176,2.1128341749363515,2.751580228298774,3927
107,3,0.23631026948121325,0.09842259231003535,3.045180350501061,0.708570109261354,3927
245,3,0.29362704239875725,0.1480800542249754,-2.250551434563871,1.7587767631536118,3927
238,4,0.29197505484543407,0.11386831094415005,-3.0763466068867364,1.1745192258635802,3927
301,4,0.30739183192028585,0.13431662332933275,2.2895921757919573,2.3749101793024288,3927
376,4,0.32485629654267,0.14282723883350606,-2.3634806040325462,1.8158318506459412,3927
395,5,0.3295562967052552,0.12849804840923754,2.4465924112244988,2.3982854776958704,3927
470,5,0.3445700482045776,0.15019473948467946,-2.3620258958304277,1.7493284944254615,3927
568,5,0.36092427475218125,0.11826626462346149,-3.090419199283779,1.6442761887020902,3927
730,6,0.3846901164726827,0.13863935384026324,-2.5489687237280934,1.6179073410953793,3927
961,6,0.4139965396469508,0.12312407578595953,2.972216097402752,1.9949090822760598,3927
1400,7,0.4561700921680527,0.1404526056931007,2.940851190583902,1.7475418226628665,3927
1535,7,0.46731554775487716,0.159809198595955,-2.5661572092153824,1.3708131548127103,3927
1662,8,0.47626465268037577,0.12301535457446058,2.9981836106158424,1.7118204345797787,3927
2197,8,0.5135930780846388,0.1431209566317881,-2.6569670379312265,1.5863204058021283,3927
2522,9,0.5387959552619124,0.1306303589760461,-3.0789213188072804,1.960390159986102,3927
2560,9,0.541113421957924,0.0882218459236147,3.0770007367390564,1.479475025198939,3927
2589,9,0.5440025893274767,0.13695575135755847,-2.5998801040377693,1.3932126722329852,3927
3083,9,0.5923731327176894,0.08991210037103674,-2.4727568507962245,2.581903996392671,3927
3050,10,0.5887304783769839,0.1503640627828507,-2.5938032713754766,1.2166776483439712,3927
3387,10,0.6330742537725524,0.0806169127934391,-2.7102241299332106,2.3377807077975636,3927
3517,11,0.6541963828425256,0.09668976328141338,-2.855068974232968,2.2351914886428204,3927
3550,11,0.6628258831405279,0.11151223968960974,-2.3103161796750635,1.6017158430593468,3927
3674,12,0.6958331703332609,0.11672830387510401,-2.837944332056656,1.9937920586219422,3927
3711,12,0.7062878706493236,0.09509436718132375,-2.556886141093595,1.3611366374257072,3927
3781,13,0.7289563351314632,0.08434377535062564,-2.508164488421328,1.268748324568838,3927
3833,13,0.7560161159202089,0.10052063162744657,-2.8966127561659243,1.7559421190924411,3927
3874,13,0.7905964235394194,0.06706062366368097,2.6294927301700244,2.028389309481095,3927
3888,14,0.8036842875326905,0.07711272860335934,-1.611675931820864,0.896762071104175,3927
3895,14,0.813639259308692,0.016449936027235323,-2.3454451923884525,1.5065974356823355,3927
3900,14,0.8291109440494148,0.07367219769700295,2.846157891190151,1.9878079417823675,3927
3901,14,0.829570230114382,0.05940695835124555,-1.5766654545837357,1.6483101154893798,3927
3909,14,0.8372211097819263,0.13948381616270078,-2.6883149242908506,1.7007963698830497,3927
3919,15,0.8652810142413095,0.12936034436854235,-2.708304293733495,1.7080196395244402,3927
3920,15,0.8714346821878781,0.04817288621247671,-0.5481222960454482,1.2620584335092513,3927
3921,15,0.8760654456667997,0.03535568589253442,0.777162805522732,2.646778795111736,3927
3922,15,0.878274555680711,0.05730749815253988,-1.5011928985688707,1.8210493565412311,3927
3923,15,0.8786528731747524,0.11784177302592987,-1.6747602609759245,1.3764783030891752,3927
3925,15,0.9015993172582998,0.07242059473168683,0.4761198706568469,2.0503627310864814,3927
3926,15,0.9032365752033175,0.046073712250362636,1.931510295334195,1.5340210840679152,3927
3927,15,0.9178815670627334,0.07301010420450785,0.8030757056832192,2.2514063239134416,3927
3928,16,1.0,0.0,0,0,3927
0,0,0.0,0.0,0,0,3927
1,1,0.06755400921075638,0.06647970419616957,-2.501860667084182,0.5989073785869237,3927
2,1,0.0716109981408456,0.05763803349161083,-2.701639989525636,2.675248683315246,3927
11,2,0.14512970006055326,0.08633831213010028,-1.4765102664717438,1.167206071246712,3927
34,2,0.18038099896743298,0.10555966669031984,-1.4227780113429762,2.3334849530040493,3927
91,3,0.23697168256968504,0.1232154584687472,-1.7824084556342428,2.3143652232432936,3927
95,3,0.23800933321986895,0.15268443915949684,-1.506957964487373,2.114514867496282,3927
139,3,0.2624277683645426,0.13591993214893133,-1.5266339776306017,1.7347532332006284,3927
200,4,0.2847432733585523,0.14834210728619462,-1.3041015649112335,1.8973809414885565,3927
287,4,0.30873385744163173,0.16326740270328105,-1.669126985592285,2.20238169568557,3927
295,4,0.3105316099440484,0.156440081935525,-1.5701093855114883,1.900440888805622,3927
370,4,0.32495331239045344,0.16429954512303802,-1.428600957902475,2.2042405168152515,3927
580,5,0.36277316404922155,0.16065889094192873,-1.3785161904394587,2.337718812784393,3927
680,5,0.37955147572647097,0.14638997392136893,-1.443752983262701,2.1373785522900737,3927
833,6,0.4002749221249102,0.13975400059433526,-1.296614973266964,2.151917803519114,3927
1102,7,0.43121568618357653,0.1505719294051092,-1.1636640330162866,1.9930668596324062,3927
1733,8,0.48260687692818816,0.11936149495321548,-1.184139355467449,1.8598665111651804,3927
2636,9,0.5476670252579978,0.10133909270824536,-1.2476466786753433,2.1898555762042085,3927
3163,9,0.6030953192962085,0.08315972028253689,-1.5311438149841017,1.1401378175563726,3927
3101,10,0.595924784745372,0.09110263117601686,-1.047283704610088,2.667189409547759,3927
3301,10,0.6261357138134659,0.07553674725983878,-1.568905207914885,1.3777445053034034,3927
3465,11,0.6533103175142702,0.10515660502001928,-0.956842794461137,2.2620820925038636,3927
3517,11,0.6624553431943184,0.13340997845859645,-0.5751293416956123,2.8549218783812766,3927
3537,11,0.6664087174429312,0.07785174933966327,0.05422614837311971,2.5559153368517804,3927
3538,11,0.6664474330482978,0.10707732392737689,-0.6929574482377588,2.2931300356977857,3927
3725,11,0.7180644453328426,0.04237066751449978,2.8334303705321484,1.388674387363053,3927
3763,11,0.7293736572934498,0.05214218724931831,3.0197416617390322,0.791242870666433,3927
3750,12,0.7253433205788916,0.14387805198784945,-0.5594486847497326,1.9021704953713119,3927
3786,12,0.7390975241155654,0.13961406118469197,-0.6682093902440347,2.112440974802391,3927
3791,12,0.7415008542833291,0.18050169367627864,-1.2309265526669373,2.6370519269233386,3927
3799,12,0.7443893421226858,0.1510538990173402,-1.1213892052047771,1.7326823775113998,3927
3809,12,0.7513654004469262,0.028058461855822805,2.3292770650500785,0.7664101574022841,3927
3830,12,0.7622462178160679,0.05479191411030158,2.5178951005002874,0.7393942700719074,3927
3873,12,0.7967777225258165,0.04933923522951754,0.46365222935657296,2.098954551724035,3927
3835,13,0.764222434044451,0.1728631377693418,-0.6451685236762807,2.0028927863533412,3927
3868,13,0.791746695516192,0.1638337397318631,-1.5563401538693233,2.6485231874965076,3927
3876,13,0.8008320751868488,0.10969505146342631,-1.2273082385024647,1.603056069482075,3927
3897,13,0.8249802509484528,0.055841159671785615,2.3826040555780073,0.5694958038803616,3927
3903,13,0.828326943707006,0.09104235909248323,-1.0515027945057998,2.5153935940139758,3927
3907,13,0.8359888260009355,0.06366703992703013,0.851053412200543,1.0124358689588313,3927
3918,13,0.8559480812294431,0.019865861146130447,2.1859652893535917,1.323631108679427,3927
3917,14,0.8548567073997401,0.10729814722161561,-0.7798038342567954,1.6187168647889592,3927
3919,14,0.8638844400651823,0.07414471178291619,-1.1434465056330696,2.8326759633616776,3927
3921,14,0.8709885018949233,0.1064929580877927,-0.06684532166663504,1.9199135372063363,3927
3922,14,0.8745754900887852,0.12527271418666924,-2.1171622677797237,2.7122021104361527,3927
3923,14,0.876898560132042,0.11164296669672656,-0.22266768808714188,2.865801791682932,3927
3926,14,0.8941693716823813,0.04313913754274136,2.035436718910973,0.5076560687389311,3927
3928,15,1.0,0.0,0,0,3927
0,0,0.0,0.0,0,0,3927
1,1,0.07209488203462722,0.06802870895226366,-0.01733636853983435,1.8771029453617767,3927
2,1,0.07755680232513484,0.0658273066877555,-0.5118575402939411,2.4873128569714584,3927
3,2,0.10194626257284323,0.08032019100254564,-0.48765523776040476,2.3764300352551215,3927
6,2,0.11952424276956575,0.05196337825365613,-0.7061897832897966,1.8089688084014064,3927
27,2,0.18450129450032726,0.1406790161954384,-1.5944932626227082,2.5516893982391085,3927
49,3,0.2118211974851344,0.09293577954399272,-1.7124048642380725,2.3888442035232407,3927
68,3,0.22446895835296488,0.09067631437412864,-2.2851823897185106,1.9474537658756743,3927
78,3,0.23027042499674488,0.11527486174633571,-1.5643298721365042,2.6109264385899125,3927
134,4,0.26516640998784424,0.11994931778923422,-1.2189276123777035,2.5080816861719972,3927
148,4,0.2714428013115858,0.10239891633612955,-1.6929982624478306,1.9022113343993436,3927
162,4,0.27796806314267475,0.10098001592583976,-2.0787293872609482,2.332962320447514,3927
396,5,0.3468521562699516,0.11596456765973656,-1.6803032297969251,2.0598970813344666,3927
477,6,0.3638619100419107,0.12249794281447622,-1.7603555293685091,2.0278216901148225,3927
1177,7,0.4482714853697565,0.0933127403931547,-2.420835860400653,2.483278867783912,3927
1876,8,0.4973054416072117,0.13382989620864785,-2.747136466663626,2.5716055177701755,3927
2903,9,0.5774170628766554,0.098516672046312,2.80278482705574,2.4551619457937024,3927
3344,10,0.6308138781218389,0.10139075703316042,3.083116749390196,2.0507679721404313,3927
3510,11,0.662599419061756,0.10993452867301236,3.014213574623468,1.890595913271457,3927
3578,11,0.6795277544949513,0.11432238773083171,-3.0321618064553406,1.8810905674934915,3927
3620,11,0.687423034988501,0.051009967128045654,-3.005761414473983,1.8855630875011467,3927
3810,12,0.7460242220278348,0.08473441729698761,-3.067268836457861,1.4569173620915432,3927
3860,13,0.7809723212280796,0.08595587060934147,3.1314701647259677,1.3945885516371175,3927
3896,14,0.8332864309953029,0.08802858014258388,2.847657487694274,1.157484854315797,3927
3927,15,0.9204994603787041,0.0173119971754198,0.8220670114355446,0.3751816204499463,3927
3928,16,1.0,0.0,0,0,3927
0,0,0.0,0.0,0,0,3927
1,1,0.05791368872365665,0.05637826639206478,-2.0989195196593435,2.8317331607137373,3927
2,1,0.06543759463147003,0.051150270437813304,-1.322318564460263,2.0481722655470316,3927
3,1,0.07571276349997358,0.03724520129481843,0.44284863470185437,2.169945905530095,3927
4,1,0.10663731769743223,0.09633200596776294,-0.6363937301742745,1.0734742094753484,3927
5,1,0.10714578621804027,0.08754676181943849,0.8659286554190473,1.8308976869281581,3927
6,1,0.10897582324914223,0.07201648817737916,2.1264753097059232,1.5810652828198546,3927
7,1,0.11440645310393593,0.0722857354278948,-2.39885242399968,1.4964461526560804,3927
8,1,0.12223882149481125,0.09458847848449958,2.23417285639405,1.2451160269591546,3927
9,1,0.12737942201034413,0.09048415427381432,3.117247359488284,1.1374885505701768,3927
12,2,0.13418279759611818,0.11905002688397257,-0.5342495912048498,0.9958258523693165,3927
17,2,0.16529707983832964,0.04523225414034947,1.1895116395447998,1.8916827158951972,3927
21,2,0.17486154270874132,0.06727653703566923,0.7289648162583666,1.460919383178382,3927
23,2,0.18290229565782978,0.13503672246281478,-2.0839613410116735,2.3826965551227883,3927
25,2,0.1867323956721384,0.13218423709381058,2.059674801705846,1.4757765109004353,3927
27,2,0.1875509561773271,0.18111747165756387,2.2968174852286567,3.0824365469667656,3927
31,2,0.19198863751122053,0.11583022075856722,0.7991106888349534,1.1900768993571909,3927
47,2,0.20316481030473776,0.13239171556277496,-2.1822869342013314,2.0816879436940217,3927
58,2,0.2093298447350871,0.16529996084491533,-3.0166511750843865,1.3484862637291266,3927
70,2,0.21572435167174142,0.15405899250206165,-0.7967460251323493,1.6803296303981008,3927
57,3,0.20927437074557975,0.16679652501154876,-2.8901211579260524,3.0658024823568537,3927
65,3,0.21370548419112112,0.1574861053099324,-1.1102815001241884,0.9591997882043194,3927
77,3,0.22358722235673512,0.07309222403270084,0.97055200040301,1.3212737725005421,3927
96,3,0.23760669984907523,0.2125158856805734,-0.2937067910406366,1.0274461960319403,3927
98,3,0.23773403925551984,0.1164467334075143,0.5705281411410997,1.3812218760938002,3927
101,3,0.24157687471812583,0.14259129041657434,-0.8578930064610353,1.5450683624734418,3927
105,3,0.24349944189169603,0.10019822215171678,1.6064713354665527,1.296034946468881,3927
132,3,0.2609778054038563,0.1589663366685352,1.929261850640369,1.5567192533186436,3927
186,3,0.2829712890958639,0.18154535106157985,-2.2597521366534994,1.8586208509915054,3927
241,3,0.29975045663305844,0.2031385598744265,-2.601432316846277,1.4898840393761539,3927
131,4,0.26067127962447567,0.19027216340074485,1.5039741637194843,2.949018154811825,3927
195,4,0.2870616815975292,0.1900499782531831,-1.4453668916229045,2.7371373027281676,3927
224,4,0.2949405702659411,0.17354034730659657,-0.8618823603920002,1.6654548842764534,3927
226,4,0.2953560996728677,0.24361105659639867,-0.10297495077174572,1.1410796857796215,3927
235,4,0.2985581557671201,0.05988345964316816,1.5554927737913333,1.4747286623570155,3927
248,4,0.3006199525256783,0.18373156515859704,-0.9592662450411912,1.1343887015124106,3927
250,4,0.30132957571659824,0.18064193230984066,-1.00569726688937,1.779231207543277,3927
255,4,0.30324436558024837,0.09828608373928009,1.927966299772921,1.673015184094859,3927
258,4,0.3039873455751062,0.21677313021877764,-0.20253537255477294,1.189900892135886,3927
266,4,0.3059998354172834,0.1676658292698983,-0.8776798668471146,0.9127671184875775,3927
311,4,0.31792865428326933,0.10421396816579136,1.1931350885973604,1.6433733790795593,3927
316,4,0.319746173504571,0.15265215823541375,1.904320001521096,1.3751746704453662,3927
334,4,0.3237970927007996,0.2065214917942759,-2.2712464578455496,1.8470145860157592,3927
401,4,0.33876339464490524,0.2248908927526705,-2.7150003498723807,1.5744175419118709,3927
299,5,0.31467355052450074,0.19819962528764415,0.46559663249385663,3.0650874544778492,3927
349,5,0.3267021097206363,0.17255834334970285,0.6834241940322129,2.7079611738422322,3927
373,5,0.3342207774428837,0.227807045163103,-0.2455306206408233,1.1626837581322793,3927
486,5,0.35689325795463744,0.17103356581135157,-1.2370303298588672,0.9843024095670281,3927
491,5,0.3572967426506214,0.12580054661859566,-1.2833874598511592,2.6487869612343364,3927
502,5,0.35929394961429606,0.2100726643269006,-2.7531771856514755,1.5974713004862091,3927
505,5,0.3603720205423194,0.15685884380474308,2.0434767196236487,1.3149912961193264,3927
533,5,0.3643192270175868,0.23801198655317363,-1.7679232801181377,2.7855037070939432,3927
547,5,0.3667955217283432,0.11282636685347261,1.3412478609600298,1.6937925031628902,3927
590,5,0.3720479185302217,0.141343766981085,-1.297042047263958,1.2885148088659804,3927
617,5,0.37681232248736574,0.1704527162402913,-0.8370896598947677,1.5778620983379292,3927
649,5,0.38269741218493847,0.2164198561014668,-2.3386939023256925,1.9793084579598956,3927
747,5,0.39518949106646784,0.18746459910594115,-1.1935906336281479,1.3710224083358964,3927
657,6,0.38357115468754,0.2338482413709748,-1.8664289153309952,2.7432166150186172,3927
774,6,0.3980075780172174,0.16770745287473185,1.996734010013514,2.8719484476608717,3927
788,6,0.3999897436454035,0.2483705327917811,-0.4519781059737955,1.1457610464742922,3927
863,6,0.40902041477323925,0.17258070768150566,1.9999767217269673,1.4855732611207049,3927
889,6,0.4118394361760874,0.12645927301887855,0.04933236414460071,2.36261866190972,3927
903,6,0.4129278718308933,0.09486391796868703,1.2404722701256514,1.8447332357689081,3927
949,6,0.41976158522406815,0.11804778086537154,1.3236769680165683,1.7792961912720309,3927
958,6,0.4208227242347974,0.2477702421875274,-2.586218363712211,1.663603492867228,3927
999,6,0.4245024472845145,0.24061364474109612,-2.2683987324951587,1.9229150292461261,3927
1087,6,0.4320316552860751,0.10822296496294334,-1.0141262545469036,2.2888184865824486,3927
1089,6,0.4322938781435106,0.12834813354634395,-1.845637906884387,2.2489722979617515,3927
1217,6,0.44440121420141465,0.10405919531238365,-2.2749096296214737,2.2996623103001888,3927
1402,6,0.46096592697274874,0.151383284000843,-0.9263217894170892,1.1907679453183935,3927
1080,7,0.43101266189750453,0.16335047996625784,2.0885443503962606,1.4882903841930453,3927
1168,7,0.4401948498468621,0.2195493516893892,-1.8047126554786979,2.518131721109772,3927
1310,7,0.4536075991320444,0.21804296047590782,-0.4411465116299363,1.0907706891112108,3927
1323,7,0.4548317392862603,0.2470729559350493,-2.691850801576003,1.6711550982924734,3927
1537,7,0.473296448035453,0.18279234317501844,0.13834259323115491,2.3878193600269086,3927
1637,7,0.48224450547749265,0.1468480963002735,1.6600034034697546,1.6085303793502463,3927
1681,7,0.48493096888099163,0.1521387038149056,1.4352484928652838,1.8676445781908468,3927
1689,7,0.4852424485284682,0.13646532090797936,-1.3474655350566536,2.2061897150396437,3927
1706,7,0.4863599704586984,0.11317402556717628,-2.473703916058989,2.127781857409241,3927
1819,7,0.49374537066364144,0.15521340265473574,1.489140392343205,2.8425950871845287,3927
1849,7,0.49561823998330334,0.17575161328693092,1.6679839720757397,2.565984377133026,3927
1851,7,0.49568231664910356,0.154487540033166,-0.739045698689776,1.0708678723270764,3927
1885,7,0.4976157016256927,0.19513425552231342,-2.453528569169865,2.1048163014377224,3927
1905,7,0.49856124323727236,0.08783833476851478,1.6575711036859293,2.0506612185507413,3927
1786,8,0.49159181892100723,0.19288544062871127,-1.914715799309498,2.4295000013540027,3927
1916,8,0.4989969056691015,0.21261657582188048,-0.5442961488839292,1.2388323968583503,3927
2028,8,0.5057840251676498,0.1877029609241668,1.9396331208546476,1.145313638719058,3927
2150,8,0.5135610433416193,0.20534409425800895,0.08248779982055289,2.5505810082333036,3927
2197,8,0.5175599160175441,0.13371052791434998,1.4750707044928009,1.4832004683997253,3927
2226,8,0.519634176606418,0.20443475863791674,-0.06480922606544046,2.5162054681012407,3927
2282,8,0.5236551710498643,0.16152314830966163,-0.8802394087459117,1.0033031327308974,3927
2357,8,0.5299886929809515,0.1600408063963617,1.2716752411649548,2.1015600476694694,3927
2412,8,0.5347398513047267,0.19378644738565062,-2.5665219179675436,1.9958362963803822,3927
2757,8,0.5681636088554602,0.19263148049330056,-2.7546770620846415,1.446012850959523,3927
2763,8,0.5687846407175077,0.19256694721688863,1.4135569134725807,2.0547688639684436,3927
2799,8,0.5716197609160214,0.11520035671409755,-2.9027077518865503,1.6279056663323932,3927
2826,8,0.5736024844217353,0.1262613703019177,1.7127715635819978,2.662025183410803,3927
2832,8,0.5742981605632563,0.18560786994631173,1.9345467480622422,2.2432693360246567,3927
2845,8,0.5757856516112735,0.17356431706755757,-1.2165507779924727,1.7996197541293562,3927
2773,9,0.5693608014018158,0.1672486061604974,-1.7665502339763872,2.792820253929461,3927
2864,9,0.5772477771159865,0.221336937542906,-0.07346510478940246,2.667570581808097,3927
2902,9,0.5808388700673943,0.15641212660679318,-1.1192758034980392,1.1345512482139342,3927
2986,9,0.5896445375512077,0.19698715368111916,-0.8549472171571176,1.2593707912001975,3927
3070,9,0.5992380804217754,0.17332945350961176,-1.1905941212908366,0.6631135876230071,3927
3071,9,0.5996381553307003,0.24392733616132017,-0.2954950335505941,2.7015998074580643,3927
3121,9,0.6052317217913898,0.17903919796400286,-1.1189787226870274,2.4820885947616675,3927
3150,9,0.6100025515857213,0.09397766786414888,-1.3636275847107815,2.2328578185452956,3927
3169,9,0.6123668619346584,0.18655403232281095,-2.3344226485270876,2.094983588026022,3927
3171,9,0.6124593820873421,0.13788330084282194,1.8686796722793628,1.7014022624653253,3927
3172,9,0.6125983188781051,0.204877254542993,-1.313434746332247,2.3322311519850514,3927
3190,9,0.6149493781064818,0.19904331023698602,-1.4276579079503,2.280930499965537,3927
3206,9,0.6165888333776499,0.18450678615135313,-1.246943945232448,1.5982503846939473,3927
3254,9,0.622137333170882,0.13704448416445278,-1.9210393394855763,2.020216225013642,3927
3260,9,0.6230219813305916,0.15873271037469522,1.6859388895884306,1.974952158159295,3927
3269,9,0.6238125588750492,0.1467767767844929,-2.8598386148723693,1.36852457913784,3927
3378,9,0.6436140218148787,0.13413315387373656,1.7081837732662595,2.1263768702660517,3927
3409,9,0.6494069274209686,0.10050696825167584,-1.6581809114013166,1.8681440548465018,3927
3148,10,0.6097339810642548,0.20053233230207668,-0.822998571488668,1.1888616517465973,3927
3285,10,0.6265085895856543,0.1965468938479725,-1.657731208382492,2.820548827086896,3927
3332,10,0.6351976480436908,0.1664062292110229,-0.9681562876804626,0.677261453449175,3927
3410,10,0.6496672611494306,0.20191683887905665,-0.5526258578928359,2.6874092783205974,3927
3459,10,0.658014555463403,0.17906042372931336,-1.4002153890747595,2.3527104739557183,3927
3460,10,0.6583695680978201,0.16390345411272997,-0.7239942139805695,2.6699066660078934,3927
3508,10,0.6695088834069555,0.14842712086265347,-1.207974305937217,1.677214858876444,3927
3520,10,0.671179377729431,0.13230493678706948,-1.5362774666414067,2.3332119942738365,3927
3560,10,0.6776603285490342,0.11874044260788107,-1.8088175362324685,1.8209729378711743,3927
3580,10,0.6846084266908957,0.1409368165181974,-2.073381697996111,1.8623755332170675,3927
3620,10,0.6953318542824435,0.10823189259547884,-2.705163258776383,1.047325923177908,3927
3649,10,0.7019926998211051,0.1270162535763135,1.2966913895637624,2.0017996418703965,3927
3556,11,0.6771878580603472,0.22523245239718928,-0.5088350900210875,2.6801076082186475,3927
3574,11,0.6839454231269636,0.14781694515930838,-0.8903979761274539,0.4128726178792664,3927
3643,11,0.7001331230598258,0.155286517087011,-0.5502919847874044,0.6712872362099797,3927
3678,11,0.7106424901479131,0.14978197766874876,-2.0522967051598786,1.8082486564619344,3927
3686,11,0.712747836615365,0.14189838177109565,-1.8768017850652814,2.4178487046634785,3927
3706,11,0.7193878064839717,0.12768345097397926,-0.9951637653910588,1.5519404756175865,3927
3708,11,0.7196402787609584,0.15822905736279336,-3.0467242641390464,2.828889017773503,3927
3727,11,0.7257536102332428,0.15546554079438551,-0.6009085928137631,2.355579100674838,3927
3734,11,0.729544693065521,0.0972855843121377,-1.9177697123754283,1.880806075843215,3927
3735,11,0.7295859242595208,0.1438494870465647,-1.907883372858692,2.258308958137899,3927
3788,11,0.7507532642434017,0.10561622721445896,1.3477059222630836,1.9838441786557732,3927
3796,11,0.7560759532042398,0.09798464688585923,3.0661059721578603,0.9329596126570563,3927
3798,11,0.7564596582866222,0.13481865369314247,-2.028941165908501,1.3884645189465628,3927
3762,12,0.7390710259065326,0.18260400536002291,-1.37495947621998,0.2554152074216302,3927
3776,12,0.7455311142026866,0.15467016536479058,0.12024265413318627,0.17476820316938022,3927
3777,12,0.7455460974754171,0.1404497729990876,-1.6835517840892913,2.45176032170869,3927
3807,12,0.7606696539908415,0.16678774948334216,-0.529501532610311,2.403547175630882,3927
3816,12,0.7631445709970017,0.18585935447839247,2.830437535885138,2.9741669632450316,3927
3826,12,0.7681543420099891,0.11640399221172712,-2.048350622908395,2.5653587493317183,3927
3830,12,0.7718413851822516,0.10278513350403574,-0.7389217153994448,0.9095999306382301,3927
3834,12,0.7738735310485657,0.135216399668514,-1.9090578195294277,1.9854208774706292,3927
3838,12,0.7784166210505324,0.09566814578620385,1.4184565624497345,2.151095876646041,3927
3842,12,0.7807237401336435,0.12667721494137502,-0.7759559848103648,2.149293249113742,3927
3856,12,0.7857422053379345,0.14920107429881194,2.427031524051287,3.0278152368926614,3927
3859,12,0.7878417628713077,0.13837039302243673,-2.027492329460265,1.411855402269063,3927
3860,12,0.7880223305476085,0.07848164586139102,-1.5536713301050347,2.0442127782550226,3927
3862,12,0.7933625932094072,0.13494235429282053,-1.4817252889412273,1.6769999685074917,3927
3884,12,0.8230047422057393,0.06938578489885085,2.344273145917261,0.6684924800787025,3927
3865,13,0.79755762232299,0.12074627710835373,-1.0970414734111311,2.4842485099229337,3927
3875,13,0.8072216854085589,0.15281958583072106,1.2705594582827475,0.24132466178397172,3927
3888,13,0.8307722232269961,0.10440099631434337,-1.251527990813826,2.089768408102846,3927
3895,13,0.8445507022348445,0.09573143374659207,1.977036274081979,1.9232164010770685,3927
3899,13,0.8490779887608646,0.09060915338429387,-0.3866706498085047,1.435939404097727,3927
3902,13,0.8527046636875857,0.09043782387474958,-1.9117193835974093,2.077027345525229,3927
3905,13,0.8574820072430184,0.11231716850618825,2.3158044264546844,2.6282327174861444,3927
3908,13,0.859254513062686,0.09883026024799067,-1.7071945944677673,1.5546017650376818,3927
3912,13,0.8741115343049862,0.0736905366712365,-0.0386657195468686,2.36077662409897,3927
3919,13,0.9048344998298546,0.030704748915236786,0.8357347615627931,0.42217252481979833,3927
3914,14,0.8825561786783063,0.09290635312946569,2.344578041887074,2.6270381534497522,3927
3915,14,0.8857194035596041,0.10731566697613211,-1.1231155419895718,2.732848421354549,3927
3916,14,0.8912484186067784,0.0939126861629289,2.2569995163396714,2.1601704582968386,3927
3920,14,0.9086752722082059,0.08810805037235783,-0.53991993208015,1.7427178628176478,3927
3921,14,0.9090501006546512,0.07578281935301302,0.3356230822689898,2.4571829452298513,3927
3922,14,0.9214185448908219,0.05434219855614304,-0.32241610273959515,1.4194090796809753,3927
3923,14,0.9251411641261086,0.03528271843127762,1.1781668656196886,2.4878535298158075,3927
3924,14,0.9324102753256684,0.0640592634956365,0.5443512586710597,0.39945938037679085,3927
3925,14,0.9344397244903349,0.03275371251777903,-1.7658360481630004,1.4394839644694855,3927
3926,14,0.9413984865782995,0.025943320514395827,3.083714200647651,1.6785839634499267,3927
3927,14,0.9566285426400467,0.012169317490156217,0.18964505792187447,1.6992566802905882,3927
3928,15,1.0,0.0,0,0,3927
0,0,0.0,0.0,0,0,3927
6,1,0.09356666317658524,0.09018740658678741,-1.2826218213930145,1.3639625800553266,3927
7,1,0.10674268595988279,0.09756712394478903,-0.6673099644422616,1.1922638546379816,3927
14,2,0.144022568154775,0.10827695364805463,-1.2802317313699507,1.322454477330185,3927
21,2,0.15437371438788938,0.10179231727220693,-0.8983407971286257,0.8506911648813481,3927
40,3,0.18340321188904873,0.07432636164447193,-0.8460407908062817,0.915175742006459,3927
135,3,0.2610054220496366,0.20588657986874637,-1.5049636385678855,1.0236861153708565,3927
89,4,0.22913432431905623,0.05930028763038906,-0.49714182454116923,1.2058401131546186,3927
192,4,0.2860793828899134,0.18850343638256856,-1.601297422188177,0.9830766984462292,3927
201,5,0.29373332430271026,0.10034917505720058,-0.21216897646038066,1.7176431703264146,3927
385,5,0.34033775828526525,0.23144182162608784,-1.718930999801568,1.0786211777382273,3927
535,6,0.36254764015395813,0.15409106107122345,-0.23207638236646536,1.628635237762869,3927
784,6,0.3968561153276571,0.20794624018567878,-1.7731008557311134,1.2985495329946082,3927
936,7,0.41332998862900994,0.16281156271419836,-0.2688004451424168,1.5352735421452197,3927
1439,7,0.4603414134458582,0.19190224913232096,-1.4964342628728828,1.3801181220187726,3927
1542,8,0.4677011974808697,0.1250147844762249,-0.19752385092978889,1.549129829292372,3927
1767,8,0.48292864312948647,0.20894877023505626,-0.05212554881814101,1.5023930890390287,3927
2058,8,0.5036095140282111,0.18381131814546278,-1.5526122708720618,1.5818006853391806,3927
2416,9,0.5300564649064198,0.19810533440522102,-0.036811104094373305,1.6619076498482956,3927
2696,9,0.5519863336890694,0.16120469418312589,0.14097169455251396,1.5359857029174795,3927
2708,9,0.5530065102510103,0.18228172496899933,-1.7818604047888016,1.579678414137675,3927
2911,10,0.5741009909240953,0.19025162788568595,0.17716223958462898,1.6241929358628808,3927
3033,10,0.5874227515339767,0.17952598297609615,-1.7135333424126025,1.468263294715673,3927
3406,10,0.6366595527691563,0.15740932836513444,0.12501988944719847,1.2705804413322532,3927
3471,11,0.6499175928159641,0.13398730211670853,0.13611049126372213,1.549439608241336,3927
3487,11,0.6533273339055973,0.12539444256897733,-1.5424253115929865,1.3451034423266208,3927
3609,11,0.6802533971287621,0.12811733517007565,-0.015743561382656278,1.2652621267799609,3927
3708,12,0.7139248672946414,0.07377445975049668,-1.3736831669812448,1.1552410472242989,3927
3718,12,0.7165889743730681,0.11667105658663263,-0.15820038272405415,1.7452928267038708,3927
3719,12,0.7168314311151069,0.1492258776475124,0.026934089493903284,1.281215677918647,3927
3796,12,0.7517112131009267,0.12143685580325149,-0.42103702192309833,1.4005715467973017,3927
3829,13,0.7699634109697326,0.13838543972243667,0.21660705589149432,1.7654236663973757,3927
3841,13,0.7769043393495499,0.04404429432199713,-0.5305825047060827,0.7549143428582287,3927
3846,13,0.7786744238646345,0.07179076745003084,-2.2006196374462252,1.2532112432241602,3927
3871,13,0.7962220371435844,0.13023619719979726,0.43369307784022226,1.6672951070423603,3927
3886,13,0.8044482131181576,0.1093549783034493,-0.3486705323087867,1.6740599020686988,3927
3896,14,0.8224236026018245,0.1089378371303814,-2.275723466783848,1.4491045172714574,3927
3909,14,0.8475082933559936,0.06645654431077866,-1.3828498332898975,1.817370197102337,3927
3910,14,0.849485484432145,0.09503222732762621,0.25780164175857967,1.6704948057565374,3927
3922,14,0.8803568986053238,0.07740681629604536,-0.5040559905795852,1.737191656007973,3927
3926,15,0.9049184602443818,0.06286114823740162,-1.4745116485496463,1.4939188240199224,3927
3927,15,0.9227704426554266,0.045697965702365624,-0.2690952556534484,2.0543173968567663,3927
3928,16,1.0,0.0,0,0,3927
0,0,0.0,0.0,0,0,3927
1,1,0.08179405369208792,0.049228763408292395,1.5211550211057057,1.6025870117995926,3927
2,1,0.08753314245714738,0.08562754484629244,-2.4658928969667975,1.2801432241040054,3927
3,1,0.1037567050773327,0.07717462452708893,1.8229721942957398,1.574635661134894,3927
4,1,0.10553067096290902,0.08402948793082836,2.268456441067884,0.9312365139109614,3927
5,1,0.10731717928232742,0.10316694334833253,-0.2818348822659652,0.18085438017664124,3927
6,1,0.11370685481562715,0.09177435171365646,-1.7962627376726275,1.8286698477983903,3927
7,1,0.12045801429731151,0.11881279792094429,1.3658030992825179,0.7894280670502378,3927
8,1,0.1230630416333095,0.11231500260702196,-1.8191390624032353,2.6984631156354624,3927
9,1,0.12465573515528017,0.09206201234794016,0.2261700670135684,1.5076350771909104,3927
11,1,0.13218468467927447,0.05268414714336321,-1.436118610924694,2.0479605582932425,3927
12,1,0.1345115929078986,0.12140235698838865,-1.229906227322959,1.788848223544278,3927
13,1,0.13609422541647775,0.09263696607921958,-3.0917965053740186,1.7382408351431822,3927
14,1,0.13793796514402057,0.1349341437348105,2.6066019320013956,1.7526181636521168,3927
15,1,0.13892239497449166,0.1277402717965902,0.0003868387383331141,2.7682283309780003,3927
17,1,0.14884438658311128,0.12462669157848277,0.4146074115221729,2.059982013131266,3927
27,1,0.16388242585052093,0.16155817556064267,-1.1649362647407662,1.1120401691980688,3927
18,2,0.14971374800336823,0.14223844498795923,1.4220963874999282,0.8241018744341049,3927
19,2,0.15196663573947433,0.1214530648848225,1.3964851705259627,0.5823982791644018,3927
20,2,0.15281980616386281,0.11629169395784426,-1.4412076598818588,2.88549021830184,3927
22,2,0.15649199230663413,0.06600483746045607,1.575151751641281,0.9386112012987841,3927
24,2,0.1584849873491977,0.07791639707320829,-1.9549479291603746,0.7170389209857924,3927
31,2,0.16910975261335204,0.09229851588720457,1.5309102546316913,1.5692328901302373,3927
34,2,0.17488057093285303,0.10941532071176205,0.2912566670925131,1.0639434965160626,3927
44,2,0.194529478554748,0.13061255045550874,-0.014949737701117113,1.1677363534006449,3927
47,2,0.19627971007208878,0.13567710951102838,-0.0164730387177001,1.3429462811273936,3927
52,2,0.20145278901638375,0.12009625801829642,1.0668413957542213,2.318913216300846,3927
53,2,0.20379392390475792,0.1182073483778523,-1.5873296971174817,1.457839213890946,3927
54,2,0.20391037092685715,0.13327846119802525,2.8739061306413114,1.5894254860001082,3927
58,2,0.20931046083204918,0.09011004151472347,-0.17053098517136542,1.6155001108641946,3927
63,2,0.21354064478131096,0.14167582539063392,0.4242055747923454,1.686235935852296,3927
70,2,0.2192087898549031,0.12432189767535001,-0.8577809694760911,2.0364424061633692,3927
73,2,0.22001828912182209,0.08635278624330393,-0.6409798462941546,1.308557062675561,3927
77,2,0.2207760113521804,0.1638848043100849,1.8583556673135284,2.3570459727022315,3927
79,2,0.2209680664932966,0.14503169731093105,-1.551247125664327,1.0094667829717563,3927
93,2,0.22965385332861177,0.13333252105294116,-0.624174300199418,0.7284488344272041,3927
94,2,0.23122254560858901,0.11309347289934844,-0.8973347615508855,1.932165179406733,3927
96,2,0.23142779873751007,0.10421864370496912,-1.2226626338080668,1.344626488044701,3927
145,2,0.26111505091656506,0.1965141231418334,-1.151006184738303,1.184001700936438,3927
151,2,0.2630191612826305,0.2322279589713666,1.2533397103080437,2.8498022452259146,3927
65,3,0.21549502293992095,0.0883559131313505,1.9343887037348495,1.5197171418355095,3927
71,3,0.21934891133754442,0.12016349204633957,-2.1462443018905804,2.5114661286464264,3927
102,3,0.23913218353618604,0.10199544628650187,1.7049931106134373,0.26158848235050547,3927
103,3,0.23941045538721273,0.14035534300110095,2.686342292040281,2.7860315914579674,3927
112,3,0.24413938620627273,0.15633674018251228,1.925283167034322,2.3812131491084902,3927
128,3,0.25375371315473905,0.18381328185878987,0.263998406046093,0.8833555182967441,3927
130,3,0.2541048931737152,0.10956550768261099,1.5053666458397306,0.8979436248091046,3927
148,3,0.2622969921647651,0.0576967914566401,1.3196732426582352,0.9913711995058955,3927
150,3,0.2627601784510767,0.1363716845128933,2.6782076582487098,1.2606436613151883,3927
162,3,0.266367125419513,0.13351271908272908,0.47122979865812425,1.914138267179566,3927
163,3,0.2664299631350666,0.1655926701131053,-2.370582894213895,0.045381128267559745,3927
165,3,0.26771090435466893,0.04240201568526291,-0.37489190958557034,1.351242978544264,3927
174,3,0.2724123531698335,0.16497131960399494,2.003505714147938,0.831809424469092,3927
177,3,0.2729766005333889,0.13691684924384176,1.1577615309881433,1.8244294741352698,3927
180,3,0.27375572684034755,0.13690396056516443,-0.07220128430608816,0.828991608763276,3927
182,3,0.27378137032046,0.10276494638266472,-1.9759908573779672,1.2195322218207938,3927
184,3,0.2750198473510864,0.13798814297461776,-1.125163612892569,2.033642084479457,3927
197,3,0.2781198716806832,0.1416546229757111,0.5208065658088807,1.8659190634550633,3927
199,3,0.27858402491668377,0.13685474958768537,-0.21981852240107713,0.7890671459445837,3927
208,3,0.28312242410966404,0.18240144800854408,0.6195886331332885,1.2615783492896042,3927
214,3,0.2862008521012054,0.14903944966224958,-1.4951628300281865,0.9232247113370996,3927
217,3,0.28684909629528554,0.16094630056835038,-0.9200591326217994,1.0237790342362363,3927
224,3,0.289078615059043,0.18458671537684931,-1.0830548661149524,1.2346200368364157,3927
232,3,0.29075001574237214,0.22569979336288196,1.2070412500351384,2.7997018957627233,3927
290,3,0.3060825106681645,0.09644744690876511,-1.4368521403038,0.8654477020622794,3927
258,4,0.2971809952968243,0.07755264085578613,2.4723782810745343,0.699359643923753,3927
288,4,0.3054026254153641,0.21550368694394673,1.8836091034321634,2.339734816782535,3927
300,4,0.3079108144578273,0.059123728624568016,1.9359020397907793,1.407938854087563,3927
302,4,0.30806692839095373,0.123109346610748,1.3036771470369202,1.738957793379373,3927
307,4,0.30925700339595497,0.11916729133561452,2.079245526970893,1.2140685054998195,3927
317,4,0.3121285622511647,0.1670140621791808,2.6179883552658656,1.5037192016087053,3927
323,4,0.3135447115795138,0.13078746171191907,1.88507215365606,1.388426839034158,3927
325,4,0.3137973169202297,0.2154205922643954,1.4438271537557863,2.79519367387001,3927
337,4,0.3173621820363931,0.12699297799946696,-1.0630005272889143,1.9668650167478838,3927
342,4,0.31803061242695185,0.14482038312918577,-0.02715145703490991,0.07726744504163337,3927
345,4,0.31900623722900434,0.0933427746200367,-2.231990989978576,1.3580577638526612,3927
346,4,0.3191573654660532,0.208356687404877,1.3158418759002743,0.1150691502922621,3927
350,4,0.3212996942662215,0.0785052650320075,-1.613502985782471,1.0641930938437618,3927
368,4,0.32609456235782974,0.18489509288786252,-2.580907754293098,2.2370610072844315,3927
377,4,0.32706600706346434,0.16387456293013983,1.8502766116022062,0.6963612704206011,3927
379,4,0.32734869800510813,0.21342412001704383,0.653185338256674,1.3972672716197652,3927
412,4,0.3349158297359297,0.2181978619008829,-2.749790413913426,2.6390165816122146,3927
429,4,0.3386848394070109,0.15826939920676794,1.6440451469143715,2.4807970654209273,3927
476,4,0.34914257346715494,0.16485737547150703,-1.058288141025814,0.8674351906848093,3927
480,4,0.35050265844558537,0.12378968048394377,-0.43513049074479476,1.2588046871895584,3927
491,4,0.3523859552773829,0.210881474923716,0.3864429488663609,0.8910656993048212,3927
501,4,0.35403175550472155,0.11771506732374133,0.9493863045675909,2.2185660787014343,3927
564,4,0.36515146584141,0.24199898540153736,-0.1774666269029994,0.8866801808115298,3927
575,4,0.36617530094647666,0.1824657138056865,-0.6606654120470755,1.2888366704730498,3927
634,4,0.374556675477254,0.07317301600957432,0.7700626261694323,1.1495996292766637,3927
669,4,0.37793055055449565,0.13921761939075708,-0.9191458451354764,0.9514562689800601,3927
515,5,0.3558359072853722,0.19350275645382717,1.5105829356813503,2.8137275359299045,3927
534,5,0.3602614047288182,0.17906956803738844,1.7621827786019408,0.6670694267453284,3927
576,5,0.366179698115075,0.22179057227894844,-3.0175660475677373,0.049328013234675866,3927
604,5,0.370841362128962,0.11218583833514004,1.0270799454780246,2.2782966973916254,3927
671,5,0.37822523945006825,0.12077854783562929,2.6779734735178393,1.8180333609376784,3927
672,5,0.3782582281991732,0.09644701034136295,2.2962197024022704,2.047277517311616,3927
688,5,0.379829357607967,0.11807738488138339,-1.0108911363242299,1.9480546465672963,3927
742,5,0.3880047627067308,0.16628872918020207,0.6249744520765657,1.3331873240471472,3927
745,5,0.38822235760482304,0.19331570196144146,-2.5773409848971225,1.9704825297813475,3927
804,5,0.3964344238460842,0.07588674769603666,0.854691602686817,1.3614692610734924,3927
837,5,0.3999447412353758,0.24707578590413481,-2.909417095694204,2.8035431669650013,3927
846,5,0.40147708952186834,0.06029547512047523,-0.75824166173912,0.7002826373183892,3927
847,5,0.40148109773264185,0.08806272104046069,1.9085223877612392,1.341974938291252,3927
854,5,0.4022986496759344,0.15743329877902099,2.231835845510657,2.535989666669363,3927
860,5,0.4031409548848859,0.06118988533694268,-1.0485977166725315,0.9850324410313164,3927
875,5,0.40608286876602995,0.1541836955808005,-2.5172419787858673,1.657550938143997,3927
884,5,0.40707064841774243,0.12028678779409598,-0.8598140784148935,1.3139973706579986,3927
888,5,0.40771651575846657,0.14640375089913613,1.4304927148459368,0.7804369385865217,3927
925,5,0.41146687473785326,0.16083731201609064,-1.0216612104901124,0.590975848532209,3927
932,5,0.4124590743413049,0.14883928273320116,-1.2180126786706895,1.8325002413010276,3927
958,5,0.4159761341946433,0.16948927894418148,-0.5574325200516883,1.735570610413372,3927
1017,5,0.42213990490810427,0.21019721582963113,0.029981349402802285,1.0063749962172361,3927
1082,5,0.43036901827793195,0.12428178342540311,-0.11558602708169172,0.8710427448138699,3927
1123,5,0.43420753301209647,0.1725193295945642,-0.7974031441731574,1.589071558248844,3927
1222,5,0.44421700534266406,0.1307602086778337,-0.5954082173125329,0.9196927101403578,3927
707,6,0.3818868638820818,0.20849885335806675,1.4172894641099292,2.911472298283151,3927
964,6,0.416710750975822,0.2446236532833662,-3.0131364610471216,2.807688617785349,3927
1029,6,0.4236109466657918,0.17049413559787438,2.2173450247782456,2.5138705363116074,3927
1092,6,0.43110008107426323,0.2169130233738354,0.1600713651678208,2.982644010074735,3927
1146,6,0.43698871941630657,0.2280541081264066,0.8668946450385745,0.2556067912334168,3927
1151,6,0.4372274800914777,0.1845162484880069,-1.3783167238532472,0.16285376089231154,3927
1227,6,0.44474497889829234,0.14005059532029962,1.4102611495057529,0.9203898211635576,3927
1299,6,0.4504210992207778,0.16368682570575238,0.842372056046647,1.2612201331094115,3927
1358,6,0.4553963817441046,0.09708716246702391,2.0735623654434616,1.4822518938028577,3927
1388,6,0.4578451492919857,0.09276711292748853,1.9718364273884614,1.300841965025342,3927
1439,6,0.46095526623111827,0.1059112040741104,0.3970321753605704,0.9983109713196394,3927
1530,6,0.4683071928806424,0.1737023524378357,0.8110100670814994,0.6678985963598989,3927
1548,6,0.46963876112715175,0.1342967051377214,1.1773586502957547,2.240281038914908,3927
1579,6,0.47235820213516366,0.12030868354186254,-0.6329381852006738,0.4806264632862293,3927
1587,6,0.4729585803789279,0.09709619841245427,-3.056575824540827,1.6195463319030863,3927
1654,6,0.4780369594432545,0.09579754791894744,1.1809123010812268,0.3960203376928068,3927
1713,6,0.4824908080333552,0.13398407744444438,-0.5834975779661358,1.1444385908115677,3927
1840,6,0.4920662314925289,0.150718484806399,-0.18044430868020536,1.0726032296592918,3927
1948,6,0.49878741118162506,0.1919318867651086,-2.8438383913842533,1.7354678270212198,3927
1975,6,0.5005833797892976,0.1574772795277008,-0.9474151458272395,1.464787443777516,3927
1992,6,0.5014620539521119,0.11909324887779797,-0.5684802017358518,1.0283108156326684,3927
2030,6,0.5036120284352402,0.10787128542809965,-0.9529402880497038,0.9121238235712893,3927
2293,6,0.5222582632771209,0.17729269525588032,-0.06402060937261415,0.7754602993302266,3927
1306,7,0.4510446590561292,0.2661392225174425,-3.0366048969708723,2.805955690361335,3927
1517,7,0.4671022094093532,0.245680015249724,1.5384739199508524,2.707851096066136,3927
1589,7,0.47301010192371806,0.11648409650294561,1.2975059491740975,0.9829509073827708,3927
1603,7,0.47397206904282285,0.22390895181493026,0.4396264935208023,2.7343475711495335,3927
1611,7,0.47507227676899444,0.17243390153220553,1.6163060303151042,2.520606678443475,3927
1628,7,0.4763834369010995,0.17157626238344031,0.9211833352684078,1.258433330228646,3927
1677,7,0.4802606044901565,0.2679608352553767,1.5004914853477163,2.690743065635649,3927
1692,7,0.48103944470193427,0.18348944862479713,2.492138938293949,2.321740785904396,3927
1870,7,0.49348990174148877,0.1809174383304907,0.3414544827905668,2.7635950993076155,3927
2072,7,0.5057039126185681,0.2213377874391714,1.0208547347229264,2.9655513336135977,3927
2080,7,0.5061750109314118,0.19751322541929128,0.7609138544530151,0.5858240708842644,3927
2139,7,0.5103644990354983,0.2062250371240113,2.967655172619587,3.068016287398663,3927
2400,7,0.5312089083479618,0.19032875402501284,-2.856839635880171,1.79217903582237,3927
2457,7,0.5351889192554092,0.11675765850991805,1.6761846629606856,2.2680639635452575,3927
2495,7,0.5377839762470759,0.1345205084446527,-0.7754168845443927,1.3831334480594566,3927
2510,7,0.5386977482900941,0.11639358949436751,0.09731495881258326,0.9664635087433383,3927
2512,7,0.5389035703692183,0.12480119271822628,2.1909833299066808,2.427397816833413,3927
2516,7,0.5391105675919651,0.06908150023115675,2.905101098733454,1.5831273328582054,3927
2519,7,0.5393994510036996,0.11477016819940875,0.05373298027889564,1.3916346522039424,3927
2632,7,0.5489900406978198,0.07668233875427026,1.7845358682751153,2.230010662096587,3927
2641,7,0.5502134303989865,0.17201610495332043,-2.9960293093057433,1.7984412477156757,3927
2757,7,0.561241065315848,0.1632872785720536,0.02195642469775313,0.7135462821939405,3927
2762,7,0.5616942891096356,0.12107594096430097,0.12800800682264663,0.47008167668526624,3927
2945,7,0.5807727955528226,0.17132837813214807,-0.8966341113440154,1.1831553825449141,3927
1918,8,0.4971876619356995,0.26366833781923393,1.502459871572096,2.6595181709898292,3927
2303,8,0.5232702318091128,0.21088082808584127,1.888261026468843,2.6368418859030074,3927
2347,8,0.5271118726130563,0.22361691829721309,2.7255508387213867,3.013987751915612,3927
2638,8,0.5500522993205114,0.23374716392655195,0.08422555435710773,2.607767019002544,3927
2657,8,0.5515506181714039,0.23179889321426833,-2.927020196082927,2.9501836299085364,3927
2734,8,0.5586079376652291,0.18904742212846343,1.0364384717790793,0.98497614448079,3927
2767,8,0.5624922826542123,0.08094116978695493,3.126056697794919,1.4270386844108889,3927
2836,8,0.5682060926573651,0.11251471410793665,0.7827271366917561,1.1674025665274501,3927
2893,8,0.5733481633347631,0.06898938954555076,1.5969347619190735,2.474246114411504,3927
2926,8,0.5776692011786554,0.15551805641315555,0.7296470272314829,0.9097829838315735,3927
2934,8,0.5788238045314495,0.1599686436112161,-2.9870791045935294,1.6928168880108487,3927
2959,8,0.5819466355194641,0.1560429372889048,-0.09152536285870952,3.055214127186076,3927
2966,8,0.5824295960581461,0.11842220859202864,-0.27426000707208625,1.2395885749140945,3927
3083,8,0.5962084858559654,0.15449781624319872,-0.9697406149627334,1.4588669626888142,3927
3114,8,0.5995176215435019,0.08190313095356516,-0.3375398717390829,0.6175418843667195,3927
3175,8,0.607696230137177,0.1256879294975289,0.08228234292924083,0.8416765098762834,3927
3219,8,0.6123836543468612,0.16442119471771538,-1.0438502783122852,1.1182529117227593,3927
3305,8,0.6260850108735728,0.11013104310172668,2.7936129956904896,2.9761430754577036,3927
2726,9,0.5579272664752559,0.2954566616811173,1.5882746802622074,2.773488384963859,3927
2859,9,0.5700631764850325,0.2540133859288796,1.6523063384942254,2.83377326070719,3927
2971,9,0.5827197372682368,0.19882531869911663,1.2304354170328546,2.5880903028480566,3927
3074,9,0.5953865337667604,0.235872987559143,0.02798105539496449,2.5268142122229023,3927
3117,9,0.599918187777177,0.16011599384928607,-3.0684262662663744,1.7798204941613844,3927
3152,9,0.6035328922931629,0.22928147181512437,0.09368134233340956,2.474647076537587,3927
3154,9,0.603796779491783,0.14199012021593818,-2.944871825684123,1.5935224561034544,3927
3201,9,0.6101743650987278,0.04851614078292171,-3.1281282248863307,1.764473213451717,3927
3237,9,0.6155042294446049,0.17520069630370863,1.314401660810848,0.8064224712889891,3927
3240,9,0.6161455404675986,0.18116914862953365,2.228890150227163,2.2986817157447583,3927
3320,9,0.6278920860775177,0.14871204762768703,0.9583603501983576,0.923339438159566,3927
3390,9,0.639391240132122,0.20829105525511663,1.2169991332067938,1.114605906003536,3927
3406,9,0.642114223519858,0.10952968701552165,-0.4945459166265933,1.5271025945435657,3927
3474,9,0.6555082997688944,0.0872745852416401,0.3075247897818919,0.6211541880260503,3927
3479,9,0.6560383933768031,0.13657875801182942,0.9428868663436621,1.327242285874061,3927
3486,9,0.6574008793195488,0.12351740742932396,0.9914697258514673,1.034636252306732,3927
3529,9,0.6650318013511552,0.058712785010125196,-0.722019431608518,0.12929217820275885,3927
3535,9,0.6658704682548037,0.17171620896133302,-1.206666823382801,1.340869475087774,3927
3564,9,0.6709385533432279,0.12540877242184034,2.9053986337487605,2.8132883959913353,3927
3133,10,0.6016917026349816,0.2739235891867736,1.4497248711684025,2.7763695748596486,3927
3382,10,0.638407596675276,0.22042566692823157,-0.1063737963054595,2.4818161702628503,3927
3485,10,0.6573936149393628,0.2260131991427743,0.7963204038725334,2.7389751154198616,3927
3537,10,0.6659989157260527,0.16679994394868775,3.030453703775428,1.4314075274403693,3927
3544,10,0.6672343915996156,0.14960460810618,2.975294429258209,1.5644464708238015,3927
3621,10,0.6836682964086886,0.2190618788979535,1.9421917509646354,2.229187738207923,3927
3631,10,0.686852242586123,0.13509794457719215,2.8995074578011018,2.7719420320174812,3927
3646,10,0.6921553501772766,0.051703929743517965,2.6351208283637595,0.6061421355093337,3927
3701,10,0.7108940345378987,0.15015573193435527,1.2436191004442623,1.1518879343318722,3927
3705,10,0.7117950966402692,0.08925577985600078,0.8542987206128521,1.1554306592615822,3927
3723,10,0.7155427630730177,0.08826296008636304,-0.7310671578996826,2.1030279889939956,3927
3725,10,0.7158998077134349,0.035526943313128743,0.19020809291265775,1.0697275635210237,3927
3747,10,0.7278208933612068,0.13890845727703166,-1.5277808678442322,1.3241456849088418,3927
3547,11,0.6674317605001789,0.24226727474823062,1.491605862051184,2.9870855049448757,3927
3622,11,0.6839831446820968,0.2669311879035278,1.6475434875226516,2.757270065148868,3927
3680,11,0.7022320614549201,0.17829284272934717,-0.027145155214846006,2.3503742199680873,3927
3729,11,0.7182385632641465,0.15506214056691647,2.7761823903425062,1.543632855928394,3927
3745,11,0.7276863235294014,0.15893597696175965,2.557073996525553,2.758257644497395,3927
3751,11,0.7300179612247709,0.19338646808806012,1.4391293393222826,2.6999561350220502,3927
3762,11,0.7341528228452835,0.07796286883075854,2.7487571939292494,0.9333571902110886,3927
3765,11,0.7352314345877998,0.17851147079118415,1.7844701617239114,2.1593050695299207,3927
3782,11,0.7451609503093921,0.08035113385604031,3.0147638732090343,2.665656862753275,3927
3811,11,0.7608086999312655,0.11995272405980362,-1.620078280110005,1.2021511445797612,3927
3848,11,0.7858669375906117,0.06540480858954285,-0.9304453054641826,1.5435293515896495,3927
3857,11,0.7886592848480797,0.1066532576231724,0.7056971709542934,1.2177857079784948,3927
3844,12,0.7796925657284562,0.18363540634792397,1.68339791451705,2.300674644427461,3927
3863,12,0.7940800871999918,0.16968273284356158,1.7070639499319176,2.5949543618143585,3927
3888,12,0.8133265196783884,0.02471595658281611,2.851256571278519,1.328458294653215,3927
3889,12,0.8142842284856452,0.11060831804860655,0.7540806820646333,1.1053009832590637,3927
3890,12,0.8149942769851923,0.07634830632339003,-0.3495204167167708,2.3653572099880154,3927
3896,12,0.8212306179787419,0.14960607727137648,-1.3541461492943263,0.9537252392346044,3927
3899,12,0.827047537141281,0.07059749445773629,2.4169391691209445,1.272524090453854,3927
3903,12,0.8289745473613616,0.13493165793362163,-1.5468442813498378,1.1054644140052998,3927
3905,12,0.834340732950762,0.10106502777762436,3.1067189704379135,2.383723549059523,3927
3908,12,0.8378740411330571,0.12288550699072295,2.9848731615129425,2.162247341531718,3927
3915,12,0.8507912057725343,0.08239792850030445,-1.0528537797515554,1.2144435055675422,3927
3920,12,0.8701105371643173,0.05372856426502367,-1.3789943317380287,1.3804569312681394,3927
3904,13,0.8319276753869204,0.1666223331938718,1.7471392987244452,2.034968439759739,3927
3919,13,0.8695198210719963,0.12132878518038048,0.2765225510781831,1.0963365067061623,3927
3922,13,0.8743934454213593,0.12129595335365213,1.9255259475311584,2.214789963133223,3927
3923,13,0.8871979190579233,0.042494035664783485,2.149743449242572,1.673551126679479,3927
3924,13,0.8949078718138261,0.08793411405220262,-0.5197883782075514,2.2773455438619483,3927
3925,13,0.8975055885294284,0.06911925679850608,3.038169239588961,2.2285098775563563,3927
3926,13,0.8998890567928056,0.04487291256961099,-2.1581524684681983,2.405791345256715,3927
3927,13,0.9176427313806022,0.07699419909766042,-1.8817204908335297,1.232929391693814,3927
3928,14,1.0,0.0,0,0,3927
0,0,0.0,0.0,0,0,3927
1,1,0.0673201858256306,0.0672017684348192,-1.5612441377250543,0.9196165768216075,3927
2,1,0.09301921047957029,0.09047091375853465,0.3355586478558568,2.0229123944283627,3927
3,1,0.09686731052466957,0.08918991181006662,2.253619350052531,1.3149159072126178,3927
4,1,0.11137970826452626,0.07003108653515394,-1.066911419883196,1.6679581547890159,3927
5,1,0.11407300229128614,0.08554550194238304,0.8733520228552631,2.8555555747330397,3927
6,1,0.114872682909684,0.10151947961461814,2.887248459965303,2.122240091538953,3927
7,1,0.11638455420398275,0.1090488268733556,-0.22150897969863081,1.4589905435691148,3927
8,1,0.12172715218669594,0.0332145345610048,2.521346161243864,1.2963788226323971,3927
13,1,0.14920891983620954,0.14088063716749316,2.1030378545048976,0.8065827599280373,3927
22,2,0.16059713495535932,0.08666727522520706,-1.4418694268109051,0.8474647584237743,3927
23,2,0.1612453375863473,0.12236426473539386,-2.001381142273649,0.11625023625053252,3927
26,2,0.1693680471175837,0.1364293298989581,3.0308303678405357,1.9797918933868424,3927
28,2,0.17502196500489187,0.1513105135115836,-1.8139579195850788,1.4388807696432542,3927
35,2,0.19069630505027801,0.09605362406128068,0.28136150852148434,0.5511991810644442,3927
42,2,0.19727873478526092,0.16372277832795198,1.8902566376388565,0.573241063203718,3927
43,2,0.19899896533079686,0.17207164382273388,2.2374939585041616,0.8044121247686876,3927
46,2,0.20066341040889069,0.19345564772914767,0.26338370324532717,1.9204104976850886,3927
73,2,0.2195634909419254,0.1470619955250897,-0.6313458803959292,1.404782452837921,3927
77,2,0.22181124191680512,0.159256948227321,-0.47951549191137605,1.9562896274759118,3927
79,2,0.22305273244679635,0.20415080458093762,-0.9746355568549747,1.210072558489839,3927
81,2,0.22332485417051595,0.06076221197258471,0.4913811659985357,0.587070673378891,3927
89,2,0.22814278464017823,0.13093457158500807,-0.5615435213523248,1.6672379226934493,3927
98,2,0.2306228048511808,0.12918287844691187,-0.9638011519284945,2.2320051675030355,3927
117,2,0.2443568785182484,0.21336604841871307,1.7881843173141303,0.5959776244035752,3927
54,3,0.20631077353988925,0.14080849891147693,-1.7492405288167658,1.468689605801318,3927
64,3,0.21452341183768353,0.13501972511991261,3.0025262037394174,2.1448264459191666,3927
76,3,0.22112097903857286,0.11469130142251939,3.0649365560125066,2.3372623203705785,3927
112,3,0.24133947511062515,0.06715870320922962,-0.6746460202420438,1.639893983839847,3927
131,3,0.25204225401391445,0.06962886726094107,0.2648295342545399,0.4378660806416535,3927
132,3,0.25232151410462356,0.1861163106992568,0.4333501257479939,2.1434663834732848,3927
137,3,0.2554595234487347,0.18486631888507624,-0.5397240831726762,2.066837166348504,3927
157,3,0.2637711341368858,0.19955546293628215,-1.0126776566853715,1.128695066010933,3927
167,3,0.2698972298097697,0.16150734146405427,-0.7274176349482002,1.6429717944905533,3927
191,3,0.2844541674587703,0.19383200955279037,-0.8602474211113867,1.5100195463352888,3927
192,3,0.2849772577516708,0.2102436575253803,1.7864110816223457,0.9268517757988668,3927
201,3,0.2881156446907793,0.1260555058490764,1.405708783756389,0.5926221124708632,3927
213,3,0.29112329434270734,0.09167969687928365,-0.6604581092378403,2.4916257682558616,3927
262,3,0.3048878201021604,0.2142277119573986,1.7947724452972549,0.8125004749216892,3927
283,3,0.30996780710939875,0.1637723429654786,-0.9147024750167434,1.4678830898359825,3927
301,3,0.31620299722099443,0.21176943452438782,1.353323806715975,0.8166999041108912,3927
244,4,0.2998929196510336,0.1535907888309864,-2.883153388178218,2.423015038774355,3927
291,4,0.3124038057905294,0.08514051114620516,-0.5351867336416103,2.372439728427094,3927
293,4,0.31298752392349705,0.021115645402245715,0.24664590375697992,1.2361128261168757,3927
318,4,0.32215144718939914,0.12541181054348746,1.3464144560363314,0.5669382633533523,3927
366,4,0.33315650955323084,0.1691673850425044,0.644375223649622,2.2875917091045315,3927
407,4,0.3429704844811641,0.1320489369584465,-0.4926093381581627,1.9138629629804917,3927
526,4,0.365229126515782,0.18423204552869263,-0.933060097810762,1.6359863092025486,3927
547,4,0.36802434959065733,0.22329267601867642,1.5013989615282979,0.9634053600091974,3927
363,5,0.3324384297999995,0.12649271435985018,-2.882527963963199,2.489596802341649,3927
452,5,0.3510583797361193,0.04344073866125962,-0.07359438759520033,0.597749658799247,3927
522,5,0.36423462139554963,0.15630625204891366,0.7529365055720207,2.271412220941768,3927
568,5,0.37251466032682545,0.15601907939880413,-0.45463648511539423,2.027408907159109,3927
719,5,0.39252409612324524,0.11617107294036873,0.26856405874148387,2.669452898679006,3927
746,5,0.39541751325360897,0.14655887277470847,1.478290952562833,0.9306380481412971,3927
784,5,0.3994636100339364,0.16800206350372854,-0.9302127047261369,1.6925405169616086,3927
886,5,0.4135230885818284,0.20887941021738848,1.5456998973297287,1.0795044872676494,3927
871,6,0.41111420844345103,0.1950503939559951,-3.0759339031911286,2.3314910585643194,3927
924,6,0.4179574920365121,0.07932553202841265,-2.608821943826425,2.13790023795316,3927
943,6,0.4193930157892306,0.12023463650707861,-3.0713968268379537,2.0356378440830647,3927
1025,6,0.4285198507450023,0.1761045822293153,-0.9851472099041327,1.5558088453586416,3927
1080,6,0.4344518736927889,0.21343855330166805,1.477259398308169,1.1008694611282581,3927
1208,6,0.445260688608872,0.13763929142874692,1.4876126670822982,1.1637886761463805,3927
1272,6,0.45116763478181676,0.09349004550423352,-0.38870000089742035,1.7386283919808192,3927
1349,6,0.45745729401606994,0.1385327126166458,0.565262245678218,2.6371500688451146,3927
1547,7,0.47332178987216256,0.17323670714721762,2.8198535382893937,2.2301463117068963,3927
1863,7,0.49492940169778077,0.10994700101303008,-2.501005170899492,2.7838945496986574,3927
1871,7,0.4954701273592349,0.11326079671012697,-0.3340076346660607,1.583100808960582,3927
1934,7,0.499383994380469,0.14933367628030758,3.0755095868372715,2.4271906835041444,3927
2043,7,0.506439760575474,0.10727199813940541,-0.8072013052991291,1.422249810114443,3927
2071,7,0.5082333278777049,0.16691380388630245,2.980602275002,2.4558938417637197,3927
2132,7,0.512292177497147,0.15423651008808886,0.9908711645522533,2.481467706927166,3927
2270,7,0.521792406110395,0.1934662846677619,1.60186610547683,1.2383140473741967,3927
2311,8,0.5251632026738391,0.15293914430437414,0.9578515317718478,2.4662625131499154,3927
2529,8,0.5418645206876338,0.16540720268645998,2.673478909915766,1.8723287093525118,3927
2668,8,0.5511724800826556,0.17634814311007016,1.698158225805663,1.3040256942991837,3927
2770,8,0.5599326318733766,0.12040663529140992,3.042435756119046,2.6022140637186535,3927
3100,8,0.5978969435353706,0.12073861680744116,-0.3845868105240247,2.085094608910555,3927
2926,9,0.5754242401464816,0.15701006771929277,2.651448781100747,1.9973541130770032,3927
3033,9,0.5878348816726685,0.1529522131651711,1.607217516587137,1.385110480139869,3927
3076,9,0.5945571029789981,0.10957443981656127,-2.9403235425891037,2.8638729810887904,3927
3193,9,0.6077997881724413,0.1226232709167829,-2.931873821799024,2.361534426994801,3927
3262,9,0.6172465449592194,0.11961192902786488,1.4824086480838023,2.141381848743787,3927
3328,9,0.6276582777641276,0.1156427060407651,-0.4876341394185359,2.1107760963892344,3927
3443,10,0.6467283436573956,0.14458774277321482,2.2938935384919925,1.7535407676760337,3927
3476,10,0.6538431528462679,0.14756509339388593,-2.082231526958241,2.6872478908405104,3927
3646,10,0.6927156700071959,0.056151283039896686,3.0398577720177333,1.9727987774029432,3927
3667,10,0.7002705616979459,0.05385562520023228,1.681240534887435,0.8473663157779481,3927
3672,10,0.7025061460599578,0.06319124592014894,-0.6867430769518362,2.323935753072592,3927
3680,10,0.7047292376130313,0.11880889620627862,0.7749397786280309,1.8089595632899265,3927
3707,11,0.7121594302956427,0.1390168152609635,2.0749873016650935,2.1055703853966476,3927
3766,11,0.7429487327200123,0.045707901684160085,2.83064371736156,0.6331958678343231,3927
3805,11,0.7607756157057675,0.0959622443097224,0.7935586442506859,2.2012527980232073,3927
3822,11,0.7689774791919683,0.06048014295672772,-0.6479682155908334,3.0092139879893907,3927
3838,12,0.7774770664206336,0.11990493298553442,2.526399437112252,2.1448850827323604,3927
3881,12,0.8101502993972128,0.09391454054712103,-2.3932517284492283,0.8196338298899024,3927
3890,12,0.8248799732641567,0.09432628034592437,0.36557281566805766,2.832638815824044,3927
3909,13,0.8539821667158225,0.06640091661847118,-2.1417257192474883,0.9704284535300505,3927
3911,13,0.857726697543949,0.07134780206764908,-2.8438619741236204,0.8596518981012619,3927
3915,13,0.8660327138773765,0.0656559402318054,0.29798898659895756,2.5460585952216848,3927
3918,13,0.8779305829972188,0.05279331787289002,2.5102388472543296,1.5256967533794161,3927
3923,14,0.8954085816303222,0.09263195353528021,-2.1586348928673593,0.9650185110273395,3927
3926,14,0.9101817734622349,0.05639838765098368,2.8636019862910387,1.2724260547060255,3927
3927,14,0.9279229929497801,0.04149092606124768,-1.3430616793641368,2.359405877842933,3927
3928,15,1.0,0.0,0,0,3927
0,0,0.0,0.0,0,0,3927
1,1,0.04855214578628997,0.04625856289788229,-1.532508891128633,1.5267760433737383,3927
2,2,0.10225074915124444,0.05800634295315398,-1.0932654041365129,2.1804770492646113,3927
8,2,0.1485052773941128,0.05189779423539538,-0.2686411605333879,0.06931895797104834,3927
41,2,0.19080846387388584,0.11778216238692861,2.9108924967310172,1.7239938081409651,3927
26,3,0.17548196236329294,0.06528611945597179,0.36157861102053346,1.990310976239347,3927
68,3,0.22438847943363394,0.10035685373403687,0.2732233101757332,0.09701611061179104,3927
95,3,0.24169627223033852,0.16979192810865912,-0.9846994003508006,2.4934055222237714,3927
129,3,0.25673342404496935,0.1667734720252768,2.952304745717078,1.7491289857302244,3927
130,3,0.25681069058630646,0.16675539290839478,3.043926995207292,1.7142891978398007,3927
127,4,0.25578641837251437,0.10444119961697268,-0.3041993241229271,0.34896053711712416,3927
147,4,0.26334877095611464,0.09177008983306971,0.9873366613322083,2.1091155163379396,3927
150,4,0.26388192681039346,0.1368621495250807,0.4220996847088941,1.9993368593199792,3927
171,4,0.2706798862999725,0.08171809856407412,0.32282720772778767,1.530574488114887,3927
181,4,0.2739843869731565,0.1717372601040786,-0.8151820688948921,2.4340536671809994,3927
189,4,0.2758130252007509,0.08676093688351041,-0.10083349991279432,2.254510432120555,3927
226,4,0.2863257994918641,0.14404593401203697,1.0950425956448957,2.07696128663549,3927
235,4,0.2893527490716097,0.15685786561412096,0.4340856424515304,1.881539131819309,3927
252,4,0.29286614470466565,0.14896529135103637,2.9498400240029112,1.8162866934646256,3927
289,4,0.30526202015973647,0.17657676502050348,-3.0954630258085216,1.8475152960048828,3927
256,5,0.2938828757882901,0.1694039526754216,-0.8471885134439201,2.3703430629408615,3927
290,5,0.3054523630381514,0.09499087498705855,0.8661239481231989,0.3956731643494215,3927
397,5,0.33497193774889633,0.11871328136000395,0.40856604017235615,1.7254667967528936,3927
545,5,0.36009143702383595,0.19588606281366444,3.0529817173390597,2.0571966864682962,3927
612,5,0.3690663897626484,0.084352424334209,0.6397179008686201,1.8492235326595075,3927
435,6,0.34022863695064465,0.07200391705725367,0.23053413989393978,0.16822106266383052,3927
606,6,0.36869326871961605,0.17840689500971865,-0.7151576990145887,2.62828216293137,3927
631,6,0.3731095460047117,0.1716515878789472,-0.5812822711277733,2.136204772829105,3927
784,6,0.39300869410537953,0.06405621212215788,0.6276299708127161,1.7797621255536615,3927
1094,6,0.4273040261066412,0.1586869701663654,2.9562004125756443,1.867173990963681,3927
732,7,0.3866917664891226,0.04460068721130566,0.8241548165277014,0.7549545273780697,3927
740,7,0.3876525420792616,0.0892819778506576,1.2726798650137658,0.5100533126048741,3927
759,7,0.3902354260422476,0.053416542595562375,-0.06523450479836457,0.6982468253974252,3927
883,7,0.4045039469533046,0.08404310637637707,0.02668964885029103,0.8486900469392745,3927
988,7,0.4155523663874743,0.1741524966170213,-0.5481938985413146,2.4710004275174704,3927
1037,7,0.4226608435862469,0.20698043116653597,-0.4380916294247923,2.175157877852832,3927
1062,7,0.42449854535964615,0.11196509277362561,-2.491046453461154,0.43834741304344355,3927
1270,7,0.44446983634583714,0.09806757831384433,0.28995863060383686,2.040963719610943,3927
1639,7,0.4757257506894823,0.16332426310900067,2.6518887362938153,1.8071759605614164,3927
1450,8,0.4619191109168447,0.0781846546178318,-1.2026004722366854,1.2875611193246708,3927
1730,8,0.4820536442211578,0.13666507321123833,-2.6721391517328636,0.3376821765921385,3927
1833,8,0.48935271116148993,0.15013639081162936,2.5934491278894014,0.41392670069422066,3927
1971,8,0.4973668960939638,0.0688180268910483,1.8842661443297024,0.649426999331118,3927
2019,8,0.5014248254269468,0.06860761145822544,1.2064832201425622,1.7700928082337968,3927
2105,8,0.505740294773481,0.17843474004865065,-0.43051237573808304,2.1747635403812606,3927
2130,8,0.5070390463274709,0.16288286334305352,-0.734765444388396,2.008031103805245,3927
2157,8,0.5087270698084532,0.0817334928433136,0.6703461640798221,2.2406855622575055,3927
2314,8,0.520919753555271,0.15292861829947846,2.5950133942450564,1.8600492811471268,3927
2135,9,0.5073460489485399,0.08804695778038271,-0.7158969558532543,1.2352716883996826,3927
2442,9,0.5309399748472848,0.06709912468847735,2.702456751915515,0.5097387048039457,3927
2486,9,0.5347942236741933,0.09567665879748384,-0.7040913414118324,1.6816473758135633,3927
2577,9,0.5424036239843141,0.09578655558603423,-2.8093076198432283,0.6483868589475201,3927
2622,9,0.546143711210767,0.1780369274697048,2.511430983782985,0.27004056762360024,3927
2624,9,0.5464439585672973,0.04940200315997787,0.8813123663470095,2.349820292930046,3927
2626,9,0.5466583996036701,0.043896654822732875,1.68847063143895,2.019487753681142,3927
2714,9,0.5542080736510763,0.06689223558845071,-1.190149106486658,1.7018290278311359,3927
2725,9,0.5551907149973218,0.08353843926314328,-1.8520273965217755,1.7948073062510894,3927
2849,9,0.5670870121458631,0.12114925392217395,-0.5120766112573201,2.085918474469933,3927
2934,9,0.5766174875212744,0.13959528347681208,2.519940505316148,1.6970227147266654,3927
2975,9,0.5813965796974782,0.1740625446573552,2.7100703437989186,1.645379251778703,3927
3045,10,0.5896065908250494,0.10779263086142783,-3.092020550770969,1.0002690955664253,3927
3110,10,0.5994488621054676,0.18069308919420504,2.1415274088687966,0.24934850775322154,3927
3200,10,0.6109674834409925,0.05789336713895285,0.5355219040991218,1.1937023991441809,3927
3238,10,0.6165014262638228,0.08098869659185289,1.9311092865778308,0.9300481895325121,3927
3268,10,0.6220014587410178,0.10904198027783278,2.0700888305801373,1.6472608933829767,3927
3269,10,0.6221320026772664,0.08584688925313334,-0.40981352095557705,1.9464022022353382,3927
3294,10,0.6260070510007109,0.15913440172472373,2.5489780752234465,1.810248158623939,3927
3316,10,0.6293997199874101,0.08648839812421588,2.3436939848726235,1.7801873538379824,3927
3339,10,0.6333173537092306,0.08674287117734478,-1.8561361441230437,1.9641230744314988,3927
3487,11,0.6577575270963762,0.15005736431729566,1.63331594759061,0.46904389639638583,3927
3562,11,0.6751791850759731,0.10563061565400376,-2.243441668211645,1.9038086938783643,3927
3575,11,0.6789257856194194,0.1110566493921036,2.698666527018506,1.8391585733846485,3927
3604,11,0.6846835967029786,0.08597297998122663,-0.3796964786200025,1.3832291521545668,3927
3607,11,0.6862152410896922,0.11593395151654871,0.7618511589192856,1.3027836855518118,3927
3610,11,0.6870387874694003,0.1334906318187903,2.516837883978999,2.14218026561022,3927
3617,11,0.6881703006832981,0.10108361946850639,-2.985331578823571,1.120365940084085,3927
3640,11,0.6934604369266143,0.12608649964985244,-2.788714558653941,0.9589790431007181,3927
3654,11,0.6975148829747894,0.053606439510582075,-1.5162789538772532,0.30924733936447085,3927
3661,11,0.6985317497222227,0.04374082985676448,1.2812541150827343,0.7945656585849662,3927
3709,11,0.7091932749661065,0.044764792261989705,1.2460712917376524,1.3904477463352236,3927
3714,12,0.7113248937474118,0.1283791006537893,-2.1973239286243134,1.916842466048216,3927
3720,12,0.7133134868488324,0.08142347979489575,-2.1589240946998833,1.836724230806835,3927
3726,12,0.7163949548993123,0.12482930623969458,-2.0168294246460743,1.969776151504405,3927
3737,12,0.7207696281507475,0.11087264773413198,0.9458673247141113,1.3660441291034293,3927
3749,12,0.7243363026320278,0.14203499457996643,2.603598646696812,2.2927730025178508,3927
3770,12,0.7289933985453899,0.10930212044031024,-2.813275922968378,0.923464468926111,3927
3783,12,0.7346995365408371,0.13749467499149418,2.1055702250002555,2.137209412157138,3927
3808,12,0.7431032760869687,0.1522002581498051,1.7218016232655733,1.0125449781763014,3927
3823,12,0.7526330841021165,0.1236047379588764,1.1070778756621242,0.6934802117551736,3927
3843,12,0.7648599219430651,0.06322188818130162,-0.13258886482454596,1.1236875415773655,3927
3851,12,0.7690814964315176,0.044505141944306825,1.6956309815348538,2.4063565218188687,3927
3854,12,0.7705203889914116,0.11310451461421325,2.977381494721876,2.190653842253196,3927
3861,13,0.7756078826231897,0.1160822659677604,-1.8345569222327,2.415560669114296,3927
3874,13,0.7840101911710576,0.1436302403928078,2.318800347045526,2.3179653170092482,3927
3883,13,0.7914218940732431,0.09799102915074817,3.1414654531457273,1.1909368209885833,3927
3886,13,0.7952866092767548,0.06314209728227911,-2.906424271830672,0.5070712247650969,3927
3887,13,0.7953009722629986,0.14709613800541385,2.501686129896005,2.136495274003306,3927
3894,13,0.7970842546039335,0.06998927075279354,-1.2750141627052767,2.5537822818915084,3927
3895,13,0.7977091899091133,0.09487028375501655,2.9622364424605223,0.7807693001161803,3927
3897,13,0.8005549414755331,0.11010996473667775,-2.9331598875847735,1.610531427769944,3927
3898,13,0.8014087992740684,0.1345992914255626,-2.8214993447082173,1.9492400053037395,3927
3899,13,0.802853904476692,0.10427940901499322,2.114368740125071,1.864090513662586,3927
3900,13,0.8062743927674206,0.09992110328498487,0.9236101599362739,2.0307060113120996,3927
3901,13,0.807225944562977,0.08324945258480564,0.3029210650291837,0.7625389895365154,3927
3902,13,0.8093089920674044,0.164409375428989,-2.7098451770961294,1.3456549404031057,3927
3906,13,0.8160803693059915,0.05416311818167459,0.7130598367597676,1.7352045119146913,3927
3907,13,0.8177746968411568,0.10619616513901307,1.7983034942094853,1.43626959749544,3927
3909,13,0.8270408124874499,0.03586559084607079,0.5703240491429868,1.6099107621240552,3927
3910,13,0.8276304802167388,0.07225316785276184,-3.0336372354542562,1.854594067826932,3927
3915,13,0.8453049346229029,0.0834608651338436,1.384218175102523,0.9375694945904264,3927
3916,14,0.8582844155023572,0.08728488270822166,-0.3826633138363549,2.255461756917453,3927
3917,14,0.8613961293143078,0.08145319260842614,1.8936984288282006,1.4099600989927479,3927
3918,14,0.8716415029032069,0.09466199845592438,2.8143017281461806,2.2752147583102533,3927
3919,14,0.8720397613899613,0.05510702659170905,1.2109918335550924,1.3727379851973018,3927
3920,14,0.8735881672255408,0.12552800682862542,-3.029092921189291,2.520343269478805,3927
3921,14,0.8764458706670705,0.09375432931588439,1.9746708452201587,1.160518322415458,3927
3922,14,0.8794974499591965,0.11085059301602854,0.681058124065515,0.3374779725836109,3927
3923,14,0.880372132235043,0.05604891515657686,1.6393998836581902,1.0634754408467095,3927
3924,14,0.8947514548932521,0.04605187540072078,-0.3666464083761774,1.8662425810139864,3927
3925,14,0.9072362469665017,0.07742060993740522,0.9286723980418397,2.398486015420265,3927
3926,14,0.918210785687425,0.02754835226352409,-2.424953631226522,0.9777212804067179,3927
3927,14,0.9330650593528239,0.062701558446636,-3.0025684612901955,1.4726462616723144,3927
3928,15,1.0,0.0,0,0,3927
0,0,0.0,0.0,0,0,3927
3,1,0.09203786864197072,0.029250783390154595,2.50124751904581,2.4094572000787267,3927
6,2,0.11401712425465726,0.03499791658625102,1.8127721214774484,2.995496317709936,3927
17,3,0.1502528277969074,0.052893999987994274,-0.053065958364124456,2.457719051284313,3927
61,4,0.21291537138184835,0.03145234826914203,-0.8828297555554848,1.3829606425231376,3927
162,5,0.27208986754498854,0.03780702821724765,0.6904438545104506,1.6751403347062637,3927
371,6,0.330368052022608,0.0583396929936395,1.3251634199515963,1.4929744622032957,3927
639,7,0.3793948934120345,0.07800447456593496,1.5328512000321024,1.0918323009062187,3927
1338,8,0.45444824312335275,0.1294591263859388,1.752644750641336,1.510018454678995,3927
2541,9,0.5400149959149376,0.1433997505089965,1.9968068120685445,1.9992692582499285,3927
3072,10,0.5935373335417753,0.12484901853956772,1.6685153253562386,2.1020825319440584,3927
3472,11,0.6557434199283937,0.1130687360615869,1.0870053153888786,2.1684533035892604,3927
3675,12,0.7017322111030418,0.07731810757891232,1.1250938180599193,2.0482952125221128,3927
3742,13,0.7250028846851571,0.08553567320527501,1.031438201554558,2.229641655857935,3927
3843,13,0.7685618740469832,0.09015529229686477,1.2841884532557362,1.6591639302128012,3927
3896,14,0.8174448861521902,0.07294024581443061,1.6144149515591797,1.8112463354585768,3927
3918,15,0.8717841310741946,0.056485850028471216,1.6645911870926242,1.1532363477537193,3927
3924,15,0.9046842899637038,0.03491168030061987,2.1220313113001033,2.1863159754915547,3927
3925,15,0.9075801661179611,0.0399993390700186,1.4466192115937366,2.434942125008551,3927
3927,16,0.941564705186848,0.040694023089291605,1.5393247842771334,1.720604538331606,3927
3928,17,1.0,0.0,0,0,3927
0,0,0.0,0.0,0,0,3927
1,1,0.08093755398900027,0.0788345999559953,2.68653791180768,2.4053636668394778,3927
2,1,0.09419562504712442,0.09095747440356645,0.19464120219750522,1.592310424868147,3927
3,1,0.09854401141747116,0.07511176450266197,-0.29280551925234677,0.8211559083379921,3927
4,1,0.10507605854623103,0.08982660585144772,-0.34593857598009753,1.7696418346972038,3927
5,1,0.10636860596700493,0.06065741671829672,-2.7528584186825666,1.8113202746403316,3927
6,1,0.11200258211660885,0.05893645527952532,-0.5979488662292731,1.6780780931267245,3927
7,1,0.14216031628038217,0.07912115341206083,-2.2637147791583034,1.788549118281117,3927
12,1,0.15285026431979098,0.11737763590549169,-1.8752624207046735,2.2135744757655536,3927
17,1,0.16121194741183564,0.16022323203835132,-0.6325046629217802,0.24291509408873674,3927
22,1,0.17491476385871274,0.1293908922891289,-1.8696446579883432,0.9447984805681964,3927
28,1,0.18039042925785453,0.1430864035443369,-2.733798523237029,0.9607870827490579,3927
30,1,0.1822455279558931,0.11540693170895193,-1.8314141435562363,0.8766613507449849,3927
39,1,0.19260999781949528,0.1071033140589998,-1.8959312842872542,1.0961866809615235,3927
41,1,0.19373012551500957,0.18431594224202677,-3.0038811311596105,0.7795225573993738,3927
58,1,0.2115753719471456,0.18983892517794096,-1.7655204837916734,0.5714825785547865,3927
8,2,0.14589460683760835,0.11086974763227557,2.6495263076949844,2.3909230705295967,3927
10,2,0.15187574901223932,0.0788308579651503,0.7911690862089157,1.3884218946886462,3927
19,2,0.16874444486002838,0.06268410293735695,-0.4421526722361205,1.9745084238464472,3927
20,2,0.17136926571402322,0.08513529276657748,0.7669857308426068,1.006010113064161,3927
23,2,0.17530898653248828,0.03310108717463897,0.745409619980478,0.7608918224293474,3927
26,2,0.17835782936631261,0.1228857864951675,-0.034434650552514955,1.2636311534747424,3927
38,2,0.19084698151074575,0.12928958100303634,0.7374096201405453,0.7476839062925015,3927
43,2,0.1954196556352903,0.09277025911807305,-0.9614954257336268,1.3607969131976705,3927
45,2,0.19646692031100377,0.14085863593920797,-0.060984533022096964,0.47624932325110714,3927
50,2,0.20463314555104084,0.1430008041985205,-0.14973732009737226,0.7012550844832774,3927
54,2,0.20743561007043654,0.09273932946759389,-1.9404547618776589,1.8001710757133949,3927
66,2,0.2179447364943098,0.13875975944558647,-0.16888391930443522,0.7952011833557373,3927
82,2,0.22838665203124564,0.15424812413641556,-2.2536722314472204,0.2573119056555835,3927
88,2,0.23266281030932923,0.17891211337483398,-2.5722908601650207,0.8544828976770692,3927
94,2,0.23443550477395025,0.13526441703097028,-2.7179748678626865,0.7743261098661237,3927
99,2,0.23710413539123976,0.19576680495758572,-0.9576267022698806,0.897398389256277,3927
112,2,0.24200937735014516,0.1302009111890038,-1.99812038191991,0.8402480834179481,3927
122,2,0.24738916705515335,0.1445449478553065,-1.721373200667069,0.7688523810761069,3927
137,2,0.25270414660091167,0.20255254721429838,-1.1305775681849553,0.39740519945853225,3927
145,2,0.2559636584162076,0.18429989037263483,-2.616960328016406,0.6637793759818844,3927
156,2,0.2620875495343977,0.1923050264609565,-2.0078523457755173,0.7222892423669041,3927
60,3,0.21311917306138262,0.12028220899061871,0.781327686195854,1.788893546861154,3927
76,3,0.22389930246943557,0.11947596991397468,2.7916618810047074,2.6779374756259284,3927
100,3,0.2371705745960122,0.09438898596779925,-0.19749402594279167,1.396384505975951,3927
109,3,0.24098912272646567,0.07196156431784038,-2.2662843655638647,0.3808655972799916,3927
120,3,0.24660371135220482,0.057221978907262196,-1.2691441219903525,0.9521402303771981,3927
121,3,0.24729620568224064,0.12038910278285782,-0.29604089933102573,0.8842403640179837,3927
128,3,0.2511221321360163,0.06837386395198947,0.701463968926571,0.633194507020852,3927
136,3,0.2524499161809912,0.0906646353642305,0.19756094754299425,0.4694468141932589,3927
175,3,0.268916254025824,0.09052384447334733,-1.6138882565010533,1.2587591509556548,3927
217,3,0.28491740387317577,0.12232209785190218,-2.5813399943497872,0.5552024509805772,3927
221,3,0.2870508859417077,0.18204559971950235,-1.241777324145039,0.9721131901365366,3927
263,3,0.29879522258978497,0.16615898320666178,-0.7828417617641834,0.495755537936812,3927
282,3,0.3046287537896609,0.1762507667793449,-0.9397342286937621,0.49309587002813504,3927
297,3,0.3090618011522622,0.17295107189407669,-2.505214413009627,0.4900577623708147,3927
394,3,0.3292217163946177,0.2097542862175485,-1.7309221329445947,0.7365705086166293,3927
131,4,0.25154515671284083,0.106128319988453,2.7905848486289493,2.6291856113419536,3927
141,4,0.25399516160242586,0.14275252286987172,0.9855953959786563,1.6559508225750477,3927
195,4,0.2771421321241344,0.1282282902518057,0.41916892530437544,1.5054407947641109,3927
290,4,0.3071289949980809,0.05436150861897909,-0.01801542625582395,1.9741542997327581,3927
295,4,0.3084417310646367,0.03148360641246122,-1.4208560404619819,1.3684798060505579,3927
356,4,0.32239188945081554,0.054183154695731185,-2.324176623350002,0.5128795226228655,3927
437,4,0.3381926236096101,0.1763922629354274,-1.0549483809677838,0.6550595346043364,3927
584,4,0.364099140157199,0.15525916729861214,-2.2250570058735613,0.6961666133361321,3927
611,4,0.3686124391608986,0.13422679385453415,-1.599007698857619,0.7294031241872395,3927
638,4,0.3727911284199348,0.1745494003154082,-1.7166521226554825,0.7535528330428296,3927
402,5,0.3301694680196092,0.08114068186915072,-1.22245770196517,2.793096859160274,3927
427,5,0.33640042784802215,0.1161443147564857,0.7740537600328872,1.4276592951470677,3927
483,5,0.3466892264338154,0.18998416704371832,0.663035264750622,1.7414991508797137,3927
527,5,0.3545731047843953,0.06150337731849499,-0.31106959748377383,2.0857524691292157,3927
562,5,0.3605691526604937,0.09288194354341327,-0.02230678153276355,2.4167468200147177,3927
590,5,0.36555426697302285,0.13342454240850526,0.7595252876791131,2.226383853506101,3927
726,5,0.38359176951141716,0.1797888939539558,-1.3135454024202662,0.6236302854742432,3927
766,5,0.38945960666099944,0.06634055164108373,0.37668017031317047,1.873283185975703,3927
776,5,0.3912656209028852,0.17354134709863459,-1.196740076942761,0.6257625129237598,3927
1069,5,0.42675204173636816,0.14582830812784014,-1.672949763435146,0.6628777121595685,3927
600,6,0.36665658707643756,0.13824313363769572,0.7877557548267615,1.4873289180864888,3927
1053,6,0.4251533656647225,0.16819273720945463,0.7999242208386605,2.0238934450708337,3927
1151,6,0.4345320002844969,0.08512683145345998,0.3045482287188698,2.074883940339611,3927
1460,6,0.46183265953763075,0.12551730065116967,-1.6697005243548295,0.46660620212510023,3927
1098,7,0.430089778633553,0.17103239379578292,0.5204863693921696,1.5597609009434599,3927
1462,7,0.4619689766526165,0.10946084834812815,0.6403546340151021,1.7495416050933625,3927
1756,7,0.4833413373796749,0.11778162198113094,0.6252627615212256,2.052033046571515,3927
1876,7,0.491424647525858,0.13513808829838792,-1.5635586091701423,0.5625437073767505,3927
1888,8,0.492322912957017,0.14652142040479685,0.6121631584010319,1.5540272386653329,3927
2112,8,0.506927084792167,0.0901905299932305,0.379746591308305,2.02364437402482,3927
2446,8,0.5305415827019417,0.10399870940363089,0.876603753821197,2.0166230404263477,3927
2475,8,0.5329397778637587,0.11900697891386436,-1.696240706227927,0.5559541916123236,3927
2920,9,0.5761002123687463,0.08178046778147256,0.7172616680981608,1.8224600301010545,3927
3021,9,0.5849350544381585,0.09452278129508987,-0.9842785102749064,0.427167104762294,3927
3356,10,0.6332022748144641,0.09505745344568461,0.7508911304239216,1.2929300091343445,3927
3407,10,0.6392628661918845,0.12202664750408725,-1.6961453229471357,0.23732797655982904,3927
3740,11,0.7200653016392626,0.12712407803886255,0.13408685541657533,0.4286538476947796,3927
3762,11,0.7268155494105304,0.1181464661697787,1.1227148947506933,0.4742460154548925,3927
3802,11,0.7406154638555834,0.10583847172511271,0.4037117265315752,0.21458010857862803,3927
3858,12,0.7781675710153786,0.09763840670941683,0.5755080342373795,0.2791168687581839,3927
3913,13,0.8417116234313514,0.05493022707160858,3.140272968066935,0.339403746307681,3927
3921,14,0.8839007556630234,0.09177027129079038,2.9174216236939667,0.40552651833546305,3927
3926,15,0.9056658024846997,0.08134508164462427,2.7879701636919405,0.5758156952164922,3927
3928,16,1.0,0.0,0,0,3927
0,0,0.0,0.0,0,0,3927
1,1,0.04607700446967711,0.030678558416363327,-2.834363465782846,2.733643452819442,3927
2,1,0.06703864657539615,0.06311715994866293,-3.120053597885887,1.5722306079373671,3927
3,1,0.08668000793965691,0.06317160732625265,1.7672704872898308,1.5912775479618284,3927
4,1,0.0900910283301839,0.07785901125848274,-2.4263275968811095,1.8940882844779376,3927
6,1,0.1021981377806882,0.08020337512712945,1.2452846069701,1.7871061590951494,3927
7,1,0.10705109637806298,0.07684821636815073,-0.7525275715510515,1.089010396356825,3927
24,1,0.16030247046462154,0.15904180778277166,0.4678480382230953,1.605204346826896,3927
25,1,0.16050250641695452,0.14440361824331455,0.883783154118729,1.1552288959338513,3927
11,2,0.12638079928983148,0.05504415321468504,0.7589751244577334,1.5573699704022246,3927
12,2,0.1332794153762158,0.12200788596067087,3.0908929047030145,1.8574010962715088,3927
16,2,0.13630716637201523,0.08792700636340045,1.1265915036471275,1.9413829170817083,3927
28,2,0.1647483043500395,0.02639756575137195,-1.5757836513951138,1.2349135991443099,3927
31,2,0.16638867656041856,0.14699341791210654,2.6246876420360854,1.6151032265135756,3927
32,2,0.16695829125745443,0.14908708997097195,2.77745177164717,1.2484686833589926,3927
36,2,0.17253534030115225,0.12383308441017311,0.524070795885661,2.0455673094556692,3927
60,2,0.20460444324706595,0.1649533173315098,1.438211182075447,1.091559630074759,3927
67,2,0.21038469739640742,0.16545311361547224,-0.3722092901249136,1.0507366245756318,3927
70,2,0.21117549489298826,0.14866403738966386,0.915851204915138,1.0175702958885806,3927
86,2,0.221628110131311,0.2007444524134243,0.5524977363644962,1.4237435773259142,3927
41,3,0.18326391867235692,0.12478611667379826,2.9346198484207533,1.9009379093069274,3927
42,3,0.18431475921179485,0.03125455331703597,0.06983458595846655,2.69232104571145,3927
51,3,0.19616263630624853,0.07880265520761942,0.42854550000134284,2.1964533338298105,3927
58,3,0.20364407078284585,0.05352384839892429,0.6094356095166126,1.9109141294033363,3927
59,3,0.20391110274670865,0.16661127418583407,3.141245188469256,1.815125834140383,3927
78,3,0.2165232854123733,0.08751768827841098,1.5639163329447627,2.771371911216229,3927
80,3,0.21708836071118043,0.023126919003278287,0.6274992452076953,0.752263005054562,3927
84,3,0.22107463101563585,0.19244824354311774,-2.9924615867599003,1.7998132726216534,3927
87,3,0.22194462210004517,0.09965986468406984,1.5220495492646378,1.1542822229093928,3927
88,3,0.22203334500061922,0.1685395823486687,2.9323130239442103,1.3456087837696429,3927
91,3,0.22495675233090207,0.08112429519783353,0.06943336923064644,1.6228317480631695,3927
93,3,0.22581522638262574,0.1468486590085596,3.0516735568454902,1.3129261359220048,3927
95,3,0.22681331007076744,0.0838211035329691,-0.09190114523400772,0.9937899448705396,3927
111,3,0.2411188569334768,0.1273117376190087,1.0202128715614454,1.450460410876933,3927
113,3,0.24128516717656934,0.14598626178734983,1.0353079927348974,0.8743372656282518,3927
115,3,0.24138131744198055,0.13635599904135012,1.0873828412984983,1.329997240881063,3927
121,3,0.24508422341165426,0.13192046352317885,0.35026390036649624,1.3672548840397432,3927
129,3,0.24949729028288015,0.1607602152884571,1.1832248616197614,2.0976174916418597,3927
134,3,0.2558395912796537,0.18194309353782637,-0.24847217078368344,1.242108531384007,3927
155,3,0.2644359349148119,0.23305672266296654,-2.971823664127017,1.9198262962653887,3927
190,3,0.2770662933504062,0.20805293948146963,0.6169528055305573,2.331915222724797,3927
191,3,0.2771428848345521,0.2119688725153603,1.41508652421605,1.6176231187250545,3927
200,3,0.2798605085535194,0.17307370362110136,1.3517876427129891,1.2681937690408098,3927
206,3,0.28157880561934834,0.21054337569346784,1.0675167958415945,1.9948200182342513,3927
209,3,0.28412682659543154,0.23532135681827454,2.603799227009487,1.2073804265817227,3927
257,3,0.29981257718660126,0.17543359235008613,0.6143860000779956,1.2576575836526613,3927
158,4,0.26587028637389387,0.1393016774382815,-2.855915980704507,1.761736597608209,3927
176,4,0.27274907564955064,0.2163674804782608,2.9629303365137574,1.776015623969773,3927
186,4,0.27528996445754383,0.12821508893642367,1.004595466425222,2.100740307010919,3927
192,4,0.2771778892597232,0.14136508171490209,0.2792495797777099,2.515532147694422,3927
204,4,0.281084874895586,0.17378988760373565,1.037308020238372,1.041911657288944,3927
219,4,0.28833224883768593,0.1707515901471862,0.9457117062439775,1.0365827102065583,3927
239,4,0.29641979251199735,0.06550822552973985,-0.3565651584359768,0.6799512610576198,3927
241,4,0.29670795426002616,0.179478364673728,-0.1040010583520144,1.1859922434235561,3927
242,4,0.29716183456404166,0.040512047720231655,1.971933917251322,0.2671509375508086,3927
243,4,0.29724683200826474,0.07306580968372957,1.2266094431807915,2.275050172269376,3927
284,4,0.30948384463943823,0.15357362273109032,2.9265963157027928,1.6477463503254703,3927
285,4,0.3095119451704035,0.21718915800601643,-2.854883155536916,1.8484286668665342,3927
304,4,0.3142768047267661,0.23950024315284146,2.702058173975592,1.1981826986301094,3927
312,4,0.31631062300718626,0.16627297137067648,2.6405159069210886,2.109734565265901,3927
332,4,0.32174001085277193,0.13590323067916424,0.12622648884668158,1.5588136616501087,3927
337,4,0.32263272571669543,0.22865309939466452,1.4033766401575036,1.6032861098762559,3927
338,4,0.3226395221297468,0.18029977351237783,0.614026872291735,1.3830622649174173,3927
339,4,0.32267803148052787,0.15178193018966027,0.44506153373250196,2.0116277683902326,3927
340,4,0.3232082851348089,0.11272347901497537,1.1987329732785557,0.6477109234044867,3927
409,4,0.3387378898999198,0.2100313980693317,0.8369381160140879,2.1735339324428518,3927
443,4,0.3472893242491102,0.20779852580224537,1.4347704361131066,1.2285011572207338,3927
470,4,0.35088634142814457,0.1954380730350229,3.0452889886812025,0.8349316415086178,3927
381,5,0.3312809742271985,0.05892687455922865,0.7334251846942604,0.6146165709503543,3927
388,5,0.33300470331256626,0.14281781843616456,0.893443382001128,2.4884341220453496,3927
447,5,0.3479688717073659,0.12417093845402326,2.921970177400675,1.909875870062047,3927
453,5,0.34863297993653874,0.23924259667563635,3.1221891455284823,1.5458100791489948,3927
469,5,0.35079673437412606,0.27501886179030166,2.687223161966377,1.1846315718120102,3927
481,5,0.3537314689976754,0.1435939375387617,-3.0102306624752706,1.553228963203173,3927
489,5,0.35530222555543245,0.15518223177459836,0.8195897568880521,2.328746391212551,3927
499,5,0.3564122468107589,0.1287054403553266,0.5168696686253766,1.9240536727742565,3927
532,5,0.36357708574403313,0.17832399169993102,2.5072525407451667,2.3527055843036138,3927
585,5,0.3734483851489614,0.09103554322448691,0.8843041248368212,1.7224313404416112,3927
601,5,0.3763073632342242,0.10985358908443828,0.23921519177001296,0.9380211158455282,3927
625,5,0.38063965941064404,0.2641680032408636,1.3253904704871469,1.5869660399913343,3927
634,5,0.3821145930190559,0.14417309997705818,3.139407147795203,1.864782321253241,3927
664,5,0.3850673896613446,0.13840525726484912,1.403763676511959,0.8371802133937566,3927
679,5,0.38667398246629725,0.2036346018911047,2.898542653640961,0.864355315545777,3927
693,5,0.3892632651843424,0.19755893894444648,0.733675903255836,2.017030614418855,3927
694,5,0.38939402631919706,0.17097261467991318,0.301136330444884,1.4127901006695713,3927
705,5,0.39105643017819003,0.2201147680037087,-2.789233105191892,1.5990935276217437,3927
764,5,0.39842619392717094,0.21737276377436976,1.2295324198938056,1.296443786437518,3927
783,6,0.4008106420935512,0.14264236532263733,2.8914999214970263,2.1751451976041842,3927
791,6,0.4015955018393179,0.10562512092973013,0.8444693590488527,2.233693016116042,3927
890,6,0.4129799389140547,0.12084986288231868,2.6624024388952137,1.6419166163315448,3927
907,6,0.4150518546138299,0.16775053299454568,2.725107551235616,2.372514327000967,3927
917,6,0.4169098199377935,0.1792956575439404,0.8042810494122618,2.0883034471317523,3927
980,6,0.42363667706816577,0.10901711115968171,0.31649975319560525,1.448650730117756,3927
1046,6,0.43013553295794194,0.16212467394989608,3.1140154319142286,1.7497395331932277,3927
1061,6,0.43186173638431247,0.21810391594367384,-2.881841197191868,1.7055882316230428,3927
1162,6,0.4421300040327186,0.16515320223587757,0.4847111527623444,1.663474172240862,3927
1178,6,0.4436764415945704,0.23649694578121183,1.2177845758353791,1.5416958923780908,3927
1179,6,0.4436860237799839,0.10639524507747136,1.3522336907434123,1.2453166492468355,3927
1196,6,0.44470214071721514,0.30990676537063244,1.2486480998051657,1.5723473265611387,3927
1258,6,0.450127608356073,0.16105754774569264,1.8149776616844195,0.9069528154114413,3927
1289,6,0.4527031666539926,0.2159685220028087,1.1353624840701455,1.3346261277370766,3927
1343,6,0.4562058213317973,0.2340015001901518,2.8376538838965413,0.9571405157997407,3927
1375,6,0.4591224193489768,0.1963263283359067,1.4947553554952728,1.086123284559165,3927
1584,6,0.4749788817745688,0.11700904726674352,0.8040771313113979,1.3640163029426675,3927
1345,7,0.4564345884526657,0.1097980769874683,1.2982801218898024,2.0462529157553284,3927
1512,7,0.4704287571979421,0.18655848895401445,2.7391219015824038,2.613887352524845,3927
1578,7,0.4743555821886186,0.3021662729106616,1.2134703720611753,1.5931256707704926,3927
1598,7,0.4758450593899851,0.24112436288457448,2.823945502079917,0.8936268552809341,3927
1613,7,0.4771129975357423,0.16074075451613798,2.6418976252979713,1.6335403466040277,3927
1722,7,0.48532469161253056,0.1855808674825035,0.668093416648585,1.7436996705181589,3927
1804,7,0.4916187416962988,0.17358484245930023,-2.911367434859681,1.8718054946651477,3927
1901,7,0.49838794634453465,0.11082779422745398,0.9122865512714731,1.3873597674722715,3927
2146,7,0.5152554021709197,0.17097305158774798,1.4979626927218106,0.923908094568168,3927
2199,7,0.518871105493294,0.2287729995997029,1.301705690816801,1.4143850360938333,3927
2164,8,0.5165079229503644,0.2479735369918269,2.8314176346259265,0.8551984799768036,3927
2257,8,0.5236194672974156,0.08094059737637203,1.2347516116458155,1.4899880827263439,3927
2309,8,0.5276786906934496,0.1246251093033702,0.82389353693594,1.5275415916134636,3927
2318,8,0.5286495430394856,0.07813955342202837,0.9925808445558224,2.6497822203080332,3927
2334,8,0.5297016592303311,0.14139163821447676,0.8453829398383919,2.326049486594992,3927
2495,8,0.5415803333655521,0.20724875464745168,0.8697555100429764,1.5989116821902505,3927
2525,8,0.543941498473681,0.16615775433599012,2.6083435151172107,1.3253581699302752,3927
2554,8,0.547380666281894,0.2651284031361278,1.4166157368542753,1.6550227973421021,3927
2631,8,0.5546068695914138,0.18717638826446614,2.165186500770272,2.5343331213723226,3927
2659,8,0.5568665922117317,0.11013732113913753,1.7464538600367967,1.6912517061867898,3927
2728,8,0.563291661895034,0.2197619305589733,1.479849992852622,1.430294353727464,3927
2753,8,0.5657508448817103,0.28126736542937397,1.1389183007336101,1.538678365662488,3927
2798,8,0.569482615895246,0.16811695431240314,-2.8366757852968707,1.6315672883972143,3927
2923,8,0.582177816560463,0.16391906620827867,1.3604235962139644,0.553099076001191,3927
2666,9,0.5573781375421828,0.10556556522870444,0.7742237993312088,1.3968247752238327,3927
2919,9,0.5819064979298982,0.24729972529597827,2.904980578726032,1.095932169408906,3927
2922,9,0.5821327482197927,0.2702401794781853,1.1162779019431972,1.5560417831159628,3927
2997,9,0.5913349807185585,0.23594078787560466,2.8801824773337277,1.0910084035153145,3927
3037,9,0.5964609464010625,0.09952586892018979,1.8214468202695673,1.609329332761933,3927
3161,9,0.6097902135513416,0.2655274814189561,1.0101939598087348,1.625748422055067,3927
3162,9,0.6098277718100859,0.16191799712433963,1.223871897731065,0.39621219125274737,3927
3163,9,0.6098442733993874,0.17437835642919658,2.5649493566608705,1.4293787871287957,3927
3178,9,0.6126356668176347,0.1759179087251272,-2.8693281640476105,1.7536967310805127,3927
3220,9,0.6175818830721577,0.22038892293907905,1.5604908046816408,1.5521447175870051,3927
3307,9,0.6274490221711136,0.07565090692581594,1.3263764996084988,2.500450717711449,3927
3314,9,0.6286607983542082,0.13797025923366324,2.4977873201409704,2.3020509964175777,3927
3333,9,0.632015115170938,0.11740454701075556,1.6704748084694667,2.6406578860359087,3927
3080,10,0.6006593221006444,0.23309652463857727,2.8843776475754277,1.1036110248333524,3927
3238,10,0.619481975379492,0.2894661812823691,1.099218082963233,1.4594075759957157,3927
3289,10,0.6246486684733127,0.258781872174125,1.0220355293368908,1.6349949704868256,3927
3315,10,0.6290327104618534,0.18760204515097165,2.561048106235231,1.4168539657958557,3927
3379,10,0.6400237260598312,0.17891152474401373,-2.737044957214188,1.8307441694872182,3927
3393,10,0.6420827917301567,0.16180641454273875,2.5917090907168894,1.4457896534792203,3927
3430,10,0.6494110269254371,0.1991870101927362,1.6431206251811272,1.6289788108936312,3927
3434,10,0.6497499302182705,0.24144954267480156,1.243049491538316,1.4704566285540561,3927
3446,10,0.6528821338023854,0.22542150039438494,1.1530388224030486,1.401244119771371,3927
3488,10,0.6607774594943072,0.12155473837060829,1.1266260756722737,2.256968522087662,3927
3499,10,0.6627734367211551,0.19681166100347386,2.734662612203557,1.6204926706324043,3927
3549,10,0.6698910207342376,0.13241485241841885,1.1344822765686398,0.6756556948148628,3927
3564,10,0.6751286781134123,0.14886831634115946,1.427551230709779,1.51836123108604,3927
3599,10,0.6847236537447333,0.03507313851339296,2.6466265777666567,2.82049873476853,3927
3632,10,0.6908020966355447,0.1393457343909346,2.304855611012165,2.4268400432133372,3927
3498,11,0.6620798854640645,0.27208187372171094,1.077752679384596,1.7518160977266988,3927
3547,11,0.6698066936994753,0.24349126484465802,3.0658343924590055,0.995888855848503,3927
3620,11,0.6879809169743878,0.22783291658548402,1.186686576653868,1.5159858058882683,3927
3724,11,0.7148495952244182,0.1812685428629683,1.879717883602703,1.7883292922650915,3927
3745,11,0.7241116737647146,0.181118433438624,2.699472442404732,1.7410955864198825,3927
3749,11,0.7262397515088457,0.1533747794216448,1.4128912194958483,1.2835231423434343,3927
3752,11,0.7290859304338548,0.14071187282277078,-2.2677965659668313,1.836867059846974,3927
3770,11,0.7370910822783929,0.10543354034181716,2.0400206133121337,2.484513297003716,3927
3775,11,0.7394410439111839,0.12215718516785412,1.1144012006515662,0.8271180671918814,3927
3798,11,0.7471285014337665,0.022773232806698185,-0.958735860967507,1.947984499005095,3927
3732,12,0.7178695949035792,0.23787355897410148,3.10590498139197,0.9616323129299736,3927
3812,12,0.7537281634194055,0.1864156947673452,2.640558334673493,1.793256955256433,3927
3832,12,0.7632192268686997,0.19699751696769727,1.1852429511986262,2.014916643937182,3927
3846,12,0.7707782650742954,0.1228400415793481,1.1472586921620518,0.8988813562086458,3927
3850,12,0.7736072241909318,0.1641687576693567,1.1182798040102442,1.4077954102393317,3927
3852,12,0.7749632746308825,0.11196396155302396,-2.349169718423681,1.6284487886762393,3927
3853,12,0.775652039895812,0.02980401543346395,0.025215079139102366,2.1917479594152103,3927
3875,12,0.7943416076550329,0.1201262556842662,1.6294321151355926,1.2643961845241907,3927
3877,12,0.7966245215997595,0.1245887529533709,1.5478450774119816,1.9123529800000572,3927
3892,12,0.8142738449607674,0.09246778588435164,2.380158126596446,1.973561715519293,3927
3895,12,0.817107374634568,0.1499972938775345,2.07910174423468,1.8294804757760192,3927
3831,13,0.7630845076719325,0.19506163965469334,3.125727632125327,0.8994925215854066,3927
3899,13,0.8286340031339334,0.10038452365201199,-2.672046870857909,1.6611962228614814,3927
3902,13,0.8376360148505748,0.06696994828246694,0.9037708828378983,1.5910291613937169,3927
3904,13,0.8415730410559871,0.04292967802983092,0.29913495284985714,1.8816721769711342,3927
3909,13,0.8501572501467157,0.08991015938884013,1.2405677561181245,1.4755254947992287,3927
3911,13,0.8528993069873627,0.13378742050969294,1.3981362554603192,2.120176451190722,3927
3915,13,0.8645835450212319,0.05143679830219568,1.6600606197323005,1.3279212120182318,3927
3919,13,0.873095459634551,0.10332523087159486,2.089802872924126,1.7905296737986454,3927
3922,14,0.8880954615549234,0.09907469724016775,3.036886771234143,1.7210044939650517,3927
3924,14,0.8941135718205097,0.10242818767252523,2.4769244918507702,1.2475568665346712,3927
3925,14,0.9135657593928207,0.07748726335712808,1.2178535270084163,1.3249080653045273,3927
3926,14,0.9294012555496897,0.04178600808592765,-0.5066099274380051,2.943499791026844,3927
3927,14,0.9414460527505947,0.05491305564590644,1.6119245051683084,1.8325970970131962,3927
3928,15,1.0,0.0,0,0,3927
0,0,0.0,0.0,0,0,3927
1,1,0.06411672741357699,0.05693309750306162,-3.0637691605153643,1.5581520969733482,3927
2,1,0.08158189242276281,0.05136214294992107,0.6615101243162453,2.521153642598038,3927
7,1,0.11640284079716767,0.07385818932504472,2.2511458011901926,2.0900999714119233,3927
17,2,0.15109754158265765,0.05210670516851313,1.7886621684424353,2.2964042038748635,3927
19,2,0.15456921272633561,0.07379830657492333,-2.0815199240439406,1.793622409409874,3927
34,3,0.17890144028549704,0.052552484397708994,1.8726077774443248,2.7670588274675585,3927
47,3,0.19400158221163122,0.08066836773105845,-1.6954601283875317,2.04399824284555,3927
121,4,0.25058804135876034,0.0424005611271454,-2.142028779531378,2.369076079388563,3927
210,5,0.2850569061191113,0.037109521013244405,-1.3209229586285807,2.7520532740592407,3927
394,5,0.3365392325578057,0.0986341026024072,-1.3689405334062996,2.4474647799321128,3927
336,6,0.3224542663087381,0.06766898571755188,-2.6534926930302785,2.8661201369158973,3927
540,6,0.35916272844262587,0.059826651567078525,-1.1281394939615244,2.5845290220911137,3927
599,6,0.36858536364466543,0.1118304769837023,-1.3654202741253116,2.450727620269383,3927
662,6,0.37800041669930906,0.0644043677005555,0.787249882169373,2.153188904482427,3927
1186,7,0.4417717968848057,0.09366256327594652,-1.8835146616186718,2.5581367574646507,3927
1581,7,0.47374032129752197,0.08877362012107334,0.7802674551060664,1.1206341437362595,3927
1683,8,0.48078716401853683,0.07661713289630187,-1.5588986646272376,2.224799984020094,3927
2111,8,0.5096595107135794,0.09562981360300801,0.8707105744721326,1.059953343176209,3927
1997,9,0.5030352118244814,0.07695095174597726,-1.2063331527928904,2.2818694312103025,3927
2543,9,0.540600627345554,0.06846929736528881,0.9992620362429578,1.1771206798702158,3927
3199,10,0.6066972699985903,0.09248943075526837,-0.29458843851350247,1.9784644481915865,3927
3209,10,0.6077348183095559,0.09572749156446769,0.8104781483722995,1.4568627981775226,3927
3422,11,0.6422331196692784,0.09392656767433094,1.0612410243846018,1.6666038216877699,3927
3503,11,0.6602717042004255,0.0919590843866123,0.093863071272141,2.102275996092094,3927
3633,12,0.694001157029609,0.09911238369051598,0.7588976158435082,1.9762921072117445,3927
3654,12,0.6991289779331352,0.10154615912612587,0.30437930460785445,2.021090998883352,3927
3732,12,0.7265869526352267,0.11536523617120656,1.4401999743128255,1.7680644362866216,3927
3762,13,0.7363546295576795,0.12493073708995883,0.6651373406388846,1.9748952613659778,3927
3807,13,0.7508843031723763,0.06358943605790601,0.34058028193501727,1.7036204725175856,3927
3815,13,0.7569144252607721,0.08676065141758557,0.735275287866012,1.9195613682771908,3927
3865,13,0.7922341552608367,0.07984450926027165,1.7712845886891575,1.7141492989389115,3927
3909,14,0.846474225832836,0.08523731657506052,1.5559331025336063,2.1342118662527474,3927
3919,15,0.8737389553799993,0.09114398249475854,1.7606229136533096,2.3928815665020013,3927
3926,16,0.9019321188376521,0.08938747094035006,1.7326910240415807,2.1018035943242315,3927
3928,17,1.0,0.0,0,0,3927
0,0,0.0,0.0,0,0,3927
1,1,0.04109465047878391,0.032647328782910295,2.0088998692588427,2.2113015221967847,3927
2,2,0.08349909931008204,0.0623302674694249,2.165554784365416,2.1232526348096847,3927
28,3,0.1852893697616873,0.0552520788121039,-2.3356405876455804,1.7797322468664005,3927
142,4,0.26444518292989394,0.11595421426965663,-2.7333763767326396,1.530340402288769,3927
387,5,0.3389057395235642,0.1640597495475713,-2.4016175914933795,1.3379733387745105,3927
594,6,0.373006005645659,0.14718646439151217,-2.5062948481393654,1.225331871219452,3927
1044,7,0.4273177430508317,0.1670242415103377,-2.438941833275142,1.1214677347212902,3927
1694,8,0.4802877693601969,0.14554350654868806,-2.3905472554833147,1.3284331792316193,3927
2235,8,0.5180539616080139,0.21697159171116684,-2.428493883282457,1.06667986673374,3927
2458,9,0.535242847112203,0.17561622892302758,-2.233790582423083,1.1178928833773916,3927
2736,9,0.5576379340653783,0.19971789351470218,-2.3219055747365736,0.9266129106313439,3927
3452,10,0.6453785562727655,0.20231054138058066,-2.1485162362161563,0.580159435596807,3927
3638,11,0.6901403927228302,0.2033219883008251,-1.8937716555083137,0.7112121338715758,3927
3819,12,0.7600878142615021,0.14708547888484047,-1.8678415798710406,0.8754846021856465,3927
3852,13,0.7821756831347694,0.12848889841329314,-1.8689305861940209,0.9450615468271497,3927
3893,14,0.8203548833229188,0.14387142585630697,-1.8775039501456317,1.134337251866529,3927
3922,15,0.8911662249428144,0.08540260081049729,-2.0300290153701455,1.0216831469930352,3927
3927,16,0.9563964793092791,0.041494119683311896,-2.0967290930415072,1.545218653543508,3927
3928,17,1.0,0.0,0,0,3927
0,0,0.0,0.0,0,0,3927
1,1,0.07554553935092034,0.067257046866193,-0.8197853313886557,1.4645084905298578,3927
2,1,0.09019592941933552,0.08756914695789232,-0.9575244421892453,2.4134469711043463,3927
19,1,0.1429288420107312,0.11316805219041899,-2.1327780840931774,1.7627864161897517,3927
13,2,0.13428445522477295,0.11704641290936639,-1.212977105102333,2.2377800984319385,3927
18,2,0.14205446769355812,0.06541472475189843,-0.6330760489399867,2.227993342512199,3927
20,2,0.14339368293270982,0.09815083437978153,-1.202565674151418,2.2922736120064653,3927
53,2,0.1910810474840402,0.1343982491292326,-2.4420508309503908,1.6851385404947816,3927
44,3,0.18277651996443112,0.08466287702342502,-1.1123395188257854,2.2619370122936764,3927
137,3,0.24948098381157957,0.1351073667097988,-2.726535191739852,1.8057594949145503,3927
95,4,0.22694530122697731,0.06773579848407742,-1.5958072973287154,1.9817393096633489,3927
132,4,0.2477435028553553,0.09726784950560834,-1.9132547472085966,2.574866993617507,3927
211,4,0.28136119477292554,0.1557952231992059,-2.584874558183388,1.75465637388548,3927
265,5,0.2963615881926315,0.07521933970136263,-2.1046234352759368,2.386355694068238,3927
316,5,0.31122328283954626,0.1485827672773279,-2.386976677371833,2.4596232013831516,3927
494,5,0.3509804416520974,0.1423849614019763,-2.7248927025243352,2.001056777265482,3927
627,6,0.3730380249597983,0.09356010895947148,-2.697431495005188,2.085524308162915,3927
804,6,0.3978354619044564,0.1360092913176166,-2.7517043546284308,1.920209505055927,3927
1046,7,0.42648384324049415,0.11910416346133873,-2.7354040064468763,1.9731522551187815,3927
1286,8,0.4497022695912095,0.12487640229483246,-2.6907917209412706,2.0169640388593093,3927
1773,9,0.486862981980586,0.12572765213969886,-2.937632318875864,2.2018822974053305,3927
1870,9,0.49361360161251777,0.09946475220284555,-2.971051700605767,2.226734296052459,3927
2544,10,0.5404295061815734,0.12196678126444026,-2.8728985228538435,2.5426712267824807,3927
2941,11,0.5799383490490211,0.12043309222859705,-2.7589038624391993,2.7181507586032985,3927
3183,12,0.6082825533805697,0.12598804725822776,-3.094151795512464,2.737517659865077,3927
3374,13,0.6352155146713462,0.11693870115722023,2.8514175880379966,2.7307444098859905,3927
3682,14,0.7003499434694822,0.0844210545659707,-2.223928693756196,2.9178382580959656,3927
3763,14,0.7313618673737897,0.13249441771240017,2.5793468672715028,2.4170709479413253,3927
3813,15,0.7583121939340144,0.10621892338983835,-2.235142369590409,2.3865422391291906,3927
3814,15,0.7585595019830977,0.1316305994670805,2.564909530619959,2.585058540283825,3927
3846,15,0.7766157148987157,0.09186718111722769,-2.736690005065246,2.939726830179866,3927
3860,15,0.7876730348207561,0.046299458252086416,0.41064777362070276,2.3894846058638626,3927
3904,16,0.8476029687787838,0.05206895201269612,1.6433512491721969,2.7464799149088823,3927
3910,16,0.8536818320772118,0.05101918741174357,-0.7708116475637109,2.2807126163258444,3927
3922,17,0.8983725512264312,0.022118957646784582,-0.4242695042208256,2.5753077634905974,3927
3927,18,0.9551829473722067,0.03962386941511922,-2.6926953850862274,1.6723370592023745,3927
3928,19,1.0,0.0,0,0,3927
0,0,0.0,0.0,0,0,3927
1,1,0.08666493904161521,0.08364540317663116,1.1082856063935178,0.5425685072499992,3927
2,1,0.0944148759643203,0.09110351785102085,2.141819377642978,0.4120662562097027,3927
3,1,0.0947756148377954,0.07783487086561182,-1.3727853456566004,2.535474707331428,3927
5,1,0.10518811694986618,0.045641450148160796,-0.5920413446381075,1.9601016287188588,3927
7,1,0.11579684628550457,0.09112102035801609,-1.2523759571491162,0.9957547964228043,3927
10,1,0.12260733705636884,0.057136706773333545,-1.2054982766829148,0.3429826397919723,3927
17,2,0.13918383861070804,0.07598081218178768,-0.13910159665497684,2.819626326348881,3927
28,2,0.1601760623030617,0.11333692965884984,1.1225018369545057,0.9016677376808623,3927
29,2,0.1602260086948315,0.11657750892445674,-1.210958272544011,0.9108416049968999,3927
36,2,0.17916529821240312,0.1625133740402318,0.9398327018045534,0.28557110015430287,3927
49,2,0.1948758041349432,0.05192394338949321,0.9420903649943395,0.8571204912707241,3927
41,3,0.18524114056288754,0.08680200823551555,-1.8241250522493337,2.858905962534658,3927
44,3,0.19025297947544983,0.06265409625207126,-0.129036200462545,2.5653184830503157,3927
57,3,0.2075488625219244,0.10488718490357966,-0.7433990420844213,2.2658957591761486,3927
71,3,0.22164865413452273,0.12385680698316669,-1.4065913619280277,0.7423042186362171,3927
76,3,0.22299608612446165,0.08394473789752449,1.4039700473387726,1.408924296766015,3927
82,3,0.2274734459203861,0.15675180663258204,-0.23544971610419899,0.12671121715578415,3927
105,3,0.2423746089662805,0.045697038280010906,2.05476058476311,0.9618956342376753,3927
153,4,0.2656687128848494,0.04548141623163593,-0.8730145603916692,1.9061613677106564,3927
158,4,0.26819385126970197,0.08742473664950685,-0.07921269756217522,2.333386878394565,3927
192,4,0.2804391268678059,0.06500005175303604,2.669348739923552,1.0875698551738073,3927
243,4,0.3054950766268121,0.18895511296283915,-2.243811237591779,0.27473339747575487,3927
246,4,0.3057235769512756,0.08786771736152883,-0.7853000626049348,0.09889076671324704,3927
252,4,0.30709291249984716,0.06275080631442628,1.3350615453629266,0.7670997186068635,3927
584,5,0.379256165448705,0.16288568840088358,-1.9215773253963324,0.20975618438852447,3927
679,5,0.39264763438462535,0.05403670810324853,0.6410291391731501,0.4038437530982627,3927
910,6,0.41868280979381345,0.1797409475147909,-2.117813498721278,0.3423980781579052,3927
1075,6,0.43684034412573824,0.05864873945373385,0.9319679913932565,0.4168798410215832,3927
1089,6,0.43836803998265195,0.1650785961276933,-1.4349114620036099,0.2020163078996617,3927
2098,7,0.5117059611374318,0.12480642068027788,-1.4599030171091532,0.44642996138762386,3927
2275,7,0.5230935415663295,0.0974798591325174,0.7998877554851236,0.4199317195351893,3927
3080,8,0.5914906197209557,0.13675546356845733,-0.39497546751179186,0.23574196827338462,3927
3214,9,0.60875053822368,0.1413969172226509,-0.2024244620097751,0.3072406903484214,3927
3494,10,0.6563803972653701,0.11839079606849094,-0.27388893137125425,0.43430663525791036,3927
3745,11,0.7232164917909557,0.15551081342929032,-0.42181430879514087,0.4418085749996509,3927
3813,12,0.756883478010116,0.13200714956427295,-0.49099249981290227,0.4199484346290778,3927
3892,13,0.8183289795785297,0.0992163815768207,0.2835087199893474,0.6402838435068374,3927
3915,14,0.8685153987835686,0.07863242445209052,0.37006004407633647,0.5407039160084561,3927
3926,15,0.9115397460489595,0.07408852586181455,0.007978001251599766,0.7306757156103675,3927
3928,16,1.0,0.0,0,0,3927
0,0,0.0,0.0,0,0,3927
1,1,0.05222191844585755,0.044730706478177014,2.555417687127341,2.52314097252736,3927
2,1,0.08631321632256528,0.08397942265353334,-0.19183739075800818,1.8651937557720186,3927
3,1,0.08923951077471459,0.050930501812755075,-0.4396117526555436,1.5279269235224284,3927
6,1,0.09767687907862,0.06738954866949101,-1.4929719556560206,0.4258546382786943,3927
7,1,0.10822407553395275,0.10266875811632076,0.2057890393725516,1.092393298349463,3927
10,1,0.11610501047123412,0.10842177150900126,-0.6598713021053396,1.0310179820681868,3927
12,1,0.11951119739905058,0.06523091637390158,2.3237746436980444,0.733768445783915,3927
16,1,0.13770555776115356,0.1088233061657682,2.9353092552055413,1.4801319634054784,3927
21,1,0.15106503999167253,0.1412415904122338,0.40836173967073724,0.61206021633181,3927
9,2,0.11560221460537934,0.08517047098661329,2.3959587002807146,1.9103645558894242,3927
11,2,0.11775528256508305,0.08574316364554142,-2.1202404176163188,3.065569604623729,3927
13,2,0.11988237002468272,0.09225280401715955,-0.45793247778876894,1.7433895664736876,3927
22,2,0.15344299256126992,0.11984506884635097,2.991673515644372,1.5108240646262234,3927
23,2,0.155941897728321,0.12039914112389843,-2.7362659747726283,2.3978068663867282,3927
26,2,0.16592466699522235,0.12868972293512349,-0.21015030239453536,0.8165596538592115,3927
30,2,0.16975002092259883,0.1386368395888831,1.564316196374899,2.333403237648141,3927
34,2,0.1819891125836921,0.12772623403156605,-0.6094052132969233,0.9230568406896096,3927
35,2,0.18210647077362674,0.0828844146151939,0.4981039993040335,0.1550170663928694,3927
40,2,0.19284694383922318,0.16816147735317283,-0.6984994928989168,1.3253489404895278,3927
78,2,0.22274833354523416,0.18463919993426,0.8051866634767697,0.40897886053140997,3927
36,3,0.18513222222228154,0.05492565168929627,-1.1279827284676112,2.445141125545463,3927
37,3,0.1888180817750218,0.1049389204059577,2.239159507905901,2.5547540539801004,3927
44,3,0.19704626899673783,0.15155069519450062,1.6609934296226292,2.3839824993350933,3927
54,3,0.20470144898067222,0.07209690768054963,2.315097707499432,0.1551326364505262,3927
57,3,0.20707799211904665,0.10418046156440226,2.3750794058486346,2.0822481599605283,3927
62,3,0.21083977270674192,0.06470550767610632,-2.9609242584252837,2.854257110720062,3927
69,3,0.21372608195128906,0.14787814683523906,-1.606703919511475,2.4636909592822556,3927
70,3,0.2162917808328092,0.18344516686958573,-0.41144498656802725,1.9133610224344733,3927
73,3,0.2192245968777139,0.15358600179681678,-3.1328210842441275,1.7138103778182843,3927
79,3,0.2231970404064788,0.13697372634753724,3.086593029846566,1.0825476612186256,3927
83,3,0.22699912793127786,0.09749193771776998,-1.2908684385560982,2.016170857245459,3927
85,3,0.22934707868452564,0.18552673962788865,-0.5848752365837194,1.5306358825366944,3927
86,3,0.22991795165817297,0.16195125224274723,-0.7733994194986716,0.8717827689780843,3927
96,3,0.2332569905675571,0.1697324515898088,1.3540482763580055,2.0763021782650752,3927
101,3,0.23632291254108062,0.12980721606926304,-0.5234053374330832,1.1388211504647627,3927
104,3,0.2378454333683797,0.1469906803851028,1.6263095088330237,2.9514236692559805,3927
117,3,0.24592398784432934,0.0913904202042271,1.711344993218397,1.480958573515824,3927
122,3,0.25024686347582104,0.14098040591398253,1.7111272825763486,1.350015438999686,3927
136,3,0.25577660827647153,0.1660002507976044,-0.5667098920840936,0.6683954007331522,3927
145,3,0.2604785943292989,0.1763539405421299,-2.6368528053563596,2.616720797454567,3927
206,3,0.2858328517443375,0.21501098325274318,-0.626488184640173,1.251751780060362,3927
239,3,0.2952574929289039,0.21248312281544182,0.3110566372029076,0.4688727691445675,3927
244,3,0.2982176374227775,0.19959662720782606,0.024874974896113053,0.5623570981391212,3927
110,4,0.2420967122052845,0.1477814928778145,-3.1369673839491985,1.0159259893479262,3927
125,4,0.25226460042787413,0.10610139663877587,1.428607638588128,0.3905352102067738,3927
130,4,0.25336345190212783,0.08000886798430625,-2.4224808528496955,2.5609692950341287,3927
138,4,0.25659198981257636,0.19587915269506237,-0.3491655509732312,1.8308186938777649,3927
147,4,0.26218731042360977,0.0848491690855997,-1.1502298098739323,2.1092630054329637,3927
160,4,0.26736941950796156,0.08097671141361032,-1.9983029091576041,2.251527108149928,3927
168,4,0.26930510734264435,0.060837532807524866,0.4580555387572262,1.5294652238152435,3927
170,4,0.2701932120111905,0.0574484996867628,0.3685113904131121,0.9576955442593891,3927
177,4,0.271802714145877,0.12088793766992374,-2.0608459904241694,2.4326171188317858,3927
179,4,0.27203478160126027,0.11650002772703148,-1.6791090466777938,2.7556247367656943,3927
191,4,0.2782512952257362,0.12820606407171198,-0.1278042678659894,3.098086255712378,3927
198,4,0.2806884303972266,0.2032736474994565,-0.4734842717728309,1.3360398844613948,3927
203,4,0.2843397681597347,0.13393161506210344,2.6999365535834157,1.9777787265571036,3927
225,4,0.291153177598271,0.16496778254627184,3.0272454595162257,2.491068535366552,3927
227,4,0.29220433182246064,0.12211276972597736,1.7214789615761312,1.157230746519496,3927
229,4,0.29312519598119147,0.1953593979247204,-2.456256215558984,2.7324348210850524,3927
242,4,0.29640060420723047,0.0793814782511956,-2.853242591294239,0.312712660484674,3927
256,4,0.30322218683778523,0.1822505391134796,-0.94830485178283,1.0061590867800936,3927
263,4,0.30600353009221637,0.13384492512172258,-0.40495194483359837,0.7869608168845553,3927
275,4,0.3089958289796184,0.21391041765816987,-0.7186823486897127,1.1993523830518726,3927
285,4,0.31181671539124245,0.14118419545144004,1.8190021115875323,1.5046819921373058,3927
297,4,0.3154632158237092,0.20297993690397784,-0.6867202910235735,0.6777946423792965,3927
323,4,0.3234210356423556,0.1104920706253234,-2.784899754481158,1.912136914988028,3927
347,4,0.3300039217773576,0.16083085343462417,1.190453186635871,1.3699824629049822,3927
357,4,0.3321041790579434,0.17176613898006696,-2.933934755314719,2.141604123386481,3927
373,4,0.3368173153191606,0.20730964165921104,-0.552192518418224,0.32232280393047497,3927
382,4,0.3388911413639004,0.21739891650767532,-0.07166499784366762,0.4734594073266553,3927
383,4,0.3392003385811898,0.15302252493384755,-2.9798466700842003,2.2544355015913675,3927
406,4,0.3427489041450932,0.1954911107052685,1.4189816812091787,1.63722837093077,3927
514,4,0.3629393459439013,0.23208092746069064,0.15622479167069903,0.5699751941578443,3927
560,4,0.3697336397951677,0.1472418718279443,-1.9583366182544997,0.5415860855946375,3927
272,5,0.3087410084176945,0.06635978053063268,0.33925586735144186,1.0581977969568286,3927
294,5,0.31498027525462347,0.06473237524576732,0.17790645101223923,0.4156102297480879,3927
313,5,0.32072969335177226,0.13029477031912462,2.664833245006379,0.8106557967197697,3927
319,5,0.32148469222595044,0.13284893317295,-2.8921737907481826,1.4344301927355292,3927
352,5,0.3304950122567458,0.08593241687481781,-1.2153911578529895,1.6410471294254159,3927
353,5,0.33068261020808,0.05834849985637165,0.40851324386834326,2.3861892808572778,3927
354,5,0.33141439264891825,0.13507612177862552,-2.9563767972026063,1.550279272168028,3927
392,5,0.3404693031876891,0.06816504078958774,2.771176035428163,0.6548443955353017,3927
415,5,0.34482629190810676,0.16627195504655068,1.4999625123572375,0.12761830875975705,3927
443,5,0.34985456556468497,0.2298412138037388,-0.3667366506824128,1.1310373613464666,3927
444,5,0.35042951807307954,0.020861338738903952,-3.031896907609213,2.691388137261766,3927
478,5,0.3581342199379862,0.20857227918897486,1.1675011138919444,0.23118676312218442,3927
479,5,0.35815353637404335,0.15907706022139304,1.282700803798868,1.0208699384246842,3927
489,5,0.3591546295476217,0.07650883475422296,3.1044348213640065,1.5405696394155821,3927
493,5,0.35988986536869016,0.16882737368648745,1.9896354870391806,1.2495241006659863,3927
517,5,0.3631396687336288,0.15932016919691466,-0.5266992475793032,0.5846018972104905,3927
522,5,0.36406836024052147,0.12754795200346503,-0.8428174827829655,2.0566159922578517,3927
535,5,0.36588874039995956,0.09910101178475912,3.0638423272621407,1.7903100410672546,3927
557,5,0.36931668553103114,0.18411074225961777,1.2578980773837314,1.2471719940250234,3927
573,5,0.3722887179233396,0.19174938053814083,1.484451944963365,1.2190861115336253,3927
603,5,0.37567794037918956,0.14894986051743705,-0.6080914354743757,0.34547273519392546,3927
614,5,0.3765736236994257,0.22221839506831978,-0.6836360016818199,1.1914421539764335,3927
630,5,0.3783999467938818,0.15324576301306006,-1.77586088445744,1.9946404945770124,3927
652,5,0.3804067761018337,0.1875152504148642,0.019426738956366776,0.2387197041520452,3927
700,5,0.38689734497947137,0.24925683503061632,0.15989188493942677,0.6147731388477575,3927
727,5,0.39052429308939574,0.19903524318959204,-0.22535931216633348,0.46838800734779623,3927
773,5,0.39569062460320603,0.2515270725831539,-1.1130643269860885,0.5794684461318194,3927
802,5,0.3988932538569091,0.1638180731791446,-1.8955225545364882,0.6062848110569613,3927
858,5,0.40670398417758724,0.12612414355529775,-2.503351027291967,2.2535681449689693,3927
872,5,0.4080281834789018,0.18919559918818082,1.48592341452198,1.4114214126923583,3927
568,6,0.3713254827747686,0.12706576540207432,2.6079629469843053,0.7070955671519966,3927
609,6,0.37628569361405884,0.037175046628986165,0.6290332578971761,2.488867314893743,3927
637,6,0.3788534660404246,0.07945448547707637,-0.5285926803040388,2.4659188298365997,3927
696,6,0.3863253440410176,0.06265759123880063,-2.7354932622299546,1.0133432145395385,3927
708,6,0.3880778832304026,0.22906969220534415,-0.41991674505726884,1.146646800876022,3927
710,6,0.3883641610433419,0.055210812086129595,0.1173635922191601,2.251855187421953,3927
840,6,0.4043416034754941,0.06784082579614487,-1.7534147199527261,1.1394437250822902,3927
851,6,0.40582259213299887,0.2039420173467995,-0.728917203762579,1.1066127896546987,3927
856,6,0.4065686088332743,0.1073846331960513,1.1882817337184317,1.2055792741411933,3927
921,6,0.4143542928812095,0.21328970182619716,0.7155748188942358,0.4503231460870208,3927
937,6,0.4162181426687628,0.10286639210232693,-0.05057345142057372,2.357094765940032,3927
1097,6,0.4337156155344092,0.18499419805983933,-0.2085875225753689,1.0858941429354452,3927
1120,6,0.43592940361764143,0.1390090698675594,-1.0467864556388575,2.4935661713136144,3927
1158,6,0.4396509940651163,0.21303658940130266,-0.06366858149561443,0.6268574062281719,3927
1306,6,0.4544550480293946,0.10509658406143105,-2.374326615776639,2.0236191806701167,3927
1374,6,0.4592048177430368,0.21691577080216323,-1.5793397099987865,1.8335586742705807,3927
1423,6,0.4625699825933174,0.18618920420021343,1.3883432010736825,1.138186178721343,3927
1588,6,0.475197122723772,0.20879166878521613,-1.5165759020642229,0.40784647198629825,3927
829,7,0.4026326947641916,0.10905959752554138,2.7180000929386834,0.9071809457196318,3927
844,7,0.40480472457045014,0.14439036794691734,2.324726102473551,0.7515736832320302,3927
1287,7,0.45250033080557217,0.13241620428426026,1.1589479155025744,1.4730554320695106,3927
1319,7,0.4553368034778489,0.16985859994942987,-0.6215739721409774,1.0097368346171482,3927
1345,7,0.4570185663388966,0.09254386108518693,-1.4109692679386645,0.9893446437281805,3927
1537,7,0.47106050565644497,0.2356967079092137,-0.25655190930863453,0.8221156963560129,3927
1549,7,0.47201229183421,0.14475213263537592,1.4311749415814583,1.3682725386413468,3927
1574,7,0.47423652631998847,0.05099810556136976,-1.9704356998413806,2.668504575642109,3927
1579,7,0.4745506796175011,0.08084032924677327,-0.4222239029019973,2.689433660945567,3927
1690,7,0.48114342268768906,0.17840634925692533,-0.1874771188214183,1.2592211049526605,3927
1748,7,0.4842803668843836,0.21467688296151097,-0.3935131692873209,0.7662234272938436,3927
1825,7,0.4896783407759491,0.19489449455676094,-1.6474808223286337,1.837735050619864,3927
1898,7,0.49428899108386437,0.21626592174620438,-1.3253133109986903,0.37465502342774337,3927
1938,7,0.4965308217730362,0.1795523731696636,1.3108403179790866,1.074614832783774,3927
2005,7,0.5014658178281928,0.21635138579334054,-0.2606882841692396,0.6323559284127397,3927
2095,7,0.5070460415762844,0.19312228322315667,-1.1968521101689358,0.8518166580694925,3927
2250,7,0.5174815927720453,0.10651666811720689,-1.7510997785629154,2.1585849119707023,3927
2451,7,0.5330981637863064,0.19784150251952762,-0.7617875227861685,0.4072231656156994,3927
1337,8,0.45674602904737116,0.13214945667241526,2.649784816692979,0.9851120432244898,3927
1447,8,0.46412606677356927,0.150227065324662,2.1846339169470905,0.7233483826877397,3927
1753,8,0.4845923512505599,0.19990001507549102,2.3366268344604424,0.41397225383275826,3927
2246,8,0.5174079034770631,0.13535436873977297,-0.8402086178515983,1.0550217460395181,3927
2312,8,0.5218585561213498,0.08104019979159666,-1.2465790382936512,2.351230410390837,3927
2321,8,0.5226890432868622,0.04260156330814682,-1.8783905356393624,1.7881772951550463,3927
2367,8,0.5263673412223688,0.0930754806158079,1.7787137667981523,0.9777478593199845,3927
2370,8,0.5265326212398432,0.1635733761921475,1.2338729055164084,1.1631455120338599,3927
2448,8,0.5327970812488586,0.16936701667929638,-0.3497900749171826,1.0909641361673534,3927
2450,8,0.5329277583655174,0.14299322625603186,0.7613619463717884,1.8762992465250665,3927
2455,8,0.5334228496333318,0.09372340981795128,-2.0000708678200616,1.2180012363592152,3927
2696,8,0.5523985651740648,0.10004814907053336,-1.5486345791576017,2.0956490111100154,3927
2726,8,0.5553160230013094,0.20114701505106583,-0.7369215675642369,0.4855746662683011,3927
2764,8,0.5581582908830228,0.13134730031244513,-1.6770548391766278,1.8054778211254514,3927
2773,8,0.5589079794873206,0.18719707572433555,-0.6440173877050616,0.5054600927210836,3927
2776,8,0.559281749139075,0.12946340776823775,-1.9165901852636889,1.7416765927304525,3927
2839,8,0.5653291315118839,0.1563596685329462,-0.23272065202679496,0.8188923626626109,3927
2922,8,0.5741708509829893,0.15637486713073093,-1.1822801546394945,0.6275542122984782,3927
2220,9,0.5158178465934792,0.15091963443969536,2.9243750413372775,1.277016678518665,3927
2563,9,0.5420159261399868,0.18217057888809032,2.800573391257757,0.9112207414482606,3927
2699,9,0.5524729485614057,0.13130282959350956,1.8207642690193493,0.8793717092371458,3927
2711,9,0.5535065360075211,0.18333564248658984,1.98450253152687,0.6948758270094331,3927
2769,9,0.5586538859661296,0.0973713929549799,-0.9134228294108945,1.1769276883392021,3927
2821,9,0.5634942757457684,0.26481380748628786,2.5992042699448126,0.4045172832355166,3927
2871,9,0.568644024819279,0.14016634159380817,0.5677994621910604,1.7223307264486107,3927
2908,9,0.5728050978787206,0.13464293718386167,1.3497196518649721,0.9573323792968893,3927
2923,9,0.5745031249123396,0.11391426450252101,-1.8063296153511785,1.1966073637420696,3927
3035,9,0.5890550078310468,0.09498863080120991,2.022325876864028,1.607117597846613,3927
3040,9,0.590046596668475,0.09439507356292709,-1.2853290432013045,1.809674231356668,3927
3123,9,0.6007926978097958,0.12677308897026293,-1.2989816214658871,2.532994621658914,3927
3163,9,0.6057251752153185,0.1277377191221626,-2.005571394708631,2.007244827379679,3927
3174,9,0.6078763374242379,0.1171683768531993,-1.6571935306123289,1.8638507985840085,3927
3205,9,0.6107147172136929,0.09786994221611951,-0.1846220910521055,0.7390695222330392,3927
3232,9,0.6150778040783069,0.15519384143618203,-1.0185443849435019,0.6806635013951771,3927
3370,9,0.6342262953707095,0.17409466372954824,-0.5005872051931569,0.6773768964989118,3927
2920,10,0.5738005880116539,0.19820627117352313,2.7872046930807577,0.7725511371048905,3927
3111,10,0.5994937146479267,0.2025203494961227,3.091411158991606,1.42682694880243,3927
3119,10,0.6005048965240797,0.19850323689382815,2.0431269790461712,0.8049873885909364,3927
3200,10,0.6101163562471279,0.16122411010601537,-3.0981672417194037,1.3314768523276992,3927
3241,10,0.6162741009690502,0.16526757768205308,0.7237602801377115,1.5219252188386285,3927
3276,10,0.6213708895110338,0.2183097707113603,2.662903047134116,1.3155825960899832,3927
3297,10,0.6234314738870782,0.22528749039264026,3.0119186993667055,0.27976722139015225,3927
3368,10,0.6340459171442415,0.10162965663769352,2.032027499302586,0.48914101358936,3927
3383,10,0.6364917193840463,0.11580414301098485,-0.5698616862924404,1.1056258523609803,3927
3397,10,0.637912832517326,0.1545603306184126,0.6442875989078954,1.3507891558788134,3927
3404,10,0.6388281405298911,0.13553711030616755,-1.310913147724443,2.6571041501467616,3927
3407,10,0.6393430259285039,0.08831032962623822,2.238162578554179,1.7888452448241294,3927
3425,10,0.6426532997249029,0.11781523778828085,2.128595030208633,0.3303242163151006,3927
3457,10,0.6483553922533551,0.12936291921487508,1.2820083028039655,1.0693221866895908,3927
3459,10,0.6484159940138855,0.12070379378566967,-1.5043529170134824,2.4227778100577924,3927
3496,10,0.6585283268544214,0.13561648055199743,-3.089963188281907,1.6528736011553122,3927
3498,10,0.6587861583941347,0.08669587531351934,-1.6994911508091768,2.174539627478956,3927
3592,10,0.6846632798196861,0.1324913664952135,-0.35411822320063546,0.6930427207352863,3927
3614,10,0.6884109198189853,0.10820851836682874,-0.887404657156497,1.7569968150002966,3927
3506,11,0.6610011100571731,0.19542311674630294,3.124419267038242,1.298389051231049,3927
3507,11,0.6614864884235805,0.21582057219801692,3.0042157874075257,1.6438272598283035,3927
3532,11,0.6670965270060852,0.2202361483110531,2.92483448625413,0.1437105301844975,3927
3533,11,0.6675238405588749,0.15949888030137713,2.142171989715427,0.7532074984074699,3927
3544,11,0.6702118315049183,0.2192953017990465,2.6713165824865963,1.2785433083968303,3927
3562,11,0.6757219687802388,0.20300258267033794,2.91749555374151,1.4580449377690683,3927
3567,11,0.6776052626470455,0.15151825597603932,2.8945728306105045,1.5615120003324594,3927
3623,11,0.6901088496712998,0.19406386644726656,2.7438774798705747,0.09662293152399724,3927
3641,11,0.6933561157953179,0.15382778473696143,1.2134444092343561,1.3081660705892826,3927
3649,11,0.6949669456827466,0.13413082047279964,0.5828568823635015,1.1941069990761073,3927
3667,11,0.7011766576516862,0.12109608251607108,-0.2215103933672955,0.795000324769622,3927
3687,11,0.7075050124894253,0.1598145545628589,2.8618005916453324,1.8695137596377869,3927
3701,11,0.7106587374131076,0.13681650892741737,0.2062110265830281,1.6485147819392174,3927
3710,11,0.7136490992362171,0.14578392378694396,-2.9225573860207943,1.9110735956420042,3927
3717,11,0.7181835070812976,0.12034836831311975,1.148777850612448,0.3399232207879476,3927
3749,11,0.7284552445160093,0.10870174757842863,0.8524200146357851,0.2885961614111495,3927
3753,11,0.7308730606599624,0.10660078729472776,-0.6457901866536425,0.6880918092962435,3927
3801,11,0.7521198866975399,0.06935324904478604,-0.4410703272326499,1.412126085636663,3927
3822,11,0.7610976054985579,0.035831354339346054,-0.47912206077499003,1.8358992804565863,3927
3676,12,0.7033933889077818,0.15164365725500661,1.905598530357336,0.6044486145896395,3927
3689,12,0.7077636701992885,0.22662540726164568,2.7972687729766013,1.214987445476296,3927
3748,12,0.7284494729872519,0.20402463885771538,3.075671629492709,1.4762871838918044,3927
3778,12,0.7412469796834178,0.1481039454966448,3.0448198795184362,1.794491826478677,3927
3783,12,0.7427751224792266,0.1683036544973761,-0.3229193241935094,0.1283197744730278,3927
3808,12,0.7549956648111643,0.12910233472776192,-0.4325086112962518,1.075379522058615,3927
3811,12,0.7558473201226514,0.09910225659227383,0.33456897451269985,1.6492426662132738,3927
3812,12,0.7558679656006684,0.17671537797674097,-1.215144119478645,0.2301451881866341,3927
3836,12,0.7685640262815917,0.14007072543299637,1.0329068944561888,1.6147075511191182,3927
3847,12,0.7766017260257863,0.13632064058860557,3.0665670107964766,2.080263077188486,3927
3860,12,0.7826390499647199,0.12154826578244045,2.5820717211381505,2.1737359568536156,3927
3875,12,0.797486410556391,0.07570008921440297,0.11926452149873074,0.8020792900644863,3927
3879,12,0.7999784969107258,0.04927701205101543,-0.10993529391285314,1.1170831142303115,3927
3892,12,0.8141041111093202,0.09282572606082015,-0.5124479660713327,2.1166711878636284,3927
3846,13,0.7741105205429963,0.1762440467783701,-3.134534172801646,1.4295443527881824,3927
3871,13,0.795607356417588,0.10392981107491615,2.4747778901223874,0.4304027180041499,3927
3873,13,0.7962643254072045,0.12826882254910651,0.36182228205537253,1.515801956984798,3927
3883,13,0.803572286345306,0.1716608802922987,2.813349240834205,0.876808922137859,3927
3885,13,0.806006601861928,0.15124584674043554,-0.32956905640735223,0.2681759379972359,3927
3896,13,0.8236903962320056,0.10195388274166722,2.9142879847507874,2.157666359424129,3927
3900,13,0.8340370606889376,0.1482127295302898,1.4696813679859146,1.664981691251576,3927
3903,13,0.8347332806507295,0.07294606098194506,0.09967417873512888,0.9625270376194368,3927
3908,13,0.8438742659986098,0.05694755844800434,1.5680318820993306,1.5332529438066385,3927
3911,13,0.8497771639352243,0.07864840900785595,-2.953609329181816,2.4964042904300627,3927
3916,13,0.8600195342829735,0.09647544074795882,-0.7740772378241424,2.2402901371496338,3927
3918,13,0.8632044712507176,0.04697047004846194,1.4003342575664415,2.0282032937828913,3927
3893,14,0.8156379847652234,0.1836139158080586,-3.0715588922872272,1.2794954746723697,3927
3902,14,0.8343502233934875,0.14842277880424798,2.8537954540713066,0.9037919683706563,3927
3904,14,0.8369496269452038,0.11284761774326922,0.3193229398982015,1.2198898000530387,3927
3921,14,0.8755666875615198,0.08171424588295392,-0.22266037203557473,1.2089005223147993,3927
3923,14,0.8829216786362802,0.1056396556261774,-3.081186050086667,2.448305350204721,3927
3924,14,0.8866973429116086,0.1092364330120926,-1.5270384145644251,0.5762077690863028,3927
3925,14,0.8875229522506821,0.09087198024442687,-0.997484999991922,2.399289412963899,3927
3926,14,0.8938183339889035,0.07080508714589562,-0.8114663404098142,0.6677516088859324,3927
3927,14,0.919030278383185,0.08047871452589896,1.115421450412595,1.8282057935385176,3927
3928,15,1.0,0.0,0,0,3927
0,0,0.0,0.0,0,0,3927
1,1,0.07263009520740882,0.04304914450460782,-2.0835482773852543,2.770669578704832,3927
5,1,0.13061892288780497,0.09605358834724913,-0.9356213092424954,0.8477506980650296,3927
8,1,0.13984723276677768,0.08396451496815578,-0.4255619286045923,1.1817762569049965,3927
10,1,0.1407963778586655,0.07409508011474661,-0.060169020390095425,1.108228830663242,3927
17,1,0.15180566279908647,0.07811860498206419,-1.3031395930395238,0.6942773681843818,3927
55,2,0.20148035212443527,0.08894592436625189,-0.6276996925506376,0.9443168001822784,3927
121,3,0.24386511009942813,0.1086046335544487,-0.3668207252838652,1.02048249973478,3927
320,4,0.31315155427023833,0.09056861594984782,-0.15124545310632737,1.2279328278782207,3927
598,5,0.36682772247546214,0.0969150237078343,-0.6749641894889844,1.3131675496209039,3927
1051,6,0.42909253861752217,0.10712501874099138,-0.35755805886852987,1.1367744735514895,3927
1526,7,0.468663389660808,0.09408425779326716,-0.3407449922023385,1.1155315070238858,3927
2333,8,0.5214533965276128,0.09894511135698442,-0.32670408759329417,1.3959888119378496,3927
2860,9,0.5665052567764094,0.07014365356697169,-0.48525755393126,1.7385379152336389,3927
3284,10,0.6210118148163175,0.041109192590814796,-0.6064081579698545,1.229537001303639,3927
3393,10,0.6384888406758308,0.010155400402884956,-1.097327971499019,1.5897799656952567,3927
3605,11,0.6835127147614439,0.037516158658737336,-2.8084700416894015,1.9766352384128703,3927
3654,11,0.6974591192267624,0.07050856303815536,0.4259533702921467,1.321832728806883,3927
3745,12,0.7307896547957436,0.04927244222444259,-2.345709016059335,2.2436786962404747,3927
3774,12,0.7433758913880587,0.059080079485827997,0.7792427092145193,1.5825158077524353,3927
3833,13,0.7662378649538685,0.040657465267317054,2.975951879134065,2.117102370549421,3927
3872,13,0.7999160566509256,0.07565157859393248,0.20100768957910523,0.9901475033990482,3927
3880,14,0.8067808625339128,0.07239196714932851,2.9119897507252492,2.498923552452331,3927
3915,14,0.85796121369986,0.0744317945621036,1.0104108589568386,0.9958046746779738,3927
3917,14,0.8601109587926373,0.057299302396350546,1.6288468809086736,1.3868207813040379,3927
3922,15,0.8825997603023212,0.0554591442495366,-2.041815472512841,1.9360053587719706,3927
3925,15,0.9015076971816572,0.07521861183620962,2.0647447770785368,2.4439122935152815,3927
3926,15,0.9078161765250513,0.08461148063901697,-1.8760993243592181,2.419946013133654,3927
3927,15,0.9205281891911709,0.07040268531089354,0.9345905849133682,1.773922521350693,3927
3928,16,1.0,0.0,0,0,3927
0,0,0.0,0.0,0,0,3927
1,1,0.08064715161896707,0.06500486389520428,-0.8936295203843699,1.962889365455035,3927
2,1,0.0844573729831174,0.050640997393876064,-3.022731890086363,2.9313399716970867,3927
3,1,0.09243805745850475,0.0624871827905331,-3.0687952197018573,1.1522407560993295,3927
4,1,0.09707105726643672,0.07145721491724924,-2.6977151455135364,1.5228619019881307,3927
7,1,0.12298442089254369,0.09793049278279634,-1.599609619445274,0.4603793983862942,3927
8,2,0.12437614390986262,0.048769126474029416,1.9153178138372529,3.005027564103133,3927
9,2,0.1264462441286166,0.06753158796145314,-3.0935910793394568,1.1596056326638997,3927
13,2,0.13514195347110747,0.06418734077872841,-2.53738760996967,1.0260757729284722,3927
16,2,0.13821298989577457,0.0453313572420699,0.04016801945288976,1.977931982281596,3927
17,2,0.14408873260271648,0.07775332206535579,-1.5971684809548605,1.774616745487544,3927
21,2,0.15186467791799363,0.11892104488934199,-2.6841938392592044,1.6322233087194646,3927
31,2,0.16916521191104783,0.08094182644721633,-1.8391598160528029,0.2976210084411053,3927
41,3,0.1864524557257461,0.0904237511400797,-0.10447336294631805,1.7897681287170173,3927
61,3,0.2091948520962159,0.11279938970879713,-2.838586082405493,1.5296238974043026,3927
69,3,0.21756203222608672,0.08000086177701228,-1.779389419013117,1.7925771020066996,3927
134,3,0.25874131192856076,0.11686353500993188,-0.5711826562546463,0.4018425305882896,3927
78,4,0.2209749081483242,0.08317483892712205,-0.24433986862646365,1.5189256026667999,3927
155,4,0.26580328585216617,0.0638300490777204,-1.4692931063288912,1.6725184806670534,3927
174,4,0.275296900057205,0.09769537119206495,-3.0033181239798687,1.9961951335177488,3927
224,4,0.2916267558010047,0.08760114137760242,-2.8984459227321433,1.8295987671073588,3927
225,4,0.2917047986905781,0.13281217708419318,-1.0418985489425707,0.5029362852524253,3927
253,4,0.29904231028800765,0.16312594355548007,-2.9676064231525983,1.104877714028885,3927
432,5,0.3411637989733566,0.14535088914171856,-2.817003659187795,0.9608944316129447,3927
451,5,0.34422879424417174,0.09646033053889931,-1.514032316145629,0.2817223292000182,3927
474,5,0.34818568544079687,0.060889482075598446,-1.1875730202315702,0.5601462245223763,3927
559,5,0.36252601100484194,0.07126612524261695,2.6446532339099864,0.7890528236348007,3927
785,5,0.39151157127584113,0.0853788400072455,2.966831689641324,1.011937394908875,3927
851,6,0.39973418265184113,0.09010975794310475,-2.8679953249781334,0.09463938070243343,3927
1011,6,0.41628499106947625,0.10891965928200296,2.9546267849236014,0.9790574225577003,3927
1776,7,0.4830164471040487,0.11263208828822166,2.3291464757688765,0.7161180562702115,3927
2381,8,0.5270950637236868,0.10870063055516456,1.9166217868780866,0.9076712929595894,3927
2862,9,0.5693051113022316,0.10418454232355912,1.899215115236389,1.1117934602316226,3927
3341,10,0.6262267399755641,0.07999946348153127,2.228591131994425,1.2965578045235446,3927
3510,11,0.657484094342726,0.06012629746729056,2.0920080961693497,1.529647604297878,3927
3738,12,0.7229986582993272,0.1203265820090499,1.7954439819242862,1.5704636262510927,3927
3863,13,0.7910058750205464,0.08625936279624126,1.3645608508275107,1.8310912145394187,3927
3894,14,0.8207865044783342,0.06486771101142094,1.3056571569364412,1.8106008238079232,3927
3922,15,0.8874292373588546,0.06337377889900443,0.7524798504037759,1.7894334177947344,3927
3927,16,0.9656605721486765,0.02789863481911317,-0.4725770042182547,1.4394205717805382,3927
3928,17,1.0,0.0,0,0,3927
0,0,0.0,0.0,0,0,3927
3,1,0.08990912595916678,0.06544283997934679,0.5174318683598279,0.1608643236128823,3927
13,2,0.13686125060242016,0.10618896544299639,1.1638149483979392,0.32454961690179973,3927
41,3,0.18113180611999524,0.11133128670932152,0.5474716606149848,0.6069668206608199,3927
157,4,0.2571547792386266,0.12256497300457429,1.3648623111547327,0.732736049830616,3927
226,5,0.2836552392093479,0.1280878310080487,1.3547133056172163,0.7654843805017014,3927
347,6,0.31858766529145544,0.15911930687151363,1.390220559995384,0.8294591306296062,3927
1068,7,0.425237267636177,0.17692139781457672,2.004633338788949,1.1229065534727836,3927
1616,8,0.4738800867542864,0.18085391051292105,1.9685601427417443,1.3095561992176497,3927
2576,9,0.5453694603863363,0.1619798971918601,1.603000862293781,1.4224428887385865,3927
3009,10,0.5862303030618263,0.16391308146401662,1.5866840811794611,1.6652900299306466,3927
3431,11,0.6443966701660182,0.16230646277181654,1.2993036516607137,1.6094962335723664,3927
3564,12,0.672117395692445,0.15699601054077494,1.2881496236127448,1.6320561713374255,3927
3742,13,0.7282794810312292,0.13892981319547493,1.249521279644728,1.3462646948595902,3927
3802,14,0.7533236256386444,0.1476273828502206,1.3078124321851425,1.2603955132623965,3927
3864,14,0.7932306607472365,0.11146138488628375,0.9276394316585027,1.3592472029725873,3927
3851,15,0.7780184828890531,0.15413856969273276,1.4539293042345163,1.2039350960970445,3927
3902,15,0.8310975803991095,0.10747426368748784,1.0750642759842015,1.3280339214816095,3927
3912,15,0.8545518673233973,0.09747330189822945,1.3206073766612205,1.9355402973199438,3927
3917,16,0.8701728505554587,0.12698772788834486,1.684733375813512,1.4848373115313607,3927
3922,16,0.8952043717355311,0.08294230206797466,0.477212138562235,1.368578385019476,3927
3923,16,0.9049604000183277,0.07256414881592653,1.0643252834754053,2.2330699268207215,3927
3925,16,0.914211869943712,0.04922963395437076,1.9875576110002142,1.7772268789564385,3927
3926,16,0.915557232999435,0.05114439216402586,1.1944657427657026,1.4696961507658453,3927
3927,16,0.9292605162727163,0.06628716159092031,0.31096992515075617,1.9664484898623071,3927
3928,17,1.0,0.0,0,0,3927
0,0,0.0,0.0,0,0,3927
1,1,0.07205400045450261,0.06581409575346824,1.3023357178391781,2.4469648453231296,3927
2,1,0.08210831708976774,0.04019595312236414,2.962826571780404,2.302321844822095,3927
3,1,0.0911784280520247,0.04056180212840139,0.395846811702688,1.316242527802245,3927
4,1,0.09963604686102745,0.08019743338200608,-1.7375952293945263,1.4701055665329676,3927
8,1,0.12228269135074743,0.11336920557387797,-1.775478227774765,2.4552562198652477,3927
14,1,0.13820309165029965,0.11347702533293273,-2.5285891207445728,1.995330588907844,3927
16,1,0.14085745075085776,0.13321914292407908,0.7148611808976479,1.319934986497289,3927
21,1,0.15060601757730907,0.0913496777651956,-2.401559760314336,1.8366491089853825,3927
22,1,0.1511926613322282,0.12722139858075782,-1.3400182323924796,1.3573828102191139,3927
7,2,0.1215121643296404,0.05558255265789002,2.576824107545226,2.0961560626036104,3927
10,2,0.13049825886248068,0.05841427790541719,0.4052210853001784,1.1035532966074535,3927
17,2,0.14138752941131294,0.0767222736929031,1.9080483892177045,2.518646461761715,3927
19,2,0.14480155398427574,0.06773580742465138,3.003299456754374,1.2486164696765787,3927
24,2,0.15783437298159675,0.09816375003260266,2.745877614944334,2.865372550160047,3927
25,2,0.15849510275456724,0.10031016518332443,2.57076107724572,2.0695034473832794,3927
29,2,0.16638950444813438,0.11083417016175057,1.120610906605934,1.9991983784503975,3927
36,2,0.17452473046754113,0.11209570690216925,-1.4644488911596194,1.4062818782233169,3927
43,2,0.18564621107321744,0.12261308859512478,-2.835219139210138,1.86622670111361,3927
46,2,0.18734059640580125,0.07677912996315134,-1.833697423617707,2.2460024901822777,3927
52,2,0.18995830875322017,0.1435415021303003,-2.3065875289921705,1.614114693868515,3927
56,2,0.1927349344119581,0.13739164656137673,1.064076548692603,1.2891463923179218,3927
63,2,0.20312435807367168,0.17174483453261805,-1.5693425286267915,1.5768071458734894,3927
79,2,0.22086400068471834,0.1300721773551344,-1.892471511459505,2.0656758469608114,3927
42,3,0.18476111423657082,0.1073451761626579,2.892815428560693,1.9328861845870333,3927
50,3,0.1882296296444439,0.11257882232411877,3.0538604209928466,2.226134388420015,3927
71,3,0.21634037621739544,0.07308947024757659,-3.015726065920238,1.8471753370900497,3927
78,3,0.21973604515108958,0.15187436991870318,2.8629146474774125,2.970972949567983,3927
82,3,0.22222470634126468,0.12638874195028094,0.7323353520777687,2.769761445979908,3927
86,3,0.22559124403991926,0.13169230830616446,-2.219509916557211,1.493593253761952,3927
87,3,0.22567454849517987,0.10437701914245133,1.9698682418542905,2.436322277472724,3927
88,3,0.22709150454941907,0.11460410812821528,-2.906972837104831,1.6397514252293168,3927
90,3,0.22752244439295477,0.10724666278893903,2.359436831162723,1.6270029218694746,3927
96,3,0.23153474427929288,0.13670031458796078,1.140962955410046,1.4428832595685424,3927
102,3,0.23620166866273595,0.14182819546607317,1.2185777919808733,1.7704497816757343,3927
107,3,0.23869580391842138,0.16178257370006985,2.7723413054695474,1.78467967325629,3927
111,3,0.2413345374857293,0.1381459622709067,2.802033905418706,1.033788792427528,3927
113,3,0.24204574987294547,0.15091991774508162,0.022021181999341673,1.2262059960288423,3927
157,3,0.2606195014293283,0.15918839994571762,-1.4883613428799773,1.2354130979162683,3927
160,3,0.26146304679803056,0.15577874948453085,-1.4475448847962318,0.9371048165576887,3927
164,3,0.2639907149210111,0.1405531702503459,-2.1057503071081216,2.0303357249065264,3927
212,3,0.2825764833918929,0.18209782690805554,-1.4963847448621281,1.3046060814338691,3927
256,3,0.29984263070694694,0.18455003192624192,-2.674135158145357,1.2286632906590187,3927
148,4,0.2576692946797722,0.10546752421620076,-3.0803827945002222,1.358181215277963,3927
162,4,0.26319450394021005,0.17160669552755956,2.7996913298942285,1.8862688721239496,3927
202,4,0.27972131591707916,0.16041958748751406,1.2705051372352743,1.9123075970603198,3927
230,4,0.2903948036831212,0.17275091960679273,-1.3355039413199041,1.0040668839403686,3927
232,4,0.2912161718215771,0.13812795323821284,0.10211057283005258,2.533874923044987,3927
235,4,0.29186307162936953,0.12685767222717434,-2.440733101986363,1.4117559866636005,3927
236,4,0.2919475601848166,0.1878865368539098,-2.8745636429931616,2.082614603660858,3927
240,4,0.2930405485885984,0.13522936966289417,2.438496427065091,1.2586450821037865,3927
247,4,0.2955541098453943,0.13373182185837534,0.08636253115912326,0.8739960707892431,3927
261,4,0.30106799117593475,0.1590334683969286,-2.9855885942524334,1.2847697953251975,3927
262,4,0.3013684264975228,0.17818181003196207,1.4492386211760662,1.586032691114898,3927
263,4,0.30160826026841947,0.1730459438662136,-2.621522037969867,1.6307531068048675,3927
264,4,0.30173441146650537,0.17710874911840596,-3.085839625459091,2.3164977888534,3927
317,4,0.313453035182108,0.20594337098285345,-1.4124598576272525,1.274086479385358,3927
323,4,0.31491734156331475,0.16377989836686058,-2.628623177441537,1.2113822660283415,3927
421,4,0.3353311861613095,0.140711312191816,-2.910748271762073,2.480674319400964,3927
470,4,0.3445322906849272,0.14943194551206565,-2.2623566154268633,2.2411024053882564,3927
564,4,0.36457016328212644,0.2139444079827917,-2.8767057753663026,1.1326491812637394,3927
411,5,0.33359015136872805,0.1247662146469161,0.3392723658739779,0.9763426928439605,3927
450,5,0.3390594921356479,0.18578563532343342,-2.604746365835568,1.5760417079564453,3927
504,5,0.35215176713368446,0.20415126866698563,-1.2524610005038486,1.1733434194558876,3927
517,5,0.35401308539530085,0.15240868645758038,1.418140754715334,1.6276304762323877,3927
543,5,0.3602329127041555,0.10529398028812845,1.9834995189749378,1.3545879686916638,3927
600,5,0.37035217119831876,0.13337076893239988,-2.5686845964797076,0.787274442114567,3927
621,5,0.3735699503634222,0.17082044643291638,-2.878890987394216,1.2323453028931783,3927
685,5,0.3853157604186094,0.16117744411878898,-0.7097174360363901,2.3746106933739193,3927
718,5,0.3905483413266704,0.1957041210601351,-2.8189196972155726,1.3622087611299387,3927
745,5,0.3928339836917295,0.2159597916625518,-2.892679272129395,1.0953027467048928,3927
920,5,0.41478071181102094,0.10520867155130302,-2.5079551976284424,2.0585805639904846,3927
670,6,0.3820423002257485,0.12619010659420185,0.12369606038726798,1.007359897151316,3927
725,6,0.3911146027071615,0.13808990665183501,0.11272928445194873,0.7475808109750628,3927
797,6,0.39964765771864175,0.1865170612915139,-1.2504222256349145,1.3695560351047238,3927
930,6,0.4158515741375953,0.18844512402604838,-0.7720486912070436,2.3197432872956187,3927
1017,6,0.4246146599254892,0.11317559504512625,1.5961860814206434,1.570881297216531,3927
1076,6,0.4305211283160367,0.10699749435704317,-2.4309972499424317,2.0505162060106663,3927
1172,6,0.44102913254830023,0.17713370384878255,-3.0028122309631238,1.2532285436910333,3927
1381,6,0.4600863090370567,0.1803325812659904,-2.6013814607492356,0.9054996246459329,3927
1579,6,0.47410720165428577,0.18992765796708863,-2.7736798380672685,1.1682604661834148,3927
1096,7,0.43255762243268625,0.09293123915875928,0.1224886453075737,0.7749035994356325,3927
1157,7,0.43992391358187843,0.0980738799788672,-0.15607861103238557,0.9402672423321723,3927
1271,7,0.45095552935155025,0.1594847164038735,-0.8368473460242053,2.3954440370952974,3927
1417,7,0.46225142866373103,0.0998122037428976,1.605375537847206,1.8294800777724196,3927
1442,7,0.4639952895213749,0.08540246218658745,-2.4706200545063766,1.9732208692302577,3927
1606,7,0.4754648126807718,0.12765872259022443,0.8649103668852247,0.9205671679807009,3927
1721,7,0.48337918844460925,0.1135445134797927,-1.3335407845933478,1.1711266933498177,3927
2121,7,0.510311769347812,0.17824809891765211,-2.7505528455916166,1.0786174680532827,3927
1941,8,0.499012249021364,0.1020680049789069,-2.222383201706226,1.788140546707862,3927
2111,8,0.5092382222607139,0.09870932637163166,-2.11161494523216,1.7072827353727034,3927
2128,8,0.5107779247098266,0.08286491328364787,-2.796498885796912,1.9274444182012667,3927
2272,8,0.5210440552275118,0.1087612961805025,-1.4714369887375218,0.9851032396757305,3927
2307,8,0.5235476443762176,0.06454256689470424,-0.5845215410937797,1.496891951078985,3927
2511,8,0.5382477115512464,0.14170340302122195,0.865886851376558,0.8939929741538396,3927
2523,8,0.5391898152420438,0.06405059199522761,1.039349383152696,2.18898328004532,3927
2547,8,0.5418334539166705,0.16825841250554316,-2.644768274031604,1.153935029871505,3927
2576,8,0.5437241712718076,0.17697293363706706,1.1421900208713474,0.9694457777710178,3927
2582,8,0.5447316285971749,0.14124487759237553,-0.3328762167943495,2.6552638076683084,3927
2801,9,0.5655198162766728,0.07792667389254218,-2.7248093929327526,1.6391116761589413,3927
2904,9,0.5751499456520156,0.1590464143925497,-2.75116733160236,1.308326306410571,3927
2960,9,0.5820214560442621,0.1515118245715639,-0.09438010583048605,2.6956066513879895,3927
3011,9,0.5879168305379386,0.16262269214737168,0.8963385257245112,0.9979233111260655,3927
3092,9,0.5974691107383272,0.1102319009795085,-2.5477972537472904,2.578884318270911,3927
3212,9,0.6138120007838487,0.06447347777930748,2.513331463144366,2.280476565405783,3927
3297,9,0.6256130681779541,0.06722676733375378,-1.0710644256930246,0.4889559033227625,3927
3348,10,0.6329948948151866,0.17879141673015772,-0.47587543872667787,2.7562762138395644,3927
3354,10,0.6335944983415557,0.12093134325155738,-2.9589412348657653,1.1750750607110352,3927
3382,10,0.6384692662389605,0.12720582715081755,-2.6585999724316296,1.391162204127741,3927
3419,10,0.6441536116217278,0.13509949383284942,-2.4455345375212,1.8912046618002405,3927
3453,10,0.6503357500988299,0.11749395256725163,0.9284847215239809,1.0154030666427505,3927
3505,10,0.6624928538685372,0.07951167693027082,2.4936076708507877,2.3891093043658165,3927
3612,10,0.6849713970548529,0.0656070462534354,1.843276879547943,0.7903369192707027,3927
3652,10,0.6938645743562234,0.10999202532346773,1.3195047094420627,0.3924408917080854,3927
3653,10,0.6938682287375215,0.0525100700924563,-3.1131027669496443,2.6165115818878575,3927
3678,10,0.6997784591155163,0.07395764543345353,0.8095706875505875,0.519869936312461,3927
3537,11,0.6694501109820172,0.12979888524666397,-2.543878096314559,1.8501604605041224,3927
3550,11,0.6709645951184341,0.12293433196540446,3.073402447221568,1.2490861051199844,3927
3593,11,0.6800958478680009,0.1185072940788698,-2.3296794937215153,1.3105345328769407,3927
3739,11,0.716556985574656,0.119433142610054,-0.8660030947817309,2.6751624314180327,3927
3760,11,0.7243872928692024,0.01948612407334256,2.5966007503925086,2.712862570177582,3927
3767,11,0.727383885365291,0.06986669271148313,-2.226186787175671,2.523120765062122,3927
3778,11,0.7321226879813436,0.06952537107396635,1.2170071095510853,0.5595911785464607,3927
3793,11,0.7417266280835499,0.07041519839398308,0.5382482037941368,0.2887165063743385,3927
3801,11,0.7479605928361791,0.04688194175982315,1.9189419553597948,2.6309197186563176,3927
3797,12,0.7449388541617057,0.14719955260240167,-2.616356950698355,1.2020660698278898,3927
3816,12,0.7543019104544497,0.12287052555226044,-2.5597015430590893,1.72133371692468,3927
3823,12,0.757809577920428,0.15819103944100676,-1.9703749003182094,1.8101309841218354,3927
3827,12,0.7593333874103141,0.07238698705276139,1.5063837603256847,0.7267297484197275,3927
3846,12,0.7723024079124169,0.06831099346999746,-0.8458479320347169,2.77540007282111,3927
3859,12,0.7851492955100821,0.11117560137215053,1.5424915996275488,0.2478474809541457,3927
3862,12,0.7866129499992459,0.08494187797252009,1.1997039099289195,1.0668945271052324,3927
3886,12,0.8077288928498759,0.013103976157982238,2.1047567764175596,0.9185190688056801,3927
3868,13,0.7944903927149103,0.14461054139353333,-2.128158968309473,1.8393157310060997,3927
3891,13,0.8182065899738524,0.10807978643727224,0.723264403810876,0.26899483243517874,3927
3896,13,0.8246011427840981,0.09536099912680608,-2.4945848157198514,1.3823179649185153,3927
3902,13,0.8283816407311593,0.06889315537501987,-0.2902925801071875,2.595932990353601,3927
3904,13,0.8334452362073598,0.12638016914747666,-2.7766987918537964,1.3398164733784714,3927
3906,13,0.8377512219715154,0.03161025567521016,1.5668813182229901,2.00307740645474,3927
3909,13,0.8502696133741369,0.050442230917127726,1.579739521461142,1.6104385009375084,3927
3919,14,0.8768259501241795,0.10295157199323371,2.2666325537367276,0.26161276085340696,3927
3921,14,0.8830941734978138,0.10638135960376721,-2.511183448895703,0.8888596100666944,3927
3923,14,0.8988841824892159,0.08033898216417784,-2.1950084375833376,0.5091630217158205,3927
3924,14,0.9028294111857463,0.07571009326395504,-2.5511599962358136,1.2597703183911144,3927
3925,14,0.9062795989603849,0.08099811945943172,1.4393791646503697,1.9799283012553053,3927
3926,14,0.9177616439612492,0.058405623797495206,-0.852938685841043,2.0012986293972923,3927
3927,14,0.9342079427350714,0.030183027355676458,1.8978246983408122,1.8780054457393187,3927
3928,15,1.0,0.0,0,0,3927
0,0,0.0,0.0,0,0,3927
1,1,0.04123018345526053,0.033816827327611584,0.29425045360699786,1.1041707932997125,3927
5,2,0.11457887411253453,0.07281761144201306,-0.7419337871980274,1.5631905844593499,3927
20,3,0.16075322876852638,0.07133931608272572,-0.882349313257445,1.8191320747374917,3927
30,3,0.17928520991606112,0.07406557904847706,-0.21805432515126255,2.087042607883971,3927
113,4,0.2484222357161564,0.1182489526952887,-0.457889098110873,1.6783302135012046,3927
136,4,0.2575309629692062,0.07895896055116985,0.4828044012637293,1.943311133247072,3927
193,5,0.2760124128895245,0.09834618414868589,-0.555754829135373,1.8232455841143964,3927
215,5,0.28324786280547776,0.10108385434714848,0.6006077257518616,1.9856659953843119,3927
249,5,0.29515250879615507,0.11951591052214364,-0.2155800483522689,1.8274392044975998,3927
271,5,0.30559575515832205,0.1048643920903896,0.8153334585648564,1.801793196728614,3927
402,6,0.33685878135989833,0.1364632828468354,-0.16601317615101974,1.8646849551253997,3927
509,6,0.3564323754235825,0.15245024476280697,-0.9153606896094281,2.120127904299613,3927
521,6,0.35796252794359373,0.12526846373339937,-0.5836927713370095,1.9051051511490835,3927
541,6,0.3610566586954592,0.1481328425779729,0.5366117220264026,2.134761850013583,3927
578,6,0.36734646775058244,0.09376939127798982,-1.2132747728765796,2.253581154356791,3927
628,6,0.3727431947072889,0.1429076852806884,-1.040007828294367,1.3126616823123118,3927
647,6,0.3748703189839838,0.15202919044774946,0.09659030704115593,1.994054735376394,3927
755,6,0.39170261925134864,0.1274426340742135,0.26104710303436,2.269793166265673,3927
749,7,0.39029012496115456,0.15815348864744988,-0.2531704614648966,1.8261481336422518,3927
922,7,0.4153064527096073,0.11880771002978989,-1.1658025434621926,1.5496920712187436,3927
1067,7,0.4293700198838778,0.185962239435888,-0.6171719446755862,2.0399231264231155,3927
1124,7,0.43512751189662235,0.08650390261283859,-0.11345782034002486,2.1169564547543414,3927
1258,7,0.4491016790543031,0.09912143960936262,-0.40246958630748764,2.654709914044954,3927
1367,7,0.459895436527875,0.11770639066853866,-0.3425344286783147,2.41498394938467,3927
2080,8,0.5131312925376189,0.10201217670870764,-0.6641350441302865,2.5446202326535006,3927
2208,8,0.5217880116608815,0.11976680888064657,-0.6610297446183242,2.215786090202765,3927
2968,9,0.583456619471276,0.15297893728624817,-1.14194075692931,2.341344789862089,3927
3445,10,0.6510772880525916,0.16964600744314723,-1.4115515155047242,2.6339909746704095,3927
3653,11,0.7010856343964109,0.16748879223475208,-1.2374722972543792,2.6894620779232943,3927
3788,12,0.7422338933512492,0.17591895403589175,-0.7188377538159102,2.6742784109597277,3927
3865,13,0.7971019687562686,0.12695680998527784,-0.6130653130877175,2.7682188148141056,3927
3918,14,0.8586602082128421,0.08864145502052076,1.0483447934572006,2.952429612251337,3927
3927,15,0.9047251180350148,0.08011092295757885,2.0903825435570385,2.5827406628108465,3927
3928,16,1.0,0.0,0,0,3927
0,0,0.0,0.0,0,0,3927
6,1,0.10399404350330455,0.08619254414599814,-2.2466021318414935,0.8602184157861664,3927
17,2,0.15780584686839172,0.11827621333634417,-2.0574986053212716,0.8424057279608067,3927
108,3,0.2406185816742773,0.18397915056822176,-1.8819748643250984,1.0726677935369546,3927
203,4,0.2824890180288505,0.21900308323876022,-1.9021183436118279,1.05448656758124,3927
466,5,0.35088341923644006,0.2142679868853576,-2.217296218873042,1.0467282875452042,3927
811,6,0.40396668279228176,0.246156335130207,-2.1782662930199095,1.0915013670896323,3927
1674,7,0.48033254356628197,0.22329023140491028,-2.0598151233933533,1.2744025410180648,3927
2438,8,0.5330090883771309,0.23821436373421692,-1.9135621227976198,1.3198164780556785,3927
3163,9,0.6064564737961528,0.20077302109190492,-1.957770607508644,1.175772219769534,3927
3415,10,0.6444841007148235,0.17852177651985301,-2.082813627910373,1.234296785269104,3927
3495,10,0.6606064166411173,0.17448497481057101,-2.054888177459961,1.1379043027475908,3927
3649,11,0.6977055968151832,0.13339636707472957,-2.138034873299235,1.0754093476378632,3927
3705,11,0.7213342315936453,0.179812823437763,-1.9843385915370553,1.2311630697474625,3927
3795,12,0.7563539833519817,0.16239224048448525,-1.9885566347378312,1.2771540976810585,3927
3867,13,0.796957569844808,0.1510481918123269,-1.813920725192144,1.250906764399791,3927
3889,14,0.8137221210323575,0.15050974067641767,-1.7140348137395907,1.2381808205400002,3927
3926,15,0.9167387871816133,0.057110888493293654,-1.6351201374592448,1.1894321079867358,3927
3928,16,1.0,0.0,0,0,3927
0,0,0.0,0.0,0,0,3927
1,1,0.07930065220452653,0.039663158924331615,-2.2931742006124036,1.840196058364268,3927
2,1,0.08183275882233954,0.0806724927356764,-3.1187236722187013,0.7584000092904606,3927
3,1,0.09198039395807844,0.07725065893516565,0.11750374059694862,2.592272911443297,3927
4,1,0.11406315118312382,0.02020487441559739,2.7583839308547744,2.410112702033102,3927
5,1,0.1156489570339354,0.09079782315443102,2.318390037109875,0.7766923217573984,3927
7,1,0.12086708226396226,0.10449338423994912,-0.9091691334778568,2.3823819490513953,3927
9,1,0.12503628026974312,0.12423702915331947,-2.0793833438551292,1.0224448370454133,3927
10,1,0.12550063107814569,0.12054138025606234,0.28945901575646926,2.193876075198092,3927
12,1,0.12923522357122075,0.05570501067760945,1.7448466552114996,2.2949324772501614,3927
14,1,0.13182726922272658,0.06654576152323491,1.4807077838888705,2.5854678046156505,3927
20,1,0.1530151147829708,0.13633859566044967,1.4279467563148915,2.0735314584282434,3927
16,2,0.14273281991315456,0.062262848627476136,-2.508313830612619,0.746680718191833,3927
22,2,0.1597320743528502,0.14727195393709436,-2.831592818490758,0.8401498585737808,3927
27,2,0.1657133853410906,0.14685616967929224,0.14494761446641544,2.76952607627683,3927
31,2,0.17225946098127176,0.09774615029946708,1.6726542036046441,0.7530995674396936,3927
33,2,0.1727824949903003,0.14739065602860746,-2.301199475054679,1.042721111430308,3927
35,2,0.17581648821211693,0.10615962358731185,-2.1117415102879007,2.6709499972560065,3927
39,2,0.17960154483369362,0.13181454878073878,-0.4357752825570153,2.0374573081541887,3927
48,2,0.19037874559569445,0.09467415461191324,1.0005063503041753,0.1513312000816269,3927
50,2,0.1931387776539789,0.059035463330379304,-1.3506979104642396,2.5494492088926792,3927
60,2,0.20791456086262505,0.1326859374303491,1.5061849035258412,2.256113202039005,3927
62,2,0.20849291073903065,0.17379840432171786,0.7894207683019112,2.064921373192845,3927
70,2,0.21429699690047943,0.19824506643312906,0.3767044841823076,2.427409050422066,3927
73,2,0.2160647908315615,0.15491712470265112,1.4227196332685286,2.5820114884606697,3927
64,3,0.21102072477790335,0.14472061700125988,-2.5599014226198626,0.9897001223498415,3927
81,3,0.22153758296692994,0.0897809664442069,0.46668245510464373,0.21298128062217583,3927
86,3,0.2256318119105969,0.058039053050966294,-1.717077527264694,1.510031991855609,3927
101,3,0.2371561875124597,0.13404808700427923,1.4757521746188575,0.7749944579429481,3927
124,3,0.2492662281622905,0.06251181507130954,-2.541491017322479,1.1623645841263643,3927
125,3,0.24965046069529084,0.05784039539242825,-0.9637643441995567,2.6886201322775674,3927
130,3,0.25179751895722147,0.083792713787432,0.05637005467293161,2.0852473318336076,3927
132,3,0.252522130024985,0.17522238495078504,0.7125592743233023,1.8886486978119852,3927
136,3,0.2539506386136442,0.1253006343583679,-2.4675261529585666,2.7753589636648477,3927
140,3,0.25474567306019347,0.11541240121128415,2.692823889748947,0.9793359325189517,3927
161,3,0.26430474122149594,0.11651741361509196,-0.9471037176772712,2.0503481849020315,3927
162,3,0.2646131724884754,0.1535267976502579,0.775305846936138,2.558705774479446,3927
186,3,0.2771676805235651,0.1928789355975097,1.0848943449232422,2.8911985789916703,3927
197,3,0.28016050504953083,0.21471488253322216,0.9753408128503805,2.451024513462277,3927
204,3,0.28427532689744905,0.17635967489903062,1.6022690871947085,2.4504765574338894,3927
205,3,0.28464427784581947,0.23175760945184096,-0.2215906583063237,2.651880651408115,3927
208,3,0.286245501240752,0.1125585996231686,1.0384428729742488,3.0350566293070393,3927
213,3,0.2879136709728094,0.21855228004213006,-0.6494162382496501,2.6325572631529157,3927
219,3,0.289527430773894,0.20964121083415488,0.4561201071601513,2.6138065777538966,3927
246,3,0.29442087500114855,0.19590752680707854,-0.1030448410059927,2.858513750975457,3927
166,4,0.26674090442568654,0.15806187661709997,-2.436690148842245,0.96753408368957,3927
227,4,0.290796634510729,0.10796784451067251,2.945718025966786,1.1904367656030952,3927
229,4,0.2908474448108167,0.14512017196939436,2.6697956302520636,0.889584599549678,3927
345,4,0.323816875460619,0.12371221902322209,2.3835275701885568,0.9863192755455406,3927
383,4,0.3312599694229791,0.035325811262662,2.878269218014226,1.7762553009149946,3927
401,4,0.33490934168860154,0.07789117900338718,2.1329159087186853,1.1486691500481738,3927
424,4,0.3388511174679585,0.20614629914706065,0.894082926182031,2.49021419612638,3927
488,4,0.3509494442801968,0.14093760208533868,0.8631772715158801,3.068199436910207,3927
560,4,0.3638261608591056,0.17435184055466488,0.8948225800108538,2.439001608150227,3927
656,4,0.3784681767594331,0.14175223782166152,-0.11778311682601007,2.6419464205568763,3927
372,5,0.3286160586055842,0.207853874620598,-2.4549382171677223,1.0154653701750354,3927
376,5,0.32902710591913287,0.15152820535029576,2.536590243351717,1.1133644028008782,3927
380,5,0.33035214206600405,0.20196863104252766,-2.3947022031473915,1.0481472680378774,3927
566,5,0.3645405488628144,0.10175025224205031,2.2693431711543735,1.0726757905643918,3927
615,5,0.3717336411176365,0.05902851061164235,2.363070507814616,1.8378802295337797,3927
630,5,0.3747953415722656,0.20363731469263777,0.7692477534889096,2.5523437626223555,3927
824,5,0.4020402609694549,0.17334695964753716,0.7228621023600947,2.394978337348671,3927
1095,5,0.4318255527520245,0.1620817768828877,0.20670171959671,2.617179203220437,3927
543,6,0.36030748898556286,0.18853272071306537,-2.311602977641343,0.9811447138086363,3927
710,6,0.38691200551667304,0.11593366112180242,2.3650592537542647,1.1029931782422646,3927
1027,6,0.4237788646489903,0.15561753452328986,2.717120577833485,1.5348829535743949,3927
1293,6,0.4512137792891979,0.07855885799483073,1.5661897985776432,2.976667983131751,3927
1393,6,0.4613596747508756,0.15016808392812153,0.36908782324793943,2.6132548385667422,3927
1443,6,0.46640888182424245,0.028551704930259138,-2.0221263152400044,2.41724059246945,3927
1080,7,0.42981385067393085,0.19063477668218948,-2.06681190479239,0.8945688134938734,3927
1107,7,0.4327529947633655,0.11778219121083341,-2.288747174332135,0.9041821284585708,3927
1357,7,0.45732758384662975,0.1526044918176768,2.648564467402479,1.4306665616775245,3927
1498,7,0.4702221591491813,0.12937270673178405,2.6058061588765815,1.6009778436000546,3927
1775,7,0.48998547406163007,0.1602890985222442,0.5711696751266013,2.583702256937501,3927
1830,7,0.4934302887134725,0.05578844162731924,2.5377765209279444,2.1870446751005814,3927
1946,7,0.5006869418561679,0.021662064260207156,2.0468783136041173,2.3015810560168304,3927
2091,7,0.5111746559606622,0.04890101519657019,-1.523390339372922,2.934529949381603,3927
1523,8,0.4721042135656641,0.157419072170832,-2.1093295749066927,0.9949747539728285,3927
1757,8,0.48879344678559755,0.0980062194855558,-2.7857451992384377,0.9135826632765128,3927
2222,8,0.5210139624651343,0.1757782353634611,0.28531146509927535,2.568513699838616,3927
2294,8,0.5265356986270879,0.06267504863106137,-1.7919987497221956,1.6638191706119134,3927
2637,8,0.5516407577754431,0.11301878284731151,2.6311390020357246,2.0034724541709923,3927
3012,8,0.587299583397515,0.07762856377195772,-1.5186734599529554,2.6479151843653104,3927
3039,8,0.5901051118049419,0.10685107648137046,-1.480353016052088,2.786037217337624,3927
2722,9,0.5599543373242702,0.12623707546522286,-2.063120022647855,1.4564830172312162,3927
2982,9,0.5840372606499387,0.1893464288855253,0.2648121381492009,2.489582028822922,3927
3075,9,0.5937968218622817,0.08231370373189661,2.7021270004569735,1.7391643481529755,3927
3223,9,0.615431192786792,0.20588151581391978,1.0990581124542687,2.621075910594305,3927
3331,9,0.6290790022468007,0.10320076134522899,-2.2483556656287678,2.857185231060796,3927
3197,10,0.6119554883833318,0.11461026564776718,-2.0725817665349955,1.502227434950349,3927
3288,10,0.6240328884071809,0.2050518268097837,-0.02787484979040506,2.4636737808678038,3927
3470,10,0.6537259221068228,0.11101083705836139,-2.547687885764347,2.72114057076752,3927
3471,10,0.6537857494580048,0.06842621768674226,2.6274041771194168,1.8818288628823596,3927
3513,10,0.6619517887447235,0.2061014381339027,0.8667298648880069,2.7493655548529716,3927
3585,10,0.6771389257797072,0.1513504993325392,1.2017727096034765,2.4935301538566366,3927
3447,11,0.6495656275239493,0.13365756231562698,-2.037333710621238,1.3315962574789335,3927
3510,11,0.6608475591846066,0.1083681570050573,-1.9088068998431835,1.1056443390476607,3927
3638,11,0.6891206352621039,0.10857460647285065,-1.6477100718279027,1.2359707748035367,3927
3679,11,0.7035979711360661,0.20167674813819464,-0.6009377999759096,2.630589795081032,3927
3692,11,0.7075808145027491,0.08463271895435918,2.795656636805369,2.4728253171927337,3927
3706,11,0.7118989051617421,0.09110761245858814,-2.0450779643431174,2.229078439144736,3927
3754,11,0.7265575883832821,0.12376707426987472,-1.2945440656083833,2.992319623819101,3927
3767,11,0.7338224591111607,0.1555415498753616,0.7519316673484622,2.7859407358137576,3927
3787,11,0.7410900621543655,0.19344503951122904,-1.0882018614436586,2.65031657282424,3927
3755,12,0.7268431754376379,0.13376230198642747,-2.412073342150206,1.4319641505493665,3927
3765,12,0.7329955090756458,0.11615112680784953,-2.2652500073564728,1.4839005729118064,3927
3789,12,0.7413780080952417,0.0667846156790705,-1.323196346455579,1.405911334775061,3927
3804,12,0.7493903557292753,0.06641112949720229,-2.870504993757465,1.1307610497697516,3927
3849,12,0.770806744308865,0.08742286460050115,-2.5594553633474817,2.3777546877405933,3927
3850,12,0.7729411605898869,0.04967464414749169,-0.5304802542692258,1.3293235549070594,3927
3879,12,0.8029671748717538,0.125084467753276,-1.1268150917158308,1.9461513669423978,3927
3880,12,0.8031198767687897,0.14748628030921251,-1.3886378560697967,2.5042717462328863,3927
3883,12,0.8057241772998834,0.10946448602441289,1.0179153563349683,2.630968889761537,3927
3888,12,0.8108416733767403,0.11884653746894415,-0.8851479905344052,2.51381724834517,3927
3871,13,0.7959287660669636,0.08060661590984275,-2.3654030405493085,1.5080520800731563,3927
3874,13,0.7985053121637273,0.07119462734408888,-1.9178305704574288,1.0930978347676246,3927
3889,13,0.8123855900112844,0.057348641220732834,-0.3019991261277086,0.7732481850938598,3927
3892,13,0.8146918687071422,0.0992002598263129,-2.7270480815828595,1.4779400440363593,3927
3895,13,0.826532511166222,0.0416109342792069,0.7283809444598254,1.3495785154258568,3927
3896,13,0.826633317714555,0.09404199133262765,-0.9282666535129105,1.7541816894022644,3927
3910,13,0.8483165785756379,0.09751501282252169,-0.6030515251743802,2.4755519446473144,3927
3911,13,0.8511473861978441,0.10329517206649282,1.3821184626935021,3.0201640284531655,3927
3912,13,0.859649765313303,0.13212670258352127,-0.9745297569822767,2.478378499062154,3927
3913,13,0.8657694067640257,0.0844131789239318,-1.2545165392956967,2.3453741412507467,3927
3914,14,0.8698719566241346,0.09818575266240691,-0.7958858412381846,1.0938889358864763,3927
3915,14,0.8709444942527577,0.07782322336074626,0.5405334267795594,1.4363368126850204,3927
3916,14,0.8714665290560603,0.086072832053122,-0.4133537692138326,1.5075203836754656,3927
3917,14,0.8726789967191396,0.022314095533918065,0.5930010368805415,1.9343185400052412,3927
3918,14,0.873655124750643,0.11971525598234196,-2.925350786134509,1.0805094936855537,3927
3919,14,0.8771201200087829,0.08147578882741685,-2.049878501093521,0.6058738262146995,3927
3921,14,0.8839244783836735,0.09025347475214955,-2.3399029644881515,0.7770626912848879,3927
3922,14,0.8863319446358757,0.10069191230526206,-0.35614288324677074,2.5218448424165536,3927
3923,14,0.8868441570097274,0.06989033271588906,-1.7184726686726997,1.515212918435509,3927
3924,14,0.8943266232093082,0.07906240010502252,0.8451327275067068,1.3523049284127078,3927
3925,14,0.8982141444339676,0.057625180522906154,-0.37817148651595295,2.525354829291536,3927
3926,14,0.9000512677560282,0.07224907481708477,-1.5206164026740168,1.3461773392527805,3927
3927,14,0.9181394704942981,0.07995906793738897,-1.2420100827285125,2.607458969906277,3927
3928,15,1.0,0.0,0,0,3927
0,0,0.0,0.0,0,0,3927
1,1,0.04879153360422506,0.03614561400058117,-1.3764117932611764,1.32512932166934,3927
2,1,0.06660262217359847,0.04492713345830028,1.9036013409590111,2.276342280806111,3927
5,2,0.12074651446322615,0.07359356950864912,2.8118105071461197,2.0185177440663575,3927
14,2,0.15352503430541253,0.05024557698281417,0.7933157728821704,2.1897005317631515,3927
26,3,0.1747386452681956,0.07530940511334226,-2.8226937508650947,2.525039148363327,3927
47,3,0.1940228194536031,0.039097101627536344,1.5788085296960543,2.115525514243048,3927
92,4,0.22722168084989203,0.0807546277462786,-1.9721385769742972,2.225622004054602,3927
148,4,0.2516182641445327,0.04692965742208581,2.5114405643537685,1.6638186216390547,3927
167,5,0.25815049681020996,0.08553397977604442,-2.2807019570791294,2.1827859363197013,3927
394,5,0.3298950629365297,0.08303815623232011,2.9037617749332365,0.9010197374195323,3927
361,6,0.32426811090162455,0.07994264032508527,-2.692658249086531,2.467133305549917,3927
400,6,0.3307773781825557,0.1275299984052171,-2.480802519010274,1.690830611580763,3927
841,6,0.40437163567806467,0.1077425792027491,2.6142934572257923,0.9930827995594858,3927
521,7,0.35945834222433004,0.1046317461721302,-2.5870540927683323,1.7632061454981003,3927
651,7,0.38056429231783606,0.05132922546446155,2.9028225659537363,1.9182373563331154,3927
871,7,0.40698243332721584,0.08147488056416649,-2.6293368473095695,2.296980975146679,3927
1289,7,0.4475575458546803,0.10802358931699822,2.1875956948513604,0.9460355462508172,3927
919,8,0.41323538109703306,0.03455405320469997,2.8119157696603567,1.8287676158200132,3927
1205,8,0.4404883511422033,0.13397314653049028,-2.7877294392286167,1.253384089621655,3927
1319,8,0.44986490114989885,0.08753757167638344,-2.3671923385891898,2.7180654802773887,3927
1548,8,0.47041460074548924,0.10024657316211164,2.3423343353400146,0.8787344259619895,3927
1682,9,0.480782369611533,0.02869437537072576,2.901804039074329,2.119497686954554,3927
1853,9,0.49298187347024836,0.09387236505582525,-2.760173839336628,1.0816114105010308,3927
1892,9,0.49619632109463374,0.031634068510661965,0.538346195075046,0.531523487421954,3927
2026,9,0.5047061240322641,0.08152058829905036,-1.5215035437611264,2.94213916988687,3927
2173,9,0.5140544649534106,0.07410091687139346,0.9706164950168903,1.2088692088065363,3927
2183,9,0.5149235064490486,0.06188550737830377,3.0571575991201354,1.1991318184382405,3927
2184,9,0.5150712546808711,0.05324346366123421,2.5238203454024144,0.8664787098244318,3927
2221,9,0.5173934437532822,0.06102120994429125,-1.5960679882511484,1.7819466741218017,3927
2235,9,0.5183119737674141,0.09369249912114726,-2.8310095456624813,0.7855386756088338,3927
2366,9,0.5266951529849088,0.08395808003159573,1.2317098609559716,1.202965908508288,3927
2406,9,0.5298231786307125,0.09033809277203378,1.4951187755431212,1.1586038169238646,3927
2430,9,0.5317969086035834,0.09723155660838,0.953866607526014,0.43503539690324866,3927
2500,9,0.5376306918153564,0.09751979003549484,2.23772628481189,1.3020360410808922,3927
2320,10,0.5232935988742815,0.09308401368730596,-2.8834322929807357,0.7590763605948567,3927
2590,10,0.5447960586936113,0.061902638210770765,-2.571400846765021,2.2120295814550643,3927
2617,10,0.5468243658438136,0.05988350881266338,-0.889528485329751,2.554986108749924,3927
2802,10,0.5624763098140673,0.0971254653498962,3.0214434408530884,1.06925205594007,3927
2812,10,0.5633689032675244,0.04423807235169584,-1.7604705624077739,2.3156386709233834,3927
2840,10,0.5663499157400769,0.07040531629816864,-2.5322111335413844,1.7042315665300556,3927
2866,10,0.5690803619603306,0.0674248683274007,0.9506153946299338,1.578417956251245,3927
2927,10,0.5752010892111543,0.06736934703322188,-1.5032458557854178,0.633778464901715,3927
2968,10,0.5797865442710359,0.033855297592936685,-2.3308012055859697,1.5712317728110765,3927
3015,10,0.5857262914522002,0.09317882678189948,1.5790078600104327,0.6306896886677507,3927
3102,10,0.5955298576758663,0.047220700980130946,-1.6378385918120595,0.9897187671623683,3927
3105,10,0.5957366530990308,0.12405772870221515,-1.651209301828144,0.667907073726387,3927
3220,10,0.6096520251019261,0.13454893524988323,1.9360014126838057,1.5912701654441441,3927
3082,11,0.5936406740542784,0.1316638210803842,2.8146496362500746,0.7296296733509663,3927
3178,11,0.6038544861727598,0.12069156800078985,-2.5069228552323475,1.1069375774651826,3927
3403,11,0.6390091817881395,0.03516072256510171,0.32094408635897026,1.509262801430941,3927
3444,11,0.6440647358808533,0.11928011576177652,1.8760441386732711,1.455233577139682,3927
3469,11,0.6493282541332693,0.0967403455591958,1.9918333643698096,1.2045683379244863,3927
3525,11,0.6594549704598045,0.062077822127067056,-2.376924488697748,1.1772053048777427,3927
3556,11,0.6640644755303751,0.1073262295956556,-1.6958024684682569,0.3951055241122458,3927
3430,12,0.6425940567926893,0.14039183729044233,-2.5927889494815464,1.2274562700648062,3927
3584,12,0.6690855115858307,0.13246946596447856,-2.951472072683401,1.0683853092242703,3927
3749,12,0.7158048914207678,0.12887199199283725,-1.4799561857592085,0.6610994999980508,3927
3821,12,0.7591678380662238,0.057942062306033736,2.3800371614690383,0.7044392963061388,3927
3790,13,0.7429384882867615,0.12303832254469849,3.1369960108032395,1.4522518532546527,3927
3849,13,0.7777234748132298,0.09361727559237806,-0.8650344466607446,0.6452348005128838,3927
3873,13,0.7936963207669778,0.028390516012746718,2.713171385474472,0.5768996198269569,3927
3893,14,0.8140726185512948,0.109395091350141,-0.7432568523894887,0.3332984981626782,3927
3898,14,0.8273811986642728,0.1079356830981721,3.0875918973764387,1.1089282724579832,3927
3912,14,0.8589532778003206,0.06208565442676959,1.5293934573857049,0.8347047131410416,3927
3925,15,0.9239800836625247,0.03892406674074077,2.4614189691588226,0.18935818486992528,3927
3927,16,0.9466773186523098,0.020476150170350742,-1.817718556557324,0.34396178090370205,3927
3928,17,1.0,0.0,0,0,3927
0,0,0.0,0.0,0,0,3927
3,1,0.10312589717587106,0.0724825892540238,-2.5754010188456515,2.2141139833309524,3927
10,2,0.1300839084882095,0.08984905067743082,-2.3093526175140173,2.3720164000525896,3927
32,3,0.18189829916176803,0.13389342073759325,-2.128089002976549,2.3849109830003608,3927
116,4,0.24384102841842803,0.13329557699692873,-1.561017990248095,2.5380560165524906,3927
158,4,0.2652048876066879,0.17514271424003358,-2.3722590300049498,2.439290132436203,3927
173,4,0.2726228320432055,0.15156126594619995,-2.2328602204407257,2.350612081135925,3927
366,5,0.32476961407787863,0.18453902667063746,-2.145860369475958,2.4438031722799067,3927
371,5,0.3261475636315494,0.13153617774066123,-1.870202452829759,2.5116155525934816,3927
396,5,0.33076990227242054,0.1096784941256937,-1.8805912189361955,2.3908655411383926,3927
811,6,0.39445406944821326,0.15344507716869182,-2.3392765214918216,2.260577137900437,3927
1309,7,0.44781592008046534,0.20070475499870252,-2.422713282653494,2.1427781643542074,3927
1709,8,0.48098215207277395,0.19883175555469937,-2.3908565420625814,2.1251338795938746,3927
2686,9,0.548999066507663,0.2013012648952958,-2.5435099648461055,1.8493435583743227,3927
3146,10,0.6005344484341324,0.18183274616657477,-2.400920978887703,1.676564936027818,3927
3406,11,0.6424689848061464,0.17219258735376927,-2.1946273074000366,1.6998172674462568,3927
3706,12,0.7113302183733302,0.20910842249997147,-2.377155156251025,1.762397049001081,3927
3787,13,0.743080513293634,0.19385452559902974,-2.3365739846718165,1.854726210626623,3927
3887,14,0.8132873500808295,0.1612234655516477,-2.4815103408385863,1.791585309953804,3927
3906,14,0.8336113053000228,0.11620501872320348,-2.2149187068735214,1.7842998960956356,3927
3921,15,0.881829625071662,0.1070717057774016,-2.2358858373020887,1.7774480121375533,3927
3928,16,1.0,0.0,0,0,3927
0,0,0.0,0.0,0,0,3927
1,1,0.09414168858599248,0.06595332947771541,2.01676791654214,2.5307472583366333,3927
2,1,0.12097841663768116,0.10608466831461148,-2.943969464894257,2.3850558269338213,3927
3,1,0.13152472433862628,0.09110866755492002,2.5955255066543605,2.0404456901432253,3927
6,1,0.14297855243840785,0.12320903912407905,2.9769927125156417,2.287721765789558,3927
10,1,0.15381940157487672,0.08402164261033924,-2.6815170679224503,0.38574578639628726,3927
11,1,0.1540489808228147,0.07319946428401572,-1.4128886734581627,0.4273541524985803,3927
30,1,0.17410121087704855,0.15530899059053765,2.49392844593825,1.9786365497565663,3927
7,2,0.14608130305063782,0.109248075355161,-2.757086256789987,2.2164407669899933,3927
24,2,0.16880488393036452,0.0887195454544268,1.6304454143198213,1.7141957074986733,3927
33,2,0.1917046379259798,0.13727282469171997,1.6855762088771478,2.487515740978211,3927
35,2,0.1923183074330771,0.15429986266433476,2.9853192545196117,2.3772565476160237,3927
49,2,0.20195409016074228,0.10327079854720393,-2.351709987979492,0.33761233317795064,3927
67,2,0.21925408459003215,0.058431587844059774,2.1901700611833412,2.7937140298015986,3927
96,2,0.23766107238149037,0.20369931990496687,2.4507678311715155,2.1421300303731945,3927
73,3,0.22486896012667523,0.16646018527883077,3.0304055250014716,2.1978065209286077,3927
75,3,0.22644839920288073,0.10392817587299191,-2.717395490235785,2.589240989018422,3927
79,3,0.22971077558585795,0.10407965385413491,-2.3806688553363164,2.292666981962031,3927
85,3,0.23281537577617617,0.11314055180080912,2.8790133555735484,2.200030239851368,3927
98,3,0.23917550957513123,0.05186662761042565,-1.9435620486100875,1.626999213141304,3927
108,3,0.2454280403432203,0.06372778994453886,1.6081958319185155,2.6098674552592294,3927
139,3,0.26164974165159605,0.07478409077936474,-0.9016096946376363,0.37397818351759354,3927
181,3,0.27636024967921446,0.11461880903702672,1.7903836259800372,2.12574861825086,3927
186,3,0.27736398715968014,0.19370384305480548,2.550182168760981,2.1630775409920684,3927
208,3,0.2852510881359215,0.12097293799273998,1.0444985531174356,0.9292791014654062,3927
213,4,0.2875559098740105,0.10485391168745324,2.9573229294502097,2.115550851418076,3927
268,4,0.3040575281288336,0.06114740664721672,-2.8363337386799974,2.0212142181507144,3927
275,4,0.30649720215286824,0.1038749090290267,1.6356712461348446,2.1017521994102046,3927
333,4,0.32025070781361864,0.20793745767195956,2.704444401754698,2.0946722743082185,3927
376,4,0.3272067812400792,0.03659779161568309,0.14530199783940903,0.8790775695405286,3927
459,4,0.3436261651939797,0.11316165866098044,1.5307643725654578,1.1693963108517254,3927
405,5,0.33238065021371554,0.20245504069887196,2.735971415022206,2.108828590266941,3927
490,5,0.349382742404006,0.20388181844040174,2.5890877977871853,2.0744846230058203,3927
736,5,0.38639265425271463,0.10761123908152505,1.5436117516308736,0.8987045860425085,3927
833,5,0.4017434886172774,0.04651812017972271,2.037439282340534,1.4433402802035642,3927
1122,6,0.4318560430434857,0.14405863844704803,1.6991317803243113,0.9485025771088644,3927
1260,6,0.44595569479357533,0.0735516462581802,1.8805895418855276,1.5847598187459213,3927
1390,6,0.4559524401191378,0.13874698337300267,2.2255327681382817,1.8125714756049742,3927
1415,6,0.45800459549422223,0.15313222047323335,1.7472982255604719,1.1323345291158349,3927
1456,7,0.46119853281400436,0.1296598742402393,1.7531923297841123,1.0892575348792017,3927
1681,7,0.47711230270615024,0.14923534025167295,2.233133983518083,1.7714613261907155,3927
2035,7,0.5008430640930421,0.09782380573609542,1.4265603483855458,1.9040971754254334,3927
2222,7,0.5130926118420059,0.15928017930073946,1.529889182630979,1.379634264457635,3927
2456,8,0.5311472872260528,0.17207818538464664,1.521318429381983,1.32415346374395,3927
2734,8,0.5534345052671741,0.12995092934964575,2.1121471122676283,2.0146033980061406,3927
2845,8,0.5636214480586298,0.18564075519724701,1.9329514937162058,2.027497762265629,3927
3133,8,0.5958902020275731,0.12440400111196796,1.6192700566827183,1.711733925638316,3927
3430,9,0.638940283177686,0.12880308551474703,1.9101544412542446,1.7916659320104058,3927
3571,10,0.6707975272123317,0.11842014706677037,1.880302314424971,1.685589130269508,3927
3736,11,0.7206302228523395,0.12476833491480503,2.086746667789124,1.7262847498699103,3927
3793,12,0.7478961771957418,0.13099458383180043,1.8859709765094077,1.7426586624952836,3927
3889,13,0.8267918426892814,0.09446976161022767,1.9671982169439504,1.9884393151899062,3927
3922,14,0.9040063526089882,0.05863894075953388,2.6425744800586277,2.296231303434142,3927
3927,15,0.9427665552292718,0.027848843303696313,2.750468991933723,2.5408088313679693,3927
3928,16,1.0,0.0,0,0,3927
0,0,0.0,0.0,0,0,3927
1,1,0.07957001714967027,0.06509652095203917,1.1750759481260347,1.0810792474800046,3927
10,2,0.14029335587015912,0.08513320252347774,1.31338483442611,0.7733191290747744,3927
49,3,0.19533700859617398,0.11961043269445658,1.583873657832101,0.5564613618465062,3927
142,4,0.2603212468161801,0.14562135808322044,0.7791163811261282,0.4568590479442772,3927
223,5,0.2936898095078829,0.1549676137845464,1.0287253041159183,0.5819161055213486,3927
504,6,0.3568331368474448,0.15341560024046463,0.8626225671232286,0.634583750614813,3927
556,6,0.36962803071316686,0.1265911615953632,0.2354011362312021,0.5807130212914464,3927
1161,7,0.44268682918189317,0.16557290817418208,0.010970752024430881,0.7373525290618573,3927
1797,8,0.49067416291440935,0.15031290768441938,-0.07845467400289187,0.7383233077143189,3927
2789,9,0.566793917046356,0.10894610563906115,0.08675956027227849,0.604957866702401,3927
2995,10,0.5862675812060779,0.10125012213285253,-0.07627029986696322,0.658869682192259,3927
3403,11,0.64296863298095,0.1257093576027271,0.04784344372929857,0.4593910798010467,3927
3637,12,0.6942507265423863,0.12140120539699115,0.9642127974204608,0.3899731807047149,3927
3699,13,0.7108689855051133,0.11580294236663859,1.1143035622742652,0.46531998598100566,3927
3893,14,0.8214785429945556,0.04960735949894177,-2.9900459847644707,0.36299687908829753,3927
3920,15,0.8740191800456565,0.049824567891560985,-1.3615035251778402,0.35333970081553695,3927
3921,15,0.8745892278976262,0.026650375579295164,0.945483083700516,0.9148197391167845,3927
3927,16,0.9389507769422457,0.020795909636376005,-2.228146501170695,1.7619128349544404,3927
3928,17,1.0,0.0,0,0,3927
0,0,0.0,0.0,0,0,3927
2,1,0.06424555745815119,0.04977996407453004,2.2840537749620977,2.4792542018823887,3927
22,2,0.15038582316028493,0.10254078041041038,-0.08475961587630834,2.8029629027492344,3927
60,3,0.20527534275798798,0.12452052425418576,-0.44631387821553437,2.4295354848684987,3927
292,4,0.31283124690905706,0.15817224963846563,-0.8949934588472724,1.881207798720308,3927
701,5,0.386279665761852,0.19560084073385778,-0.6752306879383096,1.6442418501788394,3927
964,6,0.4187999346815614,0.2032112077137197,-0.6170843509098948,1.7364986331174788,3927
1828,7,0.490559170176612,0.22701654713778485,-0.8556186115808886,1.835538374086766,3927
2628,8,0.5486443263651776,0.2693701691900797,-0.9128696647271141,1.928927954889388,3927
3137,9,0.6010990772908935,0.26104737438857983,-0.8263441289044804,1.9431784697287862,3927
3437,10,0.6428686744876165,0.24851761850962414,-0.7764408786813216,1.8315420829980549,3927
3662,11,0.6927428109213353,0.21486579148959495,-0.7104778302944421,1.7229010963359754,3927
3846,12,0.7673940909827022,0.14163882274507664,-0.6425018606046194,1.7556765739543558,3927
3886,13,0.811036642220971,0.13579031953293674,-0.9175992622507981,1.8338210255760967,3927
3917,14,0.8680060769787941,0.11348967920114082,-0.7609433708353426,1.7062840219952395,3927
3926,15,0.9154255395321076,0.07837383237188333,-0.8736834090777619,1.898183041574343,3927
3928,16,1.0,0.0,0,0,3927
0,0,0.0,0.0,0,0,3927
1,1,0.06957481544186972,0.03537160610272472,-2.5763103147876336,2.3414886923179385,3927
7,2,0.1062910974214395,0.05163413825796008,-2.402327920784637,2.4133316388163437,3927
20,3,0.1523753556812547,0.051378710039721824,-2.737680286879535,2.5809380724485744,3927
72,4,0.21622102915550068,0.08622700299310733,-2.8978379803828034,2.2183523201047715,3927
205,5,0.2800128374031563,0.10001195554265313,-2.086297762848597,2.0919385664255135,3927
305,6,0.3126582761855897,0.11503106714075347,-2.2688195532145894,1.9760309561373286,3927
599,7,0.37254726744090094,0.10657024495150408,-2.2538347282735876,1.6695284592817767,3927
1000,8,0.4264277972656726,0.12608801136888997,-2.3804681344119145,1.5937633314807529,3927
1769,9,0.48813331636262325,0.11895132741595164,-2.1791848887483827,1.2151280817486048,3927
2890,10,0.5739837715441669,0.11073915895345175,-1.62802828758788,1.065998971321097,3927
2939,10,0.5792711061903316,0.09992204025311091,-1.5266269996216228,1.3962681674050823,3927
3156,11,0.6061398983681172,0.10108357000253976,-1.4488518714892082,1.2395462709840277,3927
3424,12,0.6443052148785305,0.09647742436272859,-1.517068596488871,1.3575712293461804,3927
3553,12,0.6692332491869732,0.1460648890268842,-1.5550350743226373,1.0126178039287483,3927
3777,13,0.7336970732320693,0.15188844536557083,-0.9524786941445604,1.2440073987314864,3927
3794,13,0.7389108087932875,0.12171743296838146,-1.176592875379551,0.9770164219752493,3927
3861,14,0.7862574907034144,0.12038208736509105,-1.1714094843451386,1.1197882203765628,3927
3904,15,0.8275457733302196,0.10707222952727058,-0.8859400338623284,1.2120130355638445,3927
3920,16,0.8749833815051015,0.07897866969348426,-1.2675741416507647,1.2628077483296485,3927
3921,16,0.8796281368588216,0.0983512232922172,-1.0490073142519518,1.0962263404049843,3927
3924,17,0.9134003057499438,0.07686789214599782,-1.0939590690983383,1.1446154050679072,3927
3928,18,1.0,0.0,0,0,3927
0,0,0.0,0.0,0,0,3927
1,1,0.07690729910172145,0.059785426856675546,-2.181589728331043,2.6635301061579035,3927
4,2,0.11164607818711747,0.07032320432281901,-2.4932379917708616,2.516556333440952,3927
26,3,0.1669109292339166,0.03294480500080722,0.20082627046579848,2.9304088623016833,3927
35,3,0.18184410646939042,0.041153848623521574,-1.5233707293461098,2.0687568205205435,3927
44,3,0.18974577090472589,0.09119168488211632,-2.3819538804051903,1.6436930489034756,3927
59,3,0.2076834065004216,0.1473190133598901,-2.338047866834798,2.158091045176916,3927
118,4,0.24537080781624498,0.09098400147619376,0.15361602666986807,1.965186800599988,3927
125,4,0.24966311481384085,0.04926538521927358,1.578063349707278,1.412441153373738,3927
133,4,0.25377952864477404,0.08219341569486066,-2.223162432485768,1.3416270956624172,3927
142,4,0.2593965499444413,0.029952213686395567,0.15919548561150768,1.7572971533635486,3927
172,4,0.2702171046398816,0.11812149416005628,-2.516811528134692,1.4870257912005937,3927
176,4,0.2721863997265218,0.1146341871364128,-1.7820469688752176,1.8758182463943474,3927
211,4,0.2857200225897065,0.1702885699165404,-2.518680207628832,2.0892154541805406,3927
235,5,0.29370332299698143,0.057342859913528416,1.128430476255922,1.857962912460165,3927
253,5,0.30095398764334136,0.08128312294492124,-2.568436567042,1.200827820450651,3927
303,5,0.3128725865037043,0.13281415187820664,-1.8807883133591252,1.6887857243286724,3927
304,5,0.3128831657270166,0.05698405150937793,0.4737246281590708,1.3874144997152225,3927
337,5,0.3218185794080839,0.10078484996952969,-2.3043802067996384,1.4201911297328804,3927
456,5,0.3438682261062017,0.16000715748412908,-2.35248099088028,2.120108872685183,3927
552,5,0.3615322986575036,0.16860946345044264,-2.506517401783259,1.8009496955014712,3927
475,6,0.34722488097637527,0.11538881006475026,-2.3410225730946084,1.3509278894479622,3927
499,6,0.35128851607110045,0.0678289147636722,-3.0581802980432125,1.5950865153439229,3927
816,6,0.40097849090316906,0.13457191239755475,-2.4554803249239856,1.8063035333612971,3927
819,6,0.4016179082255543,0.14199844496098343,-2.762347853818536,2.224844631417341,3927
962,6,0.4164757602990171,0.06447759134624835,1.625034921966427,1.0952201453659391,3927
953,7,0.41533027909937836,0.11425156500989922,-2.8329336953599755,1.3068827333083446,3927
1044,7,0.42550238559558107,0.08848125919277093,-2.941319572310949,1.0384245188474355,3927
1364,7,0.4552842065210535,0.1036391587337988,-2.811249248493087,2.2961399781310727,3927
1370,7,0.45582402764238983,0.14494977617913282,-2.8319179935417,1.7349753620330945,3927
1438,7,0.461101418456097,0.08216338114449018,1.5425441402930096,0.6171636214220526,3927
2158,8,0.5110702459791115,0.07988548308212559,1.7735778836946046,1.0001137691338928,3927
2216,8,0.5157013877145697,0.11227663555004776,-2.7828734555484207,1.8190498581584782,3927
2415,9,0.5301526844863177,0.12075436321639488,-2.7639689076270084,1.731346492929516,3927
2963,9,0.5804400416500656,0.08650686117281538,1.3809859900347983,1.4347437131637748,3927
2919,10,0.5761321215466007,0.1179095818454152,-2.765504960778237,1.784103639314401,3927
2988,10,0.5826646167634507,0.1489193035575237,-2.552169373916946,1.7646374103250182,3927
3241,10,0.6123210365844938,0.07527882360062661,-2.4653590159583927,1.7512605251022282,3927
3502,10,0.6548040435698349,0.14428523472868843,1.346806358305874,1.5963323330665817,3927
3383,11,0.6371074356417383,0.14026358172722106,-2.311932556170212,1.944353204215092,3927
3483,11,0.6513134406904767,0.13093269647125383,-2.929747275587903,2.1245329804714554,3927
3662,11,0.6965765067416355,0.05370678624814262,2.4782969711380836,2.541726351647954,3927
3712,11,0.7144827269015234,0.11635623507529456,1.5477423657182185,1.6390105339815773,3927
3693,12,0.7083222315460735,0.0820257163351857,-2.4377087782806015,2.0169553252576446,3927
3714,12,0.7148144287136353,0.13748129518458443,-2.1473726296908717,2.2848249036886377,3927
3743,12,0.7272083692063198,0.1457356866726974,-2.625458825034882,2.3817005379973186,3927
3763,12,0.7331930540795989,0.06751362045341511,2.486863044076094,2.027657773653085,3927
3788,12,0.7414235913146617,0.11440874946700393,1.431309492369567,1.4678996157108664,3927
3868,13,0.7994417617710039,0.08898243516648717,-2.1792531417509937,2.275968409823625,3927
3873,13,0.8035084135679116,0.14015047327417884,1.6278465859974998,1.667336929210159,3927
3875,13,0.8051523363633308,0.1035170245016373,1.4314994198974451,1.4195908254863192,3927
3885,13,0.8169046728868128,0.09607395076761584,1.4771257255462695,2.180906553690343,3927
3905,14,0.8427615681980815,0.10691660083144043,-1.7704837862130491,2.578545020307694,3927
3914,14,0.8727025173938356,0.07814149127496384,1.733559755343325,1.733472474921974,3927
3922,15,0.912878136671893,0.06902813774820808,1.6930374068312455,1.7586823961196827,3927
3923,15,0.9241882635714723,0.07056235143012402,-1.5083940603091373,2.3200701506786174,3927
3924,15,0.9325324304804701,0.04483023128585857,1.3757524883300656,1.7359226690845062,3927
3926,15,0.9457800918122892,0.05414076224157573,1.4265185066258923,2.4708391799376965,3927
3927,15,0.948079181487079,0.04980967816699182,-0.17543923711284898,2.412867253624789,3927
3928,16,1.0,0.0,0,0,3927
0,0,0.0,0.0,0,0,3927
3,1,0.0964225074875329,0.08965335377720395,2.0836461601304332,2.3433683007589923,3927
5,1,0.11372366946515655,0.09990722835060374,0.034291791970171154,0.6899646097876752,3927
7,1,0.13451022534197143,0.10829392389758308,-0.4467799785519868,0.6493306547964552,3927
9,2,0.13738359281110446,0.09303767051160264,1.6336282051566213,2.6692725265814237,3927
23,2,0.17667366623240444,0.12012664457289414,-0.14332153992578844,0.665031067602941,3927
50,3,0.20431236262704422,0.1293914299736814,1.850107395864115,2.398924060811689,3927
73,3,0.22204778985894413,0.11938084718019532,-0.32719434017748417,0.8568343222464071,3927
131,3,0.25243108330432595,0.17017058038335545,2.2263448547539464,2.8516301045686627,3927
161,4,0.268056136522999,0.08398959873483937,-0.004925286235485765,0.8988860552171215,3927
225,4,0.2935859134960168,0.1838319426568311,1.6005491083593673,2.770159334389727,3927
255,5,0.2992284825459749,0.08249473177027376,-0.4760579521219068,0.7568114376943751,3927
541,5,0.36180189550975883,0.17694197789276955,2.503955395665478,2.910843410299927,3927
531,6,0.3601507096413997,0.09972805373529009,-0.44675209884380646,0.7625571645662444,3927
622,6,0.3733295141886094,0.06402479529237795,-1.0850968890446346,1.512095876789214,3927
971,6,0.4148047332613656,0.13947029735093003,3.1201538884465942,2.8378249876209978,3927
1148,7,0.4344764210969494,0.15152001626170533,-3.0682080991537597,2.7586268409607144,3927
1153,7,0.43495943177989216,0.09990783893136428,-1.4804581808635506,1.327339322748183,3927
1192,7,0.43856895064832324,0.06976317765474603,-1.3053037420810163,1.8375363596994223,3927
1298,7,0.44714401400095516,0.15032259324397243,-0.10987094811303827,0.7598420423493704,3927
1692,8,0.4824023195187339,0.15855412853039053,-0.22402915705517273,0.8215577491378137,3927
1890,8,0.4955451121509553,0.14464716750591683,0.16930476204553466,0.9937751592424706,3927
1912,8,0.4967768785049381,0.19125714672085867,-0.3061115373974368,0.7852233295562119,3927
2103,8,0.5081800393042293,0.08862358080555217,-1.6867055159245878,1.5612973346775827,3927
2139,8,0.5106450156554317,0.18226583299549337,-0.05137343070361291,0.9782408518601541,3927
2377,8,0.5271930286557074,0.10995552858045686,2.8271630884938577,2.3088997683724544,3927
2673,9,0.5477250988370534,0.20487472850984398,-0.3013555575692333,0.9953147952560283,3927
2685,9,0.5494016177920515,0.12657975986586856,2.7841222506001446,2.379454177687113,3927
2915,9,0.5697337738712687,0.07949766689687027,-1.2632579633469667,1.5016493707112213,3927
2941,9,0.5728221159281084,0.16450492106781833,0.3003368326797719,0.9189086249210107,3927
3196,10,0.6027998772593948,0.21893062595775414,-0.41381925091438126,0.7612754833547356,3927
3297,10,0.6181805481826519,0.18034302029639207,0.10451948255336534,1.0071099170538103,3927
3363,10,0.6296062373794015,0.11477432718822558,3.1148968293761055,2.825148837550827,3927
3394,10,0.6346943376804927,0.11875120649292376,-1.0970365583443773,1.037543148437584,3927
3510,10,0.6579834414584763,0.07078526006371047,-0.775776723288362,1.5464908257214829,3927
3457,11,0.6466589879242193,0.16439233923425536,0.13051102748590868,0.9372813257440493,3927
3459,11,0.6469983116945311,0.21770161552128992,-0.25107340979091,0.6403125651135038,3927
3650,11,0.6934781378084279,0.12553202739007893,-1.5316574689663751,2.781478427342209,3927
3671,11,0.6984978330117637,0.09717247886370453,-1.0123068467848775,1.0083432499976577,3927
3710,11,0.7127711161991696,0.08132136756154516,-0.34239328196413904,0.9689440515073685,3927
3731,12,0.7194105646405171,0.19593932754270826,-0.10459014333209234,0.8153887162504058,3927
3756,12,0.7292980807557682,0.17005369618177338,-0.5764292296065261,0.6800502317977646,3927
3803,12,0.7478208767122637,0.07723258948752239,-0.41353622963367026,0.7651129254576517,3927
3811,12,0.7496891527304144,0.10677844508984785,-1.2431819603589185,2.511039020683591,3927
3829,12,0.7573694233095938,0.0897099794232758,-0.594577460589925,0.66580579955578,3927
3820,13,0.7532853825784546,0.16713476754055073,-0.0625334288554003,0.907427834693231,3927
3832,13,0.7587652977445761,0.16250889865412166,-0.3465460566174853,0.7579671187859305,3927
3889,13,0.8077047846941806,0.08168007644802612,-1.2205936377666602,2.135128587700556,3927
3908,13,0.8270248733452646,0.08219012416490472,-1.4238406979489324,0.7770723686301052,3927
3922,14,0.8759105389247202,0.10428002624936965,-0.8170627015560794,2.535662614493067,3927
3923,14,0.8807537662418297,0.05591315860146257,-0.7683583093109221,1.0543519710118512,3927
3926,15,0.9484595329268173,0.03271495820001099,2.140038516456236,0.6108749477997673,3927
3927,15,0.9511841712516225,0.04371321240655292,-1.6120897634919538,2.625017484842792,3927
3928,16,1.0,0.0,0,0,3927
0,0,0.0,0.0,0,0,3927
1,1,0.08520163140683201,0.06749416030870856,-2.877450796475031,1.5559990395503012,3927
4,1,0.09502821926840532,0.08534268043823859,-2.0412730300700095,1.2358065347089935,3927
13,2,0.13914151597462254,0.0563993441310648,-2.0923164713052524,1.9253982025761602,3927
43,2,0.19022048725537322,0.11844920464740183,-2.4620537093588255,1.2899695081820532,3927
68,2,0.21311609488459193,0.1248451983888087,-2.3333765957467203,1.0046743654758736,3927
38,3,0.18601472410587971,0.02015017089050018,-2.5837112664132733,1.1599956368907811,3927
52,3,0.19832736139460516,0.10101181149711233,-2.6033774508150445,2.1476653207470884,3927
99,3,0.24268285203358575,0.09873948907647433,-2.3177616672782397,0.9601870781990263,3927
159,4,0.27184734309765923,0.10692024179675519,-2.50532947801072,1.7696733479775386,3927
161,4,0.27216070351396904,0.10816066191009813,-2.4177384891909868,0.9424904077281078,3927
184,4,0.28307192104940704,0.12858344860868276,-2.243469108911853,1.135791461719007,3927
226,4,0.29483964450865285,0.09768793757854602,-2.063558786330874,1.24730891684161,3927
296,5,0.3180752989818062,0.0894036205155261,-2.775225472445536,1.855224195699631,3927
305,5,0.3190272972903666,0.1396313391670544,-2.2641907010168465,1.7913290499108663,3927
368,5,0.3352903449289104,0.10050103341297549,-2.2119840303470877,1.1176936260633583,3927
754,6,0.39648017323687523,0.09189859783040862,-2.4271145249543933,1.4058131828039464,3927
1028,7,0.4285660614320729,0.08815294762459609,-2.55856365687356,1.3730019009945464,3927
1714,8,0.48491341620219663,0.12368080608511009,-2.8152788725201874,1.1366750917656492,3927
2341,9,0.528220508772174,0.08325833604817043,-2.8212146659343413,1.1627784292564136,3927
3107,10,0.6011516793821562,0.04865382817257736,-2.262656162844364,0.7777504316693201,3927
3453,11,0.6504108563469563,0.06105915032739935,-2.771521028349392,1.3593412080713416,3927
3797,12,0.749178714513724,0.05155955061868265,-1.496100865361392,2.1657652666379934,3927
3860,13,0.7879425446303138,0.03014018759172248,-1.0244948377534937,2.2722047181892293,3927
3886,13,0.8115794741317055,0.060008674319459415,-1.5665557142194226,2.2428439982587913,3927
3910,14,0.8438835671896926,0.03962877837806349,-1.3252029150935483,2.0537689666480667,3927
3926,15,0.8977502499021592,0.005775621025835384,1.514048424433302,2.245130237537201,3927
3927,15,0.9017644642973468,0.05982540304523113,-0.6124914616377939,1.867898411573879,3927
3928,16,1.0,0.0,0,0,3927
0,0,0.0,0.0,0,0,3927
1,1,0.09812803344228471,0.0694200488354641,-2.0974244573301277,2.7440565621431556,3927
2,1,0.10357792106579378,0.0688388926781611,1.7708659274867131,2.119484743522305,3927
3,1,0.10985890670143339,0.08378666619091488,-0.520631272570089,2.1497318694968692,3927
4,1,0.11014619457931674,0.0735913362099083,-0.8039910830825604,2.042749475840033,3927
5,1,0.11543639639161862,0.11078789406836924,0.34088166212455784,1.5251450935406832,3927
6,1,0.11621309384570566,0.055110967843883626,0.054398750488974114,1.5027998347019842,3927
8,1,0.12593659642800947,0.10383589121525583,-3.103948661242384,1.437866596695125,3927
10,1,0.1374684095536195,0.07565209549491089,1.0190420533525835,2.550916653699236,3927
14,1,0.14616296991674038,0.07561151736666917,-0.2785705939770491,2.6207687141232405,3927
21,2,0.16343892440136054,0.08406378917035269,0.08501280969993319,1.8704160576038493,3927
32,2,0.18378380320695398,0.12040844005961368,1.3175202382655664,1.898668061491763,3927
43,2,0.19428785803061555,0.1135890815777203,1.0545856630081896,1.5402930735197244,3927
45,2,0.19705351952682748,0.14470884337654746,3.008609851465453,1.088247888290296,3927
77,2,0.22729492571014187,0.112300895189283,0.7079201101867961,2.8054498717837544,3927
114,3,0.24789917294021058,0.11589805102869524,1.1876980483549697,2.0502730333841406,3927
170,3,0.2755931057848605,0.19353804186960116,2.626206263564245,1.1853675761540026,3927
225,3,0.29117590690911743,0.12518872036981638,0.7521634203768947,2.3219507187098145,3927
252,4,0.29790655117464515,0.1823105567527351,2.661853590428899,1.0911489091845978,3927
338,4,0.32197078414468283,0.13114827920549793,0.630672752172314,2.4734414732944288,3927
643,5,0.37793236200030467,0.11576478368534301,2.782903219768786,0.9520803865602685,3927
740,5,0.39152933242171284,0.16691992433123357,1.0177551369865556,2.409385966762363,3927
936,6,0.41346346365619924,0.11903533082420846,2.9344513302942783,1.05681526006408,3927
1040,6,0.42506990189236915,0.14282520277204272,1.003245063177398,2.473907838078169,3927
1369,6,0.45617405375545195,0.11105030677764034,-3.0184280079961496,0.41601920473198095,3927
1767,7,0.4871710699478513,0.13188623477150774,1.2268903287641069,2.492015978222501,3927
1971,7,0.5009042348905385,0.08133033687483908,2.4309931840908146,0.9824499793708474,3927
2272,7,0.5218218027212491,0.061321214914904006,2.9316118043296027,0.6875141625059155,3927
2699,8,0.5560493994031676,0.06687256871575374,2.1290463045218018,1.1351278193350618,3927
2795,8,0.5650732173512171,0.09436791566116631,0.9780730624000518,2.584796402297205,3927
2942,8,0.5787661976452743,0.038237236173361375,2.2393957419864914,1.6443311127447031,3927
3428,9,0.6443785678602428,0.05753860258643672,0.867411020580124,1.9020560385899963,3927
3715,10,0.7112682607803401,0.056118461786950125,1.0474077195581881,1.9632870825475268,3927
3747,11,0.7242818366971029,0.04776822572544156,1.1263148599183588,2.0032165190593414,3927
3827,12,0.7629314411669598,0.0639813222459815,0.625840384143012,2.282191964430674,3927
3871,13,0.7976518995354238,0.07541994573902704,0.6669286200332647,1.8738497701820411,3927
3923,14,0.9014574729650268,0.043802269621588945,-0.07596189737526289,2.8103109561266795,3927
3927,15,0.9359328023304693,0.048873464339399535,-1.433416839327366,2.7719698526955936,3927
3928,16,1.0,0.0,0,0,3927
