element,level,t,r,theta,phi,Interval size
0,0,0.0,0.0,0,0,5236
3,1,0.09558771908187114,0.0793851894087807,0.3799729850490069,2.193901838015881,5236
4,1,0.09576858488450057,0.04807490560191489,1.0400129842971695,2.386522812463995,5236
20,2,0.15023336615721627,0.04939079599077327,0.36377552895773185,1.5220952643536798,5236
56,3,0.1897924094330744,0.06387922521197814,0.3581747601972939,1.1283381736356606,5236
124,4,0.23629742577656443,0.07148415688409109,0.4810883314445926,1.2451718389895698,5236
221,5,0.269214827571861,0.0708005136001494,0.32791002132246405,1.6783886348811214,5236
432,6,0.32047012290456156,0.03883970695600142,0.4056229811699963,1.163882562395444,5236
452,6,0.3232594971566459,0.09528218217468981,0.6483527743406381,1.725959906511947,5236
805,7,0.3712486366682193,0.04126649625646199,0.713823436710695,1.7047870904270015,5236
893,7,0.3819315578938771,0.11274689450413108,0.17716845913567722,1.4519499450071673,5236
896,7,0.3821339054708315,0.06308948256276174,1.4709563929930705,1.015272682801422,5236
1530,8,0.43430178279655296,0.10476844177670945,1.2481221304482883,0.9732874165182871,5236
1549,8,0.43601198846826894,0.06893198144923812,1.7049044566888756,1.9067421518130427,5236
2251,8,0.4788339399525773,0.06821785118143542,0.845106018582873,2.177804286929327,5236
2558,9,0.49462509817835076,0.03228996933277457,2.772548029512965,2.517656334072828,5236
2744,9,0.5034433586551781,0.061884547696114116,0.6996335430661651,1.3077266717068254,5236
3276,9,0.5342962166826393,0.08448008145239008,1.010706811781876,1.9566095501977625,5236
3368,9,0.5399515488939408,0.14937143023399704,2.0549508074687215,2.500106438915539,5236
3531,9,0.5497221990062432,0.08983636973907909,-0.197097283705419,2.6448798770440423,5236
3426,10,0.5431024101792024,0.06989535671128083,0.9230745778624515,0.9896722007771991,5236
3758,10,0.563656712908366,0.024798403284446824,-0.31808716612340104,1.1570874862161076,5236
3944,10,0.577648169975837,0.13385047011544465,2.317541939492732,2.406740283476956,5236
4108,10,0.5907776428718168,0.08918663695685042,1.5669829734334064,2.7228208694369176,5236
4128,10,0.5928629954505364,0.040823710882727106,-2.509847147149943,0.9842729288536314,5236
4172,10,0.5968512931046845,0.10124689753054492,-1.150162540243535,2.536290714435042,5236
4227,10,0.6023332273926172,0.08545965689968656,-2.118169045909143,2.106717361123382,5236
4282,10,0.6072429820884558,0.05807789112341001,0.1688806472496885,2.431402097907176,5236
4314,11,0.6108443089828592,0.08712997203381093,1.0770042529445352,0.520896097723994,5236
4500,11,0.6329189418827357,0.08291150127173395,1.6350193473498258,1.9973523150425159,5236
4511,11,0.6346966145122703,0.10000637385350229,2.9141133216088266,2.477922757172561,5236
4521,11,0.6359151018110185,0.11120299265222713,-1.9338867163053313,2.231867661094116,5236
4529,11,0.6368849039022939,0.04756560439602322,-1.0142479620025897,2.4050403225909083,5236
4595,11,0.645878206101879,0.10413034550335162,-1.9710637166359355,1.9799078682201596,5236
4616,11,0.6498956320237578,0.0936583269455549,0.10283548605148374,2.1599777596728353,5236
4627,11,0.6516430300777584,0.05701694085281254,-0.4704477967007402,2.759941166434132,5236
4742,11,0.6696923119402424,0.0766011623016628,2.4704821823448424,1.7909703511242907,5236
4798,11,0.6784529526321359,0.024823063592980702,2.009038587716995,1.2606123782438394,5236
4906,12,0.6992549490241189,0.09970601283457972,-1.6624217854791388,1.912783770640512,5236
4931,12,0.7070527120386412,0.07948727216410129,-0.38505795858026703,2.458280920754338,5236
4958,12,0.7137051572478408,0.0430708222401151,2.094749114333279,1.7140575031944296,5236
5001,12,0.7238043437289732,0.07145281051142334,-2.3452532137748934,3.0228836480019594,5236
5074,13,0.7470321667266572,0.08925735160028793,-1.8326410938372377,2.006640195029867,5236
5082,13,0.7502678604375139,0.04316289662394398,1.2120830328005225,1.706985108506144,5236
5094,13,0.756597276273454,0.06474122910811382,1.6299716253328902,2.203633245420642,5236
5129,13,0.7714013909797502,0.06307576453057662,1.486993778659704,2.837936902516895,5236
5151,14,0.7888172022978537,0.0681242846498133,0.9044931052593789,1.9822436381125401,5236
5157,14,0.791598693854798,0.11690192516619874,-1.7252666571270046,2.037791269030847,5236
5159,14,0.7932274938974999,0.060921382978453134,2.29923479104453,2.339780213364599,5236
5163,14,0.7960468412693251,0.035360236938684696,0.11831416515016811,1.2503077715560105,5236
5178,14,0.8057136867177211,0.03295585872062247,0.4605134470786154,1.923737169054522,5236
5194,14,0.819443807948685,0.035731953230872776,0.643165798463554,2.476239398199228,5236
5210,14,0.8386984470952492,0.054812702447714585,2.766420519441531,1.1701820914667729,5236
5175,15,0.8044548004470641,0.11117783742010716,-1.683120021636366,2.066751225973639,5236
5204,15,0.8313938422217503,0.05982984789046787,1.7258289347582445,2.3112860620822353,5236
5213,15,0.8435491048120255,0.05875430898223668,0.0460723207157539,1.5380594923144806,5236
5222,15,0.8581201415440826,0.06089273360621013,2.881541868693105,2.4018391571944204,5236
5223,15,0.8592202985836772,0.060075584742255966,3.1290839624751112,1.2437494447412336,5236
5224,15,0.8662099171426862,0.041578376106709294,0.2552920856965725,1.9453630757621163,5236
5228,15,0.8835603656216553,0.09482146026187305,2.7241333873858635,1.5501371939693829,5236
5225,16,0.8684952494770614,0.11498092271239396,-2.2402802595794533,1.9542571028449331,5236
5226,16,0.8707949719870192,0.11041898354371411,-2.345452243010325,2.2712747829785567,5236
5233,16,0.9016694702821494,0.08727057737052143,2.7325624198355873,1.4700690275199102,5236
5234,16,0.9064549940899101,0.08671690971334191,2.50681383330329,2.32835070214063,5236
5235,16,0.9071047751998814,0.079766519908904,-1.9320166558653928,1.5250438641980457,5236
5236,16,0.9425724757339139,0.03092265890281532,-1.7567005852948268,2.9710202553949716,5236
5237,17,1.0,0.0,0,0,5236
0,0,0.0,0.0,0,0,5236
1,1,0.06161693716516192,0.051955099595144466,-2.0119729435575504,1.100226511101062,5236
3,1,0.09580350720547137,0.05393455688336456,-1.833675979459251,2.4312164029153713,5236
4,1,0.10955220569251789,0.09706503600192742,-2.202870133137664,2.2532270320043444,5236
5,2,0.1107900719008511,0.07323985556869243,-1.4773021961388895,0.48849988474398714,5236
9,2,0.11891471155835776,0.06388238817297012,-1.7971168087719547,2.311332945634169,5236
30,2,0.1683714506566768,0.08211712025405575,1.2097655474721936,2.9031171181563233,5236
33,2,0.1717088666861517,0.12983362896728948,-2.503000227951655,1.860961258979891,5236
55,2,0.19940249893133455,0.1587587672686883,-2.4871618379789293,1.5348697711168469,5236
35,3,0.17379435591078118,0.07576818619519131,-1.161865636340482,2.348373665190962,5236
36,3,0.17527518685736565,0.06256721900830078,-0.13273669318219986,0.6153641471341238,5236
37,3,0.17667706259663696,0.10205582053468805,-1.5910613183605467,2.0474230583897897,5236
49,3,0.1941886306889674,0.08518715290171103,2.891512856002771,0.3724990239857085,5236
51,3,0.19541300875435574,0.14440518973555883,-2.2030131675895475,0.5839609858688666,5236
60,3,0.20578802522083883,0.07071883367593536,2.725051509102589,2.504319454643598,5236
61,3,0.20601035733251505,0.06107932297121345,-0.9568959213635448,1.736551610553857,5236
77,3,0.21735956681554824,0.09829627418214681,0.06218716161382857,2.6657123640707208,5236
89,3,0.221913858457228,0.10474219965387932,-2.334832756502436,0.6886923161562515,5236
98,3,0.22737231970730032,0.12468902016553773,1.2929819988004976,2.557293362450012,5236
101,3,0.22909517945768576,0.163336313078748,-2.5677917041761043,1.6515442054511595,5236
102,4,0.22962973430079592,0.054577386581097447,-0.3850008707449888,0.18988540418890304,5236
106,4,0.23045206211126024,0.08630543264338597,-1.9735922661487213,2.094379631038141,5236
108,4,0.23051985786853524,0.08400456192331625,-0.21430485088235038,1.3170394982890712,5236
131,4,0.24497880835710506,0.09872293714277705,-0.6341897091720351,1.2529508054421812,5236
137,4,0.2468741204673346,0.10875863329006992,-1.918319172388961,0.4219927548084365,5236
144,4,0.24901700187595477,0.09348293699837076,-2.380290773579865,2.3458756045743985,5236
155,4,0.25308044733837387,0.10517481962557484,-1.0222488830782974,1.0480202393377491,5236
168,4,0.25918088768614045,0.08438689822741793,-1.1373688918792484,1.2721835428315302,5236
181,4,0.26382556259602596,0.10457960482362098,3.1379708514754245,0.7479014611461648,5236
200,4,0.2682070220036732,0.1377721047955023,-2.4456263017695643,1.6930896391948813,5236
213,4,0.27264796326190954,0.06484210109606386,-2.503429537313212,0.6929053838846357,5236
218,4,0.27432764916753827,0.12295027452405563,-2.5515780130425454,1.7452503783313074,5236
227,4,0.2778870528050923,0.11893272463889085,-2.1004613212535275,1.2478175491640333,5236
237,4,0.2806127879797521,0.1081173445198748,1.6354749408179763,2.5766047756831654,5236
258,4,0.2878241051319118,0.059129205000169646,0.16284980050758008,2.426948834506433,5236
287,4,0.29512119302777107,0.11226218708494447,1.9948835290839042,2.466819542994169,5236
444,4,0.32551500824707225,0.1515000945138343,2.3734830869318992,2.4271605572099046,5236
322,5,0.3022589544195253,0.08597784257775976,0.4597598138043996,1.8182863377322538,5236
392,5,0.31672558547875884,0.13153732378825525,-2.301987889335461,1.718422648273152,5236
399,5,0.31760745499991216,0.055365231417746616,-1.0135004563456698,1.5872193150927394,5236
404,5,0.3189849902094164,0.11438172397476211,1.4070913300738246,2.6661419240953355,5236
510,5,0.337206199147692,0.05298639689025684,-0.6891841013477898,2.8484393765154774,5236
577,5,0.3477073422090464,0.15424083146164477,2.222960436675315,2.5296541157726886,5236
595,5,0.3496938113036896,0.12216120456143428,-2.443736715997841,1.1357927261378051,5236
724,6,0.3656556827633327,0.06222898584698044,-1.1272305438153887,1.4473799215713345,5236
849,6,0.3788029109670995,0.002941771207626865,3.1011792785402954,2.504709077257296,5236
893,6,0.3826149206090429,0.10089371704053086,2.397164298769769,2.5170743179396404,5236
904,6,0.38378293400778307,0.03920507891030529,-0.3353112932631298,1.9153592252023999,5236
996,6,0.39464350732026865,0.0972408665048216,-2.261849136670242,1.3284367122153409,5236
1448,6,0.4300769778497966,0.12814190669330033,2.628252597410783,2.1216107781456897,5236
1431,7,0.4289862790450335,0.04640871998040296,2.4426557772447857,1.4937317190757282,5236
1495,7,0.43356287907747504,0.06477303961928892,-0.33637609430905707,1.618108125199813,5236
1559,7,0.4385282105522462,0.08046204563724195,-1.904307041994855,1.1797980299159052,5236
1882,7,0.45964005195119095,0.12343359671060487,2.5362307027576136,1.9571696113144683,5236
2303,8,0.4843536448056083,0.03445361788063108,-0.29696109576802715,1.898580213310128,5236
2429,8,0.49104677146900355,0.05914604421187273,0.28865018485592214,1.4231385767613498,5236
2471,8,0.4933932791928838,0.1385480812277951,2.5180758794641886,1.757345987925718,5236
2675,8,0.50297530119628,0.07706989160290777,-2.013574174382608,1.3718055882009932,5236
2679,8,0.5031108754643099,0.1047446421908533,2.6046047000626666,1.9814623158708689,5236
2770,8,0.5073639941652887,0.09186424152925135,-1.755200184097499,0.9804231370743629,5236
2870,9,0.5118911584683644,0.12351821210541904,2.4853875116403037,1.759496529909986,5236
3215,9,0.5305930267996363,0.03186862276559041,0.47999654461334557,1.009075820069879,5236
3320,9,0.5368752069189376,0.09185897888328677,2.605391515671407,1.997330724819301,5236
3462,9,0.5455118237675274,0.07962757786658664,-1.9398288485985957,1.177866606367225,5236
3711,9,0.561381748321743,0.07823061967318798,2.19177688999122,1.6693373200214285,5236
3597,10,0.5545236635888222,0.10466858369691763,2.3056429240122163,1.836436431598087,5236
3854,10,0.5712509140354775,0.08792948055269809,2.331178662216429,1.8684290344786398,5236
4182,10,0.6003425320125593,0.03125231408593495,-0.27798587176044265,2.477691026100614,5236
4371,10,0.6200666839146994,0.07918033574418047,1.9818407415180872,0.8023282345250689,5236
4391,10,0.622276986422437,0.052560767078230805,-0.8485180180823338,0.7773769202884507,5236
4463,10,0.6320161631170423,0.024922304644190967,1.6350145360621788,1.1142511789878438,5236
4252,11,0.6072123286798449,0.0823029811862369,2.2366210738542573,2.0594905348459003,5236
4550,11,0.6431884248784427,0.08731384867709373,1.7384651384915746,2.5078693886801986,5236
4753,11,0.6732893259404041,0.035538572431972226,1.7911650527487264,0.3883518840725798,5236
4867,12,0.6946641535314739,0.053148396354116015,1.642663546782354,0.1150826709641776,5236
4874,12,0.6955372604331013,0.08034779570589647,-2.8040624740334184,3.0235628351858965,5236
4993,12,0.7267943498413786,0.09874482844276526,0.010861953257497784,2.628600038710659,5236
5057,13,0.7460529984893808,0.07866715365013877,2.7191220424692832,0.45165626930988645,5236
5143,13,0.7818193407010497,0.07516802884407668,-0.10116285017999593,2.180709211014489,5236
5164,14,0.7933374662068843,0.1073323070235857,1.6137589692476875,0.2815966328891811,5236
5187,14,0.8100203897476547,0.07108248594696222,0.17060553144286814,2.115874039156092,5236
5210,15,0.8435382291449974,0.08497614488784912,2.5409365810347144,0.05911325488025151,5236
5212,15,0.8465278140366393,0.0400049871406134,0.09113946608338024,1.8401123476969494,5236
5232,16,0.8958331599076766,0.08722038400177383,-2.870348576448646,0.16084776923833097,5236
5236,16,0.9038373785069662,0.049091448594338206,-1.0855646634288,2.033222944578635,5236
5237,17,1.0,0.0,0,0,5236
0,0,0.0,0.0,0,0,5236
1,1,0.08926182754704459,0.0685459776356469,1.42741123337061,1.6610691094911847,5236
5,1,0.1098188611157227,0.09573906681555167,1.289346115710026,1.7249055508188647,5236
6,1,0.11180052363835102,0.09990865202428402,0.8857797315173318,0.500532773924557,5236
17,1,0.14010302020704535,0.13139178025510545,1.351092648451684,2.0432136571779522,5236
21,2,0.15441304910034737,0.06376541363415486,1.5815218756532057,1.5293889305682584,5236
31,2,0.17177499653941342,0.08608853347229073,1.0972711294929238,1.8489053481235929,5236
36,2,0.17771318735531583,0.1589015147151705,1.0079256761903717,0.6322976616781663,5236
99,2,0.22925884770879534,0.17582564332441306,1.5277604384471244,2.012279275259637,5236
84,3,0.2201297017909064,0.09474989999020056,1.2628067996538528,2.205486431425537,5236
118,3,0.23705330641629874,0.10290091649819005,0.9993742533772351,1.7137280929742869,5236
192,3,0.2636523503988796,0.14040681782253453,1.6975064662511743,0.7952927417280293,5236
209,3,0.26878937682918147,0.15409691295194602,1.6892806122896784,2.1161427376791275,5236
223,4,0.27280489778017025,0.1081759289688341,0.8726512299101404,1.446037085566567,5236
355,4,0.3069106939860584,0.14966977174833593,1.9194830808213623,2.2062331626194482,5236
523,4,0.3336923245221898,0.11358248424151512,1.5816217274986721,0.9075990939869775,5236
672,5,0.35749499963495224,0.10329266926482503,1.420194682765612,1.0480426070000288,5236
903,5,0.3837167154570279,0.2080254863501153,2.0039323341682334,2.148925062009626,5236
1172,5,0.4084075136848332,0.22382643571681904,1.5750879919233587,2.025918246416297,5236
1078,6,0.4012134910236913,0.11516831016238459,1.6001213462779067,1.041354082685485,5236
1563,6,0.44161235028732815,0.241695707983088,1.5819782202439256,2.119373498927797,5236
1757,6,0.45551279480364193,0.26926620576111604,1.952292015740953,2.1254961397797607,5236
1571,7,0.44234708473540674,0.1081285652436994,1.6125540254868864,1.2530543278858024,5236
2315,7,0.4859547416460066,0.21176761547899525,1.7345174624576125,2.109628127643228,5236
2544,7,0.4988203411875065,0.19274009183026847,1.578902317569243,2.149694549618468,5236
2892,7,0.5149433990341331,0.24072550399611242,1.7202178865265843,2.140850564610093,5236
2290,8,0.48499218208088535,0.0874296726815877,1.7897424055755335,1.0035732970124662,5236
3456,8,0.5461985062730821,0.22261003238369775,1.6960823601636579,2.0836121289116467,5236
3781,9,0.5714856267599009,0.20515006934426572,1.7413272142964047,2.0386842563273992,5236
3896,9,0.5811819547070192,0.17478349313123687,2.0234929727757405,0.930661560932233,5236
4193,10,0.6075888696278755,0.19948380730232962,1.8211612745906842,1.9592021312662573,5236
4340,10,0.6200622218075958,0.1776353804749643,2.090186692376669,0.8147794621529987,5236
4473,11,0.6333425056392407,0.2161727648405298,1.8309129437126026,1.9709245609867871,5236
4824,11,0.6856744639717848,0.14002544883580642,1.9653073546157103,0.628510036460635,5236
4795,12,0.6806718070474771,0.19556402601036332,1.9331914476068244,1.9679140509391224,5236
4960,12,0.7171737248152454,0.13100958794250667,2.055217849323759,0.5015802287499057,5236
5110,13,0.7668834838333558,0.13421638749806006,2.0294977628792936,1.820268298398168,5236
5116,13,0.7693716450930842,0.13615333339899635,2.7010628958156393,0.3498730793482413,5236
5118,13,0.7699237293602255,0.10596091366124805,1.4703304114039508,0.52508476937636,5236
5122,13,0.7716216121633102,0.12849404121010943,2.5049339802708412,0.1725747720193333,5236
5134,13,0.7768990866976687,0.15276620036193245,2.933048446315294,0.28721884336567177,5236
5143,13,0.7843429316924178,0.1262107838266353,2.5720993934961323,0.8198302654630523,5236
5154,13,0.7910252190468567,0.14663952121909488,3.097411735184583,0.36839175712930805,5236
5206,14,0.8360279996888333,0.14458403299181902,2.804899529377863,0.49403159531430424,5236
5210,14,0.8397139024953111,0.06687188091210114,1.5496049503626037,0.8287735850451448,5236
5211,14,0.8420380282215066,0.09212012746519682,1.808668353174699,1.469482359625071,5236
5222,14,0.8554679733453971,0.11520091590055227,-0.8812895091170431,0.3020665390875225,5236
5224,14,0.859486371522394,0.09888007407927633,0.28547240841255045,0.4110885830571111,5236
5226,14,0.8624688786656809,0.08586340227955384,2.5602788277343467,2.259156322751444,5236
5231,15,0.8808924096779239,0.07921268305748404,0.8922218564409812,0.7338182684526552,5236
5232,15,0.8892458246067328,0.10374638037766458,2.417165939989238,0.5028446223471995,5236
5234,15,0.9246048327529843,0.03892937168728826,2.602662692345856,0.6250153332347648,5236
5235,15,0.9333357879028175,0.05870695173805951,-1.553380008326799,0.2685470563754374,5236
5236,15,0.9344442033880126,0.055532238101432096,-3.091997329514245,1.680735076858776,5236
5237,16,1.0,0.0,0,0,5236
0,0,0.0,0.0,0,0,5236
1,1,0.08243250725448992,0.07202764056135715,1.682281309993187,0.6613557510799768,5236
10,1,0.13965529995797443,0.11557295636038155,2.0122774513414137,1.8279490447556022,5236
9,2,0.12943912113850486,0.07563963451877098,1.357920227067231,1.0415826730263218,5236
66,2,0.19658369830857914,0.13006722414758176,2.194810831376507,1.7375715741038265,5236
17,3,0.15890013817202986,0.10264023840736915,1.4179034708265974,1.046019244559635,5236
137,3,0.24258522270353822,0.15796275959101308,2.179467287048311,1.5156180514904556,5236
112,4,0.23191293080408892,0.041875524623554025,0.8809600520011327,1.3209636648928433,5236
195,4,0.26348708672444776,0.1585831151747472,1.821727367964759,1.3330489386689663,5236
227,4,0.2721991336801506,0.1451083532201893,2.1206322532612796,1.59973743991338,5236
279,5,0.28547827830159034,0.06267138161196217,1.4941681797557436,1.8923185790988966,5236
302,5,0.2890827300978246,0.1432252233617668,2.146735764791048,1.5415948133121269,5236
465,5,0.32595495829982235,0.19201657806100855,1.7542294275489239,1.4267417174068673,5236
406,6,0.3138879075451795,0.14905036590854734,2.099800397577239,1.6537468674251,5236
559,6,0.34112869355469155,0.0550523071672607,1.8407274770438151,1.5802395088695793,5236
567,6,0.3421419183009523,0.0689178587090649,1.39597483478319,1.6548833793675877,5236
635,6,0.3509217844958543,0.20228955376076962,1.7132105100021793,1.373134255204812,5236
709,6,0.3596146911070247,0.021873871635963278,2.919208361722022,1.8360122406718844,5236
818,6,0.37199875448016784,0.211887235781454,2.1273102636560735,1.2789044449479052,5236
901,7,0.3806092348497625,0.1605964444009249,2.113660754175051,1.4065285852929874,5236
1036,7,0.39440364312145715,0.18080178690302895,1.7478505958731578,1.4709002087998044,5236
1037,7,0.39443972861317933,0.07386485422844295,0.8295382675660781,1.6914519796592873,5236
1043,7,0.39507668322939504,0.18631459294118696,2.412037351212538,1.8451591260414204,5236
1149,7,0.4046511172703118,0.14330405800554646,1.7184027804568753,1.6727519393798418,5236
1203,7,0.4109663938116245,0.20166616441850596,2.041093082952012,1.4662895766119246,5236
1337,7,0.4224581445705854,0.22962233306872562,2.0996698444235373,1.4563016717777508,5236
1371,7,0.42551104967127495,0.056243853581028146,-2.622389634240843,1.0864393227330529,5236
1381,7,0.42624313419521276,0.09603389962078884,2.3258507129369344,1.6041088721713224,5236
1482,7,0.43509198226204904,0.06162688764703631,-1.9037254867415971,2.202529175934883,5236
1596,8,0.44289717262584694,0.1968435394616676,1.9238036645798746,1.23359417672351,5236
1728,8,0.4520510192098568,0.04225182452501372,-2.974654868632671,1.3284443451752588,5236
1854,8,0.46004510753807626,0.148494779898002,2.5301483005182086,2.122909500548654,5236
1868,8,0.46081272587493605,0.07094587875231523,1.6419616895124294,2.2128461663526404,5236
2011,8,0.4690004289418779,0.10466815902594814,2.5379527637550843,1.433192726404029,5236
2363,8,0.4880927720157522,0.0678674707040773,-2.4723345744681686,2.247429321148884,5236
2617,8,0.4999156465593936,0.2093858436029263,2.067301813762781,1.7206936123016026,5236
2668,8,0.5025160424098373,0.2190911524957118,2.2483669991339217,1.67772422722581,5236
2502,9,0.4950890877497267,0.1514897922517246,2.343011380058112,2.2120010433658406,5236
2817,9,0.510303847662895,0.20695973702873846,2.0723791416395323,1.435022570423415,5236
3216,9,0.5305856691859799,0.06941549556556027,1.8473318158231051,2.282116623926257,5236
3432,9,0.5423367511526679,0.10476342260067824,2.6393215746847245,0.8733430380754063,5236
3434,9,0.5424368816685863,0.09476286580466133,1.9324557781199938,2.402117397265516,5236
3519,9,0.5474957300270669,0.11221874523180167,-2.900413038142048,1.9677818420851698,5236
3523,9,0.5478575659738915,0.2295837362875145,2.0785211821370284,1.7273836487122662,5236
3623,9,0.5537128732633347,0.10210996167592175,-2.6275838628845345,1.5035032680825025,5236
3770,9,0.565232163276216,0.062185114185212734,3.0910109975078637,1.9849483261357257,5236
3960,10,0.5791325893808438,0.1338650944062324,2.796017592997958,1.8305311486106293,5236
4004,10,0.5821986263357702,0.14512605894443875,2.5191882257426284,1.6757238864568544,5236
4035,10,0.5850817855102611,0.10888949642995187,1.6460572889397007,2.5571144856473556,5236
4057,10,0.5863230796004997,0.19913820137264454,1.978365797072599,1.700505883337638,5236
4363,10,0.615481978786758,0.08455916677446207,3.112082018491104,1.3953152649446232,5236
4501,10,0.6324939333775128,0.15644381274847083,1.4638353879784651,2.240002382170474,5236
4391,11,0.6185179460069652,0.1496086997398524,3.0236755058650013,1.7272235683405963,5236
4461,11,0.628286270455389,0.16326614108279627,1.921041135944176,1.7474806695940077,5236
4708,11,0.6665029655985444,0.12842513524890473,1.3221132929965507,2.3107312426007236,5236
4810,11,0.6820371140579009,0.08625251521477756,2.8533132282853817,2.5931619285107206,5236
4818,11,0.6829614415851953,0.06965441019166016,2.6122950638523137,1.8713427824948456,5236
4926,12,0.7054113838836594,0.07629356181940398,3.0403922627414377,2.042215488870175,5236
5057,12,0.7438879170768048,0.07340443894352441,2.094761275608656,2.3284347657385247,5236
5138,13,0.7896022804362745,0.0576992266352617,2.8332852085646487,2.1013427981237864,5236
5203,14,0.8413798413137553,0.0412444647623187,2.8153986079933238,2.0604971176145273,5236
5227,15,0.895311298516187,0.05231613522097943,2.1995371349022634,1.9106784858566102,5236
5235,16,0.9324433237359576,0.0613109113771018,2.2171332686802803,1.55311939723204,5236
5237,17,1.0,0.0,0,0,5236
0,0,0.0,0.0,0,0,5236
1,1,0.07066067114895525,0.06637339028063269,-0.0750705752370409,1.1393842518301796,5236
2,1,0.07684059413663846,0.07198380036259439,0.5567727157934427,2.116630437571702,5236
7,1,0.11733688526471409,0.11025290802857951,2.625483314477345,2.253324436188336,5236
47,1,0.1747737060002731,0.13504585821956192,2.717938245400406,1.5593020205618497,5236
19,2,0.14853116253275955,0.08115845376048805,2.7430158472923556,2.320675657597164,5236
20,2,0.15155701348005668,0.02077985472318244,-2.360966418307475,2.8845520916740015,5236
30,2,0.1608083665722001,0.03774478515901366,-0.015447577222282136,2.239628687376691,5236
89,2,0.21113547565248825,0.12874426866847144,2.8694706642673955,1.4683115736055559,5236
74,3,0.19874487581233735,0.03305479524608727,1.869230647144533,2.667572572839979,5236
80,3,0.20412842134318288,0.08024542257550721,-2.700135550311389,2.272056673257398,5236
86,3,0.20772759901080073,0.041134203800569216,-2.9672292336857335,2.0299224755884286,5236
105,3,0.22648382129995137,0.08211583359402475,2.800449483784135,2.3346177206604124,5236
129,3,0.24040184496034478,0.15181506653634363,2.8635752985930916,1.457178047910148,5236
213,4,0.2738208959026154,0.0756079618609961,-2.6965744884570126,3.0557206442589533,5236
345,4,0.31041849573198543,0.18761159867235144,2.917121209401283,1.6113658204792674,5236
397,4,0.3221734732275682,0.04104995170113738,-2.1704251294699377,2.0000739915897383,5236
476,5,0.3350071998121198,0.09456140698692518,-2.0138874946490395,2.4875913553697515,5236
590,5,0.35188841947743854,0.05755505434647179,-2.281824384169014,2.0558501891097873,5236
598,5,0.3535115548279054,0.19764495489602793,3.0370744868994892,1.5545290634187936,5236
852,6,0.3827834556540467,0.20551136979969079,3.034937287459286,1.6352717845525957,5236
873,6,0.38475719423498866,0.09577766244011772,-2.46720583999234,2.408354278744833,5236
1008,6,0.39759027365882305,0.06690177854164182,-1.5407484381120609,1.9445464037833684,5236
1069,6,0.4030086643916654,0.135860584721904,-2.204077061815843,2.9532683217741442,5236
1171,7,0.4113427430986455,0.19526682867457784,3.1330423323312373,1.6054180009687282,5236
1296,7,0.42126583795030126,0.08009181239879144,-1.8185795908524274,2.034456997388722,5236
1602,7,0.44401989883684434,0.11900848862949073,-2.176818766041865,2.931315075040742,5236
1683,7,0.4497411919110874,0.12628029970807847,-2.9198449449672994,2.1799871811212226,5236
1704,7,0.4508388754017034,0.21478695643811901,3.1025952895348925,1.8170920652670854,5236
2256,8,0.47925997028614686,0.18114668631523947,2.952296279659559,1.511772248506573,5236
2273,8,0.48016022595496166,0.11769318908999736,-1.633992915326523,2.7367215022288427,5236
2366,8,0.485909419443297,0.07427658242700252,-2.6499321143600882,1.8751664896276123,5236
2443,8,0.49066802967103806,0.25398358502800905,-3.0300779546674534,1.4880367606690081,5236
2878,8,0.5120562729431087,0.11847751621360594,3.0009313358160634,1.9019025565063896,5236
3246,8,0.53339511391554,0.16533441461535944,-2.859650343863159,1.9248258438175951,5236
3318,9,0.5381091321905982,0.06968692754766989,-1.5036437610095903,2.446450464818494,5236
3439,9,0.5445024870466858,0.09503745483315382,-2.197641692294386,1.869762895707178,5236
3524,9,0.550083919357085,0.23516626383201347,-2.9287198306214437,1.6277522663029513,5236
3582,9,0.553451647696732,0.1623695333666632,-3.1389221430451872,1.559394210523496,5236
3615,9,0.5561989331545455,0.10000948708170634,-3.104861086991707,2.1589765919784476,5236
3725,9,0.5643999120127692,0.24553068925533805,-2.9796162847677543,1.683742164946604,5236
3757,9,0.5674146081488072,0.141194108430872,-2.9468710813694687,1.8830326197262988,5236
4060,10,0.5899907452800948,0.2406928981797321,-2.9209249041108487,1.7488025884105287,5236
4197,10,0.6028927550203445,0.057649575858003246,-3.1206029563246744,2.1190379836281563,5236
4325,10,0.6154822289902857,0.11475272511107883,-2.9963700382504848,1.6810077314701843,5236
4479,10,0.6320358547091814,0.07092404632959749,-2.3833630436822952,1.3646332220816197,5236
4459,11,0.6302313059922685,0.22448517247715077,-3.0335403938814816,1.8166450200341524,5236
4595,11,0.6466835571160873,0.1448563173560911,-3.0172346731847006,1.7368088225835043,5236
4597,11,0.6467389451526825,0.053766823130867225,2.560330521057464,1.9830793314203485,5236
4870,11,0.6919853917887782,0.06105838919741091,-1.464331533090036,0.9831135273899861,5236
4865,12,0.691093076796865,0.15760580109841066,3.1401321749980036,1.9574537867365787,5236
4891,12,0.6955266707736293,0.17942554898846516,-3.1404409080397686,1.7988019568744946,5236
4970,12,0.7183937479880537,0.06042910659120678,-1.3937564828855744,1.3966310460993536,5236
4990,12,0.723964879896872,0.08531890277383618,2.302807129998557,1.2719933979231772,5236
5049,13,0.7421345364721389,0.1448190953571631,3.047192856203593,1.961512141756616,5236
5125,13,0.7719422833332652,0.040277051499111614,-0.6775609810249232,1.797104236975318,5236
5149,13,0.7811218005472934,0.08364647107838677,2.4694183057810606,0.9001576057839906,5236
5120,14,0.7687325851535942,0.16574702571471472,3.007990270834341,1.9965827113613808,5236
5191,14,0.8203493280024788,0.06035066460655758,2.6531234455804578,1.2700313990632264,5236
5193,14,0.8257805783279063,0.04192742283354498,-2.020054326171878,2.0505457155840965,5236
5205,14,0.8382126835264059,0.07529936062103999,1.6554947105097726,0.347116124194285,5236
5212,15,0.8511978503122185,0.05728520394319039,-2.3897338235752605,2.111189835013605,5236
5216,15,0.8661052813700497,0.0640801433000348,2.2634215738526726,0.9978917102587311,5236
5221,15,0.8715253188001266,0.07115658852326152,2.746650790797646,2.2292408685791223,5236
5224,15,0.8744833140963543,0.058451761611714066,1.4938783090914904,0.4091314007703967,5236
5234,16,0.9239843368688962,0.04813555468645513,-1.0537684140966515,2.5266639249613037,5236
5235,16,0.933203131554586,0.05297153320385268,-1.16594732748242,1.151055957539223,5236
5236,16,0.9538085694650732,0.011683232476753158,-2.304733047167221,2.009297383593145,5236
5237,17,1.0,0.0,0,0,5236
0,0,0.0,0.0,0,0,5236
1,1,0.051716556454517115,0.04181209773985767,-0.11746569229080338,2.607399705400155,5236
13,2,0.14472669483713507,0.05621562132197119,1.0032690493854128,2.0002904301345517,5236
45,2,0.17764944487415713,0.13248537477218722,-2.8257567393818,3.100536282872004,5236
51,2,0.18331837416871655,0.13975894229178076,3.1280821888684525,2.8102045462815584,5236
104,3,0.22111323586582665,0.13027230527505873,2.618942591154385,2.9322926634923903,5236
106,3,0.2218183918119807,0.09476936956865646,1.482242207621074,2.677046340526121,5236
236,4,0.27889950811632114,0.11283402755048572,2.5918925995985482,2.6874208899436214,5236
516,5,0.3332225147322093,0.10085369518071867,2.5685865259564316,2.3274175385694766,5236
992,6,0.39063002049717,0.08629272746793618,2.196496453898272,1.9704682899519257,5236
1416,7,0.4264839554768193,0.09846552116183258,2.129488347618118,1.870839388467999,5236
2278,8,0.4816808646392762,0.0688663266457508,1.9163959935228836,2.3432928567131417,5236
2980,9,0.5183096014351714,0.08170414002487728,1.8700715919728232,2.4279493274981485,5236
3455,10,0.5468725500458066,0.08925282940833497,2.3249015018351336,2.5627588328904922,5236
4157,11,0.5988475320287152,0.10233146459415976,1.9013657038022203,2.7110319466909063,5236
4280,11,0.6112361526194006,0.12265207340600834,1.7958424077985276,3.048852266433299,5236
4326,11,0.61733480749931,0.10775700152920664,-3.074111437344581,2.5382070453612284,5236
4768,12,0.6757700085597756,0.11421504931134673,-2.6983638736291717,2.801322546192276,5236
4951,13,0.7131340479010911,0.11876469912287779,-2.3421798031631513,2.5276970900491267,5236
5051,14,0.7445684015010839,0.10553934604638363,-2.4919470849882845,2.667615292561724,5236
5094,14,0.7594503797599634,0.126576912789706,-2.900615359885718,2.760203500816456,5236
5124,14,0.774145805624044,0.12746343096163243,-3.1091191737473776,2.427406442045208,5236
5189,15,0.8234633275188868,0.10524246618269256,-2.7081528299278834,2.6192688910782196,5236
5221,16,0.8732396430343966,0.10053292133796278,-2.4621224325411832,2.294857081086169,5236
5233,17,0.913287460677187,0.08398611180742904,-2.0807202436172005,2.0637731977435627,5236
5237,18,1.0,0.0,0,0,5236
0,0,0.0,0.0,0,0,5236
1,1,0.08611635070407753,0.06746573329844359,0.08610668495189065,0.6225586376935006,5236
3,1,0.1031225621057017,0.07699937338373662,0.5321983560687764,1.9893566923015407,5236
5,1,0.10784399858890348,0.081235315331516,-3.068339476962203,2.772385058385409,5236
6,1,0.11454173419812863,0.10029973012987967,2.8739946072633087,2.6852506307175537,5236
8,1,0.13125763172996074,0.07517106952956303,1.331372509691685,1.305856020504299,5236
13,1,0.13652419858783138,0.03852275289218025,1.2652620167287696,1.3845161005834903,5236
50,2,0.18518674604595164,0.05780723793943836,1.3231650486320499,1.6217889120255244,5236
73,2,0.20887705826451364,0.069507789591031,2.511920688833034,2.0956687551832207,5236
96,3,0.2222512938764516,0.07072923273505366,0.8840346759534656,1.7455169411093978,5236
214,3,0.2645854999509686,0.06008515133020895,2.9966838656427637,1.5555964350006313,5236
182,4,0.2507964485873445,0.06627143961218085,1.1281563187546209,1.5654146122866972,5236
359,4,0.30166490859797457,0.07970466179245221,2.9004936372496943,1.420704346485859,5236
411,5,0.3134292269907496,0.08224285917101057,0.404651695707445,1.5587899124495417,5236
613,5,0.34909871790590385,0.09948483275445964,2.8423002634590384,1.7020940363571575,5236
752,6,0.36684936704875093,0.06786830133688906,-0.09604204711273648,1.7155423276092412,5236
987,6,0.3931995324597627,0.08989895903736164,2.842882404691001,1.577817000267103,5236
1260,7,0.41852434563865104,0.07570703948883704,2.6506927913839093,1.7142815319891678,5236
1334,7,0.4243958557155929,0.040586284788379175,-0.5761208827224444,2.594975567936229,5236
2519,8,0.49566291491060177,0.03929912417412033,2.273847989954327,2.6540310473082145,5236
3264,9,0.5368749200299314,0.057484706433049385,2.623778823827962,2.7567305389236827,5236
4051,10,0.5909186642610282,0.04266186366213065,-2.9876535427054725,2.0256073127349743,5236
4385,11,0.6236644158099709,0.019945712941563155,2.942846999029973,2.574687527065916,5236
4753,12,0.6743740018618715,0.03671676309671344,-2.780994104268003,2.345586807914629,5236
4971,13,0.7145202220730158,0.033905653545843926,2.578295860766163,2.5174206423449963,5236
4977,13,0.716426032378012,0.028778370769227117,-1.6306832930755308,2.0026467926473632,5236
5065,14,0.7447651679325614,0.04189273228171755,-2.322148430597943,2.523070003527555,5236
5175,15,0.8026523821523776,0.025251016707106985,-2.478870276033675,2.472644721849173,5236
5186,15,0.8136904390487968,0.040628506750921375,-0.1782012021779427,2.072521167766731,5236
5220,16,0.8630860856316903,0.04330277785839951,-0.9285835122992869,1.1881643428237743,5236
5236,17,0.9191864924514683,0.025741221003228416,0.6776194731804875,1.2126448428103813,5236
5237,18,1.0,0.0,0,0,5236
0,0,0.0,0.0,0,0,5236
1,1,0.07927374789138775,0.06270264684348988,0.1870488617380066,2.8690480360420745,5236
2,1,0.09384340286633708,0.06842263940784707,0.21747074976088843,1.2886248831177625,5236
3,1,0.09825979098949722,0.08032873127637646,0.07539317554848181,1.1570382775214445,5236
10,2,0.13331138034898637,0.07486294287507028,0.2645523483029968,1.4328452778193872,5236
12,2,0.13890141680719748,0.04190080445853772,0.7899927767998947,2.0895029309783153,5236
27,2,0.16258512469497266,0.06961879722335813,-0.28265154297044576,1.782183744604813,5236
83,3,0.20958016853592054,0.08578775638448098,0.8725307950753491,2.194275352975546,5236
137,3,0.2380324279820416,0.09506955728138743,0.33706579387582336,2.1676388181149226,5236
299,4,0.29001870331401747,0.12199225714641766,0.06929341977587873,2.0779155664881968,5236
349,5,0.30166613151786426,0.12451564122120704,0.11096130876007806,2.0295584999219938,5236
507,6,0.3307026222362397,0.14766086222237831,0.07680092169746001,1.9736117610443917,5236
767,6,0.366346154930578,0.17305757838462876,-0.1978478673137409,2.129394676738805,5236
1000,7,0.3920173629488303,0.1542770657158356,-0.19157030538829276,2.0558952197117195,5236
1542,8,0.43810035887783616,0.13799708544264125,-0.36267975951063613,2.0529152603559986,5236
2414,9,0.4906496812905744,0.18209347775925816,-0.31489607743894893,2.072882690823298,5236
4023,10,0.5845599099384308,0.13890131939577705,-0.13277115174337273,1.792190149607001,5236
4646,11,0.6534616664937828,0.1422556331522142,0.21626735293578125,1.5624689323975727,5236
4748,12,0.6684901701383644,0.13588636720930278,0.16227330339070314,1.6138507602817536,5236
4969,13,0.7112382906200823,0.1499004648297103,0.4137885719813791,1.642944524620229,5236
5061,13,0.7449450536418195,0.15492524787932024,0.043125177827534444,1.2085145560562516,5236
5124,14,0.7675608678770677,0.17241262026278076,0.11250361530732003,1.1634038412546874,5236
5194,14,0.8241580376837419,0.0763079827784656,0.9435831316055483,2.1085593615452374,5236
5196,15,0.8278132038629941,0.1329245547230277,0.056709012735518954,1.3812487396605577,5236
5227,15,0.8836212193814654,0.057305863841929254,1.657847716759752,1.6712840920166296,5236
5226,16,0.8825908261707701,0.0965093814312256,0.08352488986966969,1.7070983737982046,5236
5235,16,0.9267871408588262,0.04343067293166695,1.4621291904825096,0.8670651723030156,5236
5236,17,0.9736713340395508,0.021835755023878717,0.29153403018235324,1.5830943064052814,5236
5237,18,1.0,0.0,0,0,5236
0,0,0.0,0.0,0,0,5236
1,1,0.0805829646985734,0.05859517605522376,-0.11001522188574958,1.8683129780305359,5236
8,1,0.1110709961442824,0.11086824519850716,2.6331748416086693,3.0290756461820703,5236
11,1,0.1275707565756844,0.08869718738919806,2.5594756494818864,2.312921039873881,5236
32,2,0.17050008962476704,0.047654665730046536,0.5355946602602014,2.6104260929359797,5236
39,2,0.17722105729040027,0.0958090771648175,1.9489171281519764,2.6979644464091717,5236
107,3,0.22262637910110072,0.06621367786997563,1.9367469576363974,2.6782618580741984,5236
176,4,0.25487455659666103,0.07757230012656913,1.7077479290188515,2.7838325951300034,5236
291,5,0.28871192602616913,0.09045902872710532,1.7647187067370618,2.578965845127093,5236
543,6,0.3383100945160229,0.061329619183165825,1.3783595681991703,2.7339998294644126,5236
979,7,0.39481112329504275,0.014385636681398148,1.0846246010965883,1.7133836074561435,5236
1471,8,0.4355244360463746,0.046077831507072065,0.717453246565674,1.9826988827645717,5236
2912,9,0.5178890543574174,0.11316288883973696,0.9178383438366593,1.4777282019959703,5236
3978,10,0.5831169280572215,0.11241090280685576,1.0244024573976935,1.7232009095281038,5236
4292,11,0.6133472725308944,0.1236135661995439,1.1991599457948465,1.7466668374971004,5236
4431,11,0.6283756463154748,0.15578415443931884,1.0954682829129616,1.7408375007740384,5236
4719,12,0.6701235529519269,0.1172344743082321,1.0488220155071029,1.5133765407392161,5236
4796,12,0.6854919411637577,0.16765582534909199,1.1946527348297096,1.5576664960292448,5236
5128,13,0.7806173087278698,0.09448718201454266,1.5762838706437003,1.5656940624271602,5236
5193,14,0.8209182494851519,0.09365530026541372,1.771354630501106,1.4182328999169191,5236
5217,15,0.8535167800642244,0.10134242264850568,1.7572965277343042,1.4594426363394188,5236
5223,16,0.8752451546008309,0.09421988957440483,1.938895911287756,1.4801682941993761,5236
5233,17,0.9145352242637279,0.08065649893952673,2.177047687593619,1.6331500118045226,5236
5237,18,1.0,0.0,0,0,5236
0,0,0.0,0.0,0,0,5236
1,1,0.033112356586100566,0.014601871609325417,-0.03530880080276474,2.9253409224829254,5236
2,1,0.061161874833117524,0.04305656086895373,-2.9594699847146866,1.4656609857978495,5236
3,1,0.0669280491671348,0.027772479401930773,1.8021383270984062,1.249428103542301,5236
5,2,0.08684164109622616,0.05115045844562191,2.928752477999697,1.2127927657631568,5236
13,2,0.11659790843591256,0.05002298439775814,1.74843546965423,1.588546640772873,5236
19,3,0.12721676663095693,0.026750046612479438,2.697932263791065,2.0353061736057985,5236
45,3,0.1616507480639876,0.058503982778394796,1.4391526700854578,1.280735887528328,5236
51,4,0.1670576738459978,0.031223305469683625,2.64808187716187,2.6632286010509754,5236
98,4,0.20545285123150403,0.09031886187564409,1.3352603271027408,1.353828845679957,5236
114,5,0.2144313005946017,0.06038766640800928,1.5277493419306925,2.675627167750717,5236
125,5,0.2256578066999888,0.09153009296773597,1.344396090172343,1.180135600783966,5236
156,6,0.24237284306021245,0.06085291666878817,0.8008726463679955,2.507053443154764,5236
288,6,0.2844025274865699,0.09128637551009966,1.6632847318963193,1.2727929105497382,5236
447,7,0.31849837876893805,0.03659793931950973,2.5521211576048173,1.9552933958578222,5236
518,7,0.33088567583565864,0.11449750034647325,1.8947340106080293,1.2644732408956896,5236
551,7,0.336933331734538,0.07444651744839696,2.621903625101112,1.8602718165560264,5236
844,8,0.3777508813967818,0.08838218480120852,2.5760561450571204,1.6171248570235424,5236
1019,8,0.39597838621127,0.1330018783893169,1.7832259948917204,1.3416762279353078,5236
1421,8,0.43268276465883315,0.14715712311038073,2.4517593911455573,1.0145566166505142,5236
1449,9,0.4352775210260247,0.16143242555735518,1.7784842190718695,1.2649140924340103,5236
1689,9,0.4503988651100439,0.09925538378026932,1.569338079367502,1.3322993969665646,5236
1924,9,0.46527766572086493,0.12184344642429935,2.606637999693015,1.4445962186824775,5236
2239,9,0.4822311983065387,0.08480532735379247,2.83388453040436,1.1454765554204747,5236
2413,9,0.49144703816070545,0.1041599514819107,2.9600987254341513,0.6488059809984693,5236
2569,9,0.4987341813805818,0.08534530343728713,2.4632335478379463,1.0881142522921936,5236
3155,10,0.5294052636829396,0.16687666745654534,1.6791192224540332,1.8290686708674577,5236
3228,10,0.5333508617355506,0.20060941811352834,2.229584374342498,1.3459546761113217,5236
3242,10,0.5344789668335045,0.07836858436368793,1.9501541464890961,1.4121044905479645,5236
3320,10,0.5395122303201786,0.08802859237226103,2.9315022210024564,0.9800896830575304,5236
3713,11,0.5655248268124161,0.09067404532492503,-3.094529184776642,0.7926582630838255,5236
3867,11,0.5762820993956349,0.18485490541123098,1.7072400221461024,1.6158744611133282,5236
4010,11,0.5879427962176358,0.09056958428130261,1.8243745124502688,0.9150358116539979,5236
4128,11,0.5991936611785129,0.09120283552174793,1.8008993931682726,1.2987919404563197,5236
4218,11,0.608613397322191,0.1760527354842978,2.0387207919935655,1.4166942064364534,5236
4234,11,0.6100864540808263,0.10734732561246596,1.920381878007353,1.7102554050343939,5236
4681,12,0.6633389672279963,0.125232740609591,2.0049137896916664,1.3664122110696684,5236
4746,12,0.672037160747453,0.0892906033629896,2.349029088231215,1.143649217503546,5236
4972,13,0.7238137187367126,0.07989702219688063,2.1429421841000575,1.603069019781674,5236
5048,14,0.7473925752153334,0.06702915233953982,2.0899207057520712,1.7058511637599851,5236
5165,15,0.8002860238773611,0.033526112939438385,2.121300142792707,2.0967681800019604,5236
5215,16,0.8528618820839153,0.030488315897851705,-2.2235819386190308,1.6003209002706313,5236
5234,17,0.9033554095233111,0.006681662533347039,1.3676779251837001,1.7622199158101506,5236
5236,18,0.9323748322868846,0.026653714445196708,0.18160445262910305,1.769190259307276,5236
5237,19,1.0,0.0,0,0,5236
0,0,0.0,0.0,0,0,5236
1,1,0.06771789831185393,0.06400812114706894,2.066564425982576,1.5091717115389145,5236
2,1,0.06866458642055306,0.06527198398560502,-0.15032872451661475,2.03021312494371,5236
3,1,0.08151789870863813,0.07065246832748841,-1.7204855677085698,2.4441818257671013,5236
4,1,0.0817403119966208,0.032512155063310094,-0.9076952565536734,2.0434202996438033,5236
5,1,0.09489330232762072,0.061416794367696155,0.5576359386570134,1.1409849640098357,5236
6,1,0.10073997992578587,0.06386242232070162,1.289306269382555,0.16150450464494082,5236
16,1,0.1268372906522881,0.06953332091750093,-1.272694987024575,0.6850817890974964,5236
20,1,0.13107874017951548,0.08171558144335245,-3.047284932980362,1.5901998534956954,5236
7,2,0.10190709407492105,0.07843662328379251,1.898125786670552,1.5050933539272653,5236
12,2,0.12374178159721805,0.08752589595479966,-0.408563159243907,2.3584997345308265,5236
18,2,0.1287064126765166,0.08979817486084894,-0.6687196874282612,1.6285917846389588,5236
22,2,0.13517341347526657,0.03624702122978961,0.6591146603828176,1.1033158916570165,5236
27,2,0.15083597677241423,0.07629412751310781,2.806716074129063,1.433587717101823,5236
38,2,0.17065439104457902,0.05972871054006224,-2.804417726205748,1.334693285088753,5236
39,2,0.17078632973368824,0.07513414356307685,-0.6975028883071739,0.6438343641877117,5236
35,3,0.16729836439784251,0.07850873452299392,0.32678233361276054,2.448486995031127,5236
51,3,0.1874640609765985,0.11036196227263793,-0.9256612199769169,1.4111877159918866,5236
53,3,0.18945412599961986,0.0568077403225449,0.48728913081075587,0.7070699896593963,5236
55,3,0.1915302665470341,0.0827882398775231,1.5982904112768832,1.369453291666076,5236
60,3,0.1959755294416753,0.08298395156741269,-0.3761290821610772,2.3491608495291048,5236
65,3,0.19908523579046,0.14725664312394174,2.074558192729708,1.676107170732806,5236
67,3,0.1999806073741518,0.13445325198287655,-1.1931914657326101,2.57338607186486,5236
72,3,0.206310556483154,0.06584749722884085,3.127625395221542,1.3857218233955986,5236
87,3,0.21394500568417762,0.13750243458312816,-0.825458117775721,1.811172296288453,5236
94,3,0.2173970626399817,0.1367266075760077,0.11543282524042552,2.6910967806382056,5236
96,3,0.2184083996560423,0.15142653161402117,-0.7050989791258251,2.296696011957367,5236
105,3,0.2237863671520477,0.13066584664423708,-0.0034041442427171914,2.1382372957416127,5236
110,3,0.22515854241325772,0.11718424106870844,-0.5486545895384708,0.42320236917481363,5236
153,3,0.24597796759074553,0.18273514379830005,-0.6707436092103054,1.9262069728759894,5236
93,4,0.21691909966295464,0.08380473022653114,1.70931541695877,1.3936014785481807,5236
111,4,0.22571220464317365,0.13791821074302932,2.0307927724294506,1.5099179638410343,5236
123,4,0.231409487304563,0.0850159564843139,1.3422269570598708,1.6158526823403276,5236
149,4,0.2439273154478685,0.06324986715014204,-0.274516074112552,1.2324028833107843,5236
163,4,0.24965507409985033,0.06246517783563428,2.8388399107581863,1.6563930318689228,5236
187,4,0.2591908372631465,0.1297552591398769,0.5097505600464658,2.1501750693844697,5236
211,4,0.26825914721061783,0.126839899483006,0.18985751122449532,1.8702728074803163,5236
228,4,0.2721628317061786,0.04632086087685316,2.3660683066955914,0.6376521117585382,5236
232,4,0.27411117823102304,0.09620436911408353,0.04498100115154137,2.2338303447043306,5236
245,4,0.27776220549823816,0.12245112052989783,-0.30406990262629013,1.7317284429758162,5236
268,4,0.2840182021012255,0.07730045838282093,0.18466143653139186,1.712539797622636,5236
270,4,0.28452332044944684,0.15787253210175298,-0.5911146154993911,2.1116839705828103,5236
277,4,0.2871964081638988,0.1417396435329515,-0.5569374147588144,0.1950449183304047,5236
282,4,0.2878561540152539,0.1254797988003486,-0.43446091527901953,2.4145737236895988,5236
366,4,0.3070192595734589,0.1533173948107254,-0.6196956255575858,1.9330658727340784,5236
236,5,0.27457207815041507,0.12927063001508673,1.498504716237092,1.2681868972233497,5236
280,5,0.2876447505988573,0.09586452861484317,1.0336269094373762,1.9780766754371881,5236
328,5,0.2972432020770165,0.139143541161377,1.8484077800354857,1.9320859018888976,5236
332,5,0.2998662506704428,0.14870783475801883,0.30015465228603316,2.3368103712974917,5236
354,5,0.304688391623108,0.09390580422501461,0.05892713588357988,1.7443397877670412,5236
357,5,0.3055890583845333,0.11675992878193509,2.407889271317501,1.003003529015786,5236
371,5,0.3073368119758798,0.1341835977796919,-0.6571026362257781,0.21610377470815276,5236
424,5,0.3168952189977675,0.10520844097098735,-0.19193844002866353,1.2970004186202833,5236
479,5,0.3285955736549976,0.05143174906882988,1.0313362697600559,1.6931429995893605,5236
495,5,0.3308956332493046,0.16301658050109827,-0.09210048441042719,2.0508991679545368,5236
541,5,0.3378982476470709,0.059732843295982295,1.949983360140478,1.0968668699212236,5236
547,5,0.33831055853978287,0.1457001986249032,-0.47550373309771027,2.0709761539649723,5236
563,5,0.34009245421538914,0.1887943948529054,-0.013096706862387255,1.9310848481756324,5236
579,5,0.34214904436053684,0.14272907330547227,-0.25984660320938413,2.0675881969828738,5236
613,5,0.3472069407165338,0.1702541185264086,-0.17666650524278338,1.7530007547599822,5236
549,6,0.3386163204740129,0.15986073462713177,-0.9990778735433684,0.2294605419375992,5236
570,6,0.34113738651200876,0.08504983553892496,0.7071825515026892,2.2638974281119166,5236
604,6,0.3457533477830004,0.13263352466589579,1.463414536775038,1.1928108356090692,5236
617,6,0.3475932515388668,0.10870522925229802,0.3176000111708836,1.6835556794879545,5236
620,6,0.3476727518612315,0.09475699078128291,0.3307369610007401,1.5936397801068536,5236
671,6,0.35487692816516525,0.12588542827494065,0.10922968450426071,2.2894769959628887,5236
718,6,0.3607382501052523,0.13798974548208182,2.3502710984694497,0.9770165258880951,5236
786,6,0.3695794028018884,0.13684091835717813,1.0143088013536556,0.7635318103545949,5236
796,6,0.3704430638748336,0.0690124353150407,2.2395740287730583,1.2515189619507694,5236
815,6,0.37235427885250394,0.11164527510562643,1.7349331761969964,2.112320819093732,5236
830,6,0.3744275995727053,0.07988979382017032,1.4926070351108338,1.4668749155801495,5236
839,6,0.37615737048893116,0.10987873783974796,1.3669715015467387,0.9328484162186589,5236
854,6,0.3775557228162182,0.0766373731520923,-0.45359997881896075,1.1637234902195954,5236
863,6,0.3787020779402632,0.17355425083966303,1.270136157728671,1.98763553996675,5236
875,6,0.38014623825910576,0.08463096098004926,1.5000448376831625,1.0205597369012738,5236
939,6,0.3874731443383911,0.11672453472666552,-0.22362377905356132,2.1037176851828883,5236
964,6,0.3889740816018591,0.15488881395333703,-0.015836252626507473,1.8004324909996956,5236
1069,6,0.4004331965299802,0.19622260214437304,0.8571914481454093,2.1344510708856403,5236
1077,6,0.40122971672999985,0.07766385697563087,-0.7655659693371524,1.7236410185782636,5236
1140,6,0.40655650065747273,0.2032937961868875,2.461404738685181,0.9901545833904842,5236
851,7,0.3771458072520535,0.13543656839648568,-1.6049431406718693,0.30013883396747254,5236
1049,7,0.3985037544354588,0.13984554839150348,1.7037486386978216,1.1786482432774248,5236
1117,7,0.40447329924020636,0.0812469326605127,1.8327540401817495,1.243582093454028,5236
1221,7,0.41158216417967586,0.1549511029622736,1.018204007369037,0.6593295172067031,5236
1240,7,0.41319250594371437,0.07381226403913625,0.7149146099724416,2.6746581392918714,5236
1248,7,0.41409226730656534,0.13542062217561784,1.5216078789973424,2.1505567162688695,5236
1324,7,0.419578049901434,0.11360595071434339,1.5104192898355349,1.1563121722263254,5236
1361,7,0.4225916834295034,0.15777251086746066,1.1716337933829348,0.8593421592771763,5236
1376,7,0.4240066291742841,0.13600221315634864,-0.22536370259283947,1.4368998136944562,5236
1425,7,0.42829145236754396,0.19021686845064872,0.9707456367521892,2.0696464476440624,5236
1486,7,0.4328581250086432,0.04677958697905053,2.6158845510567694,0.8186105724525345,5236
1528,7,0.4355725490313789,0.201725476817016,1.1688980479194342,1.9253560838034722,5236
1530,7,0.435666849027057,0.1863133807481593,0.9106777474698846,2.2843947526720307,5236
1546,7,0.43697901876627654,0.14849249141307655,0.41234865696881107,1.8818356497532107,5236
1549,7,0.4370801025723615,0.06797264082736089,-0.703148140012433,2.1482557113884226,5236
1714,7,0.44886592300062844,0.1909327368591236,2.350218216922293,0.9937120531524333,5236
1795,7,0.4542247703470067,0.17960080077234689,-0.21435497485142432,2.0150570642467343,5236
1820,7,0.4555491901998199,0.10654250875882307,0.10552905327386222,0.8563083748304839,5236
1595,8,0.4405739218570299,0.12698364659452788,1.3590660010193232,2.2662496836013304,5236
1776,8,0.4532657505763579,0.14632930061440025,1.0010744764659762,0.7643728783269278,5236
1779,8,0.453454414311774,0.11452335262271181,-1.6093516057085187,0.43170719530989293,5236
2228,8,0.4791293367095807,0.07894833981939534,2.7204094408746715,0.5762460770109149,5236
2301,8,0.48315779776057255,0.09829122083167749,1.3192023050029928,0.9005127762811256,5236
2308,8,0.48355706822799116,0.11399866996574426,0.4388872591126165,0.26792914160798537,5236
2321,8,0.48404722184922055,0.1304773555836064,-1.7193236591247478,0.747998145570927,5236
2591,8,0.4981873629983271,0.17374604650335307,2.557003277058102,0.8593283588829872,5236
2798,8,0.5083992885046633,0.15525494454903996,-0.40100654929475205,1.810309232218856,5236
2968,8,0.5180565092986616,0.10653019361343638,-0.5447290338393277,2.166740081049601,5236
2990,8,0.5192264313565612,0.11696381772763399,-0.3274850656537323,0.676005823294181,5236
3073,8,0.523733723754032,0.21162406844547438,0.7325079878352797,2.0068833220439246,5236
2777,9,0.5076102028958059,0.12215731966499625,0.37474252799317,0.2132740643391797,5236
2794,9,0.508239171099549,0.15135061428587995,1.9476572335092943,2.333535378129498,5236
2898,9,0.514996110926556,0.13629187969089604,0.8768073337664702,0.9182972208350357,5236
3148,9,0.5280268405995183,0.15299190642514426,0.7274853580435996,1.0271220131266399,5236
3168,9,0.5296319841932553,0.13696810441959706,1.3076218648566673,0.6966488604062553,5236
3239,9,0.5330174770462679,0.20486476768688894,1.3202647449274074,0.5819823272971667,5236
3277,9,0.5350691859368546,0.15699801640448233,0.9715340819798914,0.36051901970399697,5236
3286,9,0.5356346498341673,0.10862658371673464,-2.1323998926644183,0.46408769618825807,5236
3335,9,0.5386268183293076,0.12460932571854194,0.45526808460583984,0.49183482192708117,5236
3465,9,0.5473824487788427,0.20845161561978903,0.795882513152673,2.053532765553667,5236
3503,9,0.549350856171305,0.12659627414295402,0.2235988425741779,1.0180358415257802,5236
3534,9,0.5513599317591168,0.156750230059071,-0.24824132922270278,1.968108520893906,5236
3606,9,0.5554233112356537,0.1162366643561066,-0.3194709872450846,0.7980801838653889,5236
3695,9,0.5602848684936376,0.19667224978866588,2.387703910987278,0.6359649713905567,5236
3719,9,0.5618484715292268,0.1303204674165972,2.8172534066153117,0.6877528127101451,5236
3750,9,0.5644815981259891,0.14297575881200614,-0.38588486504926395,2.13001962409566,5236
3634,10,0.556909350096667,0.15205162441975123,2.372991727648628,2.3516894409994307,5236
3745,10,0.5639108641077146,0.15344161745613424,-1.1689875820701747,0.13675495533455945,5236
3769,10,0.566422647249071,0.13104417491608567,2.0092487426451884,2.608556149098491,5236
3816,10,0.5700658789706168,0.18353420417083569,1.344694343554514,0.5406959777130222,5236
3821,10,0.5705955630128966,0.21916419692057004,0.8829738167691747,2.0044036487502983,5236
4072,10,0.5910856590523144,0.19182299937495653,2.2609541689786377,0.5636451561022678,5236
4116,10,0.5956482841473065,0.10018281558264483,-0.19718955768098936,1.0698916712115623,5236
4141,10,0.5979433797681205,0.12495327090873479,0.12612469789924613,1.0746407082834746,5236
4156,10,0.5993616859734818,0.11219930413435189,1.4887258087168318,1.2469533571670923,5236
4159,10,0.5997331013871554,0.20250852258584584,0.698664918316549,0.3874756727277053,5236
4170,10,0.6013964632383516,0.12801811528679877,2.6675639466401173,0.6449259715659192,5236
4192,10,0.6028491744596213,0.08637395364416182,-0.3230604468214506,0.863999571000828,5236
4215,10,0.6051412839449166,0.2190048625047665,2.2891836643084744,0.7488126664378609,5236
4221,10,0.6057419659899017,0.15246637459777884,0.24941666613448496,1.0877542458759308,5236
4319,10,0.616779663371132,0.11042471635010093,0.5888517236347436,0.1761716165962501,5236
4402,10,0.6259902681834584,0.08697408655111603,1.8684525200595057,1.497418177086051,5236
4455,10,0.6317446753682764,0.1306232063571175,0.06024396081797744,1.8890023440332773,5236
4179,11,0.6018345449807411,0.21122462845200216,0.78205110244416,1.928908029080446,5236
4469,11,0.6328943328526389,0.22927492199618565,0.4835952792922024,0.38112923785943403,5236
4482,11,0.6342687942829671,0.07405772674411736,2.1753016970881416,2.320279411140634,5236
4488,11,0.6349243884332874,0.23368595752431115,2.27280978188016,0.8481970017036075,5236
4499,11,0.636038627284925,0.14413187779195735,2.6776261650377617,2.2555657941136236,5236
4516,11,0.6383296211785381,0.15716998011721298,2.166416920870334,2.1662553365950985,5236
4522,11,0.6395770795206626,0.15013133128556466,2.7902511562180656,0.7791324325177039,5236
4541,11,0.64266025531693,0.22621810503515027,2.1161982370728785,0.48704411832963646,5236
4569,11,0.6455965967375963,0.20925471121356432,0.2612855628292139,0.5050918276237375,5236
4584,11,0.6467891667617726,0.08168519128937815,-0.9574134733605763,0.9282377168329733,5236
4587,11,0.6473599083973456,0.09410448025900454,-0.22497209420001307,0.7701855535123847,5236
4595,11,0.6488408573412284,0.15843319235485345,2.555157320621005,0.30333862184171506,5236
4638,11,0.6562993278694114,0.13767429009560755,2.287208714711443,0.4390096882866983,5236
4639,11,0.6571459762691296,0.12802023189917083,0.974733714975472,2.514998082694221,5236
4657,11,0.6607020398332297,0.17780046598832927,2.318323433351997,0.7330213854038996,5236
4666,11,0.6622606135373368,0.1514318563728702,0.09966085020438153,1.43319772285377,5236
4695,11,0.6671047165763704,0.12681715426271686,2.1375787871462317,1.6228487996069811,5236
4697,11,0.6674348092151543,0.10051035514942386,2.7473260992842996,0.25625040465395615,5236
4713,11,0.6703053171926211,0.1375849542909282,-0.04644870133856107,1.6802318254301387,5236
4844,11,0.6910117740957898,0.11567973930672776,1.9352950620185563,1.4059764881759138,5236
4687,12,0.6655179694573067,0.2431072729797444,0.5024284819899926,0.48193171731985873,5236
4760,12,0.6785860595454536,0.20421470738246567,0.3549668211484085,0.3891381019596332,5236
4776,12,0.6810147188524184,0.21099575387076844,0.5850611157504552,0.5331687208740933,5236
4786,12,0.6821438481969297,0.12222351838708104,2.5525440950955094,0.33377780142919244,5236
4811,12,0.686189409615008,0.14162832180451998,1.969481721964168,0.4239234101609739,5236
4837,12,0.689827691598058,0.17129917260502697,1.6908867853403349,0.14480701279255728,5236
4872,12,0.695752541712031,0.1993641013394129,-0.15930129286325204,0.5803015370354268,5236
4893,12,0.7003520756686553,0.11741953738919252,2.483659724960691,2.053226918768256,5236
4902,12,0.7029755466958719,0.12765233216034574,0.22629196151024428,1.3768290925887128,5236
4931,12,0.7104148025418466,0.19537131403658975,2.8655811610165403,2.4163167702817403,5236
4961,12,0.7169903084815803,0.08711531681801701,1.986923005764224,1.4691060505784104,5236
4975,12,0.7212235998227187,0.06943585226740444,-1.2500709762233935,0.9058736305836459,5236
4980,12,0.7227979478194317,0.1810907309603708,2.8487841631383573,0.5552242184106576,5236
4987,12,0.7245714844074523,0.020816695064998524,1.6663384998048119,1.6454691311099265,5236
5017,12,0.7336698672422088,0.18630334082703096,2.6969575365506095,0.6203542640903277,5236
5068,12,0.749406183513428,0.10115798168012986,-0.1520461381291176,1.542068897861746,5236
5076,12,0.7505207950587048,0.07126753438337584,0.5615724884065207,2.1560955400308797,5236
5085,12,0.754940782865662,0.0671268710325482,2.2854718632932105,1.1350343522243038,5236
5027,13,0.7358868278719412,0.12135216194656918,-1.3337149126415888,0.07867603120525539,5236
5065,13,0.7484776802527067,0.16155759275193202,0.10978584781641197,1.482404555057911,5236
5078,13,0.7510348767783339,0.1364129977746035,2.2283659058016916,1.8981470344779705,5236
5095,13,0.7574779803804573,0.1014655088577538,2.0549973535637895,2.167059350612732,5236
5104,13,0.7598920067285421,0.12802376667519288,2.2049493730292213,0.7138543041775502,5236
5113,13,0.7652006178426358,0.11193124503796484,-0.20643551965795615,1.6082779292073544,5236
5119,13,0.7689431059889056,0.16995453168724564,2.824229354443165,2.373030497864783,5236
5120,13,0.7695444559573394,0.16982110788412114,2.670098963300523,0.6337307264701355,5236
5122,13,0.7721651190268236,0.08078108676045438,2.6010129219649514,2.268513912034711,5236
5127,13,0.7760485285540472,0.0736904721696199,0.40120233472352074,2.389766106550432,5236
5138,13,0.7812945372873978,0.15605710679268225,0.23764551981869783,0.3983827039908039,5236
5145,13,0.7858616420560268,0.1352881312771076,2.4952802547609774,2.4552277683861083,5236
5186,13,0.8202219361239046,0.028578729870393667,1.2128475624719028,0.739744802976232,5236
5136,14,0.7805504995316006,0.12080659036684094,-2.9739488943915124,0.30977203408465986,5236
5169,14,0.802609779606921,0.15208152907517475,2.6938811099892743,0.5514749931837915,5236
5185,14,0.8179987289086798,0.1372494379108403,2.3048816219397206,0.9367957468448956,5236
5191,14,0.8239088626614476,0.12692362799363788,-0.12399224796278084,0.4190804452699584,5236
5192,14,0.8248431100867097,0.07538794312188332,2.0796923321626286,2.4955525428286878,5236
5194,14,0.825978810117991,0.12653368056048994,2.720600134925657,2.2105392932509424,5236
5197,14,0.8285744422058536,0.09047781201004156,0.9701956025697969,2.8172902975586753,5236
5199,14,0.831071939594676,0.08949237716715444,0.2805150877572574,1.8404891943007555,5236
5201,14,0.8324519390718013,0.07706006394618815,-0.2325599241338592,2.1209067443790635,5236
5220,14,0.8706484012333158,0.07039534748372477,0.6844504542978146,0.9417272373909659,5236
5189,15,0.8219498375894128,0.1490106908986448,2.832210520572763,0.4429402825420884,5236
5218,15,0.861708288899286,0.10734740507849963,2.7577798620633347,0.37325139068303714,5236
5219,15,0.8705906455003815,0.07569233739742955,-2.642793091498014,0.9277296952184759,5236
5225,15,0.8905493298927305,0.09738543567645139,1.8462233359630804,0.5966871453596186,5236
5226,15,0.8938893468156324,0.03386611694119683,2.688475215044714,2.511364461845447,5236
5228,15,0.9022737925461639,0.04389296405207383,-0.21709965568701625,1.2306392379312672,5236
5231,15,0.9207123432314451,0.04069399438790364,0.9370573448242484,0.4605660599094336,5236
5232,15,0.9235213100012808,0.06197706668209504,2.1264869014343297,2.3508523479768018,5236
5234,15,0.9300079404250488,0.01702575311020419,-1.5966908865930145,0.9732520001384902,5236
5229,16,0.906076312879244,0.09019961570997893,1.805987164026248,0.5123852677480556,5236
5235,16,0.9605566310281716,0.0288198236029667,2.1991946914969085,2.464169206721533,5236
5236,16,0.962577007415052,0.03040748950462443,0.2457363636955789,0.35441242380433957,5236
5237,17,1.0,0.0,0,0,5236
0,0,0.0,0.0,0,0,5236
1,1,0.0834698108041203,0.03296187019673336,-2.942433221581196,2.5250316451548422,5236
3,1,0.10109227438312485,0.09747390890314857,2.4767511043175534,0.8774273074006473,5236
5,1,0.1072212852302673,0.06960001687213746,2.7638124171246865,0.8009308126477116,5236
6,1,0.11117310634326116,0.10774587706560652,1.5714343704202882,1.6521598478567963,5236
8,1,0.117416173149969,0.11542038254722102,0.44242305151872197,0.29361490564229936,5236
9,1,0.11810635591579244,0.09497409930963563,2.075063376490687,0.43176002814642267,5236
28,2,0.15703994283001033,0.0544057613419051,1.8003340456583568,1.2642568123210634,5236
30,2,0.16001606826725878,0.10777276833700764,2.925217586958391,0.49094637417876874,5236
32,2,0.16132027538864502,0.09678752411855965,1.8419905486450558,1.8668113792819763,5236
41,2,0.17127179544551963,0.12172508563015437,-2.9471819135493353,0.10375006761257996,5236
78,3,0.20785325782973285,0.05900372510676583,2.1090540729768326,1.9247229083028712,5236
96,3,0.22009439023278965,0.1402848221806,2.8402203051848707,0.10946376799891143,5236
118,4,0.23496767153002174,0.044642278106123076,2.272731838717814,1.9152152378740184,5236
213,4,0.2698431198121073,0.12460424363973306,-0.7767720025440343,0.22669868299954896,5236
370,5,0.3106471243474511,0.052696680818383905,2.960635647898931,0.8354044669166981,5236
394,5,0.31517233040586723,0.11390600683789283,-2.345384571927519,0.19390642038337141,5236
521,6,0.3378578884378318,0.046178103636817056,3.106392551806102,0.6487006306938474,5236
743,6,0.3665327004852822,0.09040218753928372,-1.4378271484237657,0.2530707267974504,5236
934,7,0.38709625804372083,0.08917536692120773,-1.2346773894272456,0.22113353100234837,5236
1065,7,0.3990948926559834,0.09731554456848139,-0.19236571965559812,0.29432227612450207,5236
1292,7,0.41736940751245677,0.04885811089362234,1.808729181993673,0.8629579549896608,5236
1904,8,0.46172316766516763,0.056704275194695376,2.383586618194292,0.015017928299171437,5236
2016,8,0.4706590322325951,0.09859573538392671,-1.5238110431442404,0.8265661239118436,5236
2396,9,0.48959507226637944,0.03945316990496506,1.3766443306861589,0.28112523897597935,5236
2737,9,0.506475452097543,0.10486953361667543,-1.5262531399264918,1.0137702090078595,5236
3443,10,0.5457811382885434,0.11636380085479499,-1.4522637158030098,0.9704416671720706,5236
3818,10,0.5722757179529394,0.09269777807353445,0.29756274362965557,0.5877845283135965,5236
3998,10,0.5864060864972994,0.08031791464783644,-0.5060042204855727,0.6923221111254085,5236
3952,11,0.5826524811841844,0.14959159552622234,-1.5907419736049235,0.9834003191628108,5236
4617,11,0.6529299074713021,0.10829877655473584,-0.8284025426082813,0.6451285507555553,5236
4656,12,0.6590194112973508,0.17526824295061005,-2.130591169553886,0.9530413815587785,5236
4705,12,0.6669390758859546,0.1021851691458651,-1.9065672486746095,1.4216343637749556,5236
4708,12,0.6674029104928989,0.0900985110949665,-1.744039322914665,0.8089513678878087,5236
4759,12,0.6760090749512135,0.09566384571567614,-0.7427342316803756,0.709214450883702,5236
4787,12,0.680226989981524,0.11051922428124766,-1.4228005082949553,1.188005545007261,5236
4984,13,0.7237963841257181,0.1326662577169173,-1.9236541386147321,1.0993622447827816,5236
5059,13,0.7476339008507131,0.07213896481382652,-1.3511064591896595,1.1423853934272734,5236
5125,13,0.7739417782054226,0.10112771300380805,-2.4904225655756633,0.4110113402033611,5236
5118,14,0.7718052187783724,0.08860439215468251,-1.5147524272921478,0.9938629386076715,5236
5129,14,0.7749409466076118,0.09330637222340239,-1.9760175923175896,0.9754891851184194,5236
5165,14,0.7954565481061446,0.11607583291251578,-2.8076950043778974,0.43811601014399176,5236
5216,15,0.8474227717858888,0.08399697560651621,-2.425152838350917,0.24788676288684836,5236
5230,16,0.8936091128682874,0.05874157144957275,-1.0772140587114412,0.10781213000247965,5236
5236,17,0.9613710037567059,0.03567613113185853,-1.2870386106908915,0.6830442030753959,5236
5237,18,1.0,0.0,0,0,5236
0,0,0.0,0.0,0,0,5236
1,1,0.051950361853515425,0.04866057493140128,-1.3016044388455033,1.7582740097341176,5236
2,1,0.058058222358609024,0.05094947269459604,-0.4263347869641743,0.6255502925079672,5236
6,2,0.09917797074449919,0.06417208840287066,-0.9137678423645567,0.3441164066753507,5236
16,2,0.12277876656647935,0.07348316102226822,-0.21708495276436318,1.4782561487517512,5236
37,3,0.14944723222202838,0.06981984966575559,2.906159354994683,0.41993875130129893,5236
43,3,0.15891759940187988,0.1098758995249419,1.233939609729868,0.09567144376786438,5236
55,3,0.1764806499068735,0.07647003909111462,-0.3512992570154147,0.6192149763666774,5236
88,3,0.20043890930323505,0.1204063379140329,0.023318484478444392,1.4265920682229827,5236
117,4,0.22060721399869188,0.11088461139882687,3.094783823100038,1.0670838987324835,5236
142,4,0.23088033305014077,0.08179544448432624,2.024973485735912,0.6057691885142243,5236
165,4,0.24276486431197863,0.10710654885894236,-0.09571169052246499,1.1329512790865495,5236
235,5,0.27140454866041197,0.08498914521509256,2.514782531808926,0.8697013445073732,5236
236,5,0.2717805913370621,0.06997015181782662,2.999456874300458,0.928222245268532,5236
254,5,0.27541431545528394,0.08922543146309758,0.18302692777638854,1.1526124762512813,5236
304,5,0.28615675917785444,0.11034435106621393,1.6657915861827164,0.6535827352990021,5236
310,5,0.2877922458994079,0.07891671556998778,2.568808725266518,1.1006881114351599,5236
428,6,0.31197668728100914,0.07227132813630702,3.010296981339561,1.4470751675500229,5236
606,6,0.34312686830551575,0.09630742840470863,1.8535736618666137,1.272354991289496,5236
615,6,0.3450018603851598,0.04392850137956317,2.466915988920049,1.8203581718645834,5236
616,6,0.345081686504357,0.03631629566566368,0.9191871745546693,1.2025571592414894,5236
978,6,0.38876393184515046,0.07692813029218046,1.372715642032889,1.5971576207924811,5236
1102,7,0.4006995650084769,0.06808226843649466,1.3870883791910327,1.5573520860464485,5236
1463,7,0.4296861088482834,0.05216023637934887,2.3336627959020677,1.7904319909888973,5236
1691,8,0.4471559827508478,0.05497166129086733,0.9629799616254691,1.0977954083210288,5236
2211,8,0.4780508859297212,0.057581159690530945,2.2935748461152468,2.1462011848654603,5236
2789,9,0.5056973972453878,0.06092737909531539,0.5031396449258382,1.8271308205102144,5236
3040,9,0.516969620550023,0.03982839981762752,1.9342187691671204,2.016134685769453,5236
3193,9,0.5249143652014361,0.08667912239686265,0.4799561429231365,1.956394807162911,5236
3537,10,0.5476051894152576,0.10672014961254718,0.466188007963492,1.9886393306857435,5236
3688,10,0.5575522817707238,0.058796963422297024,1.2180993348837752,2.1048320741225974,5236
3695,10,0.5580997339606171,0.07409977909945978,1.1390975268021237,2.2874226364038877,5236
3860,10,0.5701972162667719,0.03591260762715533,-0.583886936296843,2.5407684914219733,5236
4593,11,0.6412196078202085,0.06509119969106107,-3.0199623439417893,2.914963463137302,5236
4665,11,0.6522444655085438,0.020706935748483868,0.7235635520956057,1.7968505956809802,5236
4965,12,0.715717001959832,0.11797481357772915,-1.244832423717588,2.7583709631964086,5236
4970,12,0.7172007399449736,0.03790868826373103,-2.0683202083639567,0.763829486961551,5236
5118,13,0.7677193967563554,0.1540583873676764,-1.2687011699023352,2.534928784231248,5236
5130,13,0.7731295470092588,0.02968552225240848,-2.035137530348362,0.8991063389189075,5236
5197,14,0.8166856285520375,0.14478404008528092,-1.0865901785575154,2.3375731412168728,5236
5198,14,0.8179491526511972,0.04643313869030096,2.0412543050476097,0.33352348334770965,5236
5211,15,0.8454140282294618,0.12097896885500407,-1.1592385746717908,2.353806798359697,5236
5216,15,0.8590618828243243,0.038846915384370705,1.7473658797355394,1.064343159661367,5236
5231,16,0.9028186278880923,0.06772795189342441,1.9247724305008809,1.043331372407339,5236
5233,16,0.9144829467066867,0.06991528845072767,-1.2100663534431857,1.9534049110217993,5236
5234,16,0.9273344985282003,0.04047335656811398,0.4063100719216726,2.266657419132367,5236
5235,16,0.9289543719711681,0.036444159811305527,-0.37590785286851597,1.3967137902815159,5236
5236,16,0.9444216291393779,0.04751885549717108,2.983801072716573,1.2344950453395929,5236
5237,17,1.0,0.0,0,0,5236
0,0,0.0,0.0,0,0,5236
1,1,0.06962225429074076,0.061519590566936094,-1.2748675566763097,1.0562422666689533,5236
10,2,0.12226764430962933,0.0838052997901384,-0.88538121345666,1.0757226854095094,5236
40,3,0.175527206424809,0.083300433633751,-0.6447319868284399,0.8221904802043742,5236
171,4,0.24702434142729102,0.06960810966279758,0.1683547021080763,1.2786757005599032,5236
476,5,0.3263253343304515,0.0672299635506011,0.5265918457471064,0.9186141155847095,5236
693,6,0.35820545223392875,0.05209286629604227,0.5974700230946861,0.5542847868476831,5236
1154,7,0.4070773437194162,0.024088896335722736,0.7332605990098475,1.0906214235696123,5236
1845,8,0.4574368705599924,0.025466651159540856,2.592944080785674,1.3769281034684004,5236
1967,8,0.4651205251975512,0.047352542793962546,2.087343175636175,2.017688240454891,5236
2325,8,0.4841091140547532,0.04700577919721845,-0.5393130959568091,2.7175344187452692,5236
2884,9,0.5118217808690695,0.08694155068676043,2.0293071799468017,2.4025472903307983,5236
3092,9,0.5229685659911475,0.04288931901124366,0.4246508312481441,2.786163672688355,5236
3789,10,0.5675915646676061,0.045282414960794395,-1.8624983609660677,2.710239956876018,5236
3853,10,0.5720784858402282,0.11504658091143509,2.3432861352389764,2.7658325702260114,5236
3901,10,0.5759283709107653,0.05950857067741869,-1.371166868438457,2.9784652689038085,5236
4061,11,0.5900720459630061,0.09807354666104409,2.3990779360659316,2.760839353954357,5236
4388,11,0.6206829105088675,0.07551744647911454,-1.0717218195917504,2.6622347989481585,5236
4756,12,0.6782507651681992,0.0972523262478843,-0.22382963202138922,2.558782419234353,5236
5067,13,0.7465399916799572,0.09703492657862171,-0.8751440194934744,2.2336650251640755,5236
5168,14,0.79330472645899,0.10413455650148482,-0.8801913081566484,2.003024235114659,5236
5221,15,0.8564851759381533,0.08474165477629714,-1.0753083723017836,1.8616514170338339,5236
5232,16,0.9066215075291463,0.08438373394729595,-1.1221867378756174,1.4378975490920662,5236
5236,16,0.9250097491521618,0.060129022166354774,-0.8171856079341676,1.6868613584627312,5236
5237,17,1.0,0.0,0,0,5236
0,0,0.0,0.0,0,0,5236
2,1,0.08817728180108086,0.04349919022832849,2.0122614544471285,0.5281060284694412,5236
3,1,0.08885010713446395,0.06722409928590828,0.2884552347145878,1.9242636330024676,5236
9,2,0.1195952984590063,0.06789757562193686,1.9156240829015465,0.8682160707857823,5236
19,2,0.14895074069664938,0.04159679351270883,-0.5516683863528542,1.3523257441460377,5236
47,3,0.192063768431448,0.1169191596158413,1.6158229366677421,0.33847739924507364,5236
50,3,0.19408340828009285,0.04524809421962792,-0.10336347683286015,1.4366400726691981,5236
62,3,0.21049504941690422,0.12925390276835672,1.9699276550721365,1.0126392944169718,5236
69,3,0.2145520057379463,0.15372441078830754,1.5536477831266304,0.9655320244267436,5236
76,3,0.21851213648458734,0.12272270009828098,2.7080517634231716,0.6974835298545254,5236
118,3,0.23462936510765497,0.04942881253986439,0.8599865901113456,1.2071079454187368,5236
164,3,0.25131601545710924,0.17301871262840957,1.6883889324065493,1.190915736407937,5236
110,4,0.23221741722163225,0.028784831375860475,-0.4219939495994555,1.8351684163560407,5236
166,4,0.25174482232708073,0.08846055865207855,-0.0729554466195049,1.8865032402190156,5236
177,4,0.25630968242914065,0.07549564286974046,-0.33489908436210847,1.5952377417932606,5236
180,4,0.25749075999914706,0.08205133711410256,-0.45426813440929226,1.8792598511633687,5236
195,4,0.2604763238259974,0.069818234540794,0.6435821347964513,1.280606352439879,5236
207,4,0.26512739459364676,0.1214556397810065,1.4264909070401068,0.5068333638618104,5236
212,4,0.2668519939628893,0.1382865667745293,2.411748893949286,0.9733325753450327,5236
253,4,0.2759218661541184,0.18935998686714825,1.7045641047479823,1.20190709267764,5236
311,4,0.28986475049083804,0.10063050361760302,1.411576884296825,1.2354012102351586,5236
312,5,0.29000974841780247,0.03189404916940729,-1.1526913477768579,0.9101111570177947,5236
350,5,0.2971138444936313,0.055380579275564626,-1.9044152060292647,2.1213051064402686,5236
397,5,0.3080835456687343,0.04504895008095093,1.163260810566124,0.7272995815387211,5236
419,5,0.3122580410497442,0.15734289495521922,2.263145406990789,0.788715973440309,5236
438,5,0.3152563283380082,0.07005311765799048,0.019915893885637023,2.0100873260827905,5236
520,5,0.32855331255143416,0.08487293551091854,1.3368440838121949,1.5614650825345442,5236
565,5,0.33667541711538995,0.2047993383231759,1.9004659541012376,1.408466328818519,5236
580,5,0.33789585790605636,0.031968306332279865,0.3505491419267191,2.086632252386843,5236
614,5,0.34317156941794946,0.1791777671014417,1.533298390914443,1.2740528565955334,5236
763,5,0.36245734123518336,0.16984007501823942,1.771182987689911,0.9891836362832277,5236
586,6,0.3391125639868937,0.020283657815106722,-2.8291719463480423,1.5994029959811251,5236
663,6,0.3498557718750205,0.08223593799129074,-1.9587774219721694,2.559005959575608,5236
756,6,0.36170897558148163,0.06965290087350189,-0.06825698771312257,1.1266954005447685,5236
859,6,0.3720599026601562,0.08213320624001298,0.4428287114737577,1.9609380840280053,5236
926,6,0.37931113918473003,0.06844917556420725,1.023159736533313,1.0898968784965124,5236
954,6,0.38189164604612913,0.050726594576655494,1.2568521474055132,2.1773057826600057,5236
1031,6,0.39017355824128785,0.1076271785205988,0.393527227182943,2.2637840461944045,5236
1164,6,0.40352096767324785,0.20284737609493747,1.859068445804891,0.9300142524078902,5236
1367,6,0.41827632935700554,0.2643156544796977,1.7604728325469023,1.3296471586513519,5236
1527,6,0.4309311300766008,0.20862801635837275,1.868897349214865,1.5126507567653353,5236
994,7,0.386111738611173,0.018106804646834843,2.3698912177087887,1.147541300108493,5236
1018,7,0.389108203005771,0.07557109428801954,-2.3009863890082514,2.461123749777448,5236
1166,7,0.40376277876205935,0.09707096686538777,0.25802758878677207,0.9965506371659866,5236
1546,7,0.4322088521890387,0.08427265272817565,1.2264153731732785,2.1258888107118383,5236
1736,7,0.44464881259885836,0.18776217518313879,1.7159953400945798,1.0731016102265043,5236
1845,7,0.4520438042190782,0.06538192884307142,0.6250448291007903,2.028238587545433,5236
1880,7,0.4542031443681209,0.24471301391076952,1.7170255971884691,1.2374634185399787,5236
2126,7,0.4701668670060366,0.20200732294771911,1.8718280733636692,1.6422579133339987,5236
2160,7,0.4721465578247147,0.21664411314978582,1.984379045103794,1.6639729006304222,5236
1668,8,0.4402646046669598,0.01862910839069649,-2.1746788495515244,1.4259917506437207,5236
1883,8,0.4543470843197367,0.09560396002417837,-2.635659381840903,2.071617784938573,5236
2029,8,0.4630785363514971,0.1864785129110172,1.7722842122407607,1.0219122098740039,5236
2137,8,0.47073178061265075,0.09454771590144515,0.5805650490073067,1.4566989973804434,5236
2197,8,0.47457706432563596,0.1597216563733347,0.20472878715280457,1.169780302255299,5236
2367,8,0.48546369613442253,0.0910981397848567,1.6063933752314732,0.9665873532750939,5236
2636,8,0.4988655965640575,0.20807087909110317,1.699124352166904,1.1613665133413107,5236
2683,8,0.5007658260955264,0.07695369271466482,0.6025516231828711,1.879001710241916,5236
2981,8,0.5170452829202119,0.20420948199305014,1.8790574904121344,1.6559654594898547,5236
2712,9,0.5021393591464154,0.056793582422379765,-2.4134056415397227,0.7355088560956115,5236
2754,9,0.5047443493213774,0.1836477893327717,1.5612216017675395,0.975325739835188,5236
2922,9,0.5141069003598016,0.06001004634711041,-1.7014075616996907,2.8380478685445887,5236
2997,9,0.5183064975653565,0.0980366150022346,-2.3970674880421634,1.962770488896544,5236
3042,9,0.5205105518136657,0.048045475503185116,0.3673095027646906,2.6143207732606863,5236
3055,9,0.5211906283938734,0.04550764724567703,-2.7349284381861985,1.1629286703645365,5236
3073,9,0.5220443873941886,0.19385936344616697,1.7548838866999263,1.2059526205794904,5236
3114,9,0.5243224107460597,0.06005962975997068,2.857477238621252,2.029174940065716,5236
3159,9,0.5277738278605746,0.052766731703137094,-0.7093018846340444,1.0854046009031149,5236
3243,9,0.5329531027802508,0.10830792067303247,-2.8886676411024403,2.7373378835829594,5236
3324,9,0.538900415845531,0.05116689956903746,2.890937335990641,0.9675220871675327,5236
3365,9,0.5410820969846245,0.09556746145327263,1.966377214658665,1.1635814930103967,5236
3403,9,0.5434216774260733,0.10610985062713611,1.8020094970756355,0.5711178319432237,5236
3619,9,0.5560000263676401,0.06819928383164706,1.1112986578309225,0.3200220751520727,5236
3702,9,0.5612044346511874,0.1902507071525578,1.7172520816385821,1.5758321977990697,5236
3762,9,0.5649804760824493,0.09854712550541071,0.6360266589551683,1.233098636011745,5236
3918,9,0.5753201714980403,0.13647452178666516,2.8931454066910294,2.283645506320171,5236
3314,10,0.5380050392813883,0.08303713067988144,-2.3448874852872312,0.8120390506022138,5236
3548,10,0.5514738349348908,0.09612780043420954,-2.2229640252034555,0.7491094495611051,5236
3617,10,0.5559639738584689,0.14292885734110422,1.5847622439502156,0.8873132363498533,5236
3752,10,0.5646541047700113,0.0514755409785117,-2.174598532567754,1.7130680795601503,5236
3753,10,0.564655305277228,0.09325749790212494,-2.439338526464116,1.557094314434109,5236
4088,10,0.588955190835202,0.1495431649307653,1.9903784027299518,0.8729259530773263,5236
4158,10,0.596153374426658,0.05770950339934215,1.4967940666733508,2.7647947128254278,5236
4197,10,0.6005078898174119,0.08036389173023005,0.8421882876454855,1.47846077661235,5236
4252,10,0.6064933535293808,0.154322552348705,-2.704001240457588,0.9429064838937801,5236
4290,10,0.610631611317144,0.1644147341146364,1.9530081710294573,1.573312294563421,5236
4307,10,0.6126270678603378,0.0633861593225139,1.9581413504305392,0.5925858061654986,5236
4414,10,0.6241531912957339,0.16482984573252096,-3.1067820764357226,2.2846425829818475,5236
4202,11,0.6010444505887821,0.07171553172234939,-1.847787013488552,1.2354305315678344,5236
4205,11,0.6011972679899625,0.06783295296468816,-1.7654045714475046,0.10621470474554039,5236
4338,11,0.6165047289424549,0.08057573628973053,-1.661570376648346,1.9347210050364616,5236
4404,11,0.622648278177599,0.12435506750567268,3.0554108768530632,1.0188256645950173,5236
4442,11,0.6274201128939747,0.10220030761738604,2.743170762562529,0.5412523153767048,5236
4573,11,0.6411026395571371,0.05720565227282352,0.4063326800248998,0.6216952080249681,5236
4590,11,0.6433857125152345,0.060051605810253955,2.0870104908138565,1.01223748221936,5236
4614,11,0.6477545877733658,0.12892514280575443,-2.758346223631846,1.134011624676719,5236
4616,11,0.6480374160863638,0.11040201487787944,0.8598205473138938,1.7014358265740244,5236
4634,11,0.6509957389631924,0.07470824982264024,0.3299428627637648,2.455408312762397,5236
4645,11,0.6520255643714685,0.08350828237778077,2.0749329947349278,0.8505877030679514,5236
4656,11,0.6533620384949944,0.19089137200802794,1.9984079756607978,1.6596612061269143,5236
4694,11,0.6586660227619737,0.16317985817738945,1.813782465805729,0.4607826257078352,5236
4729,11,0.6634737156322922,0.14223914351592795,-2.84444347753703,2.3391302415018465,5236
4502,12,0.6328040011801486,0.08124648864840872,-1.8713480169763628,1.3969021974016926,5236
4655,12,0.6531907080734027,0.07559484926357568,-1.9088709804281703,1.7212710797227138,5236
4727,12,0.6628056083862733,0.13159446899321314,2.8521662983735894,1.2157978956518896,5236
4746,12,0.6666719648808797,0.051993531164605984,-1.0462357371816853,1.6661114114738702,5236
4789,12,0.6748418404046164,0.14780181710864282,-2.8129111611994486,1.039543767345918,5236
4798,12,0.6778759659557925,0.15784534172404788,-2.927491250235796,1.0740895246517055,5236
4826,12,0.6827393446382017,0.10939369356046735,-1.5775930471702686,2.146443356192588,5236
4829,12,0.6834431768971098,0.13885196844113118,2.8939773791413788,1.3918550172920472,5236
4848,12,0.6860064728711042,0.09665957152732596,2.5058720993714094,0.3807083262308857,5236
4890,12,0.6964299832468479,0.14753168910387277,1.9174901670480098,0.5767198782669398,5236
4901,12,0.6992203269342137,0.1085741431075219,2.4000793852551983,1.0362424923448963,5236
4903,12,0.6994091946211093,0.2001411714657307,1.9614038329005505,1.6805099641627932,5236
4953,12,0.71043687887877,0.0854461847309897,0.4940377723828604,2.3704401318638255,5236
4997,12,0.7195710169355037,0.06858078887786638,1.8182701598553712,0.9780375515510905,5236
5017,12,0.7266196603081863,0.08799547286352333,-2.887605653985416,2.296966230534059,5236
5087,12,0.7485870060181432,0.048668095610485906,1.8769548864915364,1.7088867119507631,5236
5002,13,0.7220496261977432,0.17472470460589448,-3.0287109048765877,0.9418399793856435,5236
5028,13,0.7294814751922621,0.09071685702640682,-2.635647556220659,0.8762787123475374,5236
5043,13,0.7341174710697955,0.07848701902627263,-1.361869904164833,1.1002774470529801,5236
5048,13,0.735251927433013,0.022163129478488183,-2.4473732179620575,0.6504793330017394,5236
5066,13,0.7422632886849256,0.103851876142298,-1.2856368307681674,2.5480762012482985,5236
5076,13,0.7454682153712685,0.1268718568559954,1.8559433651225903,0.49425468400827,5236
5083,13,0.7470994013874903,0.10230732124534735,0.007515331405776379,0.08727875044222205,5236
5099,13,0.7549234994216385,0.18008334728302886,2.0215251644847023,1.5387843259148348,5236
5108,13,0.7582409359510286,0.060677184697120606,-0.12086914964526356,2.716348196757986,5236
5115,13,0.7611537644795544,0.07051008658723532,-3.1316688619796524,2.0502635061622763,5236
5129,13,0.7682266114748252,0.1305357865036221,-0.7493835360782733,1.160281158655173,5236
5160,13,0.7902043221207122,0.08149424258150284,2.2272508897637717,1.5681867092983088,5236
5130,14,0.7687207632562272,0.19152120480035173,-2.8662484700081445,1.094260404267774,5236
5150,14,0.7811693276584818,0.17938502210315146,1.961499799579604,1.6189897023082498,5236
5164,14,0.7960178214968547,0.09753399785087714,-1.096213599660827,0.3678494609087525,5236
5169,14,0.7985182047598327,0.08901545924660514,-2.906095341753866,1.200057481494209,5236
5171,14,0.8005511558648956,0.052504412104050775,-0.8906129013637895,1.456454146876728,5236
5172,14,0.8024308209545886,0.10874349953698796,0.044299117664442944,0.11591773782238492,5236
5176,14,0.8034871107875903,0.0751565648528847,-1.0924128972888354,0.7684113943863733,5236
5181,14,0.8053362630752698,0.0994752828634327,-0.9143373253148459,1.1261075531326026,5236
5188,14,0.8150351448092692,0.06267963654785894,2.7708889898188733,2.7846853307579655,5236
5189,14,0.8164866469571809,0.05175554428644522,-2.3214277638046887,2.5471716584566124,5236
5191,14,0.8170472881408565,0.049774615261432065,-3.040569152580778,1.2965317740141635,5236
5192,14,0.817560302471886,0.07900078535391182,1.0327746778623637,0.6554909308914132,5236
5202,14,0.8269654767136811,0.07961969977359092,2.622866810581347,1.9461266200898488,5236
5209,14,0.8395142125845675,0.09553395147045915,2.6436433633538727,1.4940697266672807,5236
5205,15,0.8338860577981604,0.13254753526933233,1.9977410875024353,1.6067404001338452,5236
5219,15,0.8513177832850465,0.11661598545968745,-3.0490522811569396,1.0324682886541032,5236
5221,15,0.8563261837631551,0.10567738083366314,-2.466992007081929,1.3426991376749462,5236
5222,15,0.8567346377397645,0.015548990584607262,-2.1636684686522787,1.9524711055216417,5236
5225,15,0.8628571793187441,0.07546452879935618,-2.6138078526974478,1.1865847246715633,5236
5229,15,0.8772804629040708,0.10906404341809285,-1.2307713770661584,2.945028799880976,5236
5230,15,0.888023445683308,0.06779396316877481,2.309498881223491,1.1849128627135916,5236
5233,15,0.9050023411845127,0.05748029377523106,-0.39358600724049847,0.2302260457283387,5236
5235,16,0.9565634679767574,0.034830370518339114,2.21207180767888,1.9426765259347927,5236
5236,16,0.9779204656952125,0.019454012362410587,-1.645107130928805,2.166513184090834,5236
5237,17,1.0,0.0,0,0,5236
0,0,0.0,0.0,0,0,5236
50,1,0.1843993771832091,0.16214889540525645,-1.7578752358838614,1.4376758580020585,5236
68,2,0.20122758787037376,0.1743085351797887,-1.7861116783088826,1.3988354486172838,5236
198,3,0.2588493804900013,0.1780288782391892,-1.9246408713511023,1.3543390241244637,5236
362,4,0.30586658511668396,0.1805989470484727,-2.011290443983344,1.1256670771163322,5236
557,5,0.34147800731632605,0.20174027227657634,-1.9782475554084582,1.031262813236654,5236
1289,6,0.4159591423818654,0.1877641229351636,-2.195901997572157,1.0466329572884498,5236
1355,6,0.42134477100291834,0.19895920903163855,-2.143587354002184,1.1425963033581488,5236
2444,7,0.4920790739764901,0.22659382372054837,-2.2892442243103663,1.1351893158583324,5236
2655,8,0.502437313731141,0.22750982882497095,-2.3084225167954715,1.15033210501888,5236
3098,9,0.5264318156217367,0.21957495496217908,-2.3699336874304024,1.1887554861260017,5236
4168,10,0.6005602694650507,0.16512742229414576,-2.379886363879078,1.0960954749492047,5236
4617,11,0.6523578731234942,0.11983144532602663,-2.573780387150189,1.062926149496211,5236
4857,12,0.6922560545537626,0.125607858418772,-2.3994615012642515,0.830993907069498,5236
5045,13,0.7459798389495458,0.12750651841284744,-2.8360432668784443,0.933734526929819,5236
5124,14,0.7815168667772351,0.11079307906985313,-2.887734210154622,1.1941994585470268,5236
5185,15,0.815050165384895,0.10582814503894004,-2.8638629140588363,1.3835915032486594,5236
5221,16,0.8661278011207548,0.06726473984501842,-2.6800292783027904,1.1256686770217448,5236
5235,17,0.9142183042238706,0.04954233020539816,-2.5296321396246504,1.343865235416378,5236
5237,18,1.0,0.0,0,0,5236
0,0,0.0,0.0,0,0,5236
1,1,0.057952884319130704,0.039504641146876476,1.223297000784433,0.9253290841679962,5236
2,1,0.08392347921327548,0.07597040323869098,-0.7802523002545906,2.600566731788227,5236
3,1,0.08644280767879509,0.05850535189156012,-1.2198535578477716,2.207424084363038,5236
4,1,0.08773011846373846,0.04843444962832416,-0.9623356729356921,1.0695647479414465,5236
5,1,0.09597169986489318,0.03711937716559393,-2.755865001331585,0.7583356163180519,5236
6,1,0.1104442987997869,0.027572990161573465,-0.5281295707659116,2.091051420012229,5236
11,1,0.12421712872324109,0.09526039720672493,-3.080593668206285,1.27569840885242,5236
17,1,0.129617392683827,0.12743615806073386,1.4385572588802131,1.825765368401189,5236
18,1,0.13322772882624734,0.12217168335405547,-2.634292322763822,2.6676171742182886,5236
22,1,0.14230149841648254,0.10551560449114894,2.424420830147619,2.8244903325831183,5236
10,2,0.12402877516655486,0.08502244155662349,1.9214327062180883,0.6782622734116501,5236
12,2,0.12494356710366483,0.060499031675743706,1.8379523348534816,1.5674470842848374,5236
20,2,0.13980803999950908,0.074799749305243,1.9808167000127934,1.166077395720924,5236
26,2,0.15335863774064684,0.10721622679139887,-2.6981579578034998,2.7297248168342327,5236
30,2,0.1551035671463773,0.03615837205470272,-1.1298910211156998,1.8810098818263592,5236
34,2,0.16118858129795,0.12016762703910011,1.2599322453506796,2.0030670498618406,5236
35,2,0.1615143907505504,0.10728395485154305,1.8177263655952614,1.8563217294169538,5236
43,2,0.17193548734741027,0.14096239679158698,-3.076011866870324,1.1956855514278741,5236
45,2,0.17443197059155802,0.07793131076146548,2.3411325335007622,2.1194250344938474,5236
54,2,0.18186102050971875,0.12900055744201694,2.630196255836623,2.568334683808381,5236
61,3,0.19469000146280135,0.10347173455918493,2.321556781019674,1.1144106438192125,5236
91,3,0.21375635031824913,0.1277923657834797,2.3811095384816734,1.8402774532870816,5236
92,3,0.2150040701873186,0.027576398351244712,2.111279426316979,2.169712606858888,5236
108,3,0.22550446374536082,0.10379486056592517,-2.9534150688215317,1.2848637477259826,5236
113,3,0.22923887191389036,0.17135024091152554,-2.4040378772745066,2.682387936108583,5236
146,3,0.24812005646104807,0.09385927565469904,1.8005303941263142,2.438570800407209,5236
208,4,0.2761591494092195,0.07757087980813386,2.6526339214536283,1.0045366053469413,5236
219,4,0.28119011806654837,0.09074463171235626,-2.507581454177449,1.3972009836018229,5236
222,4,0.2822746782664992,0.14182748205567552,-2.8433846940184027,1.082160671388361,5236
246,4,0.28865140276927304,0.1049957443774031,2.2135215632217187,2.2847766185504876,5236
264,4,0.29202182138725274,0.12746567469862652,-3.086299697257776,2.7688777583219712,5236
355,4,0.3128450057898624,0.10872678476587867,-3.0970240050060265,2.413279918476009,5236
464,5,0.33287216600399794,0.09384139079843196,-3.085752459219654,1.0278927185658981,5236
543,5,0.34432561933450756,0.11468116229826998,-2.444758543580367,0.9448158776365705,5236
571,5,0.3490254989861914,0.11458251117761041,3.0212590116055527,2.4133444706538936,5236
615,5,0.35453322926618624,0.1375219485643803,2.708147037013883,2.3755747201147392,5236
911,6,0.39018397866245214,0.06713471601495914,-2.9775906615486067,0.5840803453452731,5236
999,6,0.3990211900325693,0.13398552288315493,-2.843143724080299,1.1457147951948694,5236
1081,6,0.4069705487067693,0.15153262141461743,-2.6959782346415224,1.1838705506384166,5236
1162,6,0.412697979550257,0.12798249899374553,3.088406657244056,2.728515489281396,5236
1250,6,0.4195594765349938,0.0710094253975712,-2.488180259508796,2.5345935093419505,5236
1264,7,0.42169294998083395,0.08559190231196899,3.1250591670284704,0.3228613536311874,5236
1608,7,0.4463622742402027,0.1318013152872273,-2.849646146528737,1.365980154785021,5236
2556,7,0.500582892815301,0.10937712220703547,-2.1501196247363996,2.3099298654261378,5236
2220,8,0.48401175950067077,0.12880023551553793,2.6408226938258323,0.5694609103000711,5236
2803,8,0.5129312756659693,0.13731139193782407,-2.963745343803374,1.8261915459861089,5236
3600,8,0.5574951205209363,0.14594964726923818,-2.545497765393516,2.340657580795444,5236
2690,9,0.5075330225240897,0.1298682058091879,2.8282437901016784,0.5649549579148017,5236
3290,9,0.5387147309381415,0.12832265853718106,-2.894057910180405,1.8691423324123178,5236
4132,9,0.5999531388183835,0.1294944975409565,-2.236533049689372,2.1983375176285405,5236
4000,10,0.5880517274463153,0.11218072831736031,0.7636520635113662,0.12599864691416834,5236
4026,10,0.5902948078782931,0.1325416202997663,-3.1171487809567293,1.9739906230119848,5236
4062,10,0.5935272848577785,0.07968461706925249,-2.7028231241435834,1.9607710237400897,5236
4224,10,0.6088317970410282,0.10327760943387083,-2.076597991444727,0.5740992332778692,5236
4240,10,0.6113001615723335,0.07226825941503962,-3.0784151340133232,0.7773713469397335,5236
4465,10,0.6394316555020233,0.12433311890686459,-2.5546700689540804,2.0506728095678355,5236
4469,11,0.6398558383720976,0.06839384042118501,-2.8826886094585595,2.294620993345449,5236
4712,11,0.671543815189478,0.04423741114038876,-1.8793581822766543,1.8189618222996673,5236
4770,11,0.6806133140383842,0.11968239549673412,-2.6291749207205553,2.009015437916098,5236
4809,11,0.6901650887822852,0.024898510164091548,-1.2670062223799206,0.3072286395046246,5236
4945,12,0.7199219127935654,0.007532980187831283,-0.5361401348190522,1.1670521204625712,5236
4979,12,0.7288031493635588,0.11722363838969353,-2.4730645343339948,1.7496852480428058,5236
5092,13,0.7659177128497907,0.040955899132963706,-0.729382343134392,1.1343916806236447,5236
5151,13,0.7955038342690112,0.08421083012420558,-2.245379024264668,2.1263610010547764,5236
5179,14,0.8162746507691886,0.099146856916351,-2.2439876595614803,2.1291709525533027,5236
5190,14,0.8275198978015493,0.04000081385550825,-0.07053245148304775,2.7976318180236244,5236
5221,14,0.8666652118815706,0.06254180659946248,0.7312653247424402,0.8107090476368074,5236
5216,15,0.8556027253618516,0.10549757429165042,-1.870979470107553,2.1775158296634265,5236
5229,15,0.8984410025832222,0.04406135946451715,1.1882428901439754,1.1129598570820303,5236
5232,16,0.9001076485449101,0.08091735112596772,-1.6727949374343918,1.945647593819218,5236
5236,16,0.9306035676721636,0.04054856440841257,1.6356187296579743,0.9532851518676444,5236
5237,17,1.0,0.0,0,0,5236
0,0,0.0,0.0,0,0,5236
1,1,0.060835051258879114,0.05263386111749966,0.40088439110171026,0.842730243775018,5236
3,1,0.07164867270369235,0.07017724138054485,1.733844695281376,1.1223752872292665,5236
4,1,0.08009928274375178,0.03611870539838081,-0.7673521384223129,1.6430481174461185,5236
5,2,0.0837676450985283,0.059706114059115634,0.6918453718981419,0.6353421794426644,5236
21,2,0.1441178214960277,0.07254356984678938,-1.118709446735274,1.1037453471219008,5236
33,2,0.16240232144729205,0.15661237471868222,1.813149782267495,1.3076423079869963,5236
30,3,0.15951121209179508,0.09999800140360365,-0.24154127784192864,0.4915619586793242,5236
37,3,0.1669064020151917,0.09736570950058573,-0.7451937343171681,0.4157137161860946,5236
100,3,0.2238072853444425,0.14177360401214992,1.7552763805620262,1.6870265725145255,5236
161,3,0.25156955262216096,0.15758499422813171,-1.516973655475973,1.3000513808789471,5236
94,4,0.22186677058797588,0.1399211271624074,-0.4921250425896579,0.4596906242301716,5236
107,4,0.22546597460403262,0.11575585941698575,-0.9322529650456117,0.8534744206359052,5236
186,4,0.2618514635071434,0.16004454968966716,1.6137190727639095,1.8129284212198982,5236
244,4,0.28203411424243574,0.13732125614610322,-1.4295740400711174,1.3884979632479733,5236
220,5,0.2740367054648697,0.18191441113104048,-0.47255208634688256,0.6029110284510987,5236
236,5,0.2786974344084443,0.1432950560700894,0.2816231912326806,0.2958299303062055,5236
376,5,0.30720872031995783,0.1810772692738945,1.372431519622692,1.8252429801201524,5236
392,5,0.31221177235485986,0.12195435667228946,-0.709704058786807,0.26418490632888464,5236
436,5,0.32395114396923297,0.1308182096928786,-1.5962967162722932,1.1683765150848404,5236
438,5,0.3243927381609778,0.07184626843044199,-1.2236917829276117,0.6290568006083749,5236
540,5,0.34001902987527133,0.12940197637930345,-1.3944727802350811,0.9314758455353004,5236
541,6,0.34024238752526115,0.17634981286527923,1.3464833048450624,1.8342657321073645,5236
602,6,0.35016004860955685,0.1583875724566597,0.7637023281186621,0.4229162913896312,5236
667,6,0.3600523967787541,0.11993734820373383,-0.5312722248850575,0.35086779632836,5236
733,6,0.3681645224407143,0.12183197150831249,-1.1978180817084843,0.931332468753061,5236
755,6,0.37150013876430865,0.08101067489591625,-2.1881250441547455,0.3471757750956273,5236
819,6,0.3789628009598962,0.15849895246954046,-0.8498647066423292,1.1290314708626479,5236
846,6,0.3823349745310164,0.14742747703807244,-1.3992795486888259,0.9409005325905978,5236
872,6,0.38484628432367074,0.1419122363177338,0.24813431849868078,0.2409417457538249,5236
898,6,0.38761071353358145,0.11276674359407353,0.6394088923886629,0.44604884629012986,5236
1217,7,0.4167189428322685,0.15639729432741473,-1.2481409281939981,0.7370186767863554,5236
1350,7,0.4282008978798041,0.17432120674083276,0.6344386925980827,0.4180285375274991,5236
1360,7,0.4290680574734599,0.13960645472465438,0.7032020470864456,0.44675167075884425,5236
1435,7,0.4345025284111367,0.13255785184717556,-1.0368169188642942,0.9924956844717823,5236
1521,7,0.4406554540414894,0.10322437206984175,0.07068876864428265,0.263912718087563,5236
1555,7,0.44221140979080664,0.2615824631173189,1.3288110501164048,1.6026029938318658,5236
1996,8,0.469287749247974,0.1360234372124028,-1.0038754295419279,1.2092133183546205,5236
2046,8,0.472156966074625,0.15031949683363913,0.8097786016093919,0.49986989158215833,5236
2097,8,0.47516112771478325,0.1445524182442929,-0.9565333582333428,0.644682945265284,5236
2136,8,0.4774126484955534,0.17634899621991457,0.5462386311856487,0.6208428300922741,5236
2142,8,0.4777475593776228,0.2574518511244678,1.2521685176736264,1.6183131848488377,5236
2274,8,0.48491086858735244,0.10091883867640412,0.24516090482663694,0.5989283849422414,5236
2555,9,0.49935315284853976,0.24928220561547682,1.2470580461246397,1.561359604181543,5236
2925,9,0.5179166995847124,0.098984480591757,0.28715308796789335,0.4417086656868793,5236
3568,9,0.5556851649394198,0.123139514463975,0.6872377771160519,0.9000537364905142,5236
3648,9,0.5616007060709634,0.10576599839276479,-1.0251652192840368,0.9862191225168305,5236
3809,10,0.5721292901085642,0.2025075957036214,1.1051269150755172,1.3653163694825383,5236
3921,10,0.5809513032614612,0.10715064532644542,-1.0234246009647214,0.9690149392364907,5236
4063,10,0.5918898294681388,0.1299604386119854,0.7216156254897176,1.1047882988383924,5236
4132,10,0.596529512578479,0.0915684810514564,-0.5826407526772284,0.8811971042912303,5236
4248,10,0.6074620400715539,0.09021097012636523,0.14198425522814406,0.799872085212061,5236
4410,10,0.6241470171473872,0.17341689804307886,-0.3838697535605407,0.6628096783670373,5236
4328,11,0.615494183781039,0.1994502305659322,1.0497371040109615,1.4177257541258241,5236
4621,11,0.6510967204807753,0.08079830281220383,-0.5680570885440842,0.5732405348115093,5236
4632,11,0.652766145666287,0.10885852797529137,0.4269423464624914,0.7665084744971273,5236
4638,11,0.653766332104623,0.16877084150063307,-0.4990223267100577,0.5557566823708648,5236
4725,11,0.6688224688534822,0.12371745531962956,-0.7236704163100675,0.3557279609051764,5236
4674,12,0.6584354336726234,0.21911175013813228,1.1038625856216964,1.5815321908604725,5236
4941,12,0.7081338569931748,0.10975731338499453,0.3932078420327493,0.31624111816805267,5236
4952,12,0.7104659296057061,0.13809166178444135,-0.9586350714497323,0.4551377318443315,5236
4852,13,0.6905208532579172,0.2291999065744093,1.2103160435298828,1.5391949638082605,5236
4877,13,0.6961247070802751,0.21224133276244514,0.9398234546804991,1.5550717822698321,5236
4948,13,0.7099252521535492,0.24544819852510574,1.2243216582264949,1.4533149304108437,5236
5056,13,0.743878665018605,0.09071988132830759,-0.6564315714487342,0.2926650411617808,5236
5076,13,0.7507678528816467,0.1396680375825474,-0.7231139297935649,0.499225971697197,5236
4973,14,0.7152717977441168,0.2086288328233745,0.9264980258105504,1.5859707241282721,5236
5097,14,0.7605192730663611,0.20459939211354877,1.3210139408164188,1.4126124228455592,5236
5118,14,0.7708138430814455,0.1678163362968591,1.36233436694845,1.4528584554315527,5236
5185,14,0.8037587005069801,0.06251502519811877,-1.2927897725176798,0.5097684500713039,5236
5186,14,0.803865370920342,0.11798898697870999,2.655549782431526,0.0653161930510953,5236
5197,14,0.8157043586237679,0.09455117707997437,-0.3416983817395541,0.4074205415215737,5236
5169,15,0.7934209065807505,0.15570033117924023,0.8104376390333563,1.882165659537121,5236
5214,15,0.8339273003259494,0.145260857682275,1.3173051177183854,1.5470882320454664,5236
5215,15,0.8365383053674492,0.1193105798350853,1.0198524578257133,1.7599235140678664,5236
5218,15,0.8427168817666382,0.10533635496240983,1.5045940182466007,0.2670849623417229,5236
5227,15,0.8738165539031741,0.048099926550598325,-0.5727198792443744,0.5803920777042284,5236
5225,16,0.8573443129270398,0.1155136061951923,0.5691023648977059,1.6108623501544637,5236
5233,16,0.8899786840690321,0.1074046710256418,-2.5154781875362286,0.1148199564571115,5236
5235,16,0.9022958745663022,0.0975224533535853,1.0988063769784986,1.7806458702923726,5236
5236,16,0.9599663596528052,0.03545011567682188,-1.4843297617798252,2.5309991058614196,5236
5237,17,1.0,0.0,0,0,5236
0,0,0.0,0.0,0,0,5236
1,1,0.06332553595219625,0.04398073670199,0.3740154540693651,1.3067593149246466,5236
2,1,0.06372352179384999,0.055783541600710175,-2.4582918050041527,2.340706256739028,5236
3,1,0.07779863125281639,0.07444099273187446,-0.9901676014616834,2.944990129538163,5236
4,1,0.08978989748298882,0.0871351883101213,1.0394497651411836,1.2261051461453332,5236
5,1,0.09302411514940734,0.07548764692314942,1.2398963183746798,2.1067630010225757,5236
7,1,0.10568672153079728,0.057776771419083314,-0.8653176627948155,1.1159139309232964,5236
10,1,0.11430859451242947,0.07411856095537361,-0.9729659725246483,1.1166590791636677,5236
8,2,0.1065955919543764,0.0720280166926522,0.22232458282270537,1.6418227585750178,5236
9,2,0.10886975944549304,0.09229140828348148,1.085514991347397,1.0606563249176582,5236
12,2,0.12030828232370461,0.05970061328575628,-1.1516024622100123,2.765405959379302,5236
16,2,0.1319671616165381,0.039500838045642944,0.18318177904169858,2.3939046094832834,5236
18,2,0.13758578047552739,0.05202194208191256,1.6119560519707974,1.8544049332457968,5236
24,2,0.15391834763664525,0.06866650430487847,-1.4917525219262218,1.1728256305063862,5236
73,2,0.20270745126532463,0.15030460606434734,1.7126010160236014,1.8008645338380265,5236
27,3,0.15585408350055963,0.04216115361151656,0.8479851420901894,2.726297592485146,5236
38,3,0.17508270525717973,0.09791625222462308,-0.6706694911113648,2.6351029748079373,5236
48,3,0.18482938624450274,0.09139194775528962,0.2928682910880668,1.9832988516020766,5236
56,3,0.1893196941195845,0.12307077850939704,1.7223003114726056,0.7826620117092388,5236
68,3,0.1982069753295269,0.059831919501295086,0.3746847587051208,0.9384026265368758,5236
71,3,0.2019944493581739,0.05957943648858629,-1.9751529582157916,0.8217272436271928,5236
95,3,0.21597245158466682,0.14057716997508138,1.9884031986159751,0.7599520948654063,5236
111,3,0.22907859553407284,0.12581544207744724,1.477044409077735,1.3184950120375898,5236
233,3,0.2709192954084896,0.1511992417744063,1.9396146140016821,1.5340632443409175,5236
110,4,0.2284147756585876,0.12570764927818268,-1.1253290232682902,2.558736811914233,5236
121,4,0.23202041391633943,0.07543494861929824,-0.07417773204203466,1.6351647815756676,5236
145,4,0.24288705314689052,0.08524421248472636,-1.9722802514214184,0.49386748108704226,5236
211,4,0.2641639963779129,0.08823529775444618,-1.776783143064272,1.7205441559903407,5236
216,4,0.2658258880640866,0.04865709207567121,2.2541496070226668,1.9679849053593415,5236
249,4,0.2743180270566281,0.1020207735641136,1.5449462087911017,1.2399651325655612,5236
335,4,0.2975998013888058,0.07517649324945778,1.893177639602533,1.1084347691103047,5236
446,4,0.3192149961649148,0.1475454322196775,2.100399335061376,1.5790319284757346,5236
261,5,0.2785372247695366,0.07859944056186235,0.056514701622085946,1.50709180402746,5236
381,5,0.3072641503365431,0.09308666876338291,0.7167628611553392,2.1128157849118794,5236
508,5,0.32845804290241987,0.12269941787501987,-2.25137781100436,1.783192245547565,5236
550,5,0.3358658452750338,0.048960898809810895,1.6675909159724176,0.972577103187923,5236
567,5,0.33941091595106265,0.14509440701819032,-2.1465165917552036,2.555196422617863,5236
582,5,0.34121950271683754,0.060063118206667716,2.8567102696391773,2.418509882421613,5236
692,5,0.3599513944989362,0.038762032634639836,2.521305652993842,1.884311883287375,5236
705,5,0.36136216737085547,0.16603481213865579,2.240937551697905,1.6999326540657476,5236
524,6,0.3322613562933733,0.09865388845023643,0.7591306251340879,2.267814129945532,5236
779,6,0.3701268005800138,0.13723716593987303,0.6191985348029445,1.4302122675921358,5236
867,6,0.38059146460851734,0.08057267689910215,2.123231817823888,1.2088923546156187,5236
881,6,0.3818334171803939,0.025189431225392075,-0.9778131511427522,2.4221615695559513,5236
944,6,0.38697377160200475,0.09314153515394956,-1.8969922505248673,1.9775931862432217,5236
959,6,0.38909398659397565,0.07600206174792846,-2.1221951299256534,1.7504544045078996,5236
983,6,0.3910598931213226,0.12576169936297274,-1.9177385082664968,2.5132741070807554,5236
1015,6,0.3947293824645982,0.10227056460064586,1.8433299085944992,2.5861620779825687,5236
1091,6,0.40223334604967287,0.18237514114737477,2.1872165020850507,1.8726145125643168,5236
1193,6,0.41022133468665134,0.06913298938210118,3.0996095296857473,2.254821430383418,5236
1250,6,0.4138889126262175,0.1646643957795752,-2.7673623427095344,2.5256067833991254,5236
1313,6,0.41842756091980016,0.05710263063834759,3.062484938384015,2.330209680995121,5236
1460,7,0.43164676733230967,0.10089901920889349,1.3302365746800584,2.4352580719489922,5236
1478,7,0.4329520321259198,0.0851614891742884,2.6260396657525034,0.8067982461358888,5236
1595,7,0.44121148039546254,0.12295913249334636,0.4138636027030936,1.4426091846346634,5236
1656,7,0.44580195686297597,0.1577957638242798,2.373383366024893,1.9424160598176967,5236
1719,7,0.45038055055294113,0.047616416273983754,-1.5946089785214044,2.14691261984134,5236
1916,7,0.46424476750302046,0.08031811687183238,-2.802520188029174,2.4397037125018004,5236
1944,7,0.46609824388717025,0.15306290274664464,1.9273440264623591,2.158222985362614,5236
2131,7,0.47645905352240436,0.11910646811950981,3.0404849734917128,2.4455826521951343,5236
2061,8,0.47330555701915655,0.07981190071405471,2.36430387025108,0.6026847197015776,5236
2109,8,0.47554827448101866,0.14206371373408153,2.3290067620589268,1.930213140783664,5236
2515,8,0.496584710610417,0.10617952344560364,-2.8088594336027297,2.583729042973283,5236
2522,8,0.49710765234591703,0.10816103548317549,0.7188786302915992,1.2504991805595485,5236
2531,8,0.49747144361635953,0.1432801300847602,1.9722027926922303,1.9828194140082394,5236
2596,8,0.501614463531385,0.13932425075160382,1.6571072008615058,2.2158878266034447,5236
2649,8,0.5044238700156947,0.15160102521245306,2.0289503279534586,1.8467586338979387,5236
2777,8,0.509835833647079,0.05853061473477466,-2.86153707353545,2.490486637742447,5236
2788,8,0.5102935743284196,0.06896870477111942,0.413282382421903,1.995887752198539,5236
2806,8,0.5111723526487062,0.11623826369867736,3.102083989826438,2.537986829783676,5236
3352,8,0.5438220334934581,0.14368452225596143,1.5587710995069453,1.8764577314558077,5236
3038,9,0.5242279034520886,0.06455210951467832,-3.059589811199066,0.20512850329796067,5236
3149,9,0.5307766762947952,0.06440902821513275,-3.0791430509272435,0.6261640387239322,5236
3228,9,0.5356019809851515,0.0727377101202092,-2.5743746665267957,2.510839440651,5236
3350,9,0.5436547500756274,0.08934000556321238,0.5748043031183959,2.0811132021363377,5236
3465,9,0.5508292289872105,0.09745499654759429,0.7249166845299965,1.635309391852937,5236
3473,9,0.5516706069835637,0.11060181478434382,-1.8719184930146635,0.12474922456956757,5236
3681,9,0.5655679038270608,0.10860978664525729,1.6172928388547703,2.1756870414118015,5236
3772,9,0.572164569098432,0.14156228587486838,1.7034096480855128,1.8907753513625802,5236
3840,9,0.5772541313788728,0.10689452207736541,-2.5477813900289905,2.8018660842089225,5236
3907,10,0.5824392026234606,0.09350572288769411,-2.4054235874968857,2.2056636658538054,5236
4199,10,0.6081492546725054,0.05551377725652172,1.1446161878208068,0.7093640668102114,5236
4247,10,0.6135458965201318,0.038450187867488314,-2.057262192923209,1.6117683113979664,5236
4318,10,0.6200541570109867,0.14366029900656815,1.5506391163528848,2.0526584425447076,5236
4349,10,0.6230582624601594,0.11264246393396017,1.0488288151405578,1.624281297636455,5236
4363,10,0.625088442354831,0.06182231047963191,-2.8684807062146,2.9192765467543635,5236
4374,10,0.626226446512735,0.0785057666687637,2.005131579868059,0.2919608187221573,5236
4504,10,0.6393267381790181,0.08220558787862249,2.519330631354199,2.8734718812918096,5236
4516,11,0.6410183045461352,0.10566450627671144,-2.8503906089119244,1.912703256694487,5236
4606,11,0.6553369036615997,0.12668081029435077,0.8355111849549509,1.731369685592964,5236
4687,11,0.6679676709624216,0.14013672264945076,0.8916170309632777,1.671505413227031,5236
4701,11,0.6702831393718273,0.010779031535514561,-0.7735528186456475,0.4938657496394389,5236
4719,11,0.673014775032276,0.09713180535545907,-2.445070675724224,2.867710813126922,5236
4754,11,0.677551422626986,0.07587404060020764,2.138038780758358,0.7149161865667055,5236
4834,11,0.6920470477521198,0.1658784403275926,1.8583508082494937,1.955104149579452,5236
4792,12,0.6834820431979974,0.09133540231105483,-2.701425119689764,2.2022869419969884,5236
4861,12,0.6972252464423239,0.11551322993359586,-2.621754422651096,2.747505849753985,5236
4913,12,0.7101014921694667,0.010900908060885795,1.4882800438694124,1.4045415981800473,5236
4920,12,0.7121395579225559,0.04949204375634613,-2.396812770746248,1.882466390472491,5236
4921,12,0.7128957044649716,0.16947697680399712,1.9213224003370786,1.8516801993297816,5236
5001,12,0.7305369038561477,0.052419893106383404,2.1001720068894096,1.2137903661240144,5236
5009,12,0.7348301997744092,0.08709625917208058,1.0836777540979396,1.394344302986485,5236
5043,13,0.7446933904427081,0.14526606244084292,1.8609209725770424,1.968310504447794,5236
5074,13,0.759098561125032,0.044378029952548984,-0.022978120686576557,1.6507183144454303,5236
5092,13,0.7657053298866876,0.08423476841373687,0.7468369686758789,2.9458294435409984,5236
5098,13,0.7673632446766433,0.08811199462804428,0.7339048264556588,1.3069527943301265,5236
5099,13,0.7681739146964526,0.07011526918504328,2.5306129125448567,2.049573291301556,5236
5141,13,0.7826930631305031,0.07191515742345043,-1.887461338130314,1.5698435631027066,5236
5147,13,0.7873455819737524,0.07239028442087032,2.2720024547202033,1.083184534341571,5236
5142,14,0.7828442845394932,0.09300143983716247,0.8608171871631379,1.3827995396806032,5236
5154,14,0.7912981759716764,0.057617437047464526,0.33902870068836044,1.2165490743738991,5236
5161,14,0.8012960925941249,0.0989717344509977,1.4135377390589634,2.8862583244024043,5236
5166,14,0.8099064297879471,0.06904963939433219,2.5283361333450003,1.2727263268937516,5236
5184,14,0.8243842484414649,0.09640653147153802,2.427919234306895,2.103621718212688,5236
5187,14,0.824897306640483,0.046196314096191626,-2.112530513481391,1.1275527987446432,5236
5194,14,0.8337063369525363,0.023146480723779367,-2.592560604377625,0.3516441758224782,5236
5203,14,0.8459689431326421,0.07249392981994737,2.7514105683872128,2.356916832062975,5236
5191,15,0.8310303459771087,0.1343255196085519,0.7537916739426791,1.3379482856752107,5236
5198,15,0.8381735772542963,0.08119385585953581,0.44637372321438457,0.8097364770216223,5236
5204,15,0.8465112897880657,0.06647896081030359,0.3734376555065121,1.3678825746582661,5236
5210,15,0.8532391592479608,0.04331731889832346,-0.7943938715196573,0.6345376576516971,5236
5219,15,0.8717743799032641,0.06599432844347536,-1.3252937539914906,1.061729181433593,5236
5220,15,0.8732276117738755,0.09114588467549951,0.020482759480756434,2.7649588813219297,5236
5221,15,0.8764741876687487,0.08412646009775113,3.0505760362688794,2.2444170304904825,5236
5222,15,0.8770375571937074,0.08729120484749532,-0.9256675129645451,2.5389400808334783,5236
5224,15,0.8779460446994058,0.09726323149646676,0.5785425478650442,1.6130057521201633,5236
5226,15,0.8928289568628981,0.024007051868978335,-3.1119209641773895,0.7378233172973993,5236
5228,15,0.8969878115138307,0.07125697650723495,1.441496701717909,1.995182186598195,5236
5231,15,0.9162532464934604,0.0403448691389197,1.5355998463095435,2.2868313042952337,5236
5229,16,0.9125888278219765,0.044151330564367874,-1.4668274517608004,1.8502644899509584,5236
5230,16,0.9142205295570368,0.07515493436728371,1.3028105883738446,1.4720698499377072,5236
5232,16,0.917876504638069,0.03054362319763175,-2.4676456215795493,2.102211000476262,5236
5233,16,0.9336316571357477,0.050671583793034415,0.49610425311268386,1.6068033184082706,5236
5234,16,0.9377470531485191,0.0614083922004901,-0.0063242979777812704,2.0891136617334336,5236
5235,16,0.9382252105393311,0.04974303367147154,-0.5904438994882903,1.0457568227520229,5236
5236,16,0.9538812670624341,0.03194539815378952,0.9596259958945869,2.71769413890095,5236
5237,17,1.0,0.0,0,0,5236
0,0,0.0,0.0,0,0,5236
1,1,0.05726916267312265,0.0327988892095313,-0.6843638898886027,1.2142417062838355,5236
8,2,0.11542319977555271,0.07928332289217817,-0.3031909424707191,1.1668334894781287,5236
29,2,0.15064903102090055,0.11377268847733016,-0.38885251402928056,1.7643984115134599,5236
45,3,0.1792874093099458,0.07448703772431667,0.2842904106184856,0.9531069942279843,5236
49,3,0.18115232960430272,0.03203007093739753,0.13746302787989967,0.7749697578790978,5236
60,3,0.18937547147272904,0.10185993735237353,-0.5362950732865804,1.4604829928904322,5236
69,3,0.1949599254929385,0.13292713573292905,-0.7805203546874301,1.0799864491663445,5236
74,3,0.1987825373045713,0.12214996886594905,-0.236417807928862,1.0854039288177229,5236
103,3,0.21742671194026952,0.12134686104862297,0.018972557254610122,0.8975145323618963,5236
251,4,0.270926162776866,0.09196329309526656,-0.23640335655395384,0.7320700814919223,5236
395,5,0.3040055187537207,0.1069531801154504,-0.12471061569634716,1.012476629698942,5236
586,6,0.3361956019334975,0.09891261223888444,-0.17734568266722975,1.254175990532938,5236
970,7,0.3877022656096749,0.12536823589561447,0.1656632505863985,1.0271691784696169,5236
2007,8,0.46427998867682463,0.11012997870453055,-0.3211384807370575,1.247461267900489,5236
3296,9,0.5331731882561657,0.0912575986157876,-0.5684279956400448,1.60142395253769,5236
3581,10,0.5525402487089761,0.0885160970219618,-0.7456991134245332,1.5324324110588596,5236
4380,11,0.6183888409989379,0.1098268031257921,-0.278663110297915,1.7375638709377754,5236
4538,12,0.635374923823511,0.10377504621353828,-0.22840825730348024,1.831578985285424,5236
4804,13,0.6809444782332885,0.1384960958877108,-0.3726473082024309,1.881993809538633,5236
5068,14,0.7430995709847055,0.0940505756411468,-0.5995502863843967,1.664348944213792,5236
5179,15,0.8032971692922498,0.05918027142746638,-0.7325860261857613,1.2785557748511027,5236
5194,15,0.8135542780143937,0.0772053645668899,-0.3391990435532062,2.031519102562252,5236
5209,15,0.8296683399538811,0.07308648576314462,-0.7374137557970842,2.0218450845628353,5236
5223,16,0.8631897281493977,0.06061382360076765,0.1645942375264281,1.6706838653876257,5236
5232,16,0.895987319899341,0.01814372501313518,0.35972611215038786,2.1752493481127035,5236
5233,16,0.9008315534822162,0.06462328163504229,-1.2508905088740505,0.4752627510527195,5236
5235,17,0.9339486783997536,0.040889345625898216,1.2604318972316901,1.6248468730234178,5236
5236,17,0.9447172637495368,0.036597645227956464,-1.4235095022460893,1.1256922262665416,5236
5237,18,1.0,0.0,0,0,5236
0,0,0.0,0.0,0,0,5236
1,1,0.049373328507186454,0.029832890453337358,-1.6210302257823217,0.7447909280497095,5236
4,1,0.08288556400386227,0.0802204421820324,2.154652986979791,0.22725996344712618,5236
5,1,0.08816889277845186,0.05408339259906951,3.0309835541763954,0.9611410451770407,5236
9,2,0.11660975777592786,0.06499290298872391,-1.3608012758403945,1.2227179593143789,5236
16,2,0.12919231212576487,0.11318704372349521,0.44685272420146505,0.0688606458888135,5236
18,2,0.13097594313030514,0.06687107947071134,-1.918390618787933,0.5157883510439092,5236
27,2,0.15492932134935955,0.07159494735593032,-2.3324736234384074,0.14730906895671872,5236
28,2,0.15621542733078264,0.060946259362575333,-2.543451617248667,0.8513955701375269,5236
66,3,0.19999334610858321,0.06242619191823272,-2.4116737087908113,0.3471707600447851,5236
120,4,0.23346089111628698,0.07712852800904907,-2.6776011017671677,0.5806653610481708,5236
220,5,0.2707677547331109,0.10732724334447398,-2.5845218446313796,0.4335620469462845,5236
465,6,0.3222199552749069,0.11089384448446074,-2.016071573445939,0.7829257453446553,5236
541,6,0.3370573169562884,0.14525144477061885,-2.145431432616381,0.7086744978551937,5236
898,7,0.38399651082224906,0.1085502995292367,-1.9798736502317216,0.887995151293941,5236
1604,8,0.4421048581621708,0.09646277778088704,-1.8586473678587738,1.1540129985336776,5236
2443,9,0.49067497388560233,0.13440184634874014,-2.07248483444014,1.1679608505823962,5236
3485,10,0.5436893959897394,0.13185781660664275,-2.0700233785584037,1.5096641098511787,5236
4414,11,0.6218259891210334,0.09470278802401416,-2.1187630728649753,1.9982815494083366,5236
4772,12,0.6727818859576521,0.12315567608262197,-2.0640032294258166,2.3166085093604005,5236
4824,12,0.6839446314123823,0.1123239613400114,-2.3477365677811592,2.4784374555912843,5236
5028,13,0.7274872817235943,0.10331193735017524,-1.8996380957002486,2.531993290683895,5236
5151,14,0.7803887277543272,0.09471731803649097,-1.3719597508643877,2.209331778602618,5236
5210,15,0.8345172309323518,0.07327430534538538,-1.2037868953623205,1.8107270175278403,5236
5231,16,0.8773251740052934,0.08533052420227859,-0.8075699468033481,1.4759603122377578,5236
5237,17,1.0,0.0,0,0,5236
0,0,0.0,0.0,0,0,5236
1,1,0.0623761140372453,0.05160645823351162,0.5386972222727715,1.6164578696367402,5236
2,1,0.0632373807242873,0.031102236498303622,2.5905570390718013,0.740212275163253,5236
4,1,0.09149655182509808,0.02279035780774111,-1.8461710507781883,2.2297097234706142,5236
7,1,0.11229790386967586,0.09936418681600084,0.4740014585680022,2.031054203896778,5236
8,1,0.1154617334254242,0.08805297706262549,-2.3768540007715453,1.632298523001413,5236
9,1,0.1183168473855325,0.05804249387628298,-1.4148827879001882,2.30572594813996,5236
18,1,0.14766325883899378,0.13972533586697727,0.1784808778410941,2.318159458737408,5236
29,1,0.1645998134721992,0.14685654469088455,-2.92423951027076,1.249641189988378,5236
14,2,0.1379996068599335,0.047388408773566947,0.5345780902000057,0.587888722589042,5236
19,2,0.14970120861530667,0.09823955627216248,-0.24770964257933262,0.8948112425066473,5236
21,2,0.15148133696824218,0.09870714056183304,-0.3574373797647126,2.41558700387757,5236
23,2,0.15484670505836085,0.09851771902450991,0.16021591641156124,1.9552472859489747,5236
25,2,0.15834149176216383,0.047942850457030076,-0.9832254187341718,2.4945155362897546,5236
28,2,0.1639613222833186,0.11361859985372269,-2.533872139964239,1.6568258812801553,5236
30,2,0.16805187808791067,0.1238150793810445,-0.12275606102124778,0.9135084471658294,5236
33,2,0.17246841415215408,0.12855726986664961,0.08053344364515279,2.032249020510347,5236
40,2,0.1810451949489077,0.07868748227334105,-0.31225402535073216,1.769795305366066,5236
42,2,0.18443912908096383,0.1357928840663369,0.42311092600921985,2.233251983947019,5236
58,2,0.20051718860360912,0.15502088422824306,-2.776189694197413,0.9506309775324914,5236
81,2,0.2157408209172328,0.1383611108195955,-2.771901339864811,1.2020109034157045,5236
72,3,0.21135924816003537,0.11128030423291797,-0.004296992618306318,2.54845410962531,5236
73,3,0.2114580280389058,0.016118922423453547,1.2298156787771202,1.4666646152665344,5236
92,3,0.22099307598218199,0.12819134344209782,-0.392604097050846,2.37924983245208,5236
94,3,0.2229321830363875,0.10064037144913536,2.4430676883087155,0.10661141776524782,5236
109,3,0.2322205014355726,0.06611316835199388,-0.165843825984722,2.0097189616537734,5236
112,3,0.23287429652597025,0.130867963326661,-0.3702294304580836,1.3631864222159,5236
136,3,0.2437287712926176,0.15125192175009874,-0.048056148641168056,2.2554931763311887,5236
159,3,0.2519895987885512,0.15865236318080286,0.1810075799417746,1.959031645299023,5236
178,3,0.25778238213299354,0.1831073805498296,-3.0060623338469203,0.9929929171975757,5236
198,3,0.264379318922053,0.17056042823121265,-2.6069967333911315,1.0706643252304533,5236
151,4,0.24890682640886808,0.1411263766551551,-0.5674410180109397,2.290834447677419,5236
222,4,0.2727882541773349,0.08452558162835988,-1.4175885443941703,0.3487387646042317,5236
301,4,0.29622693998762106,0.07682429356922899,-0.33899730810608975,0.7203763197781695,5236
322,4,0.30045090499284277,0.13588474440971587,-0.11085794315267597,2.0096898163678523,5236
399,4,0.3164495602757599,0.09893450708767279,-0.4835530513814616,1.6129202903737192,5236
556,4,0.3430047986431968,0.22771816685671387,-2.6399541630288663,1.1268693680903867,5236
381,5,0.31184155899459365,0.10404924822874206,-0.933273982714834,0.5571237411214927,5236
550,5,0.3426133833102605,0.15148808204207495,-0.7737353676857652,1.7165578607578993,5236
644,5,0.3534822621308059,0.047898218336445204,-0.13474378859296487,0.9257718267833577,5236
667,5,0.3563781477761726,0.12423090797165179,-0.14285986797114092,1.901221256299969,5236
837,5,0.37600941569552515,0.11580093342257339,-0.6648457318762203,1.643448401595463,5236
952,5,0.3860104360742187,0.2357307282577832,-2.4866029130987832,1.0194618204386572,5236
795,6,0.37225036944925016,0.1284318385347143,-0.6851775187479137,0.7529992959116799,5236
1029,6,0.39431448002016023,0.06089555564423569,-0.03395135393229718,1.4404235524914246,5236
1122,6,0.40316825490452257,0.0868709104664342,-0.2511638259468248,1.6514701873590458,5236
1182,6,0.40863050677515367,0.15636161498260023,-0.5365496641610291,1.5603588682927982,5236
1243,6,0.41415539514866273,0.2349350619620226,-2.476361134200065,1.1382419980092298,5236
1336,6,0.42219749916206284,0.12935100589817927,-0.35896370100942,1.566808707428795,5236
1189,7,0.40954451647407963,0.14954133405205666,-0.8039340399495067,0.7881750800666576,5236
2189,7,0.4768045637024677,0.13591080138106065,-0.1365246198894,1.354323919562102,5236
2450,7,0.4907866070220318,0.1993914299356866,-2.52633302555859,1.199398182687989,5236
2797,8,0.5073558755125861,0.1154460712407715,-0.574370904951739,1.4586890264783088,5236
2918,8,0.5140613644328869,0.19503144748353912,-2.5539116565999342,1.185555528532236,5236
3063,8,0.5226565147365684,0.1424131393370995,-0.26914416412420034,1.3556150334915387,5236
3138,8,0.5270822202877129,0.14762576229051852,0.16166080922709006,1.4268896245054388,5236
3264,9,0.5344574305670178,0.19830814081397238,-2.5086080680813594,1.1897542601796323,5236
3275,9,0.5349322081349158,0.13066281397175908,-0.4965687687784326,1.353919248576658,5236
3711,9,0.5639091909582582,0.1499804668006419,-0.1133646127803951,1.5661486972153569,5236
3799,9,0.5694069732676812,0.13116513714351818,0.3778921936646747,1.3082747359385951,5236
3994,10,0.5868095889877031,0.18278313442437827,-2.5046403635289414,1.0797862271680336,5236
4026,10,0.5899218384158909,0.19680236440875523,-2.5266804097301496,1.13692214001502,5236
4071,10,0.594091487980349,0.20275777536056994,-2.223802745812363,1.1999040698483858,5236
4255,10,0.6100934258288526,0.08882380650042955,-0.6208544982843723,1.263525386264182,5236
4266,10,0.6113511779836794,0.09706612790622772,-0.12717152933598236,1.6537379139814243,5236
4456,10,0.6322881360863501,0.11462396863435804,-0.028125977052870794,1.5429015363024219,5236
4408,11,0.6262621000340352,0.1807296692975056,-2.5780500417382988,1.0099100186412588,5236
4605,11,0.6516445674257895,0.20258711967316717,-2.023132836304586,1.3951260892357589,5236
4687,11,0.6629455092713773,0.06249372097475267,-1.2031572335733973,1.1368457256486773,5236
4871,11,0.6921647700474338,0.16158600622557248,0.03013624530883839,1.8044391136842062,5236
4852,12,0.6896210915636667,0.1843862848115066,-2.0502932336977593,1.345306700905138,5236
4924,12,0.7082566649777439,0.16103367408325142,0.11494641679669881,1.8034627728448975,5236
4974,12,0.7188137493276282,0.0916203691958396,-1.766866949585039,1.4239278751167477,5236
5047,12,0.7428075886349359,0.14215191862641013,-1.9732012600114814,1.095611945502814,5236
5123,13,0.7724524909186824,0.12319669078988632,-2.1924061825144507,1.0875501707484072,5236
5133,13,0.7763071219472631,0.11519039390082907,-1.9546451534786757,0.9440860848607372,5236
5134,13,0.7764084309154597,0.1279433162053889,-0.27384333593207,1.6425533954228198,5236
5138,13,0.7785241422242497,0.07109368050406786,-2.4710749435217134,1.2741261872724805,5236
5164,14,0.7952329977246062,0.12090701841142582,-0.25505733162158356,1.528544957718815,5236
5203,14,0.8427608088961664,0.08515974605204628,-1.724709765386445,1.133090338772936,5236
5211,15,0.8547131674131461,0.08076340271027187,-0.255217854700467,1.7228183015263385,5236
5224,15,0.8793227330992591,0.06820717417369562,-1.8647464908521036,1.5115701017593708,5236
5230,16,0.8939693639374651,0.07096121232200613,-0.04076396556204322,1.6212283987783056,5236
5234,16,0.9171039205412216,0.07922158988446885,-0.2575539147051199,1.915959050263123,5236
5236,16,0.9368228423792836,0.044867819685811466,-1.4038289779151862,1.7428921393012378,5236
5237,17,1.0,0.0,0,0,5236
0,0,0.0,0.0,0,0,5236
2,1,0.10406283579274456,0.10378887520899167,2.023173379283198,1.085884517942952,5236
9,1,0.1314306990298264,0.09209914394364162,1.671132844790613,0.8262825130427752,5236
35,2,0.1734928353472993,0.07021232230431593,1.2367603950515107,1.0479117830244804,5236
67,3,0.20319851742876505,0.07716760584446314,1.2029415569629083,1.0342718669671211,5236
138,4,0.24003034114981214,0.04445769369811403,1.0902589468086719,0.8657312887511256,5236
296,5,0.2947260030954123,0.07246911853911059,-0.02090910838313662,0.794719420738942,5236
384,5,0.31221408513515414,0.07225885917341436,2.306218183940142,1.315347010709535,5236
680,6,0.35589410404167376,0.10645371822964629,0.7850730408642462,0.8107689213477411,5236
702,6,0.35946062418015967,0.0673388122262447,2.9762487038783716,1.2482494964533457,5236
843,6,0.37584035563492746,0.1341746566467798,0.07647998586255662,1.1277991597785453,5236
1099,7,0.40179760357039473,0.11716626919139654,1.134964335611634,0.7722198172925365,5236
1165,7,0.4078199415408772,0.14225268809734493,0.24205976944281812,0.9978563055992498,5236
1185,7,0.40956141440306193,0.0469219396292428,3.0701329078377513,0.6875084369028309,5236
1713,8,0.4520993086405104,0.05797630399652626,1.8767494704429957,0.6511567661408743,5236
1814,8,0.45825483767640907,0.11408630396953494,0.27899837469925687,0.9348068783663753,5236
1959,8,0.46606897167867856,0.16779063044795658,-0.018376850610945766,0.9192636242631459,5236
2011,8,0.4688563907208897,0.14487619745240263,1.2418097627439866,0.8960511829434659,5236
3106,9,0.5275006671606722,0.0929422367360507,1.3827087932893793,0.22527075761002335,5236
3303,9,0.5387674130865422,0.10571246067852125,1.3502830975666127,0.5362078742213131,5236
3558,9,0.5547956928823151,0.15232228701378442,0.2450386934502785,0.6040552788474559,5236
3612,10,0.5590403934190359,0.08400859445209122,0.9678504098637339,0.460378400951856,5236
3959,10,0.5874144739076127,0.09076943844115234,2.208023982213589,0.49058112715963575,5236
4014,10,0.5908767179836519,0.1283964179408134,0.3070409970297877,0.4488669432515013,5236
4247,11,0.612322540952815,0.07353914721655883,1.6560278994386903,0.5727529633137406,5236
4251,11,0.6125577132501853,0.13119036923493316,0.4716144301044566,0.5807486436618496,5236
4324,11,0.6213412504793534,0.09578605142384906,2.5147350039398946,0.6622438773505397,5236
4334,11,0.622173586332556,0.10496004655730895,-0.9119096782620938,0.3032634503065245,5236
4657,12,0.6605234346319987,0.09517024450051703,2.3216635803275802,0.6254093415321509,5236
4700,12,0.6660155974308163,0.12476048629109647,-0.4167912006149184,0.3141970596788771,5236
4790,12,0.6805603900078685,0.13895516515939504,1.2561991997623312,0.26870779477188905,5236
4808,12,0.6834404440704187,0.09646137967710064,-0.6787695800618063,0.3947126013316838,5236
4977,13,0.7186694500953321,0.059155024772561564,1.650313356876526,0.681950367683869,5236
5046,13,0.7433377559722539,0.1385353133478816,-0.7966832998596798,0.2589361365369046,5236
5114,14,0.7715839941455288,0.0902318157001436,1.8146376817038616,0.21020622743545445,5236
5147,14,0.7891519134780113,0.1261105760965915,0.4568286528690832,0.22713517621479493,5236
5149,14,0.7901221639024053,0.12661992375073805,0.23592506757021997,0.15557855075999186,5236
5216,15,0.8507179684528168,0.07801132202254461,2.033865183894045,0.1483873781506658,5236
5230,16,0.9015152068224597,0.059030318338628644,-2.162357444758632,0.28642867400888256,5236
5234,17,0.9255826039470393,0.049841047861109294,-2.676295999961294,0.4692045316213814,5236
5237,18,1.0,0.0,0,0,5236
0,0,0.0,0.0,0,0,5236
3,1,0.08503200751678508,0.03282228278775955,-2.6093074662682016,1.228194586765088,5236
5,1,0.09250451900436962,0.08857029253354448,3.0896804417610113,1.6303611775120084,5236
19,2,0.14377733268331983,0.07742298469396051,-2.830290391384629,1.2616234681381577,5236
26,2,0.1538456919858684,0.09813187120790941,-2.678374431705589,1.8088263678443823,5236
34,2,0.16914521067815824,0.09372656266266857,2.5339354127854734,0.8345129503927731,5236
53,3,0.18734128100752112,0.10537134831451764,-2.6519122560774955,1.6367544355395665,5236
84,3,0.2140326039580669,0.11369970048730717,2.7739369483579317,1.087301175390768,5236
127,4,0.2334357441046121,0.128990777139662,-2.7588825164186614,1.5619649677097087,5236
185,4,0.2565458639240007,0.12530893232944867,2.8245006534730632,1.2490590298326407,5236
256,4,0.2838163415220759,0.16050055592721585,2.588597547382383,1.278162903533676,5236
329,5,0.3001165914864147,0.12071069553421555,3.122429392102818,1.290115046314398,5236
535,5,0.3395562261796261,0.1657905717905522,2.263006923829022,1.1378799300601774,5236
685,6,0.35774964732921744,0.16178916037933433,2.254698197512559,1.2043454388578048,5236
689,6,0.35885528413509904,0.12963052901879135,2.9942954894753755,1.1544168275335482,5236
1080,7,0.39878888454403194,0.13932761100674254,2.9900861952742823,1.0928673881407298,5236
1240,7,0.4139481752041061,0.12780682394371745,2.178581456395281,0.9857119474776497,5236
1362,7,0.42155384459629797,0.19832180047725365,2.1977761351324325,0.9805799485428537,5236
1426,7,0.42694321140440705,0.13271662434340645,1.9497863495758507,1.1921717215446772,5236
1758,7,0.4507063066662996,0.15280004796745228,1.8563792423456187,1.5189682149315535,5236
1890,8,0.459960720459723,0.16495783465065084,2.258549116935102,0.9195657758489842,5236
2442,8,0.4916954640449722,0.12150573657497707,3.0354910977481535,0.7474572785974256,5236
2472,8,0.49312498335001187,0.13240971840319146,1.7562843422755787,1.4746314953125557,5236
2995,9,0.5202063249571426,0.13016710666719125,3.132790874114369,0.7901008649195984,5236
3134,9,0.5280384098789873,0.1360544431701911,1.8459566749348177,1.2437746634483349,5236
3334,9,0.5381849233253699,0.14065197744372854,1.8246545117929893,1.6528396497359412,5236
3414,9,0.5423528216829941,0.10271793473692577,2.238611602886767,0.5749725025588709,5236
3656,9,0.5568589214840532,0.10990570246636913,1.8412898161657838,1.7394191350555066,5236
3862,9,0.5713233220686718,0.11878808788720709,1.4972662683540332,1.9510024560166808,5236
4146,10,0.5942748406272955,0.14811483958149949,2.666042230088158,1.1380306576723507,5236
4183,10,0.5986894763811091,0.13206463523236034,1.5985044065893994,1.5841105677615273,5236
4305,10,0.6122099062963011,0.11328637773230214,2.338539429696067,0.4164144400887785,5236
4319,10,0.6145330707740206,0.07767679993363094,-2.3491056778584714,0.4392802788397596,5236
4414,10,0.6254410425543564,0.1205605322241555,1.7125340998107499,2.1538478839880044,5236
4669,11,0.6571326739313014,0.12212874509310054,1.6477345336873481,2.2470961497871382,5236
4725,11,0.6648331225469408,0.10014914207701966,-2.55015620816746,0.7945606914555158,5236
4744,11,0.6677741604141979,0.10909856169366886,2.9999535171824347,0.7011506635105232,5236
4763,11,0.6707527739782642,0.11607755634964198,2.744418348664221,1.5662432800422108,5236
4764,11,0.6708290845713066,0.1047194171174822,1.8045962859719669,1.2376150783976017,5236
4894,12,0.6981761438111274,0.14128423559983608,2.7188316761297937,1.5043205938292525,5236
4942,12,0.7120526793313857,0.08273637282984037,3.076720027619486,0.9583508520323545,5236
4969,12,0.7171402009575091,0.06345301228882534,1.6958329957231038,1.3769075143052176,5236
5037,12,0.7366060282663742,0.07243777442071374,2.5723354444893225,0.41537038993142034,5236
5102,12,0.7638344158523066,0.04839805160814623,1.7505801525432056,2.416718352357295,5236
5076,13,0.7524824243052931,0.15123560338359684,2.6616517907055113,1.6098727701207427,5236
5153,13,0.7873460868143286,0.05292665522874324,0.9898777747704872,2.0862363856871906,5236
5156,13,0.7877647644427357,0.118696095511417,1.4563037253786115,1.2540308662471773,5236
5158,13,0.7893686940466659,0.07235407509174861,1.6242995343478994,2.114771796347586,5236
5184,13,0.8101407542990645,0.01708419026144424,2.4486951435042354,1.5439906389548324,5236
5157,14,0.7881911605473376,0.14721130229124937,2.6739111452756794,1.4814247904172388,5236
5203,14,0.8268882001874839,0.12002643075941702,1.247149423771501,1.2506303703541022,5236
5226,14,0.8732638600451372,0.037370250387156675,-2.350769230572861,1.211337177110911,5236
5227,14,0.8788899203282506,0.07491451650650294,-0.43943836715946727,2.774740936510428,5236
5233,14,0.8994836374013846,0.060282745578274684,-0.9477070678822261,2.35294695675463,5236
5235,14,0.9135547563091266,0.050283005117674,-1.3869378458999233,2.2782750351071916,5236
5205,15,0.831708206286145,0.12487560173029652,2.846652137280742,1.4026917173603253,5236
5218,15,0.8534449116883109,0.1192567400746742,3.038176394543159,1.5653495057396354,5236
5222,15,0.8594438995485922,0.128592391463608,1.1286527129411612,1.3953600966967088,5236
5236,15,0.9400531563364964,0.053351436524472474,-1.747157732698728,2.575426834793023,5236
5237,16,1.0,0.0,0,0,5236
0,0,0.0,0.0,0,0,5236
1,1,0.09377314865951303,0.08983858244204565,0.5406846952308075,0.9666393441109057,5236
2,1,0.09760321905452618,0.03941229484794215,-0.5960279982547743,1.464839891730121,5236
7,2,0.13051317594921763,0.11058889984459408,0.3157090405605152,1.152768568716256,5236
13,2,0.14180918271509568,0.042011024789606555,-0.62720218696469,0.3279741125323671,5236
27,3,0.15933613576923433,0.11343450148973006,0.32706295666609514,1.389278376986969,5236
61,3,0.18746484390981,0.06729066868999643,-1.7070657934139684,0.5993791817488224,5236
106,4,0.21708614184373742,0.08347046132463815,0.5467434950816406,1.0346653207408394,5236
176,4,0.2422778812494425,0.0772672113086726,-0.826739776581319,0.7125290517571891,5236
156,5,0.23559801508548528,0.07777469724141223,0.5888535386800742,1.1154601985548735,5236
293,5,0.2790137342797091,0.06737421143967162,-0.6791569102412542,0.6921544387929216,5236
432,5,0.3092698709431403,0.09799206270130487,-0.0041088642274340415,1.7476989553275402,5236
445,6,0.3107929185459636,0.08460521996458399,0.6266802771384865,1.2568196104415783,5236
469,6,0.3176739833480019,0.1349127250689026,0.46402660962559933,1.5464239464150134,5236
584,6,0.3370643356630221,0.04752091434567571,-0.39857357021927703,1.613718612985802,5236
681,6,0.3515767352991165,0.06596703495654403,-1.0953334331428661,1.153724022575555,5236
742,6,0.35979568069076195,0.11789918146217193,-0.28147371818896055,1.9589534686212344,5236
636,7,0.345457780024341,0.1368054630894117,0.43073579287217284,1.7099436845067886,5236
1003,7,0.3901517895788602,0.08824318120334898,-1.1695473196759085,1.1346970013095066,5236
1161,7,0.4041514531339033,0.0980926841143812,0.020318443246402484,1.9716607169866056,5236
1190,8,0.4066146647621085,0.11880970118501705,0.451631161029888,1.7379349865024512,5236
2175,8,0.4748296706916606,0.07870253053584676,-0.8289624836386621,2.028437169101761,5236
1985,9,0.463568662523564,0.09127506602404657,0.7082503361338526,2.124751530020563,5236
2676,9,0.5000941233755737,0.10011266716035398,-0.6753544027341833,1.9818058932075717,5236
2873,9,0.5086963643676113,0.07170721418276493,0.7990378548979973,0.9156288833247841,5236
2714,10,0.5021193914437762,0.1103431226633113,0.61506411755513,1.8641233773012076,5236
2802,10,0.5056213738895075,0.1162050297412333,0.3834813859635464,2.177096527221065,5236
2950,10,0.5136054272530048,0.10589561280555079,-0.6115362964846189,2.0355235520221364,5236
3527,10,0.5473088104088298,0.04266299797202516,1.1862743937529263,1.2249713687634616,5236
3673,11,0.5572350636471609,0.10031384280627947,0.3016275770050879,2.082767528884857,5236
3760,11,0.5631247297416524,0.13071599978880502,-0.678000132088882,1.9853885373179692,5236
4192,11,0.5971110899115164,0.08688611475121978,0.921802898130797,1.0935374589188676,5236
4245,12,0.601769119425698,0.11669030061123266,0.6332362327095317,2.3612328022051914,5236
4447,12,0.6244889697151851,0.13568088865086908,0.6274314737661937,1.7859190964416356,5236
4475,12,0.6279129785001771,0.0933151048818131,1.2621874371868878,1.1635215711444888,5236
4527,12,0.6364539207420554,0.10020930138863729,1.0476756627599002,1.2889676463874087,5236
4565,12,0.6408459442705965,0.1061266607338258,-0.960485178493191,1.431291358584693,5236
4706,12,0.6614258759213607,0.10295757115767554,1.0882913605507836,1.7356248067421207,5236
4727,13,0.6642259572471153,0.16002892335294225,0.48837822185326935,2.3711624180672017,5236
4802,13,0.6772062573007005,0.11081901130504598,-0.8947119163804349,1.2823309504234777,5236
4826,13,0.6812124758902022,0.14235962507206792,0.30829217935604003,1.6541288146027489,5236
4843,13,0.6850346898868765,0.1491898589277051,0.496804693347551,1.6476173266197025,5236
4873,13,0.6921047233432185,0.0432312408478136,-0.4226640610099121,2.4251730327272343,5236
5021,13,0.731212803290608,0.10353813797175285,0.5701665916232739,2.0196486809946275,5236
5007,14,0.7283972422563894,0.03950534153685475,-1.371623156260706,2.48321820048781,5236
5040,14,0.7389619914764349,0.11859571886079337,-0.08499996036893279,2.555257418546572,5236
5043,14,0.7393927029859544,0.05938574398084705,-1.1332662565338651,1.5598525172961024,5236
5082,14,0.7562699151227484,0.13275269610553483,-1.0451758503473314,0.9545272285819787,5236
5155,14,0.786605696878568,0.10185839888864,0.6568176977542682,2.2175483088422703,5236
5091,15,0.7594540689198737,0.060338458254942155,-1.3345427970759116,1.796223615396313,5236
5146,15,0.7840619306133314,0.10636924242993033,0.18499388477396392,2.4906717223174164,5236
5148,15,0.7841832103950429,0.14970136501028725,-0.9480399528598792,0.9702794980723473,5236
5173,15,0.795838446005211,0.03235074352389092,1.3483894588629075,2.631978996794192,5236
5190,15,0.8142761877267808,0.07874630748740329,0.7886226034259944,2.1199602110033315,5236
5151,16,0.7851318890517371,0.0634906962471434,-1.6593813396936206,1.6637820320541028,5236
5188,16,0.8135071821968337,0.016161345212616328,-1.6420910721675317,1.8280136753251388,5236
5199,16,0.8244657784311794,0.1474438714904254,-1.0271087561990229,0.7209346960645444,5236
5228,16,0.8680199422024931,0.07120146274124374,1.0253243640381036,1.8729555379346967,5236
5210,17,0.8375149329608531,0.05734123112752847,-1.7990327675787838,2.5085379095082097,5236
5222,17,0.8534192356658076,0.09105418178129378,-2.445423266834707,1.6690443024127386,5236
5231,17,0.8853636190828412,0.04455722228470675,-3.110503083212808,2.0302139107585595,5236
5233,17,0.9005996937466737,0.05803645765847951,1.7391087553087181,1.8021976781097262,5236
5234,17,0.9103004284527063,0.08784076281688964,-1.6017348018905984,0.8904578766009436,5236
5235,17,0.9118958291898488,0.08637847942874177,0.6183374867648631,1.884403307108725,5236
5236,17,0.9398007970561819,0.05400417314770071,2.4513564936361654,0.8141324353241947,5236
5237,18,1.0,0.0,0,0,5236
0,0,0.0,0.0,0,0,5236
1,1,0.05825078223222624,0.052948393515203966,-2.5060983423940346,1.650593669755299,5236
2,1,0.06227147572794589,0.06224994285876446,-1.6011511869534383,2.1938594595665046,5236
3,1,0.07279889970686015,0.0710284383843934,-0.6918235354499875,1.940421203666655,5236
4,1,0.07478013491782043,0.06546707844781634,2.350257135540099,1.3110019438273393,5236
5,1,0.08472434560772835,0.05969734220275444,-1.3449836279601306,1.3145469435871031,5236
7,1,0.09494179982193995,0.08280123793962696,-2.969037596019327,0.8405917811511437,5236
11,2,0.12017325211807717,0.07675921421561012,-2.429565668597531,2.154230993922143,5236
16,2,0.12920262851246866,0.0885390136384042,-2.092048477696183,1.5414457333536835,5236
17,2,0.12982095250437753,0.0934486489969222,-2.0823771310648547,2.7696211076080752,5236
31,2,0.161426381327471,0.10407946431889067,-2.9981950786421927,1.496861053203867,5236
35,2,0.1658077997551627,0.13210378681692456,-2.890090864691906,1.3766473012048772,5236
41,2,0.1730738173240891,0.16633841671588234,-1.3174262181203784,1.98228397361432,5236
50,2,0.18296192149951584,0.15296719440428724,-1.1897284680505402,1.602949175454466,5236
72,2,0.20456915856548075,0.1203787451187925,-1.2114472567827543,1.6725870157292966,5236
23,3,0.15180194382609524,0.07957948849922152,-2.557315032644919,2.108794165039007,5236
28,3,0.158106587501878,0.09154051469948762,-2.7100732973991097,2.755981761043463,5236
44,3,0.1763266094087853,0.08322736198780746,-0.711157257917083,2.702680513750074,5236
60,3,0.19529301721337966,0.1189551725691423,-2.9716945625648763,1.2853671938267999,5236
99,3,0.21752486359796008,0.15641274676271927,-1.2541537292269633,2.9110312332167747,5236
113,3,0.22563718731150206,0.1548400516280743,-1.2752393449437318,1.5764645370698276,5236
137,3,0.23825242508188038,0.1246627133144037,-1.3902664836306713,1.6876495914584224,5236
123,4,0.23174336174843924,0.10511886942834617,-2.7018111919555583,1.8653519078123755,5236
130,4,0.23549965882897195,0.13537788769575979,-3.090838920551109,2.520710814895605,5236
177,4,0.25521398014623975,0.14895538846443615,1.5183831816050433,2.955319285770793,5236
232,4,0.27276857123384923,0.14004263512760542,2.872643592628749,2.1124413436613025,5236
240,4,0.27565767348390935,0.1591858461576104,-0.17018945589091236,2.7454293274537283,5236
307,4,0.29279411555459434,0.11587296204236022,-0.959923631749835,1.648301772913517,5236
329,4,0.2985114664072095,0.10668324368478235,2.8543106779098695,1.5655377888577866,5236
233,5,0.2730357310800998,0.10427687521091732,-3.0764516896299736,1.9088612189352336,5236
362,5,0.30638376034623127,0.14087430978528306,-0.3289767457470173,2.9491762576071787,5236
433,5,0.32039451748159153,0.11458159494625339,2.813096079248223,1.6211684060638323,5236
452,5,0.3245536679923503,0.11963067716150246,2.4469813867757195,2.1939818573136116,5236
469,5,0.32832388986719974,0.1925922299601388,0.4500772741987983,2.763995631462548,5236
541,5,0.33900740341868996,0.1352156360770155,-1.062953592801017,1.5444944874516995,5236
546,5,0.3402033268173066,0.11646449865713338,-0.6433858449246863,1.4995158294615245,5236
563,6,0.3426424024517625,0.1369304415111802,-3.0107888908514853,2.094295839223123,5236
783,6,0.3710622663976182,0.13628502859906452,0.07826475358794979,2.7526137027585915,5236
837,6,0.37693814187392705,0.22118707797639903,0.2169310661763762,2.9338718331189657,5236
1018,6,0.39521629370423395,0.13912268693155824,2.733717817517299,2.1726017616203634,5236
1082,6,0.4020131579956463,0.12101053812226938,-1.052379676689804,1.5276922482209048,5236
998,7,0.3936500101287348,0.11573184691099041,-3.0179053333221764,2.3664419701378843,5236
1052,7,0.3987565025299573,0.15479627178457828,-2.722791912903135,2.372571793880847,5236
1361,7,0.4232499203830008,0.12883927834376094,2.6966322902190423,2.1500379783508534,5236
1450,7,0.43006522515066226,0.12428775076384922,-1.0073527100998712,1.3293802195007642,5236
1485,7,0.43354220143632893,0.170581320905414,-0.15914147693268554,3.03565387198003,5236
1680,8,0.4467105581214187,0.14821034427250604,-3.133960147537497,2.5676758235051205,5236
1804,8,0.4544925356208781,0.19258865824655808,-2.8457354215157897,2.4561937040733923,5236
1852,8,0.4583475508859671,0.09749240099373081,-2.3913486643474573,2.1070389001404815,5236
2060,8,0.4696403242426459,0.17655663396602622,-0.03734478527994149,2.8839244878447716,5236
2089,8,0.471826278198628,0.13820595890455586,-2.9899486677924405,2.2611691900182844,5236
2107,8,0.47269792574072234,0.060589532099613146,-2.2662326516849185,2.3916583537165423,5236
2278,8,0.4821244366153278,0.13857685732250039,2.4416516809919298,2.430284000978467,5236
2626,8,0.4980211763354828,0.1066672675901518,-0.6921137670105881,1.3649165479130616,5236
2729,9,0.5026538153838979,0.18269951138306528,2.9979769927487876,2.400499161717795,5236
2765,9,0.5041283078920502,0.1818188736024546,-3.041357335625509,2.411526738329779,5236
2907,9,0.5118300341662706,0.14923625107500707,-2.2713431145919074,2.7354853322295924,5236
3179,9,0.5269530164804022,0.1588972661933417,0.8840578811604245,2.85749887673729,5236
3284,9,0.5335231754622685,0.16261958138573424,2.108253132003557,2.3668812243241937,5236
3287,9,0.5336612704379472,0.16509025354375312,0.48967503905744114,3.092556705917894,5236
3379,9,0.5400057991918455,0.018748603216177512,1.5417295295287086,2.0400474212551902,5236
3586,9,0.5545893757777602,0.09852874808361661,-0.8845669906414871,1.1555913740374688,5236
3666,9,0.5606338549582932,0.09398250228109752,1.9855629572231648,2.1003920136135745,5236
3802,9,0.5705625172238188,0.07173176173533848,2.4280783125021466,2.1409886637930837,5236
3474,10,0.5463096601148729,0.20165258682677278,-2.873605657788503,2.4717432948571534,5236
3538,10,0.5513530400004271,0.18315541660897208,-3.1231175719662945,2.4748430813423132,5236
3658,10,0.5601201093656781,0.17463988576846465,-2.5497787242766075,2.6799717011526454,5236
3687,10,0.5615716147207496,0.16163839590297022,-2.8719040888051,2.354085234221245,5236
3759,10,0.5670459891127847,0.18367404146149643,-2.790749122898892,2.725509994088245,5236
3775,10,0.5682968118537078,0.1455910934515921,-1.8918954527141447,2.687280503542657,5236
3988,10,0.5846689667327807,0.1380603123827267,0.5229726199256005,2.8358519076807753,5236
4311,10,0.6146475025570741,0.06118627126135181,-0.3648849881786674,0.8763127428835067,5236
4373,10,0.6209732157829816,0.08978760470898699,2.3482412078013533,2.221338038401421,5236
4466,10,0.6324753365218929,0.03463144443550693,3.110737164989997,0.11392985335700749,5236
4279,11,0.6113846605677424,0.14011879726971682,2.9825751316879696,2.2731330937312646,5236
4477,11,0.6345291232329586,0.10179086937184798,1.3405751075950583,2.8018210743795673,5236
4545,11,0.6443321955528031,0.17048253110044306,-1.675928935647464,2.5482264977717186,5236
4582,11,0.6500904720124364,0.07451843251342857,1.968823603253003,2.2077212556307297,5236
4650,11,0.659928707302592,0.19443507099091684,-2.019883477753371,2.4790265117155608,5236
4651,11,0.6605148536020041,0.1033040461049502,3.128459677226621,1.8848477483607047,5236
4693,11,0.6665093208777257,0.07603167446693967,0.640463859955417,0.745037936297264,5236
4710,11,0.6686889677033891,0.02286204344476325,0.6562330456286468,1.0020464658698975,5236
4818,11,0.6893268173381057,0.04894378734053878,0.37301338737731843,0.7731673785325541,5236
4872,12,0.6996506302302752,0.1998497531892663,-1.858150339362791,2.3353509895015443,5236
4987,12,0.7273221777261186,0.07402446345147302,0.7987184807504984,0.9298625229010946,5236
5060,12,0.7501619073851803,0.08487212002537932,2.1170144801462705,2.1222811871798073,5236
5099,13,0.7664722321907449,0.08396188037985045,1.0717413928038972,0.5163583513005523,5236
5107,13,0.769033623977335,0.1894007294567611,-2.1166078658079726,2.117048607852334,5236
5116,13,0.7728672758778272,0.07846254474676675,2.0512176739308208,2.105128383780196,5236
5187,14,0.8232302211503997,0.1433419763118231,-2.22577729533541,2.0328220548231553,5236
5188,14,0.8236914112056868,0.0629825228333718,2.88084501080225,2.315966377201561,5236
5202,14,0.8378123226960963,0.02376973289221402,1.7908666388827368,0.618409418975795,5236
5215,15,0.8553638988459337,0.12674813892956574,-2.274053056591624,2.0586771259534102,5236
5223,15,0.8790828255751235,0.019296525103940566,2.8234524429187506,1.3098290407951925,5236
5227,15,0.8918066584931352,0.07388376503112953,1.4669859637937106,0.9717275565447445,5236
5229,16,0.9021304601527437,0.08937560013417947,-2.1374381645476475,1.85306901804856,5236
5234,16,0.9282298535701492,0.04611044778045204,-2.6385570487399597,1.6042092234964946,5236
5235,16,0.9298629864240678,0.06511149464701922,1.929345055356468,0.8260408295819897,5236
5236,16,0.9428847265505838,0.053774092318781254,2.9318340909900398,0.7622822802905727,5236
5237,17,1.0,0.0,0,0,5236
0,0,0.0,0.0,0,0,5236
4,1,0.10140118629287032,0.0863086278027773,3.120143421231988,1.9289756225166483,5236
7,1,0.1142778893341706,0.09433976429576602,2.8309237505684153,1.7919922623063234,5236
42,2,0.18426553858932027,0.1464122253075319,2.9606188359105343,1.52944576246263,5236
93,3,0.22684962032344214,0.13136563083681374,-3.1404085206602463,1.4058132982843077,5236
201,4,0.2718753891581267,0.1458197557177046,3.1286334724811367,1.4474430971742884,5236
411,5,0.3227996582018705,0.17491368979037994,3.093613690907277,1.5784273376105311,5236
741,6,0.37078350074984845,0.17231262072769102,-3.100172869334249,1.6081831576748336,5236
1572,7,0.44644601802057793,0.17959459117326793,-2.9990818415246325,1.2661739153324638,5236
2077,8,0.4786764588442046,0.17930777253626787,-2.9887438597925606,1.2480428375487171,5236
3309,9,0.541348378306719,0.14264822302241525,-3.0399891131898538,1.1050783453406237,5236
4147,10,0.6035275927605519,0.10736786553006147,2.8741664702072867,0.9211189197515816,5236
4523,11,0.6456623589083871,0.08157724472454773,3.1187001916635912,1.063451845910923,5236
4854,12,0.7096148153456158,0.050160011948328795,-2.6913634544226377,0.333938593329329,5236
5073,13,0.7613303136186104,0.03598663676028875,-1.0926361956546355,1.0214061247065496,5236
5166,14,0.8074158587830246,0.0431413642701951,-2.473369310345478,0.8701912902411136,5236
5204,15,0.8506376299494266,0.027931046815263413,-1.5883077708346016,1.7587968500433249,5236
5229,16,0.893698028383461,0.024364677600079473,-0.9617035340841358,0.7241259463970265,5236
5234,17,0.9373570612481986,0.04355780553060931,1.0536298818027074,0.7656963629903571,5236
5236,17,0.9594769397560862,0.021844531876279178,1.6838182038872276,1.795671695784795,5236
5237,18,1.0,0.0,0,0,5236
0,0,0.0,0.0,0,0,5236
1,1,0.08815146351707048,0.04385809636971952,2.052351738026492,1.3751266947670948,5236
4,1,0.1019552449018375,0.09542400901380511,-2.600104080843006,1.2728691865003503,5236
6,1,0.10469852394844903,0.10024597498043218,2.1567812275713263,2.4915598376392802,5236
7,1,0.1048073287300314,0.0952226229000141,-2.261713876682603,2.524499283648341,5236
8,1,0.11719062678178072,0.056345351369264884,-1.235369451086743,2.1502417468071906,5236
9,1,0.12183140449815788,0.0759207446656416,-1.867897244097983,1.6311128821852512,5236
12,1,0.13662336407628495,0.11977924129864545,-2.842363347366229,1.5257529115129138,5236
13,1,0.13806533898505313,0.10766126647073788,-2.9262864940809825,1.6340867311448966,5236
17,1,0.14144806802965126,0.11763473805046204,-2.7514995624455016,2.0852250180134395,5236
20,1,0.1470911643662446,0.07334835363170593,3.0246400178841113,1.7082711194278122,5236
21,2,0.1486837751416228,0.08706729186859319,-1.5926957688141476,1.6602541358189382,5236
28,2,0.15613555834679826,0.09512993203431754,-2.2599285633218598,1.5864319897938208,5236
29,2,0.1566280114520774,0.08293723529311756,2.324294424279146,2.1034822385411567,5236
39,2,0.17006425275488835,0.07383365272231768,-2.5675237037887397,2.083753905257382,5236
43,2,0.17265809516548203,0.07955761913671955,-1.217700473686446,2.8908803096341797,5236
55,2,0.1910573202881236,0.10037477764545996,2.8200937169146756,1.6157449759544051,5236
58,2,0.19334090765393808,0.13758215911268515,-2.470434307150953,2.278665971325901,5236
75,2,0.2062684872320908,0.13413209215180955,-2.8631289912662234,1.7212819599569,5236
80,3,0.20827750143760337,0.0701454675855755,2.0567989322217697,1.8100497195673004,5236
124,3,0.23205723383193178,0.1411053434150802,2.5439170240844944,2.1895065176847397,5236
157,3,0.24802048099777751,0.14022914167946537,2.944161831564918,2.6320889040187074,5236
303,3,0.28654042249875666,0.10518188573278137,-2.999784596563371,2.0543120137181563,5236
268,4,0.2791453022366124,0.056950888225434676,2.9051078362897136,2.0179740359487237,5236
311,4,0.2891635804892235,0.16450893410626724,2.4908265515767227,2.1640229661360317,5236
332,4,0.2947100738025309,0.13156173057448825,2.9268320344952294,2.4915752792620123,5236
436,4,0.313886849540311,0.0932141868739806,-3.093535946159723,2.1004689284918063,5236
717,5,0.36025164551095457,0.11932944302506146,2.926145778476085,2.1362939580527573,5236
896,6,0.3815397954674685,0.11714904186638449,2.8581079293401594,2.0028236818887293,5236
1574,7,0.4363155559365748,0.1547772385675458,3.0030956644033737,2.016476593213601,5236
1641,7,0.441881575328255,0.12109041668348379,2.98421507660035,2.1151767690268826,5236
1986,8,0.4632966342194925,0.13834731961237684,2.9344442142958607,2.081615432306426,5236
2608,9,0.49630623920288786,0.14219606147294145,2.934472729999079,2.2211183033267767,5236
3030,10,0.5177161776784478,0.12949016859780063,3.0814439599044814,2.202297273032682,5236
3478,10,0.5455015410871138,0.1380783626932449,2.6707042767786473,2.197706554916794,5236
3502,11,0.54807987411857,0.13745616717377054,-3.09927175758628,2.091195539810316,5236
3793,11,0.5691503212679828,0.14282961574719677,-3.0660158734062555,2.3310411920751077,5236
3931,11,0.5794498813984938,0.13646067271800102,2.645474185284857,2.091907095194755,5236
4389,12,0.6202237727242547,0.14631242180700543,3.062670093012741,1.7321922427873482,5236
4740,12,0.6702509091681097,0.1588218015640168,2.545627244685026,2.065095493490969,5236
5039,13,0.7425954925168977,0.13278597089095664,2.1930900937226174,1.7743431889184211,5236
5120,14,0.7767765350480813,0.11931851672801146,2.037056479284766,1.866704838647335,5236
5210,15,0.8441718775763548,0.06220566216860503,2.2354492194942477,1.5019512376070552,5236
5223,16,0.8706296965677958,0.04733484100950579,1.8959030982570588,1.3137681881054686,5236
5236,17,0.9481414649901592,0.039608706832541515,1.5225187157274132,1.3900797595899828,5236
5237,18,1.0,0.0,0,0,5236
0,0,0.0,0.0,0,0,5236
2,1,0.07200885331604234,0.056659239629127764,-2.2809460197124616,1.564396512800461,5236
3,2,0.1134556314441173,0.09720761787554923,-2.332122439045036,1.6002231349690503,5236
17,3,0.13615196389253303,0.10528720449392599,-2.2139101169591187,1.520829815885139,5236
31,4,0.16377197127788423,0.11443618689038976,-2.4337467243932664,1.4866578144814608,5236
58,4,0.18814021978317275,0.07826431498000819,-1.8014894640394288,1.7581428724662713,5236
175,5,0.2488765605803197,0.0684927593467059,-2.8179180585393713,1.701991285007222,5236
256,5,0.2789429756904823,0.12312724224005675,-3.011105413291301,2.058717041191129,5236
259,5,0.28071753822439605,0.07717490588951303,-2.032755255154519,0.7782433916268,5236
346,5,0.2990558079058886,0.1776742797871639,-2.9335851559453348,1.8713083502183097,5236
235,6,0.27427567943700215,0.058202316783960775,-2.8127420539485732,1.4519757271798523,5236
381,6,0.3077653932042471,0.07027790500384407,-1.7035101281806535,0.9757536054172349,5236
447,6,0.319632523805644,0.13776991470050684,-3.007519916436769,2.342844136783481,5236
523,6,0.33307958561571027,0.019957573837320233,-1.3086123788903725,1.114701841248988,5236
598,6,0.346976370828625,0.20778642506080927,-2.984415286611451,1.9875390187276718,5236
628,7,0.351125457963231,0.10241474199224082,-1.7294638723789864,1.1080598691929806,5236
830,7,0.375210423872655,0.0855768563755481,3.0205517568972855,2.30045191863909,5236
854,7,0.3776320493569928,0.07752492691140678,2.8806487792582725,2.3384753038278716,5236
1021,7,0.39499074723644856,0.1871823042915786,3.1308034527622066,2.0326651712311845,5236
1069,7,0.39986454859903586,0.036100914717208506,0.6752839908131323,0.617011496464504,5236
906,8,0.3829353458571497,0.08011301902986681,-1.69094427019988,1.2217311736335765,5236
1472,8,0.43581369895532696,0.20680190964671033,2.9392597757443917,1.9861488670084884,5236
1609,8,0.4447158654166148,0.05274026347312637,-0.5997852452288189,0.25955892695152305,5236
1632,8,0.4461793110470156,0.10068208450537058,3.028698668921691,2.913318640044206,5236
2096,8,0.473126225505093,0.08014209348488902,0.6557970180930495,0.6723186865284853,5236
2343,9,0.4860668544224779,0.0840719504746192,-0.10707175870056856,0.4113860173261266,5236
2746,9,0.5054200411689815,0.15420100867793338,-3.114840038366477,1.8910347967449501,5236
2804,9,0.5083419505058885,0.04968009749074404,0.6860965268323779,2.1003149606008087,5236
3055,9,0.5226475313424093,0.1358297997354203,0.9279143893200081,2.8186256117813806,5236
3080,9,0.5241308640389518,0.0581516665734533,0.473117092061815,1.0495772952404445,5236
3390,10,0.542788378571696,0.15920581552724627,3.091368007082762,1.8561883552667413,5236
3933,10,0.5803433085081169,0.16176093010724332,1.1943959935804294,2.553022058365174,5236
4008,10,0.5861241595243949,0.04869894495415462,0.49227986992292666,1.6148490363300574,5236
4155,11,0.5992999892715672,0.12839355905211453,3.043771063482214,1.823642239390149,5236
4503,11,0.6376175780051867,0.07312711713702762,0.8088021626412801,1.19248692483946,5236
4746,11,0.6694358529588954,0.10140302181525851,1.5155251591579209,2.141268524071706,5236
4527,12,0.6405913116731963,0.10246876931228166,-3.124343276147134,1.93405582546944,5236
4582,12,0.6468393133888982,0.12519853789761134,2.7733967280179117,1.6514588382987945,5236
4630,12,0.6534803717687488,0.11580636065764104,2.9193607467981604,2.063656983775625,5236
4668,12,0.6594201314052397,0.13012244517487342,2.644293332030396,1.7222874646474577,5236
4795,12,0.6769629571235186,0.07336255937811013,0.7958826628989212,1.61155959621949,5236
4900,12,0.6949553126263834,0.10212780808287997,1.4865883938685807,2.107477687049713,5236
4805,13,0.6786677264161604,0.12792975601413575,2.545857287959402,1.6986189977602049,5236
4821,13,0.6812704322444734,0.07790385104675067,-3.056103941004965,2.1331186246502125,5236
4829,13,0.6830320361153964,0.07095215990713495,3.02484726756287,2.0390020017506987,5236
4916,13,0.6983183626271598,0.11168378610178101,2.9073960163723753,2.419953617384944,5236
4972,13,0.7120725663049258,0.06654356639020918,0.8156945730328318,1.8182679095284482,5236
5082,13,0.7542781663537244,0.1148613863174693,1.3118149283909941,2.164167193926656,5236
5166,14,0.798316293617266,0.10526070730510913,1.5745108300943118,2.301838911663992,5236
5207,15,0.8402063659626179,0.07914411712205206,1.6010392164501843,1.9536447455609585,5236
5224,16,0.8711898462101102,0.09464381001276283,1.88387545610047,1.8006111681999526,5236
5225,16,0.8735752884922753,0.08083396718124267,1.1970144095009645,2.0418405913222575,5236
5235,17,0.9148138285598133,0.0643081417791508,1.5822898194644153,2.0680299533253494,5236
5236,17,0.9434620189227864,0.05531205763985008,0.8892046409731028,2.513690578309475,5236
5237,18,1.0,0.0,0,0,5236
0,0,0.0,0.0,0,0,5236
2,1,0.08436596621894188,0.04290577867873563,2.5291747383131815,2.1525462140913483,5236
3,1,0.09083946492377659,0.035987025881163016,2.4463606859118765,2.419234056150655,5236
4,1,0.09343800391655543,0.08921740699571395,2.501077089375362,2.134505813918416,5236
6,2,0.10914408182276136,0.03429009914036773,2.205150990015995,1.9644718066799587,5236
10,2,0.12515568920622755,0.10671745505341247,2.6024239703763077,2.029087448008342,5236
21,2,0.1548458922355196,0.11977252006892697,2.5193816435950405,1.7953910463996956,5236
47,3,0.18933882006482705,0.12162975704796518,2.4032586435878747,2.009925397401102,5236
57,3,0.19395397908997503,0.05027872402313897,1.408676681512731,1.8608905830657585,5236
68,3,0.20403885112425713,0.06935896077218752,1.3788612479145907,1.619360392645231,5236
99,4,0.22369176938753044,0.13805002097105484,2.2480260105636027,2.101536022971043,5236
160,4,0.25505754202761455,0.07804063367977102,0.8338447139003746,1.5210408490462406,5236
161,5,0.2552857307286639,0.1295461498211018,2.0598644838939673,2.225896029601603,5236
545,5,0.33953776941252056,0.1444571937145211,0.794309268023798,1.5623555071084618,5236
377,6,0.3113166862328427,0.12318306250575407,1.6854191506492417,1.9262386488276722,5236
720,6,0.3635594771799745,0.15411565082184023,0.8266192940562945,1.617114891275582,5236
1074,6,0.4003750496775573,0.18335591543102497,0.7442358783559206,1.3430827473087301,5236
679,7,0.3578729597334771,0.14661229080318794,1.6815231866235854,1.7843936322569953,5236
1415,7,0.4270683215475547,0.19226927437478325,0.6314755613423977,1.3114674411139613,5236
1492,7,0.43292374070908446,0.201571128289182,1.0567904326782849,1.5199798034174754,5236
1782,7,0.4518331295321827,0.2300828931103685,0.7909461947360438,1.6626864084994957,5236
1444,8,0.4292797751633677,0.16525016734051967,1.410119344253873,1.9642728830954577,5236
1622,8,0.4411263628517549,0.15615061174605005,1.3980038158754773,1.4156081635517233,5236
1688,8,0.4457107654328586,0.14944167101693617,1.298158647066125,1.4951482422250586,5236
1767,8,0.45097289205716773,0.08751463326531596,2.208950151922982,1.853878235334408,5236
2233,8,0.4787794631930754,0.20235662384021272,1.0989059955165323,1.46134455963349,5236
3110,8,0.5249839001211187,0.23075954755231443,0.9154305587869349,1.4055035065253987,5236
2959,9,0.5166815381719513,0.04154120789682778,2.2502454164101042,2.2477485400945247,5236
2967,9,0.5169887916402044,0.12879083605329508,0.9996392476987932,1.609182851057109,5236
3491,9,0.5489825528173141,0.23307643292241362,0.9503000871180195,1.4952547975665351,5236
3674,9,0.5600160387299639,0.17556754584421233,0.8524869464018219,1.6222853340693604,5236
3808,10,0.5703321462684486,0.03963365683432576,0.8984365922928488,1.7497868129064111,5236
4116,10,0.5972794366106855,0.19232670118068768,0.852960297515487,1.5539755062197165,5236
4127,10,0.597904592700547,0.07202033653711597,-2.5500711089064265,2.045442512159542,5236
4352,11,0.6196242526642698,0.18819599681399815,0.7701504164515338,1.6175302356464012,5236
4539,11,0.6414872904664606,0.09177422241423822,-2.321580056700655,1.9021387511637653,5236
4611,11,0.6535737858491594,0.06341428275001962,-0.5729712681100368,1.7050948268044355,5236
4767,12,0.6795660560000957,0.15377640635003129,0.6621088687969806,1.8148031975652659,5236
4811,12,0.6870244415183354,0.20350884185681245,0.8347754813416088,1.768368942791448,5236
4854,12,0.6952982385966834,0.12466504355254092,-2.056594450087056,1.7631344664666628,5236
4964,12,0.7215587464289286,0.09875589896042537,-1.0353218830736899,1.796886109447438,5236
4921,13,0.7121035786205985,0.1993021163081067,0.7932760424954184,1.7992610923155161,5236
5030,13,0.7421890246365175,0.09857056649952882,0.5198094658115533,2.0146065123399604,5236
5036,13,0.7444728231110436,0.13266865215003418,-1.9053204793156955,2.0340790355131864,5236
5088,13,0.768491296297914,0.10500670089742431,-1.286273153930577,1.5736053126397072,5236
4987,14,0.7285664370139427,0.19928626678754355,0.7910070758482926,1.7567253427368923,5236
5166,14,0.8152511524023431,0.07852200143480781,-1.227901696755723,1.161473150844433,5236
5184,14,0.8247283537777436,0.10941398273627431,-2.211263179945956,2.208152557506817,5236
5185,14,0.8248773243176214,0.08109169177224598,0.01244476022179973,1.5389785811406498,5236
5121,15,0.7866426466239385,0.16254241547617715,0.9358348783979298,1.5721687840246372,5236
5199,15,0.8372109388252396,0.08973963248263744,-1.0700447615787594,1.1260838594970715,5236
5221,15,0.8730709632275603,0.094958143734379,-1.7837393527881875,1.148771249815156,5236
5222,15,0.8779670089540841,0.08410050727331192,0.23524087424163045,2.056042998345669,5236
5225,15,0.885890882803488,0.06456680372776151,-1.7465213272873652,1.0138072008335832,5236
5230,15,0.8944585828248028,0.06658352366853716,-2.618792178736196,2.0856945230680495,5236
5234,16,0.9153532654931117,0.06676338549909472,-1.8316733213635314,0.9125488703363556,5236
5235,16,0.9294079986714843,0.04451422182656098,-2.4875254387445866,2.3351634122599565,5236
5236,16,0.9515146999049061,0.043984460776888036,-0.3582184844790547,1.4304059980012969,5236
5237,17,1.0,0.0,0,0,5236
0,0,0.0,0.0,0,0,5236
1,1,0.07783072017895654,0.06672917830552684,2.3230914151559574,1.124625967796616,5236
2,1,0.08602658970580046,0.06284086865411354,0.22014625502688104,1.3778106533685652,5236
3,1,0.09428971113828788,0.050124180196879926,-3.0358301986707197,0.47288431773186534,5236
4,1,0.09922480750269491,0.0470983627684679,-2.4650724684170737,1.4289516943269924,5236
5,1,0.10496498785864994,0.04594310479910246,-0.08309930050306592,1.053050680750472,5236
6,1,0.10820940689597425,0.06908739019195408,-1.889375190092614,1.5115843534721294,5236
7,1,0.1206534958161739,0.11015485785161974,-1.9895128000706408,0.6462415830361549,5236
9,1,0.12688507266183469,0.09073958268422026,-2.778948867485691,0.8502678876600818,5236
15,1,0.1411548374642243,0.13030709682214237,-1.2474849560192405,2.080496950421057,5236
16,1,0.14118534992160003,0.11616374922113316,-1.4041879620453073,0.8640474382621552,5236
17,1,0.14233947520686918,0.12541808299848256,-1.7306770746665816,1.3255165449057444,5236
39,1,0.1737690892984861,0.1609732877735989,-1.4382311410516986,1.5083354743723232,5236
23,2,0.15516259585291414,0.08547130552610477,-0.36532437132573575,1.2749680621744222,5236
25,2,0.16128557778748653,0.042758077905158794,-0.6911736889422163,1.1395239459428717,5236
27,2,0.16440393972263068,0.09740734005729593,0.28103868511883984,1.7049196747823496,5236
31,2,0.16640819998326672,0.07797265457993195,-3.105957320809895,2.109770930066081,5236
32,2,0.1682722459242828,0.11385153396792283,-0.44620633219693706,1.2707280689207305,5236
33,2,0.16876764523376286,0.07108430356299389,3.0365268864352024,0.8273887671524218,5236
37,2,0.1732448590629515,0.11042701625634321,-1.8968999527939083,1.1058797823211408,5236
43,2,0.18247062951271142,0.12935417437187038,-0.25435161449783156,0.8838457726124106,5236
50,2,0.18570174821114815,0.09620341291071056,-2.9213686723092733,1.8452348918879622,5236
65,2,0.2017207966037119,0.13481534948304316,-1.480353759252782,1.8968278558467229,5236
69,2,0.2070051130003039,0.12682967751733518,-2.9859914246436916,1.8590074709618358,5236
73,2,0.21046192076197812,0.1378001314625333,-3.133047299530226,1.511291003599365,5236
83,2,0.2143473288033666,0.13512296893747638,-1.1177109728942722,1.472127152056434,5236
95,2,0.2197781180188898,0.14335815853967696,-1.4441235718839027,1.3205335319842306,5236
82,3,0.21381037889922072,0.09139637605497358,-2.183241666429164,1.181069715928483,5236
124,3,0.2368660388726569,0.12586159917074796,3.094753927808368,0.8961550425015921,5236
125,3,0.2370636398284155,0.14040304624026453,-1.9320157352707081,1.4475841939135219,5236
129,3,0.2391350099502545,0.0991726085159224,-0.395812812829108,1.5832922061619665,5236
131,3,0.23983745389385747,0.140184769053948,-0.0038419112492985388,1.5503771805385687,5236
150,3,0.24702991775214678,0.1280247240067852,-2.9914770134941593,1.6535919509896886,5236
156,3,0.24882741115570595,0.10331385836559884,-0.8584518243509026,1.041466374307799,5236
158,3,0.25003050373439517,0.1005824528490081,-1.7336676136001206,1.4868610336613213,5236
296,3,0.2873600603545602,0.18465544935680675,-1.4917303387785643,1.4763503401366747,5236
311,3,0.29033516267729553,0.12868640640929532,-1.0903493604916155,1.442179154022651,5236
207,4,0.2700678508957941,0.11684303968913068,-3.0149447249871777,1.505774769137082,5236
241,4,0.277802949464411,0.1327329640727946,3.0085424359735566,0.8453879770868948,5236
258,4,0.2822135037006761,0.15006897843210582,-2.9807881094499247,1.664070616165659,5236
270,4,0.2838071743337296,0.152622434584349,-0.1296640257841694,1.664347127468195,5236
350,4,0.29949528950016324,0.12863667530264242,-0.8226349772563971,1.3065027117681836,5236
352,4,0.2999800575366063,0.11800881050417214,-0.7323276341852085,1.190594815207881,5236
413,4,0.31074988454196206,0.14289544642559532,-2.902334202648047,0.9395090315681908,5236
471,4,0.3227551234156921,0.1626383840732126,-2.6394215333347133,1.1319305950334586,5236
597,4,0.3443999391903513,0.1434658381079934,-1.4685548907592052,1.3967454843942937,5236
387,5,0.3069021517611118,0.12064994083996466,-2.9470367446225305,1.53160653781493,5236
429,5,0.3137934109194789,0.14671356877816846,-3.0886555684020927,1.5328364936024865,5236
479,5,0.3251832432392412,0.1321512261738076,-2.972764287619935,1.397945070764305,5236
507,5,0.3302927647388699,0.19820655338233617,-0.11895404491853384,1.6532397321729857,5236
756,5,0.3676730102310318,0.16049032215687928,-2.577115378905385,1.10374367016037,5236
820,5,0.37253463415953436,0.07972892354707202,-0.5148250200627191,1.4461595657400463,5236
874,5,0.37749969366091574,0.12179474097757897,-1.4074989893479761,1.3704816010910135,5236
875,5,0.37752908652152706,0.17489942550307525,-2.763093868461604,1.09307277503023,5236
876,5,0.3777498624733102,0.1041790193261984,-0.32073115214618075,1.1953067052502053,5236
793,6,0.37087849763336456,0.16042474431446982,-2.8973853763076334,1.376197363330854,5236
1215,6,0.41120059414717935,0.1927346476793597,-0.41171824616913244,1.4242258263903618,5236
1220,6,0.41152622779770986,0.08389927807502184,-0.2649575330379129,1.237409397852181,5236
1252,6,0.41434633740616356,0.15385483979234527,-2.665247864607776,1.1706292077563067,5236
1312,6,0.4185918151845761,0.19637406235899565,-2.5096005885411077,1.0420495378048913,5236
1619,6,0.44037665327979414,0.24597632151450494,0.13737570360598378,1.5176019511284278,5236
1666,6,0.4443380090188671,0.16136698438853458,-1.5469009207154534,1.1280988299391463,5236
1681,7,0.4453651452361672,0.1968569998999951,-0.3526462832169122,1.3711537914538807,5236
2015,7,0.4689230513738877,0.1331358203926034,-0.2478071986267859,1.3274230132911258,5236
2145,7,0.47606659795006245,0.15248951877944322,-2.749524494591876,1.3085273843864065,5236
2501,7,0.49530888405218143,0.16839003558838717,-2.4667834765770427,1.2610900074616982,5236
2511,7,0.4957256813813593,0.19688389632044082,-1.6734508485923998,1.147905627328248,5236
2736,7,0.5063982490434142,0.27786021368999697,0.21035421730060033,1.4095106984191648,5236
3127,7,0.5268581086746141,0.1446754001094412,-1.7570762447408246,1.0738019740801648,5236
3097,8,0.5253485680954675,0.20460656585730086,-1.57774974678153,1.145933295363153,5236
3101,8,0.5256034244012248,0.15375828229277477,-0.18558613611144845,1.1296291371400529,5236
3996,8,0.5818981648291055,0.22768473803884676,0.29208017964137684,1.2588110160218229,5236
4023,8,0.5837715433720583,0.14593447495459075,-2.0936833824318,1.0740722182398872,5236
4068,9,0.5874279166128393,0.155080587970071,-0.048894517914128896,0.9751614879886081,5236
4352,9,0.6145000076098442,0.2138649448998349,0.25340211126870804,1.2046686876948045,5236
4402,9,0.6190700463925441,0.14853965892357743,-1.9821483731889793,1.1158820254088244,5236
4556,10,0.6381982601163896,0.14471191960251498,-1.9715951942380285,1.1700769224482495,5236
4678,10,0.6569391607664263,0.2059992237107972,0.19535216381979495,1.0500908539593892,5236
4734,11,0.6673588154896479,0.14125640645908266,-1.98982449456497,1.2484255222323188,5236
4900,11,0.7044075208389527,0.1712295864551026,0.08861686151298982,1.0266952532154197,5236
4897,12,0.7029847625366995,0.15400986290202034,-2.1647735204063965,1.1931134412593516,5236
4988,12,0.7243618534708609,0.17696620226394652,0.06208901328508576,1.1045394226440484,5236
5057,13,0.7424648554238937,0.13499851149506023,-2.0867345309276044,1.1608983533785322,5236
5086,13,0.7533588043998902,0.1511065341783718,-2.062959960632792,1.1185778856197806,5236
5137,13,0.7761741866404669,0.14630029361216676,-0.1457234523823088,0.9409025029371507,5236
5157,14,0.7875497594033088,0.15146417789403546,-1.8253356321550671,1.19695954841976,5236
5166,14,0.7952268273776341,0.09755449579978742,-1.9994357601934776,1.0477514743978127,5236
5194,14,0.8131040089439993,0.1279739794164301,-2.1918996173791996,1.0154098025708034,5236
5196,14,0.8141039684549316,0.1429824504961181,-1.5782662009423125,0.8901106927844935,5236
5210,14,0.8302379964426371,0.10840195253984203,-0.17448308765953416,1.1317813585706695,5236
5235,15,0.9107796157548238,0.04193330075064144,-0.45912827108012594,1.2844987565366108,5236
5236,15,0.9155984307093786,0.07627231542290576,-1.5973328204097847,0.953870457929504,5236
5237,16,1.0,0.0,0,0,5236
0,0,0.0,0.0,0,0,5236
2,1,0.10476883109607094,0.09466243425250466,-2.509299713784128,2.715747859697678,5236
14,1,0.13104920307521395,0.11253666663711381,-2.4432362190020878,0.7153320536081044,5236
10,2,0.125083284179615,0.10632247354842422,-2.482310289430862,2.5862443581814074,5236
42,2,0.16921611240070789,0.10407911078296969,-2.6566164497550813,0.5204492636390259,5236
80,3,0.19934814195731154,0.12662799208289444,2.925788220428357,2.67659420253694,5236
140,3,0.23537384072308254,0.08321886687441006,-3.1388295676624938,0.213616313299937,5236
129,4,0.22960732119735427,0.12210015979527925,2.910139829068774,2.642171471334993,5236
315,4,0.29024523439311234,0.11970684283477487,0.9365887502824536,0.09711558442972218,5236
312,5,0.2896526321806824,0.13863834158548916,-3.014744917358115,2.5326514224220498,5236
358,5,0.3018540020415065,0.1322492212416481,2.833457531252531,2.1646961758029497,5236
560,5,0.3377226179148314,0.10220828546385197,-0.7312673593473484,0.18499127647788347,5236
878,5,0.3769171366945504,0.15992412298541106,0.11314388664441553,0.5011548074889406,5236
479,6,0.3276744740630645,0.10377498391403085,-2.9459680976847027,2.4969408432494093,5236
570,6,0.33911257654211857,0.15583362686606922,2.6013796920235293,2.218094456660019,5236
1699,6,0.44515944558716525,0.10569713211120758,0.7670385016442486,0.31096748039080324,5236
1011,7,0.3905865680995477,0.07746162193186636,2.508707667851925,2.793231345095107,5236
1076,7,0.39629719739726166,0.08924739822132055,2.9424997627315337,1.9690216149392552,5236
1345,7,0.41845129388622426,0.17420741512183158,2.0989736954264826,2.241293200367039,5236
1441,7,0.42790092994734885,0.11386881647189451,2.857334863161536,1.7375063488405402,5236
2312,7,0.4815611283464841,0.11583112712381428,1.9547382574008525,0.19634166301691808,5236
1594,8,0.43791906022735916,0.16829815785260707,2.1708560350170587,2.290917029226657,5236
1793,8,0.45183093951494135,0.08399885615545356,3.0952244049746316,1.481574581274838,5236
2157,8,0.4728400687759041,0.14490209465665382,2.581341315834158,1.818491047540931,5236
2226,8,0.4766278852466649,0.058557786315405654,-0.8578264817812499,2.3711416772963783,5236
2569,8,0.49347455832221077,0.07405284593234375,2.95285219680958,2.2752701007030938,5236
3309,8,0.5334311440637756,0.1267576826332171,2.1321240879286174,0.3962393490495791,5236
2676,9,0.49910971754245614,0.08298860538430983,-2.9109471877821815,1.3369523045693785,5236
2834,9,0.5074680710495979,0.11053304287802235,3.0076752579784745,1.5604588767879188,5236
3092,9,0.5213183905136042,0.047633087204259635,0.5588949524553892,2.712919489049545,5236
3137,9,0.5233430553268471,0.19058626527210498,2.538096213959813,1.7042886315706316,5236
3209,9,0.527667832171602,0.08070689461211623,2.7265397130893967,0.7920058697943198,5236
3279,9,0.531725934983825,0.09462472881546631,2.625738940560793,2.3020632294041623,5236
3442,9,0.5428694620134498,0.16073310010167505,2.784860687183,1.2384613810855116,5236
3911,9,0.5724837399652392,0.1383130446540544,2.0020087452383803,0.30971318627409133,5236
3596,10,0.5523286886776059,0.10967738687547549,-2.7913371457914145,1.4954119629228126,5236
3609,10,0.5533245019375711,0.0526124742240356,-2.757772060730604,1.15544998833418,5236
3747,10,0.5609138590900891,0.20908217945975,2.581126222138774,1.684406791047583,5236
3822,10,0.5658358498943056,0.07112079864924088,-3.11080917675545,1.925572381571726,5236
3945,10,0.5746908933166135,0.1624339771527657,2.9199055235602285,1.1696507937641367,5236
3965,10,0.5757784253317035,0.18956034620119205,2.4413947336294006,1.449596324059779,5236
3978,10,0.5773819042199969,0.10447498512468265,2.541256895895858,2.3889398547519356,5236
4030,10,0.5816491094521098,0.11919791529156584,2.6169521532534734,1.3582811686440504,5236
4051,10,0.5828444016427576,0.03999069125780199,-1.071291148458385,1.6724105919642769,5236
4263,10,0.602396007369635,0.15658338874650307,1.647570014373689,0.3792311829822099,5236
4444,10,0.6241163521791245,0.14185956498740177,2.188035637071622,1.5539346518879174,5236
4459,10,0.6257837100913565,0.14514392071507667,1.7949811771665787,0.7385817850727011,5236
4295,11,0.6056759739498407,0.16370112503879555,2.9757799301176098,1.3509028278701514,5236
4418,11,0.6214112120736244,0.07894308485949887,-2.0239400957227964,1.3950995652265803,5236
4499,11,0.6300242038643888,0.14350998459019212,-2.5728822740919006,1.3460739755676092,5236
4514,11,0.6323609978530814,0.12968775111522413,-2.5569510186518762,0.9868329584403852,5236
4557,11,0.6382974947896644,0.03759827896172627,-0.7627042114491949,1.0491994066050958,5236
4638,11,0.6506436236100372,0.1024863472540671,2.4770625913645112,1.4855033332961285,5236
4641,11,0.6508597621027141,0.07888563844418957,2.344113574975485,1.7245710810526633,5236
4700,11,0.6594602806442376,0.13071976319950243,2.816404862784743,0.6214739375709228,5236
4783,11,0.6731632154443328,0.13357952228324857,1.7047453414398104,0.7829475525050339,5236
4844,11,0.6871381051962856,0.16683353866179243,1.9818808170046034,1.0660847588121096,5236
4907,11,0.7008491827110882,0.16114801826927364,2.163868066589678,1.2657958255682673,5236
4916,11,0.7027735734749724,0.16533051404466728,1.9559354146896912,1.371183734582029,5236
4808,12,0.6794556832431311,0.12747074685972876,2.6420683152227205,1.3167233916548704,5236
4892,12,0.6986625876746438,0.13701512894003665,-2.5694536960641137,1.7364982597868002,5236
4941,12,0.7097627099109264,0.030718632032869658,1.8938211861273928,1.7726335029662696,5236
4951,12,0.711423312172424,0.13313102254566006,-2.343220349279434,1.4893002575525855,5236
5016,12,0.7275073599808474,0.1320227271468289,1.910796474852942,1.3635280471050741,5236
5029,12,0.7307706587567678,0.1058344870102149,1.3665448597838004,0.5988016448200173,5236
5043,12,0.7344232941373388,0.15208895893969596,2.0142855808569946,1.218702421959195,5236
5072,12,0.743967270177968,0.18921943391366755,1.8581016269991757,0.904896140403964,5236
5110,12,0.7620442178808817,0.17178666010628793,1.9482790624960469,0.7588139481340126,5236
5056,13,0.7391557140329589,0.11628641601522925,-2.4085016376019834,1.5543005187510086,5236
5097,13,0.7540104532866232,0.047528846752303566,1.0958006119125494,1.1808438318179308,5236
5117,13,0.7655373117113699,0.09737346356909521,2.2619437416619457,0.905271828357172,5236
5133,13,0.7702935202958153,0.09596011032692149,2.3576657219888846,1.3506034474204371,5236
5186,13,0.810360287673854,0.13876066978625162,1.9199173236158997,0.949823962076689,5236
5151,14,0.7792381083380411,0.1377150413521375,-2.2695498081823504,1.678154490322875,5236
5184,14,0.8088679434371406,0.09794571311426198,1.2835244458568615,0.962628084514555,5236
5217,14,0.846305098009541,0.1098322920427159,1.870053272496432,0.9381134735077762,5236
5222,15,0.859802916957982,0.11935482402188352,1.6391365170430783,1.173680566026352,5236
5231,15,0.8798773351103982,0.08306805973893402,-2.528026267239714,1.1692434487781425,5236
5232,15,0.8874842166496512,0.07864894869435578,1.9806764063633944,1.1144303550356927,5236
5236,16,0.9715251596680635,0.01907633825108745,2.5735716948746257,1.7016830771783655,5236
5237,17,1.0,0.0,0,0,5236
0,0,0.0,0.0,0,0,5236
1,1,0.05294580826027928,0.046152823910578504,2.0318597096710787,2.196441110426606,5236
2,1,0.06459535116451298,0.055574837716205264,1.974508625474734,1.8376011060402995,5236
3,1,0.08510258455619779,0.04978681051785794,-2.7740394745687103,0.4725212891152594,5236
12,2,0.1261493537722429,0.07214642572597059,1.9111280061924087,0.9127791366624053,5236
21,2,0.15247315686746443,0.06950798395417122,-1.7630485295865277,0.9241526078548672,5236
32,2,0.16627221190915287,0.07353236510453176,-2.47360394657142,2.1352931364798056,5236
17,3,0.14306021055762197,0.06891016067110142,1.9550273349669927,1.1094710321173533,5236
43,3,0.17873786452436036,0.06653680057286532,1.7045493042995319,0.5972383199343497,5236
73,3,0.20702798821737,0.09779071072915968,-1.6882710242992016,1.492173698378219,5236
81,3,0.21218677448077117,0.07667472740587239,-2.088571466654887,1.7511275504448074,5236
68,4,0.2058664779590007,0.09186123427726585,1.8659337138873888,0.8369889056756082,5236
95,4,0.22378740916722806,0.06647227850357648,1.8533505427377135,1.2450689766199754,5236
155,4,0.24897036431740494,0.08881509819628321,-1.6814019028474976,1.8539882429115744,5236
221,4,0.2690246370839081,0.11196244032888891,-1.35236000690181,1.6319553608050725,5236
290,4,0.2904898392371491,0.08885186259620548,-1.1801725920082151,1.9974105341587458,5236
304,5,0.29513729913824993,0.07287894058211022,0.6708141630841848,1.1343340083586873,5236
391,5,0.31281814974202926,0.09687136333634837,-1.1608293300043215,1.9302102175157032,5236
491,5,0.33203643354789836,0.07040311377622491,-0.11783300313630536,1.1554842876313935,5236
799,6,0.3720012945900467,0.09185710502932683,-0.18964501507552564,1.1606295211248627,5236
1072,6,0.4006204980709882,0.07755066017586223,-0.6315495261613719,2.483913317967444,5236
1408,7,0.42700595561950694,0.06930355610835795,-1.1477336289787943,2.5740043260484398,5236
1559,7,0.43747322301697744,0.0629162966702793,-0.1108419064903564,1.0627302460061074,5236
2242,8,0.47940550888649214,0.02759338566075552,0.23605445351026608,1.032624084785354,5236
2784,8,0.5080887087399777,0.07813541901592153,-2.1423827906418857,2.0594461480209194,5236
2889,8,0.5132043822184551,0.07642094160215221,-0.42703249716444464,1.832270705671535,5236
3249,9,0.5320881571561289,0.09152213419606166,-2.340187229697259,1.9971589804109897,5236
3475,9,0.5458267154488191,0.05165787163432281,2.3571980324475312,1.1070625832452614,5236
3494,9,0.5467770670741984,0.08381395285343718,-0.045589851414243925,1.7876296715239497,5236
3946,10,0.579689787886609,0.06603858404723216,-0.04437449457143257,1.9244744692548172,5236
4125,10,0.5940093660259848,0.020319217135608202,2.01704850771311,1.0354909000549375,5236
4265,10,0.6062271270992997,0.08776310056791817,-1.7704339319110804,1.7100484082664458,5236
4531,11,0.6415688824921059,0.048858285858292626,2.8006255781813882,0.9479841676758053,5236
4647,11,0.6576799954828464,0.0675279914456562,-0.9531097684342569,2.306728811005696,5236
4782,11,0.6763172625619079,0.09176774103267188,-2.291884142822537,2.200954551360923,5236
4799,11,0.6793901101822675,0.08567391087132649,-1.361326992118481,1.8413872324918652,5236
4823,11,0.6837166934517235,0.06358219132525106,-2.4240850507982987,1.9811906933482801,5236
4739,12,0.6699889617923553,0.050825380407761495,2.6644263459785646,0.9038088735370561,5236
4874,12,0.6921718832346982,0.09757203120956993,-2.474675032916086,2.257820333422266,5236
4907,12,0.6984109907472377,0.02515998803076432,-2.216326761770471,1.4909123804296445,5236
4955,12,0.7130891542405087,0.06364335729159838,-2.1321898781374546,1.8066131613748433,5236
4992,12,0.7229967650560658,0.06289321801837759,-2.0201702678175164,0.8906337216765439,5236
5012,12,0.7295477548423076,0.07462652441679128,-1.7908950770381,1.788882702484466,5236
5103,13,0.7635777377529562,0.08576612343259776,-1.5393187230554466,2.206141245005271,5236
5127,13,0.7805424498640487,0.07816654729527069,-1.9964901246201845,1.693230268464738,5236
5181,14,0.8209501294673166,0.11047263074680297,-2.0451670976357335,1.9044031724254504,5236
5182,14,0.8213615568235283,0.11403441758324573,-1.7589456366467189,2.5145506928930175,5236
5232,15,0.8978627591517038,0.08605969522618567,-2.5685805910975543,2.187283329642694,5236
5235,16,0.9246886798434847,0.06574514032336776,-2.4595125577192634,2.1432045596016107,5236
5237,17,1.0,0.0,0,0,5236
0,0,0.0,0.0,0,0,5236
1,1,0.05918950563565217,0.043266645916262655,1.7476161136921196,2.473205788270486,5236
5,2,0.0976345180734558,0.06619410541375563,2.603894358845026,2.516342515186453,5236
8,3,0.12219165470758064,0.057751541359243305,2.366611565743173,2.4985488748347198,5236
9,3,0.12741564207707623,0.07996062720347628,2.5603257068438317,2.8275522854704245,5236
30,3,0.16712163201765895,0.0993345998056053,2.8350764025838764,2.135248981517569,5236
40,3,0.17206202422146288,0.1289950359671882,2.2818979013669813,2.1463462760277374,5236
38,4,0.17132881098360775,0.05485559419348152,-3.1339161932452977,2.581273178092951,5236
47,4,0.1803365293344844,0.08022907129057866,2.3905552821993274,1.976771750622266,5236
51,4,0.18465488312677736,0.09029788724275205,-3.0318276304252256,2.3591137149588755,5236
52,4,0.1852075526235445,0.08081960287797148,-1.562243412425449,2.6508609214310592,5236
60,4,0.19169645445106165,0.13053165140325962,-2.6391774870806395,2.7354033655875325,5236
71,4,0.1997225546109671,0.06195040890861284,2.0473955881488273,2.003534135263333,5236
96,4,0.22195206148068403,0.07084364934077074,-3.0163204850804437,1.1375163931114813,5236
104,4,0.2283113456461323,0.09350280936212742,0.860435599447466,2.070896153276394,5236
109,4,0.2305703089279061,0.06593696342185167,-0.8804809465286031,2.217682593669096,5236
261,4,0.2793967198771582,0.16899007550521716,2.790206114077711,1.6958955239788798,5236
155,5,0.24916010138345357,0.08144331951795884,1.5255858114082927,2.980567642544417,5236
188,5,0.26156342988372183,0.13932216553456173,2.9760989200955117,2.194478718332657,5236
207,5,0.26652507197703945,0.08373512370112585,-2.760001646364905,0.8152338142636332,5236
215,5,0.26851330067699997,0.06156358863147572,2.8418775792688,2.069256039694947,5236
224,5,0.2716961042599044,0.10773273341542076,-1.05909079246554,2.112567272008469,5236
225,5,0.27198284772855885,0.1433425588789754,-1.7579740037507228,2.3499274043924423,5236
230,5,0.27295656213247277,0.1499916034248435,-1.3452555001862634,2.2804970120645396,5236
233,5,0.2737559916270069,0.11646881666089134,0.5833638404628412,2.661978030292232,5236
238,5,0.27576382652493037,0.12678123573742012,-2.1713865699146964,2.6765376088923976,5236
247,5,0.27718557392603616,0.11230277225366858,2.4409917857814603,1.9397437624766956,5236
271,5,0.2807495535342127,0.07305400019070109,-1.8165931151762942,1.2867440029028296,5236
280,5,0.28249228864691167,0.07236422700051263,-1.4789002013185795,1.1964499638190225,5236
282,5,0.2830508198648648,0.12787016132894627,0.4903681175077116,2.936666286163911,5236
309,5,0.2923135433718653,0.09375790231901751,0.33922818341094785,1.6478362777529538,5236
328,5,0.29586982552294205,0.1694066919942577,-2.4808651478528283,2.7810557912565717,5236
334,5,0.2965641815147738,0.16833197128274696,2.869806529217254,1.6653356621615547,5236
341,5,0.29846193844742275,0.0973017953995194,-1.7754841709279714,2.1545438823365832,5236
360,5,0.30358852900306,0.1464006895981963,2.012164145415418,1.3592287506351495,5236
368,5,0.30509088746887314,0.15806585342374754,-2.5059650473892883,2.8188751098312945,5236
370,5,0.3051551325841624,0.17863394497687643,-1.2988196494224091,2.876362531092089,5236
429,5,0.31591848342213613,0.17495223342756755,-2.6631113433972846,2.1204002806065385,5236
819,5,0.37104864578024876,0.21587901335818324,-0.9242402639715076,1.8827770903121968,5236
301,6,0.28992459346175437,0.12666812252422815,3.0717026284672295,2.228770976244003,5236
451,6,0.31948117839215784,0.16239121991137928,3.030132255936832,1.910125245589018,5236
495,6,0.327866161081516,0.11260803591145521,2.5008254306939346,1.6080864895731202,5236
515,6,0.3300586105877952,0.16599056725117983,-2.7198873045099896,2.8328830042986817,5236
520,6,0.330763540901715,0.12437406896387034,0.5143977665949712,1.5677002050269644,5236
529,6,0.3322616597603837,0.15731578386480422,1.8725640792500495,1.3248191908105416,5236
530,6,0.3322767364943806,0.1961727351737238,-1.22227213067097,2.859355401444247,5236
538,6,0.33420779074455587,0.14467845755782735,2.9714094078584212,1.7614757190269934,5236
544,6,0.33476447649848706,0.13061306255906538,2.659260495603123,2.4307726922594397,5236
545,6,0.3347890862509644,0.09693602208933243,2.457050934381633,2.7089498926212667,5236
571,6,0.3391204078486296,0.11575288971413038,-1.369589047498422,1.564095258493005,5236
607,6,0.34367119697665316,0.11736452316982983,-1.384146590652751,1.146767460994076,5236
621,6,0.34572432526243957,0.14705918065886137,-0.8094009099787052,2.8918392087370446,5236
675,6,0.35262376100740733,0.15483938234830275,-1.3211007883223531,1.896699247469632,5236
685,6,0.35380087902561386,0.19607309500913617,3.0464100784833645,1.7373528854084799,5236
690,6,0.3543122986385089,0.057041614615868735,-1.924119869130557,2.2481453575816532,5236
696,6,0.35481874378357114,0.1986893671000926,-2.51295524737186,2.2220231446417658,5236
710,6,0.3569449118868022,0.05036854636001852,-2.9732489387141268,1.896631089256498,5236
808,6,0.3700184156888988,0.21404849882840313,2.8263615853991464,1.697374836483397,5236
820,6,0.3711074577999737,0.18120063401463385,-1.109021735249148,1.6701802705246898,5236
846,6,0.37391027684786626,0.08843105539533763,-0.8465003549595259,1.9368562454418283,5236
877,6,0.37784156206852093,0.0795428410201333,-1.8154465145653824,1.8615734365215142,5236
1144,6,0.40555479093039504,0.21044319348020385,-0.997222749452164,1.5514199256957957,5236
1280,6,0.41761681086833646,0.2353461690996279,-0.9277258825049949,1.7300003310460281,5236
785,7,0.36747574987561504,0.11700157757973968,2.4220129909967887,1.9339365320885988,5236
886,7,0.3789401144909239,0.15567269193672512,-1.37495863261447,2.791303423062905,5236
902,7,0.38047515930186204,0.10735926420055329,0.48579863090428843,1.6052363535516851,5236
925,7,0.38263205430807123,0.20862034168688312,2.987010877703442,1.811291552407801,5236
927,7,0.38274059472717126,0.17666599762191862,-3.0117004255719197,2.2145195305769834,5236
972,7,0.3875195446308022,0.10786336669104359,-1.566967915629928,1.3121560521822335,5236
979,7,0.3882160727770607,0.1228171647335479,2.227962266391517,1.396355272960932,5236
981,7,0.388709067744639,0.20814780270568112,-2.626971705856605,2.6652594733168886,5236
983,7,0.38880412409260146,0.1492340420972468,0.3262100243874365,1.5044207429936238,5236
1001,7,0.39106999155631483,0.14563364009585641,-1.2034146760762126,1.761252934503974,5236
1010,7,0.39179151022778635,0.15618048510090102,2.8788039878359237,2.584794315372712,5236
1018,7,0.3931313009527331,0.16337766624316116,3.048256426685991,2.9906361493095908,5236
1040,7,0.3953602062791627,0.11683374824381057,2.046671894863935,1.0061555740283459,5236
1049,7,0.3961862655549737,0.20004741079251556,-2.9576839231463707,2.15385327727366,5236
1065,7,0.3976160272784066,0.1505393542400388,1.8876061225689564,1.2296990237787213,5236
1092,7,0.4003645448473172,0.14376510487980973,-0.5748819064212681,2.815047045479105,5236
1101,7,0.4011975283443856,0.19536500746616423,-3.117414554653698,2.085499387676384,5236
1225,7,0.413299779166585,0.21248134998791782,-2.5296160597672745,1.9807164838327116,5236
1226,7,0.4133247937518163,0.22277927276895407,2.654384066373489,1.7002272017463596,5236
1237,7,0.41440692370447385,0.1880873147825699,2.771742031079506,1.7532837543407729,5236
1303,7,0.41983962219312776,0.11502400142893077,-1.7094171696993774,2.011963361957396,5236
1358,7,0.4243868161834221,0.0689400641168781,-1.8132177611339135,2.366783815602902,5236
1383,7,0.42612359963748025,0.08383014948989095,-1.1168508660803926,2.343410166627698,5236
1971,7,0.4666000077362993,0.23370753881590775,-0.8022704281826807,1.6096524252694022,5236
1402,8,0.427579902246247,0.15441137482882022,-2.9945109417686457,2.397918875954618,5236
1415,8,0.42839021854141,0.1441424488602202,-1.233558328791651,1.6042060814899337,5236
1496,8,0.43348085243505763,0.24378425512611285,2.9793466317855417,1.8964367737213048,5236
1585,8,0.4391828747347615,0.16625875343198235,-2.340223870255514,2.8474199294844733,5236
1645,8,0.44409980162998985,0.20784616917670376,-2.5207571125530412,1.8820642955425608,5236
1657,8,0.44474077815235036,0.1700774338499124,2.975429803021647,2.1434094909451624,5236
1745,8,0.45155688102224634,0.08484033687892613,-2.185386020805331,1.4546235430889265,5236
1746,8,0.45165763127486447,0.11975047674018899,2.3882561135615816,1.7243401094632138,5236
1750,8,0.4518246490829333,0.10107455015800094,2.0323600391463037,1.1982476197515823,5236
1791,8,0.4544438004055611,0.15963792014896738,2.719988901996647,1.880732689097502,5236
1794,8,0.4547134921378807,0.14232529813636582,-0.84206390059633,1.6201975474651833,5236
1810,8,0.4557443528291767,0.18722016219150314,-3.0685606402951278,1.9200993384364422,5236
1811,8,0.45579355236929975,0.11823406160970282,0.44259375589683253,1.5489135821087663,5236
1815,8,0.45603681640308347,0.12678532853927632,2.816540801310043,1.8523030954239064,5236
2168,8,0.4778454536049903,0.12049717781705517,-2.571667656115799,2.576853199668779,5236
2413,8,0.49087615681769503,0.18383824117595265,2.5083089048020675,1.923690415062403,5236
2496,8,0.4951270933264993,0.09042248149428427,-1.7152215717940655,2.6545385525234035,5236
2685,8,0.5029489983435077,0.22485335861556097,-0.7665792329089048,1.6000944058825695,5236
1824,9,0.45684101566581503,0.1647867569503055,3.017924779807627,2.0897529118406686,5236
2427,9,0.4916084136110317,0.21407236000619098,3.1324276760875125,1.8728167675794998,5236
2490,9,0.4945984894934434,0.20668069455376267,2.787420682511772,2.2306885752332697,5236
2640,9,0.500875540134126,0.06130295327619757,-2.418347584725949,1.4170508895277465,5236
2720,9,0.5041265874321249,0.1232149430478723,2.2941011943966245,1.8458982563336819,5236
2790,9,0.5075312738247784,0.19493371514621333,-1.125309725170469,1.4283098274546766,5236
2818,9,0.5083648771925299,0.18448402986135393,-2.373146080694911,1.9854556125571785,5236
2941,9,0.5147509738090603,0.18292417822887178,2.630119879662804,1.9017042050013246,5236
3073,9,0.5212934707629816,0.17671526187793624,0.426139528528206,1.6365433710506947,5236
3220,9,0.529979787899273,0.17338213273429276,-0.49899040013104523,1.6640594644681665,5236
3240,9,0.5309451886437062,0.12255876299935241,-2.1211322833619892,2.65228179988833,5236
3249,9,0.5315866992951687,0.23368311377343545,-0.6807316188502064,1.6773327250390215,5236
3334,9,0.5369153972875108,0.1883546619379277,-0.9257885965297533,1.4969478180856681,5236
3376,9,0.5395361277885095,0.11383863968269066,2.9053743655402324,1.267096080739346,5236
3395,9,0.5407122168496439,0.10392221043057621,-2.1799664714182767,2.475004073550757,5236
2976,10,0.5163430059140747,0.20366556080489182,-3.027254595710614,2.0369850282314905,5236
3182,10,0.5275198451510789,0.1834298861671145,2.8798886122207366,2.367453608145148,5236
3198,10,0.5286571808130223,0.18325191079447248,-2.406691992001292,1.9074727166010745,5236
3232,10,0.5305933437241417,0.2232525899342924,2.7352051871570695,2.1156251508410335,5236
3286,10,0.5337723684993368,0.12602494647803897,2.11674733316542,1.7869002261443998,5236
3347,10,0.5375305407645339,0.18576946050942908,2.9099373872346312,2.292091156817568,5236
3403,10,0.5413134929257899,0.05216932752449383,-2.408596038609936,0.8693794004710755,5236
3612,10,0.5547317228122266,0.2278800524711982,2.47280583803969,2.2732937907690447,5236
3626,10,0.5558997252984446,0.06627161478770129,-1.9959203495785802,1.9693228638426252,5236
3740,10,0.5637211410400015,0.14899382838852734,2.3975007355722653,2.027171092033142,5236
3781,10,0.5662549739437327,0.11388998056307861,2.3683649063114576,1.5484417244984972,5236
3791,10,0.567319854131761,0.09312735260544078,-2.180828835070566,0.9017904718323648,5236
3807,10,0.5685577369515166,0.1642504824981952,2.866507266041994,1.9150288715827575,5236
3961,10,0.5802582007560785,0.17756392702509294,0.22475992852350424,1.7081655423333453,5236
3968,10,0.5806260523841571,0.14692036033384487,2.8817689225633627,1.1367774391379502,5236
3995,10,0.582555136713572,0.09312720707352715,-2.7454755790786387,2.5904917802191454,5236
4217,10,0.60195520818549,0.19955425401851543,-0.7080515841567984,1.4980138791453292,5236
3770,11,0.5654141738302336,0.2022856982993715,-2.3342787614926612,1.939734096890282,5236
3989,11,0.5820458281919915,0.09656302757952236,1.8576141620784852,1.9035095792291017,5236
4035,11,0.5855653859735382,0.15414866011367814,-3.017740976370617,2.45534240926467,5236
4073,11,0.5883796057608213,0.1814228399557989,0.20139812781788705,1.6878054594181244,5236
4259,11,0.6051817624266299,0.08591600331247924,-2.683781812644217,0.7103234479303709,5236
4270,11,0.6060044318057127,0.07652154917183049,-2.3277101719965536,1.97364518569252,5236
4316,11,0.6112106064542877,0.2163350991604323,2.4687832300776766,2.4157336761918176,5236
4376,11,0.6175064807277174,0.16037754764776985,-2.567729080956952,1.4735138189630768,5236
4395,11,0.620530205491293,0.08805842253521061,-2.53509198956744,0.4365091572479792,5236
4477,11,0.6290536053180024,0.0689791566142531,-0.6123242231634599,2.7588831373589797,5236
4601,11,0.6494810775227748,0.20388150389661477,-0.4902559350716598,1.581713591818942,5236
4641,11,0.6536473575464891,0.08889323931733108,0.7470935486406726,2.939635606780527,5236
4684,11,0.6604623102942055,0.10850581002838978,2.796464412177156,1.568563101778922,5236
4396,12,0.6206629448305043,0.15985973658325225,-2.3524315259321256,1.851110595954641,5236
4526,12,0.6375983176399609,0.09693318216106135,1.3190274891481548,1.7761625867873931,5236
4632,12,0.6527214314801174,0.21507246797325202,2.6259651157830657,2.494266739837412,5236
4653,12,0.6557232804592996,0.09438953543733006,-2.360705993660745,1.476676673284211,5236
4683,12,0.6603211326194066,0.0787045044681576,-2.3384324488727253,2.425351508974986,5236
4740,12,0.6707463600082939,0.16639461825130497,2.5912882618717417,2.420146054083865,5236
4769,12,0.675282908716357,0.1024704043241629,0.46133206418406103,2.93588066920484,5236
4878,12,0.6949328701549692,0.10433919788207534,-2.537969204075578,0.568613802279916,5236
4936,12,0.7095881064817315,0.12379487836466442,2.9841331634696093,1.0591455658286473,5236
4938,12,0.7100718359175997,0.18228944841221234,-0.4381918144648151,1.8288480966166802,5236
4957,12,0.714815924024756,0.11619278554356512,3.0873956494490384,1.3810209233004038,5236
4925,13,0.7076930657702724,0.07728176938713206,1.1800437045534868,2.1261540276432442,5236
4937,13,0.7097971184958607,0.0644661129615493,1.975076404139687,1.7736721780701723,5236
4939,13,0.7100732727792204,0.09201398550429539,-2.6970446735153843,1.8794095572274234,5236
4996,13,0.7234341682915923,0.10709770548487377,-2.689627608110786,0.507156948670428,5236
5028,13,0.7349706184411735,0.06931747344962705,-0.7623024098825845,3.0295153228685843,5236
5038,13,0.7373494817316746,0.13570744448948102,2.655600887139426,2.4507794606073925,5236
5055,13,0.7437315352147992,0.08749443127323969,-1.3801368371289082,2.93258352794857,5236
5057,13,0.7440837238471365,0.1632069807603234,-0.4326053484791764,1.943296005547077,5236
5079,13,0.7512475529174729,0.12944292361354748,-2.838230654240636,0.9430471367485544,5236
5086,13,0.753768882321807,0.12449200544507852,-3.1005472731571415,1.35205078123622,5236
5093,14,0.7584884025579826,0.1608193481509191,-0.435386528293942,1.927805844583418,5236
5102,14,0.7619702680274767,0.13106896470479576,-2.41492253985448,1.8037375149356265,5236
5119,14,0.7728519873308469,0.10062417741598602,0.9892044324140247,2.611009263150202,5236
5135,14,0.7804050203095381,0.12078494362828095,2.4856553326419606,2.4158161644692626,5236
5144,14,0.7860410737609806,0.1035707766932078,-1.8494554498193616,0.7900671315892852,5236
5153,14,0.7903843079647884,0.10045870921467422,-0.394289997416369,2.8435379561370207,5236
5158,14,0.793824820897954,0.12874308797441966,2.9861997577960877,1.1613204660820118,5236
5162,14,0.7975595664312172,0.11111497486861184,-3.0845330498205388,0.9579365695519483,5236
5172,14,0.8039935799026255,0.054211648139311466,-2.5259653029607705,2.397011952590467,5236
5160,15,0.7955176247877629,0.1918347228347835,-0.3209280333735505,1.8893821955758765,5236
5178,15,0.8078982524256982,0.11029847086274304,2.7371245826037156,2.4374786887284925,5236
5203,15,0.83568496867196,0.06692716581576144,-2.6036707369990326,1.4981804854685197,5236
5206,15,0.8382400169630682,0.1134480672186193,1.7157760450915645,2.655611549453328,5236
5210,15,0.8443795786464637,0.12695148492902503,0.32133763724344355,2.413740903142855,5236
5212,15,0.8462837696175002,0.0839469184382712,-1.3330047474400062,1.1100191021954253,5236
5214,15,0.8517061191668942,0.06206365394908038,1.6586530770420609,2.8174523881240665,5236
5216,15,0.860456689464417,0.04031752903116447,1.0043011916098845,2.778265701811389,5236
5221,15,0.8713408567086347,0.09067372354336532,-3.0278229272581902,0.7592559532903157,5236
5209,16,0.8442266163036322,0.12486473142649632,2.7528146739485866,2.3812080047012345,5236
5225,16,0.8908739314457637,0.1086894529926977,0.7288057994877506,2.322963088232884,5236
5228,16,0.8977661011532865,0.06473397523736038,2.5515364992650214,1.9459694384795074,5236
5233,16,0.9174872161943559,0.06829233772390109,-1.7877459329368863,2.190671814326978,5236
5234,16,0.9230130966984583,0.06980098319986322,-2.8655565554871516,0.4088193333321304,5236
5235,16,0.9443933060416179,0.05205697614997636,-0.475264192655368,1.779561413966234,5236
5236,16,0.9444352873895446,0.029964478612591588,-0.7574182483044061,2.557675431529446,5236
5237,17,1.0,0.0,0,0,5236
0,0,0.0,0.0,0,0,5236
1,1,0.05070796146520151,0.0334860718806273,-2.640997573393738,0.5001901385938224,5236
2,1,0.08112996347742818,0.05253490160079123,-1.8884873351079767,1.410683545350634,5236
7,1,0.11365735533628951,0.11136018838860698,1.7509207529607986,2.1429287356515028,5236
5,2,0.1090583952668599,0.06985585532540398,-0.6111296528396671,0.21882941728436558,5236
11,2,0.12517070299406763,0.042603962156816014,-2.354658302264272,0.6768242143806232,5236
12,2,0.1256650499073919,0.0479257793356704,-0.0723449120339747,0.5501549665050329,5236
14,2,0.13951387359670886,0.07625381936948569,0.3713433354022979,0.5265238815292046,5236
16,2,0.14311124010162546,0.09221675836481086,1.7284245546678794,2.1511437157008073,5236
25,2,0.16326850504235124,0.07728358911961639,-0.3253626895206275,2.758465295307594,5236
35,3,0.1787827392073429,0.08507220565693709,2.7744991208584686,0.6861415344369886,5236
58,3,0.19998508367170686,0.061022166250561345,-1.4765312336092786,0.6327908980554519,5236
64,3,0.20528629811113386,0.11135018419016068,-1.753836669578173,0.7310799913991126,5236
84,3,0.21222382512730809,0.027107053983142882,1.7848019622978883,1.1783450621749896,5236
86,3,0.21403334111988814,0.05877780645797026,0.8951276145983244,2.7468793565752625,5236
93,3,0.2216158170106396,0.09135723212769642,0.5012181767452216,0.4200374209225473,5236
118,3,0.2344488337764925,0.14933420104214773,0.31679828094637386,0.4110835757138043,5236
126,3,0.24049684227991341,0.12996873376195736,0.41938374644189685,0.5841712006915651,5236
116,4,0.2316684426795459,0.06986398687420728,-2.2414191816497486,0.45045678760677943,5236
141,4,0.24609065706662803,0.12188055892089018,2.1532925085493675,0.728452747222553,5236
180,4,0.2593190800955296,0.11333923251010779,1.3731445511098734,0.49715257036496974,5236
208,4,0.2655249981117691,0.15158583839413495,-1.5882576829687411,0.5861004072476701,5236
211,4,0.26640153805202715,0.04534941585966914,-0.8804112946858023,0.9752497244894635,5236
215,4,0.2685665713378077,0.13494185217118737,2.3617800223790826,0.9064006194473216,5236
231,4,0.27385205605577234,0.11538712535415363,0.04113382511258431,0.46968320015229187,5236
259,4,0.28117438200783385,0.18086731402317685,2.7811579997994254,0.8712194695687062,5236
267,4,0.2834206031078632,0.14938227681812705,2.1811579807413297,0.46481801168917347,5236
299,4,0.2901546980487252,0.061271023331017666,1.8053078890787384,2.6907768410490878,5236
484,4,0.3303977024497248,0.1627873410352542,-2.0021916784481815,1.0764152408882675,5236
346,5,0.3026770344550631,0.14985117082008534,-1.6006442143546245,0.5233139942585041,5236
364,5,0.3076734445391345,0.13258389851285632,-1.6340570751481078,0.3472373080383166,5236
422,5,0.32049737137085554,0.06218781385549466,-2.222129973522553,0.9823714080603556,5236
483,5,0.3303693629131669,0.12173369345081103,-3.0948879016965507,1.2045487694962007,5236
535,5,0.3374892804095134,0.10860519364940181,1.7180225057651284,0.2394604184490143,5236
550,5,0.3397011535018942,0.08158661011712698,-0.4174937688099277,0.7520216082781853,5236
615,5,0.34750969589461767,0.05247719447903451,-0.18660734931166073,1.28957971932654,5236
617,5,0.3477509525864476,0.045334515331390615,2.124074094714044,2.597115875759177,5236
664,5,0.35431192150078605,0.1739972644651138,-2.0913850036415855,0.9893590450525989,5236
774,5,0.3656220379194821,0.1317794179176187,2.739663726179689,0.642677810582669,5236
680,6,0.3558329004352473,0.13755087168458094,-0.9836410689156108,0.46807578378718195,5236
685,6,0.3563595979559667,0.150323486348478,-2.0893103642509994,0.09293517392155994,5236
823,6,0.3718369780425631,0.18441472803405173,-1.780077973538272,0.8340138581945149,5236
856,6,0.37530494098199674,0.16701458990936816,-2.015167715844911,0.9301835234869614,5236
963,6,0.38799841536199486,0.12039920795853529,-1.716177628358276,0.8883302670728507,5236
1084,6,0.40035846982677037,0.07384184290475418,-2.2065381264175965,1.3162322387590866,5236
1189,6,0.40877578653089497,0.1132838800613508,2.919252131081166,0.6900874749628616,5236
1269,6,0.4162879970497517,0.039785826620564145,2.113255799601141,1.1787116807547955,5236
1435,6,0.4279105012028489,0.03473117426752318,2.6673561164932127,0.7076711043393812,5236
1601,7,0.44174340740599316,0.07244879004030276,-2.722980988403994,0.14105752284699097,5236
1614,7,0.44256204411165223,0.04353060585424821,1.9964182781531872,1.26119638383364,5236
1945,7,0.4625957185596238,0.10217215719264196,-1.9801397354156367,0.9607486911339688,5236
2667,7,0.5014438109493232,0.05790475568866443,-2.6845380557948872,1.261603783053539,5236
2790,8,0.5077267164969008,0.10438940610668883,1.7474875650962263,1.3190017408055503,5236
2952,8,0.5163096966772001,0.04498512846278493,1.2827212953428104,1.0185007833916224,5236
3510,8,0.5467429334032698,0.06439804488654134,-2.161959029885632,1.7363922443987918,5236
3826,9,0.5689691190832571,0.08261348015024558,2.3796986788313954,1.2776537943224238,5236
4077,9,0.5878971777897701,0.043131283105816175,-1.9255122736328083,2.2529534070178436,5236
4094,9,0.5892201078900475,0.08444154721745459,2.142651731116818,1.5633428248906642,5236
4421,10,0.6209581972661057,0.08106366609643817,2.8416672857406486,1.2649048848889308,5236
4640,10,0.6494406678459778,0.05062275726253901,2.78603004562586,1.8144401208194298,5236
4915,11,0.6981633947488679,0.03392861268583372,3.093910554561503,0.9075098898469919,5236
5052,12,0.7352770498805298,0.04661482899063141,3.0197119953447626,1.3917988872804021,5236
5123,12,0.7593198916949411,0.048428845926626905,2.5534002069753403,0.2706693729361035,5236
5172,13,0.7923775048475614,0.06280600280823408,2.4615183517199903,0.508674877287555,5236
5203,14,0.824736619095984,0.06986352883977745,1.8128457638154105,0.3215889127077379,5236
5204,14,0.8250842630309563,0.08961625137179233,2.842430397130081,0.40082052591647976,5236
5229,15,0.878612402678485,0.06540642451161094,1.4513834672039898,0.23510384737899245,5236
5233,15,0.887924038148653,0.07982827047678176,1.9112489252498686,0.5631085907221123,5236
5235,16,0.9099342482144911,0.06886512520935269,1.7556596024610227,0.6679096840178452,5236
5236,16,0.9146017238976255,0.07080835172480149,2.71444334957031,0.0790862791814488,5236
5237,17,1.0,0.0,0,0,5236
0,0,0.0,0.0,0,0,5236
1,1,0.03979445573865181,0.029472220632078047,1.7850521218675406,1.518325689079877,5236
2,1,0.05786348884677506,0.029085833359772665,-1.2518568908552699,1.7009160981924327,5236
3,1,0.07178337989165451,0.046573195398874605,-0.5450174470383797,0.32577450159617893,5236
9,2,0.1198111117245988,0.05191024019050054,-1.1254198773894937,0.5141074502647331,5236
12,2,0.12578211650032012,0.05087727428155946,-1.1547588142665381,2.8454076747933192,5236
14,2,0.1313168027624546,0.0916391833777381,-1.720462488230197,1.8399006486060863,5236
17,2,0.1412229782476826,0.08576628057837493,2.4542255262371833,0.7524882126789062,5236
21,2,0.15026673824683567,0.09392512517609798,-0.1499376208591486,1.4284393686794912,5236
27,2,0.1620320790247275,0.10253044112682923,-0.6005208491865296,2.2006164312873002,5236
30,2,0.1635286637226525,0.0935343596459987,-0.026496304560451597,1.6276511973479562,5236
28,3,0.16218917568551305,0.07256994901590716,-0.8297925737308953,2.6822818226481755,5236
65,3,0.20438703702016048,0.05887412209176517,-1.8286923040537775,0.7379430220569175,5236
77,3,0.21366000225259119,0.042407870642688084,-2.415725667050196,1.3752506607629968,5236
84,3,0.21707048213561198,0.0911420284632617,-2.584027522437227,0.2879459523961253,5236
97,3,0.22264833955904362,0.071908813473104,-1.203956260527526,1.5088840761480942,5236
111,3,0.23137929174461236,0.12894757626172432,-0.40464564424491006,1.8664862986293822,5236
129,4,0.24150899089569255,0.043606102419680215,-0.95526466264401,2.015719745906611,5236
132,4,0.24314587358214668,0.12463545327680922,-0.38029725109789114,1.7994567937464863,5236
183,4,0.2607351712764926,0.0673625384450436,-1.0099196143384397,1.1194799713332322,5236
238,4,0.2779985016137657,0.07374178008041322,-2.2593761338704823,0.4728343362393277,5236
250,5,0.28315747695940807,0.13045943547858818,-0.4993549425123932,1.7780168696408503,5236
305,5,0.2977708916053666,0.0841190635735429,-0.8461668146235304,2.3751099866794476,5236
398,5,0.31545344999836256,0.04476901671924354,-1.613632590054478,0.4516405392791966,5236
637,6,0.3556415618270282,0.057927227073094605,1.884663219670912,0.19782085622250653,5236
695,6,0.3618837131740158,0.13110268926963548,-0.7343325855675121,1.2227854393984536,5236
739,6,0.3666382685208105,0.06491494225571887,-1.329000421041665,0.12220052959227089,5236
745,6,0.3671506092743497,0.14253300445682385,-1.0333769157932349,2.145752571927115,5236
1242,7,0.41550360801131836,0.08658094465715148,-3.0832231273809647,0.7108796868614465,5236
1287,7,0.41920789939576486,0.14745498783795247,-0.5336666620176513,1.007327489404305,5236
1511,7,0.43547181057369855,0.17596919794592744,-1.2043443177552997,2.341766881994436,5236
1587,7,0.44169171017600806,0.1061324153431818,-2.599322936003124,0.6601026897856738,5236
1884,8,0.46151457752759306,0.13487016610409716,-0.41489057931280326,1.039781498766314,5236
2090,8,0.47340845306479895,0.16495092671887876,-1.332482805809792,2.2510534156163957,5236
2230,8,0.4804954747449127,0.11904105729429507,-2.2970783422563263,0.6056183686765396,5236
2480,9,0.494208631047662,0.13222089468452855,-0.5034217286953437,1.1308258525689734,5236
2836,9,0.5122395186562808,0.17854983793871687,-1.3827176648358595,2.276580842252246,5236
2997,9,0.5214614063475971,0.15197802456495416,-1.0965452285055415,2.115718480090796,5236
3112,9,0.5270823914978153,0.15666143108849012,-2.6168936475880615,0.6183720600714216,5236
3492,10,0.5501913917019127,0.10078566891747223,-0.2651389885867576,1.2205434809117044,5236
3586,10,0.5569482270722173,0.134365777233944,-2.4751763058501766,0.6753803459060683,5236
3594,10,0.5573757402993129,0.12901114308088185,-1.1402872412959084,2.1019697915135165,5236
3639,10,0.5601108081142296,0.16963063539098536,-1.162075422360454,2.322443054843377,5236
3671,10,0.562272710209091,0.1500395306658093,-1.1233373156627293,2.386266000092617,5236
3759,10,0.5673435550452928,0.09214908325641803,-0.09518559869032492,1.4271997989704976,5236
3809,10,0.5711440553266647,0.1735375850310277,-1.523232422020189,2.3408984775677646,5236
4051,10,0.5905636035836486,0.13749955085908064,-0.7200842050276743,2.388956222468649,5236
4099,11,0.5941506859565316,0.14188778934087137,-2.472144733953757,0.8879464968017946,5236
4285,11,0.6113390620703888,0.1934282110454443,-1.0697075507593026,2.1691254918533183,5236
4404,11,0.624794192914747,0.04842638422727598,-0.5736706044947479,1.7910095321188335,5236
4515,11,0.6400845748211308,0.13941920602861435,-1.1851259160430165,1.8223429575961638,5236
4517,11,0.6401853959275332,0.1427095040643508,-1.2190360787184378,2.0641035445508256,5236
4696,11,0.6654499420786538,0.10117814208992397,-0.8823550603572037,2.0296380571317276,5236
4613,12,0.6525885896154027,0.19491386393305124,-2.5005015346169115,0.8934223649700023,5236
4653,12,0.6584301611787332,0.06557825039550204,-0.4126552748188266,1.4756647250032002,5236
4681,12,0.6632800722167665,0.09921751575533108,-2.7366241036466934,1.1074378968234448,5236
4683,12,0.6635135559054168,0.14973968681415536,-0.9920111477750558,2.044418918852449,5236
4768,12,0.6763294421952392,0.16642035582857898,-2.5499913641874534,0.8501819327492679,5236
4771,12,0.6770899211615106,0.12391871933872538,-2.470512511456849,0.652378561661356,5236
4780,12,0.678996773625785,0.14479808085003895,-1.5238714694085989,2.0462495530264078,5236
4883,12,0.6961586565753662,0.12005754887542072,-1.0849031069227897,1.7163250475566942,5236
4937,12,0.706669242326535,0.0893490447938968,-0.6807597459904448,2.2856459269561085,5236
4993,13,0.7218362774994254,0.09497891757812196,-2.706017193684507,1.240303149415483,5236
5005,13,0.7239380842297324,0.13485131475551895,-2.340918965456376,0.983668900188972,5236
5012,13,0.7258624109939676,0.05568695402214881,-0.6423220993684585,0.9738535991898793,5236
5017,13,0.7265344935045196,0.06344289188317334,-0.16809758372782665,1.0589153587790627,5236
5051,13,0.7370210677309721,0.09555709931616414,-2.545163551699783,1.706542851379351,5236
5117,13,0.7572642127377166,0.1008623365766528,-1.4497468726510525,1.8271735962117934,5236
5125,13,0.7600919082136839,0.05964143580013453,-1.0036579041383829,1.9887945641331541,5236
5089,14,0.7484212271382221,0.14034775403312946,-2.339065865164907,0.8424057441949563,5236
5161,14,0.7785657117747723,0.11928531866310224,-2.720161266264005,0.7799653815069661,5236
5173,14,0.7942895523380297,0.11669440659052423,-0.3719521667722289,1.4026260796553658,5236
5179,14,0.7973928745811489,0.08614263029591306,-1.0639895977349234,2.187143992705304,5236
5189,14,0.8069127190200251,0.08720510831214097,2.746371250751484,1.5862507492244824,5236
5190,14,0.8082842832234548,0.06719829387660561,-1.7631794897225423,1.47510492874918,5236
5200,15,0.8209079665559016,0.0878597110115296,-1.0075717470440573,2.1834107337780564,5236
5205,15,0.8246542758977031,0.07013917537106858,-1.9534173761076568,1.4254046703502903,5236
5213,15,0.838129478442197,0.1061021556177013,-0.20907901015942928,1.5138037140596627,5236
5223,15,0.8542420075382936,0.06700176988380745,3.086901366676144,1.1431067914765074,5236
5231,16,0.8876081969405969,0.04757755082624789,-0.09743701324714914,2.146211551838293,5236
5235,16,0.9197752309169833,0.03030924570896696,3.0677305652766664,1.142933502537253,5236
5236,16,0.9256633136995995,0.06290095187212406,-0.5734200853409409,1.2738942933812407,5236
5237,17,1.0,0.0,0,0,5236
0,0,0.0,0.0,0,0,5236
1,1,0.046635700893106535,0.03827341905555431,-0.6329239003679501,2.2783117776934914,5236
2,1,0.0563940485870591,0.04687548194453105,1.1394397315481413,1.1572131921649875,5236
3,1,0.07101684390010721,0.0684374282249769,0.3757323188912116,2.6109561127442573,5236
7,2,0.11622507528651438,0.044627892384077494,-1.7396067849179886,2.7684512172488303,5236
9,2,0.12339545210105962,0.10853955997722185,-0.7097696343780612,2.2539062056398325,5236
10,2,0.12988446964327605,0.04337059003472755,1.508956577986263,2.056413109948074,5236
11,2,0.13365327627829948,0.09418209866716211,0.9801653025693327,2.449940038322651,5236
14,2,0.14160940484061424,0.08902159335996332,2.481492923458288,0.8426376736940483,5236
15,3,0.1446966845336446,0.042501928570487145,-2.749713308378674,2.372428657224115,5236
24,3,0.15799836481213447,0.05749292264259605,-1.0845956125205234,2.785078443945392,5236
32,3,0.17088647795812328,0.11024518617719843,-0.7558625097990898,2.245517843681391,5236
73,3,0.2090678146946452,0.1317940247314338,1.889358873342818,2.6423115989478316,5236
101,3,0.22228447411467123,0.058014009666423574,2.7296701140659967,0.7744228516771233,5236
66,4,0.20591489198724344,0.021231765626551158,-1.1431033141287457,2.153181158867857,5236
68,4,0.20764887124992892,0.09179346225959066,-0.6416433361879823,2.1632821048482134,5236
88,4,0.21529014736032737,0.055397614612763386,-2.228096794918501,1.6665762577621905,5236
118,4,0.23537196477970124,0.06699213032632165,-3.104161115967135,1.9722839324005894,5236
127,4,0.24141273659349782,0.04967615539925433,2.4084604060954136,0.5559672410488529,5236
138,4,0.24777746655274768,0.12315067299818067,-0.19619773172582342,1.8309775858269588,5236
141,4,0.24886362696336572,0.14331325661180466,1.479680118333657,2.5799869313277357,5236
189,5,0.26603789427170854,0.06636068749979199,-1.8055449916063095,1.030463242934678,5236
225,5,0.27634360042331985,0.015893469538997295,-0.13011128147366374,0.6565515100563937,5236
229,5,0.2777377625901287,0.11316061044688779,-0.5812265979435393,2.1020416769486308,5236
242,5,0.28021713769885803,0.06931400844339344,-1.0409302513735041,2.258283283506565,5236
255,5,0.2831519245971307,0.06211256702324271,-0.5083398845209529,0.709142606163545,5236
269,5,0.28720234650644116,0.14522217874089585,-0.23296140872486717,1.8009096306658727,5236
288,5,0.29262530065715975,0.056161093264145694,2.9271831224924765,1.2690291389224577,5236
291,5,0.2931527605717368,0.16332083737970135,-0.47449727293730604,2.0752557024749025,5236
309,5,0.2962129368935025,0.07805210881635218,2.793259413251178,1.103763242971015,5236
352,5,0.30467269741528613,0.07145777522874441,0.7178735742864001,1.6840633447502233,5236
358,5,0.3055655607704104,0.11198679810413713,-1.7739101983314325,2.6527239922438417,5236
505,5,0.3348981306879317,0.176602003683873,1.848617333520135,2.3760595056328104,5236
482,6,0.3313465696112733,0.09820665822749662,-1.4749604801111569,1.2755782622164542,5236
517,6,0.33616323585713426,0.05185753004754189,-2.1543596913322407,0.9450194926544749,5236
522,6,0.3366006706322534,0.1295295523902734,-0.39995985134867834,2.2124095736080784,5236
528,6,0.3376593007251699,0.1297631301501384,-1.742326710067093,0.7837832608204949,5236
662,6,0.3573821098077449,0.10984699032100845,-2.8170979702753516,1.1059135496307828,5236
686,6,0.36073977098680166,0.17406593547967494,-0.696935920062583,2.4971503114335896,5236
745,6,0.36861818979118033,0.16431461292256783,-1.3531880422783291,2.620421853471341,5236
755,6,0.37050366430569515,0.15707155839417214,-0.6263867683835432,2.0634776278865448,5236
774,6,0.3726322417735398,0.09672927087184016,0.26304340802622633,1.174841696056628,5236
807,6,0.3756189523383767,0.10244632049184434,-1.4627113142229753,2.9396628220245535,5236
884,6,0.38471804721839264,0.1528405022599389,2.1711376927327692,2.425894246182613,5236
928,6,0.38903018873027817,0.01191153731598769,1.1350452571949456,2.055130853776675,5236
723,7,0.3661047745813988,0.12612613164822342,-1.9426994115044438,0.738611623986314,5236
960,7,0.39283244301966924,0.08871607887481295,-2.8520128776176588,1.1155340595409626,5236
1166,7,0.41189123388674675,0.1426959210907784,-1.4232944885919439,1.8321744036103451,5236
1256,7,0.418707074474689,0.15576774003783775,-0.35027063959436283,1.6897806909404565,5236
1301,7,0.42208386192488856,0.09577845426789337,-0.29477345433069624,2.144869496495577,5236
1309,7,0.4224812400087524,0.07892249567247575,-1.1340901461287232,2.6581530336248393,5236
1339,7,0.42579526390823463,0.16691551253263065,2.2527232920436653,2.460135165053263,5236
1453,7,0.4348233999590816,0.18790738799222856,-1.234936997156566,2.7076230373995043,5236
1458,7,0.4351596066357837,0.1229394857649553,-0.3076443821678363,2.003131289033889,5236
1594,7,0.44401184761680035,0.060802244576973676,1.0343499220248373,1.4615332267636771,5236
1529,8,0.4406213406466898,0.05810145841177869,-1.668645271652078,1.0039854369236552,5236
1695,8,0.4507038145757113,0.1894507732240461,-1.1573277389510932,2.7169378816958574,5236
1722,8,0.4521298140725516,0.0698707439314772,-2.685680742024535,1.4331102960113427,5236
1898,8,0.4622228230951748,0.13951972713739283,-1.1829841350048154,0.4350584676043812,5236
1953,8,0.46582923079464245,0.1627716367886016,-1.4331106112298917,1.903935370740274,5236
1967,8,0.4670448503999586,0.06879831984989022,1.0983857260877303,1.4672660279650425,5236
2206,8,0.48021214197063444,0.1980880369727598,2.0492382143636645,2.2964682975218222,5236
2240,8,0.4813333095635476,0.15578858513550867,-0.5611450587606722,2.0159012014248896,5236
2263,8,0.4823777821455487,0.06780717629611017,-0.9295527102415042,2.6118844211797576,5236
2350,9,0.48690565752987003,0.1503467852646421,-1.38004834330053,0.47169370920146064,5236
2455,9,0.49160642263701826,0.16364755515725693,-1.1115339202238244,2.66855766361688,5236
2560,9,0.4969962599645781,0.15244549707056346,-0.4842577302092378,1.9524525548771665,5236
2802,9,0.5090175479143261,0.09370135652052414,1.1866216022115406,1.6838158124384892,5236
2842,9,0.5109762411161582,0.05250487956237192,-2.9024732158222544,0.347871897711408,5236
2870,9,0.5123991260716555,0.07909365407385417,2.9086624549194413,1.563378887604714,5236
2945,9,0.5155896697221206,0.1812396902421393,-1.5920748843259902,1.8300132755536649,5236
3156,9,0.5281633048541748,0.0895969398327898,-0.6288239208473643,2.964925155415419,5236
3217,9,0.5314231505819866,0.10311484097507195,-2.1633288436823026,1.163251564880715,5236
3432,9,0.5429290713042382,0.15618377755235574,-2.7933224034197055,1.5405401548973474,5236
3498,9,0.5465547394994783,0.15426284336481624,2.058047658810755,2.5595648378981464,5236
3516,9,0.5473781149092036,0.19890672815644486,-2.408091570719453,2.7143915308294484,5236
3569,9,0.5505934437499052,0.1559180833657931,-2.7651591726251614,2.915518324599637,5236
3605,9,0.5527437705011571,0.09031087005285643,1.6227807901147908,2.053179320145484,5236
3418,10,0.5420784083601018,0.09819241618362555,0.9212299593502119,1.7428705375073854,5236
3518,10,0.5475100287502348,0.129880323337292,-0.44857050932674175,2.1123110872301156,5236
3593,10,0.5521151338960956,0.07066001161077776,-1.959314620402561,0.6558505232983473,5236
3682,10,0.5578983376838361,0.1165480374381951,-1.0461471483155735,0.7449839632878239,5236
3709,10,0.5597448620948926,0.059194684870530916,0.9632846404700398,0.49464230115716246,5236
3720,10,0.5603636177593598,0.16594063985204685,-0.5208559413847379,2.086555549903727,5236
3763,10,0.5638891012243978,0.09470096769993668,2.4759616783240257,1.8302210941711876,5236
3786,10,0.5654270759472219,0.07396383125708152,2.8101796489344695,1.6236636677039713,5236
3815,10,0.5672932628198587,0.1448675787240153,-3.0507497902872895,2.913608808720294,5236
3856,10,0.5706492029857857,0.06000166744201825,1.1424188982926433,1.1714344280684512,5236
3874,10,0.571968555143755,0.15194328442664243,-2.9758979927161158,1.5743261996250213,5236
3960,10,0.5789381827240585,0.15528835983697534,-0.10814999037054537,2.032450218639403,5236
3986,10,0.581298939695265,0.13181705846167227,2.133263724738213,2.5263732586401932,5236
4177,10,0.5969630050552135,0.11919329737623573,-1.6239705285929884,1.504857556842046,5236
4178,10,0.5971936142383953,0.08655670075876103,1.5856392144181473,2.470545715146119,5236
4281,10,0.606965106366137,0.0774177180957028,-2.151683691592348,1.5176414272868066,5236
4345,10,0.6135119432574618,0.0764690224950262,-2.172597899139471,2.1605473677891283,5236
4428,10,0.6223211721271672,0.14226355549601102,-2.5861031203174942,2.4977543683314267,5236
4262,11,0.6045084485070967,0.14905890788062923,-3.068820704933891,1.575846874504808,5236
4324,11,0.6110616228662094,0.07989456482104249,2.881698881820614,1.495601457448704,5236
4409,11,0.6205508954764871,0.08860218065765581,0.6671346237846234,2.309652503323316,5236
4489,11,0.6281288900369356,0.14642870678669903,-0.17744325978157396,2.046243035903863,5236
4513,11,0.6317703435695247,0.1310131352955793,-1.6083873088271943,1.761548699607681,5236
4553,11,0.636199287875542,0.10768258226948657,-0.8733950233329502,1.0417258282399773,5236
4564,11,0.6380504013686774,0.1725266920909392,-2.656488651996904,1.7266239007848294,5236
4613,11,0.644612634328947,0.07216895718818857,-1.9832719630911737,1.6766656108610227,5236
4634,11,0.647117237308032,0.08670115040581018,1.283439872061572,2.5617524818667623,5236
4689,11,0.6577322738995708,0.07408269693209293,0.6500234179436741,0.9951794916769262,5236
4736,11,0.6647649953931511,0.0545459028060329,2.596065080545928,2.470646963657095,5236
4747,11,0.6667178944250689,0.08497947219717053,1.535462297178525,1.9558715251241123,5236
4788,11,0.6757819765865587,0.1630854449916203,-2.3615301868096177,2.2793807963971537,5236
4907,11,0.6972141043502411,0.14025077957872514,-2.429539223457766,2.2690701647250253,5236
4664,12,0.6524459719072534,0.08744400344594339,0.5314171492081735,2.213968567186272,5236
4738,12,0.6652105597615525,0.1106185554670988,-0.7822503075945288,1.1683308484355646,5236
4759,12,0.6698726989241663,0.13218930199779452,-1.4916886122025292,1.5526795013684358,5236
4797,12,0.6773082790109174,0.11162111322684648,0.7951162248469317,2.1163132369312603,5236
4847,12,0.6857472942912817,0.10676109877023085,2.2291635609438862,1.507473633732166,5236
4849,12,0.6859934632472812,0.1379029808059464,-0.37386550366360183,1.8879770865243801,5236
4935,12,0.7033994516768497,0.081076137674053,-3.0529969593882043,1.1274565315560916,5236
4963,12,0.711341498168716,0.12430223169273796,-2.6464421997620944,2.0277197182631133,5236
4965,12,0.7115785661192208,0.08419863756182537,-2.70355434248884,2.222002532939429,5236
4989,12,0.718034160156441,0.12650943785099378,0.4737071645956283,1.1359063606103184,5236
5000,12,0.7198539082288089,0.10177743487952988,-2.497113027559515,2.8861738734748883,5236
5060,12,0.7360246981311666,0.08317473141584976,-1.8315003901800722,2.7865000282953436,5236
5065,12,0.7376375819208513,0.12403930972230036,-2.33527100146284,2.016959505538754,5236
5117,12,0.7579487755037752,0.11438179359496607,2.3668407351341716,2.5143410006221365,5236
4954,13,0.7093071737011335,0.15303238034266792,-0.45120323617953373,1.9135424948350706,5236
5051,13,0.7336946835883461,0.13857431998424394,1.0045902799793789,2.0072711789327866,5236
5086,13,0.7457869229661868,0.11045650735650143,0.3815289655831364,1.4658063099585885,5236
5091,13,0.7471062886356725,0.09120295101995798,-0.1390462250788957,2.4055371825204706,5236
5106,13,0.7524946965234813,0.07779358900576981,-0.9478066579098198,1.4001196857653,5236
5122,13,0.7607164758457857,0.11876215832358632,2.260230829064772,2.017021870497313,5236
5124,13,0.7614849409780792,0.04846808980491972,-0.5264355625380165,1.578045150026722,5236
5126,13,0.7617567096064604,0.11647061106392029,2.392037552232138,1.3134589195285167,5236
5131,13,0.7646379928192051,0.10473325259491811,2.7096816014029583,1.5677637608542538,5236
5132,13,0.7655054051713609,0.12848227006238605,1.9076833896175616,1.1753258917092446,5236
5136,13,0.766446551360178,0.12793101862468345,0.5285032255048377,0.8268064876858882,5236
5147,13,0.7745713043230663,0.09741806346969513,-1.0407083084259035,2.830277302415987,5236
5151,13,0.7767755905334257,0.12811674803291465,-2.5459159278720924,2.257882192200553,5236
5173,13,0.7896004679168137,0.11395715320319788,2.505562878074759,2.309679623173207,5236
5177,13,0.7920487502640196,0.08977997659019316,2.272436583356737,1.6038427908343007,5236
5176,14,0.7911416346942755,0.137914441314259,0.9074856761913526,1.956030214191364,5236
5178,14,0.7926046400667334,0.0825139249498098,-0.4611866602456901,2.0635913077598165,5236
5180,14,0.7994799315788873,0.08661835340237337,0.3498770041350511,1.2935643093047375,5236
5184,14,0.8027780149674314,0.10753165631612803,2.109218447784916,1.5318136637858504,5236
5189,14,0.8094701367209349,0.13458352169620877,0.06150711976830631,2.6804043582982433,5236
5191,14,0.8097953246267449,0.05503080405579256,-0.9123130187840919,0.6843082388802175,5236
5194,14,0.8141387399265412,0.12146227814482737,1.8125663840765016,1.03100459289889,5236
5197,14,0.8151106217865841,0.08842780185422178,0.7551680603488382,0.8698447687530845,5236
5211,14,0.8310711625416605,0.0892201482268131,2.38028883865845,2.0136693866849464,5236
5212,14,0.8342089208726595,0.10133677248074822,-2.4061794763937776,2.215906541455506,5236
5216,14,0.8477803688809219,0.08526393461090624,-1.3766304783784584,3.0880495077060393,5236
5214,15,0.8389639853283355,0.09584564986081251,0.08064394155639028,1.130425591441543,5236
5218,15,0.8518592237722832,0.10008891674358612,0.9209480711434052,2.1752294380131176,5236
5220,15,0.8552536717464329,0.10618661196594739,-2.5842376901784503,2.2648450139892593,5236
5223,15,0.869871792587207,0.09968635802002823,0.719132981867994,0.668256824181959,5236
5227,15,0.8893220898359725,0.05031603300788153,2.5117328514928006,1.3074257858094949,5236
5228,15,0.9043210697794967,0.06376034118261131,2.2833143514363803,0.3765004967113508,5236
5231,15,0.9092836771333969,0.060313429240063283,2.481186708159009,3.0269637236441773,5236
5232,15,0.9114849501989423,0.03659329583462527,-2.4467884589031113,1.5099517654401573,5236
5226,16,0.8826625847841346,0.11304697396989324,-0.16265058254795142,1.3489042226324077,5236
5233,16,0.9156237168783835,0.07801940930880781,-2.527797666535053,2.773833203364532,5236
5234,16,0.9394673496992599,0.05356005111065574,-1.4525140828859322,3.009718935438866,5236
5235,16,0.9618514658470456,0.030693736181833808,-0.9824244306722527,0.4761577314871637,5236
5236,16,0.9666499863625555,0.029505541846383293,2.1575511141473562,1.1296010948856179,5236
5237,17,1.0,0.0,0,0,5236
0,0,0.0,0.0,0,0,5236
1,1,0.07423622925575091,0.059248121178704496,-2.60982389825853,1.2999428490804197,5236
3,1,0.10951469996183616,0.04936919914406408,-1.2826437665144155,0.9750002817503814,5236
15,2,0.1418194308207421,0.05119688214806574,-1.4775343685208122,1.3121354047465363,5236
33,3,0.1707866093927637,0.06749882896737135,-1.412433947868513,0.9515664462601935,5236
57,4,0.18845725687546033,0.07009024153686008,-1.516791405965231,1.0109252792161783,5236
177,5,0.25257804975706566,0.06024990765601814,-2.8219086812094707,0.10692814186160399,5236
189,5,0.25642314668703725,0.10319604238422429,-1.0954069862109614,1.183594901744756,5236
204,5,0.26126346136028766,0.09915198746107805,-1.23756356878391,1.050781254516322,5236
258,5,0.2797557060992274,0.08302043201344184,0.4888340418026106,0.35149165580470587,5236
301,5,0.29207227539906155,0.062144524096086236,0.8105608412956926,0.7431444498830555,5236
365,6,0.3078876118804901,0.08574382888101258,-1.3843475634730453,0.786818753272387,5236
455,6,0.3263513708023754,0.08180694363276478,-0.32631579832714047,0.13049648593080426,5236
521,6,0.33629877887728743,0.12088682318850319,2.6048194656504013,0.7501711408860223,5236
619,6,0.34919688595679965,0.058338214599023976,-0.12167858172340205,0.668184212206567,5236
656,7,0.35605094836286133,0.08528586506565128,-0.03493877940933884,0.46275694379481147,5236
860,7,0.3808484723349459,0.11151968620939891,2.9277708392146855,0.5982757376145774,5236
911,7,0.3857382900380182,0.04064260531392782,-0.5461313664746595,0.4169249162657833,5236
964,7,0.39222467282178597,0.1110462761432576,2.2047025915397342,0.5631025876222744,5236
1262,8,0.4181886953193876,0.05996190376531226,0.05288553691045948,0.29531631471460523,5236
1376,8,0.42773859805146164,0.09078486532946918,2.283988819826146,0.1522905659668735,5236
1598,8,0.4443564354160663,0.09347991511876297,2.0679091123064586,0.4675775255067719,5236
2201,9,0.47952783493020157,0.0932235502227888,1.4494512750103503,0.5839573476287133,5236
2901,10,0.5161471706140288,0.12183728562037299,1.5868761911034102,0.6686465990746892,5236
3512,11,0.5504208631068406,0.14789698875042034,1.3881271462720755,0.7418867302016153,5236
4473,12,0.6364440466987601,0.16379408035256973,1.0943603935726962,1.1148969568261924,5236
4679,13,0.6661793540166345,0.15278117056506715,1.0818619621991359,1.2358909394029185,5236
5077,14,0.7500616390833922,0.10784072023129537,1.1154862912619476,1.731018267230899,5236
5154,15,0.7846386372559861,0.07639132118552884,1.003996037193557,1.816623826681579,5236
5207,16,0.8330851370782585,0.06846006355541824,0.6798524883704872,1.2735977853659124,5236
5232,17,0.9046919947151197,0.05543707053506209,1.0264231037132676,1.5204178477852308,5236
5236,18,0.9501072009835168,0.03035340834629872,0.18510652429554061,1.5749890420736183,5236
5237,19,1.0,0.0,0,0,5236
0,0,0.0,0.0,0,0,5236
1,1,0.06855174800297037,0.05737271613343307,-1.4447330458014267,1.0627629778844012,5236
2,1,0.09155422260603341,0.08846511625554138,2.2646143147145414,1.27191724132585,5236
3,1,0.09687860703576923,0.09488142084402221,-1.7350411539875883,1.0865145324978813,5236
4,1,0.0989375361575755,0.07413762858329881,1.8713642799060834,1.1567506504155125,5236
5,1,0.10204367177269824,0.08867028878013374,-2.6718187537178055,2.652674509049411,5236
6,1,0.1085092319700176,0.0609699627250442,-0.17636061043445592,1.0539218927204237,5236
8,1,0.11952867492498209,0.11296374575647863,3.0689065904413333,0.8174099603388163,5236
9,1,0.12695641527354207,0.12051133385731297,2.0736583142068152,1.66468328805195,5236
11,1,0.13711205044790198,0.10074323079486706,2.6806567153342242,1.829251871007444,5236
25,1,0.15480862978958976,0.1482687466153218,1.5542181517716975,1.2247017489010528,5236
38,1,0.17207708976796765,0.1543955690787515,2.05354954111104,2.838848511621715,5236
41,1,0.17443651436723506,0.12439288625096286,1.5742217525173683,2.575691682458845,5236
10,2,0.13286448149152397,0.0935372977863123,-0.669183497577854,1.1850965689562258,5236
12,2,0.13819578497922025,0.0451701971586557,-0.4878753926308769,1.2710683641323355,5236
14,2,0.14061574308394198,0.12053988039622962,3.0763340897243094,0.9219070922749595,5236
17,2,0.14781526833647396,0.10372139139992997,2.9462418741499707,0.8998087521530732,5236
20,2,0.15068863664034227,0.08804160871199856,-2.0596492512577766,0.928625938638048,5236
31,2,0.16508012871614697,0.1044885943437865,-2.288301322630282,1.3339467276392307,5236
46,2,0.17824114214971232,0.051930526299621166,-2.1412041808339213,0.5653507943877722,5236
48,2,0.18112375629143218,0.12186557827216463,1.8126339568753378,1.5278984892901195,5236
50,2,0.18145006288086973,0.11034162351587273,-2.8048619969395014,1.474430420034818,5236
55,2,0.1878287163628034,0.07808244435041836,-3.133507946162989,1.839366031486835,5236
61,2,0.19263901961751573,0.1274003203776276,0.007511145531420374,1.5584443630790472,5236
63,2,0.1945802730224918,0.11154702866034107,-2.6839155178506213,2.306644997406086,5236
74,2,0.1998191822606491,0.1537360421532229,1.603583962119062,0.9694293091954508,5236
94,2,0.21564899130909765,0.14794471008310017,1.911187770492668,2.6060226128633897,5236
96,2,0.21649316041932065,0.13210136594314792,2.98414465423846,2.7478201823616,5236
107,2,0.2202383701982381,0.12868403168175432,-3.1350113330432934,2.466286979010869,5236
45,3,0.1780800553675831,0.10327950133112815,-1.8752309098169935,0.7886079870767115,5236
68,3,0.19689796224677325,0.12402947428896599,-1.0366773285823425,1.3784343303846491,5236
70,3,0.1972186100411485,0.04652518610070609,0.20244083473193375,1.312853407896689,5236
92,3,0.2145261665323781,0.1598440065222159,2.8744595677496725,1.0527449303326941,5236
102,3,0.21836726635203885,0.07726238538311087,-2.3743391766480477,0.7262817315365291,5236
123,3,0.23148074019294873,0.0842710911949781,-2.820581987682959,1.0860555433900814,5236
125,3,0.23214603798557787,0.09365860582263276,-2.377784169846241,1.1854168028719563,5236
129,3,0.23361080276742008,0.10735223639529594,2.941758397216422,2.1610299956745687,5236
136,3,0.23556990437232783,0.12798669852275174,1.436283779925612,1.7333017310148247,5236
138,3,0.23601923332315644,0.12006886272505914,-0.21801564249739772,1.6983530127100173,5236
141,3,0.23722841420722884,0.19522399378633523,-2.771125532828734,0.9414662026181179,5236
149,3,0.24268334765325894,0.15556025938029835,2.009603459310346,2.605947061383663,5236
160,3,0.24959082057761262,0.1417104494357456,-3.0760305894035467,2.554818756189699,5236
176,3,0.25919906173446394,0.09348373702103832,2.943354131233032,1.4382154249039014,5236
187,3,0.2628032765166215,0.16992760057207543,1.4570841829390535,0.7604717892092475,5236
170,4,0.2556980058715267,0.20059966173007204,-2.758348736709694,0.9004446368617928,5236
233,4,0.2748453396352222,0.1541565899389363,1.9537807133571072,2.759325551521311,5236
236,4,0.27545973488061426,0.07472827431498004,-2.4186998495872007,1.1139204781411938,5236
237,4,0.2755185561353478,0.10167659979663082,-0.01410403500594063,1.4194420764234186,5236
249,4,0.27779516187051523,0.12854967287817157,1.441261900692425,2.061669177894719,5236
260,4,0.2822895216822937,0.05964200262768666,-2.1409001044167337,0.38870467052302665,5236
261,4,0.2827383304750771,0.1426034065462347,-0.5670375387402462,1.5945834314243568,5236
262,4,0.28315120719195064,0.11106592960978036,1.3570794847865733,1.8584365067402058,5236
284,4,0.2875501416469515,0.16073319165163283,-3.0439859653069186,2.6479037822636946,5236
286,4,0.2879099587855031,0.18284017146552822,3.0297111052864394,1.247137865765444,5236
289,4,0.2881744959788276,0.14249444994196375,-0.1310588254902309,1.7599658834193426,5236
303,4,0.2919084481924248,0.11375681065497223,-2.7641184876782123,0.9811070403026775,5236
337,4,0.301450912251236,0.1666767752694931,1.4395701994196646,0.9570581771399834,5236
354,4,0.30598737938984233,0.09248621713959518,0.35262499965355776,1.4132845444776914,5236
367,4,0.308602907419248,0.19661422350811145,2.856192566771324,0.6489226350821135,5236
375,4,0.310757550901653,0.12510578229499852,0.5094724301415401,1.7077141125018298,5236
448,4,0.3252886275070894,0.12546800363068805,-3.0452064016339486,1.7598873602755032,5236
376,5,0.3108229042105036,0.11474514325129405,1.5397590065356666,1.968977711742111,5236
400,5,0.31736008258045034,0.1990391018626862,2.8319698637561865,0.656803585567558,5236
441,5,0.3246636006711884,0.1925658010690682,-2.6584353691009937,0.8761467274991411,5236
467,5,0.3284066860841809,0.08421193630558481,-2.8335286648712144,0.250361675968416,5236
510,5,0.3351681579441169,0.09629406226743456,-0.5479222825818051,1.612440354773642,5236
530,5,0.3377093946200689,0.17866507037234095,1.6242799083365331,0.8884423664382575,5236
539,5,0.33877326350476356,0.1397678925981078,1.7828160676182023,2.651470782716678,5236
653,5,0.35800707263688236,0.07668714382997396,2.2073638502497213,2.6760039622284375,5236
660,5,0.3587010100538325,0.16981464979435154,3.1191400390286588,1.5903821506244336,5236
690,5,0.3618121471506892,0.12179348622774237,2.5033875025365098,2.618435709244355,5236
709,5,0.3641405356008548,0.1054471849833875,0.18055085636879845,1.8673274884507627,5236
836,5,0.3781294789554499,0.20130590025682807,2.918057850602791,2.3478475894769626,5236
862,5,0.3811763559300667,0.15867100468501383,-3.0506688239626407,2.4118369559011312,5236
974,5,0.391674680099402,0.10716462073108755,-3.0826526437470343,1.764466431511585,5236
687,6,0.36117367009653545,0.1975942589590607,-2.5519524403064624,0.9346057405313362,5236
798,6,0.3748128805975891,0.09884080589128828,-0.17146579358169456,1.5264846243799277,5236
860,6,0.38109891654968064,0.11135360186049216,1.0267997933266217,2.384323600990345,5236
905,6,0.3857091995426466,0.10832048291532337,1.2666470225184474,1.759355474512573,5236
934,6,0.387718220397931,0.1787184385007196,1.5708433120340408,1.8272237865745782,5236
979,6,0.3918929828985892,0.09255748322924204,1.5535596128031657,2.0784704101485154,5236
1047,6,0.3980250815622849,0.15061959663586763,1.314171026746034,1.750969390541687,5236
1098,6,0.40208710126540725,0.09900080057337292,1.7896618694726296,0.529319323310476,5236
1103,6,0.4024417533181992,0.17746434993609828,1.3271348278900077,1.6694236286768684,5236
1141,6,0.40517097514723976,0.1132920794161117,2.007341075412492,2.589037107094614,5236
1203,6,0.4113245466761638,0.10260539030813295,1.976190837374754,2.2928517235932944,5236
1208,6,0.4119040630135027,0.2390368669454785,1.6964925808718716,0.8230555641030963,5236
1218,6,0.41235446254116814,0.19926193157925323,1.9391145684611524,0.9893212773896427,5236
1270,6,0.41655633619559074,0.11734330507981959,3.11986763544502,1.6244306324354099,5236
1281,6,0.416973896930398,0.10649240394728285,0.1219567458867293,2.333141696727544,5236
1376,6,0.42515161232985965,0.11255127624720755,2.5776140564679415,0.6442954159106702,5236
1428,6,0.4282192212380752,0.1734671744971831,-3.1096215301285186,2.2789494919956583,5236
1488,6,0.43234628367442807,0.17776629958703524,2.064401100698891,1.0626877057501545,5236
1615,6,0.44094978879448987,0.2417608683499886,1.9167939264626876,0.7607946081329151,5236
1364,7,0.42415726414618005,0.22641926271257554,-2.832133533773332,0.861508544344871,5236
1765,7,0.4524453711968969,0.08976484875175443,0.7623502608096192,2.032930289078481,5236
1868,7,0.45831469160027705,0.12408404449178567,1.0586926855703376,1.9125681510709227,5236
1871,7,0.4583956363199816,0.10143790719120556,2.2073239183404807,0.7495912246344724,5236
1919,7,0.46129639084773333,0.09862956496503122,1.1277136901678935,2.5761467977351926,5236
2021,7,0.4664738001205174,0.22022997929626517,3.1242786885505747,0.9329372099747817,5236
2046,7,0.4680007224149034,0.1568068956719878,1.3516387459875734,1.8646197106069575,5236
2142,7,0.4731594276947396,0.17406317532791085,2.0380814689190587,1.2081885858501047,5236
2205,7,0.47683744066386013,0.1290704632287284,3.125216599498901,1.3812394132450287,5236
2209,7,0.4770172620860629,0.09980719737595303,2.159099155240279,2.299339297826584,5236
2281,7,0.4807786542572976,0.11271659852311322,0.5497894965474202,2.194046719435407,5236
2316,7,0.48302350397472416,0.22378932786792693,-3.12463477803451,2.232902446407254,5236
2463,7,0.49067132764969046,0.1368757840129524,1.9247708360804374,2.7012358724761873,5236
2476,7,0.49117094595922595,0.25227921087694855,1.8216939020299556,0.8176549039302352,5236
2505,8,0.49246039772749606,0.13934016087978096,1.3143266395657656,1.895286373983105,5236
2650,8,0.500076833196946,0.16083575671965203,1.3705685962901097,1.8208903165032937,5236
2842,8,0.5087100084559235,0.147432087906802,-3.115244299797413,1.4068692965962304,5236
2979,8,0.5168012911661943,0.13822471095087693,1.704576397486648,2.7027761619315838,5236
2982,8,0.5168754359443115,0.19558500658855288,-2.9843674721473894,0.895933335016676,5236
3120,8,0.5248103909701904,0.10298533867150726,2.547419956200307,0.9633555573992589,5236
3170,8,0.527731261335912,0.19208632292530528,-3.048799792236178,2.238293036529005,5236
3187,8,0.5284965686933558,0.14742089872925776,0.5965237573104991,1.9750122236618117,5236
3259,8,0.5323047286728946,0.14354346421085906,2.54647302996494,1.1668831201949428,5236
3346,8,0.5373748973373936,0.13952670123272073,2.036523031061565,2.4460735833167604,5236
3358,8,0.5379492963670206,0.25849677035604446,2.02168696905941,0.722157473742789,5236
3654,8,0.5564846348131343,0.19193960660355225,2.103620453757999,0.7546223191962009,5236
3684,8,0.5590264774861741,0.17231917546020267,2.200683740984256,0.9604152377928851,5236
3459,9,0.5445231687358546,0.14578096594343357,0.6087352204734525,1.9762143708211901,5236
3617,9,0.5542840656220072,0.17398286796197823,1.514405986294029,1.6437906065831405,5236
3833,9,0.5690225807018909,0.1134279541493573,-3.0976536058972166,1.3132888742609805,5236
3895,9,0.57373671640498,0.17830432373247454,3.128808248192834,2.1170756579824017,5236
3898,9,0.5737783589360632,0.12689601420402116,2.860108736575203,1.014698263434719,5236
3946,9,0.5774911287135124,0.10658881503774278,2.5240067909421704,2.7013906912328487,5236
3982,9,0.5807217122438657,0.10671697924654136,1.9439491201549293,2.3961133874958254,5236
4165,9,0.5952429436855451,0.23286177786306125,2.291309193993682,0.680859794787864,5236
4211,9,0.6007858923943892,0.15259585936353015,2.7699543816045313,0.7402667394175084,5236
4339,9,0.6135029335970412,0.10632146444157507,2.3325836030577576,0.6359973041213236,5236
4407,9,0.6204077870917001,0.16526116462083884,2.176470322152715,1.066117819327412,5236
4146,10,0.5935123144663895,0.14657277970305915,0.6889881557729405,1.8155858011742818,5236
4166,10,0.5954324583930741,0.1152084214844314,-2.9718438919801082,1.3820266664393739,5236
4362,10,0.6151891198269158,0.10934785959307564,2.308070012289016,2.555191143961559,5236
4476,10,0.6292327741649992,0.11431916156888332,1.6850920418919506,2.184082779720205,5236
4485,10,0.6301535345651138,0.1309317481527499,1.7345458559410873,1.424351679569732,5236
4533,10,0.6357629548748498,0.2133456340406055,2.340980959018415,0.6103140698103707,5236
4558,10,0.6389435615911147,0.12034027509355641,2.376828534480851,1.3025787421815278,5236
4601,10,0.6443619118503492,0.13936158230618895,2.7887724414066772,1.9470049318999891,5236
4606,10,0.6451769312334789,0.17427025735017462,2.3087369272226783,1.088110885387392,5236
4708,10,0.6606729643652017,0.08908171603626022,1.6309818487239047,1.3255287639452267,5236
4709,10,0.6607948160417949,0.15241421441359068,3.130866114497376,0.5018353267975428,5236
4734,10,0.6659981988915707,0.12138250966641631,3.0316790272994623,0.48662104539518514,5236
4748,11,0.669046107504717,0.08848957626245922,0.8934757074543873,1.92672162824892,5236
4761,11,0.6718559997784821,0.15723013715840808,-2.5332724498552506,1.2144279513277871,5236
4786,11,0.6765773132609144,0.14635129881892683,2.7319941633224163,1.2959980503817599,5236
4797,11,0.6796301470829413,0.2099597634598943,2.407008665911836,0.5012265654853179,5236
4822,11,0.6847047701786105,0.1312761403063958,1.1780065776086408,1.675827873210155,5236
4826,11,0.6851013961460878,0.09984948019806644,1.798598846466421,1.5973633226018267,5236
4828,11,0.6857168535710645,0.09179747146645678,2.875723318475718,1.9854124611625361,5236
4862,11,0.6950466093462693,0.07649361317225761,2.220889059541688,2.1843001592061095,5236
4867,11,0.6953068518682886,0.13323311397701637,-3.1317857566745713,1.27102420141784,5236
4869,11,0.6955711845470379,0.09996817360270197,2.7671741647605574,1.7215785110189559,5236
4871,11,0.6956676180824739,0.042100117014527205,2.9629778966341265,1.0106657741322376,5236
4889,11,0.6994936812008022,0.15633549973314795,2.551825652177444,1.9599325628900024,5236
4901,11,0.7014170320556279,0.1346468603811955,-2.997315102419208,0.736298940469014,5236
4911,11,0.7027115012607098,0.12643511439554772,2.8403093256054617,1.3814386362247282,5236
4926,11,0.7059859798263588,0.1520879512221119,2.9783615387843496,1.593996262200105,5236
4945,11,0.7100137509471041,0.17725730158442546,2.3061161938320156,0.5809062626727454,5236
4961,11,0.7139709003216975,0.04807900845327363,-2.3513971744422655,1.2478746772345906,5236
5058,11,0.7408497189835452,0.08753492797081326,2.4049176799450027,0.8135546042825423,5236
4856,12,0.6927344255080017,0.15764192749547046,-2.515767080746861,1.1636801073770764,5236
5050,12,0.7380061286304008,0.17930764658327494,2.379317731399881,0.613865313900852,5236
5071,12,0.7446024123991437,0.16098512768661,2.8678338300557837,1.4776829338652966,5236
5080,12,0.7491913955527116,0.1481731527919874,2.7496615495362198,1.054813123103258,5236
5092,12,0.7521271257506463,0.1648242916000201,1.7715667836108895,1.5895993284064973,5236
5098,12,0.7541988019815675,0.13195673362713783,2.7953110592765156,0.9176492579146704,5236
5100,12,0.7543050192254844,0.07818549157341058,1.5084441119877365,1.8437803214535147,5236
5107,12,0.7571678514015538,0.15060361156817814,2.4456050974150796,0.575063394045536,5236
5108,12,0.7576511060438665,0.06448829671290043,1.759549736449008,2.071326631491798,5236
5109,12,0.757860697323259,0.08496954797907127,-2.8713412196319736,0.4931502745289527,5236
5115,12,0.7609373767281757,0.12737100067289864,2.5495061448849667,1.7739351671930557,5236
5118,12,0.7618042904074518,0.13481916820742545,2.079688450826927,1.280207361505882,5236
5149,12,0.7745064590197152,0.0631791882417272,-3.026440684553073,0.5061538232042934,5236
5173,12,0.7971012562878518,0.11271529558694562,2.7769917540752984,0.5007396717478679,5236
5070,13,0.7442239464154391,0.13107259433863402,-2.743177954720826,1.0452130909955086,5236
5160,13,0.7819529634173733,0.09970311351469191,-2.640117247010455,0.6335036651629123,5236
5184,13,0.8092834068230199,0.128435507849275,2.5902981820817073,1.4016901084201234,5236
5195,13,0.8255848259808733,0.041753934657284705,-1.3989019028431768,0.4225379610547674,5236
5198,13,0.8275814783389752,0.10424306060878342,2.515402192086152,0.3610573757664461,5236
5204,13,0.8325686957910696,0.09651816657084547,2.0354902605637295,1.4260700807698508,5236
5205,14,0.8347730639444082,0.0959911276394546,-3.112799600487754,1.5844328938582812,5236
5224,14,0.8804357435069223,0.06169021117590715,-2.6275931244847883,0.25586864060584497,5236
5226,14,0.8814567826515262,0.09224932839912255,2.2037026548368215,1.2499227986148842,5236
5227,15,0.885848266013443,0.08661391222419064,2.866347094445512,1.5560235057891394,5236
5235,15,0.9332560924776864,0.046650710372437856,2.298867260705181,0.9560945064575231,5236
5236,16,0.9518683469308186,0.03340633713523842,2.422833359726752,1.2028753694813807,5236
5237,17,1.0,0.0,0,0,5236
0,0,0.0,0.0,0,0,5236
1,1,0.06745515564815108,0.0640752403081683,-1.6403808090113354,2.077986707363948,5236
2,1,0.08742776378311023,0.08021468485610236,2.506983610439239,2.8275179183318477,5236
4,1,0.09306175992301702,0.07093615666728727,-0.7061942375093397,2.555391677987876,5236
5,1,0.09891502254600537,0.06249282400276839,2.422810751667158,1.664742333425511,5236
6,1,0.1029020525788431,0.08524726847724745,1.2144804627976946,2.562821867764565,5236
7,1,0.10888134306740971,0.07096469893438848,0.3448837818599794,2.917495842129103,5236
8,1,0.11081397735067944,0.10929784157789763,3.060408342998298,2.3359505529167315,5236
13,1,0.11925896790432045,0.030427281064453516,1.663471219361667,2.1706344177844197,5236
11,2,0.11666709040295187,0.05829256384879389,-0.7935757494123096,2.1682084883239168,5236
20,2,0.14267494553418913,0.12614850338558267,-1.592030558272289,2.3084513643824462,5236
28,2,0.15713200886617207,0.09184646226493132,2.282487589974608,1.3250616040136036,5236
36,2,0.17224694456495204,0.12389420914421048,2.333333701651471,1.3956254145542513,5236
37,2,0.17377129600120456,0.09353498026481358,0.8861166955936559,2.490654099266629,5236
48,2,0.18634069973419054,0.12858843700734282,-2.232407661403106,1.8940753683949176,5236
80,2,0.20518729877216368,0.15975769333877257,-2.8278649799995317,2.5972151461439275,5236
87,2,0.21230186787061633,0.09128981831600272,1.9076051399457845,2.7423663349200984,5236
84,3,0.20852664036434465,0.15130952706021686,2.1963024556548216,1.291540180754545,5236
85,3,0.20955414958580598,0.11006903946502844,-2.306732675489571,2.6557886170776475,5236
92,3,0.2136443762824456,0.15926019171453937,-1.6780026104811092,2.6991580137634696,5236
96,3,0.21667461883813643,0.11778292798992675,-2.3822660085324787,2.032952785237582,5236
122,3,0.226976237609412,0.1351572296366193,2.207354172486183,1.1440844434609605,5236
123,3,0.22720634081643742,0.1543464493616196,-2.7354637981048673,2.5979228722519823,5236
147,3,0.23762165029635673,0.07928995013343429,-2.774433280947115,1.9337352313264113,5236
155,3,0.24132361406746516,0.179276404639782,-2.341468695259326,2.6296621120607035,5236
179,3,0.25283841431701337,0.10277058706223235,2.2306709696423717,2.705653302996527,5236
143,4,0.23509749973770877,0.15949659357881546,-1.5413188863773057,2.7441258409720666,5236
188,4,0.25756837891271334,0.08657637042343028,-2.7261215126555873,1.7517280669944626,5236
198,4,0.2610647725169779,0.15035024006967945,-2.4256477332194373,2.0417404499563765,5236
222,4,0.2695194985195235,0.16605205028210793,2.2682084859624587,1.3178273259818811,5236
243,4,0.2759939327914869,0.10509939284914481,2.618790157340648,2.804513590920694,5236
289,4,0.287796409080347,0.17951775560260888,-2.3331282431081717,2.6704426789230635,5236
312,4,0.2927768251471199,0.16010238036787303,2.4967911643941463,1.569081961513657,5236
384,5,0.30978339329454363,0.1510489210474936,2.0871126800485973,1.2106345640193827,5236
396,5,0.3122653988002807,0.15518550839829082,3.035213285301176,2.9634225203416933,5236
458,5,0.3246859885688126,0.10885639048065693,-1.602035706119262,2.5113572800797,5236
466,5,0.3259646665210437,0.1602206362726322,-2.853789105314093,2.91907928096644,5236
494,5,0.3305696982096502,0.215614091587929,-2.4131870849867627,1.9481148287892274,5236
515,5,0.3331285957020186,0.1568461133360846,-2.7816968371801045,1.6588808779971989,5236
519,5,0.33371337268514367,0.1586833073703722,-2.406487313959983,2.0230704393895893,5236
566,5,0.3406020361973888,0.15705474004370165,2.617910953750467,1.3660333353569991,5236
576,5,0.3416816042472196,0.16487506107167962,-2.629462380253586,1.7396120870245684,5236
635,5,0.3504235470143775,0.19567603229003447,-1.4636882039325199,2.7919445082133048,5236
667,5,0.3562679777199447,0.17269699856835619,2.6989830309922653,1.4694644493371243,5236
727,5,0.36432598713801434,0.1475456960774452,-2.7619613280101687,2.389554389735683,5236
746,5,0.36651714883253517,0.11591918873840072,-3.0274837213908086,1.869300656890479,5236
651,6,0.35258598673891084,0.1458001675071354,-3.0645004560837683,2.853428113804005,5236
747,6,0.36693999786066855,0.16502371029043705,-2.300723075664989,2.007192377121198,5236
762,6,0.368226681417401,0.2251704309541807,-2.5362099157606552,1.9569915842961447,5236
797,6,0.37207952213141704,0.20442207727672332,-1.3592565507875083,2.765294092384711,5236
799,6,0.37236201967701676,0.11009771065203189,2.013867585195281,1.4784872155779707,5236
804,6,0.3733786756958799,0.08310895100366215,-1.5878028636567982,2.7100406427956725,5236
809,6,0.3737836447090619,0.24126681100464886,-2.4481323214258777,1.9171394653699254,5236
826,6,0.3756204614072063,0.1717987294094554,-2.461788387749699,1.6429011159870974,5236
832,6,0.37641131077019263,0.170558086169296,-2.592863762660113,2.0661032507123225,5236
922,6,0.3865757825897417,0.16661411432103124,0.9968908973455446,2.9344258293225582,5236
936,6,0.3880570963901958,0.14740582099724042,-2.838947163818784,2.373291101302603,5236
999,6,0.393391247695987,0.12152340605853985,1.8832137721845592,1.225790547341889,5236
1019,6,0.3954436097983499,0.16266207754251613,2.5731504071859317,1.302828324140436,5236
1024,6,0.39628988004209165,0.18994974824534464,2.4378842479320864,1.5549858297551533,5236
1130,6,0.40638447127335553,0.07465549580820212,1.9378381470860115,1.6017003149428042,5236
1303,6,0.42258211164374215,0.11453411115650981,2.6007524052382323,1.2776307496993873,5236
1335,6,0.4247677745594024,0.12809849135136298,3.026040655182422,1.6376904174621005,5236
1223,7,0.4157043983216253,0.14144737279502612,-2.282311006501488,2.23947647238886,5236
1352,7,0.42619661247945695,0.14724621040562957,-2.300662748053055,1.4196080159562554,5236
1391,7,0.42936242604048336,0.18805584390409413,-2.7207430475201013,3.085477704654312,5236
1394,7,0.4296274727811368,0.1556549418428778,3.1409856185934975,2.4361343849751926,5236
1400,7,0.43029871129709973,0.11813067894336922,1.3132814884933632,2.870926478433004,5236
1471,7,0.43513143847343394,0.14771016574290163,1.6670059467281162,1.6168273787376315,5236
1581,7,0.44334367193202995,0.11181017442041348,2.951385754780243,2.670826295626943,5236
1662,7,0.4488743786384167,0.14228035182371615,-2.4599585295190267,1.379300602351172,5236
1680,7,0.4498914514934609,0.2102944198896342,-2.865475066221817,1.7659165417581444,5236
1684,7,0.4501773803724336,0.13765077984894925,-2.7596926763837697,1.43426938066745,5236
1760,7,0.4545509189772421,0.1165720708396028,2.3787482969680487,1.1588340127061434,5236
1772,7,0.4550158326500897,0.0960958882984943,-2.8804556745040983,2.309895239092966,5236
1810,7,0.45703037271242997,0.17969114374177936,-2.8379239075513683,2.375899444049378,5236
1901,7,0.4629555182399564,0.17904906703971668,2.7340392186989417,2.259265647130128,5236
2022,7,0.47083389158453903,0.12233855997095565,-2.351520487701887,3.001251679861785,5236
2074,7,0.4743412006446639,0.13894503394969518,-3.064417623788169,1.6382014062063879,5236
2104,7,0.4757471634444933,0.1781441936430717,-2.7481442088094896,1.7438243029016718,5236
2184,7,0.4801704884704113,0.16139030185826916,-2.6736410346702626,1.6634227033648892,5236
2188,7,0.4804159958305706,0.18192705379767152,-2.678263025578604,1.6722088613167552,5236
2436,7,0.4924687362231438,0.14908208032529738,2.0768537887402307,1.9166939829208982,5236
2086,8,0.47503970154741537,0.17425894492796185,-2.8050423924540544,2.446187378699601,5236
2139,8,0.47781105229478216,0.17054782784416256,2.535903190819455,3.06117275848973,5236
2407,8,0.49139287743584337,0.12657372999816002,-2.824077708960284,1.9720716522886794,5236
2440,8,0.49250648874238967,0.16049791336993616,2.0538624287374523,2.8182012520612707,5236
2452,8,0.49334619805464364,0.11312977198158307,-2.8080955835501618,2.0330978664426413,5236
2550,8,0.49789175779267514,0.07608972618045737,-2.7327620526797642,2.435588562781873,5236
2590,8,0.49953224078118075,0.12316880366579354,1.287135649371959,2.608991892194038,5236
2653,8,0.5022289992376822,0.14482793527484536,-2.4998604057039606,2.616993284686145,5236
2724,8,0.5053776930947929,0.09753129739556347,2.621915625152099,0.9377926961995087,5236
2905,8,0.5136336035048077,0.15093062601130844,1.9647719402136739,1.902417653586071,5236
2917,8,0.5141823413598033,0.13508244006853026,-2.9769709028884606,2.7608623543472692,5236
3049,8,0.5211883474205116,0.1685933155066089,-2.7902736256632505,1.844621513796747,5236
3096,8,0.523495285464315,0.14015039204289595,2.9199155605978633,2.277721504832338,5236
3099,8,0.5236547065968077,0.15985449346479869,-2.8243427408710713,1.4617779941589322,5236
3150,9,0.5266489850435686,0.11514871909505557,1.0827034855006428,2.723714287508046,5236
3422,9,0.5424896952390463,0.1004326058105686,2.5395914208524197,1.181395244801569,5236
3465,9,0.5452123500987616,0.09939061345728052,-2.073994939699988,2.6893549783167234,5236
3496,9,0.5473624820381111,0.11866240722438125,-2.61490040365662,2.2801618652236506,5236
3599,9,0.5542959191789933,0.16268501252376164,-2.68453064637769,1.8724295207922244,5236
3870,9,0.5732544553185887,0.17984721621745003,3.0822128468771264,2.367496634848578,5236
3928,9,0.5781235023714744,0.17762617392199453,-3.0441791201222395,1.9050385324032253,5236
3935,9,0.5790976580508457,0.15132325092306717,-3.1008354496305612,2.532700936145778,5236
3980,9,0.5819795834547555,0.1783742639360927,-2.8440664301817473,1.592607642247579,5236
4134,9,0.5972917702433769,0.1623054710532676,2.2679785004022746,1.7029944352918254,5236
3911,10,0.5765938194822313,0.08786768414540753,0.19463734921378137,2.7719849960394622,5236
4208,10,0.6042561730535836,0.12891410039565815,2.598303852773392,2.6698921731812075,5236
4227,10,0.6063320477309239,0.11629215036958869,-2.6302935804985137,1.914364167498274,5236
4312,10,0.6142322772743273,0.16374775799748267,2.3706194191917427,1.7123351371802789,5236
4348,10,0.6187672124664443,0.07383649349343702,2.6296831859546184,1.4670144964259397,5236
4378,10,0.6213503554708643,0.1955496567227615,-3.139509933892658,1.8629789744493144,5236
4458,10,0.6298544740491344,0.1779324984249302,-3.0063765179080058,1.8234966915031499,5236
4469,10,0.6311448685422415,0.18893273567370397,-2.8337066859249487,1.7812147274131465,5236
4484,10,0.631928374422303,0.1046919900200311,-2.950443040182221,1.760823939028292,5236
4530,10,0.636193133373908,0.11796320114571873,2.714220553482152,2.42968321281701,5236
4550,10,0.6375908692120905,0.1282183934975767,-3.1174569985633274,2.3339484325223276,5236
4580,10,0.6411785951824627,0.12722931405568993,-3.0082317633765587,2.1791632698719985,5236
4574,11,0.6405512582139545,0.13146899340487747,0.38031534570611747,2.5083998737660558,5236
4605,11,0.6457839690694962,0.1471771034559191,-2.6891408736573648,2.014467455695136,5236
4659,11,0.6530075572204967,0.18388239541097331,-2.890761295215245,1.768798639454409,5236
4744,11,0.6685831576074314,0.14321356783941494,1.9921579253964041,2.5478508428482822,5236
4954,11,0.7086070887443974,0.15925548547540874,2.783219357881369,2.181409619618539,5236
4985,11,0.7147166615150696,0.13732208875877097,2.6451240871895783,1.9735540925919635,5236
5036,11,0.7297716173502498,0.15429333557945135,2.860605401161482,2.0463081909744134,5236
4904,12,0.6967275079552899,0.14490450523421972,0.7213958194464288,2.579309335906326,5236
4912,12,0.6977061249443667,0.1474922823398412,1.7882759842218618,2.6097917250059806,5236
4951,12,0.7077220824422363,0.13808974034189034,-2.9368960537673443,1.7523462331137247,5236
5096,12,0.7492008483524413,0.13619942754189057,2.8175116798995683,2.053706939209219,5236
5047,13,0.7327255361682985,0.16573803675001247,1.7091992703713597,2.424302631428058,5236
5060,13,0.7359786666229413,0.13168536315410484,0.45617464032763744,2.492204609901688,5236
5074,13,0.7400120910284175,0.1348683700486095,1.18792662268035,2.4950181498799977,5236
5102,13,0.7532727710794318,0.09731682905174018,0.751701509295582,2.387904278237853,5236
5112,13,0.7602011008170879,0.14627499339860042,-3.0448642556575125,1.9798306391937677,5236
5137,13,0.7734590605180968,0.13688214346032862,2.6672139634032215,1.99080688903249,5236
5173,14,0.7952017867377577,0.13776627795246088,1.8340512896538008,2.1625894857790167,5236
5183,14,0.8047384660534167,0.12326462914428389,1.0490188695622376,2.6155978395945527,5236
5205,14,0.8257943386004963,0.12189570351396876,-0.8192406876290284,2.958208625816145,5236
5206,14,0.828363732347123,0.09441508670547913,2.2817656797969836,2.1788101568918607,5236
5208,14,0.83462481372629,0.08834366671562703,2.837786310599857,2.174388736276524,5236
5223,15,0.8619313636009726,0.1141944051663174,-1.3804174085698016,2.749403058689211,5236
5224,15,0.8630060149030775,0.10807980912511286,0.3667387146062238,2.874499885867227,5236
5227,15,0.8658085462930418,0.12839472238328442,-1.194335106389393,2.917959837550878,5236
5230,15,0.8729664932113735,0.07445888515659621,2.0721451154015846,2.0653211572294596,5236
5232,15,0.8827348605872699,0.09932061254011924,0.0055317605818635245,2.4680450116802066,5236
5235,15,0.895242679594654,0.10208836571867377,2.7905212109325355,1.5752620702041837,5236
5237,16,1.0,0.0,0,0,5236
0,0,0.0,0.0,0,0,5236
2,1,0.0917137907906066,0.0634598130113813,-0.950926233170645,0.5475437331916433,5236
3,1,0.10261200176933694,0.09958341215325353,-1.0800039114214672,1.541549448341633,5236
5,1,0.11987589520108988,0.09784062298630677,-1.1849987092770093,1.6978463091946914,5236
13,2,0.13059967039298848,0.10056547157284378,-0.8666351397293417,0.6039550952403551,5236
19,2,0.14937830079408343,0.09860007874844201,-0.7097104837870909,1.2663129510995437,5236
21,2,0.1508605740652572,0.12116832997582763,-1.3090765747158857,1.7361372378653885,5236
24,2,0.15627796491114565,0.07916522036196208,-1.9682501188031107,0.8729859684627588,5236
28,2,0.15926419571534267,0.15166003425270497,-1.1941129388390144,1.5120354508712612,5236
52,3,0.19278373457119768,0.1062760585353068,-1.1475462982931026,0.9731430337460909,5236
65,3,0.2053708013040998,0.10614570703236229,-1.072411342153993,1.3976814662746606,5236
84,3,0.21569492259250944,0.13147296684591778,-1.333254227717326,0.9199576046021782,5236
88,3,0.21672476406014174,0.11256200549399359,-2.3501113978745427,0.9093208306155237,5236
92,3,0.21891407875514712,0.16847422594033487,-1.0932965451141314,1.238691987970614,5236
137,3,0.2408524488617637,0.1342759562496518,-2.5601435391629703,1.1493790515186366,5236
129,4,0.2366755582022656,0.1379008553499466,-1.0554344388484977,0.7321646006992205,5236
147,4,0.24329396789165314,0.12277872544194668,-2.3600556851397876,0.8017192161154287,5236
167,4,0.24978462054872452,0.1612700575678725,-1.0115725927733323,1.090430653160192,5236
177,4,0.2531335419926808,0.13051511348880265,-1.4595832779352325,0.6088491002827003,5236
211,4,0.26250961551076457,0.12223196986924367,-0.8333615424864049,1.3556090345105942,5236
224,4,0.26564062834918956,0.10836030425822152,-1.5111418785998743,1.121096245806754,5236
227,4,0.2658754826458556,0.16865857587628222,-1.3187059598297404,1.2861959278781583,5236
334,4,0.2942267212649984,0.17991577659950606,-2.6476264180720186,1.266155641537663,5236
350,5,0.2976388675239625,0.11867894503752988,-2.2243240392730574,0.9703434185428189,5236
411,5,0.30957831338638686,0.17516140025391927,-2.6312504728562573,1.187986811102051,5236
515,5,0.3282759281909692,0.10910623899351779,-1.2819862252793623,1.1914232781129634,5236
655,6,0.35049410873833087,0.1504455473377654,-2.4310315830366136,1.2124643609249026,5236
805,6,0.3699965490224091,0.07181009904647818,-1.2593360610421078,1.2337217905333642,5236
1089,7,0.3970877246756773,0.13038296261924656,-2.6625399405211336,1.021825472122508,5236
1318,7,0.41898560721732825,0.06951380392920911,-1.7421057645317377,0.760487356051326,5236
1470,8,0.43160074106799795,0.15795472710677289,-2.7208207117159047,1.1198483899491851,5236
1771,8,0.4526350643755406,0.10987665492554385,-2.6834627262198687,1.1735141976914196,5236
1801,8,0.4545600067603638,0.11200019453394039,-2.8087450387305175,1.443316488402675,5236
1828,8,0.4558114332496366,0.08810601096226475,-2.6234585292281456,0.841690181715613,5236
2470,8,0.4917827174826268,0.07131774119003703,-3.1408224282058765,1.0358759472617878,5236
2506,8,0.4932137881776002,0.07569410774407896,3.106678465079369,1.0535396640121855,5236
1800,9,0.4544957598071575,0.16038565241325836,-2.6072866424724817,1.083181079955522,5236
3154,9,0.5258254509453839,0.09111650680385786,-3.082219070975681,0.9020964823660689,5236
3178,10,0.5267777714841828,0.13166268327803465,-2.6853166852605512,1.320873647377104,5236
3404,10,0.5414260521481675,0.1249050883435065,-2.1007686647230837,1.186443968140583,5236
3573,10,0.5525651531475136,0.08870352260539517,-3.046032447685878,1.453189907372359,5236
3655,10,0.5579701871606996,0.08639465683504988,-3.022942226175176,0.8200025877639828,5236
3898,11,0.5782530354334164,0.11643305091608906,-2.9666876090414975,1.1840506192438074,5236
4132,11,0.5967447731028395,0.09070768926448598,-2.4468133016447506,1.3282237756837199,5236
4209,11,0.6031004614659432,0.09587329363658567,-2.7862466744259087,1.0973312855822814,5236
4645,12,0.6536301409800497,0.08508517117376609,-2.8771321613988117,1.1593734667116788,5236
4999,13,0.7202985296681591,0.055630313027041196,-2.7429416576471506,0.9006671124375918,5236
5131,14,0.7752437840967358,0.07324951844040858,2.414971809933119,0.5898235572372059,5236
5200,15,0.8332783342561881,0.04774784157445531,1.7005577643464187,0.7729275724922992,5236
5227,16,0.8807526175298694,0.07091652538724223,1.068704209709435,0.446940320508161,5236
5236,17,0.9379136392182406,0.06154006548655997,0.5576659199050442,0.8471298462056146,5236
5237,18,1.0,0.0,0,0,5236
0,0,0.0,0.0,0,0,5236
1,1,0.05759828309213055,0.05743008468136378,2.1428335087310963,2.5254161753532482,5236
2,1,0.0839419170473632,0.072565937246454,-0.5669199991161055,0.8771257654351996,5236
13,1,0.1338931383043851,0.09411115412649537,-1.4421322291927572,2.2693007163155086,5236
83,1,0.215679808741863,0.21388208519689297,2.08442636125083,1.66465435408414,5236
8,2,0.12728710089441997,0.05471493119538999,2.9190699172560177,1.6118243514197204,5236
10,2,0.13365437823468507,0.07727498074609689,-0.5230236828977856,1.2843418475153943,5236
17,2,0.14036648183184863,0.06076664406142877,-2.873217961962232,2.2644906901268924,5236
18,2,0.14442609409183405,0.08744197312790446,2.048890673919612,1.477641281241263,5236
19,2,0.14509269337634245,0.03138872482757213,0.8539407249671146,2.3367682941314336,5236
23,2,0.16014390831910075,0.10315252808180041,-1.435092911597908,2.1821157201241657,5236
38,2,0.18021155529714483,0.12965572540801093,0.39374028152962226,0.8682620793364049,5236
160,2,0.2487330838297951,0.20988660497586825,2.1261404733669655,1.7504608791147498,5236
100,3,0.2219053348081339,0.06627891990555343,-1.3658511926944135,2.5447912942942765,5236
105,3,0.22341686266805916,0.13115190035022206,2.1276162167346313,1.713543522256983,5236
126,3,0.23335417702197814,0.15724264717190992,1.8165007638591029,1.693325060961699,5236
164,3,0.2515457624578412,0.14326782421605452,-0.17836998605141044,0.7886358119957447,5236
233,3,0.27383922578531583,0.21689883836918544,2.0660744215597866,1.810687085635359,5236
213,4,0.26948195637384753,0.12245228096796183,1.8563508647999654,1.8996315460623812,5236
217,4,0.2703434572459137,0.06734870589750284,-1.504319043742421,2.662261069601615,5236
268,4,0.2853754091449724,0.1322172884932679,-0.3623374127216514,0.8185044138938454,5236
293,4,0.2910725881684152,0.19056840621888604,2.069594010184284,1.6642845936033104,5236
385,4,0.31175706941097603,0.20070163823391104,2.0808296398265194,1.860119878391129,5236
442,5,0.3247467100228084,0.06498049617481809,-1.4279039396705455,2.0056226780372763,5236
488,5,0.33161337808758173,0.209962293993065,2.131190361801375,1.5942369645125856,5236
562,5,0.3426730759931814,0.16032457765561284,-0.5663829817282133,0.631840185241443,5236
582,5,0.34671993546460766,0.1900845852634293,2.08911875570512,1.9773406887745775,5236
606,5,0.3496220613642542,0.15088111109969285,-0.7123333467113026,0.9669200297616958,5236
656,5,0.3567299099695763,0.14730923039494334,-0.25814870907508514,1.0911206975472507,5236
663,6,0.35788057680079977,0.05131376145089046,-1.0923660849942525,2.175836092492065,5236
919,6,0.3868840432744485,0.17221963555011544,1.975905848874267,2.0323529373864546,5236
1041,6,0.3994319793095359,0.13361491073407347,-0.7230635116196413,1.2116378322634402,5236
1062,6,0.4017981612055387,0.13327091717879158,-0.27004349537559463,1.2911720799561877,5236
1148,6,0.4086660956112511,0.15386734528128995,-0.18544668518014873,0.6463951107009478,5236
1245,6,0.4155130747915209,0.21479618474902124,2.0877607541368257,1.863924324241166,5236
1404,6,0.4292011887643674,0.11869777494009051,-0.21270833541885578,1.5602943907005624,5236
1228,7,0.414275640777492,0.1652561824841059,1.9573523998600912,1.9923569640188648,5236
1886,7,0.46117864661098884,0.20503728031879298,2.1488938325702205,1.729760684512212,5236
2376,7,0.48827412144061866,0.1283882831350309,-0.19295267331798033,1.146610241572845,5236
2253,8,0.4816869370246243,0.21631356926952924,2.081598099452572,2.1831849598514257,5236
2301,8,0.4845082184352675,0.1424538852285082,1.6229440236925377,1.9053708965212333,5236
2490,8,0.4936752536312462,0.1568815515745963,1.6344780455930097,2.111689991248271,5236
2692,8,0.5034481947844021,0.11792664233699972,2.2850175754177857,1.5629979943520336,5236
2824,8,0.5095306608777739,0.1449833747823637,-0.15273495221490466,1.2073902187353511,5236
2828,8,0.5098433109863972,0.196482785207417,1.643358784632738,1.975136402947503,5236
2881,8,0.5130380657924787,0.18841687039804167,2.1230385733902404,1.78078681167378,5236
2896,8,0.5139598316967334,0.12380173111397433,2.0156549781235173,1.726166110973074,5236
3580,9,0.5540306271315849,0.17067892534872622,2.065377771628577,1.9062264924494605,5236
3607,9,0.5560041210833127,0.10644971761827357,2.0092628767202814,1.7519249672355253,5236
3761,9,0.5679660860897761,0.150865621052978,1.947337802919594,1.4303107257937884,5236
3819,9,0.5720564816353855,0.1772258124040324,1.9648239126535483,2.036214248222093,5236
3899,9,0.5787192370658492,0.1611782482079776,-0.10815953145752978,1.3089789386640538,5236
4218,10,0.6070160133716305,0.1352184465855217,-0.033936392729859516,1.320129305028001,5236
4469,10,0.6348604534621655,0.13801524237187013,1.8678469492891885,1.653081539443829,5236
4537,10,0.6438154488605471,0.13122194337148435,1.7106108651521925,1.8125361076664368,5236
4797,11,0.6793324489667736,0.12075804528584931,-0.03759250362333503,1.5715042551741054,5236
4814,11,0.6820797136599751,0.11515257876399732,1.6225477882151544,1.634199951658526,5236
4920,12,0.703099875495914,0.13705112528691563,0.045430892249568956,1.655565271987428,5236
5020,12,0.7331985686302686,0.10979267978363816,1.2522561786369657,1.367529842715977,5236
5101,13,0.7584796682022716,0.12107073756801678,1.1507488859532262,1.5197943455057914,5236
5156,13,0.7872005414439419,0.07284517306635184,0.4259965895781598,1.888893675995299,5236
5203,14,0.8231791528435637,0.09877412871382027,1.2930556463446128,2.0434909092940625,5236
5220,14,0.8447333615223007,0.05368065038705303,1.1875895137602308,2.3324555750477423,5236
5232,15,0.880667771157166,0.052971845658832756,0.7894737216551087,2.117829541902537,5236
5236,16,0.9396415797787475,0.027404287412569173,0.46929569729539683,1.2792801571672123,5236
5237,17,1.0,0.0,0,0,5236
0,0,0.0,0.0,0,0,5236
3,1,0.08275522219608056,0.07756702152401475,-2.450692857195856,1.1557314402827863,5236
6,2,0.11642284896475419,0.10248925790730681,-2.5034971739470104,1.3268948055352483,5236
38,3,0.1700569258968011,0.11411867765265186,-2.3828497165291203,1.4750634300799441,5236
48,3,0.1881817024995981,0.09953120900007485,-1.769913101500702,1.320926060371586,5236
92,4,0.21140398038730557,0.09818353055870095,-2.5742441238501277,1.462098889099435,5236
96,4,0.21354434078695816,0.10669826589133063,-1.8936811810260714,1.1806251968079027,5236
199,5,0.2563711855402483,0.11217479621667313,-2.5457447741178783,1.4887832405720742,5236
241,5,0.2684247808389205,0.10835921020394777,-1.6791741306200305,1.427085943270298,5236
393,5,0.30412855261756544,0.03324796645495615,-2.0849394332610918,2.102785330020863,5236
790,6,0.3623953088804912,0.07256964180298299,-1.7538228493572483,2.056915536741977,5236
1249,7,0.40765887123540423,0.0807630403051046,-1.8643684548866382,2.439596714389677,5236
2568,8,0.4950976732025788,0.11769435305253814,-2.994027935047508,2.951170785771314,5236
3348,9,0.5374863901345094,0.10333254660108428,-2.0989344854095995,2.962993902490821,5236
3606,9,0.5538433523072608,0.12498333495121756,-2.083545996953359,2.6966421042447846,5236
3976,10,0.5805908003885223,0.12596519263897912,-2.531433229501453,2.6882774030658823,5236
4327,11,0.6118644326049355,0.11262660886696221,-3.030581768506288,2.6496701125309965,5236
4487,12,0.6290881587712867,0.1013465428320152,-2.8366808432562207,2.6318538949296157,5236
4785,13,0.672425005621834,0.11728140455865517,-2.2971739258623707,2.4939370488667834,5236
4905,13,0.7000453162986865,0.11126773819644784,2.766698004199168,2.255038851071531,5236
5121,14,0.7633551752549719,0.12396619434681272,2.422100980517077,2.4591486272129135,5236
5123,14,0.7641721483844772,0.05485769477231478,2.6576298701333165,2.0336205809315735,5236
5124,14,0.7647501704355132,0.10636816780681493,-0.21789642245919355,2.8596755172036437,5236
5194,15,0.8159988311367503,0.0666485541377143,2.2029369159880368,1.6591302726309345,5236
5198,15,0.8206363656578988,0.1563743882678589,2.7881506578289152,2.616642765429045,5236
5204,15,0.8296186899701758,0.08330535183538845,1.4358709353437686,2.813240665949466,5236
5222,16,0.8716862657130048,0.0554848518822784,2.087329824724657,3.121396636881984,5236
5226,16,0.8893116264773014,0.06516826977812049,2.1252144824820642,1.398235293130217,5236
5231,16,0.8970635340719234,0.08677958750484027,2.7327247741024134,2.7728811209197217,5236
5235,17,0.9467398492057436,0.04804241288724319,-1.7338752849797032,2.3278804653314147,5236
5236,17,0.9796773141478738,0.01690746186458,0.9937524032479454,2.091096396143839,5236
5237,18,1.0,0.0,0,0,5236
0,0,0.0,0.0,0,0,5236
1,1,0.03793460362306422,0.036753976395627275,-0.888274882131865,1.2140569650212407,5236
4,2,0.0818690482158535,0.025180537861596505,-1.9874412805499964,1.664060093179338,5236
8,2,0.11094611144910871,0.05124598984970962,-0.8536324007920699,1.2065815851672492,5236
6,3,0.1088182405521898,0.042447707780050775,-1.7605241211537468,1.2198618486743773,5236
14,3,0.1357055341934138,0.0629361604125216,-0.8365396158666714,1.0736505842184008,5236
58,4,0.1884969602269585,0.10661363392285532,-1.416398570591302,0.7000733894805228,5236
65,4,0.1971284058862428,0.09248358018203222,-1.0388531139847084,0.8127425417464023,5236
96,4,0.21980762222079486,0.1276356175761455,-0.4645140700506267,0.6211489978789094,5236
104,4,0.22331522984028396,0.10821116302333518,-1.2308623094085176,1.312850280245823,5236
166,5,0.25185365329745335,0.13971603995548246,-0.673253539157122,0.7206538577236784,5236
237,5,0.272390308469167,0.09756046479677082,-0.9840919488047601,0.9018723024568184,5236
302,6,0.28827974684627056,0.09899432430602083,-0.9530331548172319,0.7716949185571598,5236
471,6,0.3236361098477296,0.15585614577781257,-0.4364787927083019,1.047087170690685,5236
763,7,0.36578042403304223,0.16583365605330344,-0.34363455422394895,1.263750534163194,5236
792,7,0.36939283918259236,0.14154890958617475,-0.6372208964061004,1.102988989028132,5236
812,7,0.37096175325739267,0.09323209739509217,-0.36409388953364447,1.0217902719697154,5236
1269,8,0.4137860356509063,0.1575322344395018,-0.3712917222390239,1.5183393748351102,5236
1347,8,0.4201528430563508,0.11047914762087176,-0.4980623539590809,1.2220520272718127,5236
1560,9,0.43750600740893086,0.1392628324073939,-0.3043043271785581,1.5370845317951587,5236
1965,9,0.46389802857504125,0.12141614193010795,-0.5650254578739058,1.299711606538491,5236
3193,10,0.5265469261001182,0.07676123439977525,-0.667734036948244,1.5959187815586082,5236
3872,11,0.5700008578644815,0.06016779544704351,-1.0182029450708927,1.919039691912247,5236
4540,12,0.6344562311874817,0.10376638397739085,-1.0760309615844,1.8229237813554144,5236
4924,13,0.6989178395554063,0.0902049762367559,-0.6863364877907338,2.2641011655866827,5236
4977,13,0.713352523977963,0.11939225851196408,-0.3506881837225391,1.9357322926104286,5236
5095,14,0.7557208616233616,0.09541478493029096,-0.3606379582905939,1.8267866334645717,5236
5178,15,0.7962691367703759,0.09645677687579256,-0.5872987905215165,1.983657871307597,5236
5223,16,0.8431129743557854,0.09618076881634739,-0.505939955690958,2.1910673303025616,5236
5225,16,0.8472136101651552,0.07094429538205053,-0.8116821254578763,2.15279486449447,5236
5236,17,0.9089228758737647,0.07437820626911452,-0.7290835599952786,1.5886435700643156,5236
5237,18,1.0,0.0,0,0,5236
0,0,0.0,0.0,0,0,5236
1,1,0.057011871783070434,0.04956808857468901,-0.08933878970603497,1.662232034650311,5236
2,1,0.07197865485767907,0.041810217778493454,-3.0539957980042867,0.6388685278391811,5236
3,1,0.08200467682966506,0.07993152265730896,-0.7969904626446951,1.6628723947920139,5236
4,1,0.08590629525596194,0.038638652720783574,-1.010251054396166,2.0863639896261477,5236
5,1,0.08602113392682498,0.02534477393887636,-0.8956382419015856,0.8359285275988696,5236
8,1,0.11189143402570267,0.07658537520781032,-2.911609225483621,1.0124385680275427,5236
18,1,0.1289311163612783,0.08206197371369633,2.458903245159736,2.0324086433111614,5236
20,1,0.1333769047041935,0.12952610340450163,2.889496558897923,2.5480005495517632,5236
24,1,0.13992359831551682,0.139810197549869,-2.9947636181464516,1.9634355390555067,5236
30,1,0.1467944130502401,0.1414004421732709,2.899135865953766,2.185789304809818,5236
12,2,0.12200450105600846,0.07585566647110956,-0.07796653940248961,0.9641977964130464,5236
17,2,0.12801649373968493,0.09072530224547634,0.29849681828494057,1.3463763318746205,5236
19,2,0.13003974917022554,0.07406719474313986,-0.49683448361114685,2.457669626182541,5236
27,2,0.14162669019489682,0.11744990111620572,-0.6605782343228871,1.8222362719110299,5236
31,2,0.1488399600517224,0.09588926722796243,-2.7725538353011636,1.0483066549673496,5236
32,2,0.14910792522517713,0.0927933729079275,0.363302300971881,0.7647857310752518,5236
34,2,0.15006894130993664,0.10718257754567799,-0.3812233176198842,0.7798420289165454,5236
35,2,0.1519807487376258,0.09042925758912572,-1.2295747596536655,2.846742696467492,5236
43,2,0.1623318561485867,0.09444430252934988,-1.2792267450243848,2.2706047968341636,5236
46,2,0.1642402268104396,0.1019275147553396,-1.680775885879316,2.203336785193816,5236
48,2,0.16749224718179023,0.11949604250439946,-3.1041441073794234,2.4036188756297143,5236
50,2,0.16810963350300723,0.0637464270794994,1.110655162109438,0.8954069793267768,5236
60,2,0.17618137487493524,0.04770591198281026,-2.7172816906431208,0.730697797696344,5236
66,2,0.17871656912183242,0.13595857569590217,2.737847992693615,1.2058539590318784,5236
71,2,0.1833395811787426,0.11423427108449803,2.273736723991597,1.828817981392238,5236
73,2,0.18564644899882632,0.12196050039553287,2.5309527499135944,1.6481163707534459,5236
105,2,0.21057224821170417,0.17781153238822,3.0224910805877485,1.8960815135235483,5236
58,3,0.17349241381258318,0.11401354755266079,-0.016516133772926374,1.3446781034745958,5236
64,3,0.1782561905819956,0.06338023369854003,1.2787377032987772,0.8592305792246829,5236
75,3,0.18702723422522283,0.04460572626165222,-0.9928555475162103,0.6265812646751318,5236
81,3,0.19241257685519686,0.0985120784189269,0.85214710941588,0.8142171389426544,5236
88,3,0.19594827445481267,0.0862106849694662,-0.05096960824179548,1.026170566530278,5236
91,3,0.1992356172049048,0.08553876573278636,-2.7872187276987437,1.389695258076441,5236
92,3,0.199733507432171,0.13295882729610614,-3.1181249834093663,1.0470522184270268,5236
115,3,0.21849250578021173,0.0677427269474275,-2.272310967925215,1.220553020782372,5236
117,3,0.22127027407996602,0.11776448095177518,-1.1032408863333403,2.3941919389040596,5236
126,3,0.22501515433348518,0.10195862082785263,-2.475647978495855,1.30467169799137,5236
130,3,0.2281085375530698,0.09679856480863308,0.9773657745175786,1.3762734503458005,5236
150,3,0.23865597450791154,0.09816162566383867,-2.908660243888659,1.9437500952980673,5236
158,3,0.24398441004837212,0.13634296703002535,2.9607599701402956,1.4232747815825193,5236
186,3,0.2561850131572231,0.16499390811342313,2.3295483157476164,1.605819327293619,5236
207,3,0.2624711080794935,0.15545361997942742,-2.4379182234690924,1.5510003076937486,5236
212,3,0.2633365193675904,0.19025183950089772,-2.8628569574673115,0.9128758958303635,5236
218,3,0.2653743282047337,0.1635228877071655,3.060156879853281,1.5998036139182432,5236
139,4,0.23281870597121557,0.06806630461557839,-1.3830291323842858,1.0358282734031825,5236
143,4,0.23432250537203525,0.1565927451176037,0.10817323499098772,1.2492717518612562,5236
194,4,0.2575802957978628,0.029725345755788626,0.13431592651871743,0.997032164571008,5236
217,4,0.26517117017747627,0.07515094186514963,-2.389905402669497,0.8463705188982429,5236
249,4,0.27664984686345906,0.12533767230953272,0.9119981378537594,1.4068134940939052,5236
317,4,0.29393464206626574,0.17623109472614604,-2.9466258634718696,1.328748646331973,5236
319,4,0.29436779290843096,0.09927435563502357,-1.567707886916652,2.07865981608461,5236
331,4,0.29639256538875425,0.10270168763578874,-1.8705908735736962,1.641695457166202,5236
332,4,0.2964646213452957,0.19035785804764768,2.472007509363597,1.5484517327299654,5236
364,4,0.30460629115710025,0.10788496405129065,-2.1937190577787082,1.5125990851253752,5236
389,4,0.3097164377717928,0.1674064492178496,2.530724849749739,1.443859257110878,5236
416,4,0.31423060023419225,0.1604983857980726,-2.9918787922736287,1.6317397242055613,5236
464,4,0.324365992845291,0.20489592680891008,-2.988104190738561,1.4656937661850267,5236
604,4,0.3485602334443175,0.18359500443503096,-2.4267659935796595,1.16680283258727,5236
300,5,0.2899010803419416,0.04930554896207358,-0.37182562069291686,0.8930836701233936,5236
428,5,0.31725388153225287,0.10570220269956485,-1.6542893894826451,1.4532518543450934,5236
431,5,0.3176823555546565,0.10667576594290973,-1.405132867011896,1.5895637799308389,5236
438,5,0.3197543556200587,0.11932158351707789,0.7104723821355736,1.1744838528879495,5236
468,5,0.324860237915915,0.09947815247120342,-3.0553235805772303,0.9410464415197232,5236
551,5,0.3400983909694655,0.06870628202500598,-1.9502057707102423,1.8954197758758533,5236
613,5,0.35025865440897996,0.06770544555868646,-2.366677290399441,1.379186985667011,5236
724,5,0.3637737395600077,0.1525576316194682,-3.0727667284576214,0.8892256433087367,5236
729,5,0.36437547483916,0.18491725021321584,2.7788513554214043,1.5925578449055473,5236
792,5,0.37060288001964004,0.18196393072172481,-2.3358922731241,1.1189761733012684,5236
817,5,0.3737155667558526,0.19807800603325146,-3.005430869199632,1.6209831921389743,5236
636,6,0.3522866510928756,0.1281755937032787,0.7766273145903307,1.2672517717078207,5236
786,6,0.36993845846924067,0.13565305346981743,-2.96037038616262,0.8352067350079505,5236
900,6,0.382157525086787,0.11191513389581488,-3.002659136870072,0.9199213238930318,5236
1064,6,0.3993445114914842,0.09219866518260406,-2.8429892455436536,1.5697371120878538,5236
1088,6,0.4012551346511236,0.09339830027270873,-1.850243854525658,1.5353866674164618,5236
1297,6,0.4191158492206146,0.1922802374203531,-2.4072722604797336,1.323870426473077,5236
1302,6,0.41931085628407694,0.1528531679144297,-2.5277271090169946,1.2892183203735321,5236
1564,6,0.4395322978908476,0.13730296497960615,-2.706931387366333,1.425255977540302,5236
1648,6,0.44587272265598055,0.145192874189496,-2.8353680565830515,1.4768877446492783,5236
1832,6,0.4574576393136355,0.18643915335559266,-2.8336563256503458,1.3266893344832755,5236
1967,6,0.46476933300509116,0.18634621306227445,-2.96138523313295,1.5213977909339074,5236
1173,7,0.4086642015944951,0.11461112647546204,1.179181542508799,1.3908969446421013,5236
1198,7,0.41121270260802023,0.12710766164848478,0.4808916322964605,1.3921009564337514,5236
1385,7,0.42680018007305376,0.18579765290681222,0.8182269440303533,1.0652797890171923,5236
1693,7,0.4482612083425963,0.10413786836328086,-2.14678525489842,1.7146319732781548,5236
1898,7,0.4610286196191108,0.1407593916155364,-2.744648857429274,1.1930292955833655,5236
2668,7,0.5014575783355897,0.1692120455332205,-2.7876469612517685,1.5387469248299501,5236
2626,8,0.5000156622528676,0.14726024230253426,0.7515137045668128,1.317531090288743,5236
2633,8,0.5002260939481816,0.10081560850174225,-2.5233119788639513,1.6792395122340347,5236
3180,8,0.5274649081105943,0.17750632759951787,-2.727099666039272,1.4333975160775316,5236
3362,9,0.5383581807420305,0.1628385344277498,0.9144211351045883,1.2141620317281756,5236
3735,9,0.5620145130128441,0.15487409105627342,-2.7083477724763005,1.5734276344007339,5236
3967,10,0.5793329212309387,0.16601802449818406,0.8960763285328569,1.2808952337147785,5236
4151,10,0.5939363617952037,0.15788607635946114,-2.771505991116785,1.5465906287372386,5236
4258,11,0.6044170098510787,0.15205094169270808,0.8861164673046398,1.3666347461317732,5236
4595,11,0.6460844101426857,0.12826338466226203,-2.7143686098697946,1.7271787093431188,5236
4755,12,0.672754358904766,0.19640948644485134,1.1058381098472931,1.3240538275944314,5236
4839,12,0.687182848559347,0.13403624658171723,-2.9612393095505993,1.7465499610180415,5236
4916,12,0.7035490733488998,0.0910582276842427,0.7211872291834683,1.672208824185946,5236
5097,13,0.765974724820828,0.11861283545764371,1.0914472369507071,1.3601907004941778,5236
5099,13,0.766605289608286,0.17272484700546656,3.011283465228226,1.406859465000568,5236
5182,14,0.8143303624528997,0.12372612322188403,1.3401207850970844,1.3429476190791028,5236
5184,14,0.8146190129348214,0.13314457639015928,2.990289825961294,1.2598203415540625,5236
5218,15,0.8584419225059127,0.10478701141986403,1.598602730198063,1.1283491630470757,5236
5228,15,0.8828739341146538,0.08755471661355885,2.5267864518003225,1.092555365137273,5236
5233,15,0.9021390207063696,0.06277491910802294,1.7809140921765036,1.3172257931967928,5236
5235,16,0.9428029783816602,0.04695477187050194,2.6803925402056628,1.562185142631655,5236
5236,16,0.9470952845568854,0.048100962082367256,0.9957425534010917,1.2027468692238956,5236
5237,17,1.0,0.0,0,0,5236
0,0,0.0,0.0,0,0,5236
1,1,0.06459566306115727,0.06392971595941341,0.9698414741723492,1.6744812144041417,5236
14,2,0.130290509224552,0.06530858283263415,0.7510058302045632,1.5203303023957289,5236
39,3,0.1764896070184142,0.0634661936590074,0.8349032167587347,1.1271525287865491,5236
134,4,0.24329908898592445,0.11744122686770377,0.6604729123340037,1.442652072212358,5236
190,5,0.2677925207663123,0.1057519171005528,0.7775260125618365,1.498164243577864,5236
422,6,0.31984773410523326,0.09908159711179847,0.9720624502957916,1.3223064605872477,5236
602,7,0.3495778408614826,0.11368119557768648,1.0051499888947557,1.3492812432903103,5236
1462,8,0.4331522298309747,0.171846478990953,0.8571518904506527,1.2534635577624456,5236
1685,8,0.44855137456504124,0.16075549729341845,0.4661246237615394,0.9294238020538192,5236
2514,9,0.4929829557301356,0.19186940937573693,0.6333477403375655,1.1712123536772516,5236
2573,9,0.49649864838917945,0.1728513057548842,0.7243212602052566,0.8963980172015654,5236
3118,10,0.5234128422875252,0.1570613641358406,0.8536067395949213,0.9536122193378834,5236
3569,10,0.5504709044203538,0.22565836461658825,0.5783682914677433,0.9526547419841779,5236
3920,11,0.5758834107357127,0.1654895284690004,0.6445899046325485,0.9027857819873738,5236
4199,11,0.6020327573617639,0.209073898576837,0.6787205923376989,0.7734135110268422,5236
4649,12,0.6545513042812835,0.17564258324379464,0.9401185752678309,0.721901825906714,5236
5000,13,0.7249496322682272,0.15042900132097162,1.3377098738347453,0.8431880669611277,5236
5095,14,0.7616561344365244,0.11695885251267472,1.3806307442925672,0.7499904688506851,5236
5144,15,0.7810807415942811,0.1281015652187871,1.290298415900023,0.7232580102247695,5236
5190,16,0.816479303247617,0.10270921198058272,1.1134013251577561,0.7407316800238667,5236
5226,17,0.8840354779998087,0.0887987549619032,1.3872355209893545,0.5891931753483315,5236
5228,17,0.8896662442617544,0.07968173893906923,1.738665718500919,0.7377107256510869,5236
5236,18,0.9682610600867398,0.022136796085007335,1.948872428199248,1.52233973586079,5236
5237,19,1.0,0.0,0,0,5236
0,0,0.0,0.0,0,0,5236
6,1,0.11215846082002878,0.10225756063817848,3.1215554928383957,1.157224215918242,5236
11,2,0.14023206827276757,0.10423476097843981,-3.1117001544326515,1.2282804992312237,5236
37,3,0.17432017296156233,0.1037570222894474,-3.0079278595107537,1.1581411283922491,5236
76,4,0.20461648041376146,0.09774375153715371,-2.901603528292585,1.23864353484593,5236
167,5,0.25276726939780836,0.07482435351858487,-2.887990378077919,1.5957496628446823,5236
399,6,0.3090879046838202,0.06614077925317025,-2.704126615311491,1.5082458218509882,5236
1127,7,0.4015629650826339,0.02953501855040719,1.5857437439040847,1.8893371051071448,5236
1615,8,0.4394117636099433,0.056833265986664674,1.9867682762567809,2.2551014996316923,5236
3025,9,0.5177019012698624,0.08582023455692497,2.0530795229293615,2.4744967795069437,5236
3893,10,0.5735448311496723,0.08286173867057216,2.2393128290688615,1.8548121539845392,5236
4365,11,0.6183860700163519,0.05345911807595669,2.26461803289011,2.170909126391428,5236
4884,12,0.6954589803955369,0.11431701075264661,1.5964315496725896,2.3684383570622,5236
5104,13,0.7653834015476764,0.1037132751665441,1.5305042037528833,2.1866730060701167,5236
5194,14,0.8235168441230947,0.10429101797938813,1.5015393125079752,1.702979073220565,5236
5221,15,0.8586214350462136,0.11973178540115381,1.4657289321074323,1.9360355234839828,5236
5236,16,0.9236199861851483,0.07288283869083108,1.1019094642536535,1.9500263925920795,5236
5237,17,1.0,0.0,0,0,5236
0,0,0.0,0.0,0,0,5236
1,1,0.07781278850308704,0.0761206493191478,1.4942849864768695,0.20554127108506692,5236
2,1,0.07806830760942329,0.07486500303494266,0.9375430000637482,2.2125781980815433,5236
3,1,0.08033946613474607,0.07924376165898932,2.008557133774132,0.9731042278461342,5236
4,1,0.08877560417279451,0.060345459630140354,2.2888849603744665,0.9910239545965993,5236
5,1,0.10414786105311669,0.06822448586720213,-1.7092255994778065,2.617849963195471,5236
6,1,0.10860810785987718,0.04916686683471978,-2.0271584187183715,1.2847601538543234,5236
8,1,0.11374956844403972,0.07269120755648971,0.12454606741206942,1.0444701440115924,5236
11,1,0.13524834560716237,0.11795364694456859,0.33651603568973687,1.2958597297846197,5236
13,1,0.13616761422149648,0.0841007803464184,-0.21854219800000776,1.78068597610135,5236
14,1,0.13866181219870943,0.12379903572551691,-0.7521547015845433,0.5519033380327472,5236
15,1,0.13975482728657496,0.13794042876734844,-2.3888791784183905,1.725136257125497,5236
20,1,0.1522961282678743,0.14723374407061476,-0.8257600276038448,1.9858344224202444,5236
17,2,0.14790170803055314,0.06600803701246465,-1.687223915561242,1.369310949155367,5236
26,2,0.15807305058764087,0.05069105719625886,1.901027190970081,2.254230225544015,5236
32,2,0.17131302840378881,0.11156736451460816,-1.2385496164292178,2.8216574765047375,5236
35,2,0.17436133514537466,0.09916184876964872,-1.610357845369743,0.768392285035105,5236
38,2,0.17690031786700222,0.13323053721896008,-0.7871472964490555,0.7108867501620271,5236
40,2,0.1782289414225534,0.12367894440530068,1.0107502885531052,0.8561469666525243,5236
44,2,0.18350752976221718,0.14112267270234366,0.29597722649930663,0.8192868355780862,5236
51,2,0.19137301492595526,0.13347767986496412,1.5275848565447905,1.822894058891802,5236
56,2,0.19639403189866644,0.07368896001291736,-0.6672763870010722,2.435821108075473,5236
59,2,0.1976585492706201,0.061270124898057755,0.7012845387738833,2.826432533827099,5236
61,2,0.19841791153263788,0.17152201704684228,-2.6317772170643448,1.9338781036721877,5236
71,2,0.20495636903800307,0.09368545205186216,0.4509236194585807,1.5870315408358522,5236
72,2,0.20550548033627958,0.1819232582648087,-0.6955284701923711,1.7836856155856646,5236
70,3,0.20495539926380812,0.11999646627447709,-0.8838689840104147,0.8214801967716119,5236
88,3,0.2134742492642192,0.04888410164509171,-2.1344385556017267,0.7127319650903512,5236
89,3,0.21490844330725956,0.1047973839988678,-2.029134887909302,2.975113900463751,5236
90,3,0.21625204932161557,0.14719576333255502,1.620416265941437,1.8972807422800404,5236
91,3,0.21627662327243902,0.13029177532004987,1.619162954354811,1.846658173374061,5236
98,3,0.21915952582649367,0.09132803319114866,2.243809237898315,2.239003324854486,5236
105,3,0.2218767785365402,0.16711313435171055,1.0120707614438103,0.8515687606243523,5236
116,3,0.22838617358447544,0.1407727318905663,-1.8046275557823024,0.8299421768495172,5236
120,3,0.23043557988400554,0.052569270454414604,-1.196715955992875,0.3433605910152051,5236
128,3,0.2319859628350377,0.07108780727384494,1.9156904576814164,2.743243717895064,5236
131,3,0.2348219769928217,0.0852052063229211,-0.9368395607317848,2.096508191920957,5236
137,3,0.23753303033933004,0.1100411357117036,0.25182468974537003,0.5956583533582259,5236
141,3,0.2380634397264818,0.010954810253425718,2.395537490326936,1.7216796813979662,5236
193,3,0.2576973630312317,0.10172379320323921,0.5882933917736421,2.5193631061308683,5236
217,3,0.26335653428089234,0.2060556645917407,-0.75899348477024,1.6135867559571657,5236
247,3,0.2700159722281268,0.0526312637327945,-0.17475837049694534,1.8973018868272662,5236
250,3,0.27144883722285806,0.1956085840811405,-2.7194067891007547,1.8804991993463156,5236
208,4,0.26086896131451975,0.06875328059443707,-2.414534649095875,0.9054128896511148,5236
249,4,0.2703457837025933,0.1425616420878139,1.636737882300721,2.0719163851787537,5236
252,4,0.2721069405169996,0.15586667813930397,-2.0599069974206494,0.7282052762019734,5236
260,4,0.2735056958239853,0.11411836764077979,1.9494133712529353,2.499021691570969,5236
289,4,0.28074721940153,0.08868639645656247,2.0359862213771955,2.593846996453029,5236
309,4,0.2869459272995609,0.0718522474582777,0.9024213928806575,0.4345636184868534,5236
313,4,0.28791079364345395,0.0813183059948444,0.6671538906074266,0.48886986651241626,5236
322,4,0.29086821739913626,0.21933038119322132,0.9184560855335012,0.9269624304695893,5236
323,4,0.2910163783766546,0.19398336241640973,-0.6598175479032972,1.569012166262744,5236
351,4,0.2987551961846674,0.0672864019072972,0.03904375819645709,1.9939387533901434,5236
365,4,0.3001613213541078,0.09773128428068788,1.3271426641785526,0.897035336566753,5236
373,4,0.3026750915682509,0.16066541344945937,-0.07617194265715659,0.8683630260171912,5236
374,4,0.30277757013156015,0.14350491171500912,2.1358311988968004,2.421160829967858,5236
506,4,0.3273450046441516,0.23511717034786309,-2.8765347007260917,1.8600341572961838,5236
519,4,0.3299689379207248,0.13305654425337968,-0.8532965926903929,2.911575771574556,5236
523,4,0.33074691851006355,0.155824537467604,-0.07377251603709752,2.555600250845983,5236
636,4,0.3456377657769766,0.10400554581504355,-1.2383054181727862,2.6711695268951323,5236
468,5,0.3213068385753304,0.08064549184221238,-1.639258976411391,0.47585515309678433,5236
483,5,0.3249637650141465,0.1714766848415879,-0.5681678522325588,1.659935143887957,5236
491,5,0.3261321318954503,0.09987173866147436,1.261283613924234,1.1365789659492025,5236
493,5,0.3262903554871811,0.09247972250684729,1.2565708080874822,1.0387866477506156,5236
510,5,0.32838477611771244,0.07946039933508929,-2.633567677451559,1.502850233418022,5236
515,5,0.3292639131008003,0.10656838195185966,-2.0323965539707824,0.5967308428813648,5236
550,5,0.33359782690893014,0.07933259827236207,-2.6331536268026294,1.705008501846889,5236
554,5,0.33444559802409457,0.09564078193557073,2.139853061996974,2.468773278247629,5236
626,5,0.3442609132373958,0.0747782915520975,1.3357166749174938,1.9889223200766442,5236
629,5,0.34432052480258135,0.04622515644163679,-2.9436202208231954,2.307290812343343,5236
639,5,0.34583610007128485,0.19889869446638664,0.8670650301450855,0.7640279950066783,5236
643,5,0.3465419000974642,0.045148139487495034,0.9361933287667247,0.4875246017656393,5236
744,5,0.36002947568020083,0.2570412433354269,-2.9689779451739606,1.8925811382005215,5236
849,5,0.37574889579303905,0.1752004248556918,0.05831780863350685,1.0301378072071383,5236
965,5,0.3890425015719501,0.1037808779416297,-0.34128622546004544,2.2939243658581554,5236
1031,5,0.39482663633990933,0.1069098254154759,0.9625445750096082,2.6086294925752065,5236
1111,5,0.40229208840803177,0.11785151287082969,-0.43365145018029705,2.727450092334666,5236
733,6,0.3588016678873812,0.10319367120334912,0.9702922014797525,0.9035919438785891,5236
859,6,0.3765499174813266,0.17876652446092897,-0.6450119569245703,1.8681863895161568,5236
946,6,0.38709133672329543,0.1077772102786945,-2.533450473861277,0.9725751543678232,5236
947,6,0.3871114594301732,0.03898789665898686,-2.931487736852078,1.227072758005956,5236
1002,6,0.3925906501009079,0.13146100480152678,-0.41861486185955227,1.5251962893983269,5236
1011,6,0.39323825289302483,0.20719329394117164,0.7131869997546619,0.8503777089904129,5236
1060,6,0.39732057390207964,0.047962439132986395,-1.3753245932383167,1.443191068285718,5236
1090,6,0.4001826274565444,0.2568420250477043,-3.1055570732039595,1.8592217762655951,5236
1330,6,0.4206206399395819,0.12317231053398496,-0.271807967498262,2.6480122432652027,5236
1436,6,0.42831601931628216,0.10073087600430992,0.07264700898173185,2.4105531443171593,5236
1577,6,0.43884530026821045,0.05943136135067922,0.40614392735275817,2.2688838718646847,5236
1609,6,0.44111705564757886,0.10606495886048603,0.20963639111861346,2.751652856381259,5236
1651,6,0.4440297923327535,0.1932415970370555,0.15426115244724795,1.3620399769548295,5236
1230,7,0.4128575611567321,0.11311627619712013,-2.635956644107833,1.134726446375765,5236
1348,7,0.42208881403346343,0.2143063310726989,-0.6483835470202475,1.8532520915796367,5236
1533,7,0.4359445637233168,0.04869255909280548,-3.0830763242382373,2.0866677874385484,5236
1591,7,0.4398841764043252,0.13321074751533077,1.2154484555818743,0.9119373034365797,5236
1730,7,0.449673321840073,0.27514557797957084,3.0525647104528644,1.7998580807591635,5236
1736,7,0.45017667163501673,0.16041428611653683,-0.2594500965007758,1.8334072075873908,5236
1769,7,0.4522932142800994,0.0809440246176884,-0.31224379781867234,0.7705738316172678,5236
1807,7,0.45438654774965126,0.06177424006462553,-1.5624462198111837,1.7148065960851686,5236
1924,7,0.46349997076558536,0.11695349010330734,-0.8230311257739411,1.1800209500777714,5236
1926,7,0.46358558791623916,0.13487799028177969,-0.26481143007027885,2.1371456292036566,5236
1927,7,0.4635984841089129,0.2776407585970421,-3.0735146867762677,1.88551858522435,5236
2003,7,0.4685079507421188,0.1079628497445896,0.08706679499055109,2.6400845823146204,5236
2051,7,0.4712650370994983,0.06533666406683343,0.8035443625327138,2.481229908612081,5236
2058,7,0.4714980585545352,0.09006682242768194,-0.08081448818447048,1.7792734055783608,5236
2208,7,0.4794418678893755,0.14695842834848682,0.4077768782309359,1.0958694568890395,5236
2360,7,0.4879698936485656,0.2052343686814041,0.3003017955890071,1.2356320429379253,5236
2416,7,0.49048520480996216,0.2282764064360849,-3.061231106593787,1.6306948863444926,5236
2099,8,0.4735916023384281,0.2308267572655671,-0.7357362242979061,1.7815315636497608,5236
2527,8,0.49611055699210005,0.2653447107978785,-3.103786959226048,1.7424895426520741,5236
2536,8,0.49644526754796925,0.12209660322763086,-0.6887282827443784,1.2348367924971508,5236
2638,8,0.5014843970173053,0.1840902883185281,-0.45898469091301597,1.756145761010231,5236
2819,8,0.5090524015926434,0.06824884236140062,-2.1555029692771304,1.9963916205350831,5236
2911,8,0.5137140385011684,0.2825283034066126,-3.075922631720431,2.0499662013764754,5236
2938,8,0.51519060296047,0.24524318062459874,-3.0398052291529463,1.6676621679891732,5236
2955,8,0.5160380702773499,0.1346547683810149,1.7388503871744532,1.1629607880458108,5236
3007,8,0.5186997002440105,0.14874862393660568,-0.14112745296156823,2.58658653787781,5236
3092,8,0.5228301668807184,0.25844859251470287,3.091145718405303,2.0495133523952576,5236
3105,8,0.5232533342083412,0.05142775932073389,0.5262644864944307,2.569157778966885,5236
3162,8,0.5265231927862118,0.13149223996933987,-0.536822797289166,1.580489090150297,5236
3283,8,0.5344061112118462,0.07376920895782936,0.10327853840015325,1.9233955325980885,5236
3311,8,0.5358658224454299,0.09238877255663311,0.09143185396497051,1.916368535743675,5236
3467,8,0.5468466443479257,0.146098737284184,0.16169985838574963,1.2344751858970464,5236
3543,8,0.551229263943263,0.1584682250362904,0.2313355461892165,1.1034637044370268,5236
2982,9,0.5175751064884664,0.20065386812960154,-0.6665183374793052,1.8837391264523173,5236
3379,9,0.54094878462742,0.21780326727947819,-0.5057507956922735,1.97698075152147,5236
3476,9,0.5473131696504713,0.18606348662459796,-0.2818766506203796,1.8641815575356468,5236
3547,9,0.5513200148325484,0.1387403368703088,-0.5905538280058497,1.5907667805937196,5236
3595,9,0.5546246173761128,0.1759288017024038,-0.22781680671778173,1.7314943731785786,5236
3702,9,0.5620470679207671,0.06832516006746972,-1.8651344706312654,1.5142665305820298,5236
3809,9,0.5689518088543186,0.13507483571187576,-0.28538498090620157,2.5511422117861566,5236
3840,9,0.5716147045080096,0.15176583861618895,0.2653482744235702,1.1443846744205546,5236
3855,9,0.5727206422173939,0.2252051840925664,3.002400051244666,1.6372420933705225,5236
3876,9,0.5745164676127273,0.3006048392766471,-3.0498544197714472,2.152176415815003,5236
3979,9,0.5835512020919934,0.052334155151115794,-0.010697390384341055,1.4632901140963241,5236
4018,9,0.586101152087682,0.2916401054587651,3.0535228140577724,2.14362786327004,5236
4085,9,0.5913428112704575,0.13273542270578648,2.2581824110892117,1.341281798364357,5236
4121,9,0.5944311121946286,0.07408386348513542,-0.1820070020171505,1.5424850349714962,5236
4123,9,0.594521503510532,0.24866307868195933,-3.13553149360588,1.9321374319364226,5236
4160,9,0.598055305273042,0.12995048749124466,-0.040408553557870174,1.4713706232229846,5236
4165,10,0.5982184527873206,0.2104128611082786,3.080118654233864,1.6613691371883568,5236
4254,10,0.6053362497476863,0.11835875392533678,-0.7573610988846672,1.3901688732630748,5236
4318,10,0.6111242403651435,0.11957451501253011,-0.6578636705281465,1.4859290485296033,5236
4419,10,0.623651020226956,0.15216952528211788,-0.4561785465741566,1.8935700973280298,5236
4445,10,0.6274737812625205,0.13116524230329069,2.0262899277745645,1.366592853057695,5236
4501,10,0.6332444894310887,0.13586731094165352,-0.8331732186242581,2.154192598722483,5236
4544,10,0.6392808143557361,0.11647857972794781,0.2684314505702103,2.500011419158321,5236
4554,10,0.640854657386748,0.13411727128247072,0.2878780873991318,1.4573340943289825,5236
4558,10,0.6415609241116824,0.10460766411396413,-0.08516042253227404,1.641384322376486,5236
4559,10,0.6416636415336335,0.12797926324598116,-1.4143294135361466,1.4339426971925198,5236
4656,10,0.6548785009982085,0.2528267526373404,3.020777187014754,2.232604395261261,5236
4695,10,0.6638171565910138,0.22584564731088513,2.9735214492811126,2.109549480880647,5236
4599,11,0.6483126819866268,0.13839996169780805,-0.8474209351946328,2.145734576967414,5236
4740,11,0.6700200567321779,0.14250871161413442,-1.4188530773170633,1.4921871379975562,5236
4780,11,0.6763309471269836,0.08956055622877558,-0.2027206470238622,1.288106010536882,5236
4782,11,0.6765388884299427,0.14747072054448493,3.0419122584857172,1.7797975167577236,5236
4789,11,0.6782823297672367,0.14694891385807224,0.4726087279117369,1.4815974264334673,5236
4828,11,0.6848229184746575,0.12268795185003403,0.6100734884980921,2.739304673050967,5236
4864,11,0.6898076345181502,0.12091158786952444,1.9315680474390942,1.511926740665148,5236
4868,11,0.6904378774861318,0.07313270803439867,-0.15702767835455483,2.0072946899091395,5236
4879,11,0.6927541420241563,0.13068223547649338,-0.2750678783214137,2.0680390081796864,5236
4915,11,0.7014932348309425,0.21637552778521418,2.95327624383952,2.2723328039618047,5236
4945,12,0.7110376047483998,0.10657084809888878,-0.42453949603298835,2.1428247053233695,5236
4966,12,0.7159049188213134,0.13332794393155373,-0.2643876859223451,2.1710955789831923,5236
4969,12,0.7164103360570381,0.16053143077321427,0.4968178147690034,1.2723803828388214,5236
5020,12,0.7308162713828265,0.11551149528504412,2.1036951510276154,1.7386545025338442,5236
5032,12,0.73472796908453,0.08828829718577091,0.09928381856714977,2.353711788256061,5236
5034,12,0.7351914370435223,0.07726891559074692,0.8121295079565707,2.596045825587019,5236
5036,12,0.7354600143649488,0.17296473897976858,3.097728301866258,2.0040052662511902,5236
5049,12,0.7403023530146086,0.11316664320475596,-0.13732571674675642,2.676783072855381,5236
5064,12,0.7452930746468898,0.1898156312197807,2.8562246372771134,2.340844332385813,5236
5107,12,0.7663759413164981,0.09897700282092087,-0.8983694336718179,1.774616242664198,5236
5103,13,0.7656004726600306,0.12148745439927419,2.2541462582040563,1.8254973246631325,5236
5115,13,0.7701797692402441,0.11603662661465924,2.0796828098549285,1.7429858369365248,5236
5142,13,0.7855101217311222,0.1312508784329806,0.3154210942326567,2.551394994533505,5236
5148,13,0.7907808356883743,0.1493296932967599,2.9271842228312606,1.8597878164927257,5236
5158,13,0.7975152800591688,0.052921097559958774,-0.6484266732863736,1.8114854696250826,5236
5163,13,0.8000547667263992,0.15750270060157082,2.891653732424467,2.1309741554271455,5236
5171,13,0.8049732714133047,0.12405136073371721,1.5473937575521763,2.939525842133861,5236
5178,13,0.813604150220489,0.102765366591457,0.0641426180355003,1.3393996432584978,5236
5187,13,0.8201897853580955,0.07286070371240504,-0.4622428516057152,1.4653888349144675,5236
5188,13,0.8209203227686372,0.09753905020111082,1.689778852573401,1.998008823340512,5236
5199,14,0.8404638916630571,0.12977770539718161,3.1299426087015902,1.7463798574829588,5236
5200,14,0.8413231805967611,0.1128222217208786,0.632933176975925,2.7753465638237236,5236
5213,14,0.8547254383633169,0.10455488634828705,2.8166251008558754,2.1403200069462915,5236
5215,14,0.8573577171726356,0.04250267712788159,0.0005605321700467755,0.6065212255265349,5236
5216,14,0.8592652218189366,0.04643701626294054,-1.8678698669583125,1.5620610823614296,5236
5218,14,0.8619696724991162,0.07453920736660971,-0.33679811281881133,1.1239724830182465,5236
5221,14,0.8672499131425845,0.06205733770833348,-0.9202799935207285,1.4160025783829773,5236
5226,14,0.8755855555618505,0.04838310633501179,0.27298998923597345,2.416550059814845,5236
5228,14,0.8802015311081677,0.0964694866850176,2.0915831008116825,1.745233691852082,5236
5223,15,0.8712499663466978,0.11891227457684007,3.0576526805222,1.8651446416607693,5236
5234,15,0.9175207165498762,0.06162131565143233,0.6497029395205912,2.504300788161049,5236
5235,15,0.9399776860847708,0.04121304096457918,-2.6941807015921584,1.592022357830167,5236
5236,15,0.9620281770008298,0.024965713649668472,2.322956329331672,1.1178401737916064,5236
5237,16,1.0,0.0,0,0,5236
0,0,0.0,0.0,0,0,5236
1,1,0.061348539942386426,0.05089410525082516,-2.9838831620642936,1.1654208949058396,5236
9,2,0.12058337897019145,0.048331420417140634,2.8278483892172184,1.3635847032665083,5236
16,2,0.13060359699759183,0.04743275914729736,0.8368105358579062,0.06749214974134414,5236
47,3,0.17031326779916467,0.0478984707252302,2.3709346942516705,0.8374762685101813,5236
50,3,0.17488446829451265,0.06232877045970777,2.703743050805608,1.258747353813265,5236
52,3,0.17568211917063103,0.06832894319194452,-2.773781422152823,1.53018466106188,5236
106,4,0.22676715015484739,0.06106273852791405,-2.355393811167283,0.5279415818966492,5236
114,4,0.2328867262976596,0.061722967367066714,2.811710405194883,1.2360376125924555,5236
134,4,0.24117352911352086,0.09023725343428096,3.0360960903660366,1.2263394888865409,5236
163,4,0.25124095587258444,0.07785144362282011,-2.5581626905430377,1.394250209688329,5236
252,5,0.27966917521606616,0.020671037598418394,-2.5676788930853562,0.9621972300759352,5236
304,5,0.2905835166711518,0.06129352841534833,-2.9247484913984736,2.0272720559410757,5236
349,5,0.29994297129048897,0.05336650819357824,-3.113488916381547,1.0828810353389713,5236
542,6,0.33757428702623027,0.06139711866046306,-2.5800769619331807,1.3705070211889359,5236
583,6,0.3433849398200046,0.030539272172533202,-1.7457992206911468,1.8249877785074617,5236
632,6,0.34907403996033537,0.06240458619570114,2.996398956687385,0.4680220324789671,5236
1179,7,0.4085757222734282,0.08741527530558847,-2.955441263920277,1.426148117974278,5236
1362,7,0.42308479989104164,0.08796021595272498,-2.4687899538691265,1.17958030868433,5236
1927,8,0.4622304696827205,0.10018547325086688,-2.6749322280738905,0.9474757234819585,5236
2634,9,0.5006129724500014,0.09696532910688428,-2.452372223659258,0.9409999216564341,5236
2911,9,0.5142637194520839,0.09302994711115642,-2.3636532207321577,0.654755853804639,5236
4063,10,0.5881673024736486,0.1487911764471564,-1.9516498185084972,0.8520595781061959,5236
4321,11,0.6173239304493608,0.1638345011732085,-2.058083494341644,0.9632057015534691,5236
4743,12,0.6729181313582956,0.15122411566166905,-2.3272544418887473,0.8259712615892971,5236
4906,13,0.7032201998036166,0.1497816071662933,-2.3382143800087194,1.0124184923259028,5236
5018,14,0.7279592508239574,0.1577020263384972,-2.410891127404772,0.9954716322105204,5236
5023,14,0.7292893448931264,0.15173600242832244,-2.195048850230749,1.1127306922358031,5236
5193,15,0.8107426908518159,0.09347430195364428,-2.6486450722028083,1.1384609480536558,5236
5194,15,0.8126552635051684,0.12281500447781984,-2.2310821013678086,0.8338757146702991,5236
5209,15,0.8306012792238807,0.09238975782372662,-2.346954688288636,1.7433793857797502,5236
5225,16,0.8636246177672949,0.08033563294694615,-2.1518304932827617,1.0107532709464024,5236
5232,16,0.896323923521859,0.0659046914699415,-2.5293931478084852,1.8915887791259292,5236
5230,17,0.8919030066414547,0.07729354319037052,-2.036955968258589,0.7994385640609836,5236
5236,17,0.9364847798022535,0.055409330931321575,-2.236085500833084,2.217331909251562,5236
5237,18,1.0,0.0,0,0,5236
0,0,0.0,0.0,0,0,5236
1,1,0.0821354235087357,0.06770854507680907,-1.545022053436012,2.171716609094409,5236
2,1,0.08839994869565437,0.07651019893932023,-0.44984680669141763,1.1768734148271998,5236
3,1,0.09031069227691146,0.07634850462192816,0.7343911364212734,1.6968271014295775,5236
4,1,0.09443351923253451,0.025725431814963902,-1.106511734473449,1.497328126309686,5236
5,1,0.09477710722069332,0.041328241918710824,-0.1100622909043064,2.285840649893283,5236
6,2,0.12541525458080127,0.028426143776049923,-0.6816752419134964,1.2512606740768977,5236
11,2,0.1345934171436296,0.04257636200670515,-1.40140279739369,1.9076403559178794,5236
13,2,0.1406323856635865,0.050925965890744114,-1.2849658471086527,0.7274046005982321,5236
14,2,0.14071360456509185,0.09829003022685381,-0.3075314023676815,1.6128313784867565,5236
19,2,0.1500558091044779,0.01253513215511359,-2.7200104353108956,1.6507327797133462,5236
36,2,0.17414479945079397,0.08978042171687294,-0.09153938657028746,1.2992808045428421,5236
48,2,0.187780103095065,0.10961745003725583,1.0826261204132777,2.294257385137879,5236
54,2,0.1917470059962676,0.11339810069724586,1.6041922141472873,2.3308465466650112,5236
74,2,0.20723028371964103,0.12878072561804763,-1.0982723184467633,0.901538458376533,5236
70,3,0.20428666063072987,0.043937854377800324,1.7315358222862736,1.848150171353995,5236
84,3,0.21174732968998466,0.11921410174956966,0.05738283548214433,1.3388029261244512,5236
89,3,0.2143066588948006,0.09969887927369628,-0.236457009495116,1.3957874453723123,5236
107,3,0.22443676878479146,0.17144692268376033,-0.49549592747912446,1.4945716881026598,5236
112,3,0.22752450549203485,0.11767985086889396,-0.9237809404505896,1.754419554397608,5236
120,3,0.2306818195507223,0.1380366022262174,-1.1823226828440332,0.9187872420417472,5236
126,3,0.23439948699605417,0.10492036516472232,0.5308096753935366,0.9516836731050643,5236
131,3,0.23637496272014658,0.08704037688138479,1.3903644447636794,1.9670705452251918,5236
134,3,0.23768304896825632,0.09791969605085943,0.9678067094713131,1.6297963361724472,5236
158,3,0.24639341432618256,0.19115385638052995,-0.05534728847192228,1.6557612216811233,5236
183,3,0.2544030861854838,0.11929087234649624,1.5832645963417582,2.4097035190970897,5236
188,3,0.256518140417498,0.16134662149072324,-0.07986745123396177,1.6697496812564896,5236
141,4,0.24030212760679814,0.13674386112261405,0.15090647253636172,1.4343142008802316,5236
221,4,0.26753629715385907,0.1388915601880652,-1.1569147880989648,0.6847287572732026,5236
236,4,0.2735278109126459,0.084949213021331,-0.7816505793536822,1.9559934508982006,5236
237,4,0.2736407139445992,0.12284513234664955,0.5335532935433235,0.9834121150782655,5236
265,4,0.2819453303793762,0.0791921357777959,-0.4126871851931584,1.8451233557844535,5236
332,4,0.2998326781411915,0.1266709879664894,1.14079818054234,1.6829135228314769,5236
416,4,0.314248586173845,0.155466606486822,1.4711020584001517,2.460886518567028,5236
425,4,0.31596473864563257,0.17538355403675146,-0.3300783817537173,1.8478235768445017,5236
427,4,0.31644020832557784,0.1094336563332878,1.302807633348593,0.9932575203385445,5236
442,5,0.32007444527376494,0.1029884946179585,-1.2004584881470906,0.6030481873228827,5236
481,5,0.3272276302135865,0.07932251035943813,-0.5648870598972716,2.2511503879294263,5236
494,5,0.32968503340750044,0.15567249723742435,0.3856322207952805,1.0815960453415079,5236
623,5,0.34692128445831916,0.17292440460141303,1.6474917731773868,2.485084395446186,5236
674,5,0.35396573339454607,0.06678554566102464,0.3580761498206202,1.9218058260721138,5236
682,5,0.35588285528333985,0.07714698002178072,1.1486266732547896,1.8226961435436893,5236
690,5,0.3569965815835494,0.18890032779683072,0.6576714995958046,0.849282354143135,5236
837,5,0.3751267313710507,0.1350501996169851,1.6322459404324745,0.8487578675972652,5236
878,5,0.3799074283867999,0.1429160987925883,-0.5424911730640872,2.0279917485621244,5236
669,6,0.3531667361972243,0.09584155814461269,-1.3570311188796638,0.612707885174543,5236
743,6,0.3640698681991057,0.12379016019278237,-1.36823825434963,0.7526208080714654,5236
921,6,0.3851292315671776,0.1935321884885109,0.5684447201994467,0.9604848959716067,5236
925,6,0.3859737021043982,0.1690856910981421,1.5005195809624299,2.419876453982627,5236
956,6,0.3883933100179967,0.07304340912113344,-1.0433302707405507,1.74508222369717,5236
995,6,0.3925229946618478,0.11279353750232769,-0.20632188385523745,2.4411368528669435,5236
1018,6,0.39422764845138525,0.06986739243836088,0.9900137680371645,1.4522578979272507,5236
1044,6,0.3963803175018513,0.06281982912763122,0.1225856745715544,1.6708957867016951,5236
1110,6,0.40233854375751876,0.0440641618567691,0.7919297098953745,1.9005786233880009,5236
1136,6,0.405559833146384,0.14298306983546036,-0.551572673204299,1.8838398789923687,5236
1213,6,0.4127340155166882,0.1569009086538429,-0.6753736339767897,1.91345419794709,5236
1223,6,0.4138399278282051,0.1293955904684343,1.7705071688757985,1.0972589691611592,5236
1069,7,0.39860439923685376,0.122208803777563,-1.0365821433743345,0.876486303775177,5236
1315,7,0.42108958980989697,0.13482764501142372,-1.4718016948212342,0.2605542944219346,5236
1659,7,0.446877725774937,0.07488985719934399,0.715443832563517,2.236205473184258,5236
1710,7,0.450294292744819,0.08816527441691531,-1.0716149127737935,1.4429671578230392,5236
1786,7,0.4548182199856272,0.09235018125702316,0.10572437072623518,1.9870929612281425,5236
1844,7,0.4579441078883796,0.14846409922356765,1.3601552239067065,2.398122489977349,5236
1846,7,0.45796077563357096,0.02654414551665315,1.04015165153847,1.6401671959713036,5236
1887,7,0.4600139720709572,0.08607415191211908,-0.8171689494072886,2.6597440285731833,5236
1908,7,0.46119306610326005,0.124796708811686,1.0441147535173507,1.4242010379631986,5236
1949,7,0.46402329720841173,0.13053958497574594,1.6181201578153166,1.1043235237718765,5236
1973,7,0.465576907230305,0.16531521666999413,0.6288881860696057,1.197003559784459,5236
2102,7,0.4727436624453343,0.10397878324798537,-0.49480087991235616,2.061323016718256,5236
2209,7,0.47905243234522166,0.02831638945193955,1.8588658798053683,2.008888472480374,5236
1509,8,0.43668138923305955,0.1009057693562921,-0.6808899319778471,0.8904952024530886,5236
1644,8,0.44556117443765386,0.13908681836310174,-1.205529999694855,0.3569207291512205,5236
1799,8,0.45521567175268696,0.0957326238233968,-1.454269142788773,0.9770838512774126,5236
2701,8,0.5038316712169633,0.16751941884581023,0.8537946579488292,1.1105063822499643,5236
2773,8,0.5068641604592865,0.15096917884248068,1.487399110448608,0.8999510617095606,5236
2802,8,0.5080836455680561,0.03565361624019212,1.8931715066133332,2.5533902566455726,5236
2876,8,0.5125480525256377,0.06794743004962701,1.1365416637958161,2.617840875273464,5236
3251,8,0.5335939866138609,0.12449892054442259,1.2527906977667,1.104401960966912,5236
3290,8,0.5358154507380513,0.1612894495183048,1.2216513671526323,1.4932520330415744,5236
3300,8,0.5367472829283495,0.1060573622809749,-0.2888524297638375,2.4830239403789394,5236
3366,8,0.5409607819015779,0.10371445710807652,1.8721238673106135,2.7857439888263777,5236
3528,8,0.5507492952951748,0.05445642745231177,0.08117318426651293,2.3245557056712127,5236
2542,9,0.49685868209538364,0.08108556242503508,-0.6572504207159953,0.5798590825107403,5236
2785,9,0.5073957668729193,0.15475346429726022,-1.0019219511926405,1.0202540860898892,5236
2847,9,0.5112942356947181,0.06303700872842893,-0.8855105314928865,0.943755711812824,5236
2902,9,0.5138767760896877,0.2023381751090212,-1.2559275813359378,0.46766570863882423,5236
3392,9,0.5426589755944821,0.057614246413272396,1.9582397965084624,0.32129597825065054,5236
3786,9,0.5698478451031925,0.10536773637724443,1.4759956169196995,2.2112081989385093,5236
3922,9,0.5814925809576615,0.10866863712595257,1.455267276852408,0.7451370722924164,5236
3964,9,0.584225998622129,0.07090524694971292,-0.3884729936750896,2.303422205303299,5236
3981,9,0.5856042071869044,0.12690524395835648,1.608238963468197,2.8299371912072133,5236
4007,9,0.5876088878161105,0.12498792421258195,1.015927651779708,1.3818859845760714,5236
4111,9,0.5968787214761716,0.12465062271313007,1.3289426728179046,1.5659452556199551,5236
4174,9,0.6015447309731033,0.0869290447988539,1.9756934574604106,1.7969286934765436,5236
4232,9,0.6076885136742762,0.0779634831629298,0.47852184152889765,1.9190327911857958,5236
3689,10,0.5622468521983948,0.22527860299289212,-1.5127905834391246,0.4498344298097067,5236
4059,10,0.5919071440280999,0.07885666925181235,-0.9398038997792559,1.1949131068289547,5236
4119,10,0.5974296483414401,0.06785177702374351,-2.1774256906382856,1.7144974229303933,5236
4144,10,0.5993692943462274,0.021754942155695428,-1.2076159521069483,1.1763842808260205,5236
4186,10,0.6026080473637111,0.09772050744111561,-0.5003854944154262,1.83279886240046,5236
4194,10,0.603833801787577,0.07056656947638974,1.8934596732491484,1.0280707804600695,5236
4219,10,0.6068397255716574,0.11361211685612158,1.5053447785188065,0.9228321676994953,5236
4236,10,0.60801063342305,0.07273046872870516,-0.1444971726359611,2.062799477966245,5236
4321,10,0.615981702734047,0.12203152233283679,1.013385927968091,2.935094507285766,5236
4413,10,0.6252593279494418,0.07905297800183378,0.4277538592573172,1.7470693715723105,5236
4686,10,0.6615927997839358,0.10069024066061558,1.4077744285140263,1.8371453207433268,5236
4307,11,0.614575935957238,0.08424068077831795,-0.9879373827598728,1.2644057103281139,5236
4634,11,0.6524756632745432,0.06850162657006698,-0.6895213812356477,1.6838484874765598,5236
4658,11,0.6567262811016055,0.06646934491747396,0.44096755082787364,1.9640951384246153,5236
4690,11,0.6621127704576135,0.24559806460551808,-2.2206544456835813,0.5211261225090387,5236
4728,11,0.6693641316762271,0.12822752635652265,1.993461886370334,2.9701751504927563,5236
4830,11,0.6876410878757123,0.11288743296386082,3.113102823568531,2.725897506298593,5236
4845,11,0.6907132226440671,0.08911398294551837,0.839495895114441,2.5004975107522887,5236
5011,11,0.7305755282689597,0.1424779530410419,2.3822175692885326,2.2345982068855212,5236
5023,11,0.7331220221022702,0.09104511161917486,2.1375361366034826,2.0132980612057225,5236
4781,12,0.6804856900622314,0.07571927636782798,-0.15071227256953945,1.3459014750089877,5236
4919,12,0.7062360641357033,0.23151064082039152,-2.0235637496354264,0.6079859170629397,5236
4958,12,0.7142170862971683,0.08438585838581562,-0.2545544438524944,1.834771420026964,5236
5013,12,0.731640029513947,0.13500004865215184,0.013853473442882248,1.5545594587036409,5236
5026,12,0.7342526247462451,0.10949884454491042,0.45196702332963445,1.345096521399253,5236
5027,12,0.7344873417392597,0.057354422472252045,0.9770167749431752,2.125241347254972,5236
5067,12,0.7486956492033788,0.09690691046056886,1.5346094762098388,2.0848885841473783,5236
5078,12,0.754298606962656,0.114230935014731,1.2227900629797355,1.368092267080978,5236
5090,12,0.7601712617999413,0.09508390811390667,2.4493584944960025,2.4511244326077044,5236
5138,12,0.7797853806874823,0.1314014839765395,2.160194118178612,2.0514671636308246,5236
5035,13,0.7372333800167236,0.22662221677380168,-1.889999342911982,0.6262753398801417,5236
5045,13,0.7415608975168013,0.12055333981356613,-0.244059633825154,1.619815884091059,5236
5074,13,0.7526795502509058,0.0886321630278086,0.05688310622343693,1.8398776856424663,5236
5084,13,0.7572118956754017,0.1488028724651233,-0.005009463216321389,1.704170287877844,5236
5087,13,0.758245332121804,0.09909722338912674,0.5811258691042057,1.3189539200857463,5236
5149,13,0.7840174676759047,0.09902362048315558,1.0412241323563687,1.4350076461271866,5236
5194,13,0.8192635415089373,0.10721881521606724,2.033810741274397,2.130645978166162,5236
5152,14,0.7848589239746004,0.1371733572320221,-0.2339062032653469,1.4306927954824882,5236
5166,14,0.7991819865612788,0.1807049060361505,-1.979647283234268,0.7916435008015623,5236
5201,14,0.8282462000730124,0.0811049796252149,-0.16223048283115882,1.4195351638935532,5236
5207,14,0.8385883193822832,0.09430202250229432,2.1027982779735,2.2204269905846745,5236
5218,14,0.8503348224650927,0.09698313886839949,0.3250735331323225,1.6935401354940738,5236
5225,14,0.8631623417036443,0.04439059117782904,1.1067456311721555,2.025827803896475,5236
5230,15,0.8828264107764885,0.09964691263850985,0.4225384450015441,1.790024514932629,5236
5234,15,0.8995880991402068,0.0939225694195411,-2.1135466487518104,0.5508868322129499,5236
5235,15,0.9222907328174971,0.0367590344524882,-2.0501776467406425,0.7844739351750408,5236
5236,15,0.9249464034055729,0.06963188961827325,1.4723766461001693,2.4088844314017877,5236
5237,16,1.0,0.0,0,0,5236
0,0,0.0,0.0,0,0,5236
1,1,0.04734061228691899,0.03176380554190991,-1.8111055687451068,1.8570819996717793,5236
2,1,0.06402351372663084,0.0444894417960922,0.6535826673072714,0.36198181764515197,5236
3,1,0.07429970367406713,0.02042654588555391,-0.3912688137008214,1.3980931498815812,5236
4,1,0.07757690047421806,0.06563646258538641,0.28638150239008314,2.7002833046913057,5236
13,2,0.13461250205779407,0.11151914042358059,-1.6851954714151864,1.3233937515979626,5236
32,2,0.16586284052328115,0.04786200832565064,-1.1608320104147234,1.6480033315525437,5236
36,2,0.16800670112606986,0.07535153743768623,-2.0422011593838385,1.8502226644813131,5236
102,3,0.22105956210172562,0.14163128397645233,-1.226727074948538,1.4275569424792496,5236
132,3,0.2357943313708879,0.08987107906143961,-1.5601942057034892,1.9828158286236806,5236
222,4,0.27049061734777124,0.10419806894815319,-1.6723258303014295,1.8630629922606146,5236
277,4,0.28512596949086044,0.10291357184475594,-1.052085333633799,1.5177788204414824,5236
279,4,0.2856184859796499,0.1215798771807523,-1.1795107875815691,1.5370863123019414,5236
647,5,0.3505042170735885,0.08087222857461314,-1.309594382362265,1.6084062505270642,5236
991,6,0.3885441476953775,0.04707202438490571,-1.2122260300546248,1.8337125063311985,5236
1127,7,0.40022943429297464,0.0416905300839932,-1.090073387367529,1.738548701351642,5236
2056,8,0.4705621177211503,0.0667834972551592,0.19466725787533382,1.776999434145988,5236
2632,9,0.500472603422752,0.08047279370876073,0.22008426908915485,1.8207376551756533,5236
3663,10,0.55941693801625,0.07731027808493633,0.3690666416593202,2.005945041594421,5236
3890,10,0.5782118335282563,0.09051405233146934,0.9717382844110647,2.0385716666060683,5236
4625,11,0.655599925382308,0.12408980706874884,1.100494082404699,1.5028357202896163,5236
4821,12,0.6876598992076738,0.13294952766663098,1.1484582360759934,1.580089664033701,5236
4997,13,0.7316386839878292,0.11486174936140778,1.0716699206724738,1.8332365884669002,5236
5061,14,0.749537391995534,0.12287796133577633,1.0082176918947292,1.764040171349778,5236
5173,15,0.7984870248752611,0.11430544969835982,0.9336668453270869,2.0541368073841366,5236
5207,16,0.8373192871976481,0.13714137392132822,0.9312510591062044,2.1278578251005626,5236
5234,16,0.9242185518808306,0.039568027721311655,1.403924765805845,1.9564888187729268,5236
5236,17,0.9655803640862513,0.011940130792650397,0.92490560495671,1.6018673366966207,5236
5237,18,1.0,0.0,0,0,5236
0,0,0.0,0.0,0,0,5236
1,1,0.05474275486385838,0.027641368796961774,0.8021481974814444,2.3954382612479974,5236
2,1,0.060065121849002034,0.03725075342028967,0.5830033218273953,0.28992306001202717,5236
5,2,0.09994282997876802,0.044670206870069326,1.9618403459579707,1.7134312178381215,5236
45,2,0.17902796847289482,0.1149788407908496,0.15091996767936497,1.4479917570450165,5236
90,2,0.2098052815680529,0.16214549784499152,0.01009645051083674,1.5260743615003827,5236
46,3,0.18018552078990813,0.10269868870440338,2.6212790099588594,2.126339163283099,5236
150,3,0.24032349918626927,0.15700847718264435,0.06777642752300904,1.4658185580428287,5236
206,4,0.2586664301567676,0.1643531457131717,0.019408547080330938,1.4739701402603744,5236
219,4,0.2613802182808369,0.17261110562811946,2.736805273264101,2.048930580046363,5236
348,4,0.30041859066794674,0.13583776836981815,0.025856116351580544,1.1083181707820196,5236
365,5,0.30494419989138655,0.1609007908609402,-0.22472398953316125,1.3270433534717119,5236
498,5,0.32744041438626725,0.14098893597586737,-0.13718284940139183,1.0512443992792029,5236
566,5,0.3388763623811385,0.24357819893523486,2.730554811043747,1.918959965070301,5236
811,6,0.3696654311187567,0.15429822582257827,-0.2417488310465594,0.8673948069633569,5236
944,6,0.38130852774146196,0.23326712541395853,2.854423935209029,1.9685484675666827,5236
1048,6,0.3930615847765031,0.19764744717689967,-0.16877410236689877,1.4818551486684288,5236
1279,7,0.4167205392674145,0.21683592575991162,2.9355702227949316,2.056975113847746,5236
1310,7,0.41977954139438933,0.15907897484394096,0.057029950030054274,0.6305171759217405,5236
1358,7,0.4242486068237644,0.19109619388644494,-0.12309022702242803,0.9887946451275906,5236
1559,7,0.4397111310313184,0.12292680316762371,-0.4040062784668904,1.0244662659470456,5236
1980,7,0.4665391889085404,0.14028446787495544,-0.344391779026073,1.684903035121252,5236
1793,8,0.4555844464480652,0.21771726364437374,2.8123204764150525,1.922689316106956,5236
2246,8,0.48128263754417555,0.15522967315349173,-0.3720757996648728,1.1992885690288932,5236
2394,8,0.48883520212252063,0.19305174876632783,-0.17332734477011988,1.2129682745554855,5236
2419,8,0.4904128467753407,0.11932113448450184,-0.15946882303157545,0.610371845173758,5236
2446,8,0.49175314088444233,0.1621166440409987,-0.4254508204224885,1.264076573014787,5236
2814,8,0.5103955389163007,0.12230263351986898,-0.3872674432568414,1.8476272651046908,5236
2661,9,0.502165788554452,0.2021001925687522,2.8612609433931406,2.043861987457658,5236
3246,9,0.5344060486523116,0.21217899529563455,2.5467400119325956,1.841448541883832,5236
3753,9,0.5670558741348682,0.1408246877413533,-0.42163728343401086,1.4918608509852846,5236
3814,9,0.5709790459376256,0.12724939741267907,-0.47880567979599814,0.9499161745877699,5236
4046,9,0.5887257642562831,0.13357640681970198,-0.5804442922453431,1.3380415671057433,5236
4084,10,0.5923186614901655,0.18952157883294118,2.6166488411427333,1.7905194096866612,5236
4141,10,0.5983443963731626,0.18186902297122035,2.499937527200476,1.7984345087268003,5236
4445,10,0.631236615871778,0.15946073126510865,-0.5502097532035578,1.2478450474771292,5236
4531,11,0.6436655562934512,0.18058822671056918,2.7473257833122235,1.812393241782846,5236
4555,11,0.646019302013647,0.15818919150051283,-0.6281992518509402,1.2778835484594746,5236
4757,12,0.6758064893988518,0.14415900066682613,-0.5359160698175369,1.2711578182216692,5236
4798,12,0.68275504996073,0.1422111150301047,-0.709599774462868,1.269579208290266,5236
4925,12,0.7086985802065565,0.14186595720496953,3.0246222198933843,1.6811433687229436,5236
5059,13,0.7427228601781909,0.1334322813253254,-0.5468387537206557,1.0395971289296757,5236
5082,13,0.7512040107262302,0.12175776406910055,3.0419259188015935,1.6618572606596493,5236
5117,14,0.764380113368105,0.12810793001559367,-0.5890493430667026,1.0987435957259333,5236
5169,14,0.7882317867722279,0.11059828988512523,2.78858349834348,1.6528069013209237,5236
5212,15,0.8312748584861074,0.09111942321056157,-0.06375385021746557,1.1312352497838425,5236
5216,15,0.8354661408276899,0.10463973582204474,2.6593595113543644,1.3981285573486413,5236
5231,16,0.8864189408962458,0.0819913193709126,2.7295287979099405,1.5996896272737875,5236
5233,16,0.8975301629242146,0.055894975606884716,-0.6655288411869533,0.8258429556001101,5236
5236,16,0.9143982174681485,0.07801810735776546,2.667379991914581,2.2422469663233784,5236
5237,17,1.0,0.0,0,0,5236
0,0,0.0,0.0,0,0,5236
3,1,0.07125778222773471,0.06064874286042552,1.1901096964585611,2.625975827707796,5236
6,2,0.10946400734770678,0.07717480110654572,1.5240106991534712,2.235328156726794,5236
30,3,0.16590953990800217,0.08674911962829987,2.035974778513146,2.3434893644083203,5236
220,4,0.268208780221322,0.1401140973868521,3.1072486669208166,2.305171051210171,5236
387,5,0.30975375894034485,0.1337713968629977,2.9527347043284844,2.0953078459002086,5236
652,6,0.3535876465869715,0.1106846515791603,2.8267073712760653,2.2040775175979577,5236
1046,7,0.3967456493095344,0.1400998858840394,2.7235536440145,2.0976682249541025,5236
1512,8,0.43248333369695247,0.15473142109746743,2.774510121762346,2.0217643578434497,5236
3275,9,0.5365806956346023,0.21195841097127552,2.978677325523795,1.9117073896798789,5236
3739,10,0.5654280816380928,0.19878891564015044,2.895487054211301,1.870627702228806,5236
3968,11,0.5841213679870598,0.2026149246166679,2.869641472930502,1.8175413409242387,5236
4263,12,0.6120447310831356,0.20413707841037196,2.883993341696563,1.6825691166585903,5236
4940,13,0.7164361445724978,0.13519094155884062,2.7158397269055237,1.2914693776476116,5236
5072,14,0.755890530733917,0.12071491261653804,2.481611189430099,1.3636751722441596,5236
5182,15,0.8151336773181094,0.11029035620865421,2.6682860039857608,1.000119092976812,5236
5217,16,0.8570387195526836,0.0989884814196376,2.4685738752240485,0.7311463442543292,5236
5234,16,0.9028213745912718,0.0785796036273321,-2.6192965356592155,0.7881024234906743,5236
5236,17,0.9541067021936018,0.04537383287252055,-2.077901656083134,1.014096666618462,5236
5237,18,1.0,0.0,0,0,5236
0,0,0.0,0.0,0,0,5236
4,1,0.08973093520435582,0.04817876737647678,0.4329434515720079,2.277523671441562,5236
20,2,0.1480231354842262,0.09138856684635319,0.1439686634295237,2.051756216359825,5236
59,3,0.19691665480405418,0.07785537244712756,0.18050522956066334,2.421659561934158,5236
162,3,0.24612471254137103,0.15197625068284953,0.1929360601443911,2.0596802860676955,5236
138,4,0.2399126383177006,0.11415772724549375,0.051876118289923986,2.3955373448343806,5236
338,4,0.2936776825463254,0.16466667884844333,0.4484833757318965,2.101229387415036,5236
454,4,0.3181883037977482,0.20053558489479228,0.28942091328693986,2.2019236028910316,5236
384,5,0.30520768988016667,0.13257733225582852,-0.07773285435035794,2.272611782957836,5236
389,5,0.3056203966035179,0.13935631403064433,-0.1550597799838067,2.3059027191728725,5236
632,5,0.34503454152415114,0.1911992565624767,0.3551016216208076,2.244607902805251,5236
850,6,0.37199744182359107,0.1874546577477015,0.35977186649329296,2.1337526765851274,5236
892,6,0.3767222219516525,0.11671148407496466,-0.050629316567997934,1.8054256543715155,5236
1515,7,0.4300920730951001,0.17631086587419137,0.7080673640595216,2.0807098152760193,5236
1590,7,0.4354910656517774,0.11431608744440372,0.05250728465668362,2.231091736081702,5236
2443,8,0.4868601522537952,0.19288001381628148,0.37627084458569104,2.136265206617471,5236
2444,8,0.4869108362863884,0.12469216151456035,0.3793587557970605,2.2141039613541005,5236
3961,9,0.5727484579625572,0.16941114772144497,0.3719872633202078,1.8627592977156748,5236
4338,10,0.6087995598532041,0.16495634650776755,0.2299097582150305,1.7447327267528934,5236
4580,11,0.6412718163773129,0.18010306552030247,0.31073958538925855,1.6815226967346024,5236
4915,12,0.705182838321882,0.1577182167339201,0.39877946110879464,1.4449360722227185,5236
5020,13,0.7300082463122461,0.15322758865587827,0.3917510579151235,1.3659029910103446,5236
5148,14,0.7817731708787842,0.15799908401073168,0.21354507212004184,1.2774484090306406,5236
5158,14,0.787942033247997,0.13089708126043337,0.4180382962684291,1.276941914282867,5236
5221,15,0.8715804021105282,0.07193721532639641,0.443733232772167,1.2195488188799575,5236
5227,15,0.8855061636143058,0.050475533090398386,0.9534045223642547,1.668755588785831,5236
5234,16,0.9543309749607827,0.043628204868589586,1.2356564482900527,0.451217086225912,5236
5235,16,0.9608589160770358,0.030210165228467634,1.097944087000222,0.7637072201761272,5236
5236,16,0.9641262999327458,0.03172379005528537,1.7984615772641843,0.3587496267640811,5236
5237,17,1.0,0.0,0,0,5236
0,0,0.0,0.0,0,0,5236
1,1,0.09810756958263789,0.08758691345657263,2.0063349573888765,1.9289837531942253,5236
2,1,0.11131946114413394,0.09713914880386273,1.2930069511728801,0.8643250046086742,5236
21,2,0.15890249133082912,0.14025500973901947,1.9986280022858813,1.8125074619653736,5236
41,2,0.18091357575895162,0.14809066941265986,1.7472882900809588,0.7001833236372909,5236
90,3,0.21643362048096015,0.15913064980216532,2.1329172311143725,1.6702743084071512,5236
131,3,0.2344800662723857,0.15834923428853784,1.6298973406636892,0.9587231487518575,5236
193,3,0.25928109205375627,0.19274425733151312,1.9714055838101059,0.927517508609356,5236
378,4,0.31137971089276717,0.19173221249139402,1.7697171390748339,1.0843733956430426,5236
395,4,0.3152714653275177,0.18857073718839207,2.3131899342213447,1.3426864948197186,5236
562,5,0.3428480688834086,0.1910337737956574,1.8063663773767185,1.215574087950474,5236
1027,5,0.39436062284970874,0.21496498112530896,2.307427221417436,1.2033449975740882,5236
1102,6,0.4017000884390851,0.19380534851755307,1.8487271802297194,1.0255688501624205,5236
1540,6,0.4374364964577636,0.2276975311971784,2.3272540557061756,1.1049707139146108,5236
1372,7,0.4237691777731387,0.20356488888748825,1.8892298629461106,1.022852278947545,5236
2281,7,0.48277848162198544,0.2453855806680163,2.429000614687561,1.0964061741504587,5236
2348,8,0.48733783817518495,0.1664052068632302,1.9795291840140352,0.8749685743693368,5236
3841,8,0.5727083406250232,0.1773430946994412,2.6827399094018944,0.923199959964496,5236
3396,9,0.5416302482629074,0.20609323320026318,2.194466459302605,0.871136649097313,5236
4224,9,0.6053854887206354,0.18822206872067807,2.742087260556647,0.891519201841018,5236
4461,10,0.6284882115539945,0.2152572302068017,2.567955771238507,0.7679172213031156,5236
4492,10,0.6324491618972351,0.20687155380926123,2.6894109663511614,0.8985324567485056,5236
4792,11,0.6768533715299299,0.207238472643276,2.4835276373441935,0.8840261127119564,5236
5087,12,0.7576366549879513,0.1497272049724664,2.4206975885746407,1.060094365352194,5236
5187,13,0.8224408220910109,0.12988593659858172,1.9472562443193415,0.991200433768241,5236
5223,14,0.8807976676422311,0.08850750285297987,2.2795604269558836,0.8721991977897587,5236
5233,15,0.9145538141217492,0.07060355123707199,2.1785885759544756,0.6022393153660681,5236
5237,16,1.0,0.0,0,0,5236
0,0,0.0,0.0,0,0,5236
1,1,0.06543107811281179,0.05520722125326601,-2.7376543613245232,2.493798245656291,5236
2,1,0.0755838274995394,0.027366321906425385,-0.6832524799243641,1.2804831182552814,5236
8,2,0.1272069620339037,0.029460757082243865,0.3098692412779532,0.9134586648342009,5236
12,2,0.1338481340887201,0.03844464949652317,-2.6854057266305174,1.276349759119037,5236
13,2,0.1343283329527709,0.06231512747492044,1.961574647621392,2.3228924945203606,5236
17,2,0.14154183246578944,0.05894182512466437,0.26392635458382124,1.0732227387882727,5236
21,2,0.1514856218569608,0.07786752587549158,3.1229877653462084,1.8757249676436882,5236
23,2,0.15913421877727651,0.10398915371119442,-0.07705273991929856,3.0860255733292976,5236
25,2,0.1597903211045083,0.07519456886886833,-2.1766491499228016,0.16511848952398792,5236
43,2,0.18422584235458805,0.14275134829672448,2.392835124923079,2.3655374032039567,5236
62,3,0.19915640584058691,0.059427852309541424,-0.15162082402295018,2.793701734659148,5236
83,3,0.21240683403316674,0.12038141183513806,2.566108172422314,2.386443651022217,5236
86,3,0.21367551547813823,0.1160150972935583,1.50394630292485,2.7997368859500806,5236
103,3,0.2226667376084236,0.0440669142098736,2.20657029804893,1.7884303333362341,5236
176,3,0.25193131369271193,0.06431180312620095,2.2294325567127813,1.2277773462202413,5236
236,4,0.2724404501974447,0.01941238713148297,2.639876672358997,2.0324696469809655,5236
259,4,0.2795092008404759,0.07787157601666173,1.9099853638109017,1.243845752349392,5236
292,4,0.28536117858512644,0.09637447240066005,1.9590557159094066,2.53914394201853,5236
368,5,0.30531144499438767,0.08829262302128572,1.8867658365783238,1.0944458740444858,5236
450,5,0.32064709869730346,0.10850983245185754,1.476969268906684,2.6504830121986482,5236
525,5,0.3329698393698879,0.03550063874351467,-0.12507957531969713,2.463141839410136,5236
797,6,0.3703361230107889,0.049672918858896346,0.21464818257855417,2.544279052623856,5236
1058,6,0.3960030224729688,0.13075697940325368,1.1174711941061954,0.6518993109153237,5236
1163,6,0.40625686936316163,0.11838974089622611,-0.0764260524850199,2.5646579221176324,5236
942,7,0.3853278431104453,0.04425059809760767,0.4360705688479028,2.546405400670362,5236
1256,7,0.4149332272972108,0.0791860216955961,-0.19327403128518003,2.650670730814498,5236
1348,7,0.422165389929677,0.08505348706621144,-0.22417878399763766,2.567438859495018,5236
1638,7,0.44349404843749785,0.11506984040249602,0.015374682676909529,2.4164855065914566,5236
1872,7,0.4578712811735077,0.16686098049148693,0.7663937167475819,0.3950880634405898,5236
1763,8,0.45190539903140425,0.1032467639478414,0.18411729791833684,2.725469417968874,5236
1822,8,0.45480718505272666,0.11659087421488744,-0.03371267864267242,2.4357117177728083,5236
1823,8,0.45483918103783005,0.04143488759667089,-0.9836539471077892,2.475578014264428,5236
1916,8,0.4608840078033568,0.03000671682313922,-1.8949624419449194,0.8451303820786061,5236
2010,8,0.4671218898068912,0.12215044634935417,-0.8057074709180945,2.6858449601276364,5236
2059,8,0.4709181252260215,0.04943855895409188,-1.561748895475476,2.5045100893716943,5236
2781,8,0.5062522305683466,0.18551326668162818,0.7143481395482766,0.42375873844280204,5236
2604,9,0.4979110432486038,0.09197009878228318,-0.9024409629676368,2.686314849159353,5236
2938,9,0.5148843187363004,0.06262760390427177,-2.343200649478532,1.3616190061616715,5236
2980,9,0.516646120528961,0.03577309702044842,-0.4135683034387452,2.391179005874679,5236
3117,9,0.5244208522495644,0.06880674512915239,-0.5951134174580033,2.471222909706825,5236
3272,9,0.5328000069559875,0.18817095580075258,0.41913325576660554,0.4434376776723731,5236
3399,9,0.5401012339113779,0.130454228750876,-1.4475282160491516,2.251008705173808,5236
3691,10,0.5589672762868279,0.12095580045506442,-1.548170605578117,2.323144433848882,5236
3752,10,0.5637061233490195,0.16767131384856648,0.6437604639496436,0.3882742199364944,5236
3760,10,0.5640658174806081,0.039353955204489796,-0.48858534023456934,2.2227912138079153,5236
3909,10,0.5742059309697274,0.14680890611441513,-1.683600858664643,2.72028199069978,5236
4161,10,0.5960072563132666,0.07838832278353193,-1.496527235727399,2.143590150162525,5236
4332,11,0.6163476010998424,0.18673772941619407,0.3378076093717497,0.3955986122201491,5236
4468,11,0.6315316678302106,0.04794234597833881,-1.790828903246026,2.2013675970670845,5236
4486,11,0.6330444650474993,0.10088216146728402,-2.3308840807728846,2.8117683905926807,5236
4551,12,0.6408781504085386,0.17783974121373403,0.4551419482054729,0.4166322559890004,5236
4840,12,0.6890074042228991,0.07571647254194182,-1.4191598427859333,2.5378866381019543,5236
5030,13,0.7379700354928425,0.08449127674495362,-2.4271367789242646,2.9503659916909757,5236
5038,13,0.7394255590970629,0.13436791451043123,-0.13501633007875272,0.8825829260140561,5236
5128,14,0.7754026224684666,0.1579403070873054,0.014317598919464606,0.9209001155084261,5236
5167,14,0.7995584880198323,0.10675745619507017,2.987338460756561,2.4455602261348455,5236
5168,14,0.8001926435659739,0.10018307846550742,-0.2925420194119869,3.0828143746676813,5236
5198,14,0.831042191478807,0.04493476322590138,3.0084595117820063,1.5776022420114493,5236
5199,15,0.831899636007821,0.10779965084175686,-0.1229907930947878,0.8630893937842705,5236
5203,15,0.8378606086068292,0.1299699728221991,3.049788300042653,2.341099039106952,5236
5218,15,0.8538830900300665,0.11000178736773343,-2.883977050635509,2.6022582647195773,5236
5221,15,0.8565901321804653,0.12170351088820777,-3.047112637581009,2.413849960004836,5236
5222,15,0.8588150032981973,0.051675401187183376,-0.3587960135861088,2.9119608440243243,5236
5228,15,0.8757868997911806,0.026296469720573257,2.39840777272598,0.5457456693735244,5236
5235,16,0.9279097894798527,0.0575702883272896,3.0815700912831696,2.332355960338651,5236
5236,16,0.9376159176886744,0.03464813814418476,2.1289271920606736,0.4047650422903515,5236
5237,17,1.0,0.0,0,0,5236
0,0,0.0,0.0,0,0,5236
1,1,0.04986882966656936,0.048702739770710546,0.7240596876569744,2.4291688574716166,5236
2,1,0.05382367691164902,0.05038033932166678,0.564182209821602,1.966000404531289,5236
3,1,0.07585802664338015,0.07023487020259513,-2.759810728701497,1.655166256602897,5236
4,1,0.09721019154188837,0.09583831479161034,2.554448410695269,1.790243390315388,5236
6,1,0.10579288170799817,0.09405610354997178,-2.595352285084888,0.8622780148198844,5236
17,2,0.13308884069457305,0.030858208126751507,-0.3729879096785746,2.1030638364709686,5236
21,2,0.14136573793371532,0.0959063118445062,2.775947634261867,2.7479008341450197,5236
24,2,0.15307172910861533,0.10641356731094319,-2.9132490250234278,0.9986223205861725,5236
25,2,0.15524180750722616,0.13370784518614268,0.9421374330797734,1.431323214392839,5236
26,2,0.15885374637903504,0.06303387990865195,-0.1193966183076514,0.48960377195504945,5236
27,2,0.15899750541668023,0.07435769943274798,0.915285158550219,0.48104293899933054,5236
35,2,0.1726253758004136,0.11864430604132159,2.8135095002149897,1.1798890976713217,5236
37,3,0.17318734742027986,0.10124069239223973,-2.832536188706215,2.712349490436405,5236
49,3,0.19222139237592306,0.08814855920041782,-0.726711844226747,0.4288566773097524,5236
64,3,0.20273264005139147,0.12427519697062597,-2.695267850420945,1.056268903276454,5236
69,3,0.20583562073831296,0.14208402383945012,-2.793876332374651,1.1403294759094387,5236
71,3,0.20666430002300484,0.1513494742583262,-2.780137666595756,0.8068232296193572,5236
88,3,0.21778783477370667,0.07326977510669958,0.4727651540966779,0.7924537920068266,5236
105,3,0.2293824674065632,0.17225398856182403,-3.0693972308235584,1.0113176300772513,5236
151,3,0.24883673652753013,0.1472936669021951,0.7409881759825785,0.9239064060566773,5236
193,3,0.2618685664536704,0.18832684004227024,2.5340718347485582,1.1935005476460354,5236
147,4,0.24769647684080764,0.07331997137161829,2.607548303884812,2.440842724408784,5236
157,4,0.25138430215911656,0.11708485309515687,-2.421021773614853,1.0638264562506676,5236
224,4,0.2707652976000381,0.1607247636727828,-2.9002945720073443,0.8538607147720547,5236
353,4,0.30210614024535964,0.14416000871546236,0.8888294807021672,0.667738099313571,5236
361,4,0.30310673381237674,0.16674242638168307,2.7095140805220135,1.2980452706818675,5236
248,5,0.2779262116993526,0.08766931874021539,2.9302046337436516,2.2736519759578218,5236
355,5,0.30248364155609087,0.14262977914926764,-2.2868548324012554,0.9609525997744046,5236
463,5,0.32359614287329663,0.15368591853383784,0.803180642931321,0.6007365926560763,5236
672,5,0.3532851638921858,0.14662262476518353,-2.955696007392184,0.9827117244518423,5236
681,5,0.35394649349069773,0.13267387880335735,2.7790579003732865,1.0628226659958182,5236
491,6,0.32762685918075096,0.08958460331593246,2.815751006553035,2.543124570516382,5236
744,6,0.3618462406606824,0.099539334259459,2.2813123737309504,2.075910185812955,5236
894,6,0.38312667505871323,0.14545685142140624,-2.7630759767068374,0.7723597041901314,5236
925,6,0.3864673091169527,0.17646821456258918,0.3591161653200973,0.7336382260510744,5236
1095,6,0.40080492235049203,0.14960518974639125,-2.975903186185263,0.7775722448331901,5236
1161,6,0.408293924552108,0.1606555654047558,2.9629714047377465,0.9879927213620858,5236
1048,7,0.3968301809906576,0.10391021489508208,2.054512177031606,2.1769889897995225,5236
1747,7,0.45051728985999717,0.14805284494525445,3.025080188040799,0.9566055435584933,5236
1768,7,0.45205200931039646,0.18329595362478102,-0.1876567421077233,0.6995837018362451,5236
1999,8,0.46649615809273925,0.13468079327874938,1.7847995526150267,1.7182546335404614,5236
2387,8,0.4880730864799838,0.18277862528236674,-0.12667927552347083,0.5058984599439692,5236
2665,8,0.502437945190516,0.11198280209580998,2.7548650532311565,0.8111845930651983,5236
3241,9,0.5351752162643374,0.17838677797479327,1.7623572111217276,1.6952381831746814,5236
3298,9,0.5380618584339836,0.130023756586728,2.9615364080490156,0.7504155631087571,5236
3517,9,0.5500488068907207,0.1457173567281746,-0.6110308256030826,0.6126464261937675,5236
3897,10,0.576315337544576,0.20195655318937966,1.6831233930122895,1.6343831910595732,5236
4232,10,0.608646220337061,0.12308182191204953,2.966782499750896,0.7054319014248316,5236
4288,10,0.614390298676499,0.11334166871593009,-1.3110194883488233,0.5348359714499578,5236
4507,11,0.637401161073395,0.13216398200833038,2.657638762598565,0.655307497467622,5236
4529,11,0.6402671921400932,0.1571890578111116,1.7288349349546883,1.5977845039954004,5236
4602,11,0.6491811557571388,0.1133714655374728,-1.5738927284822508,0.5235871074683878,5236
4821,12,0.6849015402271129,0.1315520652635185,2.140620670892231,0.43961424501283686,5236
4912,12,0.7010876981519961,0.14805790583414405,1.9978473301505817,1.4604239032384263,5236
4940,12,0.7064419383579431,0.12997928385347365,-2.3405738331364163,0.6053136601097376,5236
4948,12,0.7085796712537336,0.14185191948347672,-1.096452348544725,0.5463019933397206,5236
5032,13,0.7316686735312765,0.1296913409407627,1.9649351659933538,1.3264974859458312,5236
5067,13,0.7414378279493051,0.13633616611302024,1.7144470249134212,0.5244788478570982,5236
5103,13,0.7569865551789203,0.12330810025229641,-1.8747497633972696,0.348269474148078,5236
5134,13,0.7778324742500844,0.12547940466079724,-0.676268348924844,0.6610483844188341,5236
5161,14,0.7907694124922987,0.09944997551632903,1.8185982660478341,0.9883003671792433,5236
5184,14,0.8108611913474728,0.11964152381743141,-0.6403997353022148,0.6422465598719376,5236
5193,14,0.8155202567678675,0.12901457889647763,0.908977957384054,0.1055329427177954,5236
5226,15,0.8613866479368474,0.0882240019187245,1.9110381185877496,0.22467730963734386,5236
5234,15,0.908519195387109,0.03362588126304765,-0.8622854511154586,0.4994509020962577,5236
5235,16,0.9244761405162659,0.06053336871085093,-2.93114811047214,0.7880051774614797,5236
5236,16,0.9546302590834562,0.03809105280640597,-1.370383170638072,1.7998269481919764,5236
5237,17,1.0,0.0,0,0,5236
0,0,0.0,0.0,0,0,5236
2,1,0.08461780623673354,0.07923438696347607,-1.487190821547696,1.6857991952843785,5236
33,2,0.17151590937367855,0.11406606460273233,-2.2403088502701416,1.8235982146150058,5236
144,3,0.24790684493598247,0.15909598671076192,-2.425876271840805,2.092711321079318,5236
309,4,0.2953640904614413,0.14222349786400706,-2.611623941685741,1.9595439471971474,5236
436,5,0.3200312491287982,0.14087977394489376,-2.6347982487604247,2.005924095122042,5236
774,6,0.3692421648861911,0.1517098103832971,-2.9149212180783524,2.0614339325905764,5236
1268,7,0.416895725235904,0.12305643504885057,-2.833747520678679,2.2368085468773327,5236
1816,8,0.45604442613700846,0.12440047135719251,-2.895842288811666,2.265590508922758,5236
2273,8,0.48413240708034144,0.08497113577329714,-2.6938916897153407,1.7705279548021273,5236
2364,8,0.4892720146638111,0.13835378550989266,-2.6547935737911104,2.5449833057726186,5236
2964,9,0.518073890050974,0.1150924167782591,-3.053041841387506,2.776176461766792,5236
2972,9,0.5184917541203986,0.11402885466753956,-2.6908542402348754,2.5228022971015163,5236
3389,9,0.5432268645990311,0.07271973012768795,-2.4453208759901734,1.7498871595980103,5236
3682,10,0.5610355280002995,0.1314535328294211,-2.087532634832319,2.966930662639407,5236
3747,10,0.5660655974712351,0.0880793820131093,-3.0158046410888786,2.3131818131656057,5236
4047,10,0.5893924980706958,0.10651345599101605,-1.6486017724741786,2.887306039543955,5236
4110,10,0.5953949544960309,0.06146973304009904,-2.1424891363852048,1.6225007350201468,5236
4475,10,0.6322268433665753,0.051489172159315554,-2.3824925204054046,0.46955636678962637,5236
4376,11,0.6195558187465364,0.08736960653226276,-2.8774793023458374,1.9033166301384403,5236
4472,11,0.6316901570491311,0.12028689149727638,-2.2639663538340673,3.0985087085555065,5236
4473,11,0.6319630688080777,0.1635731990929481,-0.27070648673400105,2.898106071465592,5236
4516,11,0.637885697215679,0.09542226121618405,-2.5907056179573895,2.088271723335639,5236
4519,11,0.6386668691881441,0.15835234229900705,-1.2982056495422105,2.619730662277817,5236
4553,11,0.6427790954929959,0.10145937995283118,2.5415972050415223,1.8989733666715454,5236
4653,11,0.6569839649683991,0.09554005502046813,-2.087218259428349,0.9908237763371419,5236
4684,11,0.6620407123498511,0.10281829095403998,-1.9493882306638082,1.4813691464271428,5236
4740,11,0.6692001446820249,0.05524277358700132,1.6772673088254288,1.992709122048986,5236
4792,11,0.6772327956605211,0.04716368751238123,-1.8134481338079722,0.9898409511031957,5236
4760,12,0.6718095459288472,0.17132953898485465,-0.9662794228008679,2.581850054530699,5236
4858,12,0.6878639933010752,0.13575244066536143,0.3281522273174961,2.8775386578782722,5236
4957,12,0.7119204491821639,0.13839244080219593,-1.9045308178893612,1.6192534710583615,5236
4980,12,0.7172377361704401,0.08830217231624463,-2.4447427072959065,1.3470823958783595,5236
4983,12,0.7180464131544758,0.02570607779216438,-2.9274480953487134,1.8506067491417377,5236
5009,12,0.7256420919360459,0.05018907019090169,-1.9710397754341016,1.571742224780266,5236
5043,12,0.7390535474155878,0.03890077458477736,1.5472773647479277,1.2430540378020598,5236
4990,13,0.719474548068984,0.153443272296018,-0.9261091588404522,2.3429162273949675,5236
5092,13,0.7556837266627914,0.1210264118045201,0.7163938823542346,2.5304598108552088,5236
5128,13,0.7684812061634928,0.048263754143889774,-1.681958104193038,1.077605481638747,5236
5130,13,0.769706878964644,0.07341786756908958,-2.272422115318183,1.5253583481976536,5236
5140,13,0.7757652548589754,0.027319640416694328,1.5355049690390254,2.3510983824306977,5236
5143,13,0.7788082701146697,0.09527532407352442,-1.9929624564632842,1.6319078975558947,5236
5134,14,0.7716899062581406,0.132085346721563,0.5705989935248336,2.5099615002247946,5236
5180,14,0.8128940112809658,0.08131225789696478,-0.9899541867118108,2.074386941156401,5236
5198,14,0.8306051806204722,0.08753968934667136,-1.9245949098303183,1.6375927876428893,5236
5212,14,0.8442169541647154,0.05867226049566817,-0.9869351667381547,2.7477522959811087,5236
5210,15,0.8411073998569852,0.08938475610871328,1.0133323025569017,2.7728357677821287,5236
5234,15,0.9092444949731286,0.04235488249464155,-2.922575659343823,2.0349317283412596,5236
5228,16,0.8838820929297548,0.06502109024536916,0.9623035108171991,2.640246755926007,5236
5231,16,0.8995870158022105,0.0752881845850424,-3.0333379316137234,2.883813022113098,5236
5236,16,0.9343051081799535,0.042947213434672185,2.9209196716816828,1.800903869599957,5236
5237,17,1.0,0.0,0,0,5236
0,0,0.0,0.0,0,0,5236
6,1,0.10205401547833537,0.06248586919026602,-1.3928823889408593,0.8784711059983726,5236
17,2,0.14317180091373927,0.06632370005585457,-0.8814234548931685,0.9795858953289713,5236
29,3,0.1678751083199389,0.08402245683392537,-1.0532592484120769,0.9241583318338938,5236
88,4,0.22008982591618398,0.09766079715737137,-1.3878146720120903,1.2838668081356077,5236
104,4,0.23080549608487688,0.02768565416436374,-0.3955276661531453,0.4983569244389684,5236
112,4,0.23444210733391557,0.08657358739130924,-0.3209083101885224,0.4417409671824942,5236
178,5,0.2608287006259524,0.0795602523161324,-1.752977940331696,1.4090902002024561,5236
180,5,0.26129898523837025,0.09545472394523337,-1.6060794921747739,0.9369038965350107,5236
227,5,0.2757883138507531,0.047367625282253634,0.773957291534994,0.19882638686714235,5236
421,5,0.32057738283160686,0.09883103802320253,2.8371335746592212,0.4397522303112535,5236
364,6,0.3087923520292707,0.03212741540396633,-0.39053609715929183,0.6749471731983834,5236
534,6,0.3396407697756184,0.13132906371227085,-1.6301174523325141,1.5303559798191668,5236
542,6,0.3410148343296727,0.10758445549806102,2.67538211289597,0.48264274117510136,5236
699,7,0.36593743869707807,0.03647294117878637,-0.4197687799888393,2.1502036445132555,5236
812,7,0.3795265822362909,0.12124724855419476,2.5255317624088174,0.7446648535015798,5236
947,7,0.3913551229743698,0.10447789600775878,-1.6356887899052384,1.8189032509861405,5236
951,8,0.3917599814950392,0.018125646643899037,-0.7918278407147665,1.7345160076545831,5236
1145,8,0.4095834530083423,0.13250983219938015,2.4057503631402852,0.8063154602968925,5236
1344,8,0.4270009080916576,0.11486180479731686,-1.7149764065987425,1.6665925593605393,5236
1377,8,0.42888967358940244,0.07176687632273891,0.4315938147150435,2.320400676423652,5236
1620,8,0.4468328435087705,0.04860427141899401,1.8046910376581384,0.6151891187529337,5236
2072,9,0.4754311147430631,0.12363359130066633,2.3626275860381227,0.7192240189103766,5236
2228,9,0.4833626062383627,0.07052403836667623,-2.692623619250039,1.2642221320397646,5236
2349,9,0.48960764045143756,0.07858409841465266,0.06816315766867953,1.725529807080562,5236
2370,9,0.490462500329363,0.09101398417728321,-1.5053379960900908,2.151657583675482,5236
2428,9,0.4931663713738269,0.0794786892323838,2.173998722496233,1.9178677826861374,5236
2473,9,0.49517167526058103,0.0967731057026131,2.4204637265666316,0.8446864491288077,5236
2660,9,0.5038995748947175,0.07795983207789224,2.142205466904356,2.198984573198695,5236
2947,9,0.5177622049146386,0.08132165668534462,0.74789494846322,2.254269555949075,5236
2986,9,0.5200085782448042,0.041616264970254564,1.2145069453072073,0.7123942249287202,5236
3287,9,0.5385886273607934,0.02582341160862618,1.9623088913908457,1.8771381221248742,5236
3175,10,0.5316227516175642,0.1037363461636593,2.1045003211237003,0.4937420182639346,5236
3234,10,0.5357225470884582,0.06582776916022691,-1.084830374421403,2.074619527189262,5236
3248,10,0.5365211614425301,0.06807108547038336,2.626096305805549,1.037553189185665,5236
3291,10,0.5387450323019101,0.10742015833131462,0.12081342189333671,1.6288986296005707,5236
3496,10,0.5519546956696407,0.08558075138558045,1.8202108098107774,1.3831314688517589,5236
3544,10,0.5556964180337614,0.09358007007662379,2.0792770636962725,1.7979560850828362,5236
3601,10,0.5593122789477327,0.10782947149508416,1.6748149216665353,1.9379287865959847,5236
3640,10,0.5619122432588102,0.06400097648322152,-0.5553487607744522,1.1133703635882117,5236
3975,10,0.5882543658322594,0.03968480461598991,1.642424697821715,2.2011896555124384,5236
4275,11,0.6155727534439092,0.06387673296179976,1.6889063370581878,1.526650001030733,5236
4351,11,0.6235064156659461,0.05082971717211418,2.2874565334551327,2.3674865280443793,5236
4472,11,0.6358970754925348,0.04944461334325678,0.052494298183199284,2.031641068353696,5236
4507,11,0.639341340850411,0.08369773811952268,1.271825967895041,1.3533757915423172,5236
4623,12,0.652673313524059,0.09511250611259156,1.5066014437240265,1.6527603488778089,5236
4731,12,0.6686263364165329,0.07390695511859932,1.509287011745404,2.7257128961821184,5236
4756,12,0.6713080530697224,0.06154371004437021,0.3176330275732505,2.579880304075825,5236
4776,12,0.6733459326027567,0.09575266602182426,1.295824607605223,1.5231322027907148,5236
4928,13,0.7068646002109973,0.08676957448777967,1.6785880020468038,2.054502076435628,5236
4965,13,0.7172524801743551,0.12071193493864389,1.066332086056214,1.2998598371740901,5236
4981,13,0.7203103485183489,0.1442888651678557,1.2006768940325994,1.6836559928708088,5236
4992,13,0.722786780170912,0.08869768196166065,-2.4383181563396534,3.1001737455003577,5236
5112,14,0.7623237954224329,0.11467886895614174,-3.0597799298473327,3.1033169566735634,5236
5148,14,0.7830324016007858,0.11191139938297394,0.9395904046290183,1.5255715261524445,5236
5174,14,0.8021516896941545,0.04975835394314487,0.8049919833084531,1.9072204586528358,5236
5180,15,0.8063137443450606,0.10601022900257998,0.8202310417583296,1.3942219341858337,5236
5188,15,0.8120252798628673,0.0724174758156875,2.596291818366388,2.974056225584056,5236
5206,15,0.83297260540824,0.08903916997948914,0.5274864040865903,1.5935272245272596,5236
5209,15,0.8388453172255396,0.0621124104481375,0.9101678300263755,1.6476869524131375,5236
5229,16,0.8925794563546328,0.042412871091127145,0.8645550497484973,1.902713191805969,5236
5234,17,0.9376718396311988,0.05411107619334569,1.693045684256723,1.618181407699372,5236
5235,17,0.9424770296792679,0.029501972260540438,1.4690003323255862,2.1621825934472114,5236
5236,17,0.9488467315118359,0.023881212536462675,0.4507548025229586,0.6533826246019148,5236
5237,18,1.0,0.0,0,0,5236
0,0,0.0,0.0,0,0,5236
3,1,0.08260364909534568,0.057660832819189066,-2.68130640401779,0.519551603567736,5236
5,2,0.0963804230090809,0.0649381250212196,-2.715404372547756,0.6077089437487151,5236
21,3,0.1554326484230114,0.07587017337025663,3.027358132956512,1.123739640941752,5236
49,3,0.19601716691258708,0.08447797985452929,2.671767396533967,0.4067193265961805,5236
87,4,0.2210523542069176,0.04826063225261242,2.2756277975209627,1.5723232402584018,5236
129,4,0.24222229052667388,0.07406190517904393,3.108708476376305,0.9087468217853385,5236
156,4,0.25283767071224883,0.07364494554733748,-2.56155767309493,1.4590148500314741,5236
272,5,0.2953681081383219,0.09064667146495393,3.0152630618841267,1.8622797567814755,5236
347,5,0.31227356788719773,0.11258498586930825,-2.554271123322204,1.2154931306533225,5236
423,6,0.32675424721377333,0.11301227897838997,-2.5775546866436985,1.2027950546876784,5236
459,6,0.3326986854935382,0.09594184910822234,-2.9188308881235896,1.6737046138615095,5236
671,7,0.36355662579360126,0.11035565053852127,-2.740299314101234,1.475407245880196,5236
733,7,0.37061523878680225,0.110563634124222,-2.8162209988108216,1.46974058529531,5236
1140,8,0.40948041323316653,0.08376750646958492,-2.741819366031545,1.3125569776816812,5236
1980,9,0.46604477830904856,0.07052083356331247,-3.112466165864655,1.6948677132643044,5236
2227,10,0.48001656877977383,0.06243462939769668,-2.9500029047065652,1.6929229742197383,5236
3314,11,0.5326306596988317,0.04297151195196426,2.838273733681616,1.5099961874611114,5236
3538,11,0.5463234648981381,0.0591239898304393,-1.8315563012624325,1.5110849328019154,5236
3589,11,0.5495638157500427,0.11785367891906325,3.0640693165935966,1.5810612722442847,5236
3826,11,0.5667865763852922,0.07923916488556734,2.340922367042344,1.9545871521535987,5236
3932,12,0.5758301894675926,0.12192368245381797,-3.050747540311597,1.532903540670763,5236
4196,12,0.598891825901174,0.11062705752120179,-1.9544074064900483,1.4718389491441168,5236
4304,12,0.6087900885287698,0.09344634893232924,2.871358390961644,0.9283938643952688,5236
4373,12,0.6158812190061465,0.08460021974583039,2.7465108360501858,1.5597616131256482,5236
4407,12,0.6199095496434849,0.00979195583265871,0.864007849993564,2.577499594109621,5236
4570,12,0.6406038533874014,0.10180542925963941,-1.1817740562202776,0.6758983730222613,5236
4397,13,0.6182892104718848,0.1505900213057588,-3.0621423552735725,1.4829329204391428,5236
4421,13,0.6215123349271536,0.13730337917360155,3.1004248079956747,1.2411460907828258,5236
4517,13,0.6332985108877807,0.1149788571580163,-1.829446538685902,1.5825834657916797,5236
4680,13,0.6557548815561945,0.06982996561153242,2.8023837940668335,1.823338803256312,5236
4728,13,0.6633785486638204,0.0884954456465118,2.993090718162145,1.8169648303175516,5236
4834,13,0.6828423329213338,0.06628307401527013,0.8372783872368713,1.8481522804709063,5236
4841,13,0.6845500447304319,0.1094380885522443,-1.6093412044137225,0.5921352839259016,5236
4862,13,0.6882967309517927,0.09021580667725207,-1.2754070735580574,1.0575012070072576,5236
4889,13,0.6941435644143943,0.1511314242845202,-2.8653718434634174,0.6147474100118028,5236
4753,14,0.6679235415639646,0.13621450922852452,2.9835942886278835,1.6140021499048323,5236
4773,14,0.6713841373924662,0.14943953044740113,3.125453076871773,1.560789710791877,5236
4798,14,0.6762140829179241,0.09291779004256845,-1.581624938531458,1.3729704517672678,5236
4888,14,0.6940616243118652,0.0739756827550158,2.9241785484936638,1.6564155032120704,5236
4932,14,0.7033211341860492,0.05221891701104362,2.1016423526257393,1.7440531142688953,5236
5024,14,0.731877289662587,0.09445325443994557,0.9521478885396373,1.9138965466815252,5236
5026,14,0.7319650084475945,0.1477543834324516,-1.982387501723882,1.0454076843872817,5236
5032,14,0.7341059631652079,0.1364920088348759,-2.5956719512480446,0.6253923817126614,5236
5051,14,0.7409106528430361,0.09022732472830407,-1.1623954534967786,0.5742738754384243,5236
5061,14,0.7449713733870389,0.09986064223562817,0.7473993445189122,1.6962697449933946,5236
4929,15,0.7031786580623544,0.1439803360036858,2.885864398179057,1.5095850391412926,5236
4958,15,0.7118421241677263,0.1794917795394126,3.059043184455002,1.6750571277744999,5236
5014,15,0.7287335456944735,0.12472263627987804,2.95187004219273,1.9909579119524528,5236
5092,15,0.7572709902105973,0.10519143885038598,-2.022079689199086,1.9212203266846979,5236
5097,15,0.7594188643664569,0.07886490732640221,-0.8564045718579752,0.9780442463565219,5236
5105,15,0.7642363353500586,0.022454869747962902,3.135735371634536,0.431426261208754,5236
5109,15,0.7661153399360123,0.054397862945986517,-1.7291735504090668,2.013823134491781,5236
5114,15,0.7675816539447292,0.11679955904293045,-1.8787864530103473,1.059382652114549,5236
5140,15,0.7801502352859996,0.0832232148057076,0.7867983783575528,1.638126971291063,5236
5156,15,0.787024915149539,0.17269226265017926,-1.474266333419745,1.1156300249105202,5236
5202,15,0.8148176811402982,0.11453476271088826,-2.0532504409962304,0.10908046514275961,5236
5210,15,0.8236953933185212,0.07873924495451856,0.2748490083783567,0.9859435341720167,5236
5145,16,0.7824844477673953,0.1733973119764257,-3.135357251699768,1.4267612996243115,5236
5147,16,0.7831376871473008,0.1857500463324998,2.769124886829194,1.8120110275514332,5236
5165,16,0.7902517088205849,0.1653490069526443,2.461471390851534,1.3922919137328365,5236
5174,16,0.7992880371187158,0.1055866005014937,-2.785016490328895,2.056752716264642,5236
5193,16,0.807304825810389,0.11292627933315653,-1.6455645491815194,0.9493475022240095,5236
5201,16,0.8144813533291716,0.14747839555478,-1.8781768910131558,1.6466883227996334,5236
5204,16,0.8156328185695068,0.12753211043670035,-1.9569161665952715,0.7437693693211964,5236
5211,16,0.824116636390953,0.09737134723318872,0.5558553090224652,1.4919133584957986,5236
5214,16,0.8289026441163958,0.08131599827954517,-2.5515630058846117,1.235988330556107,5236
5218,16,0.8343111025207779,0.13222958141870683,-1.4497937096547038,1.0134303486658123,5236
5220,16,0.840850461587999,0.04490221835072547,-0.09407651167647922,1.2998810629147823,5236
5222,16,0.8437912553796514,0.08507911674005145,-1.4396117982887182,0.25762845489969044,5236
5227,16,0.8596790619409787,0.10983133400008767,0.5999749549975782,0.4803725823249108,5236
5228,16,0.8665947655666638,0.0823095052888848,2.6635838632210445,0.2543640945019417,5236
5230,16,0.8712250389995497,0.06963008230355157,-0.11744807593179346,0.393336195112379,5236
5225,17,0.8553374671409248,0.1286888472742774,2.435580120634025,1.608014963115434,5236
5226,17,0.8557077597725898,0.12957340318330818,-2.741161787122145,1.7307951916333386,5236
5229,17,0.8680977877378458,0.11164781503723664,-1.6213406982659953,1.5930094822036316,5236
5231,17,0.8890058408908463,0.10916593046085743,2.874593194338782,1.7457145332072583,5236
5233,17,0.9008748827137291,0.07598310793087253,2.8167599189603694,2.0664311779561366,5236
5234,17,0.9266665542605768,0.06301568668484656,1.3062020738495055,1.1720675650606411,5236
5235,17,0.9346327642655092,0.06419150125724013,-1.0623464117729062,0.3549658318010156,5236
5236,17,0.9443677239499415,0.029683024673500293,1.2865555520707157,0.8744492801391892,5236
5237,18,1.0,0.0,0,0,5236
0,0,0.0,0.0,0,0,5236
3,1,0.09728534252827625,0.08681792357905299,2.553405671060184,0.9372544294089179,5236
46,2,0.18677337783892045,0.15781551957878387,2.1281390041742076,1.0540163622821173,5236
137,3,0.23728613952727418,0.1238969175825804,1.991770667237307,1.22531168350446,5236
147,3,0.24147875360406645,0.1971708985844618,2.030212025697166,1.2486435473522128,5236
329,4,0.293092176486179,0.15099185086961797,2.1197158645441947,1.3118278032220385,5236
559,5,0.33480512275528806,0.15612786513068003,2.1408376250924044,1.3862146719698778,5236
1248,6,0.41240820736305217,0.16438412753587742,2.523710442245652,1.2994067742820108,5236
1901,7,0.46075174185435863,0.206657132214756,2.535221333921084,1.1726887526785454,5236
2356,8,0.4860765513529639,0.18839724471526645,2.46570772365784,1.1723843373482614,5236
3219,9,0.5308621473563399,0.18124368061660914,2.552590620457558,1.277933155070653,5236
3968,10,0.5810092334266765,0.18780863484821742,2.595395649179436,1.2327298168546574,5236
4607,11,0.6526118932819103,0.12476780935025607,2.785322150272949,1.2421858879143297,5236
4826,12,0.6878900807147248,0.12515736258988375,2.9031447776267845,1.356483323634034,5236
5064,13,0.752997192361218,0.11250388533259358,2.5143091110466544,1.6237156489673832,5236
5069,13,0.7538529448271412,0.11273686689399331,2.6544404223058535,1.7434072168496113,5236
5171,14,0.7997379020106449,0.09815703382030035,2.7708968700488708,1.550424431960811,5236
5201,15,0.8242426752156459,0.09435439408486271,2.5970113622269975,1.5021126314049214,5236
5225,16,0.8661109519437429,0.0932909077621843,2.4508363982874806,1.3133025390159574,5236
5229,16,0.8735710531941259,0.07658715016353819,2.5152427651241767,1.0797527876852924,5236
5235,17,0.9145105780229373,0.07531039128791965,2.3222244809839614,1.2935340893143865,5236
5237,18,1.0,0.0,0,0,5236
0,0,0.0,0.0,0,0,5236
1,1,0.05473642509662824,0.04105564998010355,-2.8981358365697676,2.6764727425150086,5236
2,1,0.06413263913589962,0.06250988679192702,1.2130976361084131,1.5129783345034324,5236
3,2,0.08068106229044159,0.0633854083086378,1.347387458451247,1.7255072903615263,5236
4,2,0.08352366499028063,0.050049997983798784,-1.8676575989108786,2.8249054267719225,5236
12,3,0.11262931691529077,0.039338848983659816,1.2123619857243202,2.97099382466288,5236
13,3,0.1149728456251381,0.08347497108160434,1.4731708170751818,1.6010244804988865,5236
55,4,0.18617228641935724,0.052831634002397244,-2.99687524079545,2.1023976387489602,5236
56,4,0.18809460459214444,0.11588858884194227,1.7493948381681919,2.07817526867358,5236
61,4,0.19167922836222784,0.10239326722581797,2.560710654900816,2.7053402291949773,5236
95,4,0.21779592701998718,0.1263486392974524,-0.002667157953151743,3.0019724691572907,5236
123,5,0.23372616445855288,0.09048049733861918,-2.7007545620765825,1.9249528479252307,5236
165,5,0.2523415554539915,0.13293740955512653,0.6905539320938309,3.034309919699087,5236
225,5,0.272535042383541,0.16474616117462765,2.993643058550909,2.471363709797787,5236
235,5,0.275717067649736,0.08692723860390313,2.369149959618954,1.9236341050665635,5236
402,6,0.3135845704240413,0.1887452899619757,1.1448848997270324,2.989783624218904,5236
613,6,0.34665448070676574,0.11574613656646773,2.8353624529061623,2.17289038558653,5236
545,7,0.3364505708093145,0.17119731856670475,0.996268862521308,2.922616493584585,5236
726,7,0.3614235276927481,0.10734013165222434,2.898387010530113,2.23869734953099,5236
998,8,0.3912822032404385,0.1459452296332054,-2.912475861196273,3.047396597014139,5236
1275,8,0.4172468339337212,0.14759396652241707,2.787017545192822,2.2305493069502456,5236
1357,9,0.4237315412230007,0.15076853290064451,0.18733090503192065,3.098472291980954,5236
1804,9,0.45679936408654953,0.13594035798890042,0.4568269329199054,2.8254401426490734,5236
1867,9,0.4603909470184845,0.12348560435094103,3.071563616264645,2.1511847268886277,5236
2611,10,0.49988223045252,0.15176545360544055,1.286567864328343,2.916025394281173,5236
2686,10,0.5034438626336032,0.1890881447854606,-3.05811921752096,2.789173621494335,5236
3096,10,0.5220080503546765,0.1359771496619784,-2.7874100462564817,2.64306234802667,5236
3275,10,0.5315710684788266,0.12244955740068152,2.707409866761438,2.5321038159006437,5236
3372,10,0.5377613928070011,0.21924148182930553,3.0953943052403408,2.6880105676736217,5236
3604,10,0.5517753747930253,0.0595083666536893,2.699909519736092,1.9490551468600827,5236
3407,11,0.5399867674315233,0.12729587913029702,2.7617724872162843,2.5079113446443144,5236
3938,11,0.5749297174140239,0.1982732867472447,2.7803162316368226,2.9296556754602165,5236
4012,11,0.580889821353592,0.18738144305983837,-2.532191988104209,2.618255271868916,5236
4047,11,0.583732454730325,0.20257036506459125,-1.104186986819904,2.956489742994814,5236
4100,11,0.5885726495906539,0.18000247172737432,-3.049467722720398,2.72610300909176,5236
4132,11,0.5912098657556663,0.08129306541942304,2.4022436511909797,2.20654941849863,5236
4172,11,0.5953211973031373,0.18525081693972817,-2.2798221725836085,2.699698987975786,5236
4570,12,0.6432042013324433,0.10519205893426659,3.004379763783524,2.155418863564066,5236
4634,12,0.652336770034328,0.15377752580143275,-2.5016744882006785,2.919556430621305,5236
4795,13,0.6773285393583756,0.0887496234207814,-3.0846336213890115,2.197948821211515,5236
4856,13,0.6900961900540737,0.12481375987615652,-2.1314169170800463,3.0527866316693983,5236
5110,14,0.7643034599781044,0.06910798410165388,-1.6406206126230503,2.84821984057617,5236
5160,15,0.7980100000358586,0.07776369728436647,-0.5960829638826979,3.0359932799176486,5236
5230,16,0.8757596062260173,0.07622492687205443,-2.6255493312705283,2.7345924255721346,5236
5236,17,0.9255582435967854,0.07314265488515467,-1.731188653491022,2.885585772331098,5236
5237,18,1.0,0.0,0,0,5236
0,0,0.0,0.0,0,0,5236
1,1,0.05508528922540723,0.03701933451211896,-1.2481837793549453,1.4464395911471728,5236
2,1,0.06509562834820859,0.05117343737115267,-3.0352611010329227,1.4562233078075648,5236
3,1,0.06878361332833105,0.04282172082867022,2.8662347579851093,2.4305389995452615,5236
6,1,0.0783065865800533,0.07017185840923985,3.113614921401995,1.444676370319004,5236
8,2,0.09695029289573942,0.051197552371854124,-1.7180278014202015,2.0044361657134644,5236
13,2,0.12299038041651489,0.08075331322565887,2.1636365461416744,2.106365761170096,5236
15,2,0.1269010227962556,0.06646480959209533,-2.7991393092382193,1.5226982747913884,5236
21,3,0.14916806307773534,0.08141851284863275,2.2999310724352373,2.3651966337834787,5236
44,3,0.18646009324553225,0.1088771768076977,-1.9354697262821772,1.7993432681358799,5236
51,3,0.19182519408211307,0.11374252422388713,-1.8987323227370378,1.311081828314542,5236
62,3,0.19978171166525327,0.06943331248239297,-2.795024018545193,0.792184347299068,5236
38,4,0.17934935612014902,0.07731061000649189,2.1930012296353874,2.6953380398829836,5236
92,4,0.22216391806530256,0.0728891449636094,-2.6883839802621017,0.578850824620654,5236
151,4,0.25057693021416616,0.11530057534868952,-2.1494028365612374,1.5731423818879393,5236
85,5,0.21740696673528093,0.07512841672693704,2.7719998879680694,2.398809346935266,5236
141,5,0.24476681339165707,0.1018787365276023,1.4512148275527093,2.2527429666331216,5236
208,5,0.26569836180203654,0.06631275480179247,-2.710760043784936,1.05152214601766,5236
234,5,0.2741276926185746,0.08459534670496334,2.4799725075482826,0.6666176902193858,5236
262,5,0.28105717880023273,0.13265015465148752,-2.1854884523476197,1.4847581703397996,5236
204,6,0.26517828106689467,0.047630663813728796,2.7002530698779443,2.5699646979250046,5236
385,6,0.309862324144654,0.0947190836286627,-2.675906968867748,1.4210977124255162,5236
441,6,0.3191624421925022,0.16191379078210946,1.8107029808185418,2.2657643736901805,5236
480,6,0.3272384656211087,0.12675623264358005,-2.3699875868272113,1.4676900162182906,5236
521,6,0.33571402793451866,0.14207528930858526,-2.9044758261618497,1.733089840866841,5236
537,6,0.3387067399342055,0.10612973940603519,2.4900219938336496,0.5128964230300448,5236
831,7,0.37706864408225493,0.06969486923854279,0.3339662947034206,0.9561820664554047,5236
909,7,0.38491544026578195,0.09084709522531759,2.2231192540127647,2.973316396917592,5236
983,7,0.39260101198626796,0.13444310306979906,-0.992292516387116,2.767127991368475,5236
1012,7,0.39606912977585895,0.0874935799777849,0.05693967405694732,1.5080078572570572,5236
1066,7,0.4011131324470387,0.22417957403763916,1.552420996515005,2.387500741909759,5236
1069,7,0.4012722384334192,0.1548785467950533,1.8743326622934888,0.36519572167615527,5236
1083,7,0.4024239715052357,0.1519502112009202,-2.710488716887916,1.7773922369200619,5236
1428,8,0.4336625635017958,0.20680559837165366,1.5775050749138557,2.3905890729807684,5236
1468,8,0.4369162201498369,0.11631477856851315,-0.9986185135647809,2.936747409142462,5236
1528,8,0.44035389014708404,0.12890676368124346,-0.37649628109743033,2.6451987946695468,5236
1595,8,0.44487775612598957,0.10807567703075921,2.795036060631544,2.6388835332037734,5236
1641,8,0.4483835941430303,0.09325134699203513,-0.06436282879862697,1.5449308032505413,5236
1702,8,0.4523603211250826,0.12700267176985355,0.2661592504430371,0.9459731755853845,5236
1756,8,0.4558715470568646,0.16498574352106737,-2.770693788183466,2.0848667731715014,5236
2143,8,0.47763546582855476,0.12368663532318004,0.5157103779053828,0.5795988876922581,5236
2169,8,0.47871931009505775,0.15063668787898798,1.0579879897585573,0.413330343234505,5236
2471,9,0.49493765492469444,0.13428677948248005,-1.785744055331715,2.5815230963213005,5236
2526,9,0.4975539866741542,0.08761905766032167,-2.2840046122068203,2.6972520932638475,5236
2674,9,0.5045418434228357,0.12688723928033954,0.23106710973542435,0.8334141221833599,5236
2840,9,0.5120290530582894,0.0576793921703282,2.837679549622174,2.8709746217031875,5236
2855,9,0.512733988424577,0.12255247319392477,2.2292666893502027,2.2926737064829203,5236
2920,9,0.5166126613895393,0.12870207356805718,0.7100727540403261,0.5177704620898566,5236
2922,9,0.5166559533440358,0.1289047676269528,1.7932934991527878,2.4197834823070465,5236
3061,9,0.523208982677081,0.14290634022104584,-0.14826553505642778,1.4396768992159457,5236
3209,9,0.5309471825943229,0.2022307631986686,-2.709199642487772,2.239526371452241,5236
3212,9,0.5310389109984098,0.13931480971797017,1.8207756817156302,0.48472931002681907,5236
3227,9,0.531840903916991,0.13239394289742962,0.2274532747393491,2.6306834669604453,5236
3286,10,0.5355876420338012,0.09803047469997139,-2.7998133487210253,2.87267112602433,5236
3474,10,0.5476976121011021,0.13093218478365454,2.1121402084946954,2.4296787693874733,5236
3602,10,0.5550414531527773,0.20999627077188313,-2.72553557374108,2.1792987692394727,5236
3616,10,0.5558188185414522,0.130704516188611,-0.28633502855106474,1.4016002690384515,5236
3680,10,0.5595203577902592,0.08666127518087262,-2.6432536171871837,2.5377989538588404,5236
3717,10,0.562196365114212,0.13050521513595592,1.6195052963549383,2.374288640536866,5236
3775,10,0.5662590096568482,0.1572965101105623,-0.8488652418930278,2.711620607929412,5236
3822,10,0.5700916726868731,0.054308636418557994,2.105693040049001,2.267775721139456,5236
3878,10,0.5736690076821742,0.11451230844647096,2.1350841617497722,0.5380060159621771,5236
3895,10,0.5749706181960057,0.12586453144626683,-1.786680785297437,2.304100334909789,5236
3958,10,0.5804432061028167,0.10469501788452404,1.1302751263130173,0.6484056128399271,5236
3960,10,0.580558203463364,0.12765720880744055,0.09012010761113774,2.3089773495894708,5236
4006,10,0.5849472892383473,0.18538380040156804,0.4791618225444299,0.5070370030158179,5236
3801,11,0.5686339269948248,0.12161284607636857,2.867121281496503,2.800048192711338,5236
4124,11,0.5956754971048369,0.1849991018886494,-2.714066059597754,2.0273116535253117,5236
4250,11,0.6081670072323033,0.10987662755166301,-0.3953785303333829,1.4875654659441095,5236
4264,11,0.6093999874196124,0.15604856640069475,-0.6892043193449499,2.513133014366737,5236
4405,11,0.6226516158263347,0.18707257511835407,0.231622237315511,0.38223280678146654,5236
4418,11,0.6242568390512394,0.10744293159132623,-1.114711235325918,2.918735966281533,5236
4446,11,0.6276361612380746,0.12011533554100877,0.3607770091522886,2.3147069962374487,5236
4523,11,0.6361898235312121,0.17087462336275297,-0.8617219360103139,2.3810969615800364,5236
4534,11,0.6379882881140219,0.08996612146305663,-1.5970194224992493,2.126046150886397,5236
4538,11,0.6387591298736951,0.06301801266221371,1.652846285759088,0.47312567846163756,5236
4611,11,0.6483501391074221,0.088402594690383,1.279541600921679,0.8880455215203142,5236
4664,11,0.6568778092163007,0.06683244109268074,0.7104137857578564,2.399560885996212,5236
4355,12,0.6179490388502518,0.18331858693913108,-2.8412422562469923,2.014770811375612,5236
4469,12,0.6299049303902183,0.14451659335296674,-2.3970835864081836,2.7482940352871728,5236
4667,12,0.65742889098994,0.06155272906273345,-0.7845084540661957,2.725601219740236,5236
4675,12,0.6580773020271876,0.09645098812200126,0.9019454273933093,2.842940541922291,5236
4723,12,0.6654453275476013,0.13226141468181898,-1.0258756945585727,2.844741733569415,5236
4732,12,0.6669401356653992,0.06556012485968207,-0.26423650590917064,1.1706891276506837,5236
4746,12,0.6695052747058666,0.1320247436273611,-0.4647249057563327,1.3138896805843114,5236
4764,12,0.6731931452777646,0.1575368524221191,-0.6170632676937117,1.3856079341442755,5236
4815,12,0.682081460260919,0.04595749216744054,0.744168660206429,2.2558652892934186,5236
4819,12,0.682305246715355,0.10865060659176888,-0.7179632163225012,1.5628038226632783,5236
4831,12,0.6844791511144062,0.09513189004098835,-0.33762969390873354,1.7260282924105077,5236
4842,12,0.6870419736617598,0.11484934465955443,-0.4462273520501263,1.5243796005964625,5236
4843,12,0.6873568154567459,0.09307309875009753,-2.036426886602832,1.8370771761215752,5236
4863,12,0.6912658389443525,0.07398995242971286,0.8832560262743065,0.9417170563687856,5236
4864,12,0.6912690957779043,0.05472264023590264,0.7064431085111733,1.1188986460248813,5236
4867,12,0.691661217293227,0.13228202106111128,-0.5748708502937919,2.4603983018070075,5236
4884,12,0.6952427700145015,0.10849534222557054,0.21169170992608816,2.1411305064105304,5236
4922,12,0.7034976883184105,0.14811995011223547,-0.30569033101059456,0.5342365916014955,5236
4968,12,0.7158387368920964,0.12769275692673743,-0.553024800797326,1.8808925199525963,5236
4909,13,0.7010695232526678,0.1529190098772264,-2.6219337344786187,2.3961903777515654,5236
4951,13,0.712224049248304,0.09851749635842735,-2.032643473498984,2.2576351968128407,5236
4962,13,0.7149072448842768,0.05949879832651544,-1.9444043250493506,2.539102317826053,5236
5005,13,0.7256242670051806,0.08107426768068642,-1.9552591243088908,1.7019091927954553,5236
5032,13,0.7338216811122973,0.02632679000959488,1.4666318878438298,1.8038223645126328,5236
5036,13,0.7345340164311926,0.1439693938547132,-0.3714513016200562,0.606644923874539,5236
5051,13,0.7372472446140953,0.12088327794412876,-0.8222375071082328,1.5098635579286297,5236
5078,13,0.7484277332102252,0.0862952189992801,-0.18805122972638463,2.4414112900218816,5236
5121,13,0.7672682278072456,0.1150929012356138,0.3209954398119499,1.0119680336365955,5236
5128,13,0.7727127025616211,0.08671791660958963,-0.4048391085454501,1.1954511081343018,5236
5173,13,0.8011998104062286,0.07379771278687769,0.03313702335939082,1.7471072221245063,5236
5094,14,0.7561926712123876,0.08812346056799573,-1.4475568399742815,2.349704615660815,5236
5111,14,0.7623586171415808,0.10863841804133897,-2.731068533964763,2.183608896373305,5236
5150,14,0.7801850168940978,0.12434946908161823,0.1543420258911191,0.4669191763986189,5236
5220,14,0.851622783048474,0.05262512205517901,0.3737375889517444,1.1476991255291904,5236
5171,15,0.7994523467539814,0.09594242755581517,-1.304471288519927,2.032893708701002,5236
5180,15,0.8099479526177041,0.057307347378468335,-1.1897432516756685,2.1101449500335905,5236
5214,15,0.8464400078332454,0.09383498012873898,0.23851287585236763,0.536198867902888,5236
5216,15,0.8475442939463386,0.045400919724780046,2.597937586499055,2.21789184689823,5236
5232,15,0.8896074797337429,0.07366843093654753,0.814907162037404,0.9793575099536517,5236
5235,16,0.9375505052587859,0.03758583047926358,0.2163827704950136,1.2260871633752748,5236
5236,17,0.9513997550306497,0.042889836634101244,0.03651909243502315,1.358711889257649,5236
5237,18,1.0,0.0,0,0,5236
0,0,0.0,0.0,0,0,5236
1,1,0.07401328267031715,0.06027609927860531,1.7337584055569504,1.3019774656408578,5236
2,1,0.08246023528257018,0.03173410642891523,0.9911954539455586,1.3925604657293353,5236
3,1,0.08512584431783699,0.07797412265108718,1.6690557973557927,1.900086207394091,5236
4,1,0.08827050187709051,0.041877255892635495,1.946933888091395,1.2481202995068725,5236
7,1,0.11199981562733097,0.05017536030184805,0.027311980029149217,0.7147098351736105,5236
10,2,0.1291325793755691,0.0509030311175086,0.13525584204214366,0.6659828747299251,5236
11,2,0.12954621522582577,0.053472348677009604,1.3968633540775843,2.242350706871195,5236
12,2,0.13100397656294538,0.07268183586609923,2.224414291896864,1.288861791503079,5236
14,2,0.13328516688013725,0.07649034465169506,2.4346459310670885,1.4729197646626868,5236
39,3,0.16621867276922442,0.06503919529336322,1.1779925932289699,2.0628413629485087,5236
57,3,0.18366219595477684,0.0854002175081326,2.324648813071911,1.8496252813606264,5236
58,3,0.18456564586794644,0.0755292494640212,2.0918147415003627,1.782809096060654,5236
73,3,0.1986088406850065,0.11145670682483225,0.15253951968005397,1.0594466864348124,5236
117,4,0.22309440977848427,0.053849951625394424,1.455286488053556,1.304618433349606,5236
132,4,0.22993628472263639,0.09956284229554732,1.628533074893611,2.128079553424184,5236
137,4,0.23395285289312573,0.0539287490177569,0.9834595125706324,2.6472047337068467,5236
139,4,0.2342048798097044,0.07911208401231597,2.030197444697763,2.240992108734233,5236
142,4,0.2353058976762864,0.09133101815308065,0.33446576288388424,1.2160767898548326,5236
202,5,0.2579997912705301,0.11234095348490111,0.32460655347344936,1.188635663811053,5236
300,5,0.2858447119084021,0.0867044921925165,2.255599044072334,2.270566913990937,5236
343,5,0.2990593969367359,0.14980968181432758,1.7024665400615058,2.3559671348246964,5236
410,5,0.31285759542157876,0.09873604322991979,1.6625413066161767,1.9019589127451813,5236
438,5,0.31748797509953997,0.09572406642530752,2.914563689870054,2.722105897363916,5236
455,5,0.3213937163311301,0.1482360714338522,1.1064060428046885,2.2211367879440003,5236
347,6,0.30002742652018033,0.10508938881156221,0.46008970989529435,1.3293727271345255,5236
609,6,0.3462813244096916,0.08522432082839367,0.5806588323968234,0.7883334494957533,5236
659,6,0.3544722483848094,0.047627364165321685,2.9561697561705977,2.5838779572977755,5236
787,6,0.36914796377289283,0.12119311419985855,1.231079990552845,2.4608297119864897,5236
821,6,0.3726375835614436,0.1535417264206393,2.2228125350569408,2.3791009677716173,5236
968,6,0.3881041354003504,0.09817169293865481,1.8383178397134876,2.640011474501431,5236
612,7,0.34640717993793213,0.08820575056106796,0.2767624347097753,1.6729771425892737,5236
878,7,0.3798754690549395,0.09019500058844639,0.38826120556219673,1.039100434725667,5236
998,7,0.39103666256399006,0.039663848287010424,3.0325547734910687,1.9802670322313456,5236
1638,7,0.4423378382620077,0.13374966480983147,2.226432400471921,2.632137578560483,5236
995,8,0.39069473161640267,0.12204158542719858,0.3062238720490162,1.8840218774225894,5236
1166,8,0.4050771437436219,0.1303967411613065,0.5950240845712723,1.8797429546173958,5236
1192,8,0.40772459391928373,0.1081696964612278,0.40998690349224515,1.811862020488405,5236
1320,8,0.4202436173395304,0.03585146723124425,2.4170708667694103,2.311760626004025,5236
1431,8,0.4292324906328754,0.054490738450395856,0.5733545446701707,1.605415664169982,5236
1619,8,0.44121066499933026,0.09873419233845246,0.08205797759811301,1.0221494870354446,5236
2478,8,0.49131468463629224,0.09950611173373017,-2.372735638614733,2.7267375299117984,5236
2822,8,0.5068848969993233,0.17255454291914582,2.6846162751279903,2.936395444646947,5236
1903,9,0.459366923664953,0.15397812721699877,0.5758753545182684,1.9263528380208632,5236
1934,9,0.4618613409850766,0.09727272463788901,0.5053843893546421,1.8099377036196176,5236
1978,9,0.4641589827511482,0.08556539504726876,0.5308581662435911,1.5058488720992862,5236
2220,9,0.4774032009249265,0.03590125047764665,2.629176149006803,2.2568659917432234,5236
2268,9,0.47964760498893877,0.13691411136685122,0.3649518190440884,1.3433928530290458,5236
2391,9,0.4868861199721516,0.06265450931554069,1.9720369502102721,1.6499796584481476,5236
2421,9,0.4880322102134619,0.0510508641855556,-0.16304840348554536,2.5933587290598887,5236
2422,9,0.48807057428808076,0.0641413679994057,-2.9677577792169,1.5907465172628525,5236
2509,9,0.4928116433307037,0.11077066903429818,-0.08042425787147321,1.1277880962859979,5236
2598,9,0.49684642314877014,0.05170518738442261,1.5912726119082645,2.1734335800145246,5236
2642,9,0.49873618525143115,0.010612884335062332,-1.6100653478497575,2.12759781922142,5236
2696,9,0.5009864132156917,0.046514742153443624,0.7341701237694437,1.9650592359626868,5236
2722,9,0.5018302374763863,0.04133804679462293,-3.127319167550142,1.283772470905759,5236
3274,9,0.5314269196325826,0.12479120274670158,-2.241857469198869,2.573465873678867,5236
3541,9,0.5472753215201385,0.18158273769176128,2.4573200066504732,2.987230440239563,5236
3111,10,0.5219550883929684,0.07577145660348485,-0.048205897877537957,1.239220541329252,5236
3227,10,0.5284042664322562,0.12401421920373812,0.23031984643044864,1.1541280681053139,5236
3299,10,0.5329089430235444,0.1705028749498691,0.9465624095793208,1.9132543220688532,5236
3407,10,0.5388358328519394,0.16255851333395727,0.27946244859232244,1.9951148359708633,5236
3489,10,0.544124766347194,0.06002976468413772,1.1681090918605201,1.7294107522135447,5236
3553,10,0.5479379030520358,0.11019861014656326,3.060051821603502,1.3843574143120092,5236
3558,10,0.548197572747315,0.10400114547432529,0.2518680219640599,1.313367836413951,5236
3598,10,0.5515739433195557,0.08095532135242914,2.8787875014873294,1.4469580273579,5236
4233,10,0.6041983696758183,0.17813989119002058,-2.9981344501235867,2.84904464141352,5236
4283,10,0.6106416404053471,0.09385472497688611,-2.818855282940452,2.8930967549009803,5236
3934,11,0.5768399287477471,0.1654869296318828,0.3193088789354398,2.0379296863019,5236
3976,11,0.5800143674890264,0.18496369583913339,0.8195210177976897,2.058051610162461,5236
3978,11,0.5801011800515937,0.1432068514754196,0.613598586759362,1.0702868618384775,5236
4115,11,0.5921074815794471,0.11907889929265303,0.407066094438985,1.4292678557071705,5236
4124,11,0.5930785874170763,0.0608593752811535,-0.5642287745064081,0.5826447675218883,5236
4185,11,0.5987828953477369,0.09680396748650101,0.46607925427946884,1.8426002043994656,5236
4190,11,0.5990047149055859,0.017524148228822797,0.703875355644362,1.66483116556721,5236
4266,11,0.6085998251387806,0.18042629147497857,0.5958218211503297,2.2903253269715975,5236
4355,11,0.6175144743646459,0.10683695217950671,0.07142999555399888,1.2191304586856309,5236
4362,11,0.6181517153307853,0.20351124920234304,0.21702768654163057,2.327917073384887,5236
4375,11,0.6194135720631857,0.09383580056046859,-2.8221652904900543,1.4805948700737543,5236
4485,11,0.6319115233217025,0.16815097938605023,0.5477805784387527,2.5252236884350907,5236
4535,11,0.6363858155793858,0.17378619724450634,-2.6690903756434627,2.849931972583822,5236
4748,11,0.66861540594197,0.13090307270408041,-2.509462943684724,2.6568723540714836,5236
4406,12,0.6229121538413699,0.12085135151894866,0.9212243292325646,1.0120017683207208,5236
4424,12,0.624836488881347,0.06280610148242183,-1.2902637405182622,0.41452501224669674,5236
4488,12,0.632167038582545,0.10970000608662163,0.15547195323605584,1.2373267719790295,5236
4661,12,0.654276133717176,0.21271665082873512,0.6403170116008714,1.8033064209482517,5236
4664,12,0.6547582441464164,0.1331802360716501,0.577417039696042,1.7928408059406278,5236
4721,12,0.6631551862551317,0.05786651453447278,2.1123084096909293,2.528659995127998,5236
4776,12,0.6722446257260223,0.11189218286922967,-2.909758676472675,1.5818406583499978,5236
4780,12,0.6727315545285281,0.09986078377180639,0.2738003701133889,2.0408184962013345,5236
4783,12,0.6729941403149051,0.13201670567508575,1.307224070789295,2.116065751929644,5236
4819,12,0.67896809308617,0.08634809809460771,0.7134871530410771,1.8608183766597621,5236
4822,12,0.6794880327192167,0.17426708739089852,0.39137703027911513,2.4987236312685424,5236
4823,12,0.6795307086113522,0.07300308476333182,0.6929217290740488,1.7592776907202385,5236
4835,12,0.6826530591721092,0.07518282891178459,2.6449258856013067,2.27841031834543,5236
4851,12,0.6845552384681266,0.15562151953297582,-1.8031593620688338,2.948257245359541,5236
4890,12,0.6918946933932949,0.01864449676730776,-0.400174157543449,1.981695803656773,5236
4929,12,0.700201353384909,0.09946392050792797,1.1382161886776376,2.660619748638519,5236
4938,12,0.7026235889434425,0.09849008300055627,-2.719273611542066,2.323339599186414,5236
4949,12,0.7045821234882768,0.15230541934098235,-2.4877736583493624,2.6683808328563847,5236
4956,12,0.7061382470198394,0.06787293807175558,0.4538829997126092,2.3890962803401967,5236
4856,13,0.6850588176468309,0.09414259629314387,0.3160226388046786,1.5332842453564632,5236
4867,13,0.6869384834264848,0.19431615510786085,0.5809626663020977,1.8530711616264335,5236
4900,13,0.6943821230793455,0.12025945067240729,0.1176117841665725,1.0548532796417909,5236
4948,13,0.7044573033989835,0.11743504728087938,0.4099690972642054,1.2179289059379466,5236
5009,13,0.7201753840307085,0.14175476049558974,0.1707987374922671,2.4775445270625145,5236
5012,13,0.7218191377046168,0.1110924784477424,-1.0938066756740716,0.3392610643664841,5236
5022,13,0.7255783344715336,0.10618345680061075,-0.359286075763251,1.600993604280973,5236
5023,13,0.7258192776671596,0.09969920415171953,1.182576597894268,1.5199401498224079,5236
5024,13,0.725836264666773,0.09856912772092057,2.490557112363598,2.2644071878436876,5236
5037,13,0.728811422748318,0.04570348921805714,2.3839641230760686,1.2997808564454139,5236
5046,13,0.7323699347406083,0.10465338771512905,-1.3362857375697037,0.7382355373436578,5236
5052,13,0.7341706010261724,0.12142151763293717,2.519279203978813,2.415976941620638,5236
5068,13,0.7400047192441812,0.14376327975373163,1.5513267419549674,1.879998744194161,5236
5071,13,0.7408332972609039,0.07102069846630264,-1.0720960004677875,1.8167416411124873,5236
5087,13,0.749280916153847,0.05605203971672837,0.9981804213403732,2.0924621435442554,5236
5159,13,0.7908080762086896,0.07741977727074471,-2.3176147961600675,2.794434113525152,5236
5077,14,0.7449948654351882,0.1208327944489897,0.2298860944098765,1.2410521003193322,5236
5089,14,0.7493460298787177,0.10496264555162091,0.9986480014959299,1.4362170170080228,5236
5100,14,0.7556204927111725,0.11740974075938398,0.8302292934127626,1.546501984877929,5236
5104,14,0.756752155948652,0.11344043856327939,-0.5541114924697451,0.2924973094257104,5236
5108,14,0.7579630908599575,0.11249829799370582,0.25891737215138005,1.674571682794075,5236
5111,14,0.7590409418962053,0.0918622918696309,0.20392719864012043,1.3797802345140255,5236
5119,14,0.7635272612976318,0.1478890732365296,0.3880693540307695,2.0008893142453843,5236
5125,14,0.768257054033857,0.10054915585009702,2.369913378527019,2.2610277699621704,5236
5132,14,0.7742984890700463,0.12168582082163429,0.517275833205053,2.6839685959815527,5236
5153,14,0.7886135308219222,0.06834572077388389,-0.7267719449214289,1.6187324971235566,5236
5160,14,0.7911443089258038,0.07804880863404258,-1.8723419609732743,0.6338193304193547,5236
5178,14,0.8043717528925213,0.09904959331596597,1.3268954615648265,1.9529967182687653,5236
5208,14,0.841750681308122,0.07362263878274206,-1.6918856861561988,2.465472396788829,5236
5189,15,0.8164905388378345,0.14716260621135857,0.26425820693635155,2.0370668258439344,5236
5195,15,0.8244480428802696,0.12560435546507,-0.17138125136349858,1.34494857088493,5236
5196,15,0.8246442026158273,0.1545484798429947,0.11841629427864872,1.7712134674779718,5236
5197,15,0.8251052121251836,0.08606867095858865,-1.875701197524323,0.6570523101361629,5236
5198,15,0.8251103471239327,0.047803220756714074,-0.41412941408499715,0.867475047366413,5236
5206,15,0.8336354556622035,0.08214380028035709,-0.8549956017285597,2.1479819993268734,5236
5209,15,0.8432297295121128,0.11470499331554677,2.924254525211494,2.8817535340992584,5236
5213,15,0.8489476528470224,0.0629732389392658,1.3180272346757662,1.980347396627728,5236
5220,15,0.8577993782491958,0.031443003950991595,-2.2961089660493292,0.4942342276110438,5236
5228,15,0.8736692099887278,0.08712549166343593,-1.4609881857287497,2.474989550304269,5236
5221,16,0.8584293512485116,0.13855560195312616,0.04279722444485224,1.945107276731293,5236
5225,16,0.8662055469033637,0.11474367645631846,0.1648134278720704,2.2367102997186015,5236
5229,16,0.873918065332151,0.1106162687850096,-0.5382658021682938,1.2022398882314205,5236
5232,16,0.8875680863440721,0.1112585888586693,3.0673792229382975,3.1208570196093355,5236
5233,16,0.8930475726141264,0.023727152577525883,-1.058144187368832,0.8161326836229565,5236
5234,16,0.8996369655972262,0.09173503354748931,-1.276671575205745,2.4081764375075556,5236
5235,16,0.9002419259839212,0.04361389442921158,2.1871679681849208,0.8521267432468703,5236
5236,16,0.9174502210201404,0.07526020813271123,1.3169797286815286,2.904474604474798,5236
5237,17,1.0,0.0,0,0,5236
0,0,0.0,0.0,0,0,5236
1,1,0.03778378451100228,0.008379751664891114,-1.617323324750555,1.3430144314238117,5236
18,2,0.14920121016891397,0.11062631386728357,-2.99021890872504,1.0636240132413062,5236
33,3,0.17140985546590193,0.123751140081401,-2.99361104699063,1.1413563375525413,5236
55,3,0.19127456000557785,0.07396240841453677,-3.053374464184836,1.140886134071222,5236
163,4,0.2550435964890665,0.06282342660729257,2.9080549005609946,0.8925060242216463,5236
315,5,0.2992752650230892,0.08192703120797054,2.4201488174234824,0.7894054238873992,5236
368,6,0.3094415782429404,0.09129966734071512,2.4473479636394315,0.7510460591327381,5236
616,7,0.3523137834984621,0.0982149503235961,2.6004673735178185,0.7254696629966679,5236
788,7,0.3725544463726961,0.05375408692387286,1.776666162724233,1.1706882028347485,5236
1337,8,0.422940791237723,0.07109749741738902,1.3830908752474167,1.2611746168887925,5236
1452,8,0.4322785156181451,0.13891122467520273,-3.081701120361875,0.9097235642165246,5236
1832,9,0.4581451171450024,0.05128708218879021,1.2818721924093417,1.30664187872651,5236
2006,9,0.4675319630085031,0.0956173854920393,0.9753910745168717,1.0091790761030117,5236
2401,9,0.48802120265317606,0.14795542140487908,3.0217166150247956,0.5450055942673773,5236
2540,10,0.49508421487413334,0.03831947684362774,1.2864848145407322,1.5219722738425951,5236
3027,10,0.51825838816681,0.08333547959345368,1.5120689618647343,1.8150953694513592,5236
3035,10,0.5187609241196807,0.04085476009510332,0.0168801529212614,1.2468491069820469,5236
3177,10,0.5260450292741364,0.1644863355158512,3.0680445260372333,0.7545894636744129,5236
3586,10,0.5529016221462405,0.1331462001327762,-2.686963775112232,0.5360162594130337,5236
3754,10,0.5645195970785397,0.06136154135316629,-0.7891490681155787,0.5923671748320729,5236
4004,10,0.5833034408760691,0.16123510913409686,-2.682099848545411,0.7475372585089612,5236
3568,11,0.5519765408306434,0.0755580380010074,1.3984045553173703,2.2753902015329572,5236
3826,11,0.5698427842139203,0.09536872389223476,1.3279959600135696,1.8880210053331858,5236
3917,11,0.5760558610921304,0.1031392291424073,0.8352286077056802,2.045876372790675,5236
4191,11,0.6009587306654054,0.06445755977987787,-1.7919963615040202,1.4335935217686542,5236
4198,11,0.6022388133896985,0.049653093556057876,-1.40239619615944,1.0774319715745306,5236
4199,11,0.6024142650703789,0.18132774879709612,-2.6639682883308735,0.495421253711507,5236
4265,11,0.60735691772611,0.137135040335641,-2.083744804807313,0.6959799648559493,5236
4365,11,0.6185389855290018,0.08186883360235526,-2.586402315959384,1.0860515625369438,5236
4440,11,0.6280884995833439,0.15253160324109657,-2.4240909253558818,0.5843969097948409,5236
4465,11,0.6315007325109127,0.16212101378084473,-2.445443206819463,0.7480232944317659,5236
4338,12,0.6149676979897195,0.08314686712760339,0.9795464964293147,2.4158103331567724,5236
4505,12,0.6370527843535015,0.10692948183976762,1.8920292844799436,2.219343855168999,5236
4535,12,0.6403332460493676,0.05454900527619103,1.2732011734334843,2.4326692630544433,5236
4606,12,0.6515243648241723,0.04480942280705576,-1.8346079216862752,2.232584716914826,5236
4633,12,0.6541031693289351,0.08830388348080162,-2.2034762087504154,1.0975456890092787,5236
4644,12,0.6561181980882389,0.08723558292070308,-1.5314564882083326,1.4411329366444714,5236
4838,12,0.685877352283802,0.1587296566352801,-2.2035067618977164,0.6889615891469325,5236
4722,13,0.6659406555428292,0.06475554398069487,1.760571916921141,2.285388326725804,5236
4729,13,0.6669561796594742,0.12099063885266914,1.7398299731016238,2.145482675683399,5236
4840,13,0.686013693655566,0.07139573873751373,0.7080408202147818,2.807403090835223,5236
4879,13,0.6950632146837805,0.05845002162457836,-2.235166023861758,1.6813201412992043,5236
4950,13,0.7108455992202813,0.15200227316119128,-2.2528153868344134,0.7748687055521756,5236
4951,13,0.711016922387168,0.06551759900443983,-2.7918010729496063,0.9150497576922176,5236
4973,13,0.7175820383221481,0.047941210927298895,3.057182230317542,1.9725438369881534,5236
5047,13,0.7390110736007127,0.10728000853898415,-2.159460740802402,0.9967655639761525,5236
5039,14,0.7379168680034143,0.09525925363791793,0.5810060236884346,2.8407658102955913,5236
5068,14,0.7482750855055875,0.06438863200466309,2.4587334952781523,1.63152081286023,5236
5106,14,0.7648323844253687,0.04441766824033011,2.429498780893894,2.2085436410507775,5236
5113,14,0.7660238351676987,0.10526828753684642,-2.4305065500723355,1.014934773964577,5236
5146,14,0.7873949825116906,0.12414799675469548,-2.3061858444638146,0.8590768507431502,5236
5114,15,0.7665745553367742,0.11736837554250278,0.4982610342923899,2.854555574801319,5236
5182,15,0.8143458539041292,0.045159508883880595,2.3080245177397347,1.6968451700294873,5236
5195,15,0.8275354903850285,0.08942040982955478,-2.1409173618394357,0.8967985953324108,5236
5193,16,0.826348235091108,0.1439592034902849,-0.04455181217823599,2.5447123448822095,5236
5211,16,0.8526040500489119,0.04618039039695558,2.9771894605783364,2.2372585951343726,5236
5226,16,0.875406140354252,0.05568922335342609,-1.7897895272167101,1.2591605161053758,5236
5230,17,0.881913268826927,0.10638429003094617,-0.23077903632835373,2.3670261413014573,5236
5234,17,0.9228643217908731,0.022583918647385286,-0.49550637106746037,0.5545766272613231,5236
5235,17,0.9280438520871446,0.002367271508058881,-0.1498463304886822,1.713855971967865,5236
5236,17,0.9297692599326296,0.06344996143875933,-2.1804769926331464,1.0139054903899987,5236
5237,18,1.0,0.0,0,0,5236
0,0,0.0,0.0,0,0,5236
1,1,0.04707132157405125,0.030047711600568714,-1.4510140104085902,1.7371011786650514,5236
2,1,0.09115403065436356,0.06683585275497345,2.64640060006193,1.9480047329388879,5236
3,2,0.09169561935919524,0.0526728619538859,-1.6757381642214286,2.181192853011545,5236
5,2,0.09661199075132598,0.06288313475218846,-1.310368505016178,0.9384831233424575,5236
17,2,0.14580147329624327,0.059162225766127736,2.4073173177717755,1.84105480648343,5236
19,2,0.15252447207023634,0.07273914814575673,1.8034293700935646,1.1385092752299784,5236
58,3,0.20487933734791342,0.04257397445133683,2.026183675993242,1.4133605608163162,5236
180,4,0.25666315524890493,0.05800878910170808,2.0207307583320704,0.5902567667594296,5236
336,5,0.3040887197227664,0.07111904150984355,2.2162296049510237,0.4628323679714718,5236
749,6,0.3646602349359511,0.11433287694499676,2.2224575353576066,0.14785209880287467,5236
1258,7,0.4142524357713152,0.13348818386348113,-2.5729841781256813,0.12457407031944931,5236
1748,8,0.45053077770517846,0.13879998234938004,-0.45634277935498463,0.17317644034865443,5236
1772,8,0.4519370656605519,0.15906002274200132,1.7891182346352519,0.08986974003866448,5236
2082,9,0.4721143512991389,0.15856901100826495,1.210967878303489,0.07592434433349485,5236
3060,9,0.5237469247901899,0.16319162348722063,0.15823204661009446,0.5484373876056413,5236
2737,10,0.5060686339617142,0.14662723166454816,1.6875499837671664,0.15287671548719525,5236
3450,10,0.5466196862275824,0.14796332657496614,-0.12974106274025463,0.48662334134960916,5236
3526,10,0.5514931627919621,0.1962885956975506,-0.1567029364122138,0.15551572407569797,5236
3601,10,0.5567548808826537,0.15911114543815427,-0.1571549160399162,0.6208867352370361,5236
3825,10,0.5733488580081789,0.1804547094797202,-0.05978855718388516,0.46124476792320146,5236
4000,11,0.584770659727663,0.16820407819427202,-3.0793073685802854,0.1528070972931565,5236
4133,11,0.5966287073293132,0.17015199433583794,-0.062457375449464864,0.267051880344462,5236
4301,11,0.6144756252704996,0.12070005486418425,-2.3056123536333684,0.38077138463224713,5236
4333,11,0.6184137996720177,0.1700903064762098,2.6289539378205604,0.5794959160534299,5236
4432,11,0.6278080073821845,0.12947232832689204,0.019993333778444377,0.45794177580704243,5236
4619,12,0.6508911267909204,0.17237760225587287,2.4858517036758947,0.44813923453592047,5236
4742,12,0.6706270951273315,0.13397985936627402,-0.3707387433853273,0.50497617283457,5236
4840,12,0.689868396741385,0.09285718301323748,-1.5387956527949747,0.6824535122707039,5236
4863,12,0.6956784373719463,0.14157778749335367,2.975766006696574,0.5566646775901728,5236
4993,13,0.726309213653068,0.15879731252717527,2.9306469100476455,0.47666044704859023,5236
5037,13,0.741006569727449,0.08987835837325978,-1.2128625505141983,0.5955700859551999,5236
5034,14,0.740363489873134,0.15635422347880237,2.859348033921645,0.4472700956067729,5236
5111,14,0.768709121526907,0.10523074127357801,-1.4190536054789054,0.4325496800266132,5236
5199,15,0.8321187387017667,0.11967094789776753,1.683566745287155,0.39974584839205574,5236
5201,15,0.8327896632190611,0.12870617782131738,2.649960732140812,1.0621569337617767,5236
5210,15,0.8427790023387295,0.10682221634066105,-3.0241204132476964,1.0374651298850757,5236
5225,15,0.866962276650177,0.029315024013151274,-2.4667089756083533,1.3358427952505159,5236
5227,16,0.8708780551565298,0.10038329787567236,1.1696478949032194,0.441265020887887,5236
5228,16,0.8752068742758488,0.12458009466280329,2.821118422382041,0.8608633567505901,5236
5234,16,0.9109809774646178,0.018666538496906516,-0.7272001912115575,2.085373515730732,5236
5235,16,0.930715219105997,0.05885136703653061,2.708133231510237,1.5024528994727504,5236
5236,16,0.9379857406942609,0.06004052648089657,-2.211204121593751,1.8114803308276501,5236
5237,17,1.0,0.0,0,0,5236
0,0,0.0,0.0,0,0,5236
2,1,0.05957462817061654,0.03759462558230022,-3.1396679571682347,1.5005747716490125,5236
4,2,0.08348629869555868,0.045055808094809136,-2.836619537806364,1.8230208548137785,5236
11,3,0.1121405920822619,0.060529570269347126,-2.8793855088730647,1.7144904845553222,5236
31,3,0.15918236127111773,0.020954105063890293,-1.940181865418992,1.161954102742957,5236
37,3,0.1641798187959087,0.010964964950498054,1.8908354364173452,2.4862130122635873,5236
41,4,0.16960040556665745,0.08750734103562846,-3.0954055466574686,2.313855397682752,5236
43,4,0.17118917399126454,0.10382877698242322,-3.117516240851496,1.2978733174546573,5236
51,4,0.1834201971440853,0.11965060960115668,3.0168884586886744,1.983242704358057,5236
73,4,0.20031897442237445,0.025509606982688796,-3.068143627297846,1.975917413176525,5236
80,4,0.20520674450958254,0.05095239010395418,2.960249884809425,1.7037157735342168,5236
92,5,0.2123005164993902,0.08419466728006082,2.8143978704763004,1.2297313335261446,5236
225,5,0.2638829896226783,0.06373232439658297,-2.7368293184322035,1.8504873850994836,5236
274,6,0.28252254178412994,0.0619180712426293,-2.546980791645645,1.4188588763874148,5236
306,6,0.29075627927572456,0.06569023864152267,-2.620775145131559,2.122387344198116,5236
1000,7,0.3907429192594519,0.08484419118070251,-1.6504339068685583,1.8549315375497648,5236
1107,7,0.40190654951211435,0.088293127093817,-0.7313447989328572,2.64853914045458,5236
1624,8,0.43930930465108364,0.10799944738655794,-0.32327754650428464,2.4557510270675795,5236
1670,8,0.44208219302200824,0.08016119731972147,-1.2715083021255316,1.9964643012963195,5236
2465,9,0.48991638273429494,0.10569830397463005,-1.0674900531487836,2.288714929265427,5236
2663,9,0.4991250962228698,0.0878154275753726,-0.5406522253269135,2.3479713062538883,5236
3536,10,0.5486347142482162,0.07877690184622996,-0.8898782696734988,2.4933174683779784,5236
3882,11,0.5743664193293235,0.07429142137764301,-0.776929630503992,2.4242514629399077,5236
4568,12,0.6436673648338586,0.09233264063188812,-0.3770817445262237,1.9312492282491351,5236
4801,13,0.6779309514744415,0.07331846674468635,-0.16778483033781758,2.1302725194467844,5236
5061,14,0.7481602596512886,0.09075908415942943,-1.2176846164234323,2.456680334278518,5236
5137,15,0.7808493394821633,0.10627168834969321,-1.3832971728308696,2.4570997511984314,5236
5182,16,0.8078702723393685,0.09756038230141192,-1.4467815500946446,2.6189402121521077,5236
5216,17,0.8395718573934946,0.08084592845354414,-1.3044346325811997,2.392666969702123,5236
5235,18,0.9062050270875248,0.06344122652247565,-0.7114100482186552,2.120442166482701,5236
5236,19,0.9258499308914058,0.0470468724900883,-0.5431483044921877,2.200715879093466,5236
5237,20,1.0,0.0,0,0,5236
0,0,0.0,0.0,0,0,5236
1,1,0.0960249543236048,0.08522522096562173,0.7928773449349247,2.9204676310748057,5236
5,2,0.12386238162986352,0.09188592515115639,0.13681098510421438,2.8619201214526564,5236
36,3,0.17696364973605128,0.13763255248911635,-0.3666766553178838,2.909337846734038,5236
77,4,0.20838065389696458,0.1525070086021107,-0.17494594403348396,3.0319339239656133,5236
194,5,0.26045208050686897,0.12144839803326143,-3.128908595893813,2.997993813923931,5236
242,5,0.27516378146329645,0.17329825851715044,0.27722633363043087,2.6818352160884835,5236
340,5,0.2997917673944749,0.20117614395179959,2.0690113705466695,2.7977880754730906,5236
351,5,0.30251537893920966,0.20217651663378813,0.4376766258933731,2.714103975963962,5236
385,5,0.30916503478942214,0.17809803869993154,1.6418065314108516,2.863626123748973,5236
404,5,0.3128286792670907,0.09509291249976078,-0.9301160186051567,2.6260095842555513,5236
482,6,0.32848596774502625,0.14695500120887603,-2.4947359000961353,2.7792366335382876,5236
503,6,0.33127494307114236,0.15089946891076322,-2.7569502129524794,2.7362053566341786,5236
531,6,0.33590457078781943,0.19732970681332856,-0.3179095735155731,2.749067367513756,5236
589,6,0.3478758215616383,0.21392806170791612,0.9516787715867806,2.631726467479324,5236
677,6,0.3616659118890566,0.16924979619404015,-0.2616823153031371,2.430456717209724,5236
712,6,0.3666284990900113,0.05742900375934717,-0.5336122741832039,2.2104919490390165,5236
840,6,0.3820269564964407,0.2514554565083701,0.07402113297779032,2.362985160958379,5236
871,6,0.38452403696466,0.18991649567206748,0.36986007002816723,2.3814571002958016,5236
951,6,0.39270132486535436,0.1702679691956025,1.94891247471295,2.506132742043465,5236
1008,7,0.39727204423238605,0.20001037503950256,0.31337254038222334,2.8561359477325117,5236
1039,7,0.39922932391996546,0.11649360278116197,-2.470525537258729,3.0122931425826014,5236
1074,7,0.4014140175840968,0.23507514745275088,-0.15308501651946657,2.530011584620115,5236
1115,7,0.4047678846120839,0.14945944610047765,-0.17409825508533996,2.439686688677821,5236
1157,7,0.4083001173568689,0.24865818459491032,0.0972274137961536,2.4147447204669255,5236
1171,7,0.40899279596619953,0.16939380737941634,-0.44985572783346445,2.201204470196026,5236
1271,7,0.4188720144394841,0.12692302348958875,2.493556342143095,2.6508456679385004,5236
1336,7,0.4234765898331846,0.16682702696647414,2.0817352195433076,2.420147818505277,5236
1354,7,0.42495380161216256,0.17659584337494474,0.3563787822660394,2.760524910660417,5236
1386,7,0.426883054405057,0.11320795050764074,-0.6352351772112281,1.962855375531762,5236
1437,7,0.4317814559767953,0.1634055795127305,0.454767892467194,2.5394960156115673,5236
1503,8,0.4368447534574076,0.24053811911511583,-0.014219316235184295,2.4176478353082516,5236
1538,8,0.4393733190483491,0.14937187215337808,0.05323855910234946,2.4989383899592976,5236
1553,8,0.4406384631736818,0.11591513499396498,-2.9547205476679506,2.8681767711630344,5236
1567,8,0.4418327877516556,0.12652908583179065,-0.6161926653318199,1.9717050054797234,5236
1794,8,0.4560526233263277,0.131199853647013,-0.15554266825161253,2.762865429331606,5236
1830,8,0.4583892576401457,0.1179655601768643,-0.5544814152473144,2.53319391844356,5236
1954,8,0.4660836462027508,0.17187355326725623,-0.6097685674845057,2.063074040242196,5236
2028,8,0.4711045613743805,0.1377278989648026,2.1108563129476314,2.35751838334382,5236
2371,8,0.4894533596077074,0.1576971899236407,1.5763987878639472,2.5582624202378654,5236
2763,8,0.5094656021153452,0.1824405824949644,1.1831231281661096,2.7329200003396883,5236
2580,9,0.5000556217197297,0.23772163638222582,0.10916367859601962,2.426190233571864,5236
2774,9,0.5099534225815712,0.1595895458873123,0.2479117223760828,2.5745577927557597,5236
2831,9,0.512984983526339,0.13754005465279412,2.628053058129053,2.484277136858152,5236
3037,9,0.5235028247611438,0.10477886247320727,2.107251424575922,2.1660608238045347,5236
3280,9,0.5386499559506067,0.0768594840300779,-3.0224024559641625,2.792926114216818,5236
3286,9,0.5389902933835202,0.1445163084136381,-0.49928911385216146,1.485861642766466,5236
3636,9,0.5603590057933178,0.08222901813234153,-0.5255532469977321,1.636394453955354,5236
3720,9,0.5657832501260922,0.094986913265423,-0.893601078538061,1.6581776470803535,5236
3773,9,0.5693257668892887,0.1497202148001499,1.9655218729220831,2.8814063609981666,5236
3618,10,0.5593820726554858,0.23648003255098934,0.28437201540591345,2.3989912901397963,5236
3726,10,0.5663133731235661,0.2032882382282816,0.44077691101565775,2.424532513993264,5236
3891,10,0.5803266772976664,0.06510987385096155,-2.0862955536175196,2.4744660502801747,5236
3941,10,0.5853266725630945,0.1501749441558031,1.940939583419401,2.7986908510617887,5236
4210,10,0.6085934543004671,0.08089806597793968,2.352228077992624,2.421171472793825,5236
4232,10,0.6114391956404104,0.08544490996141421,-0.8009918558557652,1.4428187035173807,5236
4364,11,0.6242118062634757,0.04914562435103877,-3.037206796028669,2.769786328153901,5236
4454,11,0.6340974962207435,0.1773443795665933,-0.014988601605794578,2.324130478197827,5236
4513,11,0.6419180415153614,0.08829974921088529,-1.0640579505000418,1.623682168656777,5236
4593,11,0.6498972291099786,0.09628308151087976,1.8709382582774754,2.5761018698665143,5236
4594,11,0.6499140113518456,0.0782062121339076,1.899800638101563,2.644682629276018,5236
4647,11,0.6575855329012141,0.08148273620832241,-0.7134351039455321,1.6105843346408133,5236
4672,12,0.6612621235285899,0.1680406982981189,-0.11842800073077808,2.2459706010786,5236
4827,12,0.690221258472786,0.1008842020639508,2.2930097786668746,2.383478732336761,5236
4866,12,0.6983694042023447,0.08795764140511349,2.3458555327251913,2.3538598636298285,5236
4920,12,0.7090996224726932,0.10542214166005134,-0.8853759897276233,1.6206702547643201,5236
4933,12,0.7129740242067265,0.12105570027612242,-0.6122236930493956,2.798795776676702,5236
5020,13,0.7350900730884973,0.08548895772425626,2.4383739047792052,2.6773638717221675,5236
5035,13,0.7394830424300208,0.09017402389084646,2.8996629677399515,2.2971740210406533,5236
5063,13,0.7500745591844891,0.09724915935693464,2.517054705148565,2.0847258533032527,5236
5074,13,0.7530445404583794,0.14955176961913452,-0.46303555535559926,2.648470562732645,5236
5113,13,0.767362573260152,0.15099742498498786,-0.6888609625029231,2.1457025045803317,5236
5148,13,0.7933212603877636,0.06016164122314504,-0.4077884413927013,1.1197549075283397,5236
5105,14,0.7635588200561108,0.09716484579927662,2.9103757391025096,2.072345072782242,5236
5153,14,0.7973194521258862,0.07364958215582235,2.278416689956176,1.838426626739294,5236
5155,14,0.7976407316027797,0.13450784900068782,-0.026561640044158986,2.642160591149441,5236
5157,14,0.7989786365787647,0.0593306186749651,-2.971308369522956,2.7521303355971516,5236
5178,14,0.8099270818005708,0.13165162003476782,-0.8131308869548415,2.0851389096118615,5236
5197,14,0.8287048923783349,0.0594461207748466,-0.9115694262095431,0.7419464071279596,5236
5204,15,0.8358183087582913,0.10288263485472852,2.8307323891615663,1.3496084807370319,5236
5205,15,0.8359225123511739,0.10749622061612758,2.512636843000594,2.237530150256416,5236
5215,15,0.8555719120409583,0.08834621155966234,1.946898221870487,1.7020654083618312,5236
5220,15,0.8706731865051653,0.05839689262418423,-2.3814894312886827,2.0881047083431863,5236
5230,15,0.903869512254563,0.0396809571839868,-0.7362628693968396,2.2794865266644644,5236
5231,15,0.9075749247335526,0.026510418012871868,0.011422752851900468,2.289259527916334,5236
5228,16,0.9003439824110042,0.06348685529252555,2.712798851873887,1.6401148110415316,5236
5229,16,0.9016192012857289,0.08159920184817278,2.348679727035308,1.865636998639555,5236
5233,16,0.9190343032517946,0.06226434477742765,-2.1733291820297636,2.0070757080930672,5236
5234,16,0.928519588057532,0.05116767360722952,-2.9736922525882368,1.3663296131409104,5236
5235,16,0.9356717173501433,0.03977161518197853,-0.5443467253922756,2.2693228377097343,5236
5236,16,0.9420579939024474,0.055040098708889255,-1.7287677371152375,1.6998332557922495,5236
5237,17,1.0,0.0,0,0,5236
0,0,0.0,0.0,0,0,5236
1,1,0.08559777077130681,0.06592273531864264,0.6161547448413331,2.1690467801994364,5236
6,1,0.11821968888724177,0.11314041003539431,2.5275044772239212,1.7154721801605022,5236
30,2,0.16566567782797048,0.13609718985099017,2.3725839720892177,1.9557187656391932,5236
32,2,0.16750673932509197,0.09448547849658452,0.37919248344019785,2.60501910615581,5236
80,3,0.20767411650202638,0.13047532528129419,2.608333830124161,2.1443581998903074,5236
103,3,0.21909290774252643,0.09604254639431054,0.5630193266985158,2.3359812552883517,5236
110,3,0.22349041092602817,0.18437815069709068,2.2876423496804397,2.134422119972117,5236
202,4,0.26081100458691975,0.10512337340088267,0.9469077342972688,2.2882809353961777,5236
246,4,0.2771076530766785,0.1239525151278614,2.461114908021006,1.9816187765348778,5236
253,4,0.2779419903980187,0.162906333348475,2.5566330443160816,2.157407859582946,5236
265,4,0.28153891201108394,0.10405651107432373,2.15621972560269,2.4743717871135256,5236
392,4,0.3096242399102914,0.1651448507907282,2.6172865569093378,2.3754086298704657,5236
360,5,0.3039124335507437,0.15042454938051067,2.5094059820344334,2.067864257374011,5236
403,5,0.3126271272844644,0.0902768835240532,1.3233552599191933,2.3133347598650653,5236
783,5,0.3678654205763249,0.17024391766532226,2.332865248221909,2.504588606956785,5236
746,6,0.36321608696353613,0.10921395840332362,0.7862582010299356,2.2246986197482803,5236
818,6,0.37191677534811385,0.09958049715607074,2.1248348437017905,2.6852082795732444,5236
911,6,0.3821510530455272,0.12592222111163118,2.265822752940404,2.0139799808420777,5236
933,6,0.3846680859231604,0.08893451250947176,2.3468024675104826,2.373706438111907,5236
995,6,0.3919928103692806,0.10655988735200513,2.0447779567013993,1.7466211603775934,5236
1206,6,0.41277172979513344,0.18261881152080411,2.410064670049169,2.6021568978997425,5236
1196,7,0.41215104293396765,0.10875004885026696,0.9912384302388619,1.8822433196040855,5236
1502,7,0.43434313905321176,0.18129629811694756,2.559370007531144,2.6269461787926267,5236
1582,7,0.4400152796486305,0.1253267389850514,2.146247069240151,1.6638998439705128,5236
1622,7,0.44351159063591405,0.15051501070486528,2.0455690892808813,1.5910371880378689,5236
1814,7,0.4575966939229461,0.09627493715021412,2.2502177698652868,2.314352475910377,5236
1771,8,0.4544833031995432,0.10107889915333504,0.9964808233649644,1.6893426656508188,5236
2117,8,0.4740263268777126,0.12641046871070818,2.2151616201127053,1.772223370673059,5236
2324,8,0.4850424471435756,0.22917362063426894,2.6302939630185374,2.658411948746609,5236
2509,8,0.4938016616011027,0.10328057313342959,2.2847977898741187,2.1820272588411784,5236
2530,8,0.49462248603278713,0.14876885762118064,1.9459421564214159,1.9637412050214762,5236
2743,8,0.5045048320420458,0.17555091605293316,2.0058840108465277,1.8342107804048329,5236
3023,8,0.5181529336595718,0.14682629032121366,2.0907006223198668,2.5322669868704435,5236
2746,9,0.5046362301135849,0.07285949199104462,0.8274786357651625,1.2907442755511724,5236
3099,9,0.5224209906641266,0.12141298150497191,2.093680059346284,1.7358542440608091,5236
3439,9,0.542483548964508,0.22089089502055267,2.40977044760563,2.5231479514115955,5236
3503,9,0.5467341958206111,0.17442341319637752,2.0803883078048253,1.9786493305755826,5236
3590,9,0.5536877558789131,0.13355433188600654,2.1404855945677403,2.32467843342114,5236
3824,9,0.5711260419683439,0.16062280282824504,1.8478939371639316,1.860515217673901,5236
3879,9,0.5754521914123283,0.1575804261599222,2.4039889130241083,2.29172046520238,5236
3701,10,0.5615041299072767,0.09370879134046664,0.7585604758107886,1.8994040893085735,5236
3850,10,0.5731456874055757,0.15815459082365022,1.9921320551466786,1.791745595591754,5236
3986,10,0.5842989237623761,0.12289953011305291,1.8067119627418367,1.3270168318858404,5236
4270,10,0.6082883769562564,0.1114862406524616,0.5397909708464332,1.3121544458751293,5236
4282,10,0.6091675668518327,0.17226358021757293,2.036291272751596,2.648958435935257,5236
4296,10,0.6104637764600488,0.14294017871353223,1.7010999899412826,1.9969116302284944,5236
4301,10,0.6109879021991442,0.16659891983564376,2.3390705789007944,2.306901976094475,5236
4368,10,0.6180093069692472,0.11434282121303578,1.564253792875979,1.1431388394184612,5236
4180,11,0.6008842805031737,0.08324556637931312,0.8943977568038285,1.501041561652525,5236
4336,11,0.614518045045877,0.1503846323806903,2.071322112064704,1.9577904645071589,5236
4418,11,0.6242989120677244,0.1094014997841692,0.6455839691542052,1.3068160942749432,5236
4491,11,0.6329996725004353,0.13581740650801574,1.6259519234056146,1.9885573546113513,5236
4515,11,0.6356285982821599,0.1465658209780557,2.0270924047891876,2.684651218043915,5236
4539,11,0.6377087159986284,0.10928207709273499,0.4328150506463244,1.6446101789334941,5236
4540,11,0.637844012510638,0.17201568942680465,2.2948017810213805,2.204743731946426,5236
4727,11,0.6646652373414166,0.10387280362864519,1.809994087011015,1.4748665666252376,5236
4725,12,0.6643726290802793,0.16770713617065514,2.208724021368435,1.9148988279334727,5236
4803,12,0.6801263078079886,0.11381234102327943,1.629834073451798,1.6608518546463578,5236
4819,12,0.6839154764084896,0.15103039188035006,2.109746391296821,2.032671848884587,5236
4824,12,0.6845242314254949,0.12187804229104858,1.4552122351512506,2.312984284518967,5236
4842,12,0.6867204736580554,0.10620477513853889,0.7994287569447701,0.8349457459827598,5236
4853,12,0.6895998832061048,0.05537633552820547,1.4807353304442585,2.7022765968907136,5236
4883,12,0.6957995617380582,0.19089942637200472,1.995160210800526,2.2008040197743752,5236
4890,12,0.6972127903075523,0.17022239990171312,1.9144760231324318,2.2896466708363814,5236
4896,12,0.6988503387903042,0.0723577995474223,1.76311409557154,1.4459789399877294,5236
4931,12,0.7064947898809741,0.1602192876750048,1.7149606125213048,1.6147171264610993,5236
4939,12,0.7077039565059882,0.09977183634641812,1.6055536851526495,2.073762952418181,5236
4953,12,0.7111826247841104,0.08194885479355336,0.38943825148899697,1.675337869851052,5236
4982,12,0.7185818556845588,0.11361580652043188,1.7489229237381265,1.0370749449264112,5236
4985,12,0.7201217587034254,0.07794491595054055,2.449978664777501,2.5659803149807856,5236
5032,13,0.7332032161713593,0.08222155944317326,0.5876438846885449,0.8125454076892604,5236
5053,13,0.738401113702595,0.1559281071541619,1.7372760527016804,2.4997167782181573,5236
5065,13,0.7411879410765551,0.11620782157319678,2.0808395951502687,2.04058492920254,5236
5068,13,0.7420697236603043,0.0456672051418601,0.5564615520264637,1.9750094269270866,5236
5088,13,0.7489998322425536,0.12353993649357668,1.5798867464765882,1.5718321408837819,5236
5099,13,0.7522701157627947,0.13858674972295398,0.8046334132702789,0.5135250126681434,5236
5101,13,0.7532245576799209,0.11390478165271987,1.6285119777072985,1.236347645353041,5236
5103,13,0.7535171939378879,0.14985398726800248,1.6694365384677528,1.9092351951660143,5236
5110,13,0.7567433057262744,0.17104068861520913,1.6945752152041718,1.5397209419338633,5236
5114,13,0.7582207541078253,0.10100151717242639,2.7939354169149277,2.514935447087928,5236
5118,13,0.7604153626733129,0.14789240446266233,2.1496103710335115,2.048810155996129,5236
5119,13,0.7611655748148733,0.09790730325021632,1.641648978277479,1.5829007408117786,5236
5121,13,0.7622892670978897,0.13102095577261408,2.4866275714244037,1.8428433627834189,5236
5124,13,0.7634644431554768,0.0733540573787325,0.25903098200689606,1.7049094043098765,5236
5131,13,0.76671340643029,0.06335425109767172,1.513999107624363,2.7376564249986615,5236
5137,13,0.7702300857981833,0.07030869932860412,2.332792452955207,1.1082098213687708,5236
5144,13,0.7768615411962918,0.0960877244446348,-3.026304902105354,2.3182838673389417,5236
5147,13,0.7780875381472094,0.09548215187980434,2.7317083387602796,1.6787542319907154,5236
5158,13,0.7844492732823856,0.13331814184620475,1.5412563393269167,0.9259553768189751,5236
5162,14,0.788368368900936,0.1264410732538295,0.6169711745005911,0.5291400236503515,5236
5166,14,0.790900868762022,0.15712070104747516,1.634673861774589,2.3024993448118836,5236
5173,14,0.7962526212610892,0.12868388469553416,2.7961608468663646,2.5021491603482917,5236
5177,14,0.7995095546311495,0.11811534222922868,2.218719283464954,1.9288956513876152,5236
5182,14,0.8041965205761914,0.07471241220422171,0.2588329800585452,2.1254617771519,5236
5185,14,0.8054668226579217,0.11269724705355116,0.21229230956328593,0.6140611052608423,5236
5186,14,0.8064097190797738,0.06304113755112487,2.571991782820088,0.7641157315175483,5236
5189,14,0.8133840595582407,0.06915000737156353,0.8667770693277922,0.6842225542035837,5236
5207,14,0.832849251225576,0.0930695786334981,1.6636690148953397,2.2040676385714177,5236
5208,14,0.8337597048880402,0.0830247274510103,2.9071027121100546,1.94243675042488,5236
5219,14,0.8479686038140792,0.10696351233107625,2.271948001900383,2.900695885672463,5236
5224,14,0.8584102541043795,0.09596121154893926,1.3264381523045639,1.374916135570323,5236
5225,14,0.85922137526128,0.09007476871932184,1.6217120846962139,1.1705311095989601,5236
5221,15,0.8522046831870561,0.13554128391583378,0.16663392593848755,0.6835609180975282,5236
5222,15,0.8526151896169328,0.14418017987594828,2.130103686823763,1.6543711255014526,5236
5230,15,0.8866112763190036,0.08703045403132108,3.065525921924362,0.999933039303561,5236
5231,15,0.8885633328320565,0.09646773115685305,0.7593889513044944,0.2730460914351439,5236
5233,15,0.9236909579741217,0.036570908360596,1.1978375945935962,2.546611991605809,5236
5234,15,0.9243199931417868,0.07193436107563107,-1.280951192090406,1.9398269381231226,5236
5235,15,0.9294704990536476,0.03471544005216613,2.538243389004363,2.558542628737653,5236
5236,15,0.942945625468822,0.02785972403759154,0.4491882339630106,0.6500767629382274,5236
5237,16,1.0,0.0,0,0,5236
0,0,0.0,0.0,0,0,5236
1,1,0.042299450306646835,0.04089316551171889,1.4284724865497318,2.824197192116142,5236
2,2,0.06281244866952451,0.05293640702875389,0.7448746011321898,2.6598896613628593,5236
5,2,0.08375331977046596,0.019774866266298884,2.376527473027816,2.0522028675819666,5236
11,2,0.11579570293632702,0.07817197845479215,-2.912841823041814,2.735824525140288,5236
31,3,0.16091059267287655,0.07687526883669071,-1.1698157102502214,3.0192602468958016,5236
39,3,0.1690301662026349,0.1336682405404629,1.8503728778748971,2.217584073372849,5236
63,3,0.2047844172039116,0.14086244176989232,1.4444215622446785,2.636309325970948,5236
91,4,0.22649288615276386,0.059516296605701936,2.044574360905237,2.3828822376013092,5236
97,4,0.2296213861072527,0.16831847762039376,1.9849490103587428,2.4085117793943773,5236
145,4,0.24634901561013567,0.1705356003080626,1.665448777525955,2.6666360073605553,5236
173,5,0.2585721631589587,0.08199198062265921,1.6499193635797476,2.2466595875657465,5236
309,5,0.2928899078074316,0.16483089822353927,2.183848560860006,2.57440876571859,5236
639,6,0.3489272804207154,0.09593817362962662,1.0145060604101994,2.213864384878911,5236
680,6,0.3530939275813779,0.17343981439525272,2.2613638144942647,2.3125585592869617,5236
1046,6,0.39681200053201515,0.15918492226045564,0.7952559623692875,1.6411586350887588,5236
864,7,0.3781067193077927,0.1169865119531083,1.116356709981837,2.096005316988078,5236
1166,7,0.40654444915034826,0.1674154973772546,2.4951597567184858,2.13859638988159,5236
1504,7,0.43447184533515104,0.18209681594632995,0.7629454697598491,1.7216427857048469,5236
1426,8,0.4287921001214966,0.13628303787412183,1.4194092074126392,2.1365780832830743,5236
1434,8,0.42932530826516,0.13055102022881912,1.1731176690161094,2.100827003414472,5236
1530,8,0.43650058810333336,0.1533238936161605,1.1450838491723068,2.0982338207189852,5236
1620,8,0.44246895069653935,0.14375144703571213,1.2516983589859387,1.8351273327470472,5236
1889,8,0.46079307011926074,0.11718671467069505,2.45947491235831,2.0755053654742213,5236
2244,8,0.4833669650798871,0.19665783900669823,0.8041978123526689,1.6034117835149992,5236
2437,9,0.49222814883064503,0.09463261809967495,1.1114876450241251,1.8009366699899358,5236
2513,9,0.49598144223694807,0.14981632865281058,1.0434011886216612,1.9397137994582136,5236
2661,9,0.5027086485127003,0.09156681212061518,2.1291650822685395,2.0608236431904343,5236
2858,9,0.5116056584014066,0.1557473363749266,1.3887536673756666,1.6654718856572817,5236
2963,9,0.5168807572765035,0.08633597441668774,1.8793122496747416,1.7477250552356898,5236
3012,9,0.5200288875715329,0.21142837324505528,1.3612059612855965,1.6894041531691537,5236
3377,9,0.5402066605235613,0.19674870533496053,0.7972087315828068,1.6559153169880096,5236
3819,10,0.5701953903007645,0.1918561095368009,1.1799706262773972,1.744974272823229,5236
3908,10,0.5766393763791343,0.08317815853601078,1.5884581029854696,2.1183641265566795,5236
3935,10,0.5783122147401691,0.2172163504390606,0.7505469651175655,1.7067296394857316,5236
3978,10,0.5820244060888468,0.17391694970555815,1.1746372463239736,1.5979567989166952,5236
4079,10,0.5913937253769498,0.22621668917767734,0.9735379062718336,1.6547244325358037,5236
4171,10,0.599238432919281,0.2097484887161744,1.2842068849552033,1.8551161149065436,5236
4548,11,0.6365814739921969,0.04566321776466538,0.9192291824480459,2.779712749287556,5236
4575,11,0.6396993273605215,0.20886243368610843,0.9131091305114808,1.805049244708461,5236
4623,11,0.6452623363330073,0.08039421720767015,0.9707571514919099,1.9601305228167298,5236
4694,11,0.6546328300377227,0.21131936664007633,1.192351871092789,1.8861028194682343,5236
4792,12,0.6701582443430533,0.036847798394908315,1.1032706361335012,2.144869460258532,5236
4912,12,0.6948428385685625,0.2018261546743853,1.1866446746661217,2.0454774836243543,5236
4990,12,0.714943797639691,0.17270094384075022,1.0966864255089614,1.8913258365972012,5236
4997,12,0.7159861132070072,0.14468776676336828,0.9810197370023526,2.0525508146028844,5236
5090,13,0.7465316341764956,0.08346537741406528,0.7153657102091058,1.454176830339041,5236
5145,13,0.7795581056366235,0.13434765835429227,0.9128826252290103,2.1678045074065935,5236
5153,13,0.783748960213247,0.11478082129931116,0.24855715928829772,2.124429608746825,5236
5177,14,0.8011576519746515,0.05455923872662157,0.38297897264086994,1.905085126728644,5236
5199,14,0.8226653118821544,0.12601023405808964,1.0206615907001437,2.313378662761937,5236
5213,14,0.8371973775718212,0.12214853538715727,0.6635089118382065,2.451009724241126,5236
5226,15,0.8719276296765578,0.09128651022877904,0.7527326922549533,2.349444105150147,5236
5233,16,0.911625334452554,0.07519584813843215,1.1406189030436686,2.055798193081317,5236
5235,17,0.9201665103969444,0.07426250519629748,1.1267099320902272,1.9678247984647583,5236
5237,18,1.0,0.0,0,0,5236
0,0,0.0,0.0,0,0,5236
1,1,0.06166173719467938,0.053082690599517666,2.15871182356973,2.169446540632881,5236
5,2,0.1148778631275913,0.060521768433965104,1.3874761225765526,2.0039626326824704,5236
18,3,0.1515696507634744,0.06206382215904737,1.3328188604985989,2.227433501042008,5236
63,4,0.20595306686326387,0.04075060197074022,2.052518083348557,2.2957919157663005,5236
224,5,0.271298523503646,0.03372842124609792,-1.7128276806689595,2.6001725873761754,5236
411,6,0.31195380306695975,0.0407905979787578,-2.4346036234711,2.0917973025632657,5236
733,7,0.36014130648642906,0.06772664130610442,3.0601326088108007,2.0644035055821566,5236
1113,8,0.40314098826534317,0.09769142133657598,2.694218792996391,2.173217017978794,5236
1541,9,0.43768409412159204,0.11764321718145639,2.4605773572360476,2.364738401650359,5236
2883,10,0.5127949007485052,0.10627594836139365,2.6096623499519027,1.9203358010497633,5236
3649,10,0.5538422630880452,0.07956226176530441,0.8544024276726477,2.33145497055541,5236
3577,11,0.5494371870189625,0.08629710769150815,2.825036362660936,1.7680662829246327,5236
4173,11,0.6004009005195643,0.11186917930677255,0.6887736712901975,2.0818989364029727,5236
3882,12,0.5721520652864517,0.10249125220704623,2.8510006972759077,1.6143210998779365,5236
4427,12,0.6272100357862622,0.11814534119263584,0.5648014889039904,2.167110286287166,5236
4606,13,0.6486315710643631,0.11723101193771707,0.6830861431021688,2.30583450912439,5236
4955,13,0.7145144926077396,0.04305470437461284,1.0085031970792206,1.4840350678273058,5236
4987,14,0.7221627760395308,0.08511775810788558,0.6698786320598049,2.655646623613228,5236
5012,14,0.7300399215610122,0.040974259908712576,1.0258392826183422,1.649117714979823,5236
5088,15,0.7588151370349234,0.07203401807707399,0.9965909628448298,2.779612893337836,5236
5153,15,0.7913358114765934,0.045789140023683256,1.5248168994481224,2.0088368402489882,5236
5207,16,0.8472630426077856,0.05539481487733303,1.9688078713225625,2.7128332563823943,5236
5222,17,0.8694792411591382,0.058820352600977746,2.3677568159332387,2.5392173717851,5236
5233,18,0.9071601051080735,0.06049404020342689,2.406550855604793,1.9726295895877746,5236
5237,19,1.0,0.0,0,0,5236
0,0,0.0,0.0,0,0,5236
1,1,0.05849193990895185,0.03736611764814824,0.3504751844253308,1.2347656023176248,5236
7,2,0.0962589447021055,0.05226006856579328,1.100974429248599,1.339665558397322,5236
33,3,0.15736085896287844,0.06329630914810291,1.7420484731287142,1.481988521581168,5236
39,3,0.1611767191393233,0.04442208743639859,1.5098319990504931,0.5790221426957953,5236
67,4,0.18741410433618633,0.048350449410708644,1.4885409173459916,1.0799784065202607,5236
87,4,0.20329566276081823,0.0658697902260387,1.9575604466036916,0.6373307262956002,5236
196,5,0.25558375161974656,0.09179097777885252,2.241017625012688,1.1604054702408535,5236
378,6,0.3069991035137265,0.10863346041455735,1.9291588657675647,1.0005822559245685,5236
697,7,0.35868364817530296,0.08073740166916207,1.5752038868260412,1.048884287773425,5236
913,8,0.38320366313583687,0.06874489170178649,1.4435457875644153,0.8659182921628352,5236
1590,9,0.44009856464973895,0.07131479532521515,1.295173004370805,1.2914470117721528,5236
3234,10,0.5321024320888683,0.1252766111766354,0.635985023628925,1.5959551127071334,5236
3932,11,0.5803713839726412,0.11790096178670637,0.808852570800423,1.8386142944758121,5236
4160,12,0.5980817623176892,0.1284899177673216,0.7493419037930482,1.773731051594883,5236
4653,13,0.6582147688242259,0.08301530097114447,0.5009784497153689,1.7119272394696123,5236
5059,14,0.740627791440092,0.06533983534600793,1.3565328875356522,2.411941991083528,5236
5169,15,0.803601039182389,0.07541030113261973,0.8360092678652975,2.2882813010603105,5236
5174,15,0.8076530870106472,0.10124007814140515,1.1709684582652118,2.5700638601628407,5236
5231,16,0.8929862208134118,0.03051039737434762,2.3045326410291467,2.5179457393007754,5236
5234,17,0.925071853138517,0.012060724610635109,-2.4506560764516467,1.6650122134879135,5236
5236,18,0.9633748689226108,0.03112647838621656,-2.577975755802127,2.62119558862175,5236
5237,19,1.0,0.0,0,0,5236
0,0,0.0,0.0,0,0,5236
1,1,0.08403049838121668,0.05938683472514505,2.0757711699241783,1.019197203069291,5236
2,1,0.08442869500499461,0.04592529206920977,2.252133857688389,1.3274279243772666,5236
4,1,0.10466811415987831,0.07303525887805774,1.9503233209067554,1.8174056818516644,5236
26,2,0.16549334916626035,0.11122150658257353,1.8772882943493394,1.4685268299603316,5236
103,3,0.2273738958482947,0.13213589075088342,2.3196218999138245,1.298717968327836,5236
202,4,0.2629880313893944,0.13950924272914275,2.4717841829104814,1.365796225955848,5236
461,5,0.3238044933584435,0.14618948355898267,2.204140443777862,1.566215901472518,5236
746,6,0.36266431725923354,0.1411070242281374,2.4686637434615375,1.5500311805937066,5236
901,6,0.38138377724122785,0.1069058661304649,2.452786540306778,1.6825558469716535,5236
1330,7,0.4217356229115097,0.07493807105826884,2.5833329232932893,1.7899788544168336,5236
1586,7,0.44092658929601625,0.19291582179279101,2.4871520810683814,1.7160602295606564,5236
1656,7,0.4451224724197429,0.1965629214970776,2.4556340138881354,1.6124211195474392,5236
1934,8,0.4615876502772629,0.09831681067785542,2.4416211693878407,2.038086260760643,5236
2074,8,0.46980701732187313,0.18331968344748897,2.516419090517103,1.6191362790957948,5236
2849,9,0.5117272384740581,0.18020684645438295,2.6042990060006144,1.5096785121129543,5236
2951,9,0.5166426471330906,0.13680848067808415,2.6453618742036746,1.91713040560569,5236
3264,9,0.5336986802824089,0.1277987063577776,2.2770505674478128,1.7335165490682958,5236
3954,10,0.5794643474777502,0.23165909127430256,2.4497326380354,1.6140038161443206,5236
3962,10,0.5801241502022992,0.1561009821750277,2.0807479777691165,1.5647873970713788,5236
4092,10,0.5918889669979953,0.11573780488412096,2.319302961279236,1.3757871185300634,5236
4110,10,0.5929594880801656,0.0897000371832782,2.4472251880491247,1.4268342486530203,5236
4189,11,0.6005386265922984,0.2257193656485254,2.3752993358109755,1.6435268707596051,5236
4244,11,0.6054660112501196,0.15838046318965146,2.1367228048544975,1.5966444507848307,5236
4360,11,0.6185385721037295,0.11292816074839404,2.4503390286963382,1.4660378676175652,5236
4487,12,0.632770886196198,0.21417605253749972,2.3820938627751502,1.633203564483818,5236
4808,12,0.6784257099556661,0.12549570540007218,2.4184685783234765,1.8672015318355664,5236
4849,12,0.6883282833291475,0.1323533204923402,2.0630927105161563,1.8422916236752156,5236
5025,13,0.7321438276735059,0.12063223368271514,2.259239084537587,1.6725950763962616,5236
5075,13,0.7511765530161094,0.12085721093064712,2.9861378539223233,1.8131992158300803,5236
5119,14,0.7706951811250725,0.11271880382130779,2.434164772051536,1.4250529388885707,5236
5150,14,0.7879942543251732,0.11128362919222864,-3.09594185530592,1.6045802391587416,5236
5183,14,0.8078304434322718,0.07932859742663603,2.67942250978276,1.916817522340474,5236
5201,14,0.8225952035848988,0.05749353538292292,3.0611074944613326,1.9159993900992758,5236
5224,15,0.8665014072112674,0.06787627491864395,-3.068465341731524,2.0225971538226384,5236
5236,16,0.908384980510641,0.08152885434653064,-2.781530792536589,1.9677415100910056,5236
5237,17,1.0,0.0,0,0,5236
0,0,0.0,0.0,0,0,5236
1,1,0.06692095689950306,0.026064397772292774,-2.1655734623941116,0.964278181334823,5236
2,1,0.07250056060807308,0.05563299266159519,2.995498040354003,1.0824181013759564,5236
3,1,0.09407182572775119,0.07905349541118425,-0.3239508797613442,1.4856515556363885,5236
4,1,0.10413001826222523,0.05386456646956817,1.521710545078681,2.5810124377214407,5236
5,1,0.12375517093907351,0.08958907868405408,0.595664968300618,2.0000109805146375,5236
6,1,0.12461731971661694,0.0914730997988011,0.052837524061713964,2.3920928732674196,5236
8,1,0.14520721960861638,0.12146077872132316,0.21117040785660413,2.5016340687907985,5236
7,2,0.13075529665288477,0.10068787559635807,-0.5292188209178238,1.2208094018105298,5236
11,2,0.15105767642949652,0.07729790792199356,1.8398633964093132,0.7124200480519749,5236
17,2,0.16308339823131945,0.02794650959255747,-0.886153320004678,1.9179763673356578,5236
21,2,0.16907808197667573,0.10087012673471893,-3.029392510693117,1.5542808713115153,5236
22,2,0.1699482989675748,0.07438987035194357,0.16859337937862137,2.643749071459131,5236
37,2,0.1830815315052733,0.09984720374590184,0.7651309015823421,0.6414950688553617,5236
73,2,0.21009227676464504,0.15476192427601745,0.4216556557775675,2.4416071833718074,5236
43,3,0.1876471714261898,0.07602909061114553,-0.8946685411760569,1.1378485580660989,5236
75,3,0.2107558603153914,0.11345010684761038,2.4062565735012753,0.7904619881212975,5236
78,3,0.2129589350421779,0.06913886030327819,2.701207954203348,0.5232662005781812,5236
79,3,0.21313471878167156,0.030287062656140458,0.7823961716458709,1.3809017345489771,5236
85,3,0.21477469484809653,0.12752713340402527,-2.7858027605667313,1.6899818955171049,5236
95,3,0.2214505983398698,0.07787209393053686,1.345210167378906,0.6193736285517661,5236
135,3,0.24366169199354426,0.11578673219977699,0.027039739579234674,2.3621977712445688,5236
137,3,0.24406580742501682,0.06770899971595801,-0.22979276629748996,2.7535123593790605,5236
144,3,0.24661519439462642,0.14704684183968553,0.25620894807637024,2.57428529727334,5236
170,3,0.25533289656970526,0.09510494023651617,0.9868390722293711,2.1257521617611266,5236
110,4,0.23130665763865343,0.049482982874013585,-0.7690147910594582,0.9299400392062956,5236
111,4,0.2315144601471214,0.1105947144176663,-0.7662868951867321,1.3597146376283746,5236
127,4,0.23857425649314146,0.13787132917929368,-2.736532821901238,1.5595140825556812,5236
193,4,0.2682237726023414,0.04878056928270895,0.741294243729273,2.070363610060929,5236
225,4,0.2764845169933071,0.12691426584049567,1.6152731478600675,0.6123567406977789,5236
241,4,0.2798792401524287,0.1548709754601112,2.3940085860533795,0.8255570533219901,5236
244,4,0.2805220042845916,0.06759498539361669,0.89357475354724,1.9266642427729714,5236
282,4,0.2904306578873431,0.09695396699924747,0.6940165108254427,2.2555998571171103,5236
287,4,0.29232976255584586,0.0903127559826826,2.70926607797605,1.0290523505020108,5236
304,4,0.29735403173261143,0.10525131707692205,-0.08350918159595586,2.574749342531144,5236
308,4,0.29919080952040067,0.1378990693668459,2.104293487086243,0.6840944884580439,5236
343,4,0.30883837271133363,0.09189741029908217,-2.85500965852949,0.5523518340077013,5236
365,5,0.31434769806808927,0.1361821658140641,1.2654051232737256,0.5943256079448012,5236
368,5,0.3146997748872945,0.09256445056650665,-2.4811565463344003,1.5422775290098178,5236
615,5,0.3556956585512049,0.08477340290076599,-0.504951487877168,3.0088044395984483,5236
644,5,0.35898177030352807,0.10863948443036926,-1.3197782409307024,2.4152967681492665,5236
647,5,0.3593875159531209,0.058815256691129816,0.7707831982297227,2.4225009146803913,5236
670,5,0.36190819405581387,0.1281170496941353,2.865876693289777,0.6368613643524329,5236
625,6,0.3575091844353654,0.10075342309454599,-2.4611536984556257,1.4415684360005923,5236
726,6,0.369809850245294,0.14014444910785034,1.8493595627630592,0.3984339480283555,5236
755,6,0.3730152508173852,0.17260707223649,1.25470833806057,0.7726048910922187,5236
761,6,0.37358379047247126,0.1687001735246727,1.3514884860144416,0.4755750790809443,5236
801,6,0.3782392984147438,0.1232281354456417,1.1618977606003151,1.0323529133434737,5236
818,6,0.38047501186840293,0.09826661098931626,-1.2137305110719534,2.4705556898157175,5236
861,6,0.3839252709837514,0.1473176399779724,2.8822974818898985,0.6683737129142886,5236
1162,6,0.4127289760977235,0.08874557489815921,0.9263333375925701,2.3813182191561904,5236
1233,6,0.41965787638631336,0.09791511008099227,-0.16404140548636667,2.6839525677347473,5236
981,7,0.39537911883084453,0.09615141896314895,-2.5705976331188958,1.5992562003423485,5236
1099,7,0.40662500634948784,0.14869247042425426,1.1255050587016748,0.7162553304425554,5236
1368,7,0.4310380966512466,0.14846720707972233,1.0747883074214983,0.5440517960434696,5236
1545,7,0.4423128687267246,0.10815988177214346,1.4419667983965638,1.5015488794125789,5236
1571,7,0.44405917557452235,0.14813886014258815,2.4132157796705087,0.8863882852207304,5236
1841,7,0.461599928336499,0.16362229979007317,1.6142452993004177,1.312688618356439,5236
1863,7,0.46274679198473256,0.08912851399098143,0.7547795691871932,2.880553358588315,5236
1979,7,0.4698422318256008,0.11131830491308019,0.6175357704751975,2.485471359070358,5236
1454,8,0.43695607207891807,0.1335473610264542,1.2272665824472007,0.5574642865712214,5236
1757,8,0.4562742854108005,0.16039527540722984,1.0877753777839763,0.5213286091682258,5236
1838,8,0.4615359649681793,0.1816569165166749,0.8518889579010313,0.5835239749874658,5236
2326,8,0.4886571292778138,0.13643317418470438,1.6159075523099935,1.4699106955680379,5236
2618,8,0.5030748561728705,0.15046472010081066,1.720996510988797,1.2355926643846158,5236
2906,8,0.5173192806302618,0.10652585794878205,0.8489352685755364,1.2585134451885653,5236
2913,8,0.5176262313027353,0.11276492912120054,2.3416105781227814,1.0998014497361366,5236
2929,8,0.5184280482530014,0.03351932955811697,-0.5033576707368992,1.726640094650655,5236
3240,8,0.5368446299649298,0.09991130718533121,0.11155253313960599,2.8817973591829302,5236
2360,9,0.49010593101599365,0.15097149069511173,0.8152990853807678,0.6140819519197508,5236
2709,9,0.5078459598106705,0.19462882880485122,0.8669262707545777,0.4475106043098253,5236
3083,9,0.528040671216605,0.1128996218616691,1.4085194833742192,0.47964421628923704,5236
3108,9,0.5292834841313616,0.2005973777174228,1.0703088969493708,0.5976129109578604,5236
3205,9,0.5351507256836839,0.10146590375876638,1.85317285226804,1.4566602338166352,5236
3319,9,0.5418530264288162,0.09400312509715385,1.999887777437611,1.1960593971786806,5236
3523,9,0.5552691667161813,0.13683433548357996,1.6368729113587355,1.413976594375011,5236
3612,9,0.5603972936743892,0.1020615994670698,0.08311173411994566,2.9622324656219794,5236
3671,9,0.5639500532353896,0.10789942537935687,2.26452845129992,1.5083928427328201,5236
3689,9,0.565702264246464,0.09923613533369131,1.3292907256114115,1.430539799333856,5236
3818,9,0.5739968508000721,0.030900460761750768,1.4629788503432337,2.315082680728404,5236
3858,9,0.5766853365948446,0.024457655069914146,0.9294936902053049,1.3959125423408845,5236
3862,9,0.5770486284956217,0.0969919904634145,1.2880052962336366,1.1263834610073398,5236
3494,10,0.5529821204976711,0.09800993018877288,0.5525464883926852,0.4759583700227488,5236
3842,10,0.5758664997732291,0.10247206046251632,0.3230712154618823,2.8431178167371005,5236
4020,10,0.589030688399952,0.20290624502026242,1.5185888060359811,0.6606265889109396,5236
4091,10,0.5943711078279598,0.06290790675101844,2.215264817246255,1.705402651327673,5236
4133,10,0.5989699429781858,0.14341618746410306,1.793849863027054,1.5750243357528002,5236
4235,10,0.6071745009081063,0.13610711438142228,1.630450636294539,0.8173059156223483,5236
4238,10,0.6076424550498607,0.07796432087597811,2.364633584954112,0.3825440749327128,5236
4270,10,0.6104040536331069,0.1395331720746673,0.11749240243381805,1.2554050530616319,5236
4358,10,0.6200264704980959,0.08584184994954075,1.9402853787665582,1.5333297650631963,5236
4568,10,0.6448969589924183,0.07345926860506577,1.2664467604067213,1.5724626534505886,5236
4272,11,0.610573320486468,0.2014586093359937,1.4244702232891264,0.7185228097333,5236
4556,11,0.6439959968892036,0.1072283219263908,1.7360592597655597,1.6716168724807052,5236
4588,11,0.6481478003769393,0.08867860682458795,1.1132461698903353,0.5766948354631576,5236
4590,11,0.648317088830091,0.10407458587035355,0.6176019729731181,0.5580096515190078,5236
4598,11,0.6489192868450576,0.03935305102509952,1.7611175756019184,0.7637176728628473,5236
4614,11,0.6508921964148158,0.12992681473113765,0.17807633846255227,1.3346927140628648,5236
4714,11,0.6661574787828761,0.1418263081814805,0.3911067900903335,2.220477893851617,5236
4733,11,0.6689706330646186,0.07818546985399176,1.276310980919666,0.8185610841720165,5236
4834,11,0.6845314826721515,0.08367325388628871,1.5298176691370073,1.1914816105141226,5236
4865,12,0.6912850224038638,0.13664523028325937,1.0488372243590354,0.6163304563969153,5236
4868,12,0.6914889201047499,0.1036918888869119,-0.034685589813577486,1.2047088041831833,5236
4914,12,0.7005335761825295,0.09315744374430039,0.6629584661303964,0.9700794506678673,5236
4961,12,0.7113486399272204,0.1478161912448837,0.34494466180190525,1.9541503306896173,5236
4966,12,0.7129937443091899,0.12182155738420328,0.3791576423139158,1.5374066123786805,5236
5003,12,0.722137395719775,0.05111229576483859,1.3611595308072508,1.340947324194367,5236
5049,13,0.7362556252475625,0.11851832546661906,1.2327882359765951,0.8518199459187101,5236
5129,13,0.7671557582522568,0.05758942693638134,0.6914281690004371,1.3866480156178873,5236
5148,13,0.776822560759603,0.09697943859636252,-0.0009587189238910375,1.919752055730599,5236
5150,13,0.777958975390391,0.11065260827479537,0.14375434385903024,1.8661112532380426,5236
5108,14,0.7606644508865291,0.13458174408201043,1.2305252120668344,0.7842264465544715,5236
5186,14,0.8036810224912233,0.1073883974679758,0.12574566694321349,1.9232496326125847,5236
5200,14,0.812266210837855,0.038232607960503186,0.5984288979089404,1.5470352750148333,5236
5208,15,0.8199944645484106,0.13312557613508924,1.35994140093065,0.8865557699934385,5236
5221,15,0.8535454300235954,0.06418325440211586,0.024182460839858984,1.7386979883711122,5236
5235,16,0.9291039777188808,0.05174734536441889,2.4373869848131346,0.7493101220176742,5236
5236,16,0.9397337815348439,0.03971101981899782,-1.8725222951684866,2.7199384446564876,5236
5237,17,1.0,0.0,0,0,5236
0,0,0.0,0.0,0,0,5236
1,1,0.08257996785912802,0.07200075408112852,-1.7925529898289876,2.4038421971663375,5236
2,1,0.0847663856072357,0.04293869000331684,-0.17455995511067418,1.6269173970383741,5236
4,1,0.09896259915006467,0.06077209576473982,-3.057272018260018,1.6190276489490052,5236
6,1,0.10725535867494485,0.060171356469816674,1.4113884693432035,1.9353805855281516,5236
10,1,0.11726775409828494,0.08812209935054861,-2.9579318780014785,1.2810186174591762,5236
27,1,0.148847883023708,0.09843281973467195,3.005733056320256,0.7878572201007595,5236
28,1,0.1494444906482605,0.12628394320329,1.6826640516868476,0.941559338373267,5236
13,2,0.12408345154901312,0.04950543957877318,-1.7523163668800552,1.9083515336182402,5236
15,2,0.13163039948487865,0.0718916442299606,-0.582281048168567,1.1700063384144557,5236
19,2,0.13789599358792937,0.07617733287533068,1.3695663657854749,2.249782290032943,5236
31,2,0.15237119861282167,0.10735867500805185,-1.380691531238594,2.1024299851479875,5236
39,2,0.168353555848193,0.1096503399353287,-2.5022457324566787,1.674522289951038,5236
64,2,0.19613578891098693,0.07203243252725888,2.973059715856718,0.7496107687543452,5236
66,2,0.19942607574145454,0.14986381780487798,1.4757975974023236,1.1640957232130722,5236
51,3,0.18208376399439374,0.09998212439518964,1.5085551451518635,2.4185829227401383,5236
65,3,0.19819226763977493,0.08680817017141856,2.2373876330095066,2.3801965191540413,5236
69,3,0.20007385270336497,0.027105258061863896,-0.8483305162719201,1.1218252438234904,5236
75,3,0.2030281054513503,0.10122688024989933,-1.427488169482044,2.1963583725976483,5236
86,3,0.210375370493311,0.1154226389185086,-0.8635117215259287,0.9084696181517596,5236
89,3,0.21400537480430215,0.15708075713761863,1.4794971845787466,1.2339511846351792,5236
93,3,0.21609405938573745,0.08108268153726557,-2.689005822749859,1.4533008969768397,5236
117,3,0.22975614418450463,0.11059115132184927,-1.7172121818877994,1.264022327451868,5236
134,3,0.23488673976037,0.09466854534112945,-2.9871683805486855,0.6807660732606803,5236
136,4,0.23753682495414918,0.04810780961461624,1.542599654448824,2.5051676375431056,5236
152,4,0.2429650187085104,0.13914436513436235,1.9366188830166198,2.285283328219183,5236
154,4,0.24477601463350585,0.09119119670116596,1.0052948667542065,1.9579758372003693,5236
162,4,0.24772849360470095,0.1264530560924655,1.231488669504604,2.3676841667196236,5236
167,4,0.24889735440546368,0.13845557041455056,1.4211096674946884,1.2988291838223716,5236
175,4,0.2531070891885072,0.12580055242850768,0.5783691041723231,2.432328327509085,5236
189,4,0.2585744457692799,0.1111984255182749,2.616001913246835,2.1309272215194626,5236
213,4,0.2712617102285535,0.17590878187484868,1.6918878498006829,1.472698376886503,5236
220,4,0.2738961578924548,0.1658452731988453,-1.3861865434454694,2.284525777629507,5236
262,4,0.2855592183099568,0.08896793877660344,-3.1154218232848767,0.7299368135997973,5236
268,4,0.28610437290272595,0.05546492989772086,-1.3893484149459758,1.251974535715645,5236
291,4,0.29250719916150236,0.11846057502469556,-1.894684440134968,1.7579161273820385,5236
343,4,0.3037477479462276,0.0919161137773125,-2.3240791046089084,1.9014482557594112,5236
360,5,0.30726029490540185,0.17083958560955112,1.2468518224564433,2.576067919705165,5236
369,5,0.3095658011660596,0.06349579168445664,-1.2166687350864347,1.166301421905846,5236
376,5,0.3109213859964569,0.15239212187133325,0.9150069957749085,1.9675129648317682,5236
387,5,0.3132622588334594,0.1637064508849254,1.4032668240317334,1.627254483489729,5236
407,5,0.31729662907058775,0.1119051454465029,2.3512626456090864,1.7780947666114217,5236
458,5,0.3234265890841971,0.1268678915001722,1.6441577403573202,0.8411060481063418,5236
482,5,0.32774233107881834,0.16045027516510302,-1.3582602898678877,2.1498360154139364,5236
503,5,0.3305091671428303,0.1958053220972861,1.1805669566220267,2.480717274752399,5236
531,5,0.3342842817219779,0.19387670637823373,1.5576921361873002,1.7341540294128712,5236
538,5,0.33546108914572814,0.1679134732803059,1.7392952413470049,1.3778969631390965,5236
560,5,0.3392996492563495,0.09093522881254947,2.963649115828895,0.8590598971307088,5236
602,5,0.3454814919468202,0.11993290468749362,1.0129765975124565,2.477646627571745,5236
641,5,0.3499769209591226,0.09974526059047303,1.0317223657894379,2.1825221327019144,5236
749,5,0.3631958282006973,0.116583409240568,-2.161067639627612,1.5703635070437505,5236
673,6,0.35358168537552914,0.08992333468154184,-1.2741831784497921,1.4208727166915938,5236
693,6,0.356278363468824,0.16180527460655547,1.66979253419162,2.7079507641897425,5236
739,6,0.3621142557338277,0.1883022297735036,1.4369301216683446,1.7383907826941336,5236
771,6,0.3656395968143473,0.21988599852938082,1.1829596853900697,2.5677607410859262,5236
812,6,0.3702264814179699,0.1626092000071251,-1.5078934574039367,2.089332020676575,5236
827,6,0.3718750996402076,0.16534108481765986,1.5694312170061901,0.760263194898731,5236
834,6,0.3725857587720768,0.14419146160871962,1.4163461685463874,2.342281331864324,5236
890,6,0.3775600735857271,0.10472655511783169,-1.103248536312727,1.6393728297678773,5236
892,6,0.37788964828266547,0.12045691892857086,0.8007128852862339,1.5440600813594212,5236
927,6,0.3808456798924731,0.12184109081562412,-2.118125931893347,1.4948817964731138,5236
1006,6,0.3882622472813446,0.14684995175649404,1.15303565572053,1.9152119622227843,5236
1017,6,0.38904246764085215,0.12256173608712083,1.2633245985497856,1.8162735358714732,5236
1029,6,0.3902508403958054,0.1205336760342342,1.1973183538628915,2.04102414797099,5236
1088,6,0.3952945539237037,0.14873399204362336,1.090603207578981,2.2663700440489016,5236
1253,6,0.4096315937114666,0.06997312846351102,-3.0320458698986124,1.5576738963056396,5236
1265,6,0.4104573381277302,0.15676236981484623,1.5393651988124828,1.0751621604050312,5236
1138,7,0.399468595550171,0.2202544089593161,1.0571591177729465,2.4499980850814596,5236
1357,7,0.41821494539811466,0.14779903863756316,-1.321624426649752,2.081512234643028,5236
1409,7,0.4224846387174995,0.1342904129812212,1.1665614007929943,2.4297176904422084,5236
1506,7,0.43094548615872463,0.13764598705084224,1.3568238342215675,0.6439462032697765,5236
1544,7,0.433961342994289,0.13699791223055174,1.5648889581728618,1.0186811626397796,5236
1672,7,0.4429177937591864,0.07230743627747496,-3.0476397888227242,1.5180297883182372,5236
1871,7,0.4545730237264418,0.15301135906004207,1.0727212635790622,1.9838974941124923,5236
1939,7,0.45798338473769185,0.1352420662512901,-1.635047680590959,1.4813829056280157,5236
1899,8,0.45580758680429845,0.13042586493382632,1.229091819238988,2.2903691899794048,5236
1954,8,0.45862787613199163,0.22418183620969528,1.417135451145419,2.4827010285077464,5236
2113,8,0.46707298591455704,0.12541790543508474,-1.3276650973153319,2.1381690629140313,5236
2474,8,0.4865153442841311,0.10062595012714717,1.0088086176894833,2.3356502294101382,5236
2501,8,0.48801556023675885,0.11647520664218504,1.2619428331134075,0.6938549488775377,5236
2574,8,0.49205104677480904,0.06871761750107255,2.8877765192073728,1.474978489434156,5236
2928,8,0.5096751577327348,0.12109936008900343,-1.445836328600976,1.3142397709703915,5236
2941,8,0.5102154820259238,0.13534151108582068,0.648781283470644,0.3267991409979787,5236
3067,8,0.5160689156032984,0.17749817937940537,0.9145592803877004,1.6887429061467059,5236
3127,8,0.518497964007753,0.17916430577907513,0.9174648868066864,1.855772284163194,5236
2819,9,0.5042090946194661,0.2394486878957877,1.3432568364669324,2.3039398008270235,5236
3048,9,0.5152170989971054,0.2054880243107341,1.3918684206242562,2.2380200464246327,5236
3183,9,0.5206167117494671,0.15620854007328733,-1.4349057038135304,1.9077002260332234,5236
3382,9,0.5322088107673487,0.13626595593681134,1.4364278355857436,0.8408755543156126,5236
3598,9,0.5464911429493445,0.14251321490033975,-1.4940117283564924,1.3714822883215163,5236
3601,9,0.5466255785895034,0.03404498782223096,3.031818564434075,1.62731194809421,5236
3678,9,0.552186041955672,0.1675285342153741,0.8732693745089544,1.6984061154360521,5236
4028,9,0.5789869596152022,0.047167711121265284,1.3953107840600674,2.6305731141062805,5236
4045,9,0.5800944091917962,0.07213410339602941,0.7622923883581035,0.543193717163131,5236
4051,10,0.581263839716617,0.18048512265514607,1.1729010427031725,2.441168743190732,5236
4162,10,0.593539285373017,0.16752982119921064,0.7734374934710322,1.696194154180461,5236
4216,10,0.5983557392439108,0.13107202821614958,-1.4224241031310796,1.6575168681246344,5236
4236,10,0.5999931040142317,0.06786277429194455,0.5154341555942505,0.761238972605393,5236
4254,10,0.6021274508082369,0.1197024254490038,2.052317441811376,1.0084924019590424,5236
4280,10,0.6044639511211424,0.03989841417969212,-1.7897130460342658,2.445754212253299,5236
4322,10,0.6087027066578727,0.03141529859548522,-0.4926768419564876,3.062850781200736,5236
4532,11,0.6308088514281857,0.20119303992179924,1.2337752226422898,2.4758900095626646,5236
4622,11,0.6427305805429772,0.15555669380286724,1.9458217580438328,0.9110096059291058,5236
4661,11,0.6488547173013113,0.054824375014738164,-1.4133895059997745,2.8220845181444356,5236
4678,11,0.6512272870808833,0.20593016542313838,0.7553899970572316,1.9109877436602145,5236
4679,11,0.6515089261804369,0.058282919540597125,0.638588944942957,0.6805663959684338,5236
4815,11,0.674901522781826,0.1385935134042852,1.9889938283553752,1.1262961188743323,5236
4873,11,0.685202046772214,0.10418065622207141,-1.6711211675925883,2.193467530014993,5236
4778,12,0.6679623630457914,0.22018313290907265,1.4194519945844417,2.4648712116217344,5236
4835,12,0.6783336435158572,0.19772071579344008,1.5275636310497342,2.53553963497827,5236
4874,12,0.6855047198923001,0.1828892301457679,0.7531047945042011,2.003501124686942,5236
4996,12,0.7133955814659256,0.14346856485521997,1.9672981448885678,0.9960336920694354,5236
5006,12,0.7177842750853676,0.033213159703913406,1.4443483063872886,2.1783858948436587,5236
5021,12,0.7221706069894858,0.0572056757462591,1.5905245858933421,2.4137329505666405,5236
5058,12,0.7314124872798244,0.07167786959670827,-1.7932800619632911,2.265183398313199,5236
5070,12,0.7360242771125979,0.09262506127030509,0.6149692605264598,0.16424393336477047,5236
5036,13,0.7253699438164953,0.1990300768515132,1.4761643501987494,2.320249246958119,5236
5040,13,0.727007723236304,0.1902543857957954,0.8297136193521054,1.85676825419885,5236
5091,13,0.743355339893907,0.1508001176051737,1.893828675683001,1.0334775279500616,5236
5150,13,0.7795525902850995,0.0961503979818094,0.07715465545616729,0.2836717422774919,5236
5160,13,0.7834893349875586,0.04749008453496246,0.573797722361141,1.9807119753053284,5236
5162,13,0.7863583387537917,0.08408602409874484,1.8348178305145872,1.8619605243277757,5236
5169,13,0.7933065879810152,0.046069709220956004,-1.436776384398794,1.9897482306258127,5236
5170,13,0.7935888795385292,0.055700464992384124,-2.4360332299210885,2.312535558139048,5236
5173,14,0.7961058138545006,0.1864163532696544,0.9214712632640141,1.8119443862843725,5236
5189,14,0.8122889351058057,0.15461149911533345,2.000426752709161,0.9925286470380614,5236
5210,14,0.8388283553316702,0.09219716307826249,1.5915226167264456,2.141626794888357,5236
5217,14,0.855745985629106,0.02725514216685938,-0.6712784429480518,0.74650992246178,5236
5220,14,0.8604995583709021,0.045438617219854864,1.513890159459372,2.6373463081856894,5236
5221,15,0.861572304973351,0.13671233508862066,0.7777959744924404,1.5928520250494362,5236
5230,15,0.8974120693268014,0.0920020470107728,2.1453844412986087,1.3242091553252073,5236
5235,15,0.9170996772180876,0.057818032443606414,0.17646386087923227,1.937152484518897,5236
5236,15,0.9256556761637542,0.06148582416466744,0.20283526978514352,2.243444400005121,5236
5237,16,1.0,0.0,0,0,5236
0,0,0.0,0.0,0,0,5236
1,1,0.07664063580956992,0.022719090991934546,-2.7906088423228903,2.5837563545016566,5236
2,1,0.07755903598324676,0.07481341698065899,3.112439940912008,2.2452409762842906,5236
3,1,0.07760699675870208,0.07211994583910943,1.5402548878742341,1.3876448534112114,5236
13,2,0.12894020046197296,0.028188187311114197,-1.6618008594645752,2.4253448561659647,5236
15,2,0.1394437244555613,0.05827797736804351,1.1262353169656567,1.5119380535574733,5236
16,2,0.14002446770631927,0.052915505934286865,1.0092350174434903,1.3595583513022405,5236
17,2,0.14126757095285758,0.05979978773072497,-2.764169144683372,2.4860568384400272,5236
23,2,0.1573441286613232,0.1032690253181226,1.747880684940997,2.05200764078065,5236
59,3,0.19238821728974975,0.07247334454090998,0.8265419440549185,1.134471239065641,5236
66,3,0.19574680127018618,0.09438748925363308,1.670534075443672,1.4815929157594856,5236
101,3,0.21819847417996907,0.09678355256702462,1.8404668395828834,1.7064394127148272,5236
108,3,0.22238404105666432,0.08832956863505961,2.92034011364477,1.8984395858228134,5236
111,3,0.22353370491022284,0.08750138725751574,2.5193613542279927,2.0227556704961396,5236
183,4,0.25771531038516726,0.06894996961292847,1.997482221685221,1.6036513551757798,5236
198,4,0.2617144287671266,0.09382035573929678,1.0972793181239657,1.1186962955336328,5236
208,4,0.2644978829724236,0.057158993551489304,2.536692666870286,1.8752732767828892,5236
288,5,0.2876411743155669,0.07283219705008079,2.68733755561789,1.6958537406518766,5236
435,5,0.3166484007590046,0.07331014881222327,1.6627979964872297,1.044041477208993,5236
710,6,0.36209089273955475,0.11326894998148873,3.01071656439742,1.2115322333278162,5236
739,6,0.3660529631879803,0.10344522907771186,1.9266491344748113,1.2097862659790388,5236
881,7,0.3814732215947728,0.10496282420606957,2.9602658710466416,1.1322795919335567,5236
1298,7,0.42178409583208265,0.14814450194881634,2.140993891475617,1.2202513092819485,5236
1632,8,0.44364246527796314,0.09183750263549002,2.3670465252395476,0.9069941575169088,5236
1731,8,0.4501039488609665,0.12405930271518205,2.0827027949301447,1.3037440085021683,5236
2557,9,0.4960855953962525,0.12956884393444604,2.289138982050057,0.8669936118955897,5236
2735,9,0.504221976457373,0.16598707907598606,1.9636689993496725,1.4721701799222515,5236
3465,10,0.5446222784491774,0.15603881669491812,2.0215570485105734,1.46258275278278,5236
3546,10,0.5490635864730689,0.15321068208519817,2.210786872890465,0.9199223705884435,5236
4173,11,0.5995196311263368,0.12560930424950073,1.7116318890506552,1.3963596235112952,5236
4191,11,0.6010862163149899,0.14246044221760285,2.0808759473622596,0.6515836973688603,5236
4567,12,0.6394759889648552,0.126925216229227,1.97172498889123,0.41386012756300844,5236
4827,12,0.6809109356631106,0.09366919239781529,1.7924096910743026,1.9276205854776234,5236
4908,13,0.6960997955523432,0.1474082968567248,2.3214527485128196,0.3486873037628504,5236
4942,13,0.7018657785948975,0.10186744799951579,1.9189263361790603,1.884360196949017,5236
5052,14,0.7323686767780606,0.1742347766622666,2.6870196972236973,0.39598915029272724,5236
5107,14,0.7563426289180251,0.08389450455211846,1.7537608158422173,1.7542622506890488,5236
5132,14,0.7723650660798991,0.11530102331655441,1.346588488214038,2.2721297019465405,5236
5164,14,0.7904202422071804,0.11480058792883596,2.3295148599733078,2.6082659772278247,5236
5169,14,0.7931202956657103,0.0885022969876757,2.813319772124678,2.3054999941164427,5236
5149,15,0.782439410453103,0.13587310970680125,2.652500663085674,0.601662305474519,5236
5219,15,0.8492931644297268,0.08194069203588523,1.1975329869319324,2.5908738214117095,5236
5226,15,0.8702439251724344,0.055816365691553876,1.1750905956611553,3.116449707197521,5236
5202,16,0.8286695999769668,0.14453212185390718,2.212896552236984,0.6616646824460404,5236
5233,16,0.90563294011062,0.04986563398115241,2.562351584844698,1.107167461119099,5236
5234,16,0.9109170556414233,0.06039040509682924,1.3998621667165139,0.7093883278454086,5236
5235,16,0.9198497916424345,0.07349240217490473,0.021388368395041,0.7431138213574963,5236
5236,16,0.9544181172887231,0.02461342095835335,-1.9541245680971966,0.9519987652052337,5236
5237,17,1.0,0.0,0,0,5236
0,0,0.0,0.0,0,0,5236
1,1,0.05324568293386145,0.04755395468853702,2.0466634561872734,1.7546112663349518,5236
4,2,0.09513116542099942,0.07889638998845577,1.8310189572649487,1.731412569178034,5236
9,2,0.12405490425948795,0.09157497592445941,2.741782599075842,2.1474873250716042,5236
14,2,0.13419916164905632,0.0679937677328038,2.5403425811311875,0.9002138308157884,5236
55,3,0.18112266602651372,0.1317428193563327,3.0948588794073086,2.0560332363299105,5236
84,3,0.20302246071836683,0.13286830164947547,2.0023612784830074,0.8282421301257025,5236
98,3,0.21348603162121238,0.12973850680094093,2.028315143955157,0.6356844159342051,5236
170,4,0.24787032299171863,0.12425665342152346,1.893357844372978,0.8875207196532937,5236
192,4,0.25786995722524153,0.16167556250059395,-2.6683519529244872,2.108687050649116,5236
395,5,0.30600470044191874,0.06913049433371765,2.0190895359650396,0.7481424669732152,5236
396,5,0.3064143156214352,0.19981447283929019,-2.7889414254105636,2.129814600304433,5236
672,6,0.3530402681309265,0.057563079844767724,1.8188822795892916,1.0937918926863106,5236
688,6,0.3546890612583199,0.06273920255506961,1.6521195830032451,1.1877550607900627,5236
696,6,0.3554108536094649,0.06044551477887105,2.808252957614712,0.5991809131828263,5236
788,6,0.3682325571769829,0.17121376264494384,-2.8834261963414507,2.209506270333376,5236
818,6,0.37076742106224925,0.24765891580678104,-2.8375240093016014,2.093769432206072,5236
1052,6,0.3980264261441815,0.2653860375272549,-2.8611951847084796,2.208544875646739,5236
1048,7,0.39725617029491256,0.048107448320439034,2.5295477169971967,0.5987672694694701,5236
1085,7,0.4014481269085515,0.1821522208975633,-2.7518977472351724,2.2092429655985257,5236
1215,7,0.4134693347120668,0.05947178742583255,1.927667361383087,2.0828684209249677,5236
1481,7,0.43357753506541463,0.26638479367817475,-2.8073776139870366,2.099774875642813,5236
1312,8,0.4210081390201874,0.04243542374232371,2.098931855415516,0.7014899618129714,5236
1523,8,0.436837726113283,0.0586353922883762,1.6300864565780937,2.1403909255062934,5236
2240,8,0.48145460533592155,0.24985540576818183,-2.968898299965566,2.122355957520167,5236
2067,9,0.4728564592184401,0.0875519572551492,1.5021403718385702,1.9259453090371152,5236
2480,9,0.4935213099668613,0.25377324187571265,-2.9364367313699473,2.0926807765855844,5236
2935,9,0.5165440163689932,0.05645495544882223,-1.7640442540306265,1.802937085169865,5236
3079,9,0.5244213706603713,0.08805382178588068,-1.266409465148462,1.0308938565141859,5236
2599,10,0.5003917030196829,0.09659253472301826,1.47649643568384,1.983276450055113,5236
3373,10,0.5401535997116553,0.244955691192866,-3.1413498351804354,2.111380759807822,5236
3597,10,0.5536344768879463,0.05694371143293858,2.240361069458523,2.9530629149121195,5236
3710,10,0.562613026305507,0.06575003962945415,2.3431382233835514,2.7277841252107637,5236
3857,10,0.5736305484284238,0.18905988405841875,-3.1362496681007914,1.9941146669890015,5236
3863,10,0.5744808206044213,0.07484655979453335,-1.0364899766613627,2.262993189760842,5236
4084,10,0.5940223410198445,0.06379836225876119,-2.2690306443672252,2.190510260786731,5236
4119,10,0.5974313903287061,0.12404423983949957,-1.5893627578284089,1.2730529236807082,5236
3726,11,0.5636572620557305,0.09139559202357278,1.9233543815064056,2.1475676726665345,5236
4241,11,0.6109589227160661,0.20143267082116129,-3.0334192596470007,1.8828618209435448,5236
4345,11,0.6211615316594217,0.014836050381252299,-0.009978779265987798,1.9285018369017475,5236
4522,11,0.6426579326974783,0.1279372980638285,-1.7853365065758269,1.2047045193439767,5236
4608,11,0.6533831956091588,0.04323390689087771,-1.2201717454048033,1.1808002006610918,5236
4733,11,0.6707535260455812,0.05484104013058184,-2.201685228411364,1.1818771021264012,5236
4362,12,0.6229349958282742,0.19214265353563956,-2.9990155867329196,1.8782599443479548,5236
4767,12,0.6772821327102361,0.0720457205577903,-2.542381257853274,2.272860605298709,5236
4897,12,0.701701473175308,0.11424700346903946,-1.9528229433226845,1.6299888496415258,5236
4900,12,0.7024085896037102,0.06244958312775164,-1.8684483703417614,1.4654220697994667,5236
4783,13,0.6797130859575119,0.14477327508187554,-2.9470550357063066,1.8300702719409419,5236
4836,13,0.6902675577186181,0.14908647119984775,-2.859558412530792,1.6839074791160167,5236
5032,13,0.7421196238620146,0.07899190864439254,-2.1196335545365748,1.5922335769496865,5236
5048,14,0.7469441616279483,0.11477460252040506,-2.6597625125082915,1.78987285951203,5236
5139,14,0.7847301663824716,0.07858260153421454,-1.985190706331131,1.0599865031997975,5236
5156,15,0.7981978187289265,0.1238275691879439,-2.9035044166116384,1.7425779557204069,5236
5193,15,0.8268075949263125,0.1105593456733002,-2.2672772965079626,1.1905384854002299,5236
5205,16,0.8430167538944735,0.1314231324999985,-2.6325299450257145,1.8459453245500654,5236
5214,16,0.8556233205750126,0.10795135695986945,-2.214013055547231,0.9388275785179917,5236
5220,17,0.868083077885144,0.12228854542662665,-2.650917462610678,1.9995880339630112,5236
5234,17,0.9224227158779318,0.07420404640234442,-2.8734515770772964,1.5796469381228464,5236
5236,17,0.9435903096384191,0.05433928512616026,-1.8984755216179545,1.0400107017803197,5236
5237,18,1.0,0.0,0,0,5236
0,0,0.0,0.0,0,0,5236
3,1,0.09444067289439384,0.033446219889401656,1.7282367543492994,1.8518466547086825,5236
12,2,0.14708457289850174,0.051387487590050754,1.6856925938475538,2.959997079971591,5236
29,3,0.18169303060541464,0.07514162890105318,2.1748242577217063,2.6150594333188484,5236
94,4,0.22315266134553258,0.08026039928638692,1.6883397647869272,2.6517168012073604,5236
183,5,0.2582696091019623,0.09014863981513406,1.6740038074116266,2.5259865992044257,5236
211,5,0.2663503003311063,0.11325440312056884,1.746158483027338,2.4601515418257636,5236
270,5,0.2812185786341789,0.07611389326405978,2.7802733720099964,2.7141087300404587,5236
315,5,0.29291715211253,0.13673584200599942,1.0352684558002834,2.8275673579550658,5236
432,6,0.3168312182407591,0.09318879270080098,2.0392305455773765,2.2306585875115754,5236
497,6,0.3285400434283786,0.06350257152709853,2.629937539980781,2.4917108882573413,5236
506,6,0.3307144901616639,0.1168349607295614,0.4657933820358932,2.5385573704501327,5236
551,6,0.33797745979997473,0.1249961922758511,1.1195741614663168,2.2722672567334548,5236
570,6,0.3404907861365739,0.16036472818267875,1.0128417110236771,2.952945177760422,5236
1051,7,0.39759692370083477,0.05747439596832564,1.07014886947629,2.386982874205717,5236
1147,7,0.4059396577303471,0.16932238194084492,2.1313872167167993,2.483030953576518,5236
1212,7,0.4124779374030495,0.017841927845981886,-0.9416936846109569,2.2436522620439163,5236
1223,7,0.4130256272737577,0.10861933127179015,0.8298712652608915,1.7286081725631053,5236
1296,7,0.41928101392968076,0.20331554511249222,0.007557066328693762,2.8476626544696777,5236
1372,7,0.4255061869383622,0.09874344188014937,0.4534836843115709,2.4340320946374376,5236
1568,8,0.4392314871462306,0.1643570108255828,1.862789381829056,2.4377694192229655,5236
1786,8,0.4533237353071612,0.22506400246522903,0.2875353971764279,2.9409082702516582,5236
2413,8,0.489976030312252,0.05390083309835009,0.8623847507331911,2.131783045496033,5236
2799,9,0.5076930696485465,0.2071180197648869,-1.1820951282278607,3.0016749402790115,5236
2807,9,0.5083102139179908,0.05432855246474067,0.8477159347097198,1.9593097351766795,5236
3255,9,0.5322140233086645,0.13119631493700934,1.4149066455671324,2.125524763256923,5236
3654,10,0.5563104318689663,0.08630943594534535,0.9300748051892321,1.563883056854102,5236
3779,10,0.5650047264716013,0.1876982811055101,-0.5871144746169233,3.1214413358256734,5236
3800,10,0.5662313601660142,0.13889778980274492,1.3885900033595564,1.9521105382151824,5236
4089,11,0.5888162917839891,0.18394295297400465,-2.207133180013219,3.070207073861146,5236
4397,11,0.6202754671803646,0.12766802463186352,1.1557514903338582,2.273890051973724,5236
4401,11,0.6204831776504158,0.06902866950684261,0.737373713135531,1.6311987707130804,5236
4404,11,0.6206060778436604,0.12080907927027344,1.3467699786313738,1.8925972116155554,5236
4381,12,0.6194900458853946,0.16556704533817804,-3.129429494369965,3.062155818358971,5236
4677,12,0.6551021815783665,0.1457497826032089,1.2980855442754407,2.1967808492762773,5236
4796,12,0.6765570517266847,0.10145245850975149,0.7272669897539379,2.496503260354929,5236
4818,12,0.6804134522219658,0.05463351197722688,0.28176726146602377,1.9645569903719735,5236
4849,12,0.6869114104972902,0.09541268941590698,1.6229543818752978,1.5770158478985938,5236
4897,13,0.6964453242778982,0.2046805989194404,1.5238335073443559,2.998286664663619,5236
4905,13,0.698650174089581,0.21406090387256071,2.861501031195546,2.755291674674701,5236
4955,13,0.711994556566362,0.12188970443829128,0.3951279276014559,2.8044308626932097,5236
4968,13,0.7147513368880373,0.10429529395262783,1.6711509405787779,1.3687013841018492,5236
4989,13,0.720501690903148,0.10364380829437977,1.4283475628227111,2.586087692406601,5236
5031,13,0.7343955845752355,0.07564936281902944,-0.08102728475345906,1.7270651712717955,5236
5041,14,0.7389532019318813,0.1866340715681012,2.118077794622237,2.8504139420624472,5236
5092,14,0.7637877918645936,0.14033773078738207,0.24872374010626117,2.780009755966406,5236
5093,14,0.7638188612612031,0.09996786096197813,-0.042097125120844514,1.709193450086604,5236
5129,14,0.780554932528042,0.11834283534013747,1.9659873983082898,1.5824150464747218,5236
5146,14,0.7882737002159053,0.15786896089967048,1.1237456819830096,2.4148834102690677,5236
5155,14,0.7940543842077892,0.17591663472002367,-2.972182936737562,2.62742247798553,5236
5159,14,0.7959509288252266,0.08408747004451318,-0.27582814595489635,2.3663095739708484,5236
5156,15,0.7946733895043024,0.12620518868504063,0.20008983968855468,2.74086994318541,5236
5196,15,0.8259179735663486,0.157651336353866,-2.8689334525484056,2.663763587142409,5236
5208,15,0.8434332541218433,0.05511512605962645,-0.17104800989104224,1.8826735509564232,5236
5211,15,0.8449210246187198,0.12196782860506039,0.6942629332985304,2.3518055133570837,5236
5214,15,0.84674882577861,0.12831984293623475,0.2440898860410179,1.8709513928794193,5236
5215,15,0.8485435321671995,0.10081338084856466,-0.4742744951363031,2.3641314066043466,5236
5218,15,0.8614454247751485,0.0804151346214629,2.4658091208852926,2.0230130814021825,5236
5212,16,0.845311678182263,0.14275799051181956,-0.20404265024294904,2.772918544009622,5236
5217,16,0.8611649997400066,0.13671365345073044,-0.8085045961897127,2.7063022259580034,5236
5227,16,0.8779028608021174,0.10650376901603881,0.9262391207567597,2.4719803528941537,5236
5232,16,0.8896917255277788,0.08809461855162014,-0.45248998150303305,1.8615784083943914,5236
5233,16,0.9036125257359793,0.0948828009420195,-0.12803789759667986,2.037458481848448,5236
5235,16,0.917598442566469,0.08133867982754973,2.827031192281067,2.5488322229552396,5236
5236,16,0.9432973261751266,0.056582489968068715,-1.3238627936972214,1.1136581341441651,5236
5237,17,1.0,0.0,0,0,5236
0,0,0.0,0.0,0,0,5236
1,1,0.06593132937464208,0.06019358885562773,-2.9193106477209843,2.6818103152478328,5236
2,1,0.0688878967343255,0.05409680257846973,-0.9140992676455977,1.9807080574727969,5236
5,1,0.08348556898090065,0.055822940332269026,1.6670465065885307,2.7947925919784873,5236
6,1,0.08780436705937211,0.07963267720850846,1.4479422997883222,1.999197758033947,5236
15,2,0.12402386829522771,0.05189161973471498,1.579586260403718,2.1287845939838133,5236
17,2,0.13159489806409086,0.10288965275323753,-2.5487400945905447,3.12330333463873,5236
34,2,0.16203255383800863,0.07813532010391333,-1.0064993169658507,1.9392636506597354,5236
40,2,0.1736346204154866,0.14279599912619656,-0.3982822547607145,1.7875796673111428,5236
29,3,0.15452042627655838,0.06634530736719257,1.5912235025359949,2.351413352879816,5236
56,3,0.19573786972484553,0.1336854892197617,-0.6783808092944127,2.7123199783749574,5236
67,3,0.20295505967278626,0.12167355506030504,1.3080896754903413,2.1818718795958603,5236
86,3,0.2206614641546646,0.10414146759130764,-0.46984659556173763,1.9598506905089086,5236
88,3,0.22171028605392107,0.14072708448769927,1.413413800536775,1.9928532401212669,5236
151,4,0.24800621936204492,0.10149103739503923,-0.553345923279688,2.203956537448767,5236
194,4,0.26559133118949896,0.15752818540692518,0.6222344294222081,2.5697596932746705,5236
242,4,0.2821416945804611,0.1277324330317184,-0.10748798531124468,2.3980249239911626,5236
309,4,0.2985765524310582,0.21098554045624715,1.2765434863443859,2.126325251398038,5236
395,5,0.3133890670886389,0.14182841935621357,0.1337200557130842,2.58620331356831,5236
403,5,0.31490889896522356,0.12510148532643148,-0.5802020282102489,2.63545344127769,5236
489,5,0.3316102797403173,0.1508874405101871,0.04598327889696872,2.417067439968947,5236
533,5,0.3389871744781038,0.20567568647700427,1.11253374436247,2.128387113156449,5236
687,6,0.36216701243671345,0.1382108179867854,-0.26096602753194925,2.4243027783687716,5236
699,6,0.3644098510811741,0.19372460444409914,1.1958840772431252,2.1615244829990714,5236
909,6,0.3863144799367273,0.14561603091808445,0.2957388138870445,2.600979218183467,5236
1189,7,0.4113805167796464,0.18565400908651292,1.1431028263444218,2.3189639862601834,5236
1228,7,0.41383351089727305,0.15814180508578998,0.19490768947718257,2.506574377889685,5236
1366,7,0.42238757676484673,0.15680545161024534,0.5999313220416855,2.639258827065671,5236
1892,8,0.458315333384697,0.18630154908466737,1.2316062117351216,2.5636302862139546,5236
2029,8,0.46686256877839094,0.17681522223249113,0.8346275988021978,2.728480900499209,5236
2391,8,0.4856815211298273,0.2084265314167252,0.6715263771244498,2.5125885445223695,5236
2757,9,0.5048120733746576,0.2040926697609426,0.7592528254573792,2.535164061984127,5236
2921,9,0.5129897995705612,0.1690461414093899,0.6975948835518403,2.5569968579502134,5236
3738,10,0.5655896014321387,0.19966848584714733,0.9034637769276197,2.499557681800219,5236
4183,11,0.6044127200815563,0.17266360707667056,0.897628448689553,2.5892256018318176,5236
4427,12,0.6305243978255671,0.18384458351462396,1.0218236769438418,2.5329777246397898,5236
4703,13,0.6657876094177576,0.1860421068321565,1.2275273780324196,2.5816155665426535,5236
5019,14,0.7314538106916453,0.18360656671941492,1.7742224872598427,2.6409825560785074,5236
5142,15,0.7781511730831333,0.1676699651850173,1.7409488161613393,2.7713878080909913,5236
5172,15,0.8027357318149135,0.1430992442868962,1.372588826288204,2.916669184162663,5236
5204,16,0.829162023804524,0.14241798658359917,1.1658007272377455,2.768328473383497,5236
5205,16,0.8294562119373164,0.1447124347504276,2.3344744255410923,2.7833192584176603,5236
5236,17,0.923307495704709,0.06879891116995505,1.3582403742889362,2.5414717937943987,5236
5237,18,1.0,0.0,0,0,5236
0,0,0.0,0.0,0,0,5236
1,1,0.08007791040785184,0.07467745661593524,1.2950798320756625,1.5289780170616556,5236
3,1,0.09130461323195105,0.08469262752514178,2.3118532420654807,0.3637441852129585,5236
8,1,0.1126040553122204,0.11169208794260174,-0.40098072583196886,0.5116986172446939,5236
12,2,0.12947044664695107,0.11039739544588215,1.4465029132385758,1.8544942075972763,5236
13,2,0.13008261787756703,0.08250934658231018,1.0765264119537912,1.7350752952447066,5236
17,2,0.14311139262816386,0.12954038014093508,2.484684624675175,0.37798224714502077,5236
23,2,0.15775391950709083,0.1433295628771613,-0.920747387456441,0.40948889207164646,5236
26,2,0.16378572395354285,0.1235581290857527,-0.5531246138812111,0.7289519209125137,5236
45,3,0.18724543145022332,0.09182068376219957,2.6561882323713135,0.2416787430078936,5236
55,3,0.19970325971173786,0.14265819060532028,-0.39378854778877764,0.6330094600007469,5236
63,3,0.20271776161190003,0.14393649349632442,-0.6909169459699988,0.9379801080466017,5236
65,3,0.20308213061933023,0.057193485433279456,1.5409639108750317,2.1987338009046,5236
72,3,0.20632833395025318,0.15854611363011017,-1.1895271545336776,0.11183920050477045,5236
120,4,0.23506168407218697,0.08537230632429028,2.1838715100083963,0.6830136198131339,5236
153,4,0.24792962549759334,0.06380001260412575,0.8638566038033237,1.9930937573338003,5236
183,4,0.25599131536032727,0.11761517543491638,-0.48049183057340833,1.0026808460910746,5236
184,4,0.25611462737423596,0.161114596854107,-0.830722456689896,0.1659330927935559,5236
187,4,0.2575838221336272,0.04872135013349082,0.5506927751106523,2.4014660066992244,5236
192,4,0.2602108603901411,0.036130488853672316,0.19026923352741304,2.1073150231162545,5236
285,5,0.2902740617949081,0.0353757082733971,1.047919176012065,1.809195209535792,5236
295,5,0.29415405890070945,0.1290134034135401,-0.45921126297902387,1.2111197749606013,5236
454,5,0.32157238603231353,0.1922936330434849,-2.2456158960502095,0.18002225598518368,5236
526,5,0.33524336630617724,0.07062387444233838,-1.9102294005103535,0.813015719396488,5236
622,6,0.34973586415341695,0.15346976921924715,-0.3199011377621944,1.2139011159012052,5236
739,6,0.3645986952902619,0.21172561727015873,-2.276508312963317,0.19026407720506772,5236
814,6,0.3731156490017077,0.028062692830900526,1.4992052519075623,2.4652092608896905,5236
1094,6,0.40329340194303787,0.08804986722696567,-2.741466566832782,0.7732946408198539,5236
1140,6,0.407038007305898,0.16270012323987967,-2.419031403400303,0.5208489296013035,5236
1275,7,0.417717113319067,0.13460328289126472,-0.23894196330521816,1.138938306930178,5236
1397,7,0.426348409929732,0.23075277907004826,-1.2219332817081223,0.11843218248968247,5236
1425,7,0.42870010452483864,0.07568757525453174,1.7529777110333824,2.093914661548455,5236
1439,7,0.42987419537188265,0.17177315035006807,2.4805708897394703,0.060391589841515915,5236
1620,7,0.44223242232936777,0.0589552749980357,-3.0613654767057517,0.7899358547519015,5236
1637,7,0.443731452158862,0.2493593543816416,-2.2178077231764886,0.15797421660653166,5236
1727,7,0.4500554131273814,0.17455990300267402,-2.3980963124788235,0.42394865908572993,5236
1872,8,0.46018179650690205,0.09458521223127851,1.720676307605199,2.38295243234048,5236
2130,8,0.47543537124312096,0.10497690582121755,-0.03508789453278884,1.2551613916138809,5236
2253,8,0.48192970915646516,0.14599872535531155,-2.3264362001067123,0.44508765893649904,5236
2269,8,0.4824508344820507,0.08262762631426858,1.0321034652524619,2.0072070386693723,5236
2435,8,0.49102775352484895,0.08761260456894607,2.3677272667308356,2.431856517818996,5236
2677,8,0.5025105734798425,0.2195274094868575,-3.1275712925583035,0.2524282826762555,5236
2940,8,0.514732116550952,0.06468836182670043,0.5720418331976012,1.8399708883639585,5236
3055,8,0.5207892138790219,0.039291375705705914,-0.577920354913413,1.4646526610479558,5236
3174,8,0.5265992201685404,0.03467754796341737,-0.6409692130492677,0.4686200358519526,5236
2792,9,0.5077371093311039,0.1506250735971363,-2.371653822741426,0.5516540661065487,5236
2901,9,0.5128658999791008,0.053266763680578526,1.5553328364829186,2.1860249182883886,5236
3097,9,0.5222746823760245,0.07490231374479686,2.050016569052528,2.6470951372930993,5236
3512,9,0.5466697231656679,0.20590896363253106,-3.025120287685928,0.39464017880269225,5236
3652,9,0.5572529217186392,0.09698937727843861,-0.25958470000093825,1.8372102948062459,5236
3726,9,0.56155253524044,0.028211017765995505,-1.6306337451732014,1.1593483214709779,5236
3804,9,0.5673219553568776,0.05283839296147837,0.14195611630267646,1.6333814785692395,5236
3805,10,0.5673362088395634,0.12283985171411128,-1.756621190667453,0.25486740971208555,5236
3933,10,0.5779287196115754,0.13248656819784907,-1.5286801705528306,0.32488878551299555,5236
4038,10,0.5869959524564213,0.19360380782345457,-2.862666692712068,0.3561660380171855,5236
4122,10,0.5954028335041662,0.022431921373610546,0.8154533333923909,0.7453385985377534,5236
4213,10,0.6029299559756144,0.03677118833785898,-2.4040406767242755,2.300149824256868,5236
4216,10,0.6031683596714404,0.16306212214255422,-1.7503070835845334,0.9271906580113446,5236
4434,10,0.625296382964643,0.09068850843461683,-0.051147250269993526,1.8133046042510397,5236
4472,10,0.6306821106916193,0.06481377031830438,-0.6440072671806473,2.1942847489260897,5236
4309,11,0.6136555736158134,0.11432002232115192,-2.050907485915811,0.3987908152468921,5236
4507,11,0.6362932153663057,0.015051296648583562,-0.9466430870548599,1.2328538661397528,5236
4518,11,0.6388217830785027,0.17388804979673173,-1.849313569626621,0.7585156040703703,5236
4533,11,0.6422065959601233,0.2372416204395407,-2.5336140055078995,0.365741172116575,5236
4580,11,0.6479048074549191,0.04320824174439669,-2.958450432809839,1.4495910369848928,5236
4764,11,0.6753473822496344,0.08895031847085344,-0.3137805883288855,2.190855319525899,5236
4754,12,0.6734007370170508,0.15860715813427598,-1.6219843727637147,0.4687573989879094,5236
4763,12,0.6752045675686297,0.042268700000044346,-2.6103586042945723,1.6816754949761326,5236
4796,12,0.6805889461224675,0.10486277188871113,-1.7151379921775296,0.8481123159705379,5236
4825,12,0.6858397669048466,0.20444476044727708,-2.0781480967549046,0.7035839298437111,5236
4863,12,0.6937109311214892,0.191588962730435,-2.375382300273779,0.42567675570679253,5236
4966,12,0.715678594827231,0.09077638416141008,-0.7971030070487606,1.4560800053314622,5236
4997,12,0.724863713734753,0.0719982376301452,-0.6936048106948111,1.9932494355604478,5236
4969,13,0.7157678977128743,0.11587352526979278,-1.5236079381729004,0.7010738857059257,5236
5014,13,0.7300037658409015,0.20354924643691483,-2.2595925670651438,0.5793545146640537,5236
5038,13,0.7350603369411228,0.1791304534822281,-1.2821534971135538,0.5027641120290729,5236
5059,13,0.7401754860176324,0.17674896003771115,-1.3639837830087018,0.4565131342832522,5236
5077,13,0.7448522620336057,0.03218197484139739,2.1317433403685104,1.480986159510015,5236
5089,13,0.7477055560385573,0.19940480681528971,-2.3611447256304836,0.4175366576322141,5236
5118,13,0.7650145440708052,0.06794147729736658,-0.3947981674617288,1.7420185182508123,5236
5143,14,0.7768550933287506,0.04280230975855949,1.528350410974351,1.070944573478473,5236
5148,14,0.7799796215729788,0.1380882654541937,-1.8417335933753236,0.8291144387441053,5236
5164,14,0.7895986763743941,0.06636696364915463,-0.4771148899846406,1.7266362641793864,5236
5187,14,0.805588253379229,0.0638443075377598,1.0250273793536548,0.9360463613711266,5236
5197,14,0.8164928158745244,0.14410310922367797,-2.140710663749694,0.4767851650940092,5236
5202,14,0.8219661965072864,0.09372882296472489,2.0772111591955604,1.284975839662073,5236
5207,15,0.8304081979012049,0.07399007822724069,0.9644625182210322,1.1931409303271878,5236
5220,15,0.8466003968087481,0.07093783951294154,-0.4903609949742744,0.9659006830319089,5236
5224,15,0.8528403771225022,0.10275018524136414,-1.2123946591006352,0.6414285670847033,5236
5226,15,0.8573070785474619,0.08491522102722196,-0.3213635138395837,1.306946606337981,5236
5227,15,0.8605120806714855,0.12712792585670368,-2.2753117245659173,0.2991279527261725,5236
5228,15,0.8610736762152321,0.08306991100579475,1.8995474860220791,1.3608610331927329,5236
5232,15,0.8738727015306912,0.06005666599241922,2.5454632765535483,0.842688146623483,5236
5233,16,0.8800864559401382,0.11686952222425333,-2.578483135790915,0.2054365480975669,5236
5236,16,0.9806068693443606,0.009273290723805177,1.4848679748219393,1.7052870502692044,5236
5237,17,1.0,0.0,0,0,5236
0,0,0.0,0.0,0,0,5236
12,1,0.13074398525713227,0.12783164976540878,2.3381561534499373,0.9813761145394637,5236
17,2,0.14661775213471306,0.11800349796067222,2.367889956238489,0.945211219177308,5236
45,2,0.18838343712867345,0.1743164235770469,2.3550689457619223,0.8066712612253479,5236
56,2,0.19728709917781417,0.18150056541480308,2.282781976137773,0.9299712304149543,5236
103,3,0.22478281084836704,0.1641626581426186,2.2621479374238813,0.9524768041341736,5236
148,4,0.2464828233328854,0.17537196980814737,2.218196141478401,1.0094105785115834,5236
284,5,0.28694035041530175,0.1659942633734563,2.3080957960512762,0.9374442986720118,5236
518,6,0.3345336214064736,0.1369400737625113,2.2133814986266054,0.9987112223780643,5236
686,7,0.35870497954707226,0.14371595876584436,2.098206869229949,0.9191534395974063,5236
1583,8,0.44317867874078887,0.15099662688833979,2.267165264740365,0.7539156122545305,5236
2425,9,0.49002153148349725,0.13040731007240192,2.087831208179865,0.8380873401945721,5236
3033,10,0.522500278271729,0.1294025445900411,2.220683387401965,0.7934536698372511,5236
3763,11,0.5687803044695564,0.10764790025183735,2.5336278932694585,0.7315639743549901,5236
3956,11,0.5843965127895767,0.11514130825815265,2.3179041050145663,1.0282711367601496,5236
4007,11,0.5882518740390811,0.15516251629677025,1.7926893954440655,1.0365407999124905,5236
4117,11,0.5973989956817,0.14217377823050356,2.3348229080757217,0.9265532582022362,5236
4220,11,0.6080417376565018,0.1221287410697321,2.14899960745357,1.4247293274094124,5236
4330,11,0.618693744741738,0.10998941659732715,2.4985374473289994,1.4783548650305849,5236
4360,12,0.6223565901924184,0.09870321217626185,1.8121393976542008,0.6560783950043886,5236
4416,12,0.6299688025803291,0.09370433568072292,2.8531293997634823,0.48350456517578116,5236
4525,12,0.6429377841024431,0.06896048156907593,2.2664190415550896,0.46864093399748064,5236
4544,12,0.6447015611966843,0.09704488007359137,2.544433502553658,0.6954410693349502,5236
4616,12,0.6543694888027989,0.14123868732343237,1.8240537474721994,0.837450423489542,5236
4717,12,0.6683865447508485,0.06893951248249924,2.363536237395406,1.3074729318156155,5236
4776,13,0.6763049712942031,0.08758584520629918,2.6918964096959797,0.9074308716350132,5236
4906,13,0.7029846881578657,0.12408646446788112,1.8144315186706692,0.9056007814855207,5236
5045,13,0.7412798242097526,0.05512807934519166,2.521358451347019,1.9613668374826836,5236
4991,14,0.7254503558023582,0.12332993225575557,1.675546921301931,0.8532288130231008,5236
5158,14,0.7969522706446849,0.05365451525524058,2.367550117446549,2.0226028202791912,5236
5152,15,0.7926809412293222,0.16304052593640633,1.8099628090957256,1.1966157680959963,5236
5171,15,0.804284006848886,0.16267233201518555,1.109112278554113,0.9533920613702741,5236
5203,15,0.838624239173684,0.08438318758425005,2.4281871371697115,2.381062226016464,5236
5211,15,0.8486902181482274,0.09489305410875842,2.5986193670851976,2.3006239193322067,5236
5184,16,0.8166025964994391,0.15058778127290548,1.7610760321278043,1.1523320516360847,5236
5186,16,0.8172689182412554,0.15530661672411214,1.128602016106085,1.0104201302229492,5236
5217,16,0.8649312640285467,0.09366256526859447,2.553215072496883,2.158305670167713,5236
5233,17,0.9086654074898338,0.07836171575403114,2.9489296468774957,1.9882266857154813,5236
5234,17,0.9088207734285352,0.0852488753504757,1.6932916784121896,0.9285459450356632,5236
5235,17,0.9131814868347907,0.06693111524802878,1.1792000882874356,1.359628096518507,5236
5237,18,1.0,0.0,0,0,5236
0,0,0.0,0.0,0,0,5236
1,1,0.034743513044654284,0.025086115044901647,2.007717206545386,2.607101605210633,5236
2,1,0.07358968675716193,0.05013012976187708,-0.4434848897232995,0.47519115129340234,5236
3,1,0.07781959710975883,0.0339094721683863,-1.7525924766473677,0.5496296872896304,5236
6,2,0.09284116182506386,0.051256949884161816,1.2615231637195792,2.4921386671368237,5236
7,2,0.09955369076246579,0.0439256571979403,-3.1096352120144886,3.1036145170205076,5236
8,2,0.1103048457487309,0.02603452497481831,2.0086252303445504,1.8230595940274987,5236
11,2,0.1302378396490318,0.05446171288597284,2.4300899683230477,0.5881475004636451,5236
12,2,0.13219283933939618,0.07458503648066081,-1.2836629484501574,2.0617040115049186,5236
35,3,0.16522001289646182,0.06141211515643316,3.1312297372500186,2.6602682750708437,5236
36,3,0.1678124672245107,0.024879516571943434,0.13926129260206943,2.1988028556220005,5236
40,3,0.17116603513630502,0.03635052729071706,1.608899172076413,2.1571246672732802,5236
66,3,0.2018193802542203,0.08335837465560701,2.1214894550171963,1.4580063853844358,5236
68,3,0.204579702863684,0.0826550764296908,-1.0919625794932983,1.9904689226780534,5236
112,4,0.2279810900252911,0.08667780637905684,1.9496623568500353,1.7035550275740587,5236
150,4,0.2474931162722549,0.04126724826363457,-0.9353572123821893,2.085359672650744,5236
158,4,0.2498608559937866,0.1106640947899545,2.4369221465808826,1.4875269713430592,5236
245,5,0.2824723057899984,0.054267278026360055,-1.3327112827866132,1.942250821589964,5236
299,5,0.29632501666247224,0.1030707959411102,2.4223316467199587,1.6953840631373651,5236
488,6,0.3316915681929874,0.06197811621408539,-2.1679827588678595,2.501449141597633,5236
634,6,0.35140397873215345,0.13520667771512662,2.330314604764445,1.615903853345148,5236
715,6,0.36276413641183913,0.1426178504082786,2.693778830171189,1.8438046346973758,5236
724,6,0.36435351809026295,0.08636854014542004,2.8407077434936254,2.1031549362289494,5236
981,7,0.3930194933347767,0.04149497110552732,-3.012159707236655,1.77479483278997,5236
1359,7,0.42660409964151635,0.10772208274776872,2.842782962602235,1.6631369277303383,5236
2039,8,0.4703756030223517,0.11248697914284655,2.9698924650313945,1.982436959258,5236
3061,9,0.5237063982493482,0.12243779987652634,-3.0334723495065643,2.340123505560757,5236
3437,10,0.548774687987097,0.11375834880389099,-2.942157025350275,2.400875436636046,5236
4057,11,0.5938185862574205,0.10607035061349977,3.1156363773534443,2.5157150544696734,5236
4536,12,0.6435188207373508,0.10633176394361707,-2.921779312053313,2.60748546404221,5236
5047,13,0.7410006767753698,0.10416854649557952,-2.01277995978992,2.112184585263183,5236
5165,14,0.793826737825037,0.13852902097534026,-2.0263621439275874,2.316861191742079,5236
5199,15,0.8323431304751988,0.11086192911505603,-2.2386367148535786,2.2673753896768907,5236
5227,16,0.8808915539604176,0.07551139154033344,-2.4820110430469313,2.0366724114815575,5236
5233,17,0.9253996777346042,0.04884916276825311,-2.366475527676449,1.5225016350628886,5236
5236,18,0.9634636795285038,0.03252575368591254,-3.0800755588129585,1.8293370787553767,5236
5237,19,1.0,0.0,0,0,5236
0,0,0.0,0.0,0,0,5236
1,1,0.062243481136081136,0.0485155653091948,0.3638249643981156,1.3737438154429715,5236
2,1,0.07575998116725868,0.06884653344642672,-3.0598508492139143,2.6571435410623985,5236
3,1,0.09227021196478424,0.03415389877109351,-1.1437581552014977,0.4606100881012311,5236
4,1,0.10651915787355903,0.09282360010819377,1.6237552233714694,2.3418247126702507,5236
10,1,0.12888189725224897,0.11993704744902386,-0.1604600338261301,1.5476039727216964,5236
13,1,0.13097246078008207,0.08227718296359499,-1.6866152225372733,1.369037095118501,5236
5,2,0.11354399633073042,0.059998333563096036,-0.23283310147222372,1.1101592204629385,5236
7,2,0.12662942163459345,0.03588482186557606,-0.827819823124523,0.2026576644525696,5236
9,2,0.12852967592757392,0.031270064815352314,-1.861980926044958,0.4713048214964976,5236
19,2,0.14517088304546866,0.09020747161674109,1.9171424818051093,2.064944658279941,5236
39,2,0.16568736014963992,0.0911448286423649,-1.4419677635026902,1.2968840299325894,5236
41,2,0.16833447554521075,0.15233975396074878,-2.9812038327234363,2.627799569646229,5236
42,2,0.16958457682445183,0.08869265475146816,-0.4589736678900113,1.8447632859693668,5236
44,2,0.17415344705802094,0.13476177239569384,-0.20810002621978588,1.5461112445397351,5236
56,2,0.18354574641970656,0.15198606623265823,0.49456698031227325,1.2350698034019005,5236
33,3,0.15950629146182782,0.08435468320768444,1.8952559473691888,1.9446687888380438,5236
63,3,0.19387591222783374,0.09137730283528823,0.2792917853258207,0.9675925757637264,5236
64,3,0.19428261950286407,0.03601444829152643,-0.9732667242112105,1.2745817683549026,5236
92,3,0.21140823799422426,0.05138555037973973,-2.9360859712267673,1.0520997874486193,5236
93,3,0.2140238245592705,0.09701968173895946,-2.7450849137404263,1.0634606981703014,5236
108,3,0.22035039659834088,0.1304974424012737,-1.7699511593253863,1.4291557830551667,5236
116,3,0.22442365901211314,0.16380062922320218,-0.3354334853834255,1.6543942543232526,5236
122,3,0.22992454991819766,0.06926844274914314,-2.541340736704111,1.3257069203702152,5236
123,3,0.22999524321018272,0.14242930797097483,-0.08709626336452621,1.1947294684245269,5236
128,3,0.23054217971864688,0.11696598878006262,-0.17299313825076523,1.6788048731694527,5236
133,3,0.2322156921843198,0.15202333089411513,-2.8454259253989966,2.3812611818568405,5236
136,3,0.23293681003932099,0.16755552307691152,0.6052004396035154,1.078653023126203,5236
95,4,0.21448015795008113,0.08373024084873758,2.209970035532421,1.3705543962420537,5236
140,4,0.23471223892821502,0.12281533836747863,-1.7834085822348624,1.3938766000993932,5236
163,4,0.25084915714949974,0.07350492025971003,1.5539559227907251,1.3260784705196287,5236
172,4,0.2526999697926273,0.14006168585218232,-1.6716957598888065,1.5500139070125856,5236
200,4,0.2645014346450333,0.05105253290884313,0.756385453657754,1.5682265338989747,5236
262,4,0.28066493742252296,0.09270939907113009,-2.9447845055477306,2.4006675695354995,5236
316,4,0.2923476507436409,0.1806720093267029,-2.7844322247727638,2.0731245134398923,5236
318,4,0.2924445527045124,0.14707819884682463,-0.294242403837495,1.324081732092376,5236
321,4,0.29284616560489407,0.09282305230722833,-2.356884444881833,1.7551416100577402,5236
337,4,0.29617542103586114,0.18588647227962304,0.9151891483305179,1.1995393948526218,5236
214,5,0.2688819773010195,0.07689078447694665,1.8997103540386129,1.273065222540362,5236
357,5,0.3001511194959996,0.10330871362938593,1.6552722900080015,0.8590423353475098,5236
366,5,0.3019530826595682,0.14425929451726846,1.8734317272750236,0.9355928463020572,5236
369,5,0.3034753117386704,0.14400404318816634,1.7722320877522642,1.2305293242766573,5236
373,5,0.304070718703209,0.11641371169778003,1.5803125170908163,1.5392916463593136,5236
389,5,0.30895201680241,0.15139282462062187,2.431697483068429,1.2549317748933349,5236
398,5,0.3109997436715628,0.08200442065295263,0.43191653132340413,1.9494676566801732,5236
406,5,0.31252552665792543,0.10392537692665671,-1.9603933640861024,2.0032497990577594,5236
410,5,0.31294879299124845,0.12642132524175728,2.898112297750739,0.7906187705322951,5236
455,5,0.3208603365338891,0.1529549790973029,-1.5140825278962295,1.826150025196105,5236
467,5,0.32275710188547335,0.09521169554037053,0.2548799964035379,1.6762554512860164,5236
487,5,0.3273038835456117,0.19287075988666305,0.8306553512918947,1.0849728423755003,5236
568,5,0.3395310142505389,0.17024362030323642,-2.81366743339451,1.8569311314511452,5236
599,5,0.3434997577350195,0.14151591952541853,-1.1001114354235262,1.8011965776414016,5236
618,5,0.34585259562818793,0.12155916958271304,-2.746753342042819,1.910144546007915,5236
651,5,0.34963312029363913,0.13646951375493932,-0.21868860208693658,1.3255218542027734,5236
491,6,0.327759482919173,0.12082582177601948,1.9130677864447148,1.035204697152546,5236
551,6,0.3365807188885115,0.07414451078727624,1.5678410053236562,1.3282810363325126,5236
596,6,0.3431097531354015,0.1592080889027767,1.8463285607822255,0.8771099211937707,5236
621,6,0.3460523642255614,0.06608394443061844,1.7990465003680292,2.390425911501408,5236
626,6,0.34640269899806897,0.1331558064510123,2.4930966077119607,1.1811367882893478,5236
642,6,0.3484673442755737,0.12271373709786143,2.4638192558298706,0.7886226813942545,5236
657,6,0.35100431985561265,0.12538951684721508,-2.160234514727094,1.8903461289348225,5236
713,6,0.35900008751163315,0.10766386433732003,1.4556208646627231,1.1908602178631846,5236
714,6,0.35903445395244094,0.14130017125484864,-1.359262181911081,1.8167664717007637,5236
769,6,0.36548877135313496,0.11461098977150107,1.099420559473656,0.434493824428827,5236
932,6,0.38611283951502506,0.20876289892759675,2.328237059453435,1.4261266940969914,5236
953,6,0.38854833899920216,0.11977482858819488,-0.02378992100470971,1.8635534163569352,5236
963,6,0.3889138659922169,0.14211334597286135,-0.3774536494669748,1.5393610910913744,5236
981,6,0.3906499945168709,0.1631547871031475,0.7538490254000484,1.3656164085525848,5236
1092,6,0.40061877710939076,0.16121535694992595,-2.9653706563108067,1.7441265292615873,5236
1124,6,0.40351761691329335,0.1784288471954874,2.807625135294142,0.39867142743210804,5236
1376,6,0.4245262367855638,0.17472482372202955,-0.6256666317963625,1.7634949106410671,5236
1566,6,0.4389183406254332,0.2013812259674318,-0.33851729139860837,1.4072810325142948,5236
833,7,0.3740145243276597,0.14893412578825627,2.5568942538029162,1.183328819792588,5236
905,7,0.3820418486584488,0.1509934009516937,2.3820045603980944,1.3084369342295499,5236
943,7,0.3870000796966555,0.09471667885919414,1.968845369009359,2.2233046848461857,5236
973,7,0.3897692613472207,0.1601052202707447,2.1532717293699806,0.7141943209048919,5236
1128,7,0.4038185874886131,0.1875294281802385,2.1323789302938105,1.0570155512933281,5236
1204,7,0.4101542559305227,0.10280859031702301,1.470375192635865,1.4284636629886243,5236
1288,7,0.41717929183244506,0.13311525731599697,3.073508790013295,0.6270471564130743,5236
1459,7,0.4313946344931937,0.20938518762756836,2.2664300800827992,1.1909509553701976,5236
1481,7,0.4331043476492836,0.1100898677728543,-1.3605565667532533,1.3647702939722268,5236
1505,7,0.43511997535212266,0.15888652627373548,0.6415481065629823,0.38371915876509965,5236
1553,7,0.4381789767583403,0.1989127006544496,0.8593657591567473,1.3509579154410385,5236
1569,7,0.43898726499014873,0.15136684602702136,-3.1130845026930243,1.7701643763975201,5236
1573,7,0.43910909726406966,0.20803262535833753,2.176375529232394,1.3032883030696345,5236
1579,7,0.43960277479281396,0.20483580966861398,3.0110677706845435,0.29970750067231117,5236
1712,7,0.44748249196259715,0.15731711654569347,-2.370982169209126,2.4861883204692212,5236
1968,7,0.46336275751803657,0.1900470812453563,-0.4806895582586511,1.82989647833056,5236
2514,7,0.49308856605750606,0.16786745074380638,-0.3999047464777416,1.3490292151590144,5236
1605,8,0.4416192220728682,0.15570706616236177,2.992130311992254,0.9739585275553663,5236
1643,8,0.44393989284490465,0.18319470457922404,2.904252101148361,1.2967112216887287,5236
1752,8,0.45065729065755966,0.21834366193969812,2.5246515969532792,1.050493687982565,5236
1767,8,0.45132220003656387,0.15150747841101544,2.053273197994041,1.3424071816168328,5236
1863,8,0.4573421981494489,0.12153581017433986,-1.3786336912341068,1.5133928738608118,5236
2055,8,0.46840514218364326,0.10146791109465567,1.7398476792063085,1.9231600488240972,5236
2071,8,0.46897462749037755,0.12619693124604073,1.5770816422369105,0.7692175556120477,5236
2094,8,0.47030417423491744,0.15754320353197013,2.5578563903687774,1.021000592007211,5236
2108,8,0.47103454690327273,0.1788655512091028,3.0448419578542585,0.7713586333945998,5236
2151,8,0.4737835228988092,0.15038829813506563,-3.1258436877203772,1.3005203664501632,5236
2173,8,0.47519735322348255,0.13709905721108792,-2.3301052520095435,2.453953332461009,5236
2313,8,0.4826787989708169,0.11466362824270165,-3.1311657788551948,1.6200787794129554,5236
2323,8,0.4834742569575926,0.16789713449100202,0.7442459899023345,0.2608435527975349,5236
2365,8,0.4857889118741979,0.21246567414893705,1.961912089140116,1.0422932709291197,5236
2369,8,0.485966280978232,0.10950269359958063,2.8709148473480486,1.8074671999984133,5236
2385,8,0.48682108301881133,0.17438788812007366,2.1891692191115943,1.162847269440817,5236
2714,8,0.502929115329608,0.19684674385865927,3.033300601744807,0.5758192875996763,5236
2776,8,0.5064686761192851,0.21910466033114784,0.9957620613286561,1.4601804646975225,5236
2949,8,0.5158564275681439,0.16893523888486026,-0.5029179604719529,1.9291798774035502,5236
3374,8,0.538770920310228,0.17612347752399618,-0.6437989646360374,1.4448678383120246,5236
2626,9,0.4986289470199925,0.13701521646728734,2.888254828290732,1.152679076631485,5236
2752,9,0.5053336389822541,0.1570476657971018,2.9488596539486736,1.1350200899924487,5236
2762,9,0.505748988813728,0.2109239080031108,2.723401926238495,1.5075777246177404,5236
2895,9,0.5132236527059063,0.1624838504561711,2.484558826490184,1.178249298205524,5236
2953,9,0.5161673742433438,0.18563113177734747,1.8063826338626074,1.3419031833766375,5236
3034,9,0.5198865940652787,0.14315702946123918,-2.062849795798968,2.724753721068686,5236
3067,9,0.5214305153467379,0.15159883720954923,1.043923903483227,0.4005737799625621,5236
3085,9,0.5221430233300752,0.08738561023368482,2.2745665945061497,1.7623424574739672,5236
3278,9,0.5321047610639615,0.10708984998636269,2.6215812229080004,0.9223463628945505,5236
3293,9,0.533411859378277,0.148665060999222,-1.1706760700663696,1.6483869231529198,5236
3467,9,0.5449158964066443,0.1333235156019986,2.0359720971961006,1.290275400550636,5236
3496,9,0.5468438695324513,0.1831792326012151,3.030878712579044,0.7484008521839655,5236
3601,9,0.5542738399849287,0.12231825763453644,-3.107701380909474,1.5263994373418612,5236
3615,9,0.555133584423372,0.17533693936905817,-0.6887440665067471,1.5151736236430384,5236
3635,9,0.5566582213050312,0.1762454343172098,1.8457781050574529,0.8103591232410349,5236
3644,9,0.5572799583252759,0.24045983284493935,0.8974018553237704,1.4087532904257394,5236
3763,9,0.566693837477133,0.16722504119094625,-0.601654016618158,1.7330167781009524,5236
3499,10,0.54715941678932,0.17029525441577473,2.9827728358581953,0.9402062663703818,5236
3636,10,0.5567630596484419,0.19231149567526387,2.7790472442531593,1.6612086562461108,5236
3684,10,0.5604115659190196,0.21662281729728955,2.8668953253777754,1.427583560788415,5236
3741,10,0.5645101954653668,0.1059347569752756,3.120926614907405,0.7748198900666766,5236
3798,10,0.5686326258129873,0.11877376165481823,0.8444661503412776,0.42512026854473056,5236
3838,10,0.5713283457829618,0.15025565701818516,2.45510373315575,1.380631380227988,5236
3926,10,0.5783291451624432,0.1117225537007997,-1.9302897850392087,2.676564305776683,5236
3999,10,0.586488271176791,0.12034743244193011,-1.8890046413059236,2.6443013833642928,5236
4060,10,0.5905259057836817,0.1326685218841383,2.8795167187394366,1.586578875208058,5236
4072,10,0.5918004430812305,0.18874090827680223,2.000033026288956,0.7397193855719643,5236
4082,10,0.5922024911990573,0.08916692125487541,-1.8676052951506519,2.347669097529811,5236
4123,10,0.5961473250970406,0.15473199523511377,2.9654766581359033,0.6406468037965817,5236
4169,10,0.6002334971485015,0.1300039810841746,2.063346830459017,1.1847708508248673,5236
4219,10,0.6042623508890096,0.2242992760993953,0.7893791656938239,1.5021885651217615,5236
4268,10,0.6087932758854175,0.12329759919117296,1.9553824716978767,0.9114639070589379,5236
4412,10,0.6243524281473425,0.1330369727137828,-0.7225223651931345,1.4752005449907413,5236
4432,10,0.627030816760341,0.09068902981452817,-2.6009178245591076,1.4368435225604728,5236
4303,11,0.612572453017596,0.1256895870667261,-1.7398313256215656,2.769218942374061,5236
4365,11,0.6191706584819368,0.20995304165863146,2.7723564265507523,1.5874730526678393,5236
4454,11,0.629529039581763,0.1801458190740064,2.821959072250573,1.2091616688317062,5236
4563,11,0.6451760539115955,0.13863264973569314,-3.1126313882215957,1.7231012937766617,5236
4579,11,0.6469592284816181,0.16520310089508278,2.388997970995518,0.7075777580780417,5236
4603,11,0.6507553561020094,0.16124286274623217,1.9325887411702962,0.8576117226858934,5236
4625,11,0.6536717032102877,0.22980031986824864,0.9245523263395145,1.5170610265869575,5236
4639,11,0.6571451862685785,0.1154058257214127,-2.0217675683233223,0.8888316745501923,5236
4647,11,0.6580138356382645,0.1254613033296098,1.6883387669721157,0.9502436943050441,5236
4655,11,0.658973364646835,0.05939533793600554,-2.4674446046626315,1.7282663508152427,5236
4658,11,0.6591605839026417,0.11720277095776323,2.508567573678289,1.9912405327680007,5236
4670,11,0.6613235203949608,0.20181097964214909,3.0088729038241913,0.6279126499291316,5236
4715,11,0.6677794454854314,0.06626898890823373,-2.747658218220944,0.9824904371739521,5236
4720,11,0.6684712997871426,0.12251254049328203,-1.0349997324001272,1.4951988469222741,5236
4739,11,0.6720502092049131,0.10020629432368162,2.9644287586803637,1.137328281830912,5236
4781,11,0.6804471034258663,0.06733674255628147,3.1309483267337606,1.516276423282764,5236
4722,12,0.6689188761572993,0.1709132881379189,2.665797367117624,1.5361407291002809,5236
4754,12,0.6745422287906834,0.16352736882861785,-1.0515361390527946,2.7558837710541595,5236
4774,12,0.6790352347888499,0.13591595585400326,2.9445235312934885,1.6723098573355524,5236
4864,12,0.6954647721257403,0.17027872815558423,2.403454040283146,0.48614542970229413,5236
4872,12,0.6966503071961183,0.08993063276679487,3.0486587131440785,1.6485221853065872,5236
4875,12,0.6970251607928784,0.20572980141806171,0.9502864074745021,1.4039315001101438,5236
4876,12,0.6972674887018551,0.1556975917482841,2.523688692580778,1.398878026760722,5236
4892,12,0.7018741591714718,0.08818023814020673,1.3600213279749125,2.7302171412052023,5236
4902,12,0.7039245965974567,0.10318590894230915,-2.1748295904706114,1.1457786937114478,5236
4922,12,0.7081284343070774,0.19987279332708274,0.742701716605627,1.452165706320027,5236
4935,12,0.7107659414981958,0.06687018384717827,2.9799414976835146,1.606852719849055,5236
4938,12,0.711268881482728,0.1336345195552814,2.3730287575870066,1.7868760939941017,5236
4939,12,0.7114155581881706,0.12418756878931787,1.7598131649899273,1.0718472045088856,5236
4946,12,0.7126930353702386,0.10055329041729139,-0.9866488321500675,1.239636959171794,5236
4953,12,0.7149699626778474,0.10704680081664267,-0.7503653255271215,1.5564914842664392,5236
4971,12,0.7202084918622563,0.18196713717159246,-2.8895948956321917,0.671393774152049,5236
4972,12,0.7205975656008176,0.06961318620344364,2.971510478707752,1.2865546223719575,5236
4993,12,0.7272268792850866,0.06718378888724,3.0621940502987695,0.4950994297524264,5236
5003,12,0.730298037010024,0.10903126409269978,-1.690359997918148,1.1215432643901273,5236
5070,12,0.7523944086329561,0.10369323151005881,-2.122776614584239,1.9783286102564372,5236
5014,13,0.7328482125306423,0.10979612718264138,-3.039489567641078,1.5425897763318719,5236
5016,13,0.7334999372802603,0.07541545914437879,1.5253769796746035,2.7670857206544928,5236
5026,13,0.7390162298813763,0.12307387814568257,-1.1114658314305421,2.5874463019382627,5236
5045,13,0.7448877887357594,0.1292377140605479,1.5816924186182255,1.0677448663315972,5236
5046,13,0.7453094338204982,0.15246235975981157,-1.0988464500961712,2.7640063685772347,5236
5055,13,0.7480434947268957,0.10874419941230933,2.310156007910035,1.7884692747587598,5236
5071,13,0.7526177006996652,0.10895213260334356,-0.9401514584498781,1.593417916584567,5236
5091,13,0.759972067385642,0.1507853783934745,0.8200216399526643,1.504091506237842,5236
5093,13,0.7604027682125856,0.04904160127370034,-2.9899538037181848,1.2609485344377493,5236
5099,13,0.7623054371792701,0.11740699265670308,2.443844959024756,1.2966024538139032,5236
5104,13,0.7642339036667622,0.11695406098781269,1.6922752224479845,1.349238029091976,5236
5118,13,0.7747937577706929,0.1172470974011332,2.2793729922801496,1.0095633057956044,5236
5123,13,0.7794250707008185,0.08792341664334331,3.018567287750623,1.1113728175574655,5236
5124,13,0.7798537752038099,0.13604432700204294,-2.0772728333241135,1.575105198477875,5236
5134,13,0.786142240186474,0.12112094939249232,2.7762704182641196,0.5992016879019603,5236
5149,13,0.7907603056657486,0.13210518102092972,2.8025832342450725,0.6509378183599162,5236
5152,13,0.792496992865255,0.1408261859583628,2.84659356159345,0.5510340646421268,5236
5174,13,0.8030929041143663,0.09294117954618002,-2.2753402449608062,1.537390540681819,5236
5122,14,0.7786865905726218,0.14533391812483357,1.5088535002125667,1.0837390490787244,5236
5131,14,0.7830948793754138,0.061822142361535035,2.083851372015219,2.1434346974049245,5236
5143,14,0.7884887682723798,0.1305771346387446,-1.570943384742192,2.6223406053771936,5236
5163,14,0.7960672211731133,0.09730646498867947,0.9822252615664152,2.4525978808739857,5236
5169,14,0.7989790636206362,0.12746452373177022,2.148237838224517,1.6802361665762489,5236
5177,14,0.8059990385472952,0.11065972648331328,-2.83888079645549,2.1702271445485803,5236
5186,14,0.8121136906512126,0.11601498675659506,2.179970894542669,1.1260709440045371,5236
5187,14,0.812493795803612,0.046950945348549405,2.441509849460333,1.7336524218367095,5236
5193,14,0.822590700469543,0.056323487947892416,2.482915568164833,0.9989997879866388,5236
5195,14,0.8233454452823904,0.0935863891943702,-2.9417903233847924,0.9219751871393093,5236
5196,14,0.8243363261288379,0.1041855917405065,-2.0997320430003112,1.674545052412498,5236
5198,14,0.828104803173429,0.09408609277981131,-2.4551533554400637,1.4388241820632366,5236
5205,14,0.8392919012845943,0.08754239829531091,-0.42810114864350696,1.0024696642150648,5236
5208,14,0.8447331850167216,0.07897605061188218,0.9752014080383322,1.2270082939973523,5236
5216,14,0.8545427510710968,0.05850827493020627,0.8419613439709874,1.5256676353118535,5236
5219,14,0.8583630130126645,0.09811625167682148,2.7314635452793516,0.35198759538126917,5236
5221,14,0.8595269925966469,0.0837782348928377,0.45334120506213943,0.7184482864214005,5236
5223,14,0.864588395039761,0.055572376300212604,0.7345370349560971,0.8011339557390665,5236
5218,15,0.8573865458542625,0.05829887327045749,1.140024065298977,2.2237447836406132,5236
5224,15,0.866287242375322,0.06341519632295682,0.6996754869166768,1.9386225638806114,5236
5230,15,0.9008104112485101,0.07642469575374365,-1.466020991168634,0.19117114777914376,5236
5231,15,0.9028400004247997,0.04917435340013097,-2.2816096549846914,2.1010319096998,5236
5233,15,0.9342289005962665,0.0369784068712703,1.6903997267960358,0.16079746980844065,5236
5232,16,0.9089760779417421,0.08617016940817827,1.4660650151371186,1.8335012172637584,5236
5234,16,0.9365110485444775,0.0346535286813434,-2.98663844209749,2.398992326100849,5236
5235,16,0.939915863638943,0.029646542796727317,2.6740632139022833,0.7574558885797178,5236
5236,16,0.9496331964273836,0.03707647659866812,-0.032248794580820805,0.24474160484606053,5236
5237,17,1.0,0.0,0,0,5236
0,0,0.0,0.0,0,0,5236
1,1,0.07088350907648755,0.06115233869791684,-2.0198565460100864,2.590777400142019,5236
2,1,0.08340593760037718,0.025748207193496048,-2.4114707221004115,1.7480855284761248,5236
3,1,0.08779485913654717,0.08640570578123387,-2.5243762087096884,2.7000719039928733,5236
4,1,0.09028440806476856,0.07774618992863078,-2.547737646505195,2.427373360070782,5236
5,1,0.09762054216972749,0.08571655533003107,0.7851933128347658,1.9188333779909574,5236
6,1,0.10335081886889552,0.08788253203584893,2.7045636231942405,2.329483081147318,5236
8,1,0.11677294809072503,0.07775176274735508,-0.36230525750314885,2.649279543053653,5236
11,1,0.12917261298987903,0.11068058390488225,2.1951768331239836,0.8385796218090975,5236
15,1,0.1377288262936569,0.1033039035043993,1.2459247702101048,0.5125104406504424,5236
21,1,0.14891950050961233,0.1459821662180475,-2.4953595305420238,0.7573016850634089,5236
67,1,0.20843258433548462,0.1906024549709959,-3.040975912698551,0.6329091546941622,5236
19,2,0.14734277260268158,0.08335740865196688,1.1696269179562753,1.7865456315416228,5236
26,2,0.16563027693446575,0.09455873882785426,3.0068823395148034,1.9533648932275625,5236
36,2,0.17829739411022882,0.11054379125716841,0.6983665707751251,2.593750993039801,5236
40,2,0.1833509206781362,0.11153002195986685,-3.0171772092048887,1.7498245761191173,5236
41,2,0.1834116623569929,0.16191437138958403,0.739438837327801,2.2244838145199695,5236
42,2,0.18353560833726246,0.08847649290890812,1.9187552001652566,0.4806672061972825,5236
43,2,0.18374992251466316,0.09679760063686572,-0.21673752976685465,2.5718584665991484,5236
47,2,0.18724146794969743,0.14201439138692346,3.0054733111273966,2.601480934038454,5236
203,2,0.26827529676310025,0.2028302706744314,3.0389362089147673,0.49909043363068306,5236
114,3,0.2362872246904396,0.10654406544696897,-0.5800091954047321,2.209406408762271,5236
127,3,0.24172064692729311,0.09194153638913513,2.4012087109147604,2.155548526805098,5236
128,3,0.2423777492884709,0.11032844201200927,3.066303290884707,2.2545497055108585,5236
136,3,0.2455729996340712,0.1645533075801792,0.8097616715654483,2.4982820739507496,5236
163,3,0.25554816366599675,0.1584204299027546,0.34206981834631583,1.9363298369214526,5236
177,3,0.26027648803493353,0.03921662529622691,2.5411510076636854,0.6034376152283386,5236
292,3,0.2963911171142233,0.22393428264925722,3.0982090872007415,0.4650849545527614,5236
188,4,0.264910977059435,0.10153548770031463,-0.45239459788476494,2.122110116692284,5236
304,4,0.3004522147031804,0.18476136760860706,1.1324583026799302,2.3584205352208154,5236
305,4,0.3005257564439925,0.07143031843207515,2.64580161278072,2.2857588704060046,5236
348,4,0.3093613922716255,0.15051217056894584,0.4778062032827589,1.7875014192942877,5236
362,4,0.31133834287940254,0.14256484929806154,0.29023102435647313,2.056951142881792,5236
396,4,0.31683801007187595,0.051746220480347604,-1.3675843856915586,0.7799805849884809,5236
488,4,0.33043260660956286,0.17117975666417862,0.6142079778108303,2.0380389493584836,5236
572,4,0.34397635671940074,0.21020137657068458,2.8322474721309407,0.5657438439713217,5236
517,5,0.33452157170118435,0.19026250052070592,1.003485534665565,2.448783799784744,5236
633,5,0.35451591423539075,0.12887106650890645,0.13786817614379737,2.06612960554962,5236
656,5,0.3573346064372037,0.21593059276603882,1.086623119439555,2.3035828193615218,5236
708,5,0.36217508401393994,0.22215529174652995,1.194272286318995,2.287951455092388,5236
735,5,0.365694190913446,0.05168258059892111,-1.6049051353030788,1.0596733092013289,5236
831,5,0.3760693790827192,0.1687203365993712,0.3318241243975482,2.073809213087632,5236
868,5,0.3815326769669527,0.047121499089605584,0.8786417386229249,2.4168527858818485,5236
899,5,0.38408781271411474,0.07713732534136164,-1.2760811405945685,0.6639645918438664,5236
900,5,0.3841170152403276,0.20335409772831203,2.9663935174030307,0.5170346268511619,5236
1013,6,0.39458300662012136,0.15436491223825893,0.3033957963927994,2.0809670375950513,5236
1209,6,0.4126495087677833,0.2030499350819942,1.2920365004433532,2.1717615569005977,5236
1299,6,0.41939396327195155,0.03298499802065617,0.4660418942933849,1.9900533748663147,5236
1301,6,0.4195724997977711,0.04471720135704284,-0.8321617563918231,0.8577219948464778,5236
1305,6,0.41984244660867487,0.043152195322704485,-1.3196505190950505,0.6193869568333238,5236
1311,6,0.42039846712658846,0.1826825074377563,3.0613919754051633,0.6486426061083096,5236
1503,6,0.4359244766236605,0.09243203678657376,-0.8225249919912525,0.5395807124328809,5236
1729,7,0.4522648755712273,0.057133412871044016,0.581755980772855,2.080776909718518,5236
1776,7,0.45493212241659775,0.04953672635000666,-0.06604082895588162,0.9654678154299036,5236
1928,7,0.46540158919861185,0.22170440850672127,1.153913869003569,2.011018297297708,5236
2049,7,0.4725982631683374,0.19034537557893152,-2.833563818017884,0.5509989234764402,5236
2120,7,0.47800232908985996,0.06944398241421008,-0.5504771778002115,0.15219933816598366,5236
2268,7,0.4863026375661438,0.22556846684637752,0.5912460909536505,1.9291855153042898,5236
2700,8,0.507421050925434,0.06549995899271628,-1.0194779338107864,0.259993577987123,5236
2820,8,0.5135987343835521,0.10381789312985211,0.5030223668035836,2.2166869365264312,5236
2985,8,0.5212614325762241,0.21720622113274415,1.05591191803234,2.0176210491453035,5236
3285,8,0.5376562504613515,0.22366209089319491,-3.0613927272991988,0.6475908984750713,5236
3624,8,0.559467921394733,0.2087932198775334,0.5484493259208004,1.8809145010557913,5236
2949,9,0.5197028794291579,0.07268726702912856,-1.5003485442508,0.2956740534469153,5236
3744,9,0.5687581857988059,0.2225915475049173,3.0393948045485613,0.5763416674631299,5236
3783,9,0.5718818185524517,0.21482845047982418,0.9629824205425535,1.9469710841003267,5236
3801,9,0.5732713572975794,0.13743350992099782,0.8680456820909067,2.2527680890886344,5236
3994,9,0.5883134013108039,0.0960552460405294,0.597286799460212,1.8457866405074257,5236
4099,9,0.5966227125971761,0.19496000350133205,0.489471930558789,2.036419060989816,5236
3781,10,0.571786059117718,0.09784441281743202,-2.6750605408418187,0.17601627987788815,5236
3825,10,0.5755568571950873,0.09885878809194087,-1.542797940701221,0.38478042668131346,5236
4261,10,0.6127372975922287,0.23630201738960577,2.8070098771914935,0.6459359752899649,5236
4327,10,0.6191284165561002,0.1471776652764298,-1.97826703963503,0.5738274743047148,5236
4624,10,0.6546220086425687,0.14980154269127915,0.7049529980076115,2.0844350136939913,5236
4355,11,0.6215875800803086,0.09589633999033934,-1.7563450693258353,0.6738090376051612,5236
4632,11,0.6554157345656833,0.11682002973094885,-0.2869400944216083,0.1600579276728522,5236
4722,11,0.6693078928852467,0.240000579631646,2.8641682610182873,0.538839557708044,5236
4730,11,0.669741007697298,0.11164615916731216,-2.455569295339017,0.7671904645476456,5236
4839,11,0.6869640417397237,0.15877719149309463,-1.436028251685061,0.48886926203386744,5236
4883,11,0.6961691804605363,0.1588184627155346,0.8117868812772202,2.274350445394619,5236
4929,12,0.7061524797480542,0.15660256926491858,0.7782041641841453,2.2446114815902503,5236
4972,12,0.7148004460439714,0.07265029438350674,-0.5465306700006533,0.5139647330140398,5236
4988,12,0.7204794574468177,0.151321252529994,-1.6656961008121605,1.1351823031941453,5236
4997,12,0.723728630695963,0.2144058193894343,3.0712345114675195,0.6003498229859094,5236
5032,12,0.7391042368821239,0.16187037228925377,2.9927438982555348,0.24996012108467192,5236
5047,12,0.7414734590221036,0.14203790236296457,-1.529333157631886,0.737968082401055,5236
5068,12,0.7489664570659701,0.12128985880325069,-2.313826675105095,0.7627664971481408,5236
5084,12,0.7549264198174311,0.1040900573852766,-2.4845904056278383,0.875649191475283,5236
5106,12,0.7679098191846592,0.10689562430340654,-1.732585185743453,0.7876514436050017,5236
5052,13,0.7425707440490519,0.19826950348309555,3.0923775612282727,0.5929273984244507,5236
5089,13,0.7592402738754722,0.1560131751157527,-1.7650310235846163,1.2978545589492252,5236
5143,13,0.7876344833856964,0.10118543984250218,-1.2722479440561318,0.8987116181948811,5236
5147,13,0.788641571823121,0.08765294426869726,-1.2393752395738107,1.2043591785665657,5236
5153,13,0.7910820925862837,0.11916665935031691,1.1077208186255534,2.1314727340455817,5236
5159,13,0.7934789763785117,0.12077919513734856,-1.8060887064416382,0.44047652540942106,5236
5169,13,0.7982076114426444,0.10164468325177398,0.4051850363056988,2.7045006062108357,5236
5170,13,0.8001579289044112,0.08216625144223128,-0.48085596378160833,1.6697927627760858,5236
5191,13,0.8169682296072357,0.09106277139667858,-0.13485700016691082,1.350583587326904,5236
5193,13,0.8186106550205647,0.06151876590955644,-1.532160768070639,1.3190266803935282,5236
5202,13,0.8297535558544686,0.08962170314535656,2.9849969526019695,0.2683368125531972,5236
5203,13,0.8321500477452699,0.05168702579139747,1.6837946436107363,0.24080866669192919,5236
5213,13,0.8480459268967032,0.05443206801958996,-2.2302435294884924,0.4955717015432801,5236
5192,14,0.8172212203454812,0.10203567196506451,0.28437724801930525,2.8031606672308755,5236
5198,14,0.8227815513235902,0.09679423891875294,-0.9700711529319125,0.8769171121296753,5236
5201,14,0.8275315108511011,0.09662354347472439,-1.5472603904984001,1.3998248565881422,5236
5204,14,0.8331718405818883,0.11941779803483303,-1.4388066560490425,0.9687886825215494,5236
5205,14,0.8339449619085733,0.1344504798937377,2.593488664000795,0.5060334924598752,5236
5216,14,0.8515512139561626,0.07489650328125014,-1.6432186792519918,0.5823809680009929,5236
5233,14,0.9098541378089879,0.044194065357925756,0.6561595717677644,0.8495042350356691,5236
5231,15,0.9069608572492226,0.0654259160741129,-0.8612699453156557,0.761714811215136,5236
5232,15,0.9095310604509367,0.06263897443639166,0.2619473499383521,0.8396222142772486,5236
5234,15,0.9181386019936347,0.07504437461226472,-3.0665680229658587,2.496979019055113,5236
5235,15,0.9238284766421406,0.03440685582387194,1.301576578343326,1.4996782881588515,5236
5236,15,0.955340983210632,0.04121732573619609,1.7406573169195063,0.6741209912524664,5236
5237,16,1.0,0.0,0,0,5236
0,0,0.0,0.0,0,0,5236
1,1,0.06780267344544577,0.013000996833658946,1.3804010619643692,2.242713774291717,5236
2,1,0.07563029247216868,0.060319174931269835,0.7956034079988412,2.2403223642123735,5236
5,1,0.09074906309700026,0.08981952840817536,-2.1697726562118964,1.2014721924328127,5236
6,1,0.09270603534340704,0.04630766766528374,0.9925732910959804,1.831302608120715,5236
8,2,0.1160087547831481,0.040163967515078905,0.7874137223839973,1.5974430847007466,5236
10,2,0.11945589348364694,0.03483610766881272,3.1131071269425385,2.694172044034378,5236
14,2,0.1263945841309222,0.07112184235010399,1.129814625373214,2.162807863888699,5236
27,2,0.15459056535576976,0.08265618706970451,-2.264586531198738,1.102869060286709,5236
38,3,0.17273744925068246,0.053930239890904036,1.4538432090418845,1.627529584741959,5236
52,3,0.18753524717793224,0.06333696266103432,1.0057894838431376,1.413687798998252,5236
54,3,0.18894311200120806,0.06818027260204473,0.27620364730488106,0.4001081548922009,5236
76,3,0.2045339189850678,0.0556738358605631,2.3097300594127144,0.8161370525765592,5236
92,3,0.21671175082964633,0.07361614858711221,-2.985540238936497,1.0974512284134512,5236
100,3,0.22051814520506108,0.09706123565197193,2.951367508753675,1.9225410415564037,5236
103,3,0.22190218269141315,0.09833212853071872,-2.284349497410702,1.5934952485316827,5236
88,4,0.2135537688796938,0.05962004675021581,1.4796710431738662,1.2298700597984706,5236
119,4,0.2313553164274943,0.016007348076888542,1.4864991366179536,0.8884387655624727,5236
122,4,0.2337164909552456,0.05951409298610137,1.2621813883641617,1.8072876002496832,5236
126,4,0.23489000193717247,0.07597572646580232,0.32084776286622946,0.45369729072193027,5236
198,4,0.2623019665848957,0.09155801807443097,2.967802266625865,2.0079921135934837,5236
200,4,0.2628533981201341,0.026851005059912704,2.672911048399989,2.744877810369422,5236
210,4,0.2657356154915732,0.052692811004500795,-2.980578922776807,0.8377131008224247,5236
216,4,0.2675649987722085,0.07243474332934492,-2.648892104055271,1.4048329252116698,5236
228,4,0.271436069566631,0.08877600217843126,2.461821459054142,1.0152470941424792,5236
301,5,0.29598405554258556,0.12597114350910915,1.830207543013972,1.3755587920199366,5236
310,5,0.29755150917326667,0.03839291319534213,2.0825826008443187,2.6557450919303527,5236
315,5,0.29874954232311146,0.07747613240732024,1.7907519205222862,1.3466455570447022,5236
407,5,0.3174986073407394,0.06695348498807226,-2.779967012080212,1.7517102182514377,5236
426,5,0.32063661973751745,0.034490690150098244,-2.6970383538592637,0.9286233733642961,5236
433,5,0.3214806793090159,0.07504706578027039,-3.037592103052902,2.1690803174097097,5236
575,5,0.34517430432690044,0.12475241068802291,2.284140260924558,0.8375038679900482,5236
521,6,0.33643819161043953,0.04681386596143739,0.8724633942205827,2.9774976806018842,5236
720,6,0.36668509099002145,0.10617508578467819,2.271239486447703,0.7915401954773598,5236
743,6,0.36960556245955656,0.09116340999121517,1.5213987813381347,1.7401224364077343,5236
894,6,0.3862416277892923,0.06395548740222123,3.1150175069115154,1.5918463902655555,5236
1031,7,0.4005654885755576,0.0979321239904434,2.591377026678336,0.9213800082471953,5236
1169,7,0.4137703754129557,0.12931687821766205,1.9490856698797645,1.0306803883540225,5236
1252,7,0.42069191431624964,0.10655589606316207,1.2267912229958207,2.0232525320156713,5236
1294,7,0.4237025748917912,0.08393066041743368,-2.976395004209075,1.5900823149593892,5236
1326,7,0.42586848322371873,0.0897234900933851,2.6180519673785896,2.5643577399906166,5236
1423,8,0.4336770074784756,0.12583946980241795,2.109995378312419,0.9815290392127435,5236
1719,8,0.4534039411173999,0.07187944666688782,-3.1351105930854195,1.400677346190592,5236
1865,8,0.46259319856616454,0.11187960425904733,2.1694102460328457,0.7019767671493095,5236
1945,8,0.4676790895426952,0.13703630610698578,1.215703180122051,2.219443076415815,5236
2005,8,0.47145825026218413,0.07366318326337457,3.133782998247097,2.0841736946337157,5236
2341,8,0.487940878900881,0.11252993590550392,2.312553902526165,1.5984482994610079,5236
2760,8,0.5094076157983848,0.13911085978602747,2.929191448140857,1.8132785289476392,5236
2909,8,0.5166135758138365,0.12919178683449295,2.9127747618653483,1.9147133808821977,5236
2481,9,0.4953745519489655,0.11973561183768987,2.305132499818461,1.171086005208467,5236
3046,9,0.5236083995597987,0.15320281738691235,2.4570819287814842,1.0591611312802771,5236
3085,9,0.5260005017237023,0.17634627307688686,1.7644657800614545,0.9796148061071276,5236
3087,9,0.5260119180855044,0.07965849694349039,2.408535851461778,1.2198184315662282,5236
3105,9,0.5267914372451261,0.13280808484321835,2.515770408315081,1.3508977532087911,5236
3205,9,0.5315427600543805,0.11577412218184048,2.169977261649963,1.8138642761886632,5236
3211,9,0.5317957185822221,0.1667543167761638,1.2820767903311616,2.3219632033880706,5236
3484,9,0.5486312645857301,0.12453474323137904,2.798369602064553,2.0202669612371857,5236
3565,9,0.5539811145730273,0.18350813155583082,2.463276149044727,1.4909833436518665,5236
3594,9,0.5556444402534703,0.13877639144666218,2.779158477084399,1.9786932944473041,5236
3610,9,0.556483594289138,0.0861631118848198,-1.8089607261519314,1.7635738277647748,5236
3755,10,0.5652413798835724,0.16466436469502774,2.2795257716632973,1.0097903286596925,5236
3802,10,0.5686955395677805,0.16670465442706972,1.4131297854011757,2.3694487026716686,5236
4006,10,0.587178988144433,0.07759871023192393,2.1879726863989544,0.9071855080473679,5236
4009,10,0.5872156154944475,0.14082116937698214,1.9299121314843934,0.8654682570313558,5236
4020,10,0.58842660486056,0.106956936029007,-1.7983727213448213,1.7153310780245108,5236
4039,10,0.5903874165343295,0.16801063276822942,2.4384198698095476,1.4782279345565705,5236
4339,10,0.6190331335694881,0.16082654675460267,2.6911018943234746,1.942591308736171,5236
4444,11,0.630696531473819,0.16924116719691104,1.405067645378745,2.1969362981405713,5236
4544,11,0.6440286898020946,0.13481512185396088,-1.954519463928734,2.0545638528967665,5236
4602,11,0.6510827850694129,0.1294276265662313,1.3039278761138366,2.0393509650367494,5236
4656,11,0.6597173551379537,0.16715562220252503,1.9279287244438768,1.2826724191184755,5236
4670,11,0.6617135991359369,0.1730898091334641,2.670612338091207,1.7827080368843886,5236
4734,11,0.6703856667847427,0.10378616023661143,-2.036434917793083,2.13688863396997,5236
4776,11,0.6762957670049852,0.1094820717944822,1.6571077973930386,1.3929129037734653,5236
4832,11,0.6879481807124205,0.08661892953393523,-0.8099188166095633,2.13652131977643,5236
4743,12,0.6714535556070923,0.16834334107603982,2.6541011589884773,1.8151423473424757,5236
4785,12,0.6788251256198352,0.14565411731036396,1.2186071942343193,2.0484328105759264,5236
4877,12,0.6974851715279521,0.10878578428477634,-2.16356206068316,1.9328860323420574,5236
4878,12,0.6975223467673115,0.11450765144153283,1.4497400167191756,1.962654437206529,5236
4880,12,0.6978899109449491,0.1748688906948124,1.950612547315843,1.4344463496417383,5236
5004,12,0.725075020517993,0.08491760246061929,-0.38704806141009024,2.272295633623957,5236
5009,12,0.7257154355732924,0.11403401420358301,1.5475328590239799,1.639063692815006,5236
5095,13,0.7561712828955832,0.11545381328370467,1.5755885187167036,2.40303545797091,5236
5101,13,0.7602928682863137,0.08904101318378112,-2.6274236199268812,1.8595357599805407,5236
5102,13,0.7604060039517799,0.0788328918856027,1.6107744617480668,1.5092817293491003,5236
5139,13,0.7758367259523763,0.10592394317347162,1.9987353933287788,1.6643946690937337,5236
5146,13,0.7804923283078473,0.07751765077119663,-0.9330098750026644,1.9459170447476928,5236
5152,13,0.7839401391121572,0.1278748362675207,-2.614532271114174,2.156659723830694,5236
5168,13,0.7934072121043024,0.08409957911618014,2.2643436773062673,2.160028888166666,5236
5184,14,0.8084095640693001,0.06815636073044382,-1.1417904485673394,2.234251621414271,5236
5195,14,0.8210548960256412,0.05129589424380835,1.5379571416047324,1.1429225443338151,5236
5196,14,0.8213988153461497,0.12650313861140156,-2.529122701700917,2.4399893135628195,5236
5198,14,0.8319650840302927,0.06831186229060843,-0.7208588206122546,1.3485806011261825,5236
5210,14,0.8433435795316373,0.07879117081579795,-2.7214820600998393,2.492163671183358,5236
5220,14,0.8607780676779554,0.06032474291126747,1.549982684373268,2.490290169903221,5236
5219,15,0.8581815878785252,0.11386832763047951,-2.4179491776657236,2.247471462343588,5236
5221,15,0.8628552937448534,0.07029606886092528,-0.5565211401059748,1.4528367872991235,5236
5222,15,0.8665620647691149,0.07061057233205151,1.8340218286281815,0.7274003185276887,5236
5227,15,0.8919874937748202,0.038037576143453294,-0.8306463807137742,0.7067623428345482,5236
5229,15,0.8930570687701962,0.06241456642115071,-1.3207687254811167,2.770030959986328,5236
5232,15,0.9211251277889135,0.05622519298323099,1.5312805391362527,2.7529354394574077,5236
5234,16,0.9300969141044749,0.05113056460094197,-0.16308941836505741,0.4365434874664083,5236
5236,16,0.9574674921488914,0.036926567319660035,-3.019690718080537,2.7112484064928513,5236
5237,17,1.0,0.0,0,0,5236
0,0,0.0,0.0,0,0,5236
3,1,0.07237687637336776,0.05960134470188975,1.6387686519832558,1.7568272376401635,5236
6,1,0.10334532478428937,0.08115974961860997,1.4908863476475667,2.7706398563856434,5236
13,2,0.126029820237201,0.07060613415163187,0.9330683453049392,1.6408484099885645,5236
15,2,0.13086619086981532,0.10276759402461672,1.5137054761889508,1.9013994455959145,5236
38,2,0.1686465316226775,0.1102586238127438,1.923305530824016,2.4142511511025204,5236
46,3,0.1764194180803672,0.14085791201968978,1.4215657090725495,1.8704144839760382,5236
48,3,0.17915714950240325,0.08605090693130789,1.5248674615754096,2.2667788763913066,5236
55,3,0.1826436277363208,0.059574103568032236,0.9534270796684835,1.5681326729911442,5236
61,3,0.1877695146502727,0.09258536953030415,1.0982903487097908,1.577230501707031,5236
82,3,0.20225571326109582,0.0924086033387359,1.1239130427784711,2.1490069627656285,5236
90,3,0.20570067270008896,0.1159728654281991,1.3162436087813971,1.2914302302924885,5236
104,3,0.21184461578229274,0.11152780943903057,1.9791053240189769,2.1812327618905916,5236
144,4,0.23285817236201112,0.11194763193498353,2.187060525160353,2.208845789603674,5236
155,4,0.2394174188231114,0.13585774079301632,1.2434177259483712,2.058639006003775,5236
253,4,0.272826434471916,0.08486808370866329,1.2669635147999605,1.6590265076437984,5236
326,5,0.29481633192421186,0.1451397155713322,2.594577318119348,2.206495733599246,5236
472,5,0.3218346816929657,0.10680991433978654,2.38690153989712,1.5406396955734578,5236
498,5,0.3274780043430702,0.12438862323324203,1.527346137631451,1.8072367778662677,5236
732,6,0.3596784213371339,0.110171210739895,1.454911529393134,1.8965365796190148,5236
949,6,0.3854810678743421,0.15205837499807093,2.638864410559532,1.5910702310632743,5236
1213,7,0.4114907950078358,0.16133010919761365,2.667246317180999,1.512571081412686,5236
1666,7,0.44401207414710575,0.05461388522492737,1.9291824851816772,1.7888044084910826,5236
1940,8,0.460238776900907,0.04714830196948833,1.7792399002527006,1.618734259138199,5236
2585,8,0.4968354420164762,0.11395634127926044,2.392634872831755,1.5128821528968328,5236
2875,8,0.5101137544154002,0.1146611122567105,2.1738199985245505,1.8182446371022347,5236
3486,9,0.5442276677703636,0.11956758703920209,2.0108362589556785,1.6036727020165427,5236
3587,9,0.550781832563057,0.12336989391198687,1.7333450856994252,1.176117439614508,5236
4162,10,0.5942180320084246,0.09790815245944266,1.642832660157061,1.442025648192276,5236
4438,11,0.6222871564141808,0.08928034416884999,1.8091383959111955,1.279353213097794,5236
4828,12,0.6757069414022041,0.07062898267576112,1.6792134573877548,1.0374603597726066,5236
4908,12,0.692770671988437,0.09549000657438923,2.351687234664057,0.7882674491947621,5236
5041,13,0.7276239988306538,0.08165286503257033,1.4336358471778008,1.1829448203437962,5236
5065,13,0.739504401174342,0.12520171558242366,2.1395262616315245,0.6381659016532597,5236
5138,14,0.7691430309716765,0.0686229577943894,1.8586556907103928,1.176269784756586,5236
5165,14,0.78483339852452,0.13648162853027337,2.2729166864002215,0.8094785624668078,5236
5170,14,0.7883284969560546,0.11526011729197995,1.7909258461567437,1.1122095874743374,5236
5197,14,0.8094391969265438,0.1224024568478902,2.695769480380932,0.6413557183302757,5236
5211,15,0.8309153381542895,0.10452207620598879,1.9984374915201422,1.2531001767552783,5236
5227,15,0.858406595665649,0.0612142132032401,2.7529608338236744,1.8644705757620899,5236
5230,15,0.8755596489375904,0.0963954724058888,-2.897772263206021,0.2739962961797777,5236
5234,16,0.9064086162116426,0.08450288097106733,2.722457968143378,1.4119250289807268,5236
5235,16,0.9107732089261924,0.08621453041109786,-1.9682022001672326,0.3420540718486999,5236
5237,17,1.0,0.0,0,0,5236
0,0,0.0,0.0,0,0,5236
1,1,0.07420788710472814,0.050858762101662985,-1.2480651673051868,2.0479391252045853,5236
2,1,0.08387815558089062,0.08204996564730756,1.2389509740142188,1.0497059080233708,5236
3,1,0.09445098492555337,0.07349678500119787,-2.961455764680462,1.7609058590208657,5236
7,1,0.11114383153180685,0.0597412076577218,0.7918871848326444,1.8406731733834245,5236
9,1,0.12200022385576847,0.08011955480483031,0.5043356374984725,1.9490113214514175,5236
17,1,0.1392469012996339,0.10735401202555839,2.294995904300942,1.6029620210201663,5236
20,1,0.1411186848653344,0.132881417411667,1.6595470506007626,1.427024063108398,5236
38,1,0.1748802103076711,0.15919615868960305,1.9079909143379497,1.685266424096809,5236
53,1,0.18961444308553177,0.1764259533241446,1.7945998145881892,1.2294487958957907,5236
60,1,0.19452678780843347,0.1865997613443644,1.7915383436048173,1.1316027718898012,5236
12,2,0.13478217731315079,0.046733986071133514,-0.039165083026339274,1.5829238598865207,5236
35,2,0.17184711978885725,0.08453898793032333,2.667035360635027,2.1909854611606874,5236
56,2,0.1917575176910289,0.08181309643868552,1.1807436886937654,1.656300823676704,5236
74,2,0.20622745191634884,0.1705388200059423,1.9174485198176938,1.6904345307267197,5236
80,2,0.2084767145977745,0.13362592593061348,2.3164905073452013,1.979179824385608,5236
94,2,0.21861623008336228,0.14691447869311525,1.513128552490049,1.2684916341670127,5236
100,2,0.2235643739133213,0.17187608399840987,1.8980523894196897,0.9954158193154287,5236
108,2,0.22998814791006505,0.17106576449552696,1.9520193875820449,1.1217886613100212,5236
151,2,0.25004968854883214,0.16730408705026553,1.7116836099121855,1.2426046683502776,5236
83,3,0.20946966344374307,0.052589921823706066,0.9535674524869803,2.154858107686364,5236
87,3,0.2128793268004432,0.08350105752299232,1.118785929644649,1.8167448685614,5236
118,3,0.23653737979977407,0.1180276735910117,1.0774764646678834,1.4243449539704236,5236
184,3,0.26225502166745385,0.1510319605945728,2.6556595474462683,1.8611244873183308,5236
191,3,0.26277321008909027,0.1594143812320931,1.7442568569079395,1.48007991090204,5236
215,3,0.2704398809312384,0.1577467648643595,1.715717326240285,1.1697996347286508,5236
206,4,0.26835501221554914,0.12312998346477916,1.001454608756158,1.6578686490635552,5236
264,4,0.2825025812395735,0.15116036600895916,2.5556599862634424,1.8026360508423163,5236
269,4,0.28391441795898087,0.07798457783915759,1.7319067565432222,2.402761137094209,5236
408,4,0.31416500415666115,0.15391936108600035,1.6465112107389301,1.207035581265316,5236
599,5,0.3464586904737489,0.16951212945681746,2.44477184619192,2.0341739889675585,5236
618,5,0.3496227509531058,0.14496373543722446,1.485928021039864,1.6375693314006075,5236
653,5,0.35431781040415555,0.12333067286347929,1.6594134317322629,1.121895418697155,5236
728,5,0.3641405178495265,0.15961143404989422,2.3174945805349427,1.8541285730620451,5236
864,5,0.3783511472768655,0.11550557543767842,1.971944054483077,1.7262714704359834,5236
972,5,0.38856853512606515,0.12502285143522904,2.0171493004222927,1.5372204762743222,5236
705,6,0.36166461109048753,0.1602723872761763,2.463156738922786,2.0177969830360056,5236
1228,6,0.410015134407843,0.13722548608968543,2.141212353870341,1.8133545263563007,5236
1494,6,0.4308102762161189,0.11503888639727863,1.9146332057435045,1.5243571960646318,5236
1111,7,0.401227198158158,0.13197954519652882,2.4714690218282076,1.8885330426261837,5236
1161,7,0.4052366302015623,0.16807057766458516,2.2969756102656347,2.1337244281854764,5236
2187,7,0.47644647769546977,0.17598461969486998,1.8894120519829543,1.8307746397747815,5236
2262,7,0.480260300406968,0.1057481558368284,2.0839503562823243,1.218864247814999,5236
1721,8,0.4474294337859639,0.1852286929635798,2.061414828149712,2.1994297411930237,5236
1984,8,0.46504088661969134,0.15876351611954023,2.6435568226059485,1.8197605066125428,5236
2766,8,0.5061261311915162,0.1029778690261968,1.9374617106297105,1.0394238093546002,5236
3070,8,0.5222450221657968,0.19238249241285438,1.9425174384808432,1.7811068225953857,5236
2940,9,0.5153436375265689,0.10464552919103766,1.8525731830182737,1.0306234317624012,5236
3404,9,0.5414997070106782,0.1403841327399954,2.1592132175084324,1.8632917671390192,5236
3419,9,0.5424938073947146,0.10771065309542,3.034920689410485,1.7136786966421274,5236
3541,9,0.5503915222816999,0.1788752828566107,1.9599999313501548,1.7369149590894606,5236
3751,10,0.565081991518032,0.12690200927651504,2.1138970447602867,0.781916048969653,5236
3862,10,0.5722463211918928,0.07439138544357538,1.8368707371004118,1.0253149019331453,5236
4038,10,0.5872444121674433,0.11775034608501408,1.8764067152872073,1.5764819095083251,5236
4049,10,0.5881432995967069,0.11641984403163386,1.9593443353210969,1.8107312029839764,5236
4179,10,0.6012152208190804,0.058525613946233034,3.0162270666226547,1.701577782130424,5236
4211,10,0.6038947001785274,0.19015390039995897,1.9614212986538915,0.9176710163246827,5236
4247,10,0.6077984717825202,0.16717178039699343,2.2180320234683926,1.664953734332379,5236
4538,11,0.6387443762308749,0.05400254652528689,1.5131120942914233,1.4829307066365405,5236
4584,11,0.6438842369927094,0.18215076751619824,2.243731478867869,1.5474863880292156,5236
4585,11,0.6438971789564555,0.08406920025389027,2.332102176096951,1.0122408799836047,5236
4603,11,0.6462555089077292,0.06401539068915468,-2.9645651286584234,1.506542880962944,5236
4605,11,0.6464099135294741,0.20165866605067004,1.89732165877431,0.8520850933642972,5236
4735,11,0.6649398317449173,0.10205357720844425,1.7606518813444798,1.5860375681172143,5236
4775,12,0.6720320231870938,0.1828058800472456,2.253589211437316,1.5847798430922917,5236
4871,12,0.6923367719603614,0.04280201395562391,-2.958052020595926,1.930378605703856,5236
4922,12,0.7031478020135794,0.15714251386169725,1.6902962664422327,0.9507402820580487,5236
4931,12,0.705053104924377,0.11247522907126595,1.7384079660841336,1.5216648121177125,5236
4990,12,0.7220617764416198,0.15551804577294415,2.0826140507700304,1.1800157511499498,5236
5003,13,0.7257229045972646,0.21217372864069267,2.3856266070818943,1.5249014894120854,5236
5061,13,0.7425164539523904,0.10536360466347967,1.8457845949259268,1.2581875778864136,5236
5095,13,0.7589974874784703,0.13007786222960235,2.097231217029826,1.2909507967941218,5236
5129,13,0.7693477499467894,0.05313315697567212,-0.6309809890034912,2.636621498178751,5236
5130,13,0.7705641880881979,0.15581363418355176,1.9492443057508708,0.6536623570334824,5236
5123,14,0.7663949756603026,0.1787176755771412,2.4294322075757506,1.564802092888394,5236
5187,14,0.809147048139348,0.1106797048659906,2.0713100960469784,1.7454200503907757,5236
5200,14,0.8194795910462117,0.1345160226148537,2.104620272271614,0.8018500730589853,5236
5203,14,0.8244713843165123,0.10896140715340316,2.142029102377615,1.1702088930671883,5236
5214,14,0.8413398279742934,0.10893069381870057,-1.022883034817465,2.2197369423605116,5236
5217,14,0.8448328260644742,0.09995146661497627,1.1894630878766046,1.0796736323173892,5236
5211,15,0.8353323932585619,0.10994621781026864,1.9392648659081324,1.6381791303263609,5236
5232,15,0.878902039072402,0.1141916746119313,3.0673100104638364,1.4147935033101404,5236
5233,15,0.8924946104672915,0.07938914930965489,1.483250594820141,0.8929778245259217,5236
5234,15,0.8935486526516121,0.08961340288106082,1.9750907158197857,0.34331529100904906,5236
5235,15,0.8971217060713408,0.09260460929548196,-0.6273067972917762,2.143026436450516,5236
5237,16,1.0,0.0,0,0,5236
0,0,0.0,0.0,0,0,5236
3,1,0.0888853731402568,0.0732056811283403,1.1939356467278155,2.6396734643082462,5236
4,1,0.09058023322485942,0.0846000548559318,-1.3623488052764983,1.0102414118824252,5236
13,2,0.1342022303921283,0.11134613366578185,1.053243504461126,2.8361238339322385,5236
17,2,0.14360765946972598,0.11712392437205366,-1.7158421801343102,1.0371641503367501,5236
45,3,0.17674868612666295,0.11530786014431037,0.6802468260808111,2.724165623466263,5236
56,3,0.18835704810312248,0.13722821043949807,-2.0084204010297686,1.1641057809426303,5236
163,4,0.24395741188489561,0.10409335659892782,-2.072139445512849,1.407971903249735,5236
185,4,0.2500788107244676,0.12097707055272708,0.5003216591632798,2.2363171829584036,5236
253,5,0.27566543562492796,0.09705085269733123,-2.1696708915270935,1.5234131369245705,5236
418,5,0.3114602784946575,0.12263239117029537,0.0794712265266127,1.946508906396976,5236
494,6,0.3248340676465351,0.08762509613392372,-2.2826621065650903,1.2762726031545322,5236
897,6,0.37878727425250913,0.103411016360606,-0.3352711500283517,1.7534577004888752,5236
846,7,0.37404004972877725,0.09779960396061313,-2.6080842991934654,1.2528310722401543,5236
1114,7,0.4009336293358996,0.13547772325765445,-1.9787542533543905,0.96672142616237,5236
1271,7,0.4151595492250515,0.1038424452203013,-0.633915306411636,1.6138103420076158,5236
1432,8,0.42893849909143755,0.10907578340757648,-2.8066316850251343,0.8050396163791451,5236
1814,8,0.4560146422974144,0.10292530379636528,-2.1418727996127576,1.0010478513814625,5236
2712,8,0.5041964712884591,0.11798607608583152,-0.32357548401513436,0.8791174437051823,5236
2424,9,0.48984147005307666,0.10949092192500899,-2.3268292319778636,1.0063933555481652,5236
2548,9,0.49593692464620776,0.12148991201589561,-2.105958828181805,0.8060944590368896,5236
3766,9,0.565026971679956,0.11345272422721,0.18703780282980145,0.9291157407558108,5236
3601,10,0.5538333881027665,0.05581414354219337,-2.097305150504036,1.305930620693001,5236
3705,10,0.5611199790680691,0.13196225589854196,-2.716420138466998,0.7591185525545078,5236
4303,10,0.6103292189577058,0.12789325291845086,0.020083934924559968,0.9567241291744082,5236
3947,11,0.5800509490317106,0.06051275303182769,-2.302355392468201,1.070842590428018,5236
4243,11,0.6037865200429096,0.15973381832306305,-2.5351528341679668,0.8129171578708437,5236
4277,11,0.6074428602220452,0.07500674283226283,-2.865975760506749,0.9540890988544597,5236
4595,11,0.6447383880125571,0.11617046153156163,0.3445797002101964,0.948192615842727,5236
4585,12,0.6425911170194113,0.07526234356192747,-1.9391903726536357,0.8595278055722366,5236
4601,12,0.6456294074451937,0.09997147708035883,-2.4028756168026755,1.4916419763225546,5236
4631,12,0.6511295578200206,0.17920067029878003,-2.444048484414896,0.7897161566060589,5236
4757,12,0.6690626049656924,0.057799808496750024,-2.497408937391246,1.4235828100965584,5236
4772,12,0.67108392640466,0.14709344708359884,-1.924583518762651,0.7458679249885223,5236
4792,12,0.6749178976060537,0.10512498780513929,-1.0309546966342633,0.4890246457783464,5236
4821,12,0.6815450277669686,0.1107546331710877,0.32503920398627756,1.2226741245370105,5236
4904,13,0.7033097028028742,0.12061532329947974,0.3090384632199165,1.2224920703729556,5236
4912,13,0.7049966011182878,0.07279607155584386,-0.6263884701627863,0.1477513607692775,5236
4916,13,0.7061065284378379,0.05967771342761462,-1.7317280719260977,0.38211237770207307,5236
4944,13,0.7132922500769229,0.09003645160486301,-1.4761027079692821,1.5479757791137652,5236
4947,13,0.7147453403331132,0.07648763830029631,-2.2687821224315114,1.4182523816012953,5236
5015,13,0.7303500072400257,0.1356146730572611,-1.8771196091664595,0.49542750775656363,5236
5022,13,0.7321284060777351,0.11766445668920014,-2.460144537192865,0.7223808020714367,5236
5025,13,0.7331944501207396,0.15201650673417177,-2.721809796304416,0.36787412564355715,5236
5034,13,0.7352020884830416,0.10189996985814215,-2.345191159974661,0.35781303724271785,5236
5086,14,0.7544186943211467,0.09646392993347601,0.3204086003867021,1.465235348258826,5236
5123,14,0.7696051428962231,0.08369777423723913,0.73798124937247,1.1680155881513892,5236
5132,14,0.7756280042791107,0.098328477123312,0.3790085329656891,1.7241780503024227,5236
5157,14,0.7874902028063699,0.11554319054127911,-2.21817126215057,0.48805123001794387,5236
5159,14,0.7900323890639763,0.10671688364026856,-1.6072523754422345,1.6991687305093104,5236
5181,15,0.8080003169462991,0.1332902737805879,0.25650100699473555,1.5746619592329252,5236
5190,15,0.8179788325984892,0.07787528080569088,1.2037529601872567,1.181081109212481,5236
5196,15,0.8284707254754399,0.1136186735491657,0.31392400708489315,1.9585636793670615,5236
5220,15,0.857501195634713,0.09797028786703792,-2.416169957233238,1.0612246025239966,5236
5222,15,0.8610847963040968,0.08394891961322315,-1.4134305353684877,1.0081344486876138,5236
5223,16,0.8660533374525767,0.11074056344885112,0.3761556405022682,1.7822444476716068,5236
5231,16,0.8881764415834336,0.08559742493339632,1.548360059505947,1.0213676505145706,5236
5232,16,0.8938802680090572,0.04827636534417094,0.41891624261996885,1.9901248321642302,5236
5235,16,0.9107519318670719,0.07072966117049222,-2.6155387311758593,0.7114218443168914,5236
5236,16,0.9370369570466344,0.027796017161784998,-0.8117089138272466,0.2832899073690591,5236
5237,17,1.0,0.0,0,0,5236
0,0,0.0,0.0,0,0,5236
6,1,0.09932155724067326,0.07650377678625374,-1.5028463099517144,2.2387195852362582,5236
7,1,0.09999750791010487,0.07834277329340729,2.2168640212945183,1.7520848019690545,5236
11,2,0.1243223338712055,0.08412483546887077,2.0775397010662577,1.6288646768633896,5236
25,2,0.15308530400418574,0.08624761271282515,-1.357249001424617,1.7031102741413569,5236
34,3,0.1658946342766231,0.11479788246536225,2.22168560531326,1.7507430753721265,5236
65,3,0.19576254868127285,0.09178976687286285,-0.9146991210052463,1.7441582047680544,5236
51,4,0.18646382020624586,0.0964792714307891,2.2823860251825923,1.705988490828142,5236
159,4,0.2456300268474667,0.11464433770830502,-1.1643809187516692,1.733131021691818,5236
162,5,0.24722140823313166,0.07005253661219214,2.048515616691182,1.7413323944679535,5236
175,5,0.25052356746348414,0.08308916677364708,2.135998865636527,2.241862439683201,5236
229,5,0.2691844800780193,0.11622969455332083,2.1115891240194578,2.0903752284578916,5236
253,5,0.27715309364309837,0.14581500473172224,2.3020691354456635,1.1526096527260312,5236
283,5,0.2848779034983342,0.10599319673402911,2.1168945812731326,1.170516852161218,5236
339,5,0.29651922032736844,0.117979739495459,-0.8845793574439021,1.966716292918847,5236
261,6,0.27932344458479585,0.11306553242820724,2.0726309953513162,2.046409605792309,5236
357,6,0.3006986213159065,0.12089256502391836,2.1289363844728,2.515339122938679,5236
550,6,0.3378923501567028,0.1381704962049032,-0.7780479665681419,2.1011132886783837,5236
634,6,0.34900738590781066,0.07805301208647741,2.2779554156428374,0.9875641538447396,5236
529,7,0.335572369831864,0.1535576891895324,2.3573037559643097,2.219360748052174,5236
557,7,0.3389344236358933,0.10824796728229862,1.8300141487631345,1.6552692425360254,5236
702,7,0.3572039052654562,0.10614197428995091,2.5924024445837475,2.374542871048427,5236
841,7,0.37195582351120215,0.10089937686347739,1.5524026112980913,2.476688866868867,5236
859,7,0.37440216601995013,0.15690804586748916,-0.6243183734695744,2.032640245591497,5236
880,7,0.3775498455270132,0.15950312903974956,1.6963746910186301,2.2300336347945016,5236
889,7,0.37843016917266936,0.09450950454606581,2.733833539251759,1.6561413016722077,5236
937,7,0.3837939887048145,0.07266552141635794,2.74275640429427,0.8385581411563374,5236
1049,7,0.3962127742503908,0.1419747382668004,-0.6356239379165938,2.297056695428333,5236
1050,7,0.3964527782547528,0.1698939766836908,-0.9852995861547325,1.884630331532761,5236
1089,7,0.40007573860699264,0.0976275677583303,0.9671405237670692,1.5496253647923617,5236
1239,8,0.41412224987902924,0.15699919516963415,2.0496962835069787,2.3224550828838177,5236
1264,8,0.41595268019316844,0.0740086598278072,2.906555314716971,0.7549601886654783,5236
1317,8,0.4204174161782597,0.08596060736447408,1.2413286595511759,2.741935282906206,5236
1371,8,0.424927228140764,0.15953743666473472,1.6120309245014517,2.5019506592107756,5236
1399,8,0.42725950855385697,0.09406053505102405,0.9994352375269787,1.7055707315948805,5236
1509,8,0.43550967238915506,0.06271723610232048,-3.1185096748488834,2.285247588907317,5236
1558,8,0.43953714253985776,0.0993802632843937,-3.108186632947007,1.6328760267490043,5236
1689,8,0.4488847169535629,0.055335239106634355,2.785831335899407,1.8471572003689158,5236
1693,8,0.4492963729765418,0.19129145784604204,-0.4601743736996602,2.323857278363648,5236
1898,8,0.4614332251468981,0.22432859567160324,-1.0583179687121709,1.9650760614238392,5236
1916,8,0.4623410337357112,0.17177818177272627,-1.0897644380500247,2.2926024914330854,5236
2044,8,0.46959200203171136,0.14256205663191646,-0.9526557155002428,1.4708258385398445,5236
2255,8,0.47969514095330434,0.1209573063834831,-1.3825021867364904,2.1072116253830027,5236
1741,9,0.4519158428552895,0.16082556203303097,1.3477009559640851,2.56675454137722,5236
1970,9,0.4650762415886318,0.22374337342671494,-1.0649742808431057,1.9607585344233593,5236
2153,9,0.47488254468240276,0.06286820945669476,1.9542845218536828,0.1536578754568709,5236
2263,9,0.48012709454797364,0.08956263700141238,1.1025544579421716,2.1725940661214995,5236
2329,9,0.4840940316004527,0.1868965306908377,-0.543316139927705,2.3904250453794225,5236
2388,9,0.487404925858828,0.06684231643792278,0.5401669025869215,1.9976837138991423,5236
2647,9,0.49935971186644423,0.07652646871123477,-2.618807484916505,2.062805829997248,5236
2665,9,0.5001368160874675,0.121678105879779,0.5175751801285766,2.5109529025752964,5236
2702,9,0.5019688467074714,0.12074500429944143,-3.0983568525070972,0.375812682251566,5236
2704,9,0.5021222747469513,0.09975336851783467,0.7957327959374377,1.0635181788255192,5236
2749,9,0.504426681980255,0.07824322744602318,0.03136712565903065,2.1218176338960797,5236
2844,9,0.5096817395978007,0.03918532830165559,3.080015694820069,1.8532389386893247,5236
2898,9,0.5133514298209069,0.23075475232595258,2.1049642881646213,2.303645546611705,5236
2901,9,0.5135390627476648,0.07812565222567049,1.1226583180342864,1.515326393158992,5236
3136,9,0.5273341502415084,0.07323248035484718,-2.3917843145228486,1.4504390135354777,5236
3170,9,0.5292926854601097,0.1307744014553257,-1.0254903556377968,2.1352290946788712,5236
3190,9,0.5300151551190226,0.183650897777848,-1.0326216526131116,1.3761173023841264,5236
3137,10,0.5273408578608235,0.12951829917459612,1.2351592489618624,2.542053570691993,5236
3188,10,0.5299862415802895,0.11006637611526972,2.984180038949642,0.2593172760969126,5236
3317,10,0.5377349922120594,0.22990210844031284,2.0625959853972793,2.244751155780343,5236
3517,10,0.551370671987591,0.15059001539349753,-0.6792362446951402,2.523405880507374,5236
3544,10,0.553605730276088,0.1173798963041832,1.0455208558243776,1.235043418784955,5236
3594,10,0.5572517115223896,0.10604689083709253,0.42649207143049545,2.59183465329176,5236
3809,10,0.5740679814177164,0.07896065646552788,0.9033051872262683,1.1213003742873913,5236
3882,10,0.5792441728630039,0.1129729024649103,1.2717572175672351,1.3849070444915856,5236
4074,10,0.5941589025016953,0.1595019280808532,-1.465808966155447,1.516364916604263,5236
4247,10,0.6085886689198404,0.08454138485141888,-1.6248758606028115,2.0942884590778155,5236
4308,10,0.6135591958595596,0.08940259584081428,-1.2817582738117088,1.7778066213278167,5236
4345,10,0.616907675084372,0.14596244488392163,-1.3530006371340293,1.7092977578274644,5236
3713,11,0.5655766116516838,0.2388031999838985,2.046999869006346,2.2887566521468132,5236
4040,11,0.5917982816194431,0.13545004797484572,1.4411012796621416,2.713940722468101,5236
4052,11,0.5927054855746458,0.12240865594807292,0.8080345944777055,2.4668496540761624,5236
4136,11,0.5987353315399138,0.14098664696188457,-0.8058528735780708,2.256677608468069,5236
4144,11,0.5995709680110658,0.1311379846754276,-2.6467392316715666,0.41039885740798804,5236
4203,11,0.6038840419610432,0.14190306744383907,0.8689891482423033,1.243066063011649,5236
4394,11,0.6231483825911592,0.10237336709119842,1.173983862039727,1.152709026492694,5236
4511,11,0.6383711466244087,0.07135911414368007,-1.7720498634348634,1.8173761717007713,5236
4657,11,0.659996348447675,0.11735190530581048,-1.4355761584888809,1.8486885446148027,5236
4392,12,0.6230004949748833,0.1513669225842034,1.805525805446449,2.805578948452416,5236
4481,12,0.6343044671008856,0.22258696766993558,2.430107861597041,2.3398021011193912,5236
4498,12,0.6364730176403464,0.13716372296297932,-2.2581896809008355,0.3644347672545063,5236
4523,12,0.6402207257683977,0.12331069575450856,-2.095460544125349,0.5280882578694259,5236
4631,12,0.6545889243145685,0.11530972139605636,0.44300300542764365,2.191118682934008,5236
4633,12,0.6547557919821743,0.10465709375979734,1.4910238941174006,2.6291473916031656,5236
4696,12,0.6641607397997703,0.13695995870962302,0.872827331386115,2.1978795084230747,5236
4766,12,0.675771416293152,0.10837008759796865,1.0732907729638859,0.9139777896142641,5236
4785,12,0.6792108618950032,0.13492787117186766,0.5554189576612666,1.1035253767001734,5236
4790,12,0.6800439566747534,0.08916654892174865,1.048731776634924,1.2600582765349424,5236
4862,12,0.694600558009372,0.11318043247109737,-1.5672493848736062,1.9727899935566986,5236
4795,13,0.6804272354952271,0.19433526442961532,1.9809080409165165,2.7087011602836917,5236
4806,13,0.6831971760394446,0.1943145940596913,2.3970746910575107,2.4419437108600635,5236
4919,13,0.7069238168336687,0.14747834571229979,-1.497417638824277,0.30968346081434084,5236
4968,13,0.7188636785475537,0.11487377986295579,-3.0730027181831363,2.948269931023127,5236
5002,13,0.7303524664986082,0.12149422662020845,-1.3304088240610108,2.1134795533346624,5236
5042,13,0.7412337081294272,0.1517369418544131,0.37501227088512984,1.9597441588908064,5236
5054,13,0.7431935928202886,0.09979423739555061,-0.4835198207590448,2.6104398299256277,5236
5073,13,0.7491906546355631,0.10934224925185007,0.5446911370488453,1.1214510858623807,5236
5093,14,0.7577273535387645,0.12025667267212381,3.030994158271642,2.687219048552047,5236
5102,14,0.7622201627510207,0.15458149997150675,0.45730829263150946,2.0274783545728683,5236
5114,14,0.7676792298755322,0.10209425937369727,-2.9344678122766217,2.5417117873407986,5236
5115,14,0.7680741654726546,0.13483809836638952,-0.8342928718483761,0.5803382726172632,5236
5124,14,0.772623161556674,0.1510572887482741,2.7147973621802675,2.549990739236989,5236
5146,14,0.7851037556582154,0.13387663260828436,-0.11464210070671525,2.5869661821120964,5236
5147,14,0.7854687444819746,0.07222754300046451,-1.1962369541692381,2.202924236528351,5236
5153,14,0.7876608978785128,0.07806444971774268,-1.2709846200363104,2.1062312483686734,5236
5164,14,0.7969739996066305,0.09181454127779184,0.6926626342844128,1.0438786034984027,5236
5175,14,0.8066626389653075,0.06078786708725481,-2.3300883510700725,2.398054539934578,5236
5202,15,0.837720728522202,0.11477758788488153,0.5047557432518902,2.3536125059520376,5236
5204,15,0.8433768797647291,0.09016556045969856,-0.8353126031941496,1.7925002945487216,5236
5205,15,0.8448990525687488,0.09932456480504283,2.742695262575352,2.313972006902292,5236
5206,15,0.8470773596332467,0.05175071219498603,-0.7628179225981069,1.6496695758175375,5236
5207,15,0.8472545106867205,0.09324647348542639,-0.05517875006993259,2.1658790857343964,5236
5220,15,0.8708939175427737,0.0448064194501094,0.10960699736795095,1.4042661005304855,5236
5222,15,0.8744445160490439,0.04760307852276603,1.0964204173902503,1.9238280469609765,5236
5223,15,0.8753726088806421,0.03227362662793034,-0.18630583733153974,2.7240470308194973,5236
5224,15,0.8762258658525367,0.05068776855815709,-1.4889834407530278,0.3464744439565133,5236
5218,16,0.8640845859124906,0.09390686989227556,0.6355127343023051,2.377301242609311,5236
5230,16,0.9021349639913154,0.041796897339003276,-0.8484922034650727,0.5065177325073774,5236
5232,16,0.9086477604029444,0.08018582536591833,-0.9170812501907395,1.3111949253430382,5236
5233,16,0.9110942791587308,0.056734305643089386,-0.05720213017240319,1.3447426612854938,5236
5234,16,0.9149263192274104,0.04994899655057633,0.11926463656597816,1.8777315588526706,5236
5235,16,0.92299082586418,0.06796342568305087,2.531380985298922,1.725479994797185,5236
5236,16,0.9272554596582477,0.07074106299372682,0.6457015545579986,1.495196509492326,5236
5237,17,1.0,0.0,0,0,5236
0,0,0.0,0.0,0,0,5236
1,1,0.06792393658410922,0.06099912681654937,1.8432346264533652,1.3036079605928859,5236
3,1,0.08194075436668069,0.06372998347724622,1.437169111456538,0.8883383089056038,5236
6,2,0.11550251011298818,0.0452259617763983,1.001168674881926,1.13563285361848,5236
65,3,0.19565748766571245,0.10046702048306556,0.6233851221063628,0.797157917292912,5236
158,4,0.24215656818273068,0.10197532309836192,0.09166673763078342,0.9734835638263423,5236
391,5,0.3104153051982106,0.08653724619614761,-0.39602416572948146,1.4884713325407852,5236
637,5,0.34991329556194706,0.1910709502786791,-0.1329679350821329,1.0964765373389875,5236
818,6,0.3721520954530504,0.08004384013289192,-0.8171224095545533,1.7187129463207498,5236
947,6,0.3860522054665937,0.21059904475668012,-0.20152550801623095,1.2219721886043744,5236
1308,6,0.4190081947224993,0.12775677929136617,-0.033923589704125845,2.3977517753866042,5236
1403,7,0.42561389910361314,0.11907891925182493,-0.64543521690638,1.8258241465228697,5236
1407,7,0.42602245884766554,0.23426818078064332,-0.20882844963223188,1.1887648089525849,5236
1699,7,0.4453052496373664,0.10461551881614851,-0.04963811371110565,2.488298926788391,5236
2084,8,0.46932151946750733,0.1359649405553613,-0.3413552772389738,1.9498374243603858,5236
2233,8,0.47754808641217994,0.12187127826856578,0.1151211552754318,2.5082156898700574,5236
2606,8,0.49709245145308545,0.25504311378022837,-0.27972286914351624,1.0325671011313238,5236
2626,9,0.4983145251956055,0.13574389130708525,-0.22783691548457874,2.126071756257866,5236
3068,9,0.5204898182484394,0.12753695169246212,0.3100365948789926,2.624547270322417,5236
3191,9,0.5278468316658813,0.16813094147871477,-0.3156267004218965,2.1247987751497788,5236
3358,9,0.539546890251598,0.2723855892631639,-0.3522361977814287,1.0153332023192634,5236
3555,9,0.5535342867562503,0.21892559358178396,-0.2833377964389928,0.9125246632872549,5236
3865,10,0.5741864963290738,0.17264781650966338,-0.14017171603238365,2.182591401078997,5236
4081,10,0.5890536197723106,0.11690803111864567,-0.46499101431763074,2.0844078347038346,5236
4185,10,0.5991998381786202,0.19473193857607682,0.3069041565925281,2.556994199999468,5236
4210,10,0.6015357385793382,0.26397848564892534,-0.34777915202621523,0.9387432091226562,5236
4415,11,0.6247736507205047,0.11797487605155313,-0.16455383418193692,2.1101118268880237,5236
4416,11,0.6250523009575507,0.188259370557378,0.07426408369027275,2.3839303880833493,5236
4509,11,0.6375853652599803,0.22938530728931794,-0.3922763583026907,0.9583166347729012,5236
4614,11,0.6535296040010069,0.19927124981417255,0.31414862125167536,2.286719353005631,5236
4727,12,0.6716492278996774,0.2091804513090622,-0.34112129803112634,1.0272043656084395,5236
4753,12,0.6763528163836383,0.21164848665446212,-0.33398804960278183,0.9587144249194042,5236
4756,12,0.6773605850096962,0.08745806063157446,0.030100697469032087,2.422868839124124,5236
4868,12,0.6960778244345144,0.17980576239378482,0.13593612361498106,2.4074740121572966,5236
4917,12,0.7065862081396509,0.1718900081016448,-0.2917880557924733,0.8611746757210033,5236
5028,13,0.737141718434049,0.18757393026472213,-0.43458544541757554,0.940802530446204,5236
5029,13,0.7372025133465435,0.1327551811869428,0.13582972591557524,2.689623605496291,5236
5089,13,0.760295906234835,0.1489598889614739,-0.0021113957098975824,2.2307405772950335,5236
5156,14,0.7905806215002901,0.15872843899463812,-0.26439273602888114,0.8530677024399606,5236
5172,14,0.8007296523415834,0.14517834279335773,0.17076269716930573,2.2436385737758675,5236
5208,15,0.8308894468899574,0.1374457615274015,-0.13793553850397153,0.6786252691880136,5236
5226,15,0.8572337755231964,0.12827483719750693,0.255742308930982,2.078517774887131,5236
5222,16,0.8528617359820299,0.1280835331394574,0.06255906432953251,0.7326481156161806,5236
5236,16,0.8989091045246277,0.09765180729438652,0.4870314655085862,1.9974710739970432,5236
5237,17,1.0,0.0,0,0,5236
0,0,0.0,0.0,0,0,5236
1,1,0.05302419804446079,0.037400856147786384,2.617025464062339,2.077627110249186,5236
4,2,0.11823555063202862,0.05243259159617949,2.915116066376909,1.9984473796154834,5236
10,2,0.1378140796919619,0.060962363566239804,1.0729747801787346,1.527134080463266,5236
38,2,0.1876672224364384,0.10253389911310397,-1.6738186826715609,0.44397488000394725,5236
34,3,0.184718590434241,0.10397665306769803,2.9121687731811474,1.853917401750327,5236
46,3,0.19395677326218608,0.07991510396011205,0.6231125524421943,1.0007417830147438,5236
89,3,0.22488239614786998,0.09955196175013381,-1.417182221002562,0.42241970248601524,5236
102,3,0.23009955132985216,0.07885002477771758,-0.14693805967144286,1.6364757032972057,5236
250,3,0.2789479404896793,0.1795333554929667,-0.8812638090443939,0.49046709885653766,5236
69,4,0.21033342941309596,0.10604661050585029,2.859403996824893,1.760004504161856,5236
96,4,0.22825425661524879,0.11336259796229926,3.066605520299198,1.7951614337961836,5236
140,4,0.24530437841598174,0.16087652971235722,3.0077935820540804,1.7933270185592454,5236
202,4,0.265528245548421,0.11239179356811732,-0.027660942685457116,0.6269503030955791,5236
220,4,0.27072444381997784,0.10633456834743647,0.014298167631574394,0.6728618274002155,5236
224,4,0.2719899249340446,0.07770171648344676,0.7333335309684059,1.4801516510868868,5236
280,4,0.28739943768227383,0.0577811940020875,-0.38780888369737293,1.3521587136875544,5236
432,4,0.3223229545351042,0.1899644507030086,-1.058004179290549,0.5883737255880698,5236
172,5,0.25861885278396823,0.12252850384687773,3.1276667558837192,2.048605623387809,5236
386,5,0.3130237121468472,0.09156837022015195,0.4052919969707766,1.293108010386469,5236
448,5,0.3243374268967161,0.07794250162746187,-0.47944945347210116,1.7540268060162818,5236
473,5,0.3283938512363147,0.19250653548167304,2.742582669641946,2.0510563683070786,5236
504,5,0.33459292705030397,0.16512141987769485,-0.19688073971736733,0.9314677658544591,5236
505,5,0.33463953498796994,0.0972735231853907,-0.15517630656243597,0.9618550223271181,5236
670,5,0.3575179439893984,0.21397342662698607,-0.9149881025164077,0.6794609607857118,5236
701,5,0.36162098816852595,0.2652052732500671,3.0852664037839777,1.9029128839335705,5236
394,6,0.31472469145540605,0.1411769239356811,-2.8649937419628064,1.7683288009055724,5236
663,6,0.35682731166079584,0.1074560210172911,-0.38402701933954664,1.8589838722869927,5236
754,6,0.36814740217998043,0.13545291654600827,0.6512643730225466,1.3653267923243455,5236
1011,6,0.3932450665330739,0.2265230271520483,2.819679838797721,2.2460676725824342,5236
1016,6,0.39388473111173083,0.20697083538163144,2.6849793450308646,2.0673287989557316,5236
1050,6,0.3971524397556355,0.2814586395346529,3.0369310601306423,1.9499405501494969,5236
1439,6,0.43042789339019094,0.15343838066381427,-0.8494901123850845,0.8330803280537129,5236
1441,6,0.43063349827164454,0.2261139472614887,-0.868124859244099,0.9499240927230791,5236
1106,7,0.40170316992513044,0.14381800138983164,0.45631119785268903,1.4266076580485363,5236
1330,7,0.42251495774601233,0.20201757858217434,-2.8859893939893317,2.2569051933764985,5236
1527,7,0.4382353447995013,0.11696710627237765,0.04637770885514329,2.3612831933767144,5236
1561,7,0.4408531286674381,0.17056133186539657,0.529563638480115,1.0887765517627115,5236
1676,7,0.44830440224219603,0.22491776295113586,3.0731038683312737,2.3141883372982655,5236
1718,7,0.4512613054528505,0.19071444778567123,2.733460872261459,2.20496540238893,5236
1741,7,0.4527591779210862,0.25667524153283205,-3.135475099252811,2.0736278051444974,5236
1933,7,0.4650980858688476,0.15239436246671403,-0.8699308125273421,0.8208189090783862,5236
1980,7,0.46729200176053765,0.21867351879586988,2.8118952563668884,2.1162437743365787,5236
2688,7,0.5047993434922031,0.21394688898897604,-0.8840078159770299,0.8670738038775276,5236
2425,8,0.4921104396419407,0.20835349249910265,0.4116796365168,1.1592574134956266,5236
2485,8,0.49530528685524255,0.18123011638468325,2.8397421265054694,2.344840601089658,5236
2583,8,0.4995517633541221,0.158751510287959,-0.6154006486332396,0.8340681568256434,5236
2898,8,0.5145051820442007,0.2236234114635717,2.9598463240914135,2.205230246821671,5236
2914,8,0.5152215772673094,0.13225634822731364,-0.8781695656735536,0.7309700542525961,5236
2937,8,0.5165788627860537,0.08650331788267578,-0.004751071697662746,1.8078254645512324,5236
3109,8,0.525348776816464,0.1953575828170985,-0.8834982694649892,0.8973015670702991,5236
3148,9,0.5277452634441324,0.09112263338738823,0.08785567267635358,1.8449095634691488,5236
3246,9,0.5324286794615232,0.2003744056992046,0.32371007113596967,1.2199924080179205,5236
3511,9,0.5481112615655658,0.13161795866491044,-0.6489178333471973,0.8718393562559796,5236
3663,9,0.5576924188155272,0.18957897567045012,-0.7279239585977698,0.8660988919644942,5236
3733,9,0.5624293281374174,0.2199261900324083,3.0115909786455117,2.4008898793494082,5236
3834,10,0.5707219208579536,0.12526589419526002,-0.6009004425954546,0.866636020231443,5236
3960,10,0.5805339934388841,0.193418154105558,-0.6521454491190944,0.8996506644263174,5236
4003,10,0.5844407150279803,0.06967453349952014,-0.5123369861270605,1.5913905952322747,5236
4157,10,0.5977228094299907,0.217279078890406,3.019833501083522,2.3892960512428223,5236
4367,10,0.6190915774397059,0.16062433667060158,0.17300940064184675,1.3396942413044144,5236
4516,10,0.6345850737343295,0.10246135505405266,0.28494653646921947,1.4507820348481921,5236
4448,11,0.6283738761714134,0.21395609590669895,2.819190555566385,2.386426750143229,5236
4661,11,0.6550889277933557,0.11949798333291244,-0.5090883818849762,0.63620947723718,5236
4676,11,0.6574681929008422,0.1322654360430871,-0.4558421908233531,1.0242388339965787,5236
4682,11,0.6587727750261921,0.08763423017316084,-0.03740976718729573,0.6375528466661302,5236
4753,11,0.6675826994471165,0.12302202730925801,0.07331214258560174,1.3748220776998745,5236
4750,12,0.6673304086394405,0.22053702014141122,2.9558756768647814,2.478626960613052,5236
4896,12,0.6972138716987771,0.13971810797100997,-0.7439576357779054,0.6677524991682109,5236
4966,12,0.7136335510887415,0.15579374916898,-0.42028571335076387,1.0483802031950946,5236
5005,12,0.725002096439026,0.10700254056029791,0.4047182045826207,0.7022630810857731,5236
5021,12,0.7293464905437733,0.10831804764586428,0.06469790949713906,0.8582012680361037,5236
4947,13,0.7091457980280258,0.2191206175117155,-3.0574753366134226,2.5810811714520243,5236
5063,13,0.7451035449001203,0.1465763545641311,-0.44346718710555294,0.8683474537113712,5236
5134,13,0.7769646439895149,0.1174689117611934,-0.09041418040799891,0.6324723037055423,5236
5120,14,0.7702628509127897,0.15260744065977538,-0.40492778050771283,0.7233674193694629,5236
5130,14,0.7751116635439823,0.17039751339312992,2.9305511850793193,2.581238125285467,5236
5195,14,0.8248589154299285,0.09719609281140511,0.3731339432231077,0.7685113390683317,5236
5207,15,0.8429739723007529,0.14160019738493584,-1.1352419819639994,0.5800974215596829,5236
5219,15,0.8645199289675267,0.10112818008248145,0.09550296594334458,0.5124306579646895,5236
5227,15,0.8876709281403526,0.0730345207823686,2.497941342452276,2.373036769163254,5236
5228,15,0.8918788645837996,0.058275250259667156,0.8582427036910119,1.3132620001751958,5236
5230,16,0.9001690024741873,0.08821658767794509,-0.21712907809372073,0.5789474463525689,5236
5233,16,0.9030542348330429,0.08539025041734319,-1.1632719559246023,0.5439331338233522,5236
5236,16,0.95332624752835,0.03331327330574719,1.8319629470933114,1.7778757077932519,5236
5237,17,1.0,0.0,0,0,5236
0,0,0.0,0.0,0,0,5236
1,1,0.05600617638990635,0.029195190552775353,2.6698333196547877,2.171704957267772,5236
9,1,0.1127105894237701,0.09693055028213601,0.6260902097454368,0.529857525874171,5236
8,2,0.10648567523139596,0.04325818950491555,-2.927100132968765,2.098191905553562,5236
22,2,0.1416697492541782,0.10516360160637485,0.6102281871122892,0.5278463666963674,5236
34,3,0.1605992475970549,0.03792448130002618,-2.759789750653623,2.1743720403536075,5236
46,3,0.17645255375353275,0.01835359651118624,-2.1919944199882564,1.0251967450063677,5236
72,3,0.19827378264124607,0.05217494658560201,1.095253797428123,1.7583653010499511,5236
81,3,0.20606110905964237,0.1143379809933036,1.7371937322937592,0.4808846097456734,5236
95,4,0.2153647931875885,0.05920695695307146,2.584954842070373,1.9208423821910579,5236
164,4,0.25016088008977966,0.0424244279866512,2.468014236828464,0.744528530498782,5236
177,4,0.2573270874555823,0.07109549387005407,1.3742462672273152,1.444849977255101,5236
264,4,0.2796997245523666,0.10047191521757852,1.575457007061564,1.2555437707167467,5236
291,4,0.2852450623736774,0.1122723971583856,1.991620720653635,1.1087453274268597,5236
339,5,0.2985306647337983,0.11442643303719292,2.6743641377075433,1.6764532094529099,5236
468,5,0.3242592544427957,0.09345343014791509,1.9960124754516149,1.3824930394152473,5236
589,6,0.34663298225426553,0.07682230672360917,2.48986431159446,1.495828518383406,5236
612,6,0.3499173723842799,0.0753414445769674,1.9813970264696523,1.221946103855644,5236
1062,7,0.401437303358261,0.09843121520461395,2.337068815285608,1.6169327191964902,5236
1434,8,0.43127399729634,0.099633177305653,2.3224974894610226,1.793765203029651,5236
2067,9,0.4747057167973582,0.12317657260121302,2.1271790286769092,1.6767624919671666,5236
2740,9,0.5087980453990459,0.10226989483144226,2.4065074696845805,2.299833184657253,5236
3274,9,0.5374742938879685,0.17400157183750686,2.4135550279862055,1.2314710532235769,5236
3358,10,0.5421615210387027,0.11418287082044666,2.0489549752828453,1.4228167504116174,5236
3409,10,0.5459052571645882,0.15212223826614646,2.285412141306874,1.514785376557441,5236
3429,10,0.5467923409417812,0.13507652753896748,2.4778240639497353,2.440561449845872,5236
3499,10,0.5519007075919722,0.1524381707839104,2.399494813828236,1.3339191569820126,5236
3586,10,0.5578977313988625,0.18155546972460068,2.4070340713041958,1.226770412968954,5236
3651,10,0.5619169369281982,0.10479091379193696,2.6998646399326267,1.9237115756866954,5236
4181,11,0.6058065220603688,0.11005064372279558,2.7921854627580096,1.57651335499038,5236
4234,11,0.6104735239436472,0.20498058392288881,2.2463545246354295,1.5978980898098425,5236
4239,11,0.6111619299895189,0.1642706895062637,2.7520704298875605,2.5496171860615706,5236
4312,11,0.6193664653301455,0.1765925699528949,2.3290877048469274,1.3708814417337705,5236
4350,11,0.6224899387209857,0.10273896772091898,2.7050176503160537,1.37276106085977,5236
4649,12,0.6611090119496379,0.12263126664069113,2.423922556650003,1.2945452318197634,5236
4711,12,0.66936687222418,0.20568140706090762,2.45532496913488,1.4067580118391394,5236
4812,12,0.6870156195504129,0.15954580427703635,2.1280143005642422,2.457124733902231,5236
4840,13,0.6916870291989746,0.12717111637084527,2.247858479352355,1.3988081164567698,5236
4974,13,0.7227821560601115,0.18204895636047577,2.1371788617727736,2.4789948474352803,5236
4982,13,0.7253585103840093,0.18226294744818525,2.3525702732858367,1.5146490914913573,5236
5040,14,0.7479714595229148,0.18687891874291435,1.959452917156731,2.4624648232469233,5236
5108,14,0.7742141166518203,0.15314623609015587,2.170717271894285,1.5284772729524985,5236
5142,15,0.7937736379736503,0.16535158310630604,1.7441330539509998,2.3082018380315743,5236
5185,15,0.8202989377360025,0.13380314952750805,2.3248863517672245,1.7247108946018788,5236
5219,16,0.8657998083547831,0.11926693017057571,2.427802631758719,1.6378171435004842,5236
5227,16,0.8892394011154179,0.10924508215657225,1.6390525051069553,1.9424952066211447,5236
5237,17,1.0,0.0,0,0,5236
0,0,0.0,0.0,0,0,5236
1,1,0.06390331341937971,0.049118801912862026,-1.315995045655002,1.4648586948363636,5236
6,2,0.09744692548371159,0.07385745349376763,-1.4740111462060048,1.7358569665118195,5236
23,3,0.15026712828793432,0.04781723485370997,-2.0819374557364654,2.3028948436113867,5236
71,4,0.19155784840503842,0.046700105817148584,2.7550829836420045,2.9347315470716735,5236
194,5,0.25709735001339973,0.017160589523320134,0.7922279678269007,1.487542347995082,5236
358,6,0.3012062920583989,0.045901778257910496,0.4006896145375189,1.635492159278583,5236
836,7,0.37529938055067813,0.02298593695300726,-3.041780579265501,2.363774316569095,5236
1161,8,0.4077990619092765,0.02216891147677625,1.6702194027373398,1.9104604237437737,5236
2296,9,0.48144962787835033,0.07089297760743278,3.047170533705152,1.3271716445216355,5236
2694,10,0.5016445300436221,0.057752017407381874,2.9795592000700095,1.4222783242339463,5236
3458,11,0.5423791215273424,0.08148574673340804,-3.0515991516065384,1.7546987953238813,5236
4580,12,0.6438616836771373,0.09812907653314763,-1.9306380752014114,2.4573962160863725,5236
4821,13,0.6825362009197095,0.11190889652713693,-1.8687156575799775,2.3440325149744634,5236
5065,14,0.746393609261604,0.0683398271821457,-1.2137338003277203,2.17128999234636,5236
5140,15,0.7808177633456393,0.07666445175669374,-1.1786342315539127,2.4383671373025826,5236
5216,16,0.8364857912591263,0.11562062541975919,-0.5707770091203326,2.7274949633517376,5236
5224,17,0.8581084529311844,0.11229500771168584,-0.4170356541854997,2.7080044604079716,5236
5232,18,0.8995831574915859,0.0955216596364945,-0.4525662851583603,2.395528366870557,5236
5237,19,1.0,0.0,0,0,5236
0,0,0.0,0.0,0,0,5236
1,1,0.042401325237581555,0.02369360438739406,-2.981331432473879,2.293478316005915,5236
2,1,0.06268469272667165,0.04834847547571983,1.410730017074289,0.41091020825204755,5236
3,1,0.06424608695606548,0.04726426418764316,-0.026495102676600754,1.2903647855424714,5236
4,1,0.10693693322034115,0.0933590914753864,1.78450060567008,1.5126474866110995,5236
5,1,0.10852688646331088,0.09407140580722696,1.3479550959828375,0.8556407577037355,5236
7,1,0.11592045313184252,0.09659894360964197,2.292612777214859,1.7743831088894546,5236
11,1,0.1308882380077655,0.12535871161168435,-1.3653673541865312,1.756542484666651,5236
13,1,0.13433663608665125,0.11562945607014745,2.1825295548684127,1.7917680280256523,5236
8,2,0.12653118206685277,0.02952616122279762,1.3160983789105183,1.0513683871382258,5236
10,2,0.12959523498892966,0.042994600375773476,-2.0283771962082913,0.9297445481280955,5236
14,2,0.14084344038258012,0.0865811932194225,-1.864310334822597,1.026814392600803,5236
15,2,0.1418778186153321,0.09088813592182847,-0.5159104969517718,2.9545622100859283,5236
17,2,0.1499103817331675,0.09501298626888258,-1.839270248417314,0.591781653296958,5236
19,2,0.15546361479635118,0.09908197379183693,1.4262164394209118,0.9221149602266169,5236
22,2,0.15732044816334356,0.10700300340775487,-1.2651343433039761,1.3869262053580782,5236
23,2,0.1590995080716342,0.07188756475129311,-1.8254658650789155,0.7249783931427548,5236
25,2,0.16335025791154378,0.1222945811439795,2.109329123826245,1.331641875255386,5236
28,2,0.16488102466103172,0.1079553816967987,1.367117823878062,1.0534054805460564,5236
43,2,0.18304686052627006,0.1352816021834535,-0.22266938536090716,1.6110689849019029,5236
48,2,0.18718476737983714,0.11121385847134414,2.379446315710885,1.8788268183426324,5236
49,2,0.18915335027400604,0.06783525258415034,-0.8046608028551423,1.3283843077384203,5236
50,2,0.19305623847617603,0.16133820790993358,-1.6492452642948916,1.6379278109936162,5236
66,2,0.2025121214483624,0.16615471280617597,-0.8733961326679526,1.0697940267014143,5236
85,2,0.21582793043445592,0.16795177130916225,-0.9750416230335444,1.255481561272159,5236
94,2,0.21910161149468677,0.10427062136406964,-0.6145479937807934,1.3493740723331276,5236
102,2,0.22357232208877809,0.1816961538439564,-2.1540815976596623,1.544564828922213,5236
57,3,0.1955074583711589,0.05935953827441815,-0.025304029082665845,1.5009325872614239,5236
63,3,0.20010447641137952,0.07552888071769544,1.1575426797351993,1.0744850311583543,5236
70,3,0.2053600709919029,0.09222402084767399,-1.9488885977530706,1.1621391560583063,5236
82,3,0.21363038207473461,0.09182524316560195,1.3937011213703803,1.2896598002361794,5236
86,3,0.2160776599831038,0.09534191966817844,-2.6318925952746945,1.3444817868244645,5236
89,3,0.2170507980532429,0.12361573139105068,1.2196167070751263,1.0861733259570994,5236
90,3,0.217460437310807,0.1425089327844957,-1.886169567974619,2.750254029400063,5236
101,3,0.22334792484796084,0.12034700149761668,2.0796660376139116,1.9281189025350147,5236
103,3,0.22430800721258692,0.09721227092061933,-2.3206709595520656,1.7898237163979098,5236
104,3,0.22433686774378436,0.16087682115177543,-1.236732560045411,1.3219046384391024,5236
109,3,0.22750020115974223,0.05944922056723229,-2.1803503971458094,0.8386173198115429,5236
123,3,0.23444395531328244,0.17613714587675477,-1.8355063901217485,0.8127567787801021,5236
124,3,0.23493185906870762,0.16456445645912174,-1.7531469380447724,0.7755675583579322,5236
125,3,0.23598610454831137,0.11351027149872907,1.680971761558074,1.3442569760259404,5236
133,3,0.23922731490384164,0.09140053976969939,-1.0970423955742883,0.9081722272211992,5236
138,3,0.2414116360528591,0.12080175135335951,-0.1552903883831714,0.6442891481941301,5236
152,3,0.24849752725183238,0.14963228215461036,-1.8920561306035872,1.2864151960100618,5236
165,3,0.25264769756797023,0.17207030332932277,-1.2689081078924709,1.1496096761477768,5236
193,3,0.26089133314092716,0.18858186604403987,-0.9165961132192298,1.1546076498544022,5236
194,3,0.2612083308620614,0.18187521685748123,1.2197577658416348,0.9514712837820567,5236
239,3,0.2736340509558576,0.14420214593623434,-0.6680025689414888,1.1572027317688585,5236
253,3,0.2785666031182398,0.1849146896581857,-1.996840518741973,1.5243573544871718,5236
257,3,0.2799108779611018,0.17268449523701757,-0.7024369055330631,1.1599566654620526,5236
283,3,0.28484003700515736,0.19492161524361742,-0.7381155689008201,1.2757936314244718,5236
167,4,0.25304643493667667,0.06735690092959726,-1.9975219886721713,0.53338244873678,5236
176,4,0.25662551569262226,0.13104025343278244,-2.6198563060358433,1.1986451397224123,5236
210,4,0.2677935356614649,0.044187388819577934,0.7704018544706235,1.537513127409702,5236
217,4,0.2699093173613102,0.03905430746935246,-0.6605774555021245,1.4735848704761583,5236
218,4,0.26995754460998744,0.11712476560832315,0.20723336017789631,1.630178727943224,5236
224,4,0.27121265745075207,0.11441458152565721,-2.643506563231549,1.065936172287874,5236
233,4,0.2726857633100035,0.10350125436161531,-2.4184413636383417,1.3561339860129915,5236
245,4,0.275579037086114,0.11039170235558808,-2.01462129466306,1.248104437629495,5236
250,4,0.2778564068819819,0.15390610580630787,-1.0657313680232325,1.5559142637051007,5236
258,4,0.2799122494306979,0.09375842485462424,-1.7072400694458552,2.631071327168327,5236
268,4,0.28249285529525436,0.10744326447466168,1.9824323158899466,1.0565166255333016,5236
286,4,0.2853566013620009,0.1360413716765646,0.8072957552924004,0.637299623727045,5236
349,4,0.30210247139507107,0.11040120035968637,-0.8747307933827918,0.3641568298619768,5236
354,4,0.303884453833591,0.20825701034767405,1.18508953667341,0.9489763815104936,5236
379,4,0.309471472949575,0.1446422114456277,-1.8662269087586578,1.1834720394807383,5236
395,4,0.31274477822719504,0.09400435374219869,1.447517813283347,1.4358154393200424,5236
422,4,0.31824815133932005,0.17790750812072834,-2.0542118517028856,1.7050339389227713,5236
448,4,0.32307664722334606,0.12126115360879663,-0.35463976518651313,1.2514799726551582,5236
550,4,0.34053127664958616,0.16021714663593659,-0.7282017861470567,1.2860959676778494,5236
367,5,0.3059651557301655,0.09681459683526228,-2.2052848943303247,1.2644764131106738,5236
376,5,0.30885918976254223,0.09771913646614251,-1.4096517409039988,2.591275082905647,5236
382,5,0.31042830122130316,0.15633185998208154,-2.5640182630319353,0.9592633928479968,5236
394,5,0.31244967188219486,0.06986178615854376,0.7390131478461465,2.0134348160651285,5236
452,5,0.3235447454987733,0.05404953256171485,-1.068132865632691,2.1002513843654227,5236
459,5,0.32496726567011036,0.04152007186990436,-0.9082551708439611,2.274330339368762,5236
469,5,0.3267948578833536,0.11993507463341412,-1.8398778931718227,1.3923665319526894,5236
506,5,0.3334929444308663,0.10826436390944734,-1.7550908931923634,0.3101979503719683,5236
508,5,0.33376227994260066,0.14723836258433143,-2.161110284658195,1.0469004947106935,5236
522,5,0.33740276181777396,0.11326255995995457,-0.8512282156793401,1.736874009705509,5236
525,5,0.3376198247429566,0.1320653123638893,0.9314274664777901,0.6893150882314067,5236
551,5,0.34055898152527286,0.08975813086615916,0.1910101440159665,1.3199992329462547,5236
606,5,0.3491171543935149,0.056367079031728995,0.5627700752703679,1.4297386289169725,5236
611,5,0.34991009258262684,0.14711526556106524,-1.7645858288131382,0.9432783356229026,5236
631,5,0.3522072049872842,0.10402565745536498,1.2643991782504065,0.932490384012653,5236
685,5,0.3586551444035748,0.12027703964848269,1.3166824542961004,1.3509873409985307,5236
705,5,0.36224559599810646,0.18084242752113644,-2.1360124029064065,1.6647789626853113,5236
706,5,0.36227628770063536,0.12821140306120302,-2.1996976637745447,1.7794667335366179,5236
713,5,0.36316052614174,0.1892866373204239,1.3967409463840403,0.9115038883740244,5236
744,5,0.3671265600875593,0.1443337125076397,-2.2443679105239283,1.6440612500699368,5236
771,5,0.37072535293470743,0.13749218947718356,-0.6474074297448464,1.3205427209460905,5236
696,6,0.36067630470724077,0.06323585910488572,-0.9127350664174395,2.5332805488867236,5236
724,6,0.364161120156679,0.11794231100851664,-1.6611645431908488,1.5872830220799612,5236
733,6,0.36580096280694796,0.11184826416975097,-2.220706477620153,1.4621655832898701,5236
851,6,0.3803976136547711,0.11728801300542059,-2.5463675674517177,1.691311239348549,5236
856,6,0.38083849256811375,0.14319467385847146,-1.7853587948673157,0.803814851753369,5236
1005,6,0.39451523919090115,0.08482902615531673,0.5289565896931431,1.4902826908927693,5236
1020,6,0.3963271722017462,0.19523211230146933,-2.9045480202536034,0.9443973369576175,5236
1021,6,0.3965405018722472,0.22852435822129497,-2.590069740604851,1.0225524048975652,5236
1059,6,0.3999275300981605,0.11898420360409108,1.0394644876131787,1.1807417647060479,5236
1084,6,0.4025893318482495,0.12062567136845707,1.1790984977844585,1.2101940046817312,5236
1123,6,0.4060328121175467,0.1605445259367052,-2.144783071033765,1.7074181562483748,5236
1164,6,0.40913204359664124,0.18424469672021848,-1.8144019238403326,1.0675907002396676,5236
1205,6,0.4123657512169412,0.11407822076494625,-0.7313839927328594,1.2121183752742515,5236
1257,6,0.41652221282227975,0.17466489791757572,-1.5672301842142466,0.7288074519511156,5236
1282,6,0.41796341315316254,0.15541984613408524,1.4325679822462907,1.0560488832039732,5236
1337,6,0.4225657344828504,0.16452944593441207,-1.397984555275115,0.45744707347658425,5236
1012,7,0.395313498961713,0.042746174031262525,-1.1694680784376674,2.171049970980085,5236
1049,7,0.39882760803008466,0.06566108225293056,-0.28699880511215736,2.5915388769253047,5236
1136,7,0.40663708888511196,0.11954020403550936,-1.74206342418132,1.6833299348842885,5236
1314,7,0.4206249538556791,0.13802288626040837,-1.5787038623536505,1.8627610390501832,5236
1456,7,0.4317115438330691,0.22644862828643644,-2.680774713693859,1.1008060847295895,5236
1504,7,0.43553715736891063,0.09500144556089256,-0.07508135811265997,1.9456374199245223,5236
1607,7,0.4422793064373547,0.22633719482808037,-2.939609220211733,1.0289228586826675,5236
1631,7,0.44437710850169443,0.07884135595668088,-2.4046287716437025,2.3510195161873084,5236
1663,7,0.44606315734421376,0.09027081313378017,0.29302919470741606,1.975852420456662,5236
1671,7,0.4463012859068607,0.10843792281778078,0.9022218710950765,2.771165392956967,5236
1705,7,0.4490137757491829,0.0969281651049759,-0.6438062513405097,1.06280782319968,5236
1761,7,0.45312679192005967,0.12593515578885525,1.4009703671759135,1.1238512360334267,5236
1831,7,0.45803384886488596,0.16164476836910185,-1.7502864323571452,0.971590314718136,5236
1853,7,0.45960696603899176,0.2334431380035339,-2.9623545093791646,0.8222009584806313,5236
2107,7,0.4738470524297389,0.12541838835752006,-2.2472196633959842,2.089369320107375,5236
2481,7,0.4922876383065339,0.1644565522193792,-1.4520228304677993,0.7695392656415752,5236
1904,8,0.46170874777486093,0.07132863941872458,-1.335064950466482,2.940056162887394,5236
2166,8,0.4765218400191549,0.1103007459686915,-0.6802084330399695,1.2929292007290407,5236
2199,8,0.4778329189658038,0.07609493139474445,-0.20659735864804563,1.930347775911742,5236
2225,8,0.4791519933497391,0.16494338199707503,-1.8065046367440563,1.6014792051410487,5236
2227,8,0.47929594026232825,0.12913757249710026,-0.2086113640943762,2.1944601109617223,5236
2332,8,0.4850779344117443,0.11404226158105128,0.029797659701999237,2.0982878124083704,5236
2384,8,0.48808499950835116,0.13201559171427268,-0.741943094486691,2.1168098044719286,5236
2451,8,0.49102755346389204,0.18510722483314085,-2.7421640583001903,1.0914116461841465,5236
2476,8,0.4919684683819703,0.20892985200482975,-2.83845210102309,1.0613998091856198,5236
2541,8,0.49574644703488635,0.07276569837116165,0.3267852672052292,2.1200851985341083,5236
2543,8,0.4958239060375742,0.13472342580102534,1.2324988406604342,1.1225244192775115,5236
2563,8,0.4967649345417914,0.25709318074334064,-2.9215789847108056,0.9072999113634476,5236
2690,8,0.5028695745113557,0.08752400653482018,0.28048822414101987,2.565199669324604,5236
2784,8,0.5072296236406344,0.13974947347552924,-1.8519161000969857,2.039299386287984,5236
2810,8,0.5087154716365231,0.17193898071991848,-1.4721724562868521,0.7725064199543502,5236
2876,8,0.5121680460987218,0.22847475548087534,-2.74031176077994,0.7636249970917971,5236
2921,8,0.5143515865349468,0.1074756068779903,-1.8548365296354075,1.1035801011115236,5236
3018,8,0.5195036693085056,0.09980871703207905,-2.018195731331188,2.3089091953023564,5236
3256,9,0.5322430073606038,0.10556018126690532,-0.3007131992692747,1.2075053496060377,5236
3389,9,0.5403642478564884,0.13190089520987977,-0.9879017482010215,0.9597877915095606,5236
3427,9,0.5421222328645203,0.10731040219836659,-0.6760689505001466,1.713181987513085,5236
3483,9,0.5452534550037369,0.08505559791995272,-0.9803640192072357,0.6663336139084971,5236
3540,9,0.5493310966259661,0.07971804850545051,0.10075696406298512,1.5257766893078892,5236
3587,9,0.5521549911448352,0.13442655811163826,-0.7607394887894677,1.924631701380178,5236
3600,9,0.5528451634850948,0.11776031657127241,1.116627064252449,1.4999150707675493,5236
3667,9,0.5575657479651548,0.09715975638393967,-1.896113921596458,1.336939174285296,5236
3692,9,0.5596137204684118,0.2087868444302567,-2.823183664959228,0.8345855188706564,5236
3729,9,0.5623248845447063,0.18737574177467622,-1.5266532806321969,0.9466912021722749,5236
3856,9,0.5717846256683365,0.15267508981496133,1.582183628778792,1.0412260535755933,5236
3866,9,0.57232217971481,0.11705338448519828,-1.6148737705420482,2.090364256721473,5236
3869,9,0.5730987618831894,0.05302305663199925,-0.08221044691344258,1.762806922527717,5236
3947,9,0.5806328429331948,0.18726524401491335,1.3297671667234985,0.8983530095654352,5236
4062,9,0.5899752727020027,0.1260725002667023,-0.47929582140234134,0.5689110518039452,5236
4109,9,0.5945475708135669,0.07973566381327724,-1.6540628817254226,2.030028861112251,5236
4035,10,0.5875329485455989,0.12473341601250836,-0.23508687226872518,1.3836491096468728,5236
4151,10,0.5991850160154251,0.11688677126614748,-0.6185411491504405,0.5869311681249858,5236
4200,10,0.6036801153594518,0.22579195223951087,-1.6034253180070908,0.9359159468955348,5236
4282,10,0.6111109658262988,0.07980433782047623,-1.251462028728307,1.8989765712880335,5236
4286,10,0.6115593795682693,0.10874674811616326,-0.2990980378093805,0.26024308029012305,5236
4333,10,0.6163322652753441,0.1482672152726145,-0.9858732711935863,1.5969945561929997,5236
4341,10,0.6171012548920817,0.10498154976586725,1.332317636306336,1.0481961229936771,5236
4346,10,0.6175609574271098,0.21343003363417123,-2.5814230979374506,0.7022664349494827,5236
4471,10,0.6314469596246487,0.1551458725684,1.5170421885780345,0.984103173217416,5236
4504,10,0.6353650263753299,0.08892172155121979,-0.6963973826883321,1.8070981783248,5236
4540,10,0.6405077046997022,0.09068025226477143,1.588240585929763,0.2923302632491608,5236
4580,10,0.6470993467470979,0.15758572262459428,-0.3172715289553142,0.3143823771550162,5236
4590,10,0.6476589719897278,0.09137704269409752,-1.5841733106640166,1.5371403396914685,5236
4664,11,0.658591063521856,0.1346146628549998,-0.10476187782073584,1.4464601560418704,5236
4683,11,0.6618859482329884,0.22333590465449482,-2.3423715434682424,0.7962813629472021,5236
4700,11,0.6641974322554927,0.20980366831640926,-1.7482997474915014,0.7257632466436602,5236
4762,11,0.6767123516237203,0.18835711809813085,-1.6318308318482115,0.6798181833160557,5236
4797,11,0.6827462166594892,0.10077125580694278,-0.41015626896309254,1.0811209860877256,5236
4817,11,0.6858431384960763,0.09623978683238321,1.7452197332172599,0.47796148081697604,5236
4826,11,0.6889400565483473,0.13713609969808352,1.4510465061327693,0.9405076697280095,5236
4877,11,0.6991619860510395,0.07514147540610462,-1.1565891833177149,1.5097967814328033,5236
4912,11,0.7074418163052462,0.17093076117177242,-0.1998886294024429,0.2312377218605818,5236
4914,11,0.7083241524360799,0.12544743297137603,2.5781141752946617,0.28222805017197183,5236
4979,12,0.7251242934011694,0.12663728952820832,1.4150823613798174,0.8918517650853657,5236
4985,12,0.7266140011218583,0.17937573146684452,-0.5023173713348915,0.18448655861014052,5236
5026,12,0.7404779805843669,0.09404553723886523,-0.7322474515847418,1.422518601109345,5236
5043,12,0.7443226599124834,0.058739221824669105,-0.7304289561519681,0.7476832383156469,5236
5064,12,0.7535946912408527,0.14441271868415548,-0.775516188090705,0.1525228421471453,5236
5079,12,0.757467843949616,0.15709737833404347,-2.139187885880544,0.5040283267589397,5236
5102,12,0.7678156288343759,0.10703768096823509,0.25560744949740943,0.19574030754850166,5236
5149,13,0.7928442914328167,0.10973091945978103,1.6972699178415254,0.8608600904423673,5236
5156,13,0.8002324046367697,0.13272417785478843,-1.884262291301958,0.48687605721414995,5236
5164,13,0.8044787401162868,0.10479540082040781,1.30935596323319,0.762303205480288,5236
5189,13,0.8187156956612691,0.049827275949328176,-0.022721933213152235,1.007834346361154,5236
5193,13,0.8211719590365052,0.14024079076071932,-0.47205717234138145,0.447013960023046,5236
5198,14,0.8257016208763395,0.1308780654085024,-1.9240191619703073,0.37032683315314413,5236
5233,14,0.897427338410501,0.06793048847098153,-0.12321130126162716,0.5209483589932298,5236
5236,15,0.926472876438641,0.056047544561377206,-0.33989833806640807,0.6461381182485066,5236
5237,16,1.0,0.0,0,0,5236
0,0,0.0,0.0,0,0,5236
1,1,0.032683618866431785,0.03058660880209241,3.12961796641754,2.0408582674656213,5236
5,2,0.0914799859860701,0.07581632630487142,2.893410694467578,1.4866905342244332,5236
7,2,0.11673844590545501,0.06640526151444685,2.2699115331448474,1.4276646350152384,5236
34,3,0.17367148125942755,0.05419889040720507,2.582286050950219,2.2267023245975572,5236
40,3,0.17960347917049035,0.08740028645797603,-2.5728238767879477,1.6772548901733735,5236
112,4,0.2336433003266266,0.051125918512690015,-2.835833158265386,1.7934754831793238,5236
246,5,0.278486339605613,0.07800737884580103,-2.656042810722816,2.24866066976254,5236
589,6,0.3443227486949607,0.13877003582807215,-2.54899528147315,2.3266479770258526,5236
773,7,0.36900904193131545,0.13690515357047925,-2.4091577435560776,2.4617033230597007,5236
1393,8,0.4271502952118684,0.12874102307964955,-1.8437730536038317,2.7286811769428843,5236
2728,9,0.506567389836641,0.1439209060447546,-0.9810548994113535,2.447417576245139,5236
3747,10,0.5679397086519918,0.16632630306800367,-1.2831969052642813,2.7428822816688263,5236
4192,11,0.6049870805084354,0.15897111372705186,-1.2864055318814482,2.841088724696157,5236
4855,12,0.6927939906589614,0.16839887732803027,-0.7632122769309979,2.6737859509827784,5236
4975,13,0.7228344606835484,0.17565482497390328,-0.5497064503743071,2.6348563910637712,5236
5118,14,0.776270955283703,0.15702388931030675,-0.3379538800124506,2.46512873365041,5236
5148,15,0.7885653450602707,0.15617580209799203,-0.2423276185557376,2.44003165211095,5236
5190,16,0.8221012586125126,0.12872893773364608,-0.14036092664621752,2.4939776274966152,5236
5213,16,0.8519767690474419,0.11113076786223246,-0.3284208565689759,2.1877980895165487,5236
5233,17,0.9019893692543551,0.0944497036887946,0.2002412353484075,2.1216336009254224,5236
5237,18,1.0,0.0,0,0,5236
0,0,0.0,0.0,0,0,5236
2,1,0.09813854526553867,0.09813486816941495,0.4178677605513837,1.6286038962012688,5236
3,1,0.1025527923444195,0.05142546954734692,0.9708921203357294,2.4796387284204995,5236
5,1,0.10695067740563691,0.07172085037459837,3.1280045785224533,1.0968561462784425,5236
6,1,0.11408900975809477,0.0406974033696119,-0.5321893114338637,1.5066492911418727,5236
12,1,0.13689409160499255,0.11827469769722455,2.6611196900272254,0.5819396214596095,5236
16,2,0.14030812275799154,0.07487995934054474,0.59357955500018,2.186620208653623,5236
40,2,0.18152829872406973,0.0713339892611905,2.9018862088138486,0.37275863783132934,5236
45,2,0.18401168010337543,0.06674468063827348,0.7821312645988505,0.666071781905871,5236
50,2,0.18684842428286097,0.09980866847109952,2.7347285239856984,0.33427349558535796,5236
52,2,0.18868354586127167,0.031313084940239364,2.426853180268573,1.0903248729773367,5236
74,2,0.2067481283664665,0.14968627623353836,0.30265505286560457,1.2537880623324007,5236
29,3,0.1666892184176486,0.08437561292671301,0.5085791873976413,2.0190426466148943,5236
104,3,0.2281349220792488,0.08412230016062403,2.727300872391986,0.7080666259292804,5236
108,3,0.22857140862744185,0.021572198703296682,1.4280404216546354,1.9863031611864255,5236
128,3,0.23736549561718734,0.1620522573153344,0.29428958732057187,1.1882681684099283,5236
134,3,0.24118887547692014,0.016800172231389566,1.148880666797192,0.3859450373499975,5236
140,3,0.24300197958607894,0.0290977922910634,-3.119756581600577,1.3475189448358251,5236
153,4,0.24789075484856404,0.013946289276371183,0.41625861982875445,0.9678320372891842,5236
234,4,0.27544439696366696,0.17433701855712624,0.40752006073342556,1.047887141551216,5236
236,4,0.276044829529149,0.0382752331058492,2.5191912860798715,0.6704422971855635,5236
284,5,0.2919561144117594,0.014121524125196063,0.8231897400304353,1.2363101259317122,5236
451,5,0.3223736046088259,0.1799314434680615,0.32166917539836043,0.8221332058747963,5236
525,5,0.33491829983932286,0.08002502499516845,-3.0148509295419927,0.07983050435698015,5236
802,5,0.372972022172936,0.21148271753026784,0.7513802762118449,0.6612729552336293,5236
764,6,0.36894108045952756,0.08049875666114031,0.3085420682225744,0.17528035969845587,5236
1229,6,0.4132465095425889,0.23391043355859487,0.6745224880817757,0.5886784869853906,5236
1142,7,0.40514914861025886,0.10378386904824718,0.9446603008094664,0.1320703098642614,5236
1554,7,0.4398334166966782,0.23309436277102857,0.6168966017106096,0.5136561601784411,5236
1602,8,0.4426316555444595,0.10350757839335502,-0.10932382004896289,0.33295009236993894,5236
2249,8,0.47941910982624725,0.223602745776311,0.5624469087085513,0.5542163029932217,5236
2497,9,0.4940702129636393,0.09807571161337231,0.6102707009727674,0.2920046541222866,5236
2521,9,0.4952807879140685,0.12826805297173596,1.6556246438050386,0.10216148315496977,5236
2631,9,0.5001024204588618,0.12154611369762654,0.6439528935762198,0.2675471658081566,5236
3027,9,0.5203890548843304,0.20503890503979938,0.42362131576874157,0.5974734030061264,5236
3043,9,0.5212424134155066,0.1669293686477554,-0.24043156291238876,0.4519448318417487,5236
3248,9,0.5332462031107489,0.04461911189531146,0.24436102002612564,0.8257543684215023,5236
3448,10,0.5449074246700979,0.08476844304564143,2.0228409601836956,0.4681340600781812,5236
3958,10,0.5820570473173045,0.07067604044755263,0.8168913497506104,0.8940202000779578,5236
4072,10,0.592349512883148,0.08748765071462669,1.2553876993924873,0.9114537109531963,5236
4113,10,0.5953735295127055,0.15586852491721614,0.5728205875033722,0.4218778266312414,5236
4164,10,0.6000949607420456,0.018015299791046786,0.9776328211947645,2.6472202413206603,5236
4356,11,0.6185580128751061,0.030367701914661985,0.9987829422601093,2.6084674067421187,5236
4416,11,0.6242839703231395,0.15226260295841282,0.3998386819925164,0.3175094486606933,5236
4506,11,0.6356049274770958,0.10491487810158329,0.5718065959067888,1.2902131970319972,5236
4603,11,0.6474700343792227,0.04538926655208805,-1.1859005457792247,0.49859517771071193,5236
4607,11,0.6476537229207778,0.08973872123684869,-2.596205525388688,0.9695299728638578,5236
4675,11,0.6557178448061766,0.1175152655255793,1.3963474539457494,0.8949927711654064,5236
4744,11,0.6673939844321609,0.09065076105280052,-0.5145808203234234,0.8608127196494806,5236
4775,11,0.6723566838509801,0.07988624699047116,-0.6939854294477146,1.3236511739154377,5236
4807,11,0.679802764020994,0.09205914681201077,-2.12406791732721,1.386222296555308,5236
4750,12,0.6690669934683777,0.0162017044685454,-3.0859845671694526,0.2769785649617935,5236
4848,12,0.6860621446286066,0.07485058885339375,-0.8053995694326267,1.3367395558973194,5236
4859,12,0.6878427936245428,0.062672250597943,0.07688820590241016,0.4555562646603557,5236
4894,12,0.6947690957394093,0.11918443159264283,-2.9277591058695798,1.0186259563609146,5236
4916,12,0.7002226506369584,0.09681891045920546,0.6791509705414415,0.9019332725085996,5236
4917,12,0.700321838819067,0.18790058346692512,1.1366796359137983,0.5528505369202223,5236
4941,12,0.7083398579411969,0.12388088443207625,-0.8005607361527016,0.8227961050515341,5236
4972,12,0.7166191280636849,0.07395936935118894,1.5665850791059228,0.707281039869619,5236
5028,12,0.7335519030106726,0.13037718638745188,-1.0090466572252406,1.004698872673369,5236
5051,12,0.7387618836343898,0.14037020650058704,-1.9823912722180346,1.2382877123978533,5236
5010,13,0.7281118902431252,0.18324222109744912,0.8660444659292694,0.49546633274132923,5236
5033,13,0.7341849964653914,0.069105947893203,2.0943693311101885,1.2162879178264134,5236
5072,13,0.7476904854127189,0.04102473555457885,-1.2643466584724472,0.9509814361539919,5236
5085,13,0.7521139739138787,0.1440347688555482,2.921055568716585,1.0793807311752759,5236
5091,13,0.7549748874994026,0.08476953493210378,1.826189647202825,1.4586721393467288,5236
5115,13,0.7643382444584151,0.14084679962306318,-0.803562813692712,1.0114299059817684,5236
5122,13,0.7675857569399906,0.06422691151862349,0.5700737000726805,0.5458494013647488,5236
5150,13,0.7811420763044417,0.09810892994661664,-1.8956759667163885,1.926524736413278,5236
5155,13,0.7835012375636061,0.12686568908646517,-1.8429272863794017,1.0830878184162847,5236
5190,13,0.8109610587411064,0.11017551222070439,-1.6390908293826651,1.521224737443061,5236
5173,14,0.7942830958707807,0.05302604602428677,2.3540731272987276,1.7900580508474597,5236
5178,14,0.7962806809981512,0.18725403368746324,2.905961879235729,1.0737655435331248,5236
5179,14,0.7977211679064016,0.10181663705717744,1.7370117627256265,1.1746573302084202,5236
5185,14,0.8063385550657298,0.044982089246573716,-0.9913702687905627,1.804565640708524,5236
5186,14,0.807346124388012,0.11765835505069436,1.756800818430503,1.4832216651681676,5236
5189,14,0.8105003488877383,0.13992661852330968,1.1258779484435826,0.5904004954180758,5236
5197,14,0.816632949614508,0.08067970861509113,-1.8383563733683945,1.3429071133000194,5236
5203,14,0.8223653514985636,0.1351204818202101,-0.8962283721320062,0.8952648846909143,5236
5208,14,0.8305531699914515,0.09802826086434765,-1.5764675288833947,1.06647423317489,5236
5211,14,0.8382518528759405,0.10108748910164249,-0.9969367165193596,0.37753294627532824,5236
5212,14,0.8385027547961039,0.08958488542199605,0.2857451662380518,1.1995454187073424,5236
5213,14,0.8385303906720041,0.09221984132117472,-2.5139075310780097,1.833943065457732,5236
5218,14,0.8431674500075275,0.07859919342752608,-0.9179489159129908,1.0097782211704922,5236
5220,14,0.8460812818988386,0.11773833449369345,-1.5762227386908783,1.4869265175569173,5236
5222,14,0.8484348482872534,0.05419871371182048,1.0261077028783996,0.7643811559392999,5236
5225,15,0.8620218414133461,0.09788535276848352,-2.4447874380771952,1.6771155895201624,5236
5230,15,0.8977345199840617,0.0996157916376556,3.054918240363174,1.1569750290596623,5236
5231,15,0.9132037583615038,0.08377691146291033,0.17863069002393747,1.2663740179019862,5236
5232,15,0.9169085242783973,0.0643810270503433,-1.3581818309612121,1.240034252152888,5236
5233,15,0.91821508530355,0.0724237918047718,1.0408963885256517,2.0657518205610117,5236
5234,15,0.9223790614939597,0.0485501932330014,-2.550627395572671,0.8886382276229928,5236
5235,15,0.9233360670702219,0.04465391474979955,1.0461959741431457,0.3179134178937792,5236
5236,15,0.9339385249657502,0.055875343602585434,1.704673742986934,1.1532688611213877,5236
5237,16,1.0,0.0,0,0,5236
0,0,0.0,0.0,0,0,5236
1,1,0.05339985945512549,0.041510247994072255,-0.12791549765997834,2.571689479585767,5236
2,1,0.06189312151544191,0.05861839033602269,-1.6172128144115216,1.395083152842701,5236
3,1,0.06519021248418433,0.030165973446494854,-2.038343307321105,1.270670515019267,5236
4,1,0.071808356053085,0.07091189940792499,-2.292426288525482,0.9485242574146958,5236
5,1,0.07592224203531261,0.06736587715186329,-0.8435201197770039,2.2323844120644263,5236
6,1,0.0794261927924299,0.06076418988445653,2.12834574478348,1.9875110602356125,5236
8,1,0.08872376499433998,0.08717241084610591,1.009923270657958,1.5819307696238663,5236
10,1,0.09251785771737375,0.08371362509098103,-0.6996835898086953,1.272992285163984,5236
12,1,0.11552588796489682,0.10910505976961586,-1.744064292480089,0.5810578833774925,5236
9,2,0.09226348881271207,0.038844026668052686,-2.3389643548508245,1.5156855744083162,5236
16,2,0.12730672283547217,0.07989797972619542,-2.415036662990475,0.8649043628328127,5236
18,2,0.12953726487748507,0.08166046077890364,-2.900867308662747,0.5445428534934312,5236
25,2,0.13611496530125955,0.0838194096935828,-0.842795614585845,0.8523439898980035,5236
27,2,0.13911056801917931,0.040493272402186004,1.0617428241483535,2.137596334495331,5236
28,2,0.1412929782700144,0.09788062598583236,-0.9361808367358894,2.105485796323899,5236
29,2,0.1450421570613858,0.10490248282751406,-1.4979556190080834,2.217855406908341,5236
35,2,0.1530243027597079,0.12875176255684023,1.3249091376197506,1.553941795516314,5236
38,2,0.15819324805144908,0.11816217227105198,-1.7671348937220106,0.5707836542258918,5236
40,2,0.1596048414874679,0.09695713313202775,0.14786307393266032,2.032667421006876,5236
41,2,0.16012504070494316,0.09210999377957582,-1.2987017470743996,0.504579312923141,5236
42,2,0.16429615028991507,0.14734642119823674,-1.574176491985693,1.0267250465353555,5236
82,2,0.2030523885070482,0.12729759805716664,0.585897911993408,0.4653270392579214,5236
36,3,0.15377901817681738,0.0644599040112409,-2.6703246553117794,1.01794246376741,5236
39,3,0.15887825602934558,0.04855976083065432,-1.4364174268243683,1.5106427334152095,5236
45,3,0.17092480483045858,0.041901744042892174,1.1586456804723309,1.952935027691213,5236
55,3,0.1841403729465948,0.13864005110910393,-1.5918732992208404,2.084526275158638,5236
56,3,0.18418055923282928,0.10701239324883631,-1.1170776318136397,2.26379731082754,5236
59,3,0.18530872905548812,0.14900349614480984,1.4419921736540802,1.6760146312112516,5236
69,3,0.19493610384697024,0.15568573943888436,-1.5290712889326128,0.867355202119369,5236
85,3,0.20468579953102817,0.11479710651658347,-1.750726294989574,0.4429036694359572,5236
132,3,0.23457201117113569,0.10382647236879036,0.29936977321774944,0.5759163548565331,5236
148,3,0.2436191005745998,0.15435860677750868,0.06910803239612488,2.0127191617429268,5236
102,4,0.21706571230148575,0.13328278675981975,-1.8006671783138275,2.017183161461499,5236
127,4,0.2320118295124335,0.1604342472730625,1.3165483965664657,1.9305854924995591,5236
135,4,0.23504456702089493,0.08685947069964567,-2.1684714393759568,0.8068747088471913,5236
157,4,0.24936359755892268,0.08302568003626867,-0.4921723391464588,0.6716740048885614,5236
166,4,0.252746540509146,0.0632803170948868,1.5254361836471018,2.3518327030416,5236
169,4,0.2540560392610913,0.09205106041756009,-0.30610656420449806,2.168175301140726,5236
183,4,0.25576986087869036,0.07831376725136703,0.6405835739006798,1.619332708900188,5236
188,4,0.25817125736147484,0.05698889477240278,-1.1458769109199554,2.1199511210075603,5236
191,4,0.26006407238370266,0.1500311952660605,-0.02124989798290741,2.0541055059175783,5236
200,4,0.2625848058409209,0.07168961059270701,0.5047241938869997,1.6666458124882497,5236
212,4,0.26756907532227003,0.14418582482298334,-1.8072573586281016,0.8470237158439572,5236
214,4,0.2678241995294325,0.0845363448836149,-0.9157899872399297,1.8687576185201153,5236
225,4,0.2717911006742678,0.10128762856726808,0.7477904169606802,1.5395445654234579,5236
322,4,0.29964357661010343,0.16561748121440784,0.565212420592403,0.5154365134437106,5236
303,5,0.2937834203681784,0.10062329964958878,-0.4148027069503151,2.138357912443543,5236
330,5,0.3016440103923843,0.08617221095901352,-2.245230249663086,0.23331947248119406,5236
356,5,0.30830360234840015,0.11922288360404552,-1.8034687321766976,0.8787875036723669,5236
380,5,0.31257485192155443,0.05592047781141919,0.17054638306475092,1.328027612787654,5236
416,5,0.3197783876348854,0.10684985598366352,1.4947851969604518,1.9400218756833414,5236
434,5,0.32270167657729365,0.12028209843472412,-1.4139493321750418,0.8512910139852866,5236
453,5,0.3256822257322194,0.14826433823786253,-0.31968691965950297,2.0931635870724907,5236
457,5,0.3264561450736594,0.10266757349975882,1.4930541373923807,2.7268064517010604,5236
480,5,0.32986931897017635,0.12762942794522228,0.44588630800354473,1.7881871156037143,5236
482,5,0.3303754344702773,0.06855392141838858,-0.7620363191903928,1.8153380218844049,5236
506,5,0.3334280322205385,0.10546284835763071,1.2349277725859467,2.6718868309647683,5236
533,5,0.3374416822817725,0.14617868481458296,0.43740533403691195,0.3900669351469597,5236
608,6,0.3500238414198138,0.10569307236963199,-1.6589038936274896,0.908550987978948,5236
667,6,0.35947830076862,0.13510629245922537,0.4431093398667416,0.39169334388393207,5236
670,6,0.3602887983348906,0.15701506223289027,-0.21085863517912426,2.173839105852076,5236
796,6,0.37502829618223454,0.1141307697139513,1.225511224315817,2.123178428882067,5236
814,6,0.37703694974034874,0.06615734973027827,-0.24573022320338914,1.4962710625247417,5236
847,6,0.3806463570314045,0.11118930009757864,0.5196365196846309,0.4309881716648818,5236
879,6,0.38401362445376486,0.1380743393116611,1.836316158874958,2.4375291814498854,5236
888,6,0.38482651326938866,0.0851189649260469,-0.05963768340665137,1.8857519506274396,5236
904,6,0.38654297269850624,0.07855941072183531,0.8965728030439554,2.618564070915123,5236
931,6,0.38992294883194367,0.1369318139555341,2.302952183229725,0.46152161414024406,5236
950,6,0.3913899764786667,0.1357530566874107,0.838527775036943,1.5597157344777886,5236
959,6,0.3920457157517141,0.16270283658587173,-0.2709267444181362,0.3416489812555252,5236
1008,6,0.3968490854434781,0.09404831098637424,0.6806625208175299,0.517886928371238,5236
1174,7,0.4118895168483616,0.15292006530013913,-0.018827661287093744,2.1705985761754736,5236
1214,7,0.4159097200032892,0.1433770057461706,0.8070503892992171,1.416411275767365,5236
1436,7,0.43491884133259895,0.09467574186054013,0.7764585272690512,0.4931607074121746,5236
1521,7,0.44141798785670994,0.12888036330471056,-0.2931815020062674,0.6517044688617288,5236
1563,7,0.44366995517063434,0.15542987024496524,-1.200177181432176,0.07216361522630914,5236
1593,7,0.44589386840327117,0.0803981719186489,-0.03188935928090876,2.2715258399363467,5236
1845,7,0.46223301779570936,0.09237225424825322,1.2040430598391114,2.9321238597841073,5236
2073,7,0.4746094245640974,0.13222764815520047,0.8009067266534179,0.15357944764616976,5236
1764,8,0.4570013915355885,0.13397468140532867,0.6154336404063729,1.2120565457296433,5236
1860,8,0.46329746877518274,0.1923443170720559,-0.08681950577975392,2.1459094116759014,5236
2098,8,0.47618525351449714,0.18498587117479234,0.7694735953099863,1.4209261638316883,5236
2362,8,0.4901745247853031,0.1466134449127367,0.06922754571311032,0.6900096239115798,5236
2617,8,0.501419352431715,0.10841020966389901,2.614846432813609,0.135757924065469,5236
2782,8,0.5088769794369532,0.13566226557545605,2.9901834696466336,0.1253691745844619,5236
2870,8,0.5131640147275865,0.07461802598665128,0.35869906323989403,2.8838082378439003,5236
2620,9,0.5015551407245123,0.19096627663113924,-0.20607605539614385,2.1223824783938396,5236
2960,9,0.517931633891294,0.1888570160378696,-0.34672874406912363,2.18768853157292,5236
3165,9,0.5284083920908221,0.2147451397619568,0.6115524803505087,1.4122900949514194,5236
3483,9,0.547268218166018,0.06555462728424431,-0.3841229583839432,2.6920918094582644,5236
3485,9,0.5474579419853732,0.21111687366592738,0.5192875503910105,1.3768050657590967,5236
3533,9,0.5506299784420271,0.14450453231480068,2.6449473802464727,0.3240503261673135,5236
3744,9,0.5634036806672735,0.12955944294000699,0.29623800897986086,1.1327741622786227,5236
3652,10,0.5579752548053404,0.2126051217474312,-0.4349022437569098,2.0534652397821573,5236
3874,10,0.5722559016639174,0.20099073192770017,0.05238366027021421,1.863455847862286,5236
4166,10,0.599010882467844,0.15321866325267278,2.4109521160942857,0.3326530648692478,5236
4349,10,0.6164137337817044,0.0432651747819376,-1.9970156167929565,2.0373578495005247,5236
4371,10,0.618372815285516,0.1556788621575223,0.3775856927311766,1.1956714488037474,5236
4564,11,0.6414862848303364,0.1571401404309485,2.8933386146148306,0.21607121764265105,5236
4604,11,0.6466268566148138,0.035696961406299674,-2.550907895584406,2.3881904803197953,5236
4618,11,0.6479679061171988,0.15782774583432685,-0.14118398495074527,2.1446846994930264,5236
4793,11,0.6770532046593043,0.11238688867578389,0.08439195560956599,1.2538578822323363,5236
4967,12,0.7120452912307378,0.06107863249557409,-1.1568576335462024,1.793292693761069,5236
5002,12,0.7213742915861451,0.1370111041992899,-2.9778475100872424,0.2500061512380404,5236
5008,12,0.7226004814184405,0.07176207158865705,0.02680507979264709,1.2894738785004314,5236
5023,12,0.7281945032055198,0.10663090037699723,0.13405151855731995,2.463913283669943,5236
5068,13,0.7496057231231693,0.1314373853239546,-2.578650236657882,0.36254758041716567,5236
5120,13,0.7679221542386997,0.04279221301273754,-0.8067520353008486,0.7881671751129665,5236
5126,13,0.7711448573563012,0.11660935688648848,0.5059966322117407,2.2683017121028732,5236
5128,13,0.7733350698090294,0.10218452474426434,0.11963917244481137,2.069974941179936,5236
5170,13,0.8042496689528454,0.03422744687109015,2.613537873620113,0.3265910530654354,5236
5168,14,0.7995833915194398,0.05869077664824616,-0.8676197906255748,1.2085975358555177,5236
5180,14,0.8157590999282966,0.06335910606133086,-0.21373206278985762,0.8754729090977783,5236
5182,14,0.8164795559772418,0.024474476794696085,-1.183205368394786,1.7886599740756477,5236
5183,14,0.8169862884602943,0.12253790795139062,0.2669658611663601,2.0969847220449456,5236
5200,14,0.8361454267052353,0.07993003695219307,2.9823759661106126,0.6607302287970662,5236
5208,14,0.8418893297182736,0.03117314007084215,2.1558763191895314,1.3946014821780988,5236
5224,15,0.8787739491379237,0.07511570028736564,-0.008937863910690166,2.0438606864095967,5236
5226,15,0.8810580329493983,0.07186630860380318,0.8652885973623625,1.2090092441627331,5236
5232,15,0.8966888548917449,0.051553746535022316,-2.9407062462335305,0.392178060803765,5236
5233,16,0.9171035377203464,0.04534350548034454,2.933610785500103,0.2188203256161825,5236
5235,16,0.9406844395357329,0.04845571973042687,0.8632052682816993,1.9671457784385853,5236
5236,16,0.9519929404268108,0.04120532187322432,-0.15169277081538043,0.8217726370830105,5236
5237,17,1.0,0.0,0,0,5236
0,0,0.0,0.0,0,0,5236
1,1,0.05470450533026128,0.025621286221692623,-0.887842645980395,1.1567034499258424,5236
2,1,0.058106175932554516,0.05189553207316839,1.8753921575143648,2.2438090297805666,5236
3,1,0.0585749095423167,0.045898783449256575,0.3213573580752477,2.597896658381711,5236
4,1,0.07276165592633466,0.0597253805459943,-0.3639373531543665,1.2825752938838832,5236
5,1,0.07417110321185305,0.05209489172933147,0.6962959531972833,1.7064951176507048,5236
7,1,0.09612088237946947,0.07132596175809895,-0.827037315246866,0.5546914308794585,5236
11,1,0.11079266135437849,0.09764434165039058,2.0008705612941786,0.7015851898292784,5236
12,1,0.11213258547563199,0.11186611985657115,-0.32665953068537396,0.8045283600539622,5236
6,2,0.0925972707279179,0.06464107970416992,1.5570772337240881,2.3393783481020405,5236
9,2,0.10888774661620537,0.05279523705733568,2.079075803247815,2.089173144944611,5236
13,2,0.11234594391206754,0.08814162113794882,-0.39982979927154566,2.4784976751300825,5236
14,2,0.11361648202138752,0.09779191423111906,1.4073307948758973,2.5271710208103815,5236
18,2,0.1305463897588297,0.07668102703320742,-0.5759589574984012,1.278614041405208,5236
26,2,0.16396075206873872,0.05598930621669096,-0.763395556889587,1.6385005503921166,5236
28,2,0.16529464648307468,0.11150409011646323,0.6880186337482436,0.8490943816496371,5236
52,2,0.1850379819544542,0.07672503867552699,0.285676119521911,1.1303126910221686,5236
101,2,0.21700762927919015,0.1768762226277963,1.4861527901481075,0.7442141419108672,5236
35,3,0.17265582236839705,0.09952048051969334,2.340331434499528,2.4169647818608153,5236
44,3,0.17941165227664724,0.03997344207034474,1.930683619238015,0.9979856976409441,5236
45,3,0.18038852543530814,0.09527507252832201,-0.8880315033703693,1.9723804540924372,5236
46,3,0.18249564341228441,0.0069681925113356,-0.30785819941302356,2.5640226762367835,5236
48,3,0.18256672614212344,0.05883351770253306,0.9610984182168774,1.7109369574441131,5236
59,3,0.19029170386808747,0.11059326818678714,0.4081258452009219,2.827878073016557,5236
66,3,0.19548231852069853,0.12090878187606686,-0.7978059328734074,1.4302752462510762,5236
72,3,0.19781517806230964,0.15216575039631983,-0.4315648266317857,1.9859035238086806,5236
84,3,0.20741487866827069,0.06499660252403067,-0.18584577780945738,1.5459061666654204,5236
104,3,0.2190636571468506,0.11769983184918187,-0.30962197518628426,1.488579904100023,5236
107,3,0.2218488505281695,0.0982669708387678,0.5178749898355375,1.5992735490508432,5236
113,3,0.22533827810183882,0.11982737150604886,-0.2864585110411653,1.5326581634696845,5236
127,3,0.23119281602139452,0.09753620065662412,0.610262987030066,1.3410711216713613,5236
171,3,0.24665419119524157,0.16769867177978762,1.416436519601074,0.7078755601130906,5236
172,3,0.24665769136644677,0.1494409317403201,0.619644420209505,1.0102962110256042,5236
222,3,0.26122574802791043,0.1152180299555601,1.8413487999415137,0.24639741024924702,5236
114,4,0.22591934021492088,0.10032329278107728,-0.4456423383214023,2.9422404089939356,5236
125,4,0.23105282846750175,0.1579005224049445,-0.43088646729588287,2.0462369921250483,5236
170,4,0.24639567523465555,0.07153741673788805,2.1774278415468844,1.9117521084331837,5236
184,4,0.25028241844168575,0.15399471033654571,-0.7008336332701576,1.3225211270288768,5236
193,4,0.2526893570805797,0.0788266818513487,0.9662649305842872,1.3438960229050614,5236
196,4,0.25304876273017585,0.026482460811528323,-0.5051578201310546,1.9510016441824685,5236
226,4,0.2636254715026346,0.13517061598572422,-0.3618282966064185,1.304464506634067,5236
277,4,0.27764775188812063,0.13178115240349525,0.6772228113217486,1.5581620587798493,5236
292,4,0.28268309222606436,0.10231922281014491,-0.5052371762846539,1.0763514583344493,5236
342,4,0.29760502031584724,0.18472134775958182,1.4787400404675621,0.9373932888520904,5236
384,4,0.30526769586743974,0.18801631282082948,0.6405206955099481,1.155711545126292,5236
387,4,0.30585615412256906,0.12441383838707526,0.9394492213723002,0.9371886329256837,5236
430,4,0.3142220383324448,0.11046326209101884,1.9394211173543767,0.6089047711400094,5236
453,4,0.317921275210718,0.2065622386102307,1.425130029974566,0.7578914204914416,5236
155,5,0.24195893386084655,0.09857165309234278,-1.219444696312592,2.9495644965062255,5236
231,5,0.26535925085579515,0.11977059861075515,-0.48668318013033796,2.7093928578690716,5236
298,5,0.2842723912138845,0.018337704929391532,0.005486866457081533,2.646442200621248,5236
325,5,0.2922750994506722,0.20619718876751358,-0.31766463959979896,2.085849045975865,5236
379,5,0.30433916126722305,0.16303040640756386,-0.6248576481373208,1.5818071719128548,5236
456,5,0.3184584025954914,0.04429760250768351,0.16318252075496098,0.47235723976980487,5236
484,5,0.32349096165864044,0.09551480958021556,1.630411387345286,1.131095304199299,5236
522,5,0.32943925446868294,0.12214327932615586,0.3230728324625419,1.5666242002163622,5236
535,5,0.3306907131180401,0.1489019306941579,-0.3464456595848222,0.929980304028494,5236
547,5,0.3330138714572206,0.125590136382693,-0.21690554867612305,0.805077562494226,5236
604,5,0.3413007585898341,0.14412439512592556,1.0697073976837093,1.450548234200507,5236
702,5,0.3561900494785978,0.21956043841535675,0.6718614245146945,1.0235326250111245,5236
758,5,0.3624028267819772,0.18780655271485536,0.9075343008085968,1.1227487966351355,5236
894,5,0.3778871483011176,0.1862812304122695,1.0052845623823263,0.7280783056850867,5236
1017,5,0.38908473346038197,0.1104204909478316,0.9447407240200969,0.5849561490986778,5236
409,6,0.3097521675833126,0.12057226920610048,-0.14864060831358136,2.411602351407985,5236
528,6,0.33022181734973133,0.07629440853310102,0.4185337168812947,2.299898795376564,5236
559,6,0.33474549907559303,0.1991493773471895,-0.3863932186807661,2.2234196733587357,5236
567,6,0.3359477259742051,0.2127038075966786,-0.22967784305761713,2.262206181199339,5236
570,6,0.33617062488944016,0.07177275019172685,-0.48368468684399907,2.7988431342076128,5236
727,6,0.35865902070797573,0.03398549064904005,-1.0464659891312342,1.8272591211323657,5236
740,6,0.3599923922632994,0.1090227438750413,-0.7716998123350566,2.1910446932619814,5236
774,6,0.36415720472813384,0.19938172258911355,-0.5027052186630422,1.7698304191551024,5236
782,6,0.36550334259482364,0.19330673528521805,-0.6381052053552753,1.7360128168973326,5236
829,6,0.3713634082645758,0.08705849942587839,-2.5023547955486074,1.970025363768742,5236
947,6,0.38332009699228087,0.16887615395975536,1.1965471870498765,1.2863159311457495,5236
997,6,0.3878635456029015,0.11189060657099177,-2.005952350015375,2.1676880396100406,5236
1622,6,0.44020188638356417,0.12302300381247412,0.5633982439789877,1.0975606429923073,5236
1653,6,0.44268444205962165,0.11254838137483085,0.6969816788794336,0.8838494378854,5236
1697,6,0.44568375065050403,0.15108172161000794,0.8159640442220997,0.7737797896765152,5236
845,7,0.3726984070174526,0.1501423222923509,0.07568666504697624,2.4791646339995337,5236
917,7,0.38041203918892197,0.03918215266914516,-1.4582502610403116,1.7077663627813295,5236
924,7,0.38111764222758115,0.037307219208902585,-1.090685430368977,1.3854949956367084,5236
1255,7,0.4125643820907188,0.24434805700192722,-0.5456361674554094,2.379353619371005,5236
1322,7,0.41863181729348453,0.20217178713460798,-0.6995149734583628,1.9483671810576104,5236
1365,7,0.4220398574942674,0.19794505393434475,0.6211142921252618,2.5113840118079462,5236
1489,7,0.4306407543673494,0.1169834581880096,-2.166322673294827,2.279404328549849,5236
1564,7,0.43551999560772614,0.10708858882876918,-0.5128116081486679,1.8241873357044391,5236
1769,7,0.45131172143821474,0.22334539770782239,-0.8230964151903721,2.2674365150656333,5236
1787,7,0.4527967324839378,0.15930653065388656,0.9123307668721738,1.107051977153164,5236
2246,7,0.48079662038432525,0.1476325917163348,0.5624212105128028,0.8831471371124522,5236
1396,8,0.4240724272273393,0.18751501179003274,0.2135872381596319,2.3374132877555414,5236
1882,8,0.4599004020464721,0.1672715579476831,-0.38053718469598136,2.073102516732004,5236
1942,8,0.4627776917692301,0.04491834691426347,-0.3771952368077776,0.4052567481689243,5236
1948,8,0.463219720516576,0.22432823782027939,0.7525154282460814,2.6237258457048642,5236
2141,8,0.4751403486369248,0.1185473901332644,-0.7253471459662443,2.0468053528573313,5236
2161,8,0.4761233004043496,0.10571674014079334,-1.854068872063848,1.8941040511118916,5236
2185,8,0.47728655997593183,0.1045788191912618,-1.9687934012551926,2.2902063351493367,5236
2375,8,0.4866770765850307,0.07250860246998554,0.14159029239000212,1.5584224483285463,5236
2460,8,0.4910317474901549,0.07485112357553185,0.9911045555315817,0.3201866076571215,5236
2486,8,0.49240190455381605,0.07042218503584131,0.7413812150125105,0.7702722255133628,5236
2740,8,0.5047775923125952,0.10978275536151695,0.7263661580263275,1.108949588222144,5236
2767,8,0.5064248325661701,0.23292243692149706,-0.7848617577562184,1.991916889850964,5236
2906,8,0.5140064647399026,0.18539408129242269,-0.8089019317580851,2.1732618593746316,5236
3184,8,0.5299013989514718,0.14620182954319447,0.37693732039412553,1.105966243046022,5236
2177,9,0.4767008684822972,0.2056967893769556,0.10407310573607102,2.2834415896433695,5236
2671,9,0.5017983550759318,0.21560417295876605,0.43198598175274017,2.156798807814359,5236
2886,9,0.5129241496544048,0.1548529052278132,0.3793994333036745,2.69449775649283,5236
2927,9,0.5152302713314827,0.2062839282058793,0.6680980901624762,2.4423867842695484,5236
2982,9,0.5177526650469266,0.05837448210822228,-1.1590289336574406,0.519348500757888,5236
3054,9,0.5212610766892701,0.06991688640276038,1.7867428446311804,0.7067961750496455,5236
3062,9,0.522080407956644,0.06987450504774868,-1.771962499013374,2.184809418913917,5236
3218,9,0.5315743849630771,0.07441737350364211,-1.0605783397792439,1.9509616207140654,5236
3220,9,0.531691805845259,0.1792563114183369,-0.4612281821127903,1.8813865866931132,5236
3438,9,0.5447434928234759,0.18892461737075397,-0.9985140774080341,2.1498462161955105,5236
3657,9,0.5581348970353667,0.210660492555852,-0.756809990310157,1.9060514030725173,5236
3761,9,0.5646435904538959,0.11555534345738026,0.7425286114824634,0.662569595615282,5236
3962,9,0.5798401558137385,0.12382246974229244,0.46224872043838794,0.78523850661881,5236
3198,10,0.5305098222346885,0.1772599162358852,-0.12777514254941458,2.4397727875914406,5236
3308,10,0.5367904942346777,0.16743957469589968,-0.12043722430469837,2.3250195579368627,5236
3371,10,0.5407551106180681,0.24292612017580784,0.06708321221316828,2.136100180871115,5236
3429,10,0.5444074591652666,0.06540038649437366,-2.063849130385168,2.149746880735546,5236
3572,10,0.5532347424153464,0.08195963896296599,1.8862560181720858,1.0525135444321758,5236
3626,10,0.5563761858355925,0.14442055298471743,-0.05391708397696396,2.425460343011096,5236
3816,10,0.5693086807016674,0.12312509137904072,-0.13216524742438757,2.49832848194375,5236
3851,10,0.5712952972216783,0.10293640360268322,-1.348350596374189,1.9767790935320106,5236
3894,10,0.574265668696228,0.16843800062211212,-0.9287527987062081,2.0795964261174964,5236
3937,10,0.5777902935885646,0.15767492331815242,0.527258639813448,2.4051303889954685,5236
4010,10,0.5837906991337087,0.2042598260567691,-0.9748191228928201,1.9903917058278058,5236
4115,10,0.5931945664659216,0.18816633120212164,-0.7998650285905089,1.880636787458422,5236
4211,10,0.6031371817777945,0.10309701309228586,-1.050147662342619,1.6154433670280794,5236
4299,10,0.611890705789707,0.13522015104187676,1.120629640806741,1.1078123464382605,5236
4546,10,0.6388534979800502,0.13788821413400035,0.7383092599650737,0.7636222955146652,5236
3850,11,0.57121275274436,0.2323663935624642,-0.053003421545311714,2.0863608262337894,5236
4169,11,0.5984925190424464,0.09973027586278836,2.066458374194081,1.4372466973150169,5236
4190,11,0.6004536866758919,0.22511680751322669,0.17700744542009128,2.117254768425585,5236
4413,11,0.6237283091476461,0.15562528666021752,0.5246099672989188,2.30634871618066,5236
4447,11,0.627314422018022,0.1457190596099576,-1.2860532625096002,1.8168493805423664,5236
4548,11,0.6393245411990491,0.18662172300500213,-0.7621631604778588,1.8165299736474358,5236
4570,11,0.6431372514786099,0.11428937444474624,-0.8291420140159549,1.3590815912310048,5236
4734,11,0.6640819244398722,0.09451191335889793,-1.2158990392822295,2.165146104459996,5236
4844,11,0.6886187383232507,0.13168125247909185,1.2189336463062674,0.7731887780809028,5236
4468,12,0.6303806844302186,0.20959015386041505,0.19961744608652562,2.187148767560655,5236
4482,12,0.6319330975196799,0.24149304091056914,0.13754655200527915,2.000552850485629,5236
4776,12,0.6726147752484267,0.18343945755454444,-0.7682706978438374,1.7575324445614315,5236
4866,12,0.6920291378166507,0.0992026902659298,-1.0687664444035878,1.9612739245106954,5236
4961,12,0.7130194616726193,0.09253534230435455,0.2069563131795319,1.8575476785862985,5236
5011,12,0.7280838403154863,0.1357174195993789,1.1061193835007552,0.75522595797596,5236
5012,12,0.7281201125536121,0.08926826694189144,-0.3008654737802024,1.6507090729538703,5236
5025,13,0.7303397942998178,0.08261849535823389,-0.7075879427755448,2.1690394281639165,5236
5058,13,0.7392275347885755,0.14200605410356712,-0.5123224716233813,1.6103091278034396,5236
5059,13,0.7396478422501737,0.10991097415974539,-1.24734441995005,1.8685228119888493,5236
5078,13,0.7481295989097179,0.144900547566475,-1.3015702263215412,1.884632380470935,5236
5133,13,0.7725151786230499,0.14377775323122233,1.0640271862718427,0.48640584391987773,5236
5156,13,0.7864611443544032,0.1209268308964055,-0.12937121413794636,1.5526516696471195,5236
5086,14,0.752124986857857,0.07449438680311597,-0.5684271467815629,2.3919458820460977,5236
5160,14,0.7877481537281685,0.10567443755229596,-0.1948286134763169,1.9054294930404798,5236
5177,14,0.8089550266477268,0.12990817995201492,-0.2543098113140321,1.5278943421716722,5236
5180,14,0.8110401326607881,0.13210846775506044,-1.108917848921459,1.7968816576194047,5236
5195,14,0.8282336900383024,0.13459857130003103,0.398752952784349,0.5819293638412467,5236
5198,15,0.8299056070482183,0.11611332737641208,-1.1268104271108412,1.8184898880323737,5236
5216,15,0.8609205045855685,0.11819463900275018,-0.7528083829895779,2.7326028740338177,5236
5222,15,0.8691538918910323,0.08152950526320862,-0.10334512842371911,1.4663086032599726,5236
5228,15,0.884990742403882,0.0847225891446212,0.35999869694851017,0.7752592484699592,5236
5232,16,0.8969433099057679,0.0983258330334849,-0.7101004563626936,2.656514839204465,5236
5234,16,0.9033662738897688,0.0760787096784584,0.19789629630532402,0.9152255422461684,5236
5236,16,0.9387352155580393,0.04978256514489978,-0.018860649140618982,1.8908665626502463,5236
5237,17,1.0,0.0,0,0,5236
0,0,0.0,0.0,0,0,5236
1,1,0.06276010162019208,0.05109111350152888,0.9826854747367783,0.5616910490543379,5236
5,2,0.09515915951992993,0.06817014633161705,1.0323267890743844,0.9546366551608706,5236
22,3,0.1458285170703144,0.06920891053203769,0.9172255406824967,1.1072380800587922,5236
41,3,0.1675837515647881,0.10156733471076315,1.3230855820614358,1.529560331616981,5236
111,4,0.2212122525797402,0.07322182385384908,0.9213583264694348,1.4549787257527842,5236
245,5,0.2683147687604327,0.05651130000068203,0.3600847865037252,1.4173468800452202,5236
409,6,0.31376881276372204,0.030284148396126715,0.749534407635759,1.7308200573256323,5236
704,7,0.3616238331204844,0.06925577539018929,1.059790379981755,1.6066284515886793,5236
1462,8,0.4342844358953136,0.11996100121961814,0.6720010891656731,1.9099442910766247,5236
1771,9,0.45535945350097173,0.12798639499465816,0.6795013290339781,1.8548419729697612,5236
2628,10,0.5028911784049074,0.09706465447998147,0.8296125052635203,1.9546492849079193,5236
3707,10,0.5648795130818309,0.18352359563895973,0.5058238473139042,2.2280849491851806,5236
3718,11,0.5652760748601706,0.057325876059509596,0.2042324848371599,1.9615728194331012,5236
4108,11,0.594305923274602,0.20240817242961862,0.3981353867084241,2.2618014805668327,5236
4478,12,0.6357869983118033,0.026212633377033792,1.2158272537751735,1.044502666582976,5236
4496,12,0.6382650590229227,0.18884968273480718,0.1582574769809235,2.2795258625433106,5236
4591,13,0.6504791524196222,0.18775759759919605,0.21370788361528975,2.3041229918141974,5236
4681,13,0.6622318924410358,0.03926331915371609,1.164454058577565,1.164353447832158,5236
4768,13,0.6743996014185231,0.04467589313331078,2.1239441105994747,0.8864443914839973,5236
4839,14,0.6892370117844423,0.18672233776327227,0.15951880989475398,2.1715228184059456,5236
5040,14,0.7400861716943326,0.024632914049693252,-0.8816607493626405,1.8384830575892934,5236
5113,14,0.7660650374653913,0.049389885533429434,-2.479728820516387,0.7137442458084781,5236
5010,15,0.7285901239492704,0.1964664673904087,0.10058025275985318,2.2034810101750906,5236
5183,15,0.809196743635479,0.04788613613630871,-2.3216686110133544,0.699380558786278,5236
5189,16,0.8128407346772409,0.14291038972612988,0.20905113831445862,2.128938901517408,5236
5217,16,0.8401523560260218,0.06617557105707704,-2.173927790813757,0.9885738620706873,5236
5209,17,0.83262015904647,0.13775001436624226,0.19047937187764039,2.2114445798075235,5236
5233,17,0.9051953378698605,0.05718563607933565,2.9044884820586168,1.237829693489325,5236
5237,18,1.0,0.0,0,0,5236
0,0,0.0,0.0,0,0,5236
1,1,0.08264423125535925,0.0470765645852454,-0.36463862076089193,1.2326026539655566,5236
2,1,0.08385415128659934,0.08365803394960249,-0.4239889269887345,0.26897973731880026,5236
4,1,0.09458059470812297,0.074401489613168,0.4996818071942057,0.854853104599957,5236
25,2,0.15185191549804766,0.09467306653783872,0.011869522387477927,0.964333065804454,5236
39,3,0.1815522001274118,0.10079440047917326,0.1900284927332477,0.7789244878512326,5236
94,4,0.2229572139450694,0.1356749705830781,0.36273544525881773,0.9094172429131244,5236
286,5,0.28844224536125895,0.10482577781496423,0.7079833158260528,0.8478243410099904,5236
498,6,0.32803360126950853,0.12011225453171903,0.47368197317714555,1.0903910060798783,5236
907,7,0.3812236135252126,0.16632393376372892,0.43842905580067715,1.0217546952594012,5236
1463,8,0.43458574516789816,0.20432744060848074,0.4353773272147959,1.0036546126591266,5236
1566,8,0.4430310957285013,0.20525576275245475,0.6961638318467821,1.0428258810510087,5236
1731,8,0.4543260414943777,0.1583634303648939,0.20093442081236607,1.411691704695948,5236
2135,9,0.47739769648049435,0.227616629012334,0.40804414596941146,0.9105875168177996,5236
2264,9,0.48505080689765734,0.20122400185995118,0.46456558824813143,0.8092470308303819,5236
2509,9,0.49597115494205113,0.19269442491447555,0.22678666074633744,1.1702438585538133,5236
2561,9,0.4987131973639686,0.20892479634171537,0.8654125342790518,1.0804220808784832,5236
2713,9,0.5056934727365043,0.17921576519876914,0.22113767362089148,1.4951071247522727,5236
2917,10,0.5161424779626732,0.18933276366771734,0.6180299218494354,0.8488029568157006,5236
3724,10,0.5625546644935975,0.19210080767373697,0.4290917543792785,1.276293873629234,5236
4014,10,0.5854597620816671,0.17288509518093534,1.0919918093646046,1.1552828554192285,5236
4170,11,0.6000308820141583,0.17044769525411504,0.3683506525914664,1.2410906456342592,5236
4530,11,0.6362395854168854,0.2010456434937994,1.2153224038002635,1.2257260039468036,5236
4635,12,0.6503544940617441,0.18306441621841366,0.45579595201709777,1.4234981171194812,5236
4797,12,0.6736428981009029,0.19343445237584983,1.3909918176737055,1.2701431362991307,5236
4935,13,0.7003730349935307,0.15912775680085492,0.3843523910947552,1.61850363182205,5236
4994,13,0.7161351641866659,0.17642532543594225,1.377742422609486,1.182064052385655,5236
5091,14,0.7551336831216874,0.13185640923323302,0.4803851314648121,1.768996992558776,5236
5123,14,0.7710183558221056,0.16186516579897026,1.152872116999557,1.313201686382294,5236
5214,15,0.8519655175981391,0.09686141390512767,1.1977784218551566,1.9218695282155216,5236
5216,15,0.8530305836400917,0.10183699160407143,1.1793358641647174,1.6701190549350549,5236
5235,16,0.9185288506983565,0.058179924911336105,0.5705616005031371,1.6753280793982999,5236
5236,17,0.9590025169976323,0.03472592498570269,1.0279049498113553,1.9550853315295051,5236
5237,18,1.0,0.0,0,0,5236
