element,level,t,r,theta,phi,Interval size
0,0,0.0,0.0,0,0,6545
1,1,0.08169012844471102,0.06305029868105709,1.620342932700683,2.9231583328738386,6545
2,1,0.08310901002488302,0.048586947109692545,2.7376169787670586,0.9197611660587908,6545
3,1,0.08565988301070049,0.08136748030535938,-0.7501881431400133,1.8192078241993612,6545
4,1,0.09988453817453247,0.07554036004455641,2.26653789008192,0.3946880034174425,6545
5,1,0.10306530624558252,0.10058377021836704,1.7996957602277275,2.8516214074816926,6545
10,1,0.12865192279727433,0.09867133876871563,-1.6531105589051966,1.7389221189134734,6545
11,1,0.12907442468118813,0.12250077960191816,-2.1118883987095893,1.1405560055567334,6545
16,1,0.14194690956216893,0.04474864805333073,-2.005443967865359,1.2934111392507672,6545
27,1,0.15720082990322748,0.1387383904570176,2.7846776742741213,2.4295326094234926,6545
9,2,0.12372919705876217,0.012812384977118388,2.1043449886572674,0.674391154221368,6545
14,2,0.14032512117919138,0.10404894014920361,-1.0076452662691704,1.9950053399991003,6545
24,2,0.1553456414098826,0.06360271240016659,2.9660397714159683,0.8829991554069001,6545
41,2,0.17102807168339784,0.07910724887631311,-1.9024059854351114,1.534603210136502,6545
43,2,0.17217388414245693,0.11920539050185602,-1.847006936886215,1.6571651847131978,6545
46,2,0.17541084209971236,0.09778299336963411,-2.9203838806385534,1.057523745814056,6545
50,2,0.1792107749095836,0.08062289900286292,-2.1696840436592093,1.2827823417862594,6545
90,2,0.21078367755202343,0.12007513780154833,-2.94285271625035,2.4778908455778708,6545
47,3,0.1756803050009531,0.027421214409211907,0.6757019793714649,1.5128926062142587,6545
79,3,0.20258112831370456,0.11678477272201912,-1.252302548442967,2.0126743242481804,6545
140,3,0.23559918810103053,0.13436257873363425,-2.9928755498661315,1.1784604738982387,6545
183,3,0.2508690395270874,0.12107762949903199,-2.4208851429311276,2.004290222131287,6545
200,3,0.25651219098661293,0.13802116147872368,-2.389449260660214,1.603989022434895,6545
230,3,0.2667497870297477,0.12359037939037965,-2.606043403016718,2.250753977918162,6545
126,4,0.22841038604645103,0.06105136687083579,-0.07557004522722212,1.9816729895031984,6545
220,4,0.2637178465086317,0.1468463896813945,-1.1466657254308796,1.9036878091209508,6545
251,4,0.27165223029264307,0.13791767162269983,3.1114172366513464,1.0839808967014366,6545
280,4,0.2802029335006099,0.1433230262414611,-2.4548168921299873,1.9869662632926175,6545
457,4,0.3113094093452471,0.12616765774758543,-2.286489439416577,2.3233641397681035,6545
550,4,0.3247992998979493,0.18848214735269503,-2.4694233656376703,1.6489534018704568,6545
294,5,0.28287636044596765,0.1020061806509241,0.19552703507600294,1.7758022398504751,6545
359,5,0.2938139721098719,0.06482227348261174,-0.8130524092007134,2.2908299634473286,6545
463,5,0.31213097902658427,0.14371315195433668,-3.068532162905484,1.3058475780882528,6545
482,5,0.3154147953530949,0.06338852859377267,-0.5541411025598926,1.3818110359179094,6545
583,5,0.329181786603284,0.11593113989328956,-0.9327596687977396,2.1367009467197704,6545
658,5,0.338997014994338,0.06851676371271499,0.09471320588799723,0.3714967763949651,6545
735,5,0.3484582931405279,0.10826782598147894,-2.4387074009718086,2.320445181995468,6545
754,5,0.3500066738732851,0.12228429829979541,-2.5740746688967544,2.3756684964290526,6545
825,5,0.3581207680074264,0.19182518370094853,-2.5663478879977433,1.7050417573719518,6545
866,5,0.361776526668825,0.20969879735754363,-2.519442096021277,1.7900284302926974,6545
662,6,0.3395738354148228,0.1558393299676632,0.3294666383808983,1.8163406434642588,6545
853,6,0.36003752544174783,0.142378673836858,-0.28350324496168955,1.7943648627602409,6545
921,6,0.36745652792391603,0.09665471587514608,3.0595733001666003,1.455931033728436,6545
1026,6,0.3767696917258082,0.09506121313817964,-0.7291793695255757,2.103563645898293,6545
1043,6,0.37874083388291946,0.06965557789428757,-1.5344631267947364,1.1619418725111126,6545
1055,6,0.3796503178269419,0.09992757576856409,-0.5096652379165398,1.848360983038858,6545
1106,6,0.3845465315601496,0.1153020952565241,-0.5280509780892791,1.8634448091023055,6545
1173,6,0.3904592283331426,0.1087293791392386,-0.8785266851462565,0.2584935923995224,6545
1414,6,0.4076857870861681,0.20413449826781646,-2.6315907988001714,1.6327413030281,6545
1420,6,0.4082670651955236,0.08500348765427367,-2.327394042946265,1.9993921116001279,6545
1459,6,0.4109104773577469,0.11544879667680438,-2.1364294756309428,2.200626132615784,6545
897,7,0.3646840456881072,0.16233041418481362,0.303482551609635,1.9426375994443597,6545
1570,7,0.4172740777454932,0.08077641205824651,-0.4605825049037245,2.008897140574068,6545
1611,7,0.4197915916948134,0.06486765265996866,-1.3871130432663843,1.211853812706447,6545
1706,7,0.4261175363305997,0.10096031137160048,-0.8700607633142163,1.7864472703989198,6545
1759,7,0.4297132828196365,0.11125906918504468,0.05019603390998087,0.4505055518078437,6545
1772,7,0.4307365734287114,0.04955692738244625,2.9515459407089133,0.986341419390663,6545
1873,7,0.4362250887799646,0.14635649584981747,-0.642969345811695,2.0507071701866137,6545
2342,7,0.4609021492386548,0.13063890398807118,-2.2777285381943178,1.9769801834116965,6545
2549,7,0.4716683503810283,0.16817562761548405,-2.5059178287074526,1.677279117590079,6545
1766,8,0.4301027948010471,0.16363592374242605,0.3916440882903535,1.9315325747201246,6545
2160,8,0.4516845441309456,0.2003444704362317,0.1908500501118735,1.9801365637728112,6545
2193,8,0.45290593107648824,0.08771016406390798,-1.0800100061972477,1.2063626866436499,6545
2469,8,0.46749525160642325,0.05649750663141361,-3.118268178994221,0.42666183781352557,6545
2665,8,0.4771704515467875,0.13425360232027223,-2.219346949673481,2.0412289444506593,6545
2719,8,0.4797020122398499,0.12702744517177003,-0.4495309344214787,0.5642877273306148,6545
2800,8,0.483292905967872,0.07679522329605588,-0.9314152100577489,1.901223109749505,6545
2949,8,0.48892129234812487,0.12261269579383864,-0.6099219772222956,2.0103908677766396,6545
3083,8,0.49380155118317903,0.1559094747104213,-2.424648984558994,1.6061546455984168,6545
3319,9,0.5026446859437302,0.2009052171143042,0.18933494217713945,1.9383291047461353,6545
3745,9,0.5211806466630592,0.10356122448885619,-0.7210462421765538,2.10336052997554,6545
3924,9,0.5291595361204492,0.09298606971132159,-1.5720590325711299,0.8789888881382287,6545
4030,9,0.534311371743175,0.1247102657152575,-0.6282764987868129,0.2624351306998307,6545
4256,9,0.5449689248707361,0.1268442134614807,-2.3914342756247415,1.8963903784977043,6545
4263,9,0.5452040206086255,0.0810028385865364,-0.24258429765948716,0.5686269411792888,6545
4575,10,0.5619532794942308,0.08544558384240242,-1.4446211354106355,0.6428005590829141,6545
4795,10,0.573707228106926,0.11310163757550923,-2.245200555173084,1.9574652373348418,6545
4882,10,0.5792539695636174,0.08311424665760003,-0.4030029777892909,2.533415876667553,6545
5040,10,0.5897169303660097,0.18031469867899647,-0.1577847975786612,2.186676358139185,6545
5041,10,0.5898453665693686,0.06972874159474574,-1.8947907783348221,0.3658041477582343,6545
5114,10,0.5947631941982011,0.11684356880036251,-0.48533025793672285,2.4180777511355243,6545
5313,10,0.6086575223113878,0.08130401183000062,0.11166469982284406,0.22494678323636208,6545
5011,11,0.5879629654533205,0.0852879186178593,-1.1194469643166716,0.7505338284075449,6545
5269,11,0.605417501747264,0.0971871862025599,-1.5848375829144623,0.3989874858756386,6545
5541,11,0.6303238350871303,0.07136512547387225,-2.1286979792111604,2.092546927279096,6545
5606,11,0.6369378495010078,0.06614229770690044,0.027357454892206937,0.8187804449662442,6545
5608,11,0.6370385357819531,0.1561412105537001,-0.32018092497058687,2.4059325580287116,6545
5668,11,0.643414492834535,0.03739350132286399,-1.3970245466355018,2.16706548369446,6545
5730,11,0.6504121275159521,0.07130673153259694,1.2761951296653349,0.15344354129268417,6545
5783,11,0.6561673929841191,0.17766721114510445,-0.3230892449563189,2.2242623514064626,6545
5894,12,0.6684499926665204,0.05312985997626078,0.4089089820057953,1.091657139571609,6545
5935,12,0.6742263628511258,0.17649282782300774,-0.4053300730196387,2.2946259501440727,6545
5976,12,0.6801309835042091,0.06296247932245086,-1.6315194393013996,2.6638275733656744,6545
6078,12,0.6935606406461838,0.054617127100262106,1.7197988820408845,0.44956276406444023,6545
6173,13,0.7104930105867941,0.1683853554539249,-0.30045641566253845,2.3491254104416788,6545
6217,13,0.7217337768956666,0.05361694106009803,0.25294219267494966,1.7880692638547726,6545
6250,13,0.7278874155821499,0.07479799461789927,-1.4348952210463812,2.104174043391115,6545
6256,13,0.7296056335696826,0.08716692147611864,1.6027779172446108,0.5607872409752378,6545
6293,13,0.7371711989852482,0.10763373556823395,0.03931632804610521,1.5017216583168542,6545
6326,14,0.7438180745139972,0.16066200433776662,-0.176307161518512,2.330388445511682,6545
6411,14,0.7723650701657802,0.04949443794726671,-1.1783093947342371,1.5696076400908179,6545
6424,14,0.7765986123300817,0.10204865175537763,2.2716184223934675,0.4821649625725936,6545
6428,14,0.7783958130975321,0.1341091156050389,-0.11545235270731496,1.5026161930034942,6545
6451,14,0.7910850039077152,0.035547647891536076,0.2159442735034926,0.8452994442663907,6545
6468,15,0.8047252716337101,0.10150698286897647,2.142860445903263,0.5089962578813434,6545
6472,15,0.8072732188013103,0.13550333228693184,-0.09520757935939977,1.6542063143535701,6545
6475,15,0.8086523866256901,0.08406805441087385,2.4751921121287372,0.7224461460475459,6545
6477,15,0.8088805620924102,0.03510072935007217,-1.1528984411220884,1.8262126183796161,6545
6509,15,0.8396449555646337,0.12380139591523981,-0.42819277268980843,1.4272951779593817,6545
6527,15,0.8639825256366201,0.05466686917554945,0.29061507824171456,2.098012039494022,6545
6508,16,0.8391217990050398,0.10533384704898853,2.251945231511367,0.20747416448507983,6545
6519,16,0.8583395487813429,0.09628940405271859,0.031049346349027125,1.5778244608052547,6545
6531,16,0.87584150421344,0.09569855281679344,-1.1125200483134445,1.5268406318499095,6545
6532,16,0.881255217161845,0.07569329917182692,-0.8880923978008212,1.8004661201970502,6545
6534,16,0.8832072857080706,0.08850346894475324,-0.5396357036011579,1.4069228139776715,6545
6536,16,0.8903045329288423,0.05602268691871736,2.9856815006942643,2.716410113142399,6545
6538,16,0.8982455043388742,0.03638207281760368,-2.878604121814453,1.3624172972548307,6545
6541,16,0.9138660703534078,0.042443973644347904,1.2597030348334584,2.562778597787609,6545
6539,17,0.903489680814764,0.09225231443466421,-3.083534480939614,0.5512910651522764,6545
6543,17,0.9291372663702814,0.044501793682523626,3.0342774704590223,1.7782285636666555,6545
6544,17,0.9324099597951785,0.05273521599771051,-0.73383808005698,1.7402062145797745,6545
6545,17,0.9646318394391401,0.03176615391058729,1.3564097492130336,1.7477330182137931,6545
6546,18,1.0,0.0,0,0,6545
0,0,0.0,0.0,0,0,6545
1,1,0.05312168336969936,0.007424310507653284,2.5379935158591866,0.9165493521904587,6545
2,1,0.06833889431957219,0.06729321896556234,2.9448289202443543,2.4780075003715454,6545
5,2,0.08967894862782566,0.03216892604817583,-0.2279525076765473,0.20824857795455104,6545
10,2,0.11591424199122757,0.07948399283855248,2.629860534793415,2.2609537557923063,6545
14,2,0.12155996993914908,0.0863462426949685,1.7123850579801656,3.0659195291895314,6545
44,2,0.16354784200554195,0.1008935168407704,-1.805799982572456,2.495677239313344,6545
13,3,0.12127563586647161,0.0326648084955745,1.717158537958843,0.9114037094870929,6545
49,3,0.16624425467487758,0.046551049873965474,-0.4636823805507635,1.4985521259009777,6545
62,3,0.18130891755189193,0.05250118282410831,-2.2495915126368726,2.4968401027454346,6545
71,3,0.18741955538405053,0.11989782316158167,-1.9952279092698957,2.4970985169444346,6545
152,4,0.22691016255723395,0.03282359212692877,-1.3362935727081162,1.8328660921675077,6545
162,4,0.22837301804299848,0.11991538272769925,-2.4925035150204677,2.4405038186814343,6545
219,5,0.252825355808999,0.023536489517689003,-1.0726701205320772,1.1285086071630381,6545
270,5,0.26585907118480856,0.10102509143047045,-2.420029056389948,2.2852224134291412,6545
457,6,0.3043528415389196,0.10831759384681561,-1.990761748415981,2.3688181503336407,6545
512,6,0.31325077992682404,0.02882570719579394,2.2478820261187944,1.5088564882366797,6545
639,7,0.33223889187830835,0.027249834811241554,1.7050258928659279,1.1620021329704466,6545
684,7,0.33628002617435515,0.12442731809716447,-1.9733150472500356,2.454213628444393,6545
1128,8,0.38269820235550456,0.14321242400199824,-2.194771840749306,2.3363275541928714,6545
1132,8,0.38290071060177266,0.029495469886286943,2.250206897792799,1.7411111942566608,6545
1411,8,0.4036334908017284,0.047899284041436015,-0.46238830722694274,2.120268630058441,6545
2047,9,0.44378281170843703,0.12079078406398626,-2.718044976040601,2.306165708085072,6545
2111,9,0.4476689247308301,0.03950080594685626,-1.4379618750968255,2.356751674369514,6545
2649,10,0.4741292936680064,0.060763813880530905,-1.291131006537161,2.10827170273277,6545
2997,10,0.4879054655242997,0.12516684723631974,-3.0169419121416587,2.1504980727544685,6545
4231,11,0.538435796993943,0.05126514861361023,-1.3860194422306629,1.6837244075053572,6545
4331,11,0.5438633220276758,0.09172848817668958,-3.013850276569945,2.012124184462762,6545
4961,12,0.5787583240169468,0.09463931439145341,2.8696706507969245,2.1036354361987186,6545
5164,12,0.5928164714394331,0.08186191546815633,-0.8709990018329763,1.8663525927265654,6545
5612,13,0.6327482213516301,0.11285724538320009,2.7356104314793637,2.2177454787452513,6545
5625,13,0.6341760667844316,0.06345648857913555,-0.9022233413649643,1.5353513865078205,6545
5913,14,0.6665803972439416,0.06163950560689683,-0.7981802681097515,1.0233718248229924,6545
6107,14,0.6985772970235616,0.12407050807447553,2.929915160954992,2.7129035441875673,6545
6241,15,0.7272596668268899,0.08000327404059975,-1.2383313973416765,1.1863240057065447,6545
6270,15,0.7329211938434744,0.12055764453005566,2.6300656368728177,2.9167336624466027,6545
6371,16,0.7697630784091347,0.10795910281724577,-2.745508889795023,2.9566860176804868,6545
6424,16,0.7889253176782367,0.0518415787641236,-1.330469832450383,0.9854879003659811,6545
6412,17,0.7853831410153773,0.0970989024471691,-2.93609844517763,2.9513442250186674,6545
6459,17,0.8083495871736855,0.05230297866403723,-1.600777788907272,0.8876224979058025,6545
6514,18,0.8494536383287716,0.08238098841073643,-2.2950813233231058,2.3538948679697165,6545
6530,18,0.8657724946797544,0.08706848089055888,-1.5699721344122957,0.5918184214672488,6545
6539,19,0.8947046194539993,0.07567594876877057,-2.893257976884769,2.858610709124271,6545
6542,19,0.9061991783524456,0.0808973219486245,-2.2082658609822863,2.85198291838004,6545
6543,19,0.9084686453757885,0.05536504160901257,-2.58331130239514,1.6680766710527446,6545
6545,19,0.9308230210248872,0.04044100808098512,-1.142189862362988,1.1499222797445674,6545
6546,20,1.0,0.0,0,0,6545
0,0,0.0,0.0,0,0,6545
1,1,0.0500730655513727,0.03146791902818087,-0.0009101429424914454,1.5120230099841736,6545
12,2,0.12659351210710335,0.04703289862112925,-0.3925632526835655,1.176276531450272,6545
13,2,0.1274148944186888,0.06448119920573357,-0.35890741142621696,0.9249081283480337,6545
14,2,0.12999230452622923,0.06819421359446118,-0.6998955226944851,0.941186034142534,6545
18,2,0.13750344069215736,0.020073436647642186,2.902022137813983,1.2129772929535614,6545
25,2,0.14411429004138032,0.090806442031414,-1.0236683183598216,2.2253851886938074,6545
61,3,0.192601819858357,0.0446475834888195,0.10941501538522894,2.4300786170590603,6545
62,3,0.1926745405892627,0.11004572620787191,-0.578860153052876,2.5623152589219114,6545
64,3,0.1935744812627086,0.03560185450162487,2.2807900551738562,0.7184025194530496,6545
69,3,0.1970479127459136,0.09238226242995976,-0.5561376493596607,0.9051284263957824,6545
78,3,0.20450575337446408,0.05323870831020987,-1.6603954329159532,1.1979504917720507,6545
83,3,0.20610258990638453,0.025940994465114685,2.3891318251704297,1.0985044669395483,6545
85,3,0.20663602193009822,0.07635553853797843,-0.9282536216466583,2.20075413600881,6545
186,4,0.25037978165305363,0.08359694834223565,-1.3099226657313183,2.354859377801809,6545
192,4,0.2515027882441283,0.04781515956668705,-1.0900861237870125,0.8272064600793132,6545
197,4,0.25263644154479825,0.05011662703591451,2.0754430064336864,2.973216263820785,6545
227,4,0.2606401039568025,0.06358928755840472,-0.47617111953126967,1.0495807424251904,6545
245,4,0.2672426686285787,0.056213488068925295,2.2226397387372616,0.9774905344149692,6545
321,5,0.2816190694323859,0.07520846629131298,-1.735518355965951,2.1721899147630506,6545
737,5,0.3442735355148079,0.018862420775700703,-2.8273036055483085,0.3266919839115619,6545
962,6,0.3691255443227267,0.027600691947229566,-2.6940425002251023,0.8166957038526593,6545
1362,7,0.4016543304712842,0.012725731306314712,-1.7231912239549487,1.3461753072324296,6545
2094,7,0.4479907788596693,0.07528185873963261,-1.958408293730429,0.219647888856925,6545
2225,8,0.45538056908269153,0.04266683164390823,-2.2442537319096774,1.0166187140049243,6545
2582,8,0.47033838249654747,0.021384322260703952,-1.8032142179865418,1.4026087563684948,6545
2616,8,0.4722785866261556,0.0939087475253669,-1.4315232451034678,0.21500011081827036,6545
2877,8,0.48293281729582316,0.08688728487314575,2.1757097787913247,0.06518205690147953,6545
3766,9,0.5171954715094867,0.046573170561917655,-2.096627075185193,1.5586071750065984,6545
3893,9,0.5228446860406832,0.09998072362850921,-1.4377344941968757,0.2583710447544488,6545
4321,10,0.5448918835042484,0.05053461732848703,-2.272467034946767,1.7458411050091573,6545
4745,10,0.5703802540191842,0.0788649416210746,-2.532773618305133,2.0639469928719776,6545
4894,10,0.5796042782536956,0.07140068539907743,2.464007790200683,0.2797120248250356,6545
5119,11,0.5950347401190728,0.03276152705785599,-2.233232125234202,2.1044772394879154,6545
5328,11,0.6094533362080096,0.06422511561745327,-2.8717691535765426,2.3339840730661274,6545
5533,11,0.6260167970043647,0.10079958351924452,1.8710443108915449,0.5798403975889548,6545
5744,12,0.647668032192088,0.033683053113472916,-2.7194369973194656,1.325440483152582,6545
5890,12,0.6658433394567118,0.11637874739286345,1.724627548035056,0.8017076053141811,6545
6086,12,0.6907085701947658,0.047627810909146834,0.34691627058546626,2.649962255638149,6545
6039,13,0.684349696238725,0.024759993884399586,-2.965531739977123,1.9767922086419925,6545
6172,13,0.7074964604367426,0.05425608470136309,-2.4431856748913168,0.5580279721178029,6545
6250,13,0.7245420988562029,0.07454592200409021,0.035562214573629757,2.739833811225484,6545
6256,13,0.7253089999823374,0.11866210322319619,1.2382739350653242,0.6966901388196016,6545
6309,14,0.7356504185600875,0.04874431623478681,-2.7271964768896404,1.1748545115917972,6545
6371,14,0.757809864158501,0.12411019296007578,1.1335592745293985,0.6677524579192097,6545
6398,14,0.7678315589197995,0.0846200639153592,2.6699581814329267,2.4934536562425675,6545
6407,14,0.7714846590494789,0.04247489159811347,1.5153924339016742,0.5504597079110217,6545
6428,14,0.7790846247900667,0.06440252146369921,-0.49799014826926175,1.1362310380328837,6545
6459,14,0.7944893704795585,0.073366086294051,0.3795884833451507,2.2770738434386604,6545
6427,15,0.7790445153529197,0.07546505014033822,-2.936230887825649,1.6166253006862632,6545
6450,15,0.7891737764912785,0.1428143797766066,1.2971344086037846,0.8091777902529869,6545
6477,15,0.8044926280822663,0.09380806127293413,-2.500394974702355,1.310564942310033,6545
6491,15,0.8153320586822886,0.07169466297185673,-0.4569847870945244,1.4476842447396956,6545
6499,15,0.8193774883333022,0.03751516653211901,1.1270327057145815,0.6065493664241073,6545
6504,15,0.8232477145894,0.07350847185555548,2.335605377248441,0.40654299104977626,6545
6506,15,0.8236114151888217,0.09978192533931805,2.622719766181877,0.6668320634838842,6545
6509,15,0.8306903422621814,0.06471023155732342,1.0113594571173012,1.5171619207243836,6545
6518,15,0.8484294701114405,0.05967519511267006,0.5613809936606747,2.3437854267563916,6545
6521,15,0.8562250291025508,0.08043547644075302,-0.5268810362712393,2.795073648416014,6545
6522,16,0.8566433995935713,0.0781803795755698,2.954385453473061,0.9584935386750741,6545
6525,16,0.8600761407745904,0.13498538622457418,-3.101323903768509,1.7583380088033578,6545
6528,16,0.864638990613366,0.12784680022062,2.748256294096033,1.329491758561176,6545
6530,16,0.8666379619645337,0.08868977556837994,-0.9301316700230347,1.054046348201319,6545
6531,16,0.8674737569265443,0.1274548389201705,2.6362398739958617,0.5266391033803332,6545
6532,16,0.8676492927956039,0.12544324443308297,-2.3342677703627737,1.6803070051512867,6545
6535,16,0.8793064318500817,0.07960581115985173,-0.37052003736296596,1.6906874394222389,6545
6536,16,0.8835872172979319,0.06614396156166,0.6039637503249718,2.541725501422434,6545
6537,16,0.8872902419877364,0.0897894600980513,-0.5732243159982159,2.452079340222435,6545
6538,16,0.889220831171308,0.05820031343578509,-2.5634977464192983,0.6016803015668772,6545
6539,16,0.8934046858387148,0.0714567428100383,-0.5147847099438673,1.877730103455611,6545
6540,16,0.8965582427407846,0.08078927823056517,-0.5413644518525189,1.8756079486033945,6545
6541,16,0.8986865828352759,0.06891097158708655,1.886491994342315,2.15995916651221,6545
6542,16,0.8999178715043226,0.06785432360132745,0.9487099086520748,1.736113793720769,6545
6543,16,0.9017604558940299,0.08295744122244993,0.90035226825545,0.9321337970721741,6545
6544,16,0.9037398552032961,0.09616612165216792,-1.0533833428278014,1.6018289215464798,6545
6545,16,0.910148207078684,0.07430219142123713,-2.388156596318203,1.1934174183134005,6545
6546,17,1.0,0.0,0,0,6545
0,0,0.0,0.0,0,0,6545
2,1,0.0687908593894464,0.051494968387824636,-1.948586056336948,2.208374388854535,6545
4,1,0.10331660851342361,0.08995953631726543,-0.4333708315244864,1.826088713862676,6545
7,2,0.10924205013670252,0.08848198303059286,-1.8462409316809176,2.0332828624567836,6545
19,2,0.139271105389412,0.09831465874293668,-0.45191395698774117,1.7921605732631056,6545
38,3,0.16202873796162176,0.10812630032998996,-0.523798259823696,1.9493113875318544,6545
57,3,0.17952707111175903,0.1439801012786548,-1.7832369036041407,2.410952123039709,6545
158,4,0.23510876220351407,0.16027481108093175,-1.7064570649080468,2.140761623379763,6545
162,4,0.23519647916751607,0.07232448347593491,-0.3172733964728562,2.020612334616113,6545
212,4,0.25086078271865964,0.05868530240837271,-0.6519554875724395,1.9396764199905592,6545
353,5,0.28517983434886396,0.12480611671604759,-1.9800120677041142,2.0878184414720122,6545
405,5,0.29344989214074924,0.06634016576563652,-0.5645888443572161,1.4619500464302264,6545
645,6,0.3289170229870565,0.06279524414860799,-0.23194425167102564,1.0965685254167752,6545
737,6,0.34136450228464665,0.1135791996424241,-2.5126769260820785,2.1116516867219826,6545
1261,7,0.3961602644501563,0.10128789872183999,-0.7402725361066272,1.3472310142451822,6545
1498,7,0.4136958305113896,0.13669083135709342,-2.5915404953388257,2.153543024094268,6545
1837,8,0.43461868573611273,0.1064162279108899,-0.8360774677931374,1.6925641349495413,6545
2228,8,0.45473564098530606,0.1229165259204842,-2.7228019716790186,1.9032142422418108,6545
2588,9,0.4725255990444077,0.11693260903709338,-0.9456908664507929,1.536066618716473,6545
3229,9,0.49868003398664773,0.10222174982467484,-2.6739644955482853,1.7752056503269,6545
3895,9,0.5260642059881674,0.17949431622770995,-0.8918285329495861,1.4687967380338693,6545
3603,10,0.5144216154830158,0.0894977488588317,-0.8549314237503448,1.5004102887091146,6545
3944,10,0.5277509351911336,0.0872201346979472,-2.6054860024513395,1.6562944532179635,6545
4117,10,0.5360808152126555,0.10722860676937185,-0.5796606099102889,1.9568975620329154,6545
4672,10,0.5630408005586476,0.12495036194576457,-0.4888843722091141,1.21348277626691,6545
4891,10,0.5772394976814783,0.1917364185389229,-0.8522409118069859,1.213172093732417,6545
5180,11,0.5986261742371135,0.10452206063124918,-0.5749903916244655,1.3970617674640855,6545
5189,11,0.5994195375676852,0.07684734238170324,-1.8748151902689092,1.600390264005494,6545
5357,11,0.6113534193709727,0.09692041594384493,2.90085617218151,1.2134859053239229,6545
5737,11,0.6464586562216631,0.2235551367762281,-0.6033994598261716,1.0621856732153878,6545
5751,11,0.6479640110139475,0.2324967537544478,-0.6457136011386769,1.0142415938733276,6545
5782,12,0.6521328049497396,0.0850616685060344,-1.487933296663275,1.9299554850036622,6545
5884,12,0.6637571555989847,0.08727269011141109,2.5305431917804584,1.116881318753301,6545
5887,12,0.6640503404603375,0.1460625792638876,-0.44692510416768955,1.4481444502123897,6545
6056,12,0.6856469550676507,0.22035144212026805,-0.5644076196817603,0.9797079095130058,6545
6128,13,0.6975923539139581,0.1530789179414916,-0.48741013531600297,1.5667118594814138,6545
6201,13,0.7092274130528614,0.17785245819883475,-0.4767777136008925,1.5345859647622377,6545
6230,13,0.7153836611533521,0.07327536341482957,2.9016375425243943,0.6508917129442011,6545
6238,13,0.7170538983267462,0.04267665468533386,-2.030000562315045,2.5943898789318762,6545
6325,13,0.7382629270283588,0.2069200548781309,-0.30452501099487167,0.967239793068972,6545
6304,14,0.7332503004458537,0.18738964204588307,-0.5222941216467475,1.49518992421387,6545
6373,14,0.7528380026285516,0.20709860830491972,-0.3790145087269407,0.9465792239085628,6545
6431,14,0.7748187084111139,0.08422728350678572,2.4129260818723997,1.1082775524457993,6545
6450,14,0.782851701080874,0.050126639394536425,1.5097327459807872,2.113907201616282,6545
6465,14,0.793473247112272,0.12313898329478096,-0.9701629281325144,1.287627449273808,6545
6448,15,0.7820171978192219,0.18745122935695385,-0.5033057490424336,0.9091038043502094,6545
6494,15,0.8195535805022335,0.11003081899804748,2.2080094314745438,1.0205245443810014,6545
6500,15,0.8232912904708164,0.05372502314682174,1.7865433348979698,2.0362597845701607,6545
6510,15,0.8314258669176957,0.1323012867734972,2.598197276884765,1.0915971938952531,6545
6516,15,0.8407392957243738,0.10332895452683377,-0.6868965796246553,1.4171595787180804,6545
6518,15,0.8420279329666446,0.11253276179165746,-0.12277453345864359,1.5657339065155729,6545
6526,16,0.8574001059238119,0.14109461444453938,-0.6269486004349513,0.5997725026615075,6545
6531,16,0.8656514875042167,0.12041512442416641,2.5215811725254547,1.167061005505469,6545
6535,16,0.8858211984247857,0.07963812346673112,-0.9137860218959525,1.2436202917465244,6545
6536,16,0.89106217975757,0.06485703132588651,2.945559034515762,1.7851217254652747,6545
6537,16,0.895465866426706,0.08930690177921077,1.5849631808152833,2.2234958533750784,6545
6538,16,0.8955887573719278,0.092084851443334,1.6292525947564105,1.2474581592188754,6545
6540,16,0.8989744973653631,0.025871906545619473,2.9818619000965794,1.430919504617291,6545
6542,16,0.9078717029126822,0.08660360909760159,-0.49858974949814505,1.431583475661511,6545
6543,16,0.9108372272333133,0.05485204956384362,0.41962099275409165,1.1186902466461914,6545
6544,16,0.9164982273206137,0.052536878054164016,1.3141621240008239,1.732836332094065,6545
6545,16,0.9275486143989212,0.053394816735546434,1.507350663507613,1.4105758844381364,6545
6546,17,1.0,0.0,0,0,6545
0,0,0.0,0.0,0,0,6545
1,1,0.07069343814875206,0.054769842391600126,2.9235797740596463,0.5474811245018788,6545
2,1,0.07605400786113303,0.06150003789613381,-1.1483689085173683,1.3305531968383266,6545
3,1,0.08750399034043355,0.08351479211882282,2.4503030019229444,1.8578716462498313,6545
5,1,0.10550014251968176,0.09965874980839946,-3.066144102199106,1.741700651074474,6545
7,1,0.1115761086583339,0.06807751797157102,-1.724772609778351,0.6998458590768771,6545
13,1,0.1400490765702096,0.12725847754136488,-3.0562053194057817,1.210721440442157,6545
15,1,0.14064583845038525,0.1281759779931447,-2.6537062467249037,0.5071676797491652,6545
29,1,0.15600407735381305,0.13325294904226334,-2.2992160329781877,0.49319312250242553,6545
9,2,0.12862073577523092,0.0993273694733661,-2.9982602277313304,1.6504366916910713,6545
22,2,0.15188874911186445,0.12979004561512178,2.4347366964980117,0.7212922560222806,6545
40,2,0.16823054248239666,0.10678987950088283,-1.978520348783501,0.5073321886068118,6545
59,2,0.18213748668471774,0.15079699595300772,3.052396318263649,0.5204042382618191,6545
69,2,0.1901788007025611,0.14936547916628215,-3.110096518202813,0.94320373525763,6545
73,2,0.19325704487021922,0.13242085089844652,-1.825314419472559,0.9271842423121273,6545
75,2,0.19532918830892765,0.17855735437490347,2.426789760355327,2.239845195545577,6545
93,2,0.20773885617675303,0.15030643650074904,-1.789244433875164,0.47130640477559405,6545
88,3,0.20363831881805483,0.13460115636172482,2.71381028747639,0.5005845672293109,6545
95,3,0.20875214162961064,0.17193320685444394,2.4315738626384125,2.1883546254092416,6545
172,3,0.2415657929148709,0.17133933258460618,-2.886286820780206,1.0123326929230299,6545
200,3,0.24883100952772907,0.17450766718909025,-1.970997966126622,1.0329510333367389,6545
207,3,0.2514601687871123,0.16427298049482703,-1.594056831058175,0.6748185361970427,6545
242,3,0.2631593535604799,0.19769985009069008,-2.566414096262525,0.62936859541533,6545
161,4,0.2387307628713078,0.1592907263542729,2.900038604689642,0.515629958870677,6545
193,4,0.24690547583411926,0.15217685329439373,2.307996850240272,2.2375403982132136,6545
198,4,0.24860521353154963,0.14218923491799512,2.274986766691052,2.1459938016440647,6545
327,4,0.2859402397202282,0.1898338151050803,-2.1229464128448257,1.014650933288173,6545
405,4,0.30070563883707147,0.1563553270628603,-1.6789377965147474,0.6616511083000658,6545
474,4,0.3124075699295028,0.1906325434010492,-2.58513846744134,0.8340336896156451,6545
493,5,0.31564992318666474,0.16801039226161463,2.5351003606774913,0.8418181598068082,6545
529,5,0.32067058242959157,0.2013889840465431,-2.0269668531526355,1.0871333155445566,6545
558,5,0.32383352155404344,0.1518767839550905,1.8066978820047614,1.9602500006375518,6545
800,5,0.3530853456529196,0.12978018613173267,-1.8336778642678102,0.6727104498643768,6545
844,5,0.3587399835171807,0.2126429956010746,-2.787419938156368,0.7068065608782881,6545
880,5,0.36314258072714123,0.2351830127604939,-2.7228347533409685,0.6438192810086335,6545
904,5,0.3655448110002202,0.21007073801146958,-1.7975287910264328,0.8976375018289889,6545
948,5,0.3695117546595216,0.1617094175108326,-1.6468811938449126,0.5840781428958446,6545
846,6,0.35937420804764264,0.1994198695851123,2.437465725025523,0.7964031651737089,6545
1141,6,0.38640647413773754,0.21290001053587773,-2.170700681172583,0.941015640110868,6545
1197,6,0.39104142146765386,0.12164876228811042,1.421532646281099,2.145369039551534,6545
1240,6,0.3945642317630925,0.2338569629413939,-2.8448749775537516,0.6585341727703989,6545
1355,6,0.403172277177574,0.20356050747482868,-1.8361266700042995,0.9163392756147899,6545
1577,6,0.41726551560297864,0.19298751472979145,-1.736242476258911,0.6378410824904692,6545
1578,6,0.4173176015542899,0.28840753789871043,-2.0457738970831842,1.0312361660455571,6545
973,7,0.3719505888236886,0.20177687055954663,2.4479250948918065,0.8509993483803054,6545
1222,7,0.3931243943928435,0.19729996760359833,2.5981351035891556,0.69694673430064,6545
1756,7,0.4300423227443003,0.15885830537643478,1.3699817990932952,2.1694303279472527,6545
1835,7,0.4353100742853616,0.24354134106497888,-2.251260376936117,0.8552236885534963,6545
2084,7,0.447611487032041,0.29789630387160965,-2.149621373438123,1.0184571085208933,6545
2429,7,0.4668911081453774,0.2241330525880897,-2.3759984702115524,0.6488111642321173,6545
3008,7,0.49180408253819297,0.2595826121013089,-1.9445436368807107,0.8174637973070289,6545
3169,7,0.4993883268264021,0.2530457855887886,-1.972520650789886,0.63626676772759,6545
2842,8,0.4845515687566675,0.1491843317891898,-3.1345001108284456,0.9191079104640698,6545
2948,8,0.48881144207902016,0.25762373827200624,-2.255235987492784,0.939066061477637,6545
2982,8,0.48996568678033836,0.14545882394057755,1.3103781493391853,1.8263260377077248,6545
3791,8,0.524835183788651,0.26081506506838137,-2.079625522393783,0.8449665335248425,6545
3985,8,0.533652237366024,0.2608713423668416,-1.9989106394196257,0.6503985957306117,6545
3868,9,0.5284234593824547,0.15249109850767353,3.1406439303515272,0.6395608756516955,6545
4502,9,0.5596063787478053,0.16738228167117097,1.613579499101266,1.6256221187211142,6545
4688,9,0.5690767250267661,0.10093857010782734,-2.8750437421255155,1.1056526322089788,6545
4733,9,0.5730359568329417,0.17328210763689306,1.2017590108552874,1.7034083225963068,6545
4829,9,0.5779731720016461,0.2574061557612275,-2.091871551632767,0.6978824286898738,6545
4855,10,0.5796295521375768,0.1754369492664395,1.5232565148146167,1.6024365908914604,6545
5015,10,0.5885228085246381,0.25047142544379625,-2.105561280034734,0.6745407706148272,6545
5252,10,0.6033641179337667,0.1760878059445081,-2.7865633185579934,0.7659533902024354,6545
5299,10,0.6064830101241285,0.1676746212095605,1.1715558131298467,1.750207386381924,6545
5440,10,0.6173563403958066,0.09596822679124493,-2.818919704135546,0.6805509584723659,6545
5523,11,0.625230262982084,0.2331471343515845,-1.9421733469316327,0.614168842825174,6545
5601,11,0.6306831926328194,0.18522220333968317,-2.8043673428340075,0.6914314972803259,6545
5625,11,0.6324450763926731,0.1437449325202985,1.1608110851750335,1.793675586529005,6545
5633,11,0.6333542471892645,0.1914949346805769,1.4881072418072032,1.8127536746834418,6545
5710,11,0.6418495359091824,0.19098117664111988,-2.907626980965502,0.8759460519026327,6545
5834,11,0.6548827389236398,0.08007864182213346,-2.35249470055051,0.8581471063475032,6545
5990,12,0.6738507396436123,0.17653364519760892,1.3315892862477359,1.7951649077928393,6545
6088,12,0.6907562386141491,0.1594847276803047,0.8670811215614955,2.0273125745236276,6545
6217,12,0.7160240916534697,0.07003052876338055,-2.3392918209504843,0.827115229106982,6545
6312,12,0.7355425763590218,0.15824334754409147,-2.2392540491285877,0.764697712936026,6545
6142,13,0.6991974203571105,0.19658755488937193,1.3008406439114917,1.7690033419381495,6545
6218,13,0.716071127320624,0.15878377195176227,1.336640324984152,1.961560663795086,6545
6303,13,0.7334490100408986,0.16572231007483637,0.9643885975086923,1.810800179447021,6545
6384,13,0.7592750143403617,0.07077889727059765,-1.6197551777702994,0.8799255073536716,6545
6457,13,0.7905084389444759,0.135125421571337,-1.8369961267519483,0.8645362245654337,6545
6331,14,0.7405563288059992,0.15832467495418515,1.4723303778226002,2.044860418564551,6545
6400,14,0.765988791874343,0.19617710100033936,1.2727330354412765,2.1003913004418573,6545
6434,14,0.7804634758537984,0.14416708422848215,1.0797516459485481,1.9390685008133415,6545
6445,14,0.7856350105572825,0.14406909110596308,1.2659573151447023,1.697051565975151,6545
6492,14,0.8178524338263707,0.0734606289954816,-2.150895543552359,1.2841193819724956,6545
6514,14,0.8354468924673192,0.12738737401758102,-2.0778923696525338,1.0759766948000598,6545
6462,15,0.7926133669244111,0.18524321341472205,1.4405466603328854,1.8111888527628401,6545
6463,15,0.7937764368967979,0.13625431621326975,1.6699207906185651,1.8444133293471048,6545
6508,15,0.8289132165629309,0.10516155772781045,1.989434378579846,1.8709481708061266,6545
6521,15,0.8465345405166416,0.13347534557625063,1.2186191965192852,1.8702670030115873,6545
6536,15,0.8718296355611731,0.030884576483424908,-2.393875698328952,1.8005373883191769,6545
6538,15,0.875801374949705,0.09327797496335363,-1.9611596522156076,0.9829781264549122,6545
6518,16,0.8409337382255258,0.15469603084529543,1.7267703997910842,1.8062252537145234,6545
6540,16,0.898742995801189,0.09516489226064094,1.1907763040696342,1.6610368909542352,6545
6543,16,0.9178186675622974,0.07721853752428852,-1.8647461385664827,1.1611308949588839,6545
6544,16,0.9261157430007168,0.05415904935049917,1.2823065882015316,2.182251038816419,6545
6545,16,0.9372745535533163,0.03416808173797493,-1.392018900556248,1.2646712569179268,6545
6546,17,1.0,0.0,0,0,6545
0,0,0.0,0.0,0,0,6545
4,1,0.062388678377302,0.050471176970993716,1.4492241522999876,1.8441006125910095,6545
32,2,0.15100613760974124,0.13355853133010331,1.7603707179223105,1.854449874789318,6545
52,3,0.17158643317101485,0.1372670741571623,1.688987945974779,1.826680452265927,6545
147,4,0.22622514619508372,0.10177411686525258,1.3556970181126653,1.8702099373615764,6545
270,5,0.27021556084416476,0.12563964066401878,1.5420958981207582,1.7186787897400042,6545
827,6,0.35702718673110534,0.07683337483950686,1.8707466889133815,2.3837310377037038,6545
1249,7,0.3948517919497695,0.045599126435478685,2.0868552825098847,2.3133491701262554,6545
2307,8,0.459629741575179,0.04848945869290274,0.6875640009177965,2.2591113848405286,6545
3738,9,0.5203588204386764,0.09462783280403086,0.09196114590821072,1.9815999691584154,6545
4315,10,0.5485923898665352,0.10257461421619277,0.03145342026692454,2.0887649052001294,6545
5249,11,0.6063888847092963,0.13984098729370079,0.34531391508859294,1.934470870061639,6545
5400,11,0.6182147201515458,0.1289325790584479,0.5641773001039921,2.0068273117759334,6545
5585,12,0.633488349216711,0.13099863340752824,0.540572124518548,1.9505373421032826,6545
5886,13,0.6671289658279257,0.14300423674973514,0.3804393671635012,2.0020376704836087,6545
6013,14,0.6837317339206309,0.13556333295167008,0.3237925338316963,1.9288525621034922,6545
6343,15,0.7482892032957053,0.08423302851845357,0.21118805584886075,1.8373651247105358,6545
6387,16,0.7620974322399174,0.08393862182038642,0.12981828164862053,1.7622294531833134,6545
6458,17,0.7982714083014459,0.08284756999688622,-0.12992997991092678,1.6034382437215984,6545
6539,18,0.8845418392446625,0.047099208350558086,-1.1186299458775208,0.9035178361806746,6545
6544,19,0.91597736802362,0.055114480206057845,-1.3435151608367466,0.8242902292920661,6545
6546,20,1.0,0.0,0,0,6545
0,0,0.0,0.0,0,0,6545
1,1,0.06445447641971236,0.05490319951303001,0.19099891663780852,2.164984722059699,6545
2,1,0.07425974866192298,0.07390134181051125,-0.044780034016310116,0.2032544240870504,6545
4,1,0.09848188385403345,0.04505907285663409,-2.310501167809704,2.8175934354749006,6545
5,1,0.1025291601598769,0.05725263288771176,1.9806568005767915,1.4654222983695313,6545
8,1,0.1087826441022286,0.09836181467047816,2.166299082211181,1.2111656496874645,6545
6,2,0.10293244045289951,0.07179359125421328,-1.6550786862136853,0.09708219979117759,6545
16,2,0.13548384891187448,0.08910262969172057,-1.277769861229327,0.744319944331457,6545
20,2,0.14865262872638962,0.08369343242106068,0.031591034245212264,2.7414324703792214,6545
21,2,0.15046783196857327,0.06415857864910521,0.2170535774574434,1.3128878211769206,6545
23,2,0.1535939900162967,0.12371432041852826,-0.3483530021382662,2.1344442889861317,6545
27,2,0.15679580637663837,0.1303080022721446,-0.031204985752998515,2.6915079549178755,6545
28,2,0.15871282516985263,0.08958290379531625,-2.1641839262935667,2.6159016830628725,6545
36,2,0.16731196734799836,0.08766540216871008,2.036283776289947,1.4287821558723683,6545
37,2,0.16902496289613955,0.13119799851896385,0.6485964686117446,2.4038760949762707,6545
31,3,0.16550953582457095,0.10485033576484117,2.476592317849151,0.3112022202547082,6545
51,3,0.186384947765438,0.06252960812166972,-0.5002696679317996,0.89749050905045,6545
63,3,0.19719160116322987,0.09783296084152239,-2.4008335517858206,2.585719946618183,6545
83,3,0.20980836107279122,0.09986970370405322,2.0857750830006596,1.85238203134359,6545
87,3,0.21321115874471597,0.07778712097624282,0.945597745911531,2.9670748215345912,6545
91,3,0.21689526600808529,0.1693001361537145,-2.3268898456285263,0.1684652469738474,6545
111,3,0.22322372712904892,0.0925958293032666,0.7789872919990706,1.5733855052257808,6545
134,3,0.23307552067448656,0.13912934017998338,0.07550711458898533,2.580164515932719,6545
138,3,0.23466818693179492,0.06721863334588743,1.243106956498551,1.4411211832358197,6545
161,3,0.24179440186750856,0.16956693286209462,-0.527845288645312,1.692907481404101,6545
110,4,0.2231291397659958,0.13327594172535442,-1.301227749469709,0.11500086237221324,6545
130,4,0.231560840775201,0.09385265276343509,-2.2915049889196704,0.4945300840222157,6545
171,4,0.24574389818337006,0.07468688065230834,-2.715809072714779,0.11008845481496693,6545
197,4,0.2546557823451191,0.07246657398411392,2.1957727714302604,1.4874746334030786,6545
229,4,0.2618341813653563,0.1804131697000092,2.90861283198433,0.08198723704732436,6545
232,4,0.2628911606194311,0.09658681156084373,-0.12378207122851996,1.2130852567119803,6545
245,4,0.266094673512293,0.14677163554098324,0.34369081982957256,2.628279800370264,6545
246,4,0.2662036708689769,0.14191469301899637,-0.008781705692116056,2.5192834209624135,6545
268,4,0.2740207361048339,0.18327448627956694,-0.6012647045630439,1.7455344863754603,6545
276,4,0.27644963281520785,0.12369885991887863,2.1258411244915854,2.8181384249761106,6545
291,4,0.2784160147468153,0.05622052659658196,1.989809532500022,1.1197148021523253,6545
301,4,0.28086891845569417,0.045511740438415334,1.1206212051403175,1.7927695558389574,6545
339,4,0.289524543365953,0.12469606348909536,1.3400721084725886,2.6756675137226713,6545
330,5,0.28649012156860965,0.1487327628393983,-2.1210636914855012,0.17363919631811764,6545
373,5,0.29733383683991976,0.13576540089033404,-0.39810692421745353,0.541214699946983,6545
385,5,0.29865910555514186,0.11303102456297713,-0.49105314404064365,0.6615107702148035,6545
435,5,0.30830913630166124,0.10947442641831538,-2.271202610018454,1.100235008722561,6545
442,5,0.3089347292460384,0.14876688891595816,0.690093577433294,0.09828831001310802,6545
464,5,0.3118145003532551,0.12758766149453554,-0.06298564146519303,2.2995772563006156,6545
482,5,0.313704904561229,0.12879853737353203,-1.779667214336052,0.43876746604782485,6545
525,5,0.319667968565685,0.07028990660293231,1.555342462983816,0.7227869109773877,6545
564,5,0.3251264693178163,0.18110195249361635,-0.3893297594727857,1.8173039245010134,6545
618,5,0.3312937117917045,0.13773751885657007,0.2412863415821026,1.4799671186458239,6545
708,5,0.34194266657547956,0.16089092005533126,1.275738035612144,2.840148144053721,6545
718,5,0.34264589327571093,0.16523117776867713,-0.5540043482743248,1.8989993107954741,6545
831,5,0.3552054919656846,0.10800547063377379,0.43286949042902656,1.1228818718134268,6545
1056,5,0.3758665851502252,0.09738819030664218,0.14351916031675563,1.2672682292905983,6545
896,6,0.3621189353692381,0.1469122665934754,-2.2526727727645746,0.05282444533570286,6545
908,6,0.3632732594085242,0.1982379691194719,-1.5458213377909664,0.29990629073758884,6545
973,6,0.3695629625248812,0.08676541312138944,0.0270423339340158,1.9989854692356301,6545
985,6,0.3708641918722009,0.14980155710767043,-2.4596185657910077,0.9721615771589304,6545
996,6,0.37171945131563044,0.14801801745564214,-1.7816570577069486,0.177709786149353,6545
1048,6,0.3756211045710899,0.157567491270238,0.13721500628679387,2.0263943735152554,6545
1091,6,0.3792672657582362,0.14587646707884988,0.48771641570539953,2.4562748257174483,6545
1153,6,0.3851793339342633,0.12476463763043777,1.6359793981339767,2.782312969285537,6545
1170,6,0.3866087756587866,0.1515349663701429,-0.5742323525164089,1.9009890573351498,6545
1312,6,0.39750696517110407,0.1861858171484203,-0.16844012760486776,0.5401457034825393,6545
1465,6,0.408553791462148,0.07284248566138689,0.13633220511945968,1.324131915686395,6545
1569,7,0.41551830339490337,0.14537306370019246,-0.7210766561662367,1.9027467323872846,6545
1583,7,0.41616534366124214,0.19698892208973498,-0.19375237863472183,0.537276504618576,6545
1679,7,0.42238467981421735,0.18822891143059667,-1.31729217813533,0.2577271095925861,6545
1789,7,0.42933002980353663,0.08276158065481606,0.17937170228418842,1.3357850660341197,6545
1796,7,0.429693744032802,0.14812018415980624,1.0234025381155178,2.7840491238193272,6545
1817,7,0.43068138500013664,0.10558541640108146,-2.779093861774954,0.774667311677364,6545
1861,7,0.43272009298212344,0.13749554226206323,0.40156161708278615,2.2811753922872176,6545
2241,8,0.4540645575812866,0.14590425402733684,-0.9149502732787558,1.7866397144269133,6545
2330,8,0.45855305452589923,0.15656774979787805,-1.5399336709866198,0.27218448817889185,6545
2378,8,0.46075692670489043,0.12350667440065682,-2.7154495574201802,0.6708472076068304,6545
2816,8,0.48245338597659326,0.22722538732977143,-0.4643214291600366,0.6983677494749676,6545
3153,8,0.49612522934287917,0.16629537417631543,0.37514236591462835,2.551065169583928,6545
3622,8,0.5149635804402876,0.10947031123913444,-0.43282493723133897,1.0808268467517717,6545
3188,9,0.4976302822145158,0.1586880110511832,-2.637262992963286,0.6107970976024991,6545
3413,9,0.5056584962693674,0.21810213374971457,-0.49516794243623846,0.708717847398938,6545
3851,9,0.5248735589195727,0.21848643235166343,-0.29469698122728005,0.8257949086351424,6545
4173,9,0.5392222665698037,0.16003373479096486,0.2770522993702684,2.343979145582049,6545
4477,9,0.5537281826983427,0.10667454806703631,-0.5872285041574118,0.7082179041267629,6545
4539,9,0.5567121207285363,0.10199809179547753,-0.629951858311881,1.0711395285532126,6545
4563,10,0.5581034181986916,0.16312712643041127,-1.9946471442978377,0.5865062878309357,6545
4817,10,0.5730270331740221,0.19300339533677363,-0.33656203057951006,0.7659479623281177,6545
5024,10,0.5865022704191216,0.17135132711232398,-0.583642070734359,0.8749652521546679,6545
5218,10,0.6000812185051312,0.08754074369686711,-0.8535210930601655,0.7386411731791576,6545
5404,10,0.6150470515889143,0.0923608542623424,0.46356867309922173,2.2502426254840566,6545
5534,11,0.6256938198777816,0.14619992632351098,-0.39975721939036285,0.7681506395898192,6545
5577,11,0.6302891387646024,0.1714179387266126,-1.9385955788724125,0.9523224628142299,6545
5726,11,0.6466045955174385,0.09993902077697372,-0.41412509194232466,0.7787635057476292,6545
5897,11,0.6666171759958456,0.11118940554394177,0.7852626029455374,1.9296138026292777,6545
5916,12,0.6701351394475742,0.16012872404790082,-1.9181662237590817,0.8488248057063471,6545
5943,12,0.6736779276017455,0.10422077445596623,-0.3320484340232074,0.5943304378422488,6545
6047,12,0.6907499638865218,0.11104115748002003,-0.5285951676914578,0.8279197886333391,6545
6215,12,0.7202285974414363,0.08364177618277258,0.7420960037466439,2.281885281427367,6545
6247,12,0.7296734937090195,0.08141324316946293,0.7593571548358904,2.0812828821823404,6545
6204,13,0.7184614664615914,0.09315856175253164,0.343823184869788,0.6209281925349791,6545
6241,13,0.7282385467102771,0.1297176792670721,0.09629797170643664,0.8492138167786872,6545
6258,13,0.7310789606738566,0.12357843572823159,-2.2203402755930464,0.6594387916808122,6545
6276,13,0.7355025102580647,0.08497471252080045,-0.5711747725238641,0.7434559104480782,6545
6397,13,0.7719787958563019,0.08358594742747086,0.878673845062809,1.1481652476002806,6545
6407,13,0.7780514832510935,0.05244110181371286,1.2975137496951876,1.821143207953486,6545
6319,14,0.7460148616903866,0.1232835956146486,-2.3184413201534793,0.7411986197823847,6545
6429,14,0.7884431640708387,0.1251968672627517,0.6068874812646227,1.163532225523922,6545
6474,14,0.813742905055189,0.06082068946941683,0.36855783470204073,0.7998082823460875,6545
6485,14,0.8197443086840672,0.04869447833581039,0.9912939948111361,1.5012910420215602,6545
6503,14,0.8346147141461691,0.11010075937867145,0.27002605065818824,1.6095389974005325,6545
6439,15,0.7930895641101475,0.13847837129671733,-2.40751348795371,0.6516835017679604,6545
6469,15,0.8081524920388315,0.12458581325816212,-3.0684829514764442,0.729896325937818,6545
6495,15,0.8278219748690134,0.15804283724141435,0.7174036223700359,1.060914372994632,6545
6501,15,0.833498572006521,0.10813163494040072,-2.8337504747441025,0.8437585926478826,6545
6506,15,0.838981111015275,0.07600428478243926,0.05168134832272051,0.946381576732256,6545
6530,15,0.8676243359554665,0.0798720039243626,1.0463909958482132,1.3528003163486664,6545
6533,15,0.8750095940487467,0.07954034950145532,0.4099099210475336,1.642630098451203,6545
6537,15,0.8833435558003782,0.0929145650649351,1.3501479810203003,1.5845114026901739,6545
6541,16,0.8971462519082813,0.08001939256660529,-0.24019896355388867,1.2591899894862397,6545
6542,16,0.9041189467697758,0.09556850014919777,-3.100522593717823,0.7972388103156629,6545
6545,16,0.940718215875712,0.05812437131176782,0.7595475116158888,1.386734462874925,6545
6546,17,1.0,0.0,0,0,6545
0,0,0.0,0.0,0,0,6545
1,1,0.03756471444909604,0.03711388907501436,-2.502112606986728,0.5016930140804003,6545
4,2,0.10676603826885311,0.019445340122269603,2.902118227191912,1.8804309925765914,6545
5,2,0.10784691125199053,0.058281304384930385,2.015891850542825,1.2346490963308896,6545
10,2,0.11894120739764402,0.06705813342206786,0.8454747041903843,0.988664256524449,6545
32,3,0.15844045059554956,0.02692617765885828,2.4001305432789155,1.2016905363589832,6545
36,3,0.162702554361689,0.05978316879528466,2.519108203902644,0.9965504508638222,6545
40,3,0.168765889952612,0.0441100750546317,1.5078390315199452,0.513979318635382,6545
136,4,0.23055748465768766,0.08693956879772871,2.268517489051094,0.513421697325559,6545
216,5,0.2604910524663826,0.08465749979259908,2.6618580960371236,0.5811180311917867,6545
484,6,0.3103207970333378,0.07787501544552196,2.508195625193454,0.7010327511756187,6545
863,7,0.3578904066563806,0.05753794633965612,1.855851215908997,0.8601074104452945,6545
1062,8,0.3754263563161362,0.05187477671597072,1.767268620084564,0.6575748639997204,6545
1640,9,0.4187274615752006,0.07982456577216425,2.469753992112421,0.7233495179659366,6545
3652,10,0.5148999630006089,0.06600343288732245,2.7009720852256085,1.4769449262092396,6545
3898,11,0.5253651817502145,0.056747840947669964,2.7207320853148502,1.5017979786134747,6545
4678,12,0.5644434179354321,0.07611281845974467,2.645383528460084,1.4095049116347205,6545
4740,12,0.56800014917149,0.07147391639474808,2.298602786575653,1.6551399749509546,6545
5468,13,0.6205823389929522,0.07759589529450478,2.914392265922214,1.7543299767498575,6545
6071,14,0.6888066172895638,0.08902802090561125,2.943433797140338,2.465501651330341,6545
6230,15,0.7177123681894421,0.06850355776037856,2.8355711560642307,2.5092824821284645,6545
6356,16,0.7552626628542067,0.06650019497804086,2.064042726490714,2.369071667650665,6545
6480,17,0.8038953174475252,0.06635120383980181,2.9848558204809006,2.2834735461001046,6545
6530,18,0.861945658904772,0.02645943782886905,-2.2004955014947134,2.0243930702592894,6545
6544,19,0.9410885448821305,0.04784218426558826,-0.07067241632175184,2.758771072845479,6545
6545,19,0.948127775992912,0.04154560006830563,-1.250688799103028,0.9210582150414164,6545
6546,20,1.0,0.0,0,0,6545
0,0,0.0,0.0,0,0,6545
2,1,0.08025739355965633,0.02663732340310737,1.1748580995266593,0.8584788144214829,6545
10,2,0.1383466705730152,0.04568516120674963,-1.0923782825494526,1.0171576277624776,6545
76,3,0.20166654558991748,0.08161589484071373,-1.9751378966473943,1.1567578775601317,6545
206,4,0.2579650455436039,0.12116933899201211,-2.1605216593276646,0.9641380007405258,6545
420,5,0.30191824953323,0.08472610968220498,-2.1267847126505766,0.995813450425221,6545
643,6,0.3334272222700684,0.10411799682887025,-2.221909453483709,0.9524242739476486,6545
1043,7,0.37848775348992114,0.10189814879607732,-2.6355370719722315,1.02197402142557,6545
2448,8,0.46449551488190344,0.09184162671681405,3.0286834965001335,1.5896894112869486,6545
3397,9,0.5053632967614927,0.07967045152582009,2.840189268120863,1.561875838673198,6545
3881,9,0.5236618084981789,0.12398957153171351,-3.0056010412297156,1.5489048895523678,6545
4521,10,0.554850326274094,0.10964690327941577,2.5495529242551322,1.7014880685007983,6545
4665,10,0.5633319571145512,0.10611178941513603,-2.8644656605136976,1.39469478128844,6545
5111,11,0.5911956703114024,0.10285543720058399,-2.8309321945456847,1.2060221279334098,6545
5177,11,0.597064184122921,0.11235461723188858,-2.7042967748751843,1.2838641140753242,6545
5284,11,0.6053391421475307,0.13051735463254133,-2.85673830732888,1.5146416122701767,6545
5602,11,0.6349061666211944,0.11794837237469473,1.945513992119049,1.8321123719371213,6545
5796,12,0.6563304764760318,0.09047352238467042,2.8741108771401307,1.5763799250935704,6545
5833,12,0.6597039072075399,0.08779106124697121,-3.0127496582643705,1.3548079871482432,6545
5841,12,0.6606905489697379,0.1344203580168741,2.071686829477462,1.7535392588212195,6545
5850,12,0.6615609441268421,0.0778081625790541,-2.6044831440084306,1.8956759978878417,6545
6109,13,0.7032976307049338,0.10745826884497862,1.8748984886310036,1.5820782890005909,6545
6189,13,0.7183904894598445,0.08019591265236857,-2.72354925028503,1.8398973232418658,6545
6258,14,0.7328757885425123,0.07658046802626353,-2.7688671063835093,1.8484449257026216,6545
6369,14,0.7608850476684533,0.07414677434199922,1.3495808544024623,1.5605560585854885,6545
6454,15,0.7941853576247416,0.0753948341773499,-2.8706403388325676,2.022221190756786,6545
6460,15,0.7988808361713491,0.08877117719283346,-2.4436393937798484,1.9834375042885257,6545
6473,15,0.8088277619349978,0.11202686451889127,-2.621347959679476,1.948001471362404,6545
6478,15,0.8155911665082254,0.08128928007487587,1.3850870171915142,1.4767781281572876,6545
6490,16,0.8274393905096629,0.10710579048628648,-2.60250502272209,1.8795677922105072,6545
6505,16,0.8477362192862166,0.06105078325435923,-2.258315327912618,1.592725914185083,6545
6511,16,0.8530076365091172,0.0712489191811562,1.530848410157491,1.7733547335599689,6545
6527,16,0.8726097196817358,0.05326602040558706,3.024361017469595,2.393173242974479,6545
6528,16,0.8764283772348199,0.021426652843280585,2.097818602129723,2.748218754977807,6545
6534,17,0.8872647663850457,0.0826576608047997,-1.8326256913008978,1.7290902992260908,6545
6539,17,0.8970693387447849,0.09085666087783299,-1.9107751616958024,2.092378223125908,6545
6541,17,0.9026021927866174,0.09167555416810898,2.0203723410582115,1.929620107149594,6545
6542,17,0.9097440598501388,0.07406802574964966,-3.0347338922934317,2.4233374011636992,6545
6543,17,0.9236526228099633,0.03654234373419104,3.027594342783808,1.7408190660055645,6545
6545,17,0.9273091595458567,0.05988833924775539,-2.931885300053141,1.5244606180467242,6545
6546,18,1.0,0.0,0,0,6545
0,0,0.0,0.0,0,0,6545
1,1,0.06703481060394845,0.04983578595183724,-2.3154431402349442,1.8574898881313238,6545
2,1,0.08072818594191189,0.06292487495409735,-1.8913739008279473,1.4117656967335654,6545
3,1,0.08078122394717313,0.044018255744528174,0.17603400143309111,1.509224746478973,6545
4,1,0.08148918675813654,0.06091092786091245,0.9799618189370202,2.619104087696003,6545
8,1,0.08914775724507751,0.06949883634370618,0.6289040203394746,2.6732880228950657,6545
9,1,0.09102082341395568,0.08054245730523514,1.9583736953636608,0.8045606269917268,6545
10,1,0.09325266721390602,0.06633125545086327,-1.7528449735396765,2.009030454381014,6545
11,1,0.10329591453156262,0.08330605370081773,0.9382327362116398,2.41150437155787,6545
13,1,0.10521531358635605,0.0863082647636859,-1.9017260066436046,2.078457064902266,6545
14,1,0.11827150472915382,0.04513228468726389,-1.2679080961950482,1.1427177745907753,6545
25,1,0.1496652624912609,0.1463599325705413,2.041738584136814,0.9017726922764525,6545
15,2,0.12052076697119785,0.08045243225356243,2.3635871026568753,0.7131159206594301,6545
16,2,0.12288870601996038,0.06650227142837974,0.6946199706155541,1.9247978840065358,6545
24,2,0.14580465810694265,0.09370069080984872,-0.11032644348458308,1.2808323854063635,6545
32,2,0.15546676389300773,0.10167418529730124,1.8964080582469514,0.9156056050529119,6545
39,2,0.16648813062218348,0.104828157127056,-1.2147436705111172,2.3870723522335693,6545
42,2,0.17058533457907932,0.05672808920863528,-0.7225802489080115,1.3032773320503273,6545
49,2,0.17894586445006888,0.14719306692014839,1.809709522286728,0.9697586385338631,6545
67,2,0.19139770905401243,0.12929200498513543,-0.6054972037731527,2.0210259141168847,6545
95,2,0.2064815805789052,0.08434747595505405,-0.549979574013294,1.895651610425936,6545
55,3,0.18277593242704437,0.08850573451922779,2.6318242429448127,0.7733182739517156,6545
56,3,0.18307702531427983,0.10647875045026264,2.4806862658088074,0.6901071360205269,6545
66,3,0.19003689066185703,0.10947651945037622,2.8453016975046106,1.2137539542929776,6545
126,3,0.22025732327349457,0.15328414835289053,2.2027367334120074,0.9036003622381568,6545
180,3,0.24008097659655103,0.16517468156623993,2.0974683517374593,1.1508851928243127,6545
184,3,0.2410864801075624,0.1680342759713422,2.1624120315833406,0.7354077108995277,6545
194,3,0.24445198572083138,0.09960700412333211,-0.6953204565653289,2.096961183055259,6545
117,4,0.217817491348957,0.09019380783509565,2.4972151997170573,1.06725666929551,6545
141,4,0.2252880127954333,0.10869990482929519,2.5984999701476226,0.9314105909301453,6545
279,4,0.26430146846925706,0.12571742106531714,2.1342883772946384,1.2204965188172205,6545
280,4,0.264320009032496,0.09361425895438928,-0.6406504807042129,2.0025857221978347,6545
320,4,0.2729597523670363,0.18520389359688966,2.038136088617545,0.9892334218446387,6545
443,4,0.29851061241614196,0.17382556939872962,2.212482836330308,1.061520178833143,6545
251,5,0.2577383128463512,0.10043804003594332,2.405867094375421,1.341570321178283,6545
428,5,0.2948598327299208,0.07916988986805282,-0.3240871635672696,2.114540750890795,6545
536,5,0.31366866529910775,0.13873179456703438,1.8551247249909337,1.0748734100193045,6545
638,5,0.32712889950632396,0.16685263131378342,2.176839017825132,1.1875364293046662,6545
690,5,0.334741637313534,0.23368573489335062,1.9083625168042913,1.075262996446379,6545
787,5,0.34568767474700746,0.2171681684759385,2.931173762375104,0.9316042143736084,6545
705,6,0.3365118907850072,0.08724916984953639,-0.8053511267749407,2.2417627517984373,6545
908,6,0.3596478431547677,0.2256243186847074,2.9487114256471956,0.9345769644978129,6545
1128,6,0.3806072181410657,0.19961481414272336,1.9565566663648244,1.204651221017712,6545
1188,6,0.3859835559720808,0.1329447129587896,-1.1376854819703597,2.2896895477854025,6545
1276,6,0.394020672171026,0.16667253791769077,1.713422823037651,1.3950689104542866,6545
1346,6,0.39948262552126523,0.17938049040413293,1.8699662287993744,1.5142733139464062,6545
1140,7,0.38170998139579715,0.06491804420585101,-0.15089741868856366,2.244141958490012,6545
1226,7,0.3893312548917959,0.2269400752256107,2.8718023617705746,1.014871737057392,6545
1250,7,0.39134157583641915,0.11217854301089203,-1.2068778707249026,2.212486023602296,6545
1332,7,0.39872378636419537,0.10506653130239307,-0.2046775767009747,2.3760158627120336,6545
1347,7,0.39950070987374287,0.08933904284006905,-0.5697327850678241,1.7313439147726493,6545
1685,7,0.4243748488134246,0.11612033844981734,-1.2472790783350798,2.5260888260441705,6545
1895,7,0.4381731406234749,0.18159469364005432,1.7745743951539383,1.3405353505538802,6545
1657,8,0.4226232445445407,0.2198227412400925,2.833685879889752,0.9152425866391044,6545
1754,8,0.42835408273147824,0.10209679888022745,-0.33139815088006225,2.3614454001097176,6545
2044,8,0.44527268480698745,0.02343079089801884,0.7927636733096785,2.3107832251779965,6545
2056,8,0.44584824009189117,0.1215798591362715,-0.48324201222421403,1.5940779341419928,6545
2298,8,0.4585123678455403,0.22871480556101037,3.1238867065153446,1.0403860847935351,6545
2555,8,0.4711687879890424,0.08323736957404222,-1.5453462186522342,2.4801246740558858,6545
2608,8,0.47307201786793984,0.07318749467194732,-1.6006534604274376,2.3707021370253436,6545
2907,8,0.48606625522569447,0.20686798184739563,1.842592900856772,1.2912956652811107,6545
2323,9,0.45963508239904804,0.019852660812242066,0.4567758621206254,2.1088563529849393,6545
2694,9,0.47715386504127055,0.13207342936065564,-0.581693462584534,1.701798045350042,6545
2917,9,0.4866403016533958,0.17151373462472325,2.7872992848319242,0.9540683614972935,6545
3245,9,0.49912998176490697,0.10515238325963513,-0.11031999528497616,1.3503023154305043,6545
3551,9,0.511866966979578,0.23076685424650356,-2.9593004837429264,0.9450303168416184,6545
3642,9,0.5159758977619383,0.17376055614380975,-0.8530566157071017,2.465060694456212,6545
3655,9,0.5165541179832472,0.1654925135300174,2.6973283137214765,1.214764430425084,6545
3861,9,0.5247142920904833,0.1909568385861229,1.911799018968877,1.398328589916772,6545
4302,9,0.5451439561095754,0.11287686198264045,-1.837771818545436,2.307714994162369,6545
3921,10,0.5268926940613744,0.051804700724673386,1.8861968966418143,0.9891944288707522,6545
4049,10,0.5326422868595435,0.19794352186399794,2.7020159513750777,0.9000534463082298,6545
4227,10,0.5417360982359576,0.17887059059020696,2.6728614442100462,1.313241604445108,6545
4308,10,0.5454143237403136,0.09261404995831847,1.4561338308672716,1.9578971909779659,6545
4357,10,0.548163159437168,0.09067564165290884,-0.39335166883572115,1.5035802681162214,6545
4394,10,0.5501479014286069,0.06432080286047566,-0.9169803953435667,2.0640300335406625,6545
4512,10,0.5577127181865107,0.06266319105620924,2.724303758378559,1.4776813841765346,6545
4594,10,0.56184240160882,0.20535653129047954,2.8014920474062914,1.2881630230027574,6545
4596,10,0.5619595742619132,0.05995500921954508,0.3104964508375244,1.7326360237859193,6545
4609,10,0.562490988015755,0.10246301547321993,1.1080064419646265,1.4210672370235435,6545
4627,10,0.5634825011143229,0.17944653275058495,-0.5304346169957341,2.4378747127272216,6545
4668,10,0.5659003879005066,0.16184717379459276,1.9173219542631763,1.4885350808295623,6545
4808,10,0.5742177310100853,0.22107666718072244,-2.625886628429483,0.9041894969546378,6545
4907,10,0.5805769884189234,0.11314994162168598,-1.9968057497451335,2.2218730930162516,6545
4969,10,0.5842140466220878,0.20310848049410446,-2.9362880785399916,0.881809148139315,6545
5191,10,0.5991186433864438,0.13375182180592132,2.4973621658695686,1.9802017386624042,6545
5307,10,0.6079359569708362,0.1547802339839625,1.4486760298702983,2.469296366039898,6545
4818,11,0.5749774287412917,0.08633124643485166,-0.5128674383350792,1.6110716732433303,6545
5046,11,0.5887837678756591,0.06770664039683151,-1.4419354910737419,2.2477422955221456,6545
5095,11,0.592232805822941,0.11733059208754118,-0.257817198526207,1.3650761397513096,6545
5098,11,0.5925472089404907,0.0659846156291339,0.24937307202740044,0.6294306608263524,6545
5141,11,0.595429458390227,0.12247922544794497,1.1863915837682686,1.2459538732450186,6545
5208,11,0.6001184240369535,0.1634723877928451,2.8720143679589487,0.8512377534351703,6545
5228,11,0.6018552561064748,0.075079257941548,0.2795399176774365,2.0404297491533647,6545
5317,11,0.608639015306369,0.16768758717629195,1.8455332289562512,1.5398284544857788,6545
5327,11,0.6091931174340712,0.04885091264613214,2.000595674469025,1.4978514587509786,6545
5408,11,0.6157458174315191,0.08404357626557671,-3.0080631828572226,1.2667690417801234,6545
5432,11,0.6174614704744784,0.13657105139031764,-0.7029440112907525,2.4047890617660292,6545
5446,11,0.6186828898276601,0.12042575236845342,1.3221991210284345,0.8258429579358217,6545
5512,11,0.6242163202715105,0.1022576296635903,0.1579889817506704,1.4714867499174447,6545
5550,11,0.6283478658571021,0.17710567298131036,2.7133115322941497,1.2001189368973841,6545
5568,11,0.6295918087063285,0.20281831461509633,-2.6685008061474758,0.9009404694931149,6545
5570,11,0.6297723542745887,0.05668462035312488,1.2143381864270042,0.9896061525035661,6545
5684,11,0.6417434907576623,0.13649780973978906,2.2927581681303635,2.0052864126334744,6545
5776,11,0.6525187407949251,0.1547507292333091,1.835946415918876,2.3669622721121213,6545
5952,11,0.6752856865712681,0.16682971411613912,-2.379832712858558,2.103133206935963,6545
5725,12,0.6456403813385637,0.15396555770631815,2.6573227275601665,0.6826344576619663,6545
5791,12,0.6542880435227365,0.1394474427638023,-0.8843015918873283,1.4033111392798778,6545
5804,12,0.6556438111700923,0.10152036327019195,-1.2226034573101232,1.9969332981552506,6545
5827,12,0.6575946147139892,0.11332021144323276,1.1317381854714925,0.5860342369114767,6545
5852,12,0.6609922617821106,0.11043781654334192,-0.4710485786721861,2.6428541381861894,6545
5858,12,0.661916620238785,0.16408543038002862,1.4524731523379655,1.2579020581686178,6545
5879,12,0.6645649520091034,0.051308750473560906,2.711892522593785,2.7777627551200683,6545
5922,12,0.6703812780035922,0.08173836351406716,1.3874046385249401,0.8773451537457151,6545
5927,12,0.6707395532749387,0.08923280998562959,2.6214630031886936,1.5366950410691513,6545
5935,12,0.6722304355525278,0.17858002584936503,-2.610606493767424,0.9816182513843469,6545
5959,12,0.6759676049743649,0.1860667892433192,1.8388225043542437,1.218025909570497,6545
5991,12,0.6810905017036559,0.07398376324819327,1.3828820168660065,0.6887731133759731,6545
6026,12,0.6847242797804838,0.17748728686824472,1.5119229973369708,1.0531748479832799,6545
6029,12,0.6851306865309343,0.08310450174833242,2.839108482491396,1.0562357391938597,6545
6057,12,0.690143445088418,0.09841829829284172,2.4027607641820086,1.183487312975867,6545
6136,12,0.7013232490347968,0.1378290491263498,-2.0617492015602688,2.459600411559271,6545
6150,12,0.7042569672050419,0.18464892831017696,-2.4575333985295136,2.0005265506331735,6545
6152,12,0.7044333147487755,0.07078925256539317,0.2511744172006167,0.9814196115283106,6545
6168,12,0.7076174767077037,0.1145719196092557,2.5117254443527046,1.0760882140478438,6545
6170,12,0.7078783864356673,0.14440300695072666,2.0798941608923633,2.1118009641950497,6545
6101,13,0.6971515277680145,0.1673974627644616,2.446969635890908,0.9438363738375046,6545
6122,13,0.7000847927442775,0.11940175722473802,-1.1619902735166514,1.3015763540472485,6545
6123,13,0.7001466021604212,0.07302503819870808,2.7867288900981846,1.645820499157933,6545
6133,13,0.7011710909295655,0.10530497828617356,-0.9213039986403376,1.3632220283826217,6545
6140,13,0.7021409234767922,0.08005670025388693,2.9791683915196563,1.1035954039391378,6545
6171,13,0.7079280656221074,0.11145768187057924,1.2389841965778243,0.33654061190694784,6545
6185,13,0.7105109981791601,0.09778469113006531,2.7620612957136337,1.3172503778219515,6545
6196,13,0.7120412006013154,0.022627995240678423,2.6001938615266402,2.231329956508612,6545
6253,13,0.7240698073731346,0.14510163185457392,1.7039105879562868,1.323546406995264,6545
6264,13,0.7257499658693639,0.14885698444941609,2.18477717907342,2.112846830435373,6545
6269,13,0.7265470289142968,0.1013136487434249,1.957316352717635,0.8216623224558849,6545
6283,13,0.7313943448036212,0.17706803367920876,1.7150982369311558,1.0728474350590236,6545
6288,13,0.732130691310046,0.09374793888080131,1.0400362452226468,1.1908980717188147,6545
6317,13,0.7407670012386728,0.12991947633570636,-1.9870865989244462,2.467253663271447,6545
6319,13,0.7409700203176718,0.10012207975621583,2.276053064642036,0.9269752898869456,6545
6332,13,0.7449586979715528,0.14957047419714675,-2.3421260668305757,1.9709056938733849,6545
6340,13,0.7478926451487956,0.14834960421932758,-2.2833760916305312,1.1711215535543134,6545
6343,13,0.7481880203258171,0.03743151163452635,0.4597258977858946,0.9667751769549164,6545
6348,13,0.7503200966801519,0.12134050812618563,-2.282636312259686,2.296121497226678,6545
6362,13,0.7534162734192629,0.1027780384545601,-3.0399861893624807,2.4993342803496024,6545
6376,13,0.757820286475964,0.0622789266622945,-1.5398191409884614,2.075718338999203,6545
6369,14,0.7569397409594845,0.17043159455194032,1.7284352380570522,1.1160436755578058,6545
6395,14,0.7646351943926643,0.09674009074874163,2.052241987773114,0.9843186853083693,6545
6402,14,0.7675617218116433,0.03806044650468006,-1.5881492401521342,1.9520789878618525,6545
6405,14,0.7681457823294324,0.1037529585682951,2.5059365954233384,2.2718098850823014,6545
6416,14,0.7729870517008752,0.04962055647732667,2.80963162998079,2.6070222319371457,6545
6417,14,0.7734736281534299,0.1172718141689814,-0.7127969514114576,0.8865943424775253,6545
6433,14,0.77917851344679,0.09922557852781588,3.0494384641791736,1.494422199634036,6545
6436,14,0.7799385221700115,0.1436904242644727,1.910851504973618,1.8846466147191245,6545
6440,14,0.7834821418103968,0.11473012669320201,2.1983005909942666,1.2628121885967325,6545
6446,14,0.7859035966303434,0.0665541891247206,2.3055511526159167,2.966420707119911,6545
6450,14,0.788387517823535,0.04403478153949406,-0.05774937613446422,1.0781716098475256,6545
6454,14,0.7921809238933082,0.11005445864655927,1.6881925571713146,1.579136557891607,6545
6458,14,0.7935476613981396,0.11388516852494933,-2.0274558019605777,2.261076027068563,6545
6461,14,0.7964076219622149,0.1014468641753276,-2.509001230096616,2.3920860747095976,6545
6470,14,0.8019444475165323,0.08312226449873751,1.4965790204932354,1.2891795068861192,6545
6478,14,0.8061147688986093,0.1101767643776692,-2.0376141494241837,1.2350610743159287,6545
6498,14,0.8184932573907568,0.09633032084070424,-2.2911475261864296,2.085868443680195,6545
6447,15,0.7872995561787963,0.17246501752076693,1.8685549827902115,1.0247511288956197,6545
6494,15,0.8168907329576212,0.13081701452956515,2.3992799629832766,1.1619930692665166,6545
6504,15,0.8209912230302732,0.06550029332484236,2.3703082362825025,0.5735404011983354,6545
6505,15,0.8213670723296561,0.08211496338600871,-0.7567792444268328,0.7699925741265827,6545
6513,15,0.8329445129032588,0.10840453932623594,1.8314346588765136,2.8838096631423547,6545
6518,15,0.8415367583331652,0.09389531690505083,1.356985762166137,0.7730404774015078,6545
6522,15,0.8489372983265042,0.08422839614329888,-2.7269904010124737,2.727123724208545,6545
6530,15,0.8824617358173987,0.057899366116000626,1.9434346642263234,1.8938989264912018,6545
6532,15,0.8833628446292981,0.06832999667789817,-2.1345599735948797,1.8677953881885108,6545
6515,16,0.835232647473529,0.13221639700462604,2.4989430422903958,1.1180832614167986,6545
6535,16,0.8897038514105139,0.0750210828846295,0.4847190856933184,0.5886598310622685,6545
6537,16,0.8944650155929156,0.08855781464542117,2.135162199352178,0.9027110888734217,6545
6538,16,0.8953392561377066,0.0671836207237868,-2.8957847830922847,1.1318119948709624,6545
6540,16,0.902190546578167,0.09551247574335284,1.1891071715166477,2.702494789429718,6545
6541,16,0.9034140428053161,0.06036892416612855,-2.4653156601421373,2.9985366099391895,6545
6542,16,0.9216330934049402,0.055185197391593596,1.72596526310779,1.3127029677431188,6545
6543,16,0.9245513473016904,0.06125234294606635,-0.5478550992775517,1.8942222420377843,6545
6544,16,0.9329075015845489,0.053672039470575736,-0.3305688032673908,1.4417405714898412,6545
6545,16,0.940364320408542,0.05775630733192552,-2.890493805764672,1.9697423460145267,6545
6546,17,1.0,0.0,0,0,6545
0,0,0.0,0.0,0,0,6545
2,1,0.09434940003963277,0.06828814530698422,1.5594385864228202,0.7995739608275814,6545
3,1,0.0962391999897082,0.0897364830040011,-0.7798166198331145,1.896601788227441,6545
5,1,0.10818963058252729,0.0880015325989399,1.6686585240855016,0.30981447840424653,6545
6,1,0.10831931958003627,0.09807322512752392,-2.8625698013584246,1.0161539251795166,6545
7,1,0.10855840990590993,0.07957975089300644,-2.92119943723288,0.8866096953621698,6545
8,1,0.10880500787641412,0.09019055723939343,-0.023220558537860463,1.2900468330805621,6545
10,1,0.11513577255039698,0.07888952134745549,2.7558288105615554,1.536119425547265,6545
11,1,0.11790684420371333,0.09184602265969236,-1.9552389083874027,0.6686562238378573,6545
13,1,0.1186774897122399,0.10118583049956241,0.9968900685059792,0.8546019368819641,6545
14,1,0.12226604439313127,0.10209919805515269,0.3254429804012068,0.413331538619114,6545
15,1,0.12405430996974787,0.10706322825274052,0.2504178473923167,0.6401181022670317,6545
16,1,0.12472098300014123,0.11835007379819187,-1.259887782365085,1.0645670144063482,6545
20,1,0.12974405041069526,0.11776743869248564,-0.39616847584174125,0.8443367449851358,6545
23,1,0.13290796970686714,0.07333976509365692,-0.5759904820627146,0.474206436552855,6545
24,1,0.14435852597528553,0.13466695435189355,2.8351199549165225,0.20029264145698478,6545
64,1,0.18474207703667056,0.1634938054323128,-0.7811994667291084,0.47779806296873506,6545
18,2,0.12672033678470107,0.07889861548711813,-0.8915439101905669,2.1502193026547145,6545
26,2,0.15091036647802647,0.12113987338064335,-1.140160849255478,0.8712454259488412,6545
29,2,0.15289748328873876,0.09115258111294032,-1.0792638661601657,1.7371991011264083,6545
30,2,0.15302543392364487,0.10008004647392474,-2.9171481745033656,1.4246050016044998,6545
39,2,0.1619990772003067,0.08243460167045061,2.5070707526469325,1.0930723351997604,6545
41,2,0.16484229293271224,0.10555778304065261,0.44779105912841227,0.7122413939394345,6545
46,2,0.16752854662113892,0.06912751960651872,-2.126218812165964,1.0177351571812672,6545
49,2,0.17088485532306208,0.15559931216694584,-1.4732547875959223,1.1053631296856512,6545
62,2,0.18350034761772283,0.10903065698100055,-2.534946729429141,0.5396695256927315,6545
78,2,0.19309696090128214,0.14464072929763652,2.65297263651039,0.4397960363216306,6545
109,2,0.21056583472388024,0.17870644079284187,-1.8785625197856683,0.7693733047032719,6545
111,2,0.21119902614381825,0.16744962635357033,0.16700852460266338,1.5376093084958402,6545
117,2,0.21465923498487893,0.14731975849580212,-0.9251153711592509,0.359517448007771,6545
48,3,0.1700914684047259,0.1140516835848374,-2.8577797231313,1.3822563479686705,6545
57,3,0.1788378393869241,0.0467986833715006,-0.8496094009094723,1.7816040889869535,6545
73,3,0.19028519227695373,0.08378556665050602,-0.5615518039776308,2.9203330291659944,6545
90,3,0.1992165237495065,0.09869889917083743,2.4144053033653323,1.443106335519523,6545
114,3,0.21280846254320152,0.0969697053805061,0.549480602317221,0.8377507103693748,6545
123,3,0.2180128805938607,0.1653841687818638,-1.5050495907208954,0.9471353850031383,6545
143,3,0.22502457058901326,0.09992854228564596,-1.634621612184464,1.2657946695695244,6545
149,3,0.22646514171571475,0.1139962253233424,-1.859991039147482,1.2543544894535796,6545
160,3,0.23235521430540684,0.12410604038630005,-2.997040761596209,0.49844847447866336,6545
206,3,0.24514709884346841,0.1653423789828263,-0.5302718354099304,0.3200099776512903,6545
215,3,0.24792253290296207,0.12122017973466202,-1.637148017290509,2.328258288946092,6545
233,3,0.2528150432782603,0.1717735637767571,-0.020608786999043855,1.6526414905037958,6545
238,3,0.2544609757591012,0.13028515271718918,-1.3870400241261687,0.25129260314838553,6545
292,3,0.27002276427538396,0.13057415650782367,2.373690446740452,0.2148276850193466,6545
296,3,0.2711129466619152,0.14592203837306567,-1.5750063970725543,0.5680631393440903,6545
324,3,0.27726202904208885,0.1977186474648458,-1.8784995581110526,0.4203615214955543,6545
161,4,0.2331143787082336,0.1014097632119442,0.41229366171787263,0.8383872451989905,6545
195,4,0.2428074737672613,0.10140420821567606,2.4865221807285005,1.6900989340323684,6545
200,4,0.24345811134037898,0.05954981861423422,-1.3763719227056281,2.1487897003841483,6545
201,4,0.2438857096032827,0.1699646409587042,-2.7391281827621454,1.4485537485006208,6545
203,4,0.24450885535227695,0.08227483428700776,2.8432044684703905,1.0455377914518216,6545
205,4,0.24493927801309046,0.0954769649094332,-2.7199243324443874,1.6076364726471164,6545
209,4,0.2462778626106843,0.11378507938962847,-0.5125029058959454,2.434890952926788,6545
226,4,0.25066694521163646,0.0584122260018968,-1.4594537602447581,1.2393535134625062,6545
242,4,0.255604285887003,0.07448519281681007,-1.7030957925073549,1.6844435437509258,6545
247,4,0.2575361812799962,0.1013754531456563,-2.1266469560290697,1.4212725779189441,6545
259,4,0.2608620714939017,0.04467804328223872,-2.812652207759835,0.22737799892552243,6545
262,4,0.26195696483275877,0.041697009937665064,2.7752740758413488,0.26311667326234,6545
293,4,0.2707262607921799,0.14427047852872232,-2.720158704512949,1.2418190463021794,6545
302,4,0.27215783861994425,0.0838652786273943,-2.311711197546543,1.782202188201574,6545
306,4,0.27271359714545174,0.10250110294579311,2.869855095797386,0.5963880810043227,6545
356,4,0.28424156432201875,0.09891447955745793,-1.9843942858679822,2.3978364630054783,6545
364,4,0.2854420233721878,0.09413376564561271,-1.7180173712117217,1.2094809928601569,6545
389,4,0.29062270251027567,0.18796904064695577,0.13816999496634066,1.6734305958630347,6545
570,4,0.31809388504564295,0.20567835432249837,-1.3256148420467952,2.89271902578358,6545
583,4,0.3193095405906071,0.1938033592149683,-2.8225676515630527,0.5997476279296414,6545
594,4,0.32018169479090974,0.19986603243164272,-0.98769717602752,2.6505113873526924,6545
794,4,0.3461287933136816,0.14259324335375761,-2.0939641588993716,0.3847971639396237,6545
812,4,0.34761231868362374,0.1588760690829799,-1.9212363439053355,0.32639117354683117,6545
370,5,0.2877939453708005,0.10983470998482175,-0.3875177300811318,2.2732746907810735,6545
379,5,0.2893841658456827,0.09410933362593195,-1.6226927471704933,1.7791503237624307,6545
390,5,0.2907201603272124,0.1310683424093032,0.6863838549708035,1.149787110073239,6545
426,5,0.2960766580975266,0.11340258556670064,2.8083918183341465,1.9481825457122222,6545
437,5,0.29827176596759586,0.12814050721006232,2.7469031322462643,1.4117506933738864,6545
479,5,0.3067959432873584,0.15359167756105097,2.4394774019708545,1.7464844113655844,6545
483,5,0.30732717150546096,0.1332272058372719,-1.1289426014194839,2.3235634564818413,6545
490,5,0.30807731520163684,0.0897310066391378,-1.7420446795743065,1.268759865612216,6545
495,5,0.308384966474354,0.04659081729430367,-2.402917815719007,1.7119619084128284,6545
519,5,0.31156886202713885,0.08876886497163293,2.8871987894924422,1.1670951750524963,6545
567,5,0.3177850585470723,0.10540143340511182,-3.0639616114208086,0.903343265852929,6545
588,5,0.31979846258132316,0.18258960047816875,-2.8640664860032365,1.1264815797504468,6545
670,5,0.330114230660286,0.08010728627447095,-1.8599995439116281,2.8599636374889013,6545
678,5,0.33066257095376417,0.20627399957348572,0.15236279662102087,1.5726032350651757,6545
728,5,0.3366208267990338,0.10649029233884917,-2.6050234124722884,2.2849433497793172,6545
854,5,0.3531243214716031,0.13986498051157994,-0.853239094852775,0.07006558131990849,6545
940,5,0.36218128925838167,0.20008457591775308,-1.317945297171547,2.5571458395855484,6545
1037,5,0.37181096916138956,0.19264652959276435,-2.524067909659836,0.4136447573083616,6545
1081,5,0.37661448682355936,0.24496740814307755,-1.610327855541978,3.064979149149261,6545
1193,5,0.38641379074725946,0.14841075012014263,-2.2191234535059223,0.2725711385739623,6545
742,6,0.3390732441407507,0.1273228870689162,0.9818369118066682,1.2799033326486926,6545
848,6,0.3524294530393053,0.20388718262091612,0.11950911692450301,1.61383582398966,6545
856,6,0.353629601839236,0.15409459371259843,-2.9135899964508245,1.220083506658155,6545
872,6,0.35525153946327837,0.17098530981709442,2.4215878218589584,1.8507930328196465,6545
881,6,0.3563485467567331,0.17354881884285295,-0.24327494632285546,2.2566548881179496,6545
899,6,0.3579642739440778,0.06490176607506078,-1.2530191539090243,0.9577905724177033,6545
937,6,0.3617758218396646,0.1453926934149353,2.820521747696439,1.0335093172675682,6545
950,6,0.36269793444338927,0.12407371909672332,0.24060575002495105,2.2288252482650055,6545
992,6,0.36770071734910437,0.12862981750024224,-3.011613332504161,0.6770123222181443,6545
994,6,0.36784761176474934,0.028822718672945547,-2.368047902350973,1.2214671176126173,6545
1007,6,0.36925484844226775,0.055903862772275686,2.720479932573229,1.4982730992175486,6545
1024,6,0.3707673030644455,0.1001704425261573,2.3085831653369304,1.2623840232664167,6545
1033,6,0.3713190519060289,0.1749742758942725,2.2965083913616913,1.7339673216846627,6545
1045,6,0.3731714768319211,0.1305032999375004,2.402196795374617,1.470971783204402,6545
1048,6,0.37337557154254153,0.10424182009002828,2.3940013441903107,1.7435160052496481,6545
1082,6,0.3767972353087986,0.08334175625858752,2.0789112113700705,1.1536979987357736,6545
1105,6,0.3789557369478379,0.1730019409905129,-0.6703279581125731,2.4852464680125887,6545
1131,6,0.3817048866156899,0.03696296371603869,-1.5205845201301826,2.15916606517067,6545
1152,6,0.383127879524336,0.1538246099771469,2.120728788644106,1.5115329405713511,6545
1273,6,0.39325225005018283,0.06220360221953896,-2.7857989320587757,2.223828643630264,6545
1386,6,0.4015920608196277,0.18817328837356023,-0.672955888897528,2.708914876858758,6545
1411,6,0.4032743477354367,0.19919629255341909,-1.2209447418533126,2.6657271156401467,6545
1473,6,0.4086137374867953,0.2342933362620811,-1.689402650521503,3.009998507468946,6545
1768,6,0.4266788365816634,0.18306608926228457,-2.0792623860664743,0.22168381166253856,6545
1320,7,0.3972508656269502,0.08260425625965495,-0.7970341229944989,1.224041451735578,6545
1445,7,0.4066337484025607,0.0961202260786231,-0.9864419128832584,0.5152173194839381,6545
1468,7,0.408123012101417,0.046905527991868215,-2.7893211493562444,1.0732222712910957,6545
1567,7,0.41514646025875945,0.20029090525429233,2.3697218726271982,1.9579812567543413,6545
1644,7,0.4195170065384408,0.1539168867905845,0.1958603515529267,1.85351168684126,6545
1652,7,0.4198846887648725,0.15309421913454274,-0.7064254632978633,2.4757410120888723,6545
1681,7,0.4213160551766516,0.14364235699252062,3.076832817920794,1.549528735067754,6545
1701,7,0.42239321538579866,0.05956795854627637,-2.4650500637791906,1.6062884902196364,6545
1712,7,0.4231714633310073,0.15275432275061018,1.4964242269066843,0.9795697624536966,6545
1741,7,0.4252577716090774,0.17099201096224942,0.3554981152723508,1.9923352956503135,6545
1800,7,0.4289972514145455,0.02763420624563497,-2.7522115454515568,1.4712797810209208,6545
1842,7,0.431223947437236,0.061597639480283996,-2.9553050634278515,2.3539582214894685,6545
1858,7,0.43201697462796873,0.1777431547652099,-0.46117493896540335,2.665284056398598,6545
1874,7,0.43321868692018684,0.0887175645349909,1.8831635970775091,1.502059557361014,6545
1881,7,0.4334832112237106,0.2280768232029,2.328077412985496,1.876850093004737,6545
1908,7,0.43516321875181374,0.1737854060223937,2.409879244674484,1.2918001223521167,6545
1955,7,0.4378814679002411,0.18746748517284986,2.152581418514067,1.8772188603995201,6545
1990,7,0.44062797194749814,0.15257220680047084,2.8069644712835653,0.6270118721375618,6545
2092,7,0.4461484379921602,0.2133557317136272,2.2234691394713564,2.0808331189418476,6545
2483,7,0.4655525389703601,0.09788361244360413,2.5107807761867478,1.6989167789546893,6545
2524,7,0.4667892440556133,0.20267286124428754,-1.02929773514125,2.8375195727530773,6545
2602,7,0.4703410355969506,0.2023817495077948,-2.990587212292606,0.2119425313101514,6545
2058,8,0.44425391578999196,0.07698306456541824,-0.4137249499916742,0.7211882770651744,6545
2231,8,0.45412399420256866,0.17430274828543307,1.5435110999286596,0.8651434100225706,6545
2285,8,0.45676698041287167,0.04601371811037265,-2.002705808110192,1.3191262304919593,6545
2389,8,0.46174609074457396,0.1429087132256285,-0.7032005090168427,2.3215963221636366,6545
2491,8,0.4659403734208156,0.15118154617078178,2.9455528322479654,0.7118587795735605,6545
2559,8,0.46818528726797193,0.16556021686957872,0.23050392485927818,1.7812592662714468,6545
2625,8,0.4713001306165563,0.1550414494206781,0.022516935891609552,1.806341529845767,6545
2663,8,0.47286331968402207,0.1328518058037223,-0.382599261824965,0.5035745093756935,6545
2740,8,0.4760894113501609,0.08669934669928511,2.771246608969147,2.4889319356465527,6545
2786,8,0.47891506142176576,0.16250074582517735,-1.2180833679055758,2.423106610524293,6545
2868,8,0.48252529164499336,0.16704508173180077,0.07096662794554745,2.801637437504814,6545
2901,8,0.48377960684797305,0.16259659597578136,1.3201048198956222,0.7461597596532239,6545
2944,8,0.4857927079175832,0.20024519608740338,2.3777814864247584,1.9571192267231323,6545
3244,8,0.4981189072813942,0.2105134849818654,2.4785891685127535,2.08521529105186,6545
3249,8,0.49819863381064744,0.15678796882382798,2.2558230032080195,1.3449734555933466,6545
3270,8,0.4990480121191667,0.2090543268484701,3.135086064437894,0.3187770461110605,6545
3323,8,0.5007273359311049,0.0825411953900478,2.4493579044505065,0.9062242325565112,6545
3481,8,0.5072646771600821,0.09197429242356775,2.683535866906417,1.3221188265151922,6545
3522,8,0.5087546177619681,0.19711111163887618,-1.4097286300133631,2.7803392086107355,6545
3026,9,0.4895058438609018,0.1658505749582619,-0.6802349085976968,2.2591209039858007,6545
3416,9,0.5042879418739203,0.13999812852728719,0.11280571670947195,1.9229262918626007,6545
3585,9,0.5117982381913853,0.08698848554391514,-2.3219235068083277,1.625770208347558,6545
3666,9,0.5156341642261475,0.14854991857349764,-0.8977071159826179,2.3360834917846613,6545
3674,9,0.5160563694829937,0.15599848104206818,1.2494714126945752,0.8249493918228045,6545
3726,9,0.5184498457473103,0.1457433430894535,0.38622119241722486,1.8763411794210672,6545
3746,9,0.5192474501575225,0.06883603568851049,-1.7541927894359097,1.071889915454791,6545
3758,9,0.5196395095015816,0.13875065738822145,-2.871597083264551,0.49604424432858363,6545
3774,9,0.5201597395732314,0.18898650348356605,2.380496485894791,2.100945957918548,6545
3794,9,0.5208441920954499,0.022008872130022523,-1.2069410225483699,1.2614687976759567,6545
3850,9,0.5236590444344488,0.14671639040609216,2.4386397649161657,0.4451993922931181,6545
3867,9,0.5243995727623194,0.13723722270248914,-0.030383166342015648,2.7190991826579625,6545
4146,9,0.5379132005477856,0.08019985204110967,-3.019474243794444,2.1591269699301905,6545
4153,9,0.5382902461107495,0.1508915812855193,-2.661832310837535,0.34888950566623456,6545
4162,9,0.5386356645505135,0.20653617995767362,3.1341552336178347,0.13752826977629073,6545
4229,9,0.5423941104450091,0.09529685932276884,-0.21810825551050245,0.5454402554033715,6545
4279,9,0.5445613581228476,0.09353182163834749,2.3545143096214174,1.0808384568315619,6545
4299,9,0.5451006367107012,0.18676173317492856,-0.28256318508692135,0.3158460343945248,6545
4322,9,0.5460822705618493,0.11005396731236958,2.4659099123490917,1.3778056551696107,6545
4467,9,0.5530218116027988,0.23022605505350843,2.3648189079082402,2.090913797510079,6545
4516,9,0.5556418463380399,0.14004806118897514,2.3646394941928652,1.2362636206262294,6545
4745,9,0.5698399138153997,0.15306871772084635,-1.6655669688985721,2.6829569169197462,6545
4409,10,0.5502038874263436,0.1535586441012148,2.3195823927707586,0.5377324585393,6545
4588,10,0.5603705800458071,0.17218914492128154,0.228371492714983,1.9199253213948542,6545
4606,10,0.5613803156519754,0.1354875270295333,1.25571333456141,0.8473490734923528,6545
4757,10,0.570616975602835,0.09941259170596926,-2.5897509896784205,1.342858138537504,6545
4788,10,0.5723920207493213,0.21766729282524577,2.3442426378354755,2.043384798857414,6545
4842,10,0.5762471693491333,0.11098285210601144,-2.7847987513782373,1.8336475240583823,6545
4846,10,0.5763270586904945,0.14462671685565123,0.14823570995848678,1.4328617044069538,6545
4912,10,0.5805701224227485,0.08171137827983749,2.9476597365184936,1.9358278722866196,6545
4924,10,0.5813677013740968,0.09731130490944946,-1.414935282439281,1.2617942381329985,6545
4972,10,0.5838646467642451,0.1788146977351894,-2.2172734667409904,0.5089646770320159,6545
5018,10,0.5870946870675513,0.06556086464875174,-1.7912815671760536,0.34416772860868716,6545
5064,10,0.5904682773180291,0.12255516193984657,-0.808701734909673,1.9005425445687762,6545
5073,10,0.5908740141780174,0.1067053588766503,-0.42558920740966455,2.3940966639402923,6545
5110,10,0.5934329013714382,0.06206920688546784,-2.586694087181683,0.2848407773957093,6545
5123,10,0.5941297461049422,0.16552202588127174,-0.15183754050260048,0.21743672096876934,6545
5126,10,0.5942602001982074,0.1780516613897789,-2.8630569988189096,0.3255498800513587,6545
5143,10,0.5953306102852851,0.1544256726054585,-0.24681998006153985,2.000397054498362,6545
5164,10,0.5969383720955628,0.11151230727640035,2.244033143912668,1.2831051035067085,6545
5185,10,0.5977531802079441,0.09143690217480516,2.6242146068873113,1.375735641124149,6545
5242,10,0.6014695101455658,0.0918241320736267,-0.7126191307451651,2.657664458269331,6545
5260,10,0.60313246386115,0.18706261733554239,-2.350583322961925,0.30403139733803697,6545
5270,10,0.6036941192406462,0.03214711349614689,2.9470806468833204,2.6271618680125854,6545
5282,10,0.6048821894074492,0.11330470312823115,-0.9016201700391553,0.4630100448910934,6545
5387,10,0.6130555734071694,0.12667310084447703,-0.6649640779574102,0.4484892652052169,6545
5433,10,0.6172245152047998,0.032135675228836966,-1.715641568349292,0.6478865060900764,6545
5516,10,0.6250900944546915,0.09901504948941621,-1.5522385929195537,2.7556770517676417,6545
5302,11,0.6065905015683035,0.14522553487230097,1.0040415230807225,0.632306054529224,6545
5321,11,0.6077109364188773,0.10012284442525657,-2.7694843737221775,1.787190375032715,6545
5404,11,0.6146579779915827,0.11505432855028161,1.056308939978086,0.8825414475008847,6545
5449,11,0.6186036310784441,0.19205202938281768,2.3054200219415417,2.0310137275450737,6545
5515,11,0.6250285238896638,0.1289554554490392,-1.4552355216641675,1.3503566823687545,6545
5554,11,0.6285062303422503,0.11712752207448685,0.6008418331964295,0.5388516583821429,6545
5558,11,0.6291997133243438,0.09627480972401048,2.140727377741358,1.1336107208083892,6545
5561,11,0.6295879744721887,0.13267425126008944,-0.239089443162987,2.3070988377079655,6545
5574,11,0.6316421492914474,0.09158982991643431,-1.0405430781877982,1.4407539264693732,6545
5618,11,0.6360779432856837,0.11436089086607218,2.3007766972391743,0.9145353026949365,6545
5657,11,0.6408741403507233,0.12229095091836961,0.4368890328350339,1.4583924707125868,6545
5667,11,0.6416142636019437,0.07477910503338499,-0.3286463510545791,2.4920171866914904,6545
5677,11,0.642667255007451,0.11845727683183695,2.4307515686922274,1.259818211576987,6545
5691,11,0.6442681375938751,0.20495182628943193,0.40561926120841535,0.1582059704848811,6545
5709,11,0.6463037312171735,0.07095614729280096,-1.892150297442439,1.1780195324248912,6545
5719,11,0.6471814500004379,0.12263750358055937,-0.6655525381770028,0.24862413111633974,6545
5720,11,0.6471947377693746,0.11621202526479696,-1.0915964315745899,1.9537599767640128,6545
5752,11,0.65112358450741,0.055656819334474396,-1.682926094338567,2.5499086432638514,6545
5757,11,0.6518558411786827,0.19857221623557156,-2.351408434709811,0.3150165600847802,6545
5770,11,0.6532636900071963,0.13480403678107525,-0.04123155587801997,2.1910413546356056,6545
5803,11,0.655986141735979,0.08203812885213464,-1.1195205974511342,1.0988173845458984,6545
5827,11,0.6599070633114706,0.14769576943377077,-0.05820251842886608,2.6914097884060677,6545
5849,11,0.6630284392025572,0.16142488403510322,0.29902941822471213,2.2295224781114165,6545
5879,11,0.6664981895800852,0.17299037233032075,-2.189915386735021,0.4742777799712262,6545
5889,11,0.6680290530074577,0.031540214747088846,-2.6377831278765163,1.9865226588120264,6545
5944,11,0.6739399701573064,0.10981328734307995,-0.028746758074521952,3.050369406175509,6545
5562,12,0.6297239055611873,0.11932304767721869,-2.732211190643996,1.865651831606693,6545
5742,12,0.6495080751546616,0.0890397672680404,-2.99651252030259,2.02204927199605,6545
5812,12,0.6574280795415296,0.09071914870943584,2.236320830413839,1.1931534471903367,6545
5845,12,0.6624787947707694,0.11285592430318317,-2.85398691352126,2.182111286764573,6545
5979,12,0.6788192971033873,0.2248585106850165,1.1437881767807516,0.19309328821906419,6545
5980,12,0.6791390731652803,0.1326800709603387,-0.9709921958145262,1.3260919806726648,6545
5996,12,0.6807633169491282,0.12621806431710622,2.3963827414465193,1.0452630798138638,6545
6023,12,0.6857263940584509,0.08870903049053927,1.0271782007067045,1.4860756342935804,6545
6027,12,0.6862897978323498,0.16543323788778716,2.128381288081178,2.0454132713576363,6545
6037,12,0.6880586536783364,0.047162553446371505,-2.6759774142746915,2.3778566166455555,6545
6048,12,0.689322326790249,0.18536163868562566,2.338923649764895,2.2305169577678945,6545
6060,12,0.6924822656715349,0.11287085679901578,2.263365433608547,0.38976439451704337,6545
6065,12,0.6932284115459812,0.16758327491723737,-2.1447062945068684,0.3318998837210524,6545
6077,12,0.6958872157688502,0.09239325252395461,0.48935027158699645,1.4795670910600942,6545
6080,12,0.6973542782836382,0.07323395330348723,0.20201977333894822,0.27557120893802034,6545
6146,12,0.7077155955335371,0.13245686238232304,-1.6356975435022318,0.2667206473674762,6545
6183,12,0.7144030002744836,0.11299775608364696,0.19226966756115405,2.235454529660019,6545
6190,12,0.7159146204731126,0.11730702440984132,3.11411642626555,2.869746772377977,6545
6195,12,0.7176872838561947,0.10841991131323994,0.12812601436457027,2.7955902582980428,6545
6207,12,0.7196221896730864,0.10438491348355619,-1.2885423609321671,1.4381194270937063,6545
6228,12,0.7237256707687789,0.10643036094815368,0.6923217727981928,2.2604394082858517,6545
6247,12,0.7267291333729116,0.02332401164277107,1.2527240197266887,1.9952246022004152,6545
6114,13,0.7031952591910197,0.1747694583956548,2.1281618312968282,2.0774135867721615,6545
6181,13,0.7140545538705687,0.10388731358970887,-2.8175234283692054,2.387985701731248,6545
6197,13,0.7180391810880465,0.15610781156417067,-0.7874454465001047,1.2450592383066805,6545
6199,13,0.7183429256080246,0.1235610321530801,-2.242734984046957,2.027808015885973,6545
6203,13,0.7191394608193289,0.09266651121672755,0.2634529104218359,1.48209096329348,6545
6218,13,0.7218857185519607,0.09767727641560459,-2.4083348042638044,2.483978338993262,6545
6235,13,0.7246479901276047,0.15061414083110805,2.1044393163172015,1.0315755858167526,6545
6250,13,0.7275779796968366,0.12269361994114653,-2.7305031979654655,1.4815507759292186,6545
6266,13,0.7321499644765352,0.09895922839348469,2.385067532789617,2.437182360806709,6545
6274,13,0.7341448442538531,0.11775140755339678,-0.8673721172499556,1.582326272007466,6545
6279,13,0.7355859143425846,0.20244972369542982,2.2206261459510586,2.2807307303679,6545
6290,13,0.7384675566804739,0.029184455655632078,3.00229515107663,1.901077196556106,6545
6295,13,0.7395727965685113,0.061173180496393635,2.8961255765032226,2.955517188734089,6545
6321,13,0.7461684367986865,0.09244604602931895,0.5663215136565262,1.5192691790819817,6545
6335,13,0.7512769223659774,0.19191718220450285,-2.9241812902256705,0.10245941703965647,6545
6344,13,0.7533912985177281,0.06829453541305125,1.135204310196485,2.2617295316562407,6545
6346,13,0.7536508885051768,0.13594172553394895,-2.5936954585906116,3.0575701320143724,6545
6347,13,0.7549625785269994,0.09554255371147602,-1.9868836502549212,0.46484743599434736,6545
6350,13,0.7552731643473468,0.06669255860043859,2.1585914569976667,0.6070582216023117,6545
6364,13,0.7605313436640431,0.04110067216757048,1.9809816118515067,2.6180250909592506,6545
6368,13,0.7610478646567252,0.12726043083854716,-1.150501361484513,1.2890432919139858,6545
6373,13,0.7618604951513956,0.06718535002022663,1.9901740902791885,0.5071289024669815,6545
6377,13,0.7630085846626045,0.11442634919662928,0.0835617484752161,2.4852489529867285,6545
6392,13,0.767694220926567,0.05438122347434585,-0.909159839405462,0.8704051620852442,6545
6423,13,0.7838977011546943,0.050467609634777214,-0.894411877073636,1.2586269366656946,6545
6431,13,0.7864648455578049,0.1422798208174264,1.1378476180623847,2.437092391905932,6545
6317,14,0.7451532931875171,0.10545007543773398,-2.5008542395483344,2.4076599086171995,6545
6380,14,0.7635434864432574,0.08172898275782109,-2.4127580990857567,2.8748510454239664,6545
6390,14,0.7662753067453205,0.18333726898370184,2.087116716027625,2.3396237399751394,6545
6391,14,0.7669096831445961,0.17145659053296428,-0.6535012171467502,1.4568584343294815,6545
6401,14,0.770886933894508,0.07782461491730945,0.5091412382004212,1.7063985193871107,6545
6402,14,0.7716091407238651,0.11549039133179202,1.9896124398255854,0.984654974396145,6545
6403,14,0.7717700980024133,0.10869319674500931,2.5212981756753243,2.6713671067142912,6545
6406,14,0.7726386180981453,0.1312414907970161,0.17768055103440117,1.6262986916339472,6545
6409,14,0.7748216370453717,0.1863856718845072,1.4998275927638995,0.020217396129305374,6545
6412,14,0.7761065331809912,0.12708503320049963,2.876127748590068,2.2658415498198963,6545
6417,14,0.7795051649658349,0.15106480833665895,1.901431494914669,2.2177144922418033,6545
6454,14,0.7996044351097281,0.08334396718255767,-2.3976763500749922,1.6347853748599934,6545
6456,14,0.8011531435526207,0.08468286083880291,-1.2316097341908419,1.4208627973716792,6545
6462,14,0.8077680985946009,0.052688805573403774,-1.116411402188314,1.8494255046298311,6545
6477,14,0.8157976920355183,0.13285664750554713,0.15096925305829678,3.106822042478466,6545
6482,14,0.8176073182137394,0.08226585977968517,0.6388990268322539,2.517419858071163,6545
6488,14,0.8216524450058597,0.12730065039210955,-1.5128275798407194,1.0992589902340733,6545
6499,14,0.8279145691749941,0.12268098866247025,0.9684229556457312,2.619454815064203,6545
6512,14,0.8419083325467814,0.04278571931773415,-1.841455001633419,1.1606127522572545,6545
6452,15,0.7991066797885302,0.11273647858147227,1.8507211263033017,0.9018851475464503,6545
6455,15,0.8006814959841242,0.14454825925595988,-0.529282761951062,1.4425522568707703,6545
6466,15,0.8089686074694937,0.12728504336748916,0.3035039265009116,1.493832800493239,6545
6504,15,0.8342422842779212,0.1085666321330123,0.9377392665373516,1.702063369624413,6545
6506,15,0.8356043195075462,0.13088717631688843,-1.2753085634997876,0.051144149129950925,6545
6509,15,0.8386979772190769,0.11484184113117045,-2.7900757720881924,1.649819492923923,6545
6511,15,0.8406080708187521,0.06415460887217883,0.2734865793727377,2.4557096708882797,6545
6520,15,0.8559179807685526,0.11555444221013687,1.1426044826217285,2.2194096628729696,6545
6523,15,0.8597518331583742,0.07282210062598884,-3.0506807537656697,1.21057441784189,6545
6527,15,0.8620490105041653,0.09994363858055513,0.17000981218836467,2.2765788748079485,6545
6531,15,0.8688869708383675,0.01307686583291557,-0.650012979323258,1.657390015962252,6545
6535,15,0.8827798432284619,0.07124325436427896,-1.4934565288269752,1.2968536422196664,6545
6537,15,0.8861773907007912,0.0941866656639919,1.3138537609794245,2.6055159076110863,6545
6518,16,0.8546637800656343,0.10104858183324958,0.1527370096951618,1.5167560485029654,6545
6534,16,0.8818357002360099,0.09945438215853573,0.07960679432898665,2.367354734430741,6545
6536,16,0.8838603405770427,0.0757841508161957,0.14810709664538818,1.0700518626395101,6545
6538,16,0.8927039226343706,0.09877740170166074,-3.091585775363537,0.9999910158236742,6545
6540,16,0.9000227149069172,0.08867218550585687,1.9315017929372973,0.18357937348892236,6545
6542,16,0.9235108183522788,0.07151971970148997,1.0354051563590647,2.6388500195987885,6545
6543,16,0.9281138227625898,0.06524492032364972,2.6155685811075613,2.0006740551638607,6545
6544,16,0.9365402328132039,0.04851650079126204,-0.6180871643678141,0.4538546087103537,6545
6545,16,0.9389484635350163,0.03609898059539021,-1.943447872316217,1.4558603903240903,6545
6546,17,1.0,0.0,0,0,6545
0,0,0.0,0.0,0,0,6545
1,1,0.04680177959226661,0.04572333318310308,0.8187028359842534,0.6129078704472596,6545
3,2,0.057517019855330864,0.046870074870507844,0.8532600569687964,0.4240000689097008,6545
32,3,0.13922633685327002,0.047618264026504334,-0.903065535171511,1.9383884628166308,6545
89,4,0.19311117378270926,0.033993147801908034,-0.02363421813711709,1.6090346610420825,6545
201,5,0.24289103842286852,0.04758816554971932,0.621960637701475,2.4451211088029625,6545
322,6,0.27713361552394944,0.0737011352603426,0.30520864122152846,2.2011778090200216,6545
463,7,0.3049472443251656,0.06703824868500757,-0.038998536788590506,2.283852968433315,6545
846,8,0.35550756932248284,0.06948641738695174,-0.7810349193917276,2.16446870929927,6545
1095,8,0.3804404349512738,0.024018372798680743,-1.8316177341893265,2.462501183602969,6545
1235,8,0.39271159652073284,0.06737356797375911,-1.5821317767417493,2.1442630982739357,6545
1385,9,0.40401044668462727,0.09888851391267194,-0.8757632156399009,2.3862797429977762,6545
1471,9,0.41045814437693817,0.08648133764973902,-1.1471278943708145,2.0515902835350395,6545
1506,9,0.412224965978225,0.05320098095868913,-1.2909251362250374,1.4932636023009498,6545
1635,9,0.4210167579873939,0.03256485056281596,-0.3821343577906739,1.3560294005585853,6545
2143,9,0.44979518569186094,0.09963955943121101,-1.886546575380606,2.7778665288004856,6545
2202,9,0.4521664292426284,0.07759922791408166,-1.713033436240121,2.608583548891105,6545
2257,9,0.45499128443873604,0.09093452869263398,-1.4216209232925647,1.2284474859907344,6545
2524,10,0.46730492178318994,0.13861070356669988,-0.4399493636440433,2.578839878398344,6545
2805,10,0.4792117149841464,0.1480971569676594,-0.2791290347470831,2.3244922360122766,6545
2977,10,0.4866429905083064,0.09016601432004046,-0.6638347222746178,2.6308603988114347,6545
3179,10,0.495251678414948,0.06917913710479694,-1.1045386174260046,1.0913844181757701,6545
3255,10,0.49842330651018796,0.09699065405527903,-1.3427435305815045,1.8208907784074853,6545
3348,10,0.5028697919052568,0.17155935265581782,-0.8892588885316446,2.465208651852506,6545
3372,10,0.5035703310443629,0.08227361638515952,0.2147257436916679,0.25144523694191423,6545
3444,10,0.5065113253544872,0.12113438085263811,-1.6504969393255087,1.7309150700638465,6545
3699,10,0.5174133448878736,0.11114612252937896,-1.5879047252715315,1.420242560050163,6545
3956,10,0.5302165799528706,0.1369137819114237,-2.281731426795527,2.851531853893452,6545
3550,11,0.5113741458139041,0.16757218488782685,-0.2952776594896111,2.40045199169752,6545
4147,11,0.5391698872410317,0.0759169218777347,-2.230183537079059,2.986885771267542,6545
4164,11,0.540119293781205,0.11492379906600213,-1.082786497079056,2.703010025690427,6545
4326,11,0.5490235570572206,0.09753266836171913,0.7624309798869737,0.5626230635610443,6545
4398,11,0.5532820816480822,0.16141293679946578,-1.2225957943681074,2.4858565838647144,6545
4439,11,0.555949862419668,0.09786213143344208,-1.8340347705920517,1.9839918316522704,6545
4530,11,0.560653137005942,0.15732485474662022,-1.6789051625723488,2.705544217604577,6545
4658,11,0.5684972384686569,0.07408358093977883,-1.7220610601310429,1.733980862818445,6545
5059,11,0.5949716205696419,0.1115929765137981,-2.6208314076980144,2.4179567391587353,6545
4865,12,0.5825959108090427,0.0842658460161627,0.861899389591614,0.6210473590461814,6545
4927,12,0.5865107421113396,0.08970924696763105,-1.7300915939313137,1.7525125221305904,6545
4960,12,0.5886360973715129,0.15480115741171038,-1.2006849546071368,2.4859539993786925,6545
5207,12,0.6076419999543109,0.10854993323238622,-2.691588979010603,2.473883365339032,6545
5211,12,0.6078543854082935,0.14289178733214616,-0.938453860829638,2.791829244027845,6545
5270,13,0.6121830721185185,0.06013755810415943,0.7812527744202271,0.5735593238482906,6545
5486,13,0.6309946152689883,0.12368138746559391,-2.6445329667691495,2.3458403732103923,6545
5583,13,0.6398016688321284,0.08970528819836858,1.7509104397245354,0.7760275098802745,6545
5620,13,0.643365966671127,0.11291558627853296,-1.7168671344795559,1.8076199018830328,6545
5679,13,0.6488122365008873,0.10896662074304428,-0.9136262924592322,2.6636873857826644,6545
5952,14,0.6791775728345311,0.1000046072941727,-1.1299394454698568,2.4872391541065646,6545
5955,14,0.6794624886209624,0.09965354584642562,0.40151247021825626,1.0701483177578368,6545
6042,14,0.6909220785124389,0.09400919748814751,-1.5991754330210017,1.7569115464901741,6545
6079,14,0.6974108757596011,0.09161904799001097,2.388997284547332,1.0822613360004176,6545
6171,14,0.7113691403138871,0.053826165614269034,-2.5114192428186968,2.108704577169812,6545
6278,15,0.7356490724213476,0.07485850149639578,-0.8753852091601565,2.8892067935312298,6545
6285,15,0.7375567188054893,0.08741169296678691,2.085952390226641,1.2255593932005333,6545
6288,15,0.738198368306969,0.06779926476444224,-0.1805431243779741,0.7721762102655442,6545
6379,15,0.7627003464912174,0.07814127691866166,-2.3943389456555413,1.7260055938061152,6545
6388,16,0.7648349346247886,0.0776353632943213,-0.6104814373778953,0.6605828837710912,6545
6430,16,0.7800737116248186,0.08115335015705635,2.2809049816026903,0.7631852208606781,6545
6434,16,0.7828926993174964,0.0689970876220665,-2.2689737448690934,1.7037406952844665,6545
6453,16,0.7933462512081441,0.0611256733975948,0.2804202686958307,2.592021685913857,6545
6474,17,0.808646761730134,0.10426661532181097,-0.9237378551235845,0.7363389596301018,6545
6485,17,0.8145765043152134,0.08400569668042585,2.3202195718989156,0.4450941633990931,6545
6510,17,0.8423332027405409,0.08066810927631066,-0.45222942724572673,1.225587732599518,6545
6515,17,0.849184468076742,0.04375990419476781,-0.11625960507797457,1.0280593804287985,6545
6531,17,0.8741561972536737,0.04570885174886425,-0.8362302771419171,1.7426785278859096,6545
6529,18,0.8720423148793719,0.10641285222673537,-1.7622131179144707,0.8273618778611488,6545
6532,18,0.8765739609889703,0.08904782836299972,-0.6900890037451715,0.6419412471366455,6545
6536,18,0.8839830643228344,0.04815166923169012,2.5279808148161647,1.2805889804153547,6545
6544,18,0.9161409151217239,0.03943205667882156,-0.9868242744337424,1.574820474975987,6545
6545,18,0.9243070441943402,0.060361067482033855,-0.992879589187396,2.2686744940190424,6545
6546,19,1.0,0.0,0,0,6545
0,0,0.0,0.0,0,0,6545
1,1,0.05655038114260169,0.035677341728481325,0.7985601772208913,2.0131800614408726,6545
2,1,0.060882720192568573,0.04450883118290061,3.0989526191698014,2.7895861849388988,6545
3,1,0.06882340714035784,0.05134241117820214,2.737518048493312,1.8568649098804335,6545
6,1,0.07902449759594787,0.0755449333279254,1.1812970126611593,1.6605847510586145,6545
7,1,0.085916477386626,0.07872031875904306,-0.7726790741928115,1.1569285227131285,6545
11,1,0.09648143737202597,0.08426781513895228,-0.11581362369899524,0.7045349160400062,6545
13,1,0.11530438468004955,0.10521956685217047,-3.1392978318983484,2.0227992860791986,6545
31,1,0.14444672189750374,0.14038518855048415,2.211908430188997,1.5270618790235255,6545
4,2,0.07509977326635597,0.02079116887811875,0.9525408475155193,1.993881161115976,6545
16,2,0.12639439300116717,0.0654503988375966,0.7481410887845078,2.8180322824679425,6545
17,2,0.1297045395827956,0.08092461616089386,-1.0914459383416808,1.4833752668886397,6545
20,2,0.13504413948159,0.11570457210045641,1.387984625347151,1.9036760364261955,6545
26,2,0.13918047291961855,0.08531733662210292,-0.44196924302945295,0.9860520889258662,6545
27,2,0.1401187559095557,0.10408992065207529,3.1243493526572275,1.8872410036098337,6545
39,2,0.16170199709286226,0.1274354779091412,1.7391879692131353,2.385051825345824,6545
53,2,0.17165477637835203,0.13943696953645368,2.2647382206576103,1.5305014291128531,6545
28,3,0.1431632882470899,0.0719693003192806,1.342784758135321,1.0258592961381536,6545
33,3,0.14607292716905185,0.05018337517549965,3.079457610124913,1.2710886570966484,6545
46,3,0.16508004668866605,0.05024402795054975,-2.582864023293758,2.2716615148116546,6545
47,3,0.16843249367428925,0.09654670356223646,-0.9531867175039542,1.6694539661828354,6545
69,3,0.18544860655292128,0.08932783760776156,3.0064308135086497,1.5908041437220197,6545
70,3,0.18680882062244775,0.1218178001782506,0.7947045846921207,1.8410984591658557,6545
71,3,0.1872696727556764,0.06712706426857139,1.3725647827164906,2.0905737856782336,6545
72,3,0.18769788421254952,0.09962959011253616,2.4255584271959325,1.5841573136016958,6545
74,3,0.1894612330367712,0.08854274156031708,-2.198242363335288,0.9457967040346517,6545
79,3,0.1934002185639626,0.15725433446150505,1.2323776094686498,2.0012153788226623,6545
80,3,0.19560802901956864,0.12520848443025462,1.9589279063703127,2.09342263572657,6545
93,3,0.202082972604552,0.12149108839692561,1.7716385849344618,2.1151941777996064,6545
97,3,0.20342306650518716,0.1358261299864735,-0.7954633826920561,1.2412499476464616,6545
113,3,0.2110962096957888,0.14775671545417762,-0.15473035056627674,0.9083987318294363,6545
121,3,0.21391537413743167,0.13904744822498658,2.3852651765396162,1.7353487627128348,6545
141,3,0.2227800004083238,0.16343591113797692,1.453846793817479,1.7123517663750583,6545
78,4,0.19313713806726063,0.06062879013681956,1.30498298944744,1.2255340375008228,6545
83,4,0.1980724859931512,0.06573483769191209,-2.9790305613607786,2.111167643429018,6545
103,4,0.20709283194491657,0.07526572886640373,-2.1876495867783623,1.9700508048370329,6545
104,4,0.2072775133446626,0.061629894846195625,-2.0405521870468553,2.10163218857179,6545
122,4,0.214176586382558,0.1188828292414479,0.8471454633721182,1.9860329931700589,6545
124,4,0.21469195941578612,0.09257137813343162,-1.113152607678003,1.9548252157339667,6545
132,4,0.21735998039929894,0.08035556437573874,3.0857409798787065,2.454383896644028,6545
166,4,0.23157167041173032,0.08278575815400539,0.9954060796612609,1.9112657528733705,6545
200,4,0.243494098671316,0.11090629917558185,2.827738426923102,1.6619086483167065,6545
202,4,0.24353805467865375,0.10743963350572901,-2.3603340745600927,1.2928418325824207,6545
210,4,0.2463507133699494,0.11251917809373524,-0.2938747201000832,1.57472010376333,6545
214,4,0.2499632859689066,0.15962990759819098,1.0925899175419473,0.5451557396955438,6545
217,4,0.2506816224953844,0.11337225682924904,-0.2474455032236513,1.0163194396299307,6545
242,4,0.25933357932633394,0.1318205403097853,1.54627570529709,2.294864146503905,6545
290,4,0.27011910266796313,0.1389848604842478,2.5069148070888674,1.4477147368515624,6545
300,4,0.2723297267999327,0.1432625037803693,-0.4509972870645232,1.457126917051436,6545
306,4,0.2728878794419072,0.1404878146263303,1.561926052011102,1.4451137520836292,6545
499,4,0.31093003822230936,0.17844183930062812,2.2963254433370635,1.8496884785937737,6545
285,5,0.2695504772545423,0.12078432030263318,-2.4335153575935005,1.1098528783899724,6545
312,5,0.27382126085843117,0.10233042652411634,0.5498562617648868,1.9025682347356743,6545
328,5,0.27930393737596226,0.08374340769555258,0.8440932949940088,2.3363556878949403,6545
338,5,0.28238918253033896,0.1556398508763161,1.2550562796193778,0.41452843616726875,6545
352,5,0.28482862870473447,0.030920051834034193,-0.196310662270123,2.3354179599234355,6545
362,5,0.28650399453032205,0.11884412930567502,-0.9436319090111777,1.8986741541335426,6545
377,5,0.2883663960362849,0.12789466190010285,-1.345164862593978,2.179490293263419,6545
382,5,0.29052851368784127,0.09752366067867814,0.5254626883242998,0.873151771739592,6545
388,5,0.2910997187357559,0.14631424251379269,-0.323813075467752,1.3495581333277633,6545
399,5,0.2936359091366242,0.10743823949848674,0.39671165499823907,1.2635046795542817,6545
417,5,0.29739612546380667,0.10013079824528645,-2.6488273366881465,1.8098701618849167,6545
425,5,0.29827933559544384,0.11954996717111847,1.5868883397234355,2.1640781229223767,6545
452,5,0.30132286793214236,0.15644620387415709,3.023162077169589,1.8958108189908638,6545
472,5,0.305394065177112,0.10808387441872347,0.23811837904484776,1.377608035297088,6545
474,5,0.30579968554318093,0.15268630027844035,2.529321771304535,1.6405606554517642,6545
490,5,0.3093845017835578,0.1319610183633785,-0.17945565433573296,1.7132965967519356,6545
503,5,0.3117538928157533,0.13131743814827287,-0.2788710934034953,1.676604976696949,6545
529,5,0.3156823727164352,0.13723090427008353,1.4366184891961131,1.5180886542856913,6545
545,5,0.31800748656730204,0.14319962573063147,-0.5645057186074871,1.5021269022179475,6545
549,5,0.3188995890579279,0.18122042762606638,2.7490336154416712,1.571183034042178,6545
594,5,0.32504243374811415,0.10437308239107176,-0.48880032218126845,1.2937829647285133,6545
625,5,0.3300805849603451,0.10630953045669737,1.6162648960939663,1.68007907874607,6545
826,5,0.35250172445157524,0.16643398144855076,2.408164880637451,1.901525744426702,6545
562,6,0.3212308740655725,0.10613092357132728,-2.5422079174813423,1.7075901112456027,6545
637,6,0.33170696767183516,0.1510507798639976,-2.100821091507919,1.0195831384587457,6545
681,6,0.3365048004846767,0.1697290383013844,1.5658393435406026,0.24720747280174865,6545
692,6,0.3378233031944571,0.055119384924975146,-0.036276624391889487,2.082872131008776,6545
833,6,0.35348505649788287,0.14426408225938755,-1.2644278696075961,2.114834597761138,6545
848,6,0.35568466285863554,0.1286948949455459,2.5438951187664576,1.854178844116348,6545
893,6,0.36057292017411624,0.1561228693966132,2.6877472590791953,1.3872605427168403,6545
900,6,0.36125037111012925,0.07879411374631119,-2.830447255823676,0.5850455818802818,6545
916,6,0.36369182864485594,0.08013297713410077,0.4463223157096954,1.6056783198288511,6545
949,6,0.3685917736165699,0.13914357496626398,1.6983338372421894,1.8033288723638152,6545
954,6,0.36945600427048453,0.0898824709244842,1.4440858493898348,1.5792297071591888,6545
1000,6,0.3734983334974128,0.11189112956170612,-0.3429970038784651,1.5827474397016732,6545
1016,6,0.37535601167412247,0.12959459615907376,1.8753704433134215,1.5217462009424845,6545
1057,6,0.37969523832194785,0.11213209728639806,1.8253338060581246,1.94881941978848,6545
1125,6,0.3853926388949088,0.1609969382086036,2.738741350951064,1.6386805431598699,6545
1133,6,0.38593608522943634,0.19491298974412746,2.3399266927887865,1.6449658920110712,6545
1276,6,0.3980711251343465,0.19337843156627882,2.259488813326903,1.7836603227920647,6545
862,7,0.357650914124669,0.09478781379627806,-2.7365361557640506,1.8286454937044034,6545
1061,7,0.38009450298599223,0.11937777173848263,-2.0000616086578624,1.0120769205496871,6545
1089,7,0.3825346736137737,0.1208094173928013,-2.3519507758015403,1.688136192884069,6545
1117,7,0.38435247576006937,0.1369946186654284,-1.4174680966324127,1.9597267045162046,6545
1249,7,0.39550316885104864,0.15433088477007412,2.8435948702031375,0.3005558131896532,6545
1262,7,0.3970066663604096,0.0829452236378992,-2.386102429776765,0.8726648180614157,6545
1293,7,0.39934764138272316,0.09433151216878444,-0.21376605662578435,1.6525133987731127,6545
1301,7,0.4000732504898533,0.20622193405981515,1.9994861029456952,0.17462046412863563,6545
1533,7,0.41750243238111184,0.13915480390536983,2.624205198635284,1.6871585305574957,6545
1551,7,0.41855775577130605,0.1963587570784726,-2.3229162792662703,1.6151616197466763,6545
1566,7,0.4200381582029431,0.1885312125143067,2.2426121682343694,1.7622107341600675,6545
1593,7,0.42179469845091366,0.03781992712885359,1.095252598722437,1.783255501500379,6545
1634,7,0.4245117515095146,0.12896218639395454,1.8688939951395012,1.6884395488076185,6545
1716,7,0.42961713929495704,0.05033779800088468,0.8429473635459056,1.6288987753439834,6545
1567,8,0.42005621933125104,0.09766336823853268,-2.665592089081671,1.4346832918176073,6545
1791,8,0.43459449016212726,0.16832013208101604,-2.8065558416604244,1.9535221737351494,6545
2020,8,0.4473033942372131,0.17073576044142988,1.79113346225705,0.05356739131051671,6545
2031,8,0.44768556518744007,0.19864950241369098,-2.308457651835805,1.7148099646670094,6545
2183,8,0.4564380355093094,0.10841398686307885,-1.4853457134545878,1.8893139329110946,6545
2258,8,0.4595738408750949,0.056732213540228726,-2.866902725486128,1.1871141980103017,6545
2342,8,0.4636203941507675,0.15646451006139384,2.381431437462737,1.7323209698630235,6545
2593,8,0.4743406543993819,0.16112781737545875,2.046266297175954,1.715701948372425,6545
2650,8,0.4766564514493845,0.12328103641432996,-2.0345951857488376,1.2509984687305202,6545
2687,8,0.4781097494529487,0.08311075902071914,-1.721246955558617,2.124637533176634,6545
2721,8,0.47946330722112374,0.04721710505858372,0.1515723872842552,2.2752089149558308,6545
2753,8,0.481088619053858,0.2023613499042502,-2.048495766649482,1.3328974565167462,6545
2819,8,0.4833684233942773,0.179504997342416,-1.9539336834874568,1.5300356469482046,6545
2886,9,0.4864853828992832,0.1506779992256356,-2.914923697543377,1.630991368624962,6545
2934,9,0.48839555737739426,0.20928373518954344,-2.8462749532841953,1.8380744082858713,6545
3168,9,0.4989799753105131,0.1488995006686072,1.9704752135807555,1.7233479355439767,6545
3205,9,0.5006015159407013,0.17849332753372982,-3.037139914429572,0.22331652864738127,6545
3310,9,0.5048416340259344,0.17678465013782105,2.346657727186361,1.9185820511661527,6545
3393,9,0.5080987543612583,0.15387762022628568,-3.011758012886128,2.073086738253796,6545
3642,9,0.5187727623019542,0.05048968664432727,0.459437158299017,1.6826125025341225,6545
3785,9,0.5247209256090554,0.09392238475240586,-1.9257583687473152,1.8009015263966193,6545
3889,9,0.5297329461649686,0.1515782894885447,-2.4666446727365456,1.94033365710437,6545
3927,9,0.5312669386085618,0.0823431204102701,0.08951563787669038,1.9964718857047137,6545
4107,9,0.5398008231679701,0.07616829380332614,-1.9461341086178257,1.7996329888569533,6545
4208,9,0.5443685125172995,0.17041011976474668,-1.9996668575238772,1.3918400940124513,6545
4108,10,0.5398661386412535,0.138915873811641,2.0690601855684276,1.8368255705577343,6545
4113,10,0.5401084317999535,0.20341796363566528,2.7428107778031987,0.2721393973100191,6545
4160,10,0.5420982832246081,0.2055845486055919,-3.0731938229702536,1.7257926632936047,6545
4279,10,0.547273466893441,0.09561463243934888,0.04145503386942552,2.0014647411019952,6545
4389,10,0.5525545930048235,0.17549813667695183,-2.916576828728063,1.5658148838087187,6545
4422,10,0.5547356441941156,0.14124872270120037,2.298878322702158,1.7290512758492464,6545
4575,10,0.5630971119399928,0.06058106443305978,-1.9310293735519717,1.5856328533548856,6545
4646,10,0.5673529988762266,0.12267375519142741,3.1282755177777872,1.6101805232732294,6545
4676,10,0.5690113907284073,0.18633002525280712,-2.0046725629066837,1.4839336823808686,6545
4712,10,0.5707605508506043,0.17623277451039415,3.0610887819385617,1.6849172087732134,6545
4828,10,0.5784520501352393,0.11077717424960286,-2.1073205709827647,1.421003752762236,6545
4862,10,0.5800481079068768,0.09588991577529016,-3.1134761552010906,1.1882616692067103,6545
4866,10,0.5802565022802522,0.11108283786590534,3.0291371665535856,1.1024021266223398,6545
4977,10,0.5882184602095095,0.1284094791514836,-2.4769375771037607,1.9879430612214064,6545
5016,10,0.590574158628867,0.08072676280940472,-3.1242189484686484,1.1780792229784325,6545
5050,10,0.5934341835579516,0.0782855189293345,1.1742236887671313,2.0848535660929315,6545
5206,10,0.6057586043136596,0.11490508015564478,-2.3598715546877136,1.8455498136924477,6545
5184,11,0.6037572498244522,0.1339725679014355,2.1261223451909212,1.888763191325919,6545
5351,11,0.6174221901946035,0.15341123683340055,-3.084146423321878,1.5301171441623191,6545
5376,11,0.6191044483697863,0.06723321362881017,-2.2231929199947578,1.742459428321772,6545
5381,11,0.6194564433296617,0.055833753166293715,-2.2569716794618633,0.6361547092556689,6545
5456,11,0.6261162412634217,0.11406566734441012,-3.085135037295163,0.979090230791633,6545
5528,11,0.6324337548593079,0.07331066081885848,1.1031354668622968,2.0686736463699793,6545
5542,11,0.6339442313174534,0.1489253242072623,-2.0996670678426606,1.6815609018741866,6545
5547,11,0.6344902481060832,0.1032983620949569,-2.099331738586926,1.3379203338805055,6545
5584,11,0.6376685306632552,0.16551154355931608,2.952807940673838,0.748027314322504,6545
5643,11,0.6426904528049772,0.1279867269781315,-2.215774164522095,1.7882860544509003,6545
5651,11,0.6439455814650332,0.0856764366336202,-3.1039832674210492,2.2486755589771943,6545
5682,11,0.6466582485977176,0.09431209529631597,2.5797715780685424,1.0832404300073113,6545
5705,11,0.6487386687942711,0.07877776481764917,2.3011424043709146,1.3432795128901525,6545
5774,12,0.6571180915232343,0.11959468825782937,3.0171765354609184,0.8233365474973675,6545
5853,12,0.668974740543827,0.07639528030765659,1.1156711465316926,2.173675964573011,6545
5854,12,0.6690087899090389,0.055085119452646124,0.8182643628153833,2.1072456875633256,6545
5856,12,0.669259976490456,0.14629962263512777,2.802473317794325,0.8651585543732554,6545
5894,12,0.6739472361513196,0.09324145966136117,-2.8632953960647995,0.6710542871689134,6545
5924,12,0.6773331220990089,0.07874031051627621,-2.9082015816938322,2.08548835254482,6545
6010,12,0.6886068454765424,0.09324490919840571,1.4755497575090661,1.7450072221231772,6545
6022,12,0.6907805990142338,0.12288183471404478,3.0751884733927044,1.1795981927594525,6545
6038,12,0.694286028650071,0.07962123691497866,2.1708072239855016,1.1657716189833742,6545
6078,12,0.7016446846143446,0.09206252059832246,-2.2521333583350285,1.9467376901612272,6545
6088,12,0.7047601890895682,0.0517597757596606,2.865232105019587,1.131423807537072,6545
6201,13,0.7276840269001458,0.0754812818279527,-2.1230730191905516,1.8403770026272772,6545
6223,13,0.7319407591709653,0.07462505982130195,0.13047961092633997,1.5841312104302048,6545
6234,13,0.7348483922789772,0.14880439173188803,2.582435397198615,0.8728734878767523,6545
6249,13,0.7380331015128946,0.1474350330406805,2.920122804236565,0.9366209461743956,6545
6275,13,0.7424974893254604,0.07467528123467843,2.8711889546905445,0.7927436850989897,6545
6319,13,0.7530307094486022,0.03110234516070595,-2.9706995847011473,2.0755338908678707,6545
6320,13,0.7534942646427387,0.09822820722766977,0.9391190417549272,1.76924735933093,6545
6343,13,0.7585575773480665,0.038887062830908044,2.096180901663782,1.0557908313202775,6545
6352,14,0.7612574700557457,0.06927430832156388,-0.03563043242109014,1.447065687156448,6545
6418,14,0.7871871607099199,0.031843023828105256,1.8219136261363462,1.0191197615256042,6545
6426,14,0.7904075681586972,0.11258440528103282,2.8025373284517268,0.8930422137119424,6545
6439,14,0.7971773472676325,0.06404253954242865,1.0897623356037327,1.4726612589897337,6545
6456,14,0.8036135901661657,0.0403437697777586,1.504743015043645,1.3386179610877318,6545
6463,14,0.8076415123046541,0.06683909465686175,3.0784783411844656,1.3339343023360914,6545
6515,15,0.8463423082888842,0.06723012320449365,2.7926755429853447,1.2008449158671257,6545
6519,15,0.8478670098718305,0.02833546898786545,1.8883798427558407,1.8254749645889972,6545
6539,16,0.9032508921400335,0.041206495069214706,2.9909712570244706,1.392959957267093,6545
6540,16,0.9038773138125394,0.04384508965594256,2.506736328063554,1.3377529087915472,6545
6545,17,0.94180118289776,0.03835806901204679,2.987495710974677,1.4206583627346197,6545
6546,18,1.0,0.0,0,0,6545
0,0,0.0,0.0,0,0,6545
2,1,0.08368662738234156,0.06861816543867433,1.0277457740388696,2.3300504799616375,6545
15,2,0.12584096191347482,0.048092711507783124,1.0892314524317535,2.7849740977690733,6545
45,3,0.1663138161618577,0.05469553635499722,-1.1677020342264004,2.6560710003664356,6545
64,4,0.18150125305099485,0.04846633866742345,-0.7390144685963038,2.5394083383188093,6545
195,5,0.24643374989943145,0.10227736535506225,-1.2796269258504778,2.736299606258366,6545
570,6,0.3226531189827716,0.13516761716260967,-0.7201521748462978,2.44611485994143,6545
1148,7,0.3858652160751599,0.076157731224108,-0.8985593144938434,2.622834897692336,6545
1607,8,0.4181633977591812,0.09796066819682558,-0.5432665500499883,2.485876879716614,6545
2583,9,0.4715259664349668,0.10494226390635053,-0.4697052777993815,2.4693857979307974,6545
3313,10,0.503678631635963,0.11426271163067737,-0.33690914793969234,2.3372325620966774,6545
4544,11,0.5599499383904839,0.11453083962351962,-0.4246504845118023,1.9653116849141081,6545
5234,12,0.6024925247493464,0.15271081752641627,-0.551424490484923,2.016618854570963,6545
5764,13,0.6499314079481376,0.13142940285819232,-0.6440593086079196,1.9709723661460183,6545
5925,14,0.6732037739561947,0.13596894727056516,-0.7576875884097656,2.0418595271267885,6545
6347,15,0.7534211848200878,0.08521988634095583,-1.4194919378157222,2.133554673625083,6545
6414,15,0.7785633846596486,0.1364557703791036,-0.8451002233118285,1.6547089378590851,6545
6475,16,0.8095567553145092,0.1426156929040714,-0.786905184529153,1.5745575101468396,6545
6493,16,0.8232577973871839,0.06728353761474724,-1.5743572732745816,2.126421296028282,6545
6504,16,0.8334915836534043,0.07353369109680603,-1.280183858205061,1.7176027914254153,6545
6502,17,0.8333352694619575,0.12587042169145635,-0.783981502498106,1.4737411988816556,6545
6536,17,0.8727272256956513,0.07346867620182153,-1.8057971021187835,1.7284594664090767,6545
6543,18,0.9355046694753323,0.06443938160675855,-2.2707071224545268,2.57825176582807,6545
6545,18,0.9542071767518557,0.025706150946885935,-1.3794615595371036,0.7578079316360767,6545
6546,19,1.0,0.0,0,0,6545
0,0,0.0,0.0,0,0,6545
2,1,0.06687650258770561,0.04264633134827068,1.0269558163701575,2.3765408793878535,6545
3,1,0.07212770183542261,0.06525770437188404,1.6139396561928403,1.605400905105278,6545
10,1,0.1082126403619954,0.07893222015826201,0.544274000648098,1.6161722709825312,6545
12,2,0.12010204984156037,0.08701765229958525,1.4225793922853986,1.5638355006015587,6545
29,2,0.15820855553722546,0.09020409218936813,0.9327036439572851,1.300862166047267,6545
57,3,0.18422792557216916,0.09563814932391362,0.9588920639692998,1.1379462620452918,6545
70,4,0.19843044492564932,0.08386135865937693,0.9935719035587707,1.139750218828823,6545
278,5,0.26589820964265476,0.07695013013636044,1.972374517004518,0.778758499046016,6545
343,5,0.2829709258000913,0.09913994081726253,1.570944636209982,0.894944208159333,6545
387,6,0.2911007804880883,0.10231224035024938,1.5549097322837246,0.9675915181528537,6545
669,6,0.3332488999308605,0.06639290016460646,2.4463869857725764,0.940608482434099,6545
594,7,0.32325527821098843,0.10602923215835207,1.3153339434594031,0.9045775992619373,6545
963,7,0.36608841195321284,0.09214553573021733,1.8610817699863627,1.6216187651280805,6545
993,7,0.36889361646587293,0.07662674094143,2.021635578996562,0.6488410432168294,6545
1264,8,0.394789563025542,0.12306366619839193,1.857610789166449,1.1013606642782279,6545
1406,8,0.40537228177883644,0.08825881850618883,1.5841850986289086,0.7861897662462488,6545
1502,8,0.411908893738272,0.09062981585760561,1.7059887519282284,1.3225520331926577,6545
1640,8,0.42095960833466184,0.09908329385045633,1.130997677809834,1.084472443146719,6545
2240,9,0.45504663563255876,0.09619786097398234,1.6076122962192358,1.4264038234181118,6545
2462,9,0.465732238214866,0.07472950848744758,1.4361142864340906,0.8999604788338601,6545
2505,9,0.46760914319449154,0.11947654396197598,1.4522160250823861,1.0112079327604566,6545
3537,10,0.5093172194645461,0.10533231384391147,1.2351417526386874,1.0438986724739399,6545
4462,11,0.552956360744932,0.09559620760318303,0.9258215231628905,1.1084029042683643,6545
5191,12,0.5970267390302063,0.11135630069342226,0.8915117058222681,1.4264351572799328,6545
5391,13,0.6123330461675704,0.11365186181312749,0.9577928114871197,1.4888129065216091,6545
6013,14,0.6787249106677787,0.12500065453081136,1.3961874330946573,1.6293079808183206,6545
6189,14,0.7140309153466838,0.11920296302540116,1.0982734105383085,1.9333682744025125,6545
6248,15,0.7260062299586684,0.12350808347255235,1.1138264388408747,1.8520844828642946,6545
6345,16,0.7515332755762263,0.1287796402730562,1.103560747706567,1.7516899456316868,6545
6464,16,0.7942311723240632,0.059394074256280106,1.0826396905039195,1.6061843433495393,6545
6501,17,0.821009036778869,0.15746642871506455,0.7744962902486123,1.6824757408307751,6545
6512,17,0.8356943296865839,0.0776558162396971,0.9774842310510393,1.2045141195268487,6545
6527,17,0.8647909560487204,0.025685643518731004,-1.5439359457093829,2.8246857167523505,6545
6539,18,0.9021333031095372,0.08333078074935718,0.5108241997283112,1.709831794555402,6545
6543,18,0.9199110959860931,0.03629381521338696,0.20309779395451635,1.6212471848685854,6545
6545,19,0.9534272123626987,0.0423783212322244,0.4554653879771861,1.5803169071186491,6545
6546,20,1.0,0.0,0,0,6545
0,0,0.0,0.0,0,0,6545
1,1,0.05326872274597272,0.05267576275302889,-2.825344417699456,1.0150273926383893,6545
2,1,0.07993426489908162,0.028257881078742424,-2.3877533285449877,1.278568850134907,6545
29,2,0.1573061156982638,0.08442207914666064,-2.7031581562829383,1.546140188781173,6545
88,3,0.20016015427507317,0.08864893116083694,-2.928271737687005,1.8916303641196393,6545
115,3,0.21473170627248017,0.08650525176261653,-2.4545468013715905,2.136798030807296,6545
246,4,0.2643588175437589,0.09631427503653892,-3.0046932624568923,2.4241524195628483,6545
501,5,0.3135407113867702,0.12837506345153266,-2.5171131410215124,2.570382726822089,6545
841,6,0.35406427858066214,0.1446535850362341,-2.5005816314530827,2.3020430361554607,6545
1195,7,0.3878409752662608,0.1685378120424829,-2.571986364093214,2.223442158433422,6545
1437,8,0.406549858519907,0.16961574013416258,-2.6220989247289435,2.2035639332891543,6545
2429,9,0.4637806133684692,0.12842148750537544,-2.9128406149554653,2.2678861527291287,6545
3638,10,0.5154303113786696,0.14007531682509414,3.091647441787888,2.0353311826151326,6545
4633,11,0.5616121484674739,0.1391738266090666,-2.8698030039214233,2.147660106889132,6545
5531,12,0.6235109267107182,0.12029027368430904,3.0715975360526255,1.949834294901983,6545
6002,13,0.6776905738094209,0.09637648726483321,3.002350353948637,2.384185721066613,6545
6190,14,0.7096816287644069,0.09880886142427102,-2.8744847324996545,2.24660541750161,6545
6277,14,0.7297041785150119,0.07731776713158249,-2.741487318936291,2.3814974815101904,6545
6372,15,0.7593267230112023,0.09838529385721999,-2.575672958101735,2.4760424843764297,6545
6484,16,0.8009646568220395,0.12395266569809851,-2.1734178986297863,2.6204127831542223,6545
6539,17,0.8812982312802342,0.09883727004545008,-2.4682657692187866,2.0017772033749397,6545
6543,18,0.9055736191260968,0.08726913334034307,-2.433018968215937,1.8071908422305898,6545
6546,19,1.0,0.0,0,0,6545
0,0,0.0,0.0,0,0,6545
1,1,0.05125354829352047,0.04445128610261681,-2.07136644957641,0.4033544007939279,6545
2,1,0.05674600808269814,0.04204045086491792,-0.08181231692711301,2.041090773642709,6545
3,1,0.06138054821011818,0.043936108786380774,2.724812420148091,0.4086770389832778,6545
4,1,0.06797082324270454,0.062046571973174515,2.077346440591212,2.2228922716897745,6545
7,1,0.08611677591362887,0.052139013616270734,2.762440935440346,1.796883190681372,6545
9,1,0.09135876790518982,0.0856236461569602,1.4241023557978916,2.232461654369789,6545
11,2,0.10466010630685019,0.07304545371919689,-0.18498828579274423,2.0119170656726446,6545
19,2,0.1342342236866655,0.1024505585879717,2.519636606891509,2.4375051281843367,6545
20,2,0.13545791683705155,0.03557775171293681,1.639522836826344,2.1731992886738967,6545
22,2,0.1381938351097486,0.06650206832193653,1.3212858277423989,2.4722199919727657,6545
23,2,0.1382351391382488,0.09325109833985812,3.0820689236460503,2.214989484465108,6545
31,2,0.14517537084169918,0.031846043097551305,2.0455059322704656,1.9299372152699217,6545
32,2,0.14829907848879842,0.10373720110680394,2.81645338614785,2.520002482752368,6545
42,2,0.1601306764449676,0.14523307513879793,2.0567085651567543,2.479937202767302,6545
33,3,0.14877001137461277,0.06352493378427532,-0.38012043754698005,2.1365451994358824,6545
92,3,0.19691781178679812,0.05477559162165648,2.315522577709308,2.216037324532017,6545
93,3,0.1969477566935549,0.12349225182731549,2.263357934177001,2.3723192546397396,6545
85,4,0.1939484138112677,0.09042625077371154,-0.38985159193169344,1.902067997982347,6545
181,4,0.23037613640392685,0.07085908157785156,1.8683499693543548,2.4001379619244005,6545
295,4,0.2644280861372603,0.154425277328918,2.4094112712286373,2.095236319994567,6545
269,5,0.258731756343792,0.0952601615542944,-0.4688197259287456,2.527529527359409,6545
525,5,0.3115038193825673,0.13425425175415595,2.1140361498136993,2.1838172040919535,6545
380,6,0.28573206010331587,0.1006081044381005,-0.35572655180356255,2.284428593461734,6545
748,6,0.3430275524680344,0.0618894721447429,-1.0770664316630236,2.807477458011507,6545
906,6,0.3616572687855979,0.13978076937324171,1.8071036702977268,2.165922323042618,6545
1006,7,0.3722226982393484,0.07479529818529852,-1.7302293221972351,2.8317512368470417,6545
1642,7,0.41895594672825553,0.16782967736751728,1.9624509373412635,1.9074885295674413,6545
2062,8,0.44287243544509314,0.09388827086660075,3.1286549621360233,2.7275499991345935,6545
2172,8,0.4481461588037192,0.17556004093914773,1.9701790298945099,2.0438779328370282,6545
2844,9,0.48137071122051633,0.16136735885136178,1.867352066619841,2.117964736914291,6545
3242,9,0.4981269332112922,0.09561342121614122,2.1926332865881353,2.4457380244467464,6545
3820,10,0.5224938962097155,0.10839548591212954,2.3448734909700946,2.481549089573418,6545
4415,10,0.5515709752931917,0.13351294076604048,2.11966824404216,1.9052002677780053,6545
4508,11,0.5561861082449646,0.08444097142846686,2.421931586431013,2.4208513717408233,6545
4676,11,0.5646584141053406,0.14323965959733076,2.087413795968828,1.8558539266862164,6545
5274,12,0.6075320579923553,0.03794240780249956,1.8689870747643025,2.341860448265218,6545
5405,12,0.618073907983017,0.12073692909576007,2.358755395575973,1.9545514111077975,6545
5646,12,0.6390494073648223,0.12103293226562119,1.5452234740559136,2.3993789744683816,6545
5839,13,0.6623193447534995,0.12708212647721587,2.6922554833343497,1.9331386758954308,6545
5966,13,0.6804395548924894,0.08891665002252913,1.395230322364766,2.4360310624930084,6545
6224,14,0.7267126595732706,0.11731522995136899,2.922709963587798,2.058367119863368,6545
6281,14,0.7373917516427476,0.12863207732359927,2.480209201013884,2.208777599696857,6545
6339,14,0.7567938474901021,0.08989301435697489,2.0921409046422483,2.0346879770109934,6545
6449,15,0.801868591451892,0.0762471404696422,2.060983999342818,1.8889571097496676,6545
6464,15,0.81192508255464,0.06592984468781404,2.32728233537756,1.9081881711548487,6545
6506,16,0.8392070840368729,0.06740452665361121,2.026158336143446,1.849388601680763,6545
6538,17,0.9157437609112098,0.03571106134446389,1.1459926081417136,1.7291348223764582,6545
6545,18,0.9629559320398254,0.010956730458868486,1.9247061433141452,1.1967419494746492,6545
6546,19,1.0,0.0,0,0,6545
0,0,0.0,0.0,0,0,6545
2,1,0.08410343034328627,0.0800738604329869,-0.673540201294121,1.696831844023022,6545
9,2,0.11763021178162825,0.10182893818669957,-0.4982088371550672,1.5502677694070783,6545
29,3,0.1580128765079145,0.08472100319270302,-0.28777320039148724,1.2484037129652794,6545
58,4,0.17893224555320786,0.10279555682926467,-0.3295185731179171,1.299998571896218,6545
148,5,0.22548173810360406,0.07704973934534759,-0.4257246668600191,1.394859362210335,6545
334,6,0.27780087531419306,0.06412680264119137,-0.30649281199181244,1.3124958986290376,6545
426,6,0.2974262050570571,0.05002553901078774,-1.1728890448124996,1.5825715706108452,6545
668,7,0.3318317336135701,0.06760522487180626,0.5411395626221879,1.3378382758422485,6545
697,7,0.335807360856209,0.030675382230106216,-1.8141795407198318,1.410248613583741,6545
1142,8,0.3793391479036772,0.10144348204730536,0.5129565077802534,1.4165943413811275,6545
1384,8,0.3986144166889991,0.06706807984052732,-1.7265560464677967,1.2440883492558685,6545
1600,9,0.41313229554041464,0.08217599953718556,0.7639439022942626,1.4194798383875562,6545
2162,9,0.4486303613019562,0.09945869521667058,-1.2755079721293496,1.2849056599821662,6545
2828,10,0.4810913319078637,0.07935910901385718,-1.3571726085353193,1.0802059772344275,6545
2938,10,0.48557955720665213,0.06281799310513753,1.1258979509179168,1.9055128263024694,6545
3010,10,0.48911761774872364,0.10183728466296826,0.8190971754799359,1.7681994434566544,6545
3131,10,0.4949319592310504,0.09103470593868805,0.5124268743612648,1.5095862219549758,6545
3845,11,0.523701076973555,0.04302514950967548,1.628328689786517,1.5095370481802877,6545
3923,11,0.5274183175561024,0.10057467317757088,-1.2169386310319539,1.385715458727134,6545
3973,11,0.5298886977562938,0.10117058532452826,1.1254740519961237,2.0197363436112847,6545
4177,11,0.5384928203083011,0.0923713171374862,-1.746994212640584,1.0601299370516386,6545
4263,11,0.5436813169447743,0.08295445375697662,0.9838640086518291,1.938615136184632,6545
4458,11,0.5542190594452262,0.0937107415377798,-0.08414197865236621,1.4010312998809966,6545
4754,12,0.5710865534632593,0.11081101490520928,-1.9478048360717821,0.9926482040030568,6545
4854,12,0.5773863784051805,0.07416581112004027,1.8201477345763615,1.7115404466473352,6545
4960,12,0.5838446128122216,0.029570767063026148,2.507874496056307,0.48517936961053276,6545
5010,12,0.5869594431986377,0.11481989897996274,0.9999445617248528,2.212110139009918,6545
5055,12,0.5899887221588114,0.10695201775199063,-0.6892004384729421,1.606237360205086,6545
5142,12,0.5962325129457193,0.11145653555882688,-0.07839748108708425,1.3799337788172659,6545
5213,12,0.6016131943543291,0.09419891528156946,-2.448221453648773,1.2889695711905107,6545
5334,12,0.6111945828867327,0.11972047447978652,1.3643964637744757,1.8744006716010722,6545
5531,13,0.6266982204063909,0.12671181861740385,-0.059819467050994314,1.3172438131455715,6545
5608,13,0.634184437267508,0.0837639090693472,-1.3301890397100435,0.9888342466380216,6545
5770,13,0.651334161701074,0.05812505227178313,-1.3812669121237582,0.5967448395539335,6545
5779,13,0.652805345724304,0.08585992013920163,1.2295180638245573,1.8320486630350328,6545
5783,13,0.6531910211501558,0.05380813370231711,-0.7633933150669029,1.3950195604462174,6545
5793,13,0.6544554574641502,0.08328385800538352,-1.9331898443549163,0.9300705721880466,6545
5836,13,0.658660921985098,0.06545519235052262,1.0879766482906776,1.8372187247431915,6545
5968,14,0.6758328317421866,0.07981598593409618,1.1852346092411905,1.8017922092825611,6545
5974,14,0.6766855253366835,0.06570570741435397,-0.6586949951846374,1.1383152077104548,6545
6108,14,0.6944627422031091,0.13581869052084705,-0.40607086927135805,1.1246425506304145,6545
6207,14,0.7110539989986444,0.07580388152605658,0.17206092457403477,0.5379935442215131,6545
6245,14,0.7189874552460626,0.06929721462936796,-0.9316426991506118,0.49275111046414904,6545
6368,15,0.7530483227321271,0.07017323804792899,-1.222107905395566,1.6963340676747585,6545
6456,15,0.7863628618035386,0.04730288088084742,-0.6360099094240477,1.2198808507509609,6545
6495,16,0.8212247017351456,0.05988952424546668,-0.591239841249763,1.3964948916913915,6545
6536,17,0.894141913368417,0.048318969672521854,-1.0849615476153824,2.4163307220222077,6545
6545,18,0.9548036729035976,0.04162159180762156,-0.9787288008683418,2.357090012688875,6545
6546,19,1.0,0.0,0,0,6545
0,0,0.0,0.0,0,0,6545
1,1,0.04862264163534524,0.028140403743377538,-1.7770433761905693,0.6816143538991062,6545
2,1,0.06560744000476582,0.024779466798960786,-2.2982292222758103,1.209647109407073,6545
3,1,0.07667538486516967,0.03261702745807901,-0.4008423191552726,0.986428950744295,6545
6,1,0.08457037385500021,0.07054897669803875,1.1708326799176734,1.7827217711192027,6545
9,1,0.09734468129947449,0.09328843398174391,-1.3210431328132866,1.2797943016353104,6545
15,1,0.12417243501426378,0.11967806385128829,2.0689174539967974,1.072882721651084,6545
18,1,0.12508314302167556,0.11324761043780836,0.11868561451293826,1.8697553736063501,6545
4,2,0.08072016142387906,0.023225426759058664,-2.8691995931222545,1.409280897621728,6545
12,2,0.11662706025232639,0.04265561812754692,0.8705279936579569,0.39127746576587685,6545
19,2,0.1265144697082713,0.08897456121329624,0.9993826544924198,2.183128853024729,6545
21,2,0.1321099727659707,0.07730566344641238,-1.4688432788139383,0.2658942941791542,6545
24,2,0.137735462790892,0.0745633460885779,-1.3565289221508705,1.0751270943076858,6545
26,2,0.1389919188574985,0.0599710861117992,-0.43943639599734474,2.2058466622474433,6545
29,2,0.14200785210907618,0.07863189483331809,0.5965482861276866,0.7625363255575511,6545
31,2,0.14685224418692489,0.10522830383633651,1.9919889915899964,1.1981484279561692,6545
62,2,0.17892633834687333,0.11665752030625268,0.22319842400973205,1.5385331216943574,6545
94,2,0.20330501089860453,0.155461183148651,0.330944857896171,0.8904959671340102,6545
67,3,0.1841914846342223,0.05672606344575449,-1.5779576303267733,1.2608545479669875,6545
77,3,0.19135847786045912,0.1267124403108307,-2.8656264478402917,1.620523119859732,6545
87,3,0.1993018739169492,0.07452807031599565,-0.10736705986577208,0.48978167546039136,6545
88,3,0.19968353222910773,0.1184059978735837,1.5038542505663475,1.2454446837883806,6545
107,3,0.21013499235428956,0.07586003722127384,-0.15967256465045102,2.226564179317647,6545
108,3,0.21097399606249645,0.1487770893341571,-0.798942189518746,0.466064016268336,6545
129,3,0.21921870770513208,0.11741991805648389,-0.19751445611308655,1.8908231281166303,6545
156,3,0.2318345779280414,0.1467279241681309,0.031192825548654036,1.7778881570399319,6545
171,3,0.23582002381424605,0.15503561291853898,0.6940907394510175,0.8970537432850136,6545
191,3,0.24525272671856801,0.039979519676420175,1.1929685706186426,1.4952032442755239,6545
257,3,0.26409255882259197,0.17234689350300367,0.6473316689589942,0.6087758698565405,6545
162,4,0.23369962609123218,0.13811375770872086,-2.6449709460244692,1.666595468087127,6545
175,4,0.2378305189489035,0.15362859257558265,1.4914170989146494,1.2462561454382244,6545
214,4,0.25456358490853603,0.13713627650694615,-0.14197665233686,1.8443091999434085,6545
227,4,0.2572765519926614,0.08143156217894616,1.4426730302834994,0.07649743673901911,6545
239,4,0.26017721194955457,0.0338029974212559,1.0418100407338995,1.3907031178545854,6545
240,4,0.2607616995771095,0.03288429305078996,0.7295956123970702,1.0515188742737762,6545
275,4,0.2676743279690693,0.17501296187400445,-0.21050897201986463,0.5690635416072398,6545
280,4,0.2690538992058754,0.15678215039559787,0.4536772117286223,0.9190857041985576,6545
285,4,0.27077560572307546,0.08582339932214901,0.25868933708547226,1.9960684794407393,6545
296,4,0.2754263238506569,0.1261986283147333,0.12282876341463583,1.8834126495329686,6545
302,4,0.2765457589317619,0.12062624441761002,0.9142975722288312,1.1840582205533108,6545
304,4,0.2768039435979395,0.1427924198441173,1.0090925876896224,1.1370137872233523,6545
312,4,0.27839096989891365,0.12747761108344963,-0.15072957708664533,2.5924636782920727,6545
318,4,0.27923131540464585,0.08186918213055938,0.5935950532717296,1.6783966120484104,6545
489,4,0.3114556766775438,0.19900853440500305,0.8930339228298761,0.580705775234885,6545
262,5,0.2648537322097376,0.15208594921959212,1.3779433284944953,1.2357627348403926,6545
419,5,0.30026236776726867,0.1681938652965129,-2.384980637032446,1.8142894275380437,6545
439,5,0.30325774848672804,0.15864354908790107,-0.4795525247214732,0.549378504317331,6545
442,5,0.3038679235944888,0.12201008986186915,0.9163628887105398,0.9937350052732536,6545
478,5,0.31001010023294806,0.11541392857915395,0.49045540721369374,0.43408371782975996,6545
544,5,0.32128194680941624,0.14036120664029533,0.22335166923650074,1.1831441768195103,6545
563,5,0.3240943636606908,0.1497867669476356,-0.452830815838988,2.1845337754625644,6545
576,5,0.3259607235219161,0.10553900855698697,-0.06114462264814227,2.554696985143616,6545
604,5,0.3290173386017283,0.08649745320190708,0.26149801451426957,1.711834557266258,6545
651,5,0.33579511153279706,0.18224397380960028,0.0048805947772235635,0.5294135221938565,6545
688,5,0.340125556198687,0.21913820487217156,0.55409434023453,1.069822428761073,6545
747,5,0.34752621108168646,0.18250223311363958,0.9219413050566078,0.8778203060216173,6545
772,5,0.34991690295626077,0.2212881091894911,1.0536599139441771,0.6896750225083912,6545
844,5,0.3573402093800988,0.20558344595859374,0.7287356682944134,1.1625526366784347,6545
663,6,0.3367175516052864,0.1598801431897499,-2.3626875000424072,1.9737758302542043,6545
760,6,0.3487585629926404,0.11882183443567386,1.9145501022416527,1.1454368912292485,6545
788,6,0.3514828418955156,0.1451757713468184,-0.6689106272578119,0.5013467981247944,6545
1124,6,0.3841128194630389,0.09241627543868967,0.27499973527630256,2.557799841262748,6545
1168,6,0.3878736129319055,0.17934374304191875,0.782378920045023,0.9646583187055514,6545
1179,6,0.38897727551262773,0.2011428800228738,0.7629755566941624,1.1045183221315518,6545
1206,6,0.3910366784731215,0.11791530976059707,-0.085425161639219,1.5563051635607377,6545
1211,6,0.3913108828242683,0.20266429219577042,0.3142285133860693,0.6692272551569728,6545
1307,6,0.3998095569930885,0.12179027183589033,-0.8505185422293047,2.316728929107182,6545
1335,6,0.4014645372925738,0.21526956719544818,0.2156712637176781,1.195878712600983,6545
1392,6,0.4056027628106731,0.19148148626285633,0.914802114223355,0.6383315921345724,6545
1139,7,0.3858161000551924,0.13662775429138757,2.0078403119035264,1.313426339677744,6545
1305,7,0.39971360409715917,0.15588782956357494,-2.3260768099535856,2.0761417486674265,6545
1545,7,0.41597949195427963,0.12770578073207672,-0.6044968420808261,0.8737095915452899,6545
1761,7,0.43046606929802644,0.11916622667955645,-0.9821728782967282,2.2029696777981496,6545
1773,7,0.4312022648565338,0.18633765026111787,0.13614092481516388,0.6568894727397924,6545
1799,7,0.4327931015859606,0.10394853944487563,-0.364414916483108,2.624582156535206,6545
1912,7,0.4396147394621598,0.1932199106224406,0.5182962532713002,0.45838271720153034,6545
1923,7,0.44055846697366796,0.19751743677374792,0.6869791321221606,0.5906487675452616,6545
1933,7,0.4412333640097885,0.19639569754357084,0.716207018353056,1.1264353520500365,6545
1950,7,0.44189040612353625,0.15655081762678255,-0.11791611563468028,1.4597736376156905,6545
1953,7,0.44203774857687417,0.16471016795478227,-0.4111290875260263,0.6148842590438575,6545
1972,7,0.4430374339199036,0.11460140217423394,-1.8454767270679586,2.3284854910930277,6545
2023,7,0.4454027377088329,0.245091012623919,0.18063424319722232,1.0739243568216372,6545
2108,7,0.45035557442474317,0.24344072398761485,0.7023933830440318,1.000196300063879,6545
1872,8,0.43697548156384647,0.14552606836583826,1.785088168115298,1.0918593281734374,6545
1948,8,0.44186012404132735,0.14101932918206564,-0.6951081916265541,0.9091037482947377,6545
2316,8,0.46149095896479364,0.1388397045523269,-0.4639437782843145,0.7200290662260426,6545
2336,8,0.4627679092887873,0.1836161081216431,-0.36512205247397533,0.6447677054951652,6545
2372,8,0.4643104735423129,0.1842727659263365,-2.014019380993806,2.261602425229822,6545
2512,8,0.4700559488047812,0.1098876323729501,-0.8408926096578616,2.855210040274866,6545
2762,8,0.4817313022181017,0.24603955143247425,0.6018134381707316,0.9047995273223751,6545
2868,8,0.4859160009148048,0.17607974609743668,0.5153738891962831,0.653576195379142,6545
3074,8,0.49420733212755064,0.11321942661330221,-1.2516906870321476,1.8832879690952704,6545
3239,8,0.4996635869186533,0.1253974747183429,-1.9746229339477834,2.6913014170930243,6545
3887,8,0.5265294768246653,0.2071510239554403,0.24006517036337727,0.9832797312543053,6545
4100,8,0.5365828977041063,0.19489903303394662,0.2180466883986354,1.0745351895557862,6545
2434,9,0.46691621818394624,0.16311917087548483,1.7299288718164698,1.199507814305258,6545
3209,9,0.49899156129984745,0.1724386632556745,-1.9218940032372558,2.3618661928333404,6545
3334,9,0.5035992235830584,0.10453619843538363,-0.5024754564284051,2.953638660230684,6545
3514,9,0.5103824063853082,0.19684339278072865,-0.11860676606734356,0.4442373817466207,6545
3948,9,0.5292532176539987,0.13582502332164867,0.14576832652344873,0.6910843472802147,6545
4128,9,0.5379303396277441,0.15517632396180323,0.017770711389378344,1.146185634319269,6545
4152,9,0.5388424200509079,0.07960744251333407,-1.021634280206255,2.683399811925094,6545
4203,9,0.5418660014910567,0.12018860560834563,-0.30981451066422044,1.537547253151124,6545
4253,9,0.544178895478863,0.20165191089846363,0.8138115162868164,0.6684852707632685,6545
4320,9,0.5476346807336571,0.22067711256813546,0.7503421309555982,0.859363596240947,6545
4604,9,0.5620835439211099,0.09682132104217307,-1.6913763320826707,2.4114367286689973,6545
4746,9,0.5704054062759903,0.20119723360395994,0.39342874168725267,1.1049225462413477,6545
4915,9,0.5811664331307075,0.17611135570681447,0.49333958873602735,1.010499594093024,6545
4102,10,0.5366472496982202,0.1595630506387954,1.5972376327284186,1.1457693441656858,6545
4166,10,0.5394740167270765,0.1428848449413593,2.045051680935243,0.8304082724402653,6545
4453,10,0.5545817271647621,0.11769593440982655,-0.3220224877848986,1.5877409209011915,6545
4571,10,0.5603190227740767,0.2230444103528155,-0.3608923566951169,0.5266761727050311,6545
4945,10,0.5829030668249261,0.20017347025230034,0.4933647679366478,0.4362797121968159,6545
5004,10,0.5865979062841595,0.20115890305658637,0.43533479416314186,1.1015979411267762,6545
5074,10,0.5915738053323029,0.10060953915649887,-1.5492608356993967,2.409878288779309,6545
5184,10,0.5985527619566269,0.1047578200546735,-1.3223970057333814,2.4004044870622785,6545
5319,10,0.6084822221891939,0.12499669222162121,0.02465015873267932,1.0998351984586723,6545
5526,10,0.6275144023364067,0.16061680601484066,0.4223894588619937,0.8060342975811503,6545
4694,11,0.5672421777357303,0.1276577058885731,1.9571049558152902,0.7016301506869759,6545
5260,11,0.6035556949576182,0.15834298234580949,1.248362236182506,0.9193646182816843,6545
5311,11,0.6078720791245175,0.21409468622049552,-0.42106844975703245,0.6857495413905309,6545
5390,11,0.6141751406708302,0.19487594361503635,-0.5587386886899857,0.5352055249277471,6545
5411,11,0.6157272332125255,0.14088964339576898,-0.43603558624123834,1.2590950260259555,6545
5473,11,0.620994847388512,0.2207276096381837,-0.42786440725388764,0.7951808922625488,6545
5572,11,0.631304516671554,0.08433349080731481,-1.3677907445818853,2.154486260670241,6545
5659,11,0.6400440661944555,0.1115748379077497,-0.034683252359662735,1.1212099888427252,6545
5665,11,0.6408778747254297,0.0957986206649079,-0.3109741157644745,1.4973936049742287,6545
5675,11,0.6414277586771382,0.10582124843310525,-0.46385910436667,1.1475296018724324,6545
5888,11,0.6661180220938019,0.18510763923431506,0.5192615120526328,0.7363879189752164,6545
5854,12,0.6620034417850221,0.20582892534859593,-0.2815799539604139,0.8996827110115361,6545
5896,12,0.6669215395619322,0.16004741524599636,0.8924269918492701,0.6269500087080402,6545
5898,12,0.6671944374330473,0.14807323723610416,-0.7437454752788859,0.6023069121486462,6545
5992,12,0.6786060400162088,0.10124144433728818,-0.6126272380781501,0.13637388168887543,6545
6007,12,0.6797791783391804,0.07835795225489968,-1.6062403364002795,2.2167774964526075,6545
6017,12,0.6819513015039349,0.10184540598646755,-0.2314184263823778,1.123901980003905,6545
6103,12,0.697369783558216,0.1579959134039568,0.40369470044415295,0.7754420482409082,6545
6172,13,0.7070127514465475,0.06753772119479594,-1.4303696913503057,2.4025860118989906,6545
6181,13,0.7089254349825355,0.16679480889699533,-0.3066285752816705,0.9445688346740715,6545
6330,13,0.7433188043354381,0.12600808194668578,0.4889219109239346,0.8548319448357948,6545
6339,13,0.7453049431537389,0.0905690224413262,-0.2398971614169474,0.6602998557061133,6545
6390,13,0.7622681639071134,0.09836203676013992,-0.030719778749911865,1.2680189461927796,6545
6392,14,0.7633753880978061,0.0955583937053776,-0.4702739334947063,2.578840874027273,6545
6499,14,0.8185095796921068,0.07539414734952164,-0.0868766042326738,1.0394443522555454,6545
6464,15,0.7963461291542123,0.093369401721318,-0.396678165031126,2.4562846617386525,6545
6514,15,0.8366967467018097,0.06888321531052344,0.07946432414338879,1.1169180958695892,6545
6519,16,0.8434867898216925,0.12228646795040932,0.07438627538596601,2.6470127566259105,6545
6539,16,0.893387965851494,0.07726285717755357,0.6987468242758749,1.5519891556503285,6545
6543,17,0.9054548834594713,0.08107242941911104,0.744399583236138,1.5808158621867958,6545
6545,17,0.9286732306259478,0.05443449850982994,-1.5279708964592609,2.988558930696973,6545
6546,18,1.0,0.0,0,0,6545
0,0,0.0,0.0,0,0,6545
1,1,0.05682114467255894,0.03462923281616322,-0.04365265133990303,0.4879445049280535,6545
5,2,0.08985757845809961,0.055327436373899204,-1.169751366023998,0.4202080419364047,6545
43,2,0.17208078096198165,0.10436037920377673,-0.6893141298115747,1.5178572414162836,6545
41,3,0.17164047212453437,0.08220158057215786,0.3306615637415555,0.46953521206397775,6545
57,3,0.1819589511792019,0.03730659660391366,-0.3937923324628715,0.498906014218324,6545
85,3,0.20244594938619154,0.11230796394975666,-0.7162308304475749,1.5552625703081224,6545
75,4,0.19264912033156623,0.04296127739213561,0.040364332618490144,0.5526531591581896,6545
105,4,0.21187458432115502,0.11632960164409441,-0.6939123882941753,1.5210231444091107,6545
123,4,0.22486030380692013,0.0518910633469526,1.9885632342313357,0.38620305601074345,6545
147,4,0.23340339571550595,0.12075884920087927,-0.6964074947127181,0.38033440630855364,6545
271,4,0.2710741639061899,0.12794086438268637,1.7718262810368683,0.44451490428743806,6545
192,5,0.2503245080059193,0.06732375762715269,-0.341125993762816,0.4403351015300963,6545
207,5,0.25397329617461517,0.11705140973674624,-0.8691596752906593,1.8025196369872947,6545
213,5,0.2559232322395407,0.05957175763684586,-0.11765268997537727,1.2079834594899714,6545
312,5,0.28073143088185093,0.131592462183815,-0.7891251367570968,0.576866336104339,6545
353,5,0.2875232697371002,0.060688062615887925,1.2726292161654502,1.7751562938933514,6545
378,5,0.29361824454406615,0.10975378190288806,2.695774425882844,0.7329145833959712,6545
473,5,0.31309986399260226,0.10713479375593918,2.336882754752032,1.112101738418416,6545
621,5,0.33563274746297256,0.16876112459939002,2.1183330748847102,0.4156679351727301,6545
707,5,0.34481668098195195,0.16765647205497053,2.4108902050103667,0.3889955002545086,6545
423,6,0.30035081448142154,0.12700058523605268,-0.7744422311677245,1.4783699158046357,6545
471,6,0.3129105006210625,0.13211001376976686,-0.5913981894775348,0.767508575578763,6545
514,6,0.32160651423397735,0.08731139131425716,0.1421692428487643,1.7934478452641087,6545
532,6,0.32333182710777353,0.12238583018269768,-0.10457501726099021,1.1286276726049722,6545
574,6,0.3292643598379036,0.11100120248742272,2.4998647199652595,0.7647231440871739,6545
613,6,0.33474258763654186,0.16742805204936514,-0.627840176408693,0.8080180269018271,6545
624,6,0.3361799075639752,0.04448848700196282,1.5863206875882936,1.3729080036039727,6545
630,6,0.33683833370634375,0.09891741861487105,2.977276158546997,0.4513884054521373,6545
723,6,0.34726699249849047,0.17093068513825196,-0.24585278879646727,0.3797173170618153,6545
798,6,0.35570073674490366,0.11870519131573518,2.2124551559303494,1.31747367850324,6545
864,6,0.36241706519935735,0.15116430351651125,0.26913448852151317,1.0647014984989858,6545
939,6,0.369045622147847,0.16877562980343808,2.481853114466617,0.46743359013972263,6545
734,7,0.3485461451816987,0.15889136589046216,-0.7539643429912082,1.2929266697675548,6545
862,7,0.362285700046339,0.11079216007569068,3.111261711792333,0.46433489412835127,6545
889,7,0.3642886404088995,0.03495417677036374,1.4272368451980155,1.491968650601498,6545
965,7,0.37119572618476093,0.10649223454862614,-0.1213233169203381,0.6572482740191145,6545
1035,7,0.37734049648062473,0.1759986437625841,-0.6267978055509432,0.6541480574887233,6545
1121,7,0.38460976108942624,0.0963284043890854,-2.8835074161892598,0.7473921342598815,6545
1143,7,0.38652330667111323,0.14018215428299483,2.3189760906775128,1.305960652281663,6545
1210,7,0.39296327257432173,0.11718492421368908,0.5436078440018208,1.1073273963326813,6545
1257,7,0.3957250887506155,0.17000878312631792,2.673979602589784,0.585550551243537,6545
1371,7,0.40464093717222893,0.17750863743617953,0.17667427772739783,0.16795876686552214,6545
1411,7,0.4068271787633846,0.13282536597923775,0.07885961734540972,1.1152542268981147,6545
1516,7,0.4148567224267864,0.20445696546570405,-0.005641922814038289,1.0997000415674165,6545
1095,8,0.38283460630953015,0.1351925875152978,-0.6874298943683579,1.4205993453284327,6545
1246,8,0.3952204106424775,0.048266521137765535,1.8959234095216813,1.8060168616169316,6545
1363,8,0.40372014273133083,0.1598545338873488,-0.6536199339704232,0.7063869538370646,6545
1521,8,0.4151302817010405,0.07073077252375756,1.9990259512531834,0.982039856777254,6545
1683,8,0.42520872622954675,0.13813226350315627,2.230808609854694,1.1405486488621328,6545
1735,8,0.42792632642205064,0.03791966566079974,2.150508027317772,0.25524915614735555,6545
1737,8,0.42794082738376027,0.03531695592104055,-1.3058172204884904,0.7988250149793631,6545
1851,8,0.43562030952670805,0.07554921333825257,-0.235125876377136,0.7850197675821107,6545
1868,8,0.43652588820430305,0.14660336333228752,-2.696690706689733,0.5903190987733125,6545
1884,8,0.43732948848537145,0.2126264909503452,-0.4148438633094049,1.2213755494360239,6545
1926,8,0.4393669049839266,0.17723589972701093,-0.32371905240175997,1.2192076634443625,6545
1946,8,0.44034557761473925,0.13172596580093401,0.3719916116324616,0.24314424141520521,6545
1950,8,0.4406194921379829,0.09848423934921302,0.4320455158135655,0.6174274747243989,6545
2012,8,0.4438072190901913,0.19151233887395766,0.33556493929092357,0.23674941318098683,6545
2139,8,0.45011423317640253,0.15503411774095363,-2.558216843553204,0.7680975272703575,6545
2157,8,0.45117692574433066,0.16213048282838344,-3.122898616566476,0.38360815008885907,6545
2370,8,0.46155231281144227,0.17467427621477882,0.7123079860270992,1.027578898492126,6545
2437,8,0.464932464652255,0.19431966308908952,0.17749209343946445,1.0096983625029892,6545
2729,8,0.47776762033248377,0.11063066715236956,0.5230435631703,1.1778023226404626,6545
2188,9,0.4531654134679042,0.05133585698463415,1.5978919868108925,0.6196161480709501,6545
2341,9,0.4607731683841282,0.05977001894312409,-0.2415264554816024,0.7574257114433861,6545
2461,9,0.4662913498890743,0.12353532937163118,-0.3290188035530037,1.0512112673963316,6545
2590,9,0.471463477198402,0.16815255631985468,-1.2867479567171496,0.6033961097572347,6545
2635,9,0.4735972987801499,0.18260573002118588,2.200133951837732,1.1747459729171177,6545
2711,9,0.4768752515110968,0.15130859631992338,1.9998742604121043,1.2278026441928003,6545
2796,9,0.4808010350489854,0.1616338454315799,3.055976679631793,0.28799600163587047,6545
2816,9,0.4815198576550983,0.05345471843356167,-2.843673114125817,0.6154132570530547,6545
2873,9,0.4839962952739183,0.19103840533774696,-0.6296612004149883,1.3755427916079281,6545
2953,9,0.48765071142109373,0.1936556628589141,-1.05973445427131,0.9359323047549892,6545
2984,9,0.48888645754467797,0.20061975492959155,0.08891569500908678,0.9468634565508168,6545
3094,9,0.4933509114856759,0.16917778091110824,-0.4799695894654713,0.4176441481398832,6545
3144,9,0.4958506082459987,0.17814063202360253,-2.372980795348217,0.7464606455487228,6545
3215,9,0.4983137858746415,0.1969282648735813,0.7966218087394148,0.9706021312881621,6545
3235,9,0.49916015853761764,0.17521010346168828,-0.18606283038941668,0.3590069111654134,6545
3270,9,0.5008211732991537,0.13847593102506178,-2.633121489815022,0.8614776207016748,6545
3548,9,0.512586249098041,0.19105813174529868,-0.0975438117496259,1.3120854137307323,6545
3635,9,0.5167355045367538,0.13363192449783878,0.5059561135882984,1.1997445668138735,6545
3301,10,0.5018112213038566,0.05897628946434326,1.6063802776840372,0.6390968744100909,6545
3425,10,0.5068733019885527,0.06481518357301225,2.8693201519641547,0.756295037248977,6545
3640,10,0.5168027509124574,0.17292860544477348,-0.5250539899729816,1.4562297892089746,6545
3795,10,0.5235816695184772,0.16527992681961207,3.081350782315691,0.44744752214344935,6545
3847,10,0.5258868795248471,0.15832825514519083,0.04835562650762745,0.9708949384992877,6545
4015,10,0.5329099385881827,0.15589057073739324,-0.9889796305322929,1.0418167789007997,6545
4043,10,0.5340157919444576,0.19486638602717368,-0.8711972941485631,0.5464653923154492,6545
4182,10,0.5408595787721432,0.12113132488380737,0.865969249011447,0.584919176974191,6545
4219,10,0.5424847396384787,0.14000326224483142,1.8349921386739707,1.151427064821724,6545
4253,10,0.5441528183352391,0.12377835355736859,2.2582279058494943,0.19467068275271773,6545
4272,10,0.54545392717845,0.12329093295425707,-0.9075553587857567,0.17325558422274054,6545
4297,10,0.5467697546025726,0.1775295246559209,0.37918862769757944,0.46056455555939374,6545
4311,10,0.5474785063300973,0.15832331648904202,-0.441328294145875,0.7979701243948876,6545
4397,10,0.551762508587807,0.09185976204295623,-2.1082810243929972,0.6788890815403406,6545
4478,10,0.5560128769506948,0.20872050103872442,-0.12408511886477161,1.138574080041814,6545
4540,10,0.5600541932730739,0.15713874833277966,0.677527211002498,1.0780862492792087,6545
4594,10,0.5629681786878216,0.12954692156358688,-1.9689152567333932,0.7159071096023967,6545
4615,10,0.5642715966872518,0.13576729385417144,-1.2761770143161384,0.4924465757022565,6545
4634,10,0.5652716076476643,0.17062374762672805,-2.6427900277625547,0.7021707373551519,6545
4800,10,0.5755750571773566,0.15475663771729356,0.6057873883374376,1.3894442437597576,6545
4867,10,0.5795132935743907,0.184406824955445,-2.23405941791934,0.5146444911261528,6545
4685,11,0.5687250058887214,0.0884957458004268,-2.379053913933053,0.6572737924955189,6545
4803,11,0.575815725189202,0.05357423561579282,0.3242906735120993,0.5461090351866523,6545
4944,11,0.5845002269210183,0.13940253489966686,-1.042146760652447,1.0048183009998457,6545
4960,11,0.5853662047743198,0.05859599445410666,-3.085890766066872,0.4946783943451062,6545
4972,11,0.5862491996276336,0.19281330132529645,-0.19878905731534102,0.9891721623536057,6545
5030,11,0.589735413923864,0.19208559103567263,-2.777915791844347,0.7033100565863618,6545
5062,11,0.5921199854509893,0.15506222923125088,0.853674383395606,0.3509236836703222,6545
5151,11,0.5987333132828391,0.16372020825619504,0.9885431951256184,0.4434880345628375,6545
5192,11,0.6012992929846492,0.16318124768869785,0.5803773977542386,1.28497530278759,6545
5196,11,0.6015649815011512,0.09240740543137725,-1.9417454849652025,0.29891020743385716,6545
5200,11,0.6019298438520189,0.124969923252999,1.991538335281339,0.9518083438040406,6545
5219,11,0.6034545752695616,0.16153548314329794,2.9826039413860657,0.7488883477877961,6545
5257,11,0.6060913891910593,0.15687903324769373,-0.5990723930653586,1.0445584304030446,6545
5279,11,0.6078100032153074,0.20039575740078275,-0.4140998837760577,1.5829341541894002,6545
5283,11,0.6082010098350399,0.1335434069424688,-0.7926215660021952,0.6683078207214258,6545
5310,11,0.6102682605332821,0.1714843760482984,0.010113778728291153,1.2013180736170719,6545
5319,11,0.6113598094774221,0.13080590694350389,-0.07491863616641384,1.5152119774410404,6545
5469,11,0.6226000487910308,0.17327430206897315,-2.2535475007772527,0.5059281781942191,6545
5338,12,0.6131064672455678,0.12069390024370527,2.0166393863882166,1.02574128404404,6545
5610,12,0.6350020584099465,0.04196544365190677,0.803976850411808,0.5058639723630632,6545
5647,12,0.6403714144356598,0.1505620965394609,1.3696996026363681,0.4623142649680171,6545
5669,12,0.643640971025628,0.1311657814105737,-0.20132842405735885,1.6829083925630017,6545
5678,12,0.6443487569980939,0.16766352886410252,-0.016342284452210854,1.008888492980742,6545
5707,12,0.6481825933936509,0.18093308982811793,-0.33283921946697886,1.5165890822926635,6545
5757,12,0.6527612880503785,0.19338916237085618,0.6055199062838215,1.2141467283711256,6545
5776,12,0.6541658208669713,0.09087982586665223,-2.370613939979092,0.819549462526497,6545
5790,12,0.655415452592502,0.048688770315570666,1.7524239206308136,1.0605460486852116,6545
5837,12,0.6624338628945459,0.15892561515531628,0.37669870799985294,1.5301256530572964,6545
5885,12,0.669154764755765,0.12670480558991232,2.8042496794145086,1.0834247266906467,6545
5895,12,0.6699571038345489,0.1394670509173739,-2.6874701805894223,0.4167577138652834,6545
5925,12,0.6744014067253357,0.10515247291846173,-0.6987865666851871,0.7439081185838097,6545
5952,12,0.6772127904604454,0.15560943709619188,0.350943444008057,1.3349771228211564,6545
5978,12,0.6804985124251641,0.10203640373575643,0.3469530204647391,0.8225141176134295,6545
5903,13,0.6709300293939658,0.12850415555997555,1.8036241281863157,1.280477395582334,6545
6029,13,0.6869615926479113,0.1958236080009039,0.5254520962740056,1.3182993439480317,6545
6092,13,0.6970778087706573,0.15071515253388063,-0.47051743496043136,1.3745472553060316,6545
6147,13,0.7090031337229352,0.1137649272335284,-1.0130671807859868,0.7123911032767625,6545
6191,13,0.7178467214785178,0.09327180790941222,-2.6996005633781697,0.4856161110849987,6545
6192,13,0.7181226172826005,0.12258452194486419,-0.02178449627184615,1.2095832575997914,6545
6203,13,0.7207044501336194,0.07257056560614182,0.10148526591692984,0.7217440096565619,6545
6217,13,0.7229757571837279,0.09108730453446746,2.8495016060837877,0.3380046006178032,6545
6250,13,0.7288890246123959,0.08165823263681814,0.8283464700624437,0.6500934608645261,6545
6255,13,0.729523477081869,0.13986543954079672,0.061151223929214044,1.3083070645594495,6545
6277,13,0.7352102317741501,0.12074938528798425,-0.06539958931243522,1.0172414117582154,6545
6285,13,0.7363271573447279,0.11747562123769467,-3.0749237687714297,0.7406983341357792,6545
6133,14,0.705134686989974,0.11055482119577913,1.704011557948659,1.167528078710081,6545
6253,14,0.7290453924023211,0.17482592362416477,0.4057566819072209,1.1669298091065765,6545
6342,14,0.7522150035824641,0.12685941304968026,-1.2506364074580159,0.8254262201342335,6545
6349,14,0.7545207183230282,0.1106170233934984,0.1290115864203774,1.0652782259339533,6545
6376,14,0.7626886222666371,0.06507289791049946,1.395500045112328,0.40745991815689525,6545
6384,14,0.7668838752842786,0.036320551281396884,0.06929251884248684,0.953293927859056,6545
6402,14,0.7718873351217643,0.09060002649702688,2.8571775952928897,0.5642835823381369,6545
6415,14,0.7784670627399312,0.1125201199564679,-3.0947034298948517,1.004936709106883,6545
6444,14,0.7944051966072166,0.09223492388337944,0.010293445075540619,1.4741264411621682,6545
6392,15,0.769413589193059,0.13481629884624774,-1.1563013362709673,0.8959633115149067,6545
6440,15,0.7921130975090489,0.11752464346633533,0.1738798661521245,1.324577159726614,6545
6446,15,0.7959756864793471,0.15043529281775053,0.20178157626852858,1.0330702203157642,6545
6449,15,0.7996336756781829,0.056512820939187865,1.276381628589863,0.7244674011620719,6545
6453,15,0.8037014009662433,0.043968154548521036,2.1215178560859353,1.8120108890839992,6545
6470,15,0.8104058086311732,0.10008948410501523,3.119234223058146,0.2946138586114933,6545
6475,15,0.8119581397884609,0.09131645844030584,0.787126036045407,0.4716249064822935,6545
6484,15,0.8162853921988188,0.06749664872897865,1.4460395312770564,0.47498634750086627,6545
6496,15,0.824682190768526,0.07973458887531805,0.5305374118585524,0.5509866297307165,6545
6501,15,0.8275486099159153,0.07506637495557406,-0.09698157326519301,1.1895675637144731,6545
6502,15,0.8322072520070889,0.07882649506155116,2.9193389294668144,1.0272171838857835,6545
6509,15,0.845093893074308,0.05186176527043423,0.014936418504285813,1.381104244982265,6545
6492,16,0.8210933061940576,0.14202630607300207,0.2919211076214853,1.0569876991287686,6545
6515,16,0.8540429518291532,0.08316635482098962,0.11838251847579011,1.158837956517582,6545
6516,16,0.8568909825560467,0.10037307953751984,-1.0746438723436709,0.9681735716029962,6545
6523,16,0.8680476428066003,0.06340401792209491,1.0991501757611917,1.0728425435758795,6545
6524,16,0.8692943767066728,0.05761403771311107,-2.8504547130719686,1.0099619225678205,6545
6527,16,0.8758059051791623,0.08621538987346446,1.9375637495039488,0.32220039024767566,6545
6532,16,0.8827397685744666,0.045821436422466055,-0.15994993592818357,1.803686838897505,6545
6540,17,0.922981591936995,0.05530142288500595,-0.5584715056090764,1.87706768678015,6545
6541,17,0.9250269165070079,0.057349123598821335,-2.905705444565083,1.2335328775643934,6545
6542,17,0.9295306620483208,0.055572552905107146,2.9793192793566896,0.8837680726275475,6545
6543,17,0.943228041291645,0.049765912662758226,-0.22624472515704674,0.8514676217835085,6545
6544,17,0.9437890533539851,0.04379553158019567,-2.221840881101546,1.3483265850840136,6545
6545,17,0.9575710513584048,0.020282274709422038,-2.5913832310196074,0.6039382507826628,6545
6546,18,1.0,0.0,0,0,6545
0,0,0.0,0.0,0,0,6545
3,1,0.07131347996531778,0.04726797787797849,-2.6389078381225595,1.6605368044134363,6545
6,1,0.09286402634965119,0.06810344657795504,-2.8381079602829455,1.8602581021118834,6545
18,2,0.1262208551760048,0.07464485195290674,-3.0260900973887455,2.2212972494954277,6545
42,3,0.16259745942426462,0.09593885859659664,3.1242579201377185,2.252009352012949,6545
84,4,0.19645696004728042,0.11036471414990497,3.134470974615553,2.334244757303901,6545
201,4,0.24795763850119645,0.13570692982445276,-2.8591535039896234,1.914739995188939,6545
256,5,0.26639077484860485,0.11858720531125898,-2.8629615376672444,1.9498821007552307,6545
513,6,0.3181862430701424,0.13098447673716856,-2.7559480203454716,1.9592824708471315,6545
533,6,0.3218342601589361,0.09833044224213838,-2.84802469309925,2.3030145657371794,6545
585,6,0.32787516415158213,0.11143567052490778,3.0775980773546787,2.360336235285778,6545
1096,7,0.3807587374524496,0.1364577616848958,-2.777437000800112,2.2362182472830843,6545
1501,8,0.4126498451546988,0.13113357959483035,-2.7727231799859324,2.173792545374113,6545
2323,9,0.45945016198694655,0.14626800968412032,-3.102444076994741,2.2792618585184097,6545
3133,10,0.4957393556127263,0.15598433923260335,-3.126995980653755,2.1505869586725193,6545
4171,11,0.5377338676693553,0.1347941642775541,-3.0790560009608416,2.000452149178153,6545
5159,12,0.5954818140619191,0.12573933973564508,-2.6188956044956546,2.036484024241181,6545
5560,13,0.6267534944438335,0.12307319585162835,-2.4407207528821013,2.159059005730201,6545
6079,14,0.6890224483273284,0.14051967917436045,-2.3413163926839857,1.7105889981054923,6545
6244,15,0.7208031732955725,0.12089918857331082,-2.476957249100444,1.582974067532365,6545
6387,16,0.7678731225282821,0.1263461432155652,-2.845779679859877,1.5716223128983373,6545
6425,16,0.7819738826457461,0.1136973056306871,-2.170448614311403,1.2099783529962078,6545
6482,16,0.8151094591608801,0.10802740142876507,-1.9019780477424726,2.163987960221135,6545
6474,17,0.8087236456389826,0.1302672900966537,-2.13803175919866,1.1468617684065887,6545
6493,17,0.8203324722240524,0.1603453741706873,-2.8079846076406985,1.3829520309198344,6545
6528,17,0.8642488358038144,0.08629713606878604,-1.43138070687909,2.0247901952696647,6545
6518,18,0.8474289722819761,0.14798000924119592,-2.9173227016908148,1.2809118616019237,6545
6541,18,0.9063486567136838,0.0538328264555954,-2.5920176074859,1.7245322560083816,6545
6545,18,0.9301882395107056,0.04460394557575308,-1.0263189629600689,1.9014916319283977,6545
6546,19,1.0,0.0,0,0,6545
0,0,0.0,0.0,0,0,6545
1,1,0.05756096886894291,0.04335099629332952,-1.247243987024793,1.73128968059729,6545
2,1,0.07835838678566931,0.06378974556356018,-2.57369333343395,1.3070040655776323,6545
3,1,0.0880849484808518,0.08710024476085274,3.061367375126086,1.4210055109952693,6545
5,1,0.09508441372082055,0.0834887641495207,-2.9413146365411946,1.4053993293213438,6545
7,1,0.1014418824636748,0.06621866672406648,-1.0230951848620249,0.921533177352292,6545
8,1,0.1014463567899434,0.07595574981107059,0.057811525206437384,1.621473243000139,6545
10,1,0.11469861822897376,0.11054692545146573,1.5085799043610912,0.5929328346801911,6545
9,2,0.1059859676377295,0.08089834409333639,-1.0752354231023333,1.963519517579028,6545
18,2,0.12845373067021826,0.051448433777211665,-1.560729295726136,1.4996660361942946,6545
29,2,0.1573356832279419,0.08636613079603035,-2.957127191330082,0.8010199012427537,6545
38,2,0.16592073132829932,0.07522889687394567,-0.839054250658143,0.3417058013106006,6545
41,2,0.1680234147046069,0.15939342808438464,1.2705191353402587,0.5758328106350448,6545
42,2,0.16908321598333376,0.0987300870531673,-0.30320010457449753,1.9990635869748679,6545
28,3,0.1562771567625132,0.1077396121607138,-1.0714150506963414,2.4105876290208545,6545
68,3,0.19081473764533052,0.018020106893591226,-1.0182435222844268,2.1559743903178616,6545
70,3,0.19157606598429355,0.05849165477571318,-1.717294109838611,1.8739375347839278,6545
77,3,0.19673001399180612,0.12219006401950239,-0.5379661807415268,1.8581211689261556,6545
83,3,0.19861310537417198,0.09231637798587052,-0.4247217349355936,1.7599183689231226,6545
86,3,0.20062917391026291,0.11654032633041449,-0.8957740112806425,1.1164235443538508,6545
95,3,0.2044258282180732,0.068330791698353,-1.965846205455768,1.0251923327797587,6545
99,3,0.20668317277149384,0.08021607565836333,-0.7955714434879902,1.9358382814473485,6545
106,3,0.2092080115124163,0.12703506522706223,1.17810261014658,0.49917442139375723,6545
107,3,0.20933709429239056,0.14928726120886457,-1.7088607741514645,2.219324592315904,6545
113,3,0.2108325805124316,0.0871623080803685,-1.4813156026640382,0.8293241780141335,6545
149,3,0.22606352660959128,0.07308736318091323,-2.605516318097849,0.22015936382007947,6545
138,4,0.2227115343281746,0.11720336496183807,-1.2030788146255718,2.6179757424320598,6545
151,4,0.22656165968234887,0.12375707868120932,-0.4399486786529169,1.683482242933727,6545
175,4,0.2359717985105052,0.16226519899146233,-1.7481624387268213,2.320421594197649,6545
182,4,0.23781461027659212,0.05107572259545862,-1.5255151057408998,0.9931390958296225,6545
188,4,0.24173061322309164,0.11875424478749869,-0.8852938949932596,1.256325897543182,6545
197,4,0.24400702914084915,0.06445731742957074,-1.239956280982622,1.7120436390333555,6545
200,4,0.245963217357814,0.06795249919610474,-1.5207240326927178,2.2121218867540766,6545
222,4,0.2513769374849951,0.11826911149026093,-1.5720828976529193,1.7256451904122456,6545
223,4,0.2517292431986866,0.13362596445559435,-2.511706968987942,2.688219404855035,6545
230,4,0.25376868292367305,0.12732378846021888,1.7576249314288659,0.6375822063059866,6545
232,4,0.25428951321424786,0.1004496552468209,-0.47270605448741854,0.9660523953148015,6545
250,4,0.2613728917342898,0.08696997937925328,-0.47139934835341013,1.7853026635533764,6545
257,4,0.26201356574388013,0.09184972014080442,2.530866800246087,0.31134256343798217,6545
329,4,0.2802678379275776,0.09031449278242364,-0.8345172279022904,0.6264256934180332,6545
320,5,0.27848312838295874,0.1393096154368477,-2.7890276904158555,2.6373873447910765,6545
372,5,0.2894567955291588,0.11903063669088339,-0.31538121902226873,1.6379458808049792,6545
374,5,0.28967171969928196,0.0817376045914291,-0.6994077275912306,1.7809548081349311,6545
399,5,0.29344860037480114,0.1341179131616405,-0.27359189950966495,2.4412990825122094,6545
478,5,0.30711810801661765,0.10619980244136491,-1.4961787573949428,2.0904762339658474,6545
517,5,0.3139840303783582,0.08463990690530436,2.9626165495154635,0.7691499724024953,6545
552,5,0.31977408107226335,0.15944332020707527,-0.763321079980948,0.8775056875364664,6545
611,5,0.3286610676302766,0.04099735359531723,-1.412396712620979,1.0942543746022737,6545
676,5,0.33710071557675314,0.06503384601489032,2.8654197630680254,0.4293330279084357,6545
892,5,0.3587175884495182,0.061606829096265546,0.3615942360309787,0.9985256717724018,6545
544,6,0.3177287915462963,0.127879957544914,-0.38919668971645444,2.340618193578406,6545
585,6,0.3250090145044202,0.11108614683494332,-0.554447936884525,1.8263565388011958,6545
589,6,0.3253961377409814,0.12634517373325027,2.9174644952375406,2.5814286975914125,6545
724,6,0.34239982589496587,0.11405576892334329,-2.6736684919988334,2.2114156632215285,6545
804,6,0.3506332122873431,0.14269945257137323,-0.7938530293447743,0.718827937311943,6545
835,6,0.35407322924899476,0.07196590315820904,-0.7262397107020226,2.5662932520524167,6545
899,6,0.3596183400022659,0.06022515492828927,0.30371691573045934,2.02786829610647,6545
1015,6,0.3721227374197871,0.06365467024771163,-1.801339458607663,1.670451327654649,6545
1052,6,0.37555681623473625,0.0918593716173509,2.667723658593803,0.6117124185979955,6545
1132,6,0.3823909661966386,0.05138866995322854,-1.8316708593639008,1.1304916114653392,6545
1309,6,0.39593560846827813,0.07077438408946364,0.40131751129488913,1.185645949838907,6545
897,7,0.3595513457778694,0.14120232545350253,2.7738193737820143,2.598219602429862,6545
979,7,0.36792940331130397,0.1103898329696963,2.3132274568161275,2.7088495076235057,6545
1217,7,0.3902890649848014,0.11977121396362488,-1.140055849588574,0.6371400943728849,6545
1246,7,0.3918269735616564,0.11009548350034579,2.6771766063303613,2.2973815776025295,6545
1263,7,0.3925818566324639,0.08305991382562289,-0.18869258021472574,2.075193357618471,6545
1352,7,0.3991291169319089,0.08435744850077198,-2.0840269647273626,2.332034497844306,6545
1404,7,0.40255968387416374,0.1153502288433965,-0.3036838490730163,1.7476878249023624,6545
1410,7,0.4027416692922571,0.0966633267243281,0.07674948548383333,1.578808943421812,6545
1436,7,0.40464395570236367,0.057802098965247475,-2.1635355919456636,1.3062057107963538,6545
1588,7,0.414382783464022,0.10335963744567103,2.9170367936415813,0.4249313540099207,6545
2422,7,0.4623204946711168,0.06442263691369521,1.1349339242929337,1.6308761717408593,6545
1565,8,0.4130255997283522,0.1809025360482145,2.806110685848486,2.5841759037164542,6545
1643,8,0.4177123435379313,0.08701055034236439,2.0621019701459455,2.3354518783734526,6545
1782,8,0.4263570464522538,0.13723232562732882,2.5186482369306944,2.587381640280305,6545
1831,8,0.42992840308649516,0.11831186195626535,-2.3674388964480366,2.757404245284058,6545
1865,8,0.43243419707450825,0.10192873010459412,2.517549620163203,2.173892380715591,6545
1954,8,0.436988314913184,0.10224267965575869,-0.14513171465225863,1.6013408250261827,6545
2179,8,0.44935649891102714,0.1329227529240562,-1.4170317896288402,0.7654397912146709,6545
2387,8,0.4600877246683469,0.06545152047315536,-1.2293582420984046,2.2104140323431127,6545
2560,8,0.4689177751955528,0.16709765849276206,2.967084299258632,1.9980988757116405,6545
2671,8,0.4737482192531991,0.045757305377678505,1.1685190228606157,2.0956946608891003,6545
2867,8,0.4828399300479719,0.09997802771032435,-2.9526317516125937,0.8740700725865204,6545
3182,8,0.49489090920134493,0.08064970165257736,1.077647003784398,1.3773718379398137,6545
2072,9,0.44361278516101177,0.14567400841037734,2.408049121271012,2.584181846211114,6545
2089,9,0.44431185551270425,0.15466881919625458,2.9418251481494875,2.5782445449855875,6545
2469,9,0.4645399817202889,0.16524383039563495,2.905382962462587,2.3761736442923778,6545
2781,9,0.4796132291549067,0.09610150179895241,-2.677508673879095,2.4772119860155475,6545
3633,9,0.5116408494060475,0.1862202386546471,3.0692713005234618,1.9539783129258017,6545
3766,9,0.5164534750639524,0.09992007598018582,2.49294570956189,1.3381840333417292,6545
3922,9,0.5234606293500536,0.08367267928396614,-2.9630586999130943,0.6493986935269755,6545
4114,9,0.5322931515458893,0.04937587031333429,-1.8527170466650524,1.3999243463614002,6545
4142,9,0.5331995674082258,0.12498332564990253,0.670285629124096,1.5617459825216997,6545
4343,9,0.5439098096810124,0.07248039972255368,-1.703550427544002,1.3820195201703853,6545
4390,9,0.5465309001986468,0.08821109904411577,0.9300098717438956,1.6784017165912932,6545
3843,10,0.5193748656165655,0.10436225465007264,3.01122410704282,2.299045448326509,6545
3868,10,0.520805249251221,0.06544005072575663,-2.6662803528666688,2.5385781001674603,6545
3966,10,0.5257045468780231,0.11187449857534702,2.325953705411074,2.642881077543777,6545
4156,10,0.533778833809271,0.06170538748291987,1.8485463171584062,2.6249155157556925,6545
4174,10,0.5345828201802183,0.14159968586151975,2.2014035233343,2.1997297428425266,6545
4525,10,0.5536494965390424,0.05885608724644548,-1.8146675229632965,2.044480745062964,6545
4591,10,0.5575504222070342,0.1445113606892957,3.113731075817829,1.9945642291627501,6545
4700,10,0.5637895565097342,0.06940792054876702,-1.8003707478403892,1.4960059681449127,6545
4726,10,0.565940633031504,0.11563136049770482,1.605279174931746,2.1186781899792053,6545
4784,10,0.5693090988656597,0.07339249876448052,-2.0627763602851346,1.2372923979929988,6545
4999,10,0.5821897836021542,0.10437519755749355,0.6702002913401586,1.5464430255833694,6545
5024,10,0.5849658254944481,0.05426774611688271,-3.0767899382778716,1.4065811060185442,6545
4830,11,0.5714587047763717,0.13030937624770902,1.9724562639983756,2.1044790498852546,6545
5096,11,0.5910806519401566,0.09917321140319486,1.6229516430001056,2.2784931409684575,6545
5148,11,0.595754672778697,0.14838129260099292,-3.0432286389944556,1.92515084572904,6545
5206,11,0.5996628161875363,0.059996430402181576,-1.694175250724586,1.7479637343245844,6545
5247,11,0.6030484435068076,0.0690156852970844,1.4988083529529486,1.85631920259397,6545
5342,11,0.6094774550817529,0.11517368519984991,0.5433555696177237,1.6197789368632625,6545
5497,11,0.6223617885876437,0.05958751820232218,1.459492251352683,1.520601110347682,6545
5646,11,0.6359099910610974,0.07159980458624882,-2.824236339362364,1.759898541453119,6545
5498,12,0.6226839703946905,0.07046163288750318,-1.5209069116277003,1.692330234555884,6545
5567,12,0.6282142458299249,0.13649894831598985,-3.1072969508573935,1.9271090145736334,6545
5839,12,0.6552396431471641,0.11308643553400902,0.41279696531432974,1.9974759587819395,6545
5914,12,0.6646427921376803,0.07841995369377874,0.4188395174255047,2.5562034085279706,6545
5927,12,0.6673013464334805,0.0692854057945025,-2.8254072512665513,1.8231256656516246,6545
5931,12,0.6676880043248696,0.10847241799290681,0.29376452361598554,1.7927796817436048,6545
5939,12,0.6682853651529478,0.04584041550763207,1.8550255708660932,1.9909137215071113,6545
5940,12,0.6683387563236761,0.10403137837619002,1.1127525738705772,1.335341938153482,6545
5950,12,0.6691995817052365,0.018883988194741814,1.9362219642070821,2.8298738983322314,6545
5991,12,0.6758449836073531,0.04365331647419453,0.2624962502243012,1.9937903202639198,6545
5899,13,0.6633185672962311,0.15802238419741765,3.1260468335787253,2.096234041852971,6545
6061,13,0.6866437866059162,0.11828262555917406,2.784755532567132,1.9289172842065876,6545
6161,13,0.7059859044389891,0.054940410841350436,-2.3034772776325427,1.7751180444841186,6545
6189,13,0.7107897069987443,0.03332914252585383,-0.4026099856198857,1.8945976136310732,6545
6194,13,0.7115385757765603,0.05989058067548839,-1.4787907279647274,0.6746308673565512,6545
6218,13,0.715135592873266,0.07187911788476521,1.9985722445823773,1.3313502693085622,6545
6234,13,0.718274475711064,0.10027896095584396,0.19482802864434368,2.162370147747397,6545
6369,13,0.7502733560413327,0.05032244429575142,0.4525317503060375,0.9931563456746133,6545
6132,14,0.6996050926112538,0.15038916696699595,-3.028271124445912,1.9719311475933674,6545
6196,14,0.7117555779733233,0.16479090433686483,-3.0434073721906696,2.0873813926761295,6545
6356,14,0.7455967984507943,0.11529928654172487,2.3947786947251837,1.6366058720251826,6545
6376,14,0.7531594741993799,0.1257690700158455,2.4838709467666877,1.5819219162485005,6545
6381,14,0.7545818536083094,0.0942507852659469,-1.3374823301001526,0.9255882400208043,6545
6424,14,0.7712190348345683,0.020187149791066006,2.0457158308870693,1.0599146195591709,6545
6434,14,0.7769014012054017,0.08368284514011712,-2.8341165327106888,0.6273563005345684,6545
6435,14,0.777105995860025,0.0908517117201557,0.07368190093669967,1.64069593956655,6545
6445,14,0.7838574098054155,0.07869110806536936,0.3806953279376237,1.2292851411127534,6545
6446,14,0.7849028966127456,0.0531125661932005,3.0606424107133585,0.6371536533200319,6545
6309,15,0.73554494607062,0.17855470747888008,-3.0250661065200677,1.9575475672511238,6545
6405,15,0.7632582227863699,0.14688801684360325,2.9281629706175063,1.7443437091980691,6545
6429,15,0.7734761255398601,0.11173042701130344,2.521627280991378,1.7844913688706632,6545
6439,15,0.7814791561460156,0.11113543411356283,-2.6894087386513656,1.5985559186876512,6545
6456,15,0.7931718781247604,0.11830869413657794,-2.84797769605962,2.1653686051503245,6545
6464,15,0.7984934331476512,0.11771333170692445,2.5244424544805377,1.3200594852922307,6545
6468,15,0.8020935383843533,0.09092455808820374,-2.608768530676606,0.8600959720733179,6545
6487,15,0.8209268882020979,0.05797046540004896,3.0261419288392033,0.4105758185465059,6545
6505,15,0.8393389649150848,0.06148812105535749,0.21177590489592377,1.464671769828933,6545
6506,15,0.8393889643850015,0.044249268070867404,-0.1982361021250731,1.1314899118694124,6545
6508,15,0.8427580231082337,0.08728573891376028,-0.35285665718624265,1.0522447193730475,6545
6436,16,0.7798958422656789,0.160682125023772,3.1371410152373995,1.7865072993088673,6545
6482,16,0.8139212349421506,0.13481580014453487,-2.961091312859395,2.059722844551205,6545
6494,16,0.8280841403230195,0.09164860075861117,2.1496817563569612,1.67664621885462,6545
6496,16,0.8305459512264861,0.12043350489815582,-2.6319342396742456,1.712314330550346,6545
6497,16,0.8305777154959547,0.12315899243351205,2.9576016627026487,1.577263865232816,6545
6499,16,0.8356111875948736,0.12864687235676073,-2.739933112457323,1.432448555347221,6545
6513,16,0.8498775791020022,0.08137361135818746,2.7911010942023085,1.4076306537918177,6545
6527,16,0.8712790125341403,0.074425886011324,-2.8756741557966117,1.084312683008714,6545
6532,16,0.8871504870037468,0.060411421175892696,-2.62977542891877,1.6773621559894127,6545
6538,16,0.91745204208579,0.03267613415954207,-1.2282511475109075,1.0689090749061854,6545
6530,17,0.8851995793249521,0.10251815663205373,1.599002610329509,1.9144246594271916,6545
6535,17,0.9007985717363043,0.09386380042658433,2.852551679167533,1.189146127611354,6545
6541,17,0.9371889383869406,0.04219601144809255,-2.616554385468944,1.2458747501208316,6545
6542,17,0.9469307259463268,0.04258552997733386,0.3429641698938092,2.3848100884475665,6545
6543,17,0.9472875176804388,0.05004388487916187,0.287466736394745,2.2934090184457787,6545
6544,17,0.948104117216929,0.016763115617711325,-0.4550858418054588,1.51725218288929,6545
6545,17,0.9489614761891922,0.02937064767281115,-0.10313128115337675,0.3837882195023812,6545
6546,18,1.0,0.0,0,0,6545
0,0,0.0,0.0,0,0,6545
1,1,0.07145555357103894,0.061956027385412074,-1.5285621356782118,0.6423832408419373,6545
8,2,0.11106681580906808,0.08576231300774954,-1.4761513879611083,0.5406056262182737,6545
21,3,0.14251212179484796,0.06209909459302193,-2.013660635014176,0.3806459899988488,6545
45,3,0.16934830716112959,0.09351531613330388,-1.254553964895864,0.8021631136898443,6545
145,4,0.2260757691532529,0.057067626122077206,-1.1587836142558192,0.8553513120067417,6545
148,4,0.22634066243735074,0.08555449738343389,-1.4962438107792149,1.3123810198978703,6545
149,4,0.22646306130381633,0.07143851394168452,0.24309220966032963,0.5530837799369631,6545
212,5,0.24805838610633957,0.07631627956808411,-1.6142298123466876,1.4960752249412343,6545
254,5,0.26056731360817453,0.08073599392809507,-1.3569031442968187,0.610619911654387,6545
364,5,0.2862265309573794,0.11618102845986823,0.6401653024740501,0.23689279178389236,6545
524,6,0.3135188252116836,0.11410454776304324,-1.4533837395946911,1.9308120142893868,6545
546,6,0.3171750574729437,0.10355562323716506,-1.2267143196162749,1.6697873930661318,6545
564,6,0.3190864350107312,0.10008568422823405,-0.9051586609359733,1.5770826399838551,6545
595,6,0.3227226073900159,0.05207648103823515,-1.311211699140527,2.264010340276556,6545
721,6,0.3403570369011606,0.09144711455283827,-1.710630545523106,2.4612261412734724,6545
798,6,0.34872460662544147,0.11142863062541176,-0.07873817036030266,0.6481893661889164,6545
850,7,0.35337892687609707,0.060159970913962156,-1.100510388170673,2.621304378175822,6545
1136,7,0.3794820810020433,0.10584661729883599,-1.1989321331871345,2.496367159576037,6545
1144,7,0.38040778242322193,0.08505929042019617,-0.7855212435291402,1.4626224049075296,6545
1216,7,0.3869080195655512,0.15759745164539435,-0.7259103785527765,1.6531956635058063,6545
1224,7,0.3882547327621094,0.1438007148510505,-0.9472232704513902,1.1462133266476615,6545
1500,7,0.40856365892397684,0.10390344446854476,-0.18113728666570195,1.035161387002297,6545
1470,8,0.4064588084070111,0.09525834583729643,-0.7288089481955817,1.6138409565006147,6545
1633,8,0.41706837446570155,0.059282075211280885,-0.5365504276896029,1.579603003821081,6545
1662,8,0.4195650149290375,0.09058133542026138,-1.1802147654795714,2.4740976970001696,6545
1768,8,0.4261193036281635,0.14727053560178416,-0.64596246627281,1.6925593754143868,6545
1777,8,0.42664571167119325,0.048426937364610886,-0.1705940828997751,1.4591109820421584,6545
1875,8,0.4328459651311489,0.1136851715194034,-2.942733078634455,2.8020722927446324,6545
2268,8,0.45414603309517065,0.16165927325138416,-0.8881297958463988,1.2529824654856285,6545
2300,8,0.455409810523392,0.17543767971219684,-0.6510076345910187,1.4459763369612657,6545
2312,8,0.45603651121625544,0.10218670669379022,0.015035641290547295,0.9600828487007033,6545
2376,8,0.45954168289095887,0.14462044426077494,-0.49236629670583393,1.1389067399546926,6545
2650,9,0.47230425310661905,0.09412235687695714,-2.697004923883989,2.960994536045887,6545
2659,9,0.47294778789144554,0.10074275091489526,-0.799735341429449,2.3316674669616617,6545
2771,9,0.4776086350764728,0.08536830001118818,0.03352354861954165,1.6008307824813752,6545
3092,9,0.48961683132577216,0.0920826860749402,-0.4105988920359517,0.9404732076760278,6545
3352,9,0.49971733483155356,0.14238841013778883,-0.6599946085798126,1.3621081487656155,6545
3466,9,0.5038307241057299,0.10529801244618048,0.2767652918989555,1.2675314378193736,6545
3900,10,0.5224831005903826,0.09783390549608795,-0.9934583213218593,2.2217229161939622,6545
3953,10,0.5246984544093121,0.06063361718298743,0.43154519309105127,1.4969973180628586,6545
4000,10,0.5268097840917556,0.08656840852559522,-0.023489792997971805,0.9403301535249593,6545
4393,10,0.548955671290391,0.14011525941653197,-0.5285195440157764,1.6533970305965815,6545
4442,10,0.5518426240621014,0.1690892779374139,2.758077421305998,2.866834992960986,6545
4636,10,0.5631001396328841,0.1239157392008179,0.43685945312685787,1.3024660193048183,6545
4822,11,0.5740692733848323,0.062272775088656,-1.1074223154954,1.806198624762875,6545
4835,11,0.5749023932355694,0.17635102998553745,2.4996078721390917,2.911276297797696,6545
4883,11,0.5786594338900646,0.1387808505822549,-0.9292780484347215,2.4261954310558536,6545
4927,11,0.5816102193151926,0.1637185515492789,-0.6114493407345355,1.6114864351392102,6545
4980,11,0.584187761043622,0.10980579914487493,0.3878985744735154,1.650483238436341,6545
5013,11,0.5864468659079912,0.1281507922082799,-0.541497493239431,2.4334571121056947,6545
5102,11,0.5928295434617042,0.1276057501278262,0.505283905242145,1.4621408581684496,6545
5192,11,0.5988830748619448,0.0776974804567806,-0.5218353073869145,2.565221018208979,6545
5500,11,0.6240062428151862,0.11483481393379115,0.7507360551433636,1.5460523256410361,6545
5207,12,0.5996340066979857,0.16070134237773534,-0.6336492844205546,1.5281414519012606,6545
5597,12,0.6338854434811966,0.1324621510987715,0.49088410744066746,1.8145490599495264,6545
5654,12,0.6398827436435603,0.1354099420283744,-0.5364801397487609,2.3540625995141577,6545
5732,12,0.6473756105602344,0.10006367893178073,-0.5307671468725074,2.33788881232976,6545
5752,12,0.6490905788090329,0.11701562003058083,0.19802443793530994,1.3081039365929128,6545
5767,12,0.6510300363591256,0.1346587121785557,0.47300793986821654,2.0307105417350657,6545
5769,12,0.6513610296495367,0.10486779269896099,0.6926742280271236,1.4940315661418793,6545
5793,12,0.6534042233925063,0.14015667418931604,-0.015977410963066044,2.7922587382145334,6545
5796,12,0.6538167475228371,0.16119735699087281,0.2712629055316,1.8954532086225537,6545
5819,12,0.6555615137252842,0.1162950640979139,1.8488076589713023,2.763240049386329,6545
6015,12,0.6831589837285345,0.07682723672223042,-0.23524079805713272,1.7335073400507517,6545
6065,12,0.6913012035108449,0.04221565551140609,-2.5582881159341304,2.5167967293186506,6545
5840,13,0.6572402214938515,0.1705927146961814,-0.548494941832553,1.8581348299507232,6545
5935,13,0.6697318842767594,0.1670075996971371,-0.6352785834210766,1.8981521021186398,6545
6014,13,0.6831438178436295,0.11340236266696684,0.2052616112894511,1.087567531991376,6545
6049,13,0.6886854735931839,0.16477892477076705,0.5202561615614815,1.8712249162276398,6545
6051,13,0.6888876126121927,0.14051768668812845,-0.5291853420781626,2.2371088479304557,6545
6089,13,0.6952137079257293,0.15361850438593197,-0.5989284573917324,2.409725917412865,6545
6096,13,0.6964809088147405,0.13646636972331316,0.7135251488088222,1.8791505924954797,6545
6174,13,0.7113979955466039,0.14475575077669603,0.11333668103462803,2.1323943715007236,6545
6185,13,0.7143178742369097,0.14870046891333447,-0.17652287691884808,2.4134567436896393,6545
6189,13,0.7152951389666893,0.15336225488903701,0.30284876762800295,1.8841013943830804,6545
6205,13,0.7190004542782009,0.15969957758821784,0.21273422138080422,2.039128047636554,6545
6266,13,0.7349072455829334,0.08209215355693215,0.2076657704653786,1.969940771316881,6545
6322,13,0.7514670906156949,0.09330442215186438,-2.90609571366153,2.527984414449063,6545
6243,14,0.7283354481965946,0.1595202342850106,0.24134725153977965,2.069260454826885,6545
6253,14,0.7313248133452773,0.159980961389897,-0.16309474947424416,2.067267708693803,6545
6308,14,0.7479011669316058,0.14574931464683122,0.45580318125180364,1.9022500812360064,6545
6325,14,0.7519744474351138,0.13079929267313306,-0.41022764106027576,2.1982629556212236,6545
6355,14,0.7592520574629762,0.14594771075181157,0.13117008399183183,2.3906208478991817,6545
6432,14,0.7856363164496113,0.09555040035882674,-3.0930223748711643,2.478127108920696,6545
6449,14,0.7909102035025071,0.09290576889351651,0.0876676159346679,2.1353884547803768,6545
6413,15,0.7786366082635876,0.14489517723253054,-0.2475305727990967,2.315824898475832,6545
6466,15,0.8032781286643319,0.14312790996014874,0.39559981824837975,1.9039961204531524,6545
6473,15,0.8050273014781699,0.10499827708213114,3.087918162739392,2.358243447314901,6545
6474,15,0.805196537036189,0.11876108947095547,0.28272418447070685,2.4324371841074406,6545
6484,15,0.8160785131805713,0.10083241367983485,0.15426662286627224,2.313666325079525,6545
6495,15,0.8223055872188967,0.0813525646705029,0.31096157565389115,2.2738173835285718,6545
6510,16,0.8443684253806975,0.10937455073349553,0.5820255255347465,2.238774338918503,6545
6514,16,0.8500860435891269,0.12488373695167596,0.3267038137645302,2.073876781084703,6545
6533,16,0.8753824719118402,0.08113720679670541,-0.3220219994457771,2.2821913210744174,6545
6535,16,0.8786497345917428,0.08385463132444561,-2.5855297855136494,2.627803265833435,6545
6542,17,0.908724211686638,0.08932808425775507,0.31185760196412726,2.2096741706927623,6545
6544,17,0.9177881225950248,0.06113180268689077,-0.6989310631966472,2.2283908052277765,6545
6545,17,0.9419024369358142,0.03596368360145356,-0.8217092610713177,2.8452256726644403,6545
6546,18,1.0,0.0,0,0,6545
0,0,0.0,0.0,0,0,6545
1,1,0.0845547035760934,0.08182999823200647,-2.805163220340044,1.4557158553050065,6545
8,1,0.11762940680163014,0.11200789310425113,-2.9071706967122593,1.1669490381237098,6545
19,2,0.1369454375069855,0.0602406334201383,-2.4900508615115897,1.072173029381324,6545
29,2,0.14886221438599723,0.10251907085342635,-2.702331977419528,1.2680398267206776,6545
54,3,0.17600621347156176,0.06752689510297034,-2.5758914635330648,1.1226442906384448,6545
118,3,0.2147556213922679,0.0952439498443719,-2.7668552941851883,1.9099958383782414,6545
174,4,0.23419181682736123,0.0819390408357141,-2.9316275685020514,0.959751423829412,6545
200,4,0.24261804227237305,0.10932092539414966,-2.7524112541277916,1.69835091993556,6545
315,4,0.2726847970269589,0.07076272631376261,3.0791082424990113,1.6820138316895679,6545
516,5,0.3081396234216127,0.061195045073437294,-2.9030729154616033,1.6121427595490019,6545
758,6,0.3398341973950728,0.06347033524771652,-2.8567466537945174,1.8831422657056451,6545
1745,7,0.4242868521824803,0.07659147086068055,-2.2245782089836257,0.8208381581093551,6545
1870,7,0.43294802012662925,0.08581507985473735,2.1072550365128078,2.032023436606483,6545
2389,8,0.4591531958081072,0.06826058709193779,1.8837892620796626,1.8865936240570411,6545
3272,8,0.5000944089617296,0.08389742340504149,-0.7620130079253948,0.6409745440005419,6545
2958,9,0.4870315328765039,0.07884359004612014,1.821330244861483,1.695548038937057,6545
3535,9,0.5093463706489803,0.08425666974624067,-0.8599381494242243,0.6189400893945183,6545
3892,10,0.5258915439131734,0.09902538186947744,1.5244627406618025,1.545786329990594,6545
4647,10,0.563392996867855,0.09524667885249426,-1.5925126058717993,0.6119298190763968,6545
5660,11,0.6392284758052088,0.09494185465028909,-2.752515507417877,0.8063975271427679,6545
5726,11,0.6460884690129785,0.08908107197484189,-1.8845949725578819,1.3897953474616451,6545
5919,11,0.6664025556139607,0.09444993734051417,-0.0849637908251837,1.4377657241205457,6545
5988,12,0.6769379042975071,0.09244742197510347,-2.1250509109858746,1.2903464528300832,6545
6005,12,0.6805612033376905,0.08572161836262396,-0.012509194687838432,1.5372346949637339,6545
6052,12,0.6891601854372907,0.11732837345334304,-2.9229160464685724,1.0449357628011635,6545
6188,13,0.7132399765367774,0.11059785622628895,-2.3558662814296145,1.074542737888083,6545
6245,13,0.7268525206156566,0.06010646166096168,0.18015480374134177,2.0481051516976048,6545
6264,13,0.731893175881007,0.11544773057646494,-2.632389226747372,1.1001352390858203,6545
6371,14,0.7586097727575565,0.09735590604494762,-2.6057002520829333,1.074950383430127,6545
6406,14,0.773418395159015,0.0455356885900519,-0.13619293416740696,2.0714960625050196,6545
6460,15,0.7959744769202544,0.05214008915495962,-0.06941634133860933,2.1225615409857745,6545
6464,15,0.7984276745003187,0.08552862915131974,-2.9265574659256517,1.1588043781547261,6545
6505,16,0.8270372624691908,0.05223960911474401,0.3299745067237835,2.4983046200083487,6545
6520,16,0.8434381737895336,0.1208302189000731,-2.8598098640972784,1.3207725686562308,6545
6530,16,0.8546296592741823,0.04788365650139318,1.4015875264397892,2.3129427894455343,6545
6538,16,0.8813904833139227,0.06669478242298248,2.5503558654128202,1.4375689529161682,6545
6537,17,0.881207952010341,0.08675310425703968,0.3010088613733021,1.9705821487523048,6545
6543,17,0.9033064959322127,0.07113527003551884,2.0276973645784997,2.7707716823889466,6545
6544,17,0.9254719861952125,0.05903467882418292,1.7628231795786653,1.476261278280742,6545
6545,17,0.943769564598474,0.05587988628968994,3.1386174231653317,2.1235195564650184,6545
6546,18,1.0,0.0,0,0,6545
0,0,0.0,0.0,0,0,6545
1,1,0.07623854155704624,0.06882054645980978,0.7450320461922932,1.5626559216060538,6545
2,1,0.07730747986733177,0.07607204030412358,1.5922425892614953,1.4550950913481262,6545
3,1,0.08267701701326313,0.06504749574018703,1.03722989751211,0.803417093705284,6545
4,1,0.09816411529228908,0.07669217275343326,-1.4998179607668445,0.9370454918614308,6545
5,1,0.10267245878289677,0.08542092720719256,-1.3796608333913474,0.926859504410569,6545
11,2,0.11451414862478715,0.09317750724212102,1.2686776686668957,0.7875097071386804,6545
23,2,0.14319320063411656,0.07563097276283728,0.9523513902695915,1.3646961330740168,6545
26,2,0.15197288990328295,0.10181109041654732,-1.7844772179597148,1.1410338201358725,6545
40,3,0.1666714309458236,0.09143810320694759,1.7875964145255558,0.6985044724571934,6545
103,3,0.20396103146420208,0.035142285617843674,1.0928994407588895,0.7614448589241383,6545
138,3,0.21904749274912416,0.059063226509406826,-1.285371187842311,1.490406219017306,6545
153,3,0.2255188846484295,0.015963244769663494,1.8058645191049096,2.1936620367753847,6545
259,4,0.2608665149075913,0.053482966604540355,1.8964914845943184,0.6982843027311181,6545
308,4,0.27581887887881307,0.02755260185385614,-1.6489147593947349,1.5111705747504367,6545
352,4,0.2847435265358732,0.043295196140698614,0.9163206258445509,2.381235345679115,6545
712,5,0.33649400421933273,0.025207755662188122,0.8233177573843944,3.0206043120365145,6545
1135,6,0.3805560007137515,0.05745709070875536,0.5995827698252507,2.487613354437012,6545
1531,7,0.41444697703021127,0.06538376638063984,1.028084825923677,2.1658282017477557,6545
2583,8,0.47036248032590766,0.06470527714701514,0.31803021132497483,2.1339557355846512,6545
3941,9,0.5273002930765001,0.10145501080941988,-0.134164159174835,2.0465093594444173,6545
4191,9,0.5383159570100071,0.06242022877984823,0.8301274736123483,2.3828840184478177,6545
4963,10,0.5818452382062805,0.08095535210098737,0.40746728684972877,2.335330214823385,6545
5620,11,0.6322891678892262,0.09527090010289231,0.35600337308799995,2.803571381957656,6545
5959,12,0.6710098168748437,0.07523804399102975,1.1100749113816704,2.6558213704184426,6545
6034,12,0.6830133296692671,0.0666843276395225,1.1704220322604275,2.8927756256203083,6545
6317,13,0.7438277501626257,0.10672748947301434,0.03470835809325456,2.5266353047998327,6545
6326,13,0.7457698513953177,0.03571958296273588,0.2741411117657633,1.8128052917280528,6545
6349,13,0.751750876715456,0.06943471622884624,0.365874517237748,2.60337042332507,6545
6373,14,0.7618011824264547,0.10537866638961571,0.05301302670766087,2.550550067625178,6545
6421,14,0.7792176292424138,0.1044949140825155,0.45142077419192533,2.368025178006042,6545
6470,14,0.7999918300685249,0.12540600120800752,-0.7539983243573697,2.7765655402850378,6545
6480,14,0.8033230828949813,0.10933547154000287,-0.7217323715853805,2.3107480156076092,6545
6486,14,0.8076010845180539,0.07968571780268009,0.37823276713382237,2.0370195719881026,6545
6523,15,0.84397370762049,0.10271292187572868,-0.318002750038737,2.5755994748282522,6545
6534,15,0.8762777486682098,0.055165931357737646,1.1077307557438545,1.890266763487955,6545
6542,16,0.9053791648642004,0.0659861942819398,-1.0739309242985873,2.2917846291229096,6545
6543,16,0.920934089422539,0.042470048970437026,0.4192941263392347,2.6649950123814357,6545
6545,17,0.9575573173756182,0.03882479813094689,-0.8889763574556943,2.638828504175605,6545
6546,18,1.0,0.0,0,0,6545
0,0,0.0,0.0,0,0,6545
1,1,0.05246017189185681,0.030509157765322863,1.747712526145903,2.297868567421697,6545
2,1,0.07441961857558499,0.07061158155143263,-0.15932209329705976,1.6181021170559942,6545
3,1,0.07835323392973581,0.07307018303303713,-0.13110203862192263,1.7512882615338174,6545
4,1,0.07836326852880982,0.06278386364273221,-3.003060707723079,1.999449203174009,6545
6,1,0.0953997355481887,0.08784099148870637,-1.5754030802899264,1.3811183564352612,6545
9,2,0.11153334943468374,0.08595360620199961,0.2589548228344307,1.5489873598818773,6545
12,2,0.12195608361681953,0.08041876385575893,2.9253374312945297,2.2373477526269436,6545
20,2,0.14390055759898002,0.06803087850232546,0.37414505219121913,0.9703076064470539,6545
33,2,0.16429069589622636,0.14579545902248436,0.061337927849106355,1.4250866538603308,6545
35,2,0.1647979916538389,0.08026342611351125,-0.8736825644292326,1.7676247857327452,6545
39,2,0.17087092141228677,0.1486624269403599,0.12155004201442153,1.8550024021618678,6545
58,2,0.18905234270506743,0.13424056363025164,-1.5023396311720572,1.798312192528774,6545
71,2,0.19594737558020991,0.11912877484794587,-0.8897313603334699,1.8294445707443727,6545
37,3,0.16891508145275824,0.09503041440087208,3.116809657653909,2.399036067932758,6545
40,3,0.174217376816174,0.08822646729622803,3.0017586591772805,2.733938889699608,6545
84,3,0.20359670428677057,0.136983750058832,0.3264450636398641,1.8234534121342685,6545
93,3,0.2085385972190118,0.08598994845408282,-1.2345695393573741,1.977230200877471,6545
108,3,0.21498972642046277,0.17688455605693937,0.3949300589815544,1.555866842952153,6545
126,3,0.223282700671106,0.11424581759481184,-1.3943431994943893,1.7275768567084298,6545
127,3,0.223384684813567,0.17936614018811275,0.052992552811634765,1.6245421567220077,6545
130,3,0.22496455052543674,0.05407555356313406,1.2086178223233282,0.7128901745316572,6545
153,3,0.2317151157933498,0.14317240116276872,-1.0324060038735419,1.8228533008697776,6545
196,3,0.24928672717249334,0.13622741544124223,-0.619471346297303,1.9279150499978759,6545
139,4,0.22766442856971247,0.05842051230043349,1.6981453060839968,2.6991460733465176,6545
219,4,0.2559429823254994,0.08537727221511428,0.07675543347324781,2.580933905186999,6545
225,4,0.2593711187658816,0.06575796926683707,1.1803535790177413,0.5624813965393467,6545
231,4,0.2599066776961516,0.14575435996950614,0.3895488993648148,1.6459995884091079,6545
250,4,0.26504564268079855,0.14664911185666887,-0.8429368504545945,1.844181898179411,6545
278,4,0.27185909972726163,0.09334221573414717,0.6282969692123789,2.7987585562757165,6545
332,4,0.28471696838969196,0.1539715055510823,-1.6254077439681558,1.5129309745909671,6545
351,4,0.287536855152574,0.1402303693760503,-0.7681792744408678,2.0394909841023567,6545
459,4,0.3054699040588207,0.24297079634441293,0.05220347539336592,1.6626525684296536,6545
437,5,0.30118473800199075,0.14536353161668444,0.42375596123771875,1.453182930308788,6545
449,5,0.30295416072615833,0.08289881437949245,1.173726308122547,3.091435477820895,6545
455,5,0.30486971912637717,0.08685608011134066,1.7102122526247499,1.8059836316845095,6545
481,5,0.3087277295259606,0.1506696039925849,-0.808673183721533,2.044583854672366,6545
491,5,0.31086953237984216,0.05864126326057279,0.8898329973100043,0.9238746987204456,6545
502,5,0.314143069141264,0.1842956591205366,-0.8420502426594441,1.6713546187168586,6545
676,5,0.3401458958521738,0.2234633341432667,0.07718722320265503,1.7635729805620746,6545
808,5,0.35341354343968623,0.13032361133217832,-1.89677814379265,1.687410312221525,6545
797,6,0.3524806309491215,0.21254892592088656,0.09191440325270722,1.7787776309119845,6545
917,6,0.36455959233813484,0.13468860713995118,0.39410353049415275,2.965277084542159,6545
941,6,0.3669861262257177,0.11504810232237958,1.7136856575911592,1.3883181165717489,6545
966,6,0.36969188301188094,0.11045761963246759,-1.1753308465575516,1.9254055319630157,6545
1041,6,0.3762666321979429,0.11307384162468255,-2.0095443011299503,1.6798635219248614,6545
1099,6,0.38020914061858024,0.17822711680281295,0.3169081857979732,1.3143610184132775,6545
1133,6,0.3834552538985644,0.09035888241667284,0.39355873435771177,0.8037954635037616,6545
1226,6,0.3920146960265283,0.19052733297649857,-0.9895494979267337,1.4076327599340166,6545
1269,7,0.39473706997625224,0.22188734643253397,0.055409035354031605,1.7152722279736732,6545
1347,7,0.40074409967266666,0.14252155184611243,-0.12223878450294079,2.8805697460933577,6545
1525,7,0.41196128864107984,0.1731814394220627,-0.9709844856129659,1.3956561820804478,6545
1567,7,0.41464751290326374,0.1165608471938166,1.8106929770106373,1.5409836585472456,6545
1621,7,0.41705892208108175,0.19032448351966652,0.14942080747406314,1.283598759999645,6545
1650,7,0.4185281687827813,0.11452377074801008,-1.237341267717719,2.2950117661663385,6545
1703,7,0.4225404105126852,0.1312704509721439,-2.2073484173787716,1.848726631043538,6545
1905,7,0.43590505524558143,0.12006169969796021,-0.10666488030675385,0.8380644629689611,6545
1786,8,0.42860273894354506,0.11767966733409677,-1.224714155050875,2.3657586937494792,6545
2038,8,0.44399205937825703,0.1951058219381124,-0.9545230979749677,1.3538666671712258,6545
2122,8,0.44894455846982884,0.11292018957287887,1.7389787112562418,1.7240166055931374,6545
2252,8,0.45472353019933665,0.16702324396951598,-0.6149533419168434,2.83539430789082,6545
2263,8,0.4552360085136211,0.17541177629969992,0.1409928275225821,1.6524271647978868,6545
2570,8,0.47065601233319865,0.12182268361346282,-2.0844731617107373,1.7726541493954977,6545
2841,8,0.48209773768777997,0.10707330250915208,-1.9113173128236696,1.6032927638827765,6545
3024,8,0.49046266511362335,0.1336894156075448,2.2720115886632484,1.9329705506057304,6545
3100,8,0.49394985537576874,0.13707587889117342,0.0876298140114816,1.1338628491093508,6545
3475,8,0.5094307189007624,0.14572396175705163,-0.40382310176140573,1.3070627542830184,6545
2272,9,0.45568943296287834,0.1334247979053956,-1.3112005316741704,2.4195903847927354,6545
2952,9,0.4878452863195828,0.10695242231862163,-0.7914605073640665,2.302754912256141,6545
3314,9,0.5026064699059468,0.1758162852034398,-1.0161054726224397,2.156148239460471,6545
3426,9,0.5071949805001075,0.11998424176500586,-1.1655575515558059,2.0153895641104738,6545
3522,9,0.5116637499261859,0.1325391084170488,-1.0301565199155496,2.8630841729800047,6545
3533,9,0.5121728847761339,0.1664342586253782,-0.08727109491264722,1.5825175163833156,6545
3657,9,0.5168851092633299,0.1265210534766004,2.22403669091298,2.026217110158083,6545
3767,9,0.5214096684007979,0.10381782225116867,-1.9737795760263546,1.5665900842060623,6545
3844,9,0.5248347454995432,0.08313968129806217,-2.2491877078181504,2.229611716386318,6545
4080,9,0.5359830598171867,0.10181415648804164,-2.325384527244853,2.303127801257329,6545
4127,9,0.5380839291333598,0.11289378497862036,-0.06282687227832652,0.967534928991164,6545
4197,9,0.5417338056300197,0.16799766243750244,-0.7040254831629752,1.1863587402493758,6545
4459,9,0.5554043411215673,0.17076643191558766,-0.3510209692858189,1.125405233047495,6545
4240,10,0.5437710524291149,0.0802620661780722,-1.3338891767410521,2.2166943299154145,6545
4261,10,0.5450467488887127,0.1417790064230268,-1.8161706530041903,2.8670083299154965,6545
4350,10,0.5493768516314684,0.17040612456315163,-1.6870279099676275,2.1505438845209137,6545
4384,10,0.5510889301233757,0.14962526010616511,-1.0346550499099079,2.038722894441143,6545
4409,10,0.5525940980988951,0.17070068048137593,-1.746098086515657,2.1614220181252954,6545
4413,10,0.5528540573528599,0.15136811787210988,2.15243274447589,1.889041048380095,6545
4466,10,0.5558192042351435,0.12134293153150409,-1.863984218429569,1.4144904621338168,6545
4584,10,0.5615449120671302,0.09467985396306337,-2.214940990692727,1.7794890042064255,6545
4800,10,0.5747514969711113,0.11188514028292441,-2.4598165846493694,2.0343128860437982,6545
5285,10,0.6061103429376802,0.16131647235236546,-0.2870731010073272,1.107647972566377,6545
5044,11,0.5894398334132898,0.16171345719904862,2.169824601289313,2.0571650247426,6545
5076,11,0.5916165154684466,0.0649029569841325,-0.6319566744874165,2.4706757151753043,6545
5109,11,0.5940514861700565,0.1852821012442265,-1.1220923673824375,1.9768178193293726,6545
5271,11,0.6049011261802647,0.11951954994391174,-2.3192349955626046,2.2131159944639975,6545
5331,11,0.6097602790963211,0.1607727753280294,-1.5360681456683454,2.0093548983192306,6545
5372,11,0.6133676284165918,0.10976131467888743,-1.9309306091366416,1.5043201594741344,6545
5375,11,0.6135673782082726,0.04862635698433471,-2.381951626504573,1.5440564942691768,6545
5380,11,0.6140466943232314,0.1776252893446161,1.9018587110800702,2.0251954833477406,6545
5399,11,0.615630093974092,0.17884776357819657,-2.1995969734504595,2.8764575125407412,6545
5469,11,0.6221517101359314,0.09312927969318942,-2.019776254554157,2.7380317412326907,6545
5553,11,0.6289166827203924,0.1466132546122746,-0.2644428648650277,1.1993356955421701,6545
5597,11,0.6330732071889601,0.18409753403704393,1.7763901013654648,2.0697475658464923,6545
5642,11,0.6378049810305569,0.1929327584284932,1.7796702095534214,1.9750612162974939,6545
5580,12,0.6317385091761708,0.1718585401113377,-1.1383606800260229,1.9092642252958465,6545
5656,12,0.6394697047673409,0.11079450556451477,-1.9059699450295802,1.5376424823415813,6545
5821,12,0.6593112353575674,0.1514208554703639,-1.737439503630734,2.1571814068530504,6545
5848,12,0.6618715986194663,0.1793322013476489,1.7827621607590771,2.0532331479028016,6545
5903,12,0.6682723713879468,0.18494617065659655,-1.5894240644740205,2.8123174303018046,6545
5926,12,0.6711412898336758,0.17600975651902662,-0.22847033063712507,1.039809112689756,6545
6004,12,0.6839168411893893,0.17395017674150007,-1.5352429280849829,2.582755320990322,6545
6011,12,0.6849885382143054,0.08058127273730548,-2.7915929113545808,2.315491962581748,6545
5935,13,0.6728579734882112,0.15411230861061337,-1.061784228019696,1.802613726100118,6545
6049,13,0.6899996676725411,0.17757820182512607,1.6380600546877155,2.12826069385505,6545
6070,13,0.6934035695065712,0.20648375868761348,-1.0258474114422087,1.8178977513155654,6545
6091,13,0.6971762430998555,0.06960033551928468,-1.52290883144786,1.5089688544232371,6545
6107,13,0.7007787658693448,0.16378783699730368,-0.21417616984702348,1.1366021184361286,6545
6138,13,0.705860764300079,0.1698233705810239,-1.3835200208915734,2.645085106936704,6545
6151,13,0.7076677362554383,0.13823386360592638,-1.403017547346715,2.0729779073255568,6545
6248,13,0.7239361738065393,0.07353340079381661,3.033988232524162,2.039067711076719,6545
6290,14,0.7354371554906366,0.18364690409605736,-0.3621645070805433,1.2186689060237628,6545
6298,14,0.7378277116189981,0.11977484190373094,-0.8832127447352077,1.7042109730990613,6545
6334,14,0.7476926185480659,0.15976116339274068,1.4099513048840968,1.884740581754932,6545
6347,14,0.7519811460650219,0.1495977176228438,-1.455523225334063,1.9253298507029206,6545
6354,14,0.7533723103276999,0.1807119560145464,-1.1413463819915737,1.8950749545678158,6545
6382,14,0.7630247631402064,0.05926931267640941,-1.8394169322337537,2.3278111951385325,6545
6384,14,0.7645423864146538,0.08558071151799415,-2.9150880466598665,1.8196016631231335,6545
6395,14,0.7684681358813665,0.1586750790631268,-1.6039480215445268,2.9244236085843944,6545
6390,15,0.7671718373933056,0.16792256250049914,1.4789902117339326,1.8207066212200294,6545
6452,15,0.7993354562348448,0.075879568905466,-0.7902009465433194,1.3389914901735476,6545
6463,15,0.8112872514093925,0.14150733548201566,-0.5668897735763508,1.123094646676871,6545
6481,15,0.8239129044787976,0.11224535338014831,-0.09459913438371005,3.1163058045202487,6545
6483,15,0.8266960245680073,0.07993821805731845,-2.2941399741486252,1.397107640280677,6545
6491,15,0.8330956448520902,0.06258189962728782,-2.008545337786238,1.7964125348533155,6545
6494,15,0.8376133786154437,0.10318072963020164,-1.3604991350103743,1.9032651122343567,6545
6500,15,0.8417889106348706,0.09066614509809912,-2.3746138462209427,2.5150789140403016,6545
6485,16,0.8290631441955199,0.1375463496914645,1.271363047344574,1.5925279843837177,6545
6498,16,0.8393517240840461,0.12027371164615773,1.2282269905372676,1.549507333512703,6545
6516,16,0.8620527579214546,0.09331900112070439,2.2828163200373583,2.880689359723072,6545
6520,16,0.8649416959181319,0.11706920419236902,-0.5237355695475125,1.017468838458498,6545
6522,16,0.8656578858383537,0.06844194039171538,-2.2394066723491264,0.9487264179156414,6545
6525,16,0.8682756804466278,0.07787016938272913,-1.556494925344515,1.4787813610647194,6545
6530,16,0.8780510733809697,0.06671011948707216,3.1326938296060534,2.902405424080703,6545
6532,16,0.8813546677567132,0.046803197599690836,0.5645221962481052,0.9533154870394291,6545
6535,16,0.8832956326305271,0.07525762482662832,-0.9748337287895722,1.952594524096783,6545
6541,16,0.9197052377814328,0.04588936700322987,-0.5290309231385693,2.5578337018134505,6545
6529,17,0.8757624349502607,0.11802585686271505,-0.5085839036021276,1.0191524626780366,6545
6542,17,0.9323420002940873,0.03154237204986711,-1.0169683990718197,0.7539507155347434,6545
6543,17,0.9333955714324587,0.03769825734956449,0.9938178930778531,1.6653396435584236,6545
6544,17,0.9447241679183486,0.023850624339869963,0.6432197901832384,1.8970976787016385,6545
6545,17,0.9565614083474063,0.02120840287760781,-1.5569865744145244,2.55308968902807,6545
6546,18,1.0,0.0,0,0,6545
0,0,0.0,0.0,0,0,6545
1,1,0.059643832467382585,0.054532649985973736,-2.910145372200088,0.9000122735303422,6545
4,1,0.08748477434681967,0.08211872838379046,-2.1055769783585023,1.8977069524893457,6545
17,1,0.13852067467916718,0.12138199767804173,-2.344006265011283,2.238408164575611,6545
8,2,0.10332993366683485,0.04084638148491501,-2.8299903652358425,0.9170005854549752,6545
11,2,0.12067171629207396,0.0921028689153675,2.7439475073767365,1.1442554408409404,6545
27,2,0.14800290439860564,0.07363534368818185,-2.4491345833069906,2.0958734929897256,6545
56,2,0.18953923688700203,0.1260803563289431,-2.5204590857284477,2.500336103264395,6545
46,3,0.17545648177120288,0.08178658452217381,2.8163801384760268,1.7592854577682504,6545
52,3,0.18347023749262636,0.09310490564232306,2.3229395495739538,0.36717437974774203,6545
115,3,0.22006038787394533,0.12291859984717082,-2.5690291289658544,2.4369212706998358,6545
84,4,0.20496681586858023,0.09713321235998497,2.570521626456648,0.5386824545030472,6545
86,4,0.20638064172914772,0.0742462040662309,2.7182903595374985,1.4201316443550684,6545
289,4,0.2780251455419245,0.11584886264956287,-2.3749649726297983,2.2638455576325436,6545
142,5,0.23695114741561496,0.08405320009391505,2.8956883505185615,1.221753780735182,6545
302,5,0.28154379637599236,0.12192135692840589,2.2726361942896673,0.8393522916695091,6545
428,5,0.30707620804683555,0.1402201289914357,-2.485939270072921,2.1808000022709364,6545
425,6,0.3066348491333878,0.03745535637284863,2.6267609708318944,1.7715248858057218,6545
582,6,0.3305528243372302,0.13591493902530424,-2.8354566412598037,1.5078908172158596,6545
708,6,0.34589233214604054,0.16426640308721058,2.1963742725644173,1.141324197324325,6545
769,6,0.35296544907761906,0.12497178280617895,-2.160407726353254,2.0625466212259624,6545
774,6,0.35362427525758533,0.13436574691487854,3.0773732832902723,1.368363009051572,6545
745,7,0.3503460528405724,0.05172367065497834,3.1249407181335838,1.2258243178564507,6545
1087,7,0.3823157346137672,0.15142036756545635,-2.8522227323759304,1.5406497487353175,6545
1088,7,0.38233396013571275,0.03792282396062495,-0.9741391615656136,2.501491924352643,6545
1175,7,0.38780290112081606,0.14993530038855166,2.883702977556271,1.4293593270573024,6545
1303,7,0.39706664670351155,0.19728412038345244,2.10745820689145,1.3170567160329352,6545
1375,7,0.40217050244983976,0.09929916634925832,-2.306707808935453,2.1641133076634316,6545
1529,8,0.4119669171057121,0.13049334081644842,2.7965002676030415,1.4690295578920334,6545
1617,8,0.41801645419364986,0.1856414553561817,2.0317453846591373,1.320898550135312,6545
1738,8,0.42542685748431974,0.17113499512880212,-3.0437138060264033,1.659557082423306,6545
1934,8,0.43781343232082826,0.11371077605220267,-1.9886037336990963,2.1049948286135325,6545
2313,8,0.45895368455716334,0.05014505496852535,-1.9093568187125516,2.10372128346606,6545
1975,9,0.4404725819937988,0.1217252110735067,2.93019129280421,1.4561339929646169,6545
2222,9,0.454720561248909,0.17906537105610285,2.0560739105589634,1.199802265088328,6545
2452,9,0.46503473623386504,0.16861022953574148,2.847091926754024,1.631183149924587,6545
2718,9,0.4766759571360212,0.15078917382670914,-3.043820247099054,1.7714445472793772,6545
3312,9,0.49967323233655403,0.08816494284400096,-1.836017335752795,2.025925293459047,6545
3937,9,0.5260820442818346,0.2225392238015729,1.8251501200943905,1.5941895968133524,6545
4213,10,0.539501316647273,0.08224633820728593,-1.4389998823363235,1.9386202363314498,6545
4301,10,0.5433206454155763,0.15307909952061163,1.9822715994573277,1.3267464135601201,6545
4476,10,0.5528480469249738,0.1912893976363999,2.8552789723318206,1.7606781516668601,6545
4599,10,0.5602072751010566,0.20530879660008686,1.8632916153250576,1.6378991749251908,6545
4660,11,0.563907236521042,0.09443459070765588,-1.3241843159954412,2.1253751078140817,6545
4821,11,0.5731510623524136,0.18636624535073035,2.8366357670243327,1.749413261231441,6545
4954,11,0.5808274371152521,0.19295164407783813,1.923678109402204,1.6221523091051986,6545
5062,11,0.5869174772478822,0.15142100886040588,1.77566503976645,1.3604639353517416,6545
5082,11,0.5887167152243268,0.1442781396709852,1.890942349743319,1.326609835206583,6545
5454,12,0.6175038283185104,0.15209552949513414,1.8182022388616688,1.2453686196680263,6545
5484,12,0.6201765423354625,0.10089338623682545,-1.4583548942282847,1.6415775184488035,6545
5554,12,0.625668154664712,0.1702172170390072,1.8666297381989827,1.3521450969853916,6545
5571,12,0.6273731178447615,0.20276171589237732,1.84379809335495,1.7024005639417747,6545
5579,12,0.6280183591523938,0.15509871263196887,2.0274247747650325,1.3537675049541327,6545
5630,12,0.6335159930231747,0.14646798088879287,2.890967676561668,1.7304835936727971,6545
5661,12,0.6364354523271379,0.08602945299484384,-1.670667372751897,2.6266240558709772,6545
5877,12,0.6617856681374502,0.1884024829973751,2.377800695922777,1.7022760232364005,6545
5911,12,0.6663228524248089,0.17722223864251319,2.3935941211613496,1.6535804748190572,6545
5764,13,0.6491421478508417,0.14721326930315076,1.8406038367870134,1.2225690916912841,6545
5918,13,0.6668036161396785,0.13575944683073174,-1.217731961104964,1.5876062653352818,6545
5995,13,0.6758905965032103,0.07154616610968365,-1.6992642695704925,1.5826729440509018,6545
6016,13,0.6796345117171532,0.16156673534477237,3.132421038381425,1.7645099681365284,6545
6033,13,0.6834024393662135,0.16477638775047596,2.191521846426212,1.6128929529734937,6545
6046,13,0.684939360662303,0.19567818882971044,1.9232636953771218,1.7371614687381982,6545
6054,13,0.6857023230487755,0.09804880351001335,-2.9818412963491485,3.028285720123909,6545
6067,13,0.6878280918379028,0.15767812372540427,2.0829366391677753,1.375879475944912,6545
6091,13,0.6903497188356225,0.18721814756665742,2.297827451280972,1.6308647232806428,6545
6144,14,0.6987965857817866,0.1246724830733316,1.8995720618825687,0.9909181177623826,6545
6188,14,0.7059414363126055,0.056736769429013345,-1.4999900402983228,1.5196400489180133,6545
6218,14,0.7126491904573139,0.10865642447618452,-1.2525783855417785,1.558168524378921,6545
6219,14,0.7127929069430502,0.05943366877054888,-1.7917738903158664,1.639255985130129,6545
6255,14,0.7193836765394512,0.1488721297284698,2.9234607397832875,1.7217611008268796,6545
6377,14,0.7567701736470983,0.06544668275124103,2.75985539952367,2.9340741725010187,6545
6408,14,0.7669605279648499,0.13858563147697944,2.255840113813801,1.6882958575915292,6545
6278,15,0.7247827864528922,0.14375759217172432,1.9706099715303151,0.9236921803151308,6545
6388,15,0.7609790936711733,0.16667560971239567,2.9513324267251084,1.8079790497341683,6545
6397,15,0.7630132286575122,0.10881817109632634,-1.693029448126735,1.494943881463454,6545
6416,15,0.7682850997827195,0.07090753795874821,-2.3304534756229507,0.9164990758598894,6545
6447,15,0.7803626986718556,0.14521780567618325,2.2528014802587957,1.7596958737741353,6545
6456,15,0.7844755011184449,0.04828224720989016,-2.0579177676447307,1.072084144096717,6545
6459,15,0.7852702840735316,0.061126717296837066,-0.6580000192631181,2.939395065287501,6545
6463,15,0.7892242535391938,0.10548256518642149,2.7409786815139836,2.093577343502538,6545
6482,15,0.8002550003678046,0.03199617904181997,0.6444543918993436,1.7560072545555956,6545
6487,15,0.8058216206691576,0.0935928550094594,-3.024203350027927,3.0420735843925617,6545
6494,15,0.8133200864811568,0.04166644268887007,-0.7489275705206346,1.3226566731968064,6545
6385,16,0.7600905465147985,0.15548779957217676,2.164747783332719,0.9640679206801862,6545
6473,16,0.794677791599262,0.12242396196379948,2.132601972010562,1.0525782526004692,6545
6501,16,0.8188282163525334,0.12041547814876642,2.0915009526197768,1.582948191826323,6545
6509,16,0.833038191675387,0.08844902699992113,-1.986114532092664,1.8334365636092103,6545
6511,16,0.8344035821741149,0.05159570185380697,0.11212961878429016,1.9375670202199662,6545
6514,16,0.8401005298820255,0.07871064311358318,1.1877591371796934,2.4877132184279986,6545
6522,16,0.8490284816464574,0.12759023772950415,2.6055491682442407,1.9579825259611687,6545
6536,16,0.8783751760242235,0.0498773764281,-0.8987857751824052,2.368603666037516,6545
6515,17,0.8406739138435025,0.12130247908294148,2.2448977037778377,1.043468352319011,6545
6534,17,0.874162598397027,0.09792630884608279,-1.8181627736637402,2.1167164778765684,6545
6538,17,0.8942432789174962,0.05762032352248719,2.9684581908636187,1.627471385128694,6545
6539,17,0.8958203700688845,0.095525509141657,2.867887034591924,1.7991851010455218,6545
6540,17,0.8976623973480928,0.06433979534261355,1.7993998243609353,2.06279927251717,6545
6541,17,0.8978894287696353,0.09046462520503072,0.21524568180924786,1.2702937482062142,6545
6542,17,0.9103935418463542,0.08886325539371813,-0.6217267006062323,1.977983215334713,6545
6543,17,0.914656626710301,0.0633078128679478,0.4648433074093566,2.7127336080173703,6545
6544,17,0.9180630233838846,0.0777265872963214,3.095851623368422,1.429025527067513,6545
6545,17,0.9286847324889669,0.061465144811532,-2.936922069864848,2.956824558930469,6545
6546,18,1.0,0.0,0,0,6545
0,0,0.0,0.0,0,0,6545
1,1,0.06942371346322884,0.04974790412121727,2.398644168776427,1.2320690641163483,6545
2,1,0.10141866457406423,0.09047847522925156,-1.4595817041760055,2.0033985237369185,6545
3,1,0.10320393582912435,0.06505806234929096,1.0242849759354857,0.1053565964043119,6545
10,1,0.12505416555632876,0.12011119851182449,-2.867049546652526,1.679640790961969,6545
34,1,0.16160275801505208,0.16053726601117152,-0.9459625287638637,1.2536415000581842,6545
14,2,0.13302801423468835,0.0912956687041337,2.4286061796076757,0.9388492172901081,6545
18,2,0.13755795889595257,0.0741271433147522,2.6918123522718775,0.5608263002001702,6545
23,2,0.15342989513552419,0.0644949265441465,1.0425715004482323,1.1293534773381493,6545
36,2,0.16457038008374836,0.08409455395004187,-1.6711227230745054,1.7033453111900447,6545
42,2,0.1704879448332116,0.08459899560067083,-2.2861021833733814,1.1072287783406396,6545
57,2,0.17845734841408123,0.09538755864941621,-1.7189369807025605,0.5875494311839665,6545
79,2,0.19630124385630776,0.12049117585229588,-2.617750630319805,1.4880989787192536,6545
94,2,0.20887676021326052,0.18450897369951982,-1.1144790924960375,1.1907821403127512,6545
37,3,0.16592447248851971,0.09103221188136729,2.1130302581378935,1.0261549836241728,6545
101,3,0.21153991227352476,0.02950480469655242,1.5628748296357662,1.2791731121703007,6545
125,3,0.22542269281847072,0.12107802531826425,-1.549503210831612,2.1112913359692884,6545
129,3,0.2261181082537309,0.12571435739231815,-2.5031115754088282,1.3782818546994973,6545
151,3,0.2386888959737029,0.12575219099631943,-1.600527055865674,1.032700980167433,6545
190,3,0.2509297238121777,0.15120028042687486,-1.894180550651718,1.641743026236907,6545
337,3,0.28461780442972995,0.1959318544107288,-1.3885261158887658,0.9542362389828117,6545
226,4,0.2610736442668997,0.02624808487741159,-2.7553885385301182,2.755572729977774,6545
230,4,0.26239817473634464,0.1240169858379767,-2.7199339015110833,1.2669269249996278,6545
241,4,0.2638420168146113,0.05261486134363512,-2.5653929996635187,0.34774186106533456,6545
264,4,0.2677368580201096,0.14431054616219505,1.8995320529728985,1.0013658553206422,6545
288,4,0.274234205220518,0.1528931966833776,-1.414156187046311,2.0590445602159577,6545
369,4,0.28911261321222625,0.14498895221298666,2.815738802141089,1.3187270451905093,6545
388,4,0.29291459184705015,0.16248005141261118,-1.7440204865747482,1.536151797276163,6545
429,4,0.3008057995509291,0.16817187218649193,-1.468130843627923,0.863547016541607,6545
505,4,0.3118063574954745,0.1719040807121254,-1.5702071382601324,1.7920614858664543,6545
567,4,0.32164213909676564,0.16262794166527175,-1.7921435077490582,1.3574652962815663,6545
611,4,0.32760157212575924,0.22658530211609387,-1.430743983568585,1.0466754140013945,6545
683,4,0.33701906959858996,0.17999709305233336,-1.6522527378907323,0.9984346446089476,6545
272,5,0.2701846011081497,0.024223597439715482,3.032891119708031,2.7689396884325914,6545
406,5,0.2958596312514834,0.04962985187604151,-1.4520711540021107,2.814788439536998,6545
689,5,0.3377658792975724,0.12415324081929466,2.4204804328488247,1.11855065649157,6545
816,5,0.35090295679161176,0.10568035097674451,-2.0866493919390043,0.6074805109870897,6545
833,5,0.3527113745512649,0.1310902711075635,3.138784304601592,1.2404375543757657,6545
843,5,0.35400151068596675,0.18557138938978363,-1.381981514339011,1.8465558681621772,6545
938,5,0.3653156685590717,0.1935931665732478,-1.4665585405886392,1.0624070527075178,6545
1068,5,0.37681998255710314,0.15997813972947683,-1.540834317144609,1.0110994011613246,6545
1182,5,0.3866980152703243,0.17611658207225186,-1.604735851503032,1.3295451369805558,6545
749,6,0.3433025548990055,0.08227338967109431,-1.8703816946906735,2.403698354443012,6545
797,6,0.34843587381188923,0.05123054570960623,0.38322118648075554,1.47284468461484,6545
846,6,0.354616659006885,0.08231781300343648,-3.116753544219256,1.3947103330209563,6545
1050,6,0.374985906542012,0.06676906680536202,2.3173968845173456,1.1648816953009085,6545
1094,6,0.37935769646988227,0.11053767753245787,-3.027049052872863,1.1657225968314746,6545
1149,6,0.3840557693846929,0.07400129577852133,0.07687060683791,1.046078894181328,6545
1295,6,0.3953208178426332,0.08038176389593048,-0.925163067480033,1.6016387671449905,6545
1344,6,0.39830932493440396,0.11454809755038312,2.941441098917384,1.1265373766865148,6545
1394,6,0.4016147617130533,0.1337802597102443,-1.9674328424221164,0.6538562936977014,6545
1487,6,0.4085144997958946,0.1942005940813267,-1.4878028180700242,1.801588235561961,6545
1596,6,0.41563366053123163,0.17749394829079626,-1.5144440130606283,1.1933093037183529,6545
1879,6,0.4350580301324143,0.14339592267007067,-1.6175163092643987,1.3009383983364013,6545
1484,7,0.4082817505465487,0.12797095533848893,-2.1449977430149048,2.1061795120125835,6545
1549,7,0.41246722110430434,0.07526089175909326,1.0769318252896654,2.082029827463353,6545
1623,7,0.41758335698326965,0.057825955903312846,-0.5895112974525526,0.293008805714497,6545
1881,7,0.4351716669007163,0.17754044096620095,-1.5392542373775986,1.2973435410112861,6545
1882,7,0.4351787926312256,0.09879697062765062,-2.6821952402098255,1.703145683866421,6545
1924,7,0.4369561628474109,0.14066538905797585,3.0974454019040643,0.9334635331605007,6545
1926,7,0.4370031077210287,0.11143402931940341,2.9135608574760314,1.6879445391045393,6545
1943,7,0.43796973985142007,0.08900323777902373,-3.035072168837451,0.9912283845151492,6545
1946,7,0.43828848625656325,0.1878612160964818,-1.3893625944737933,1.7381353098747605,6545
2064,7,0.44451935306699086,0.0881573520009242,-0.3761765755642835,1.777850278425263,6545
2097,7,0.44626533369696253,0.11820629309188281,-0.3321998292009587,1.1270621485128103,6545
2104,7,0.4466448503450944,0.09089346332019885,0.13248994029744468,1.3119186431977945,6545
2250,7,0.454524867194002,0.0958431265184865,-1.5036865031445457,1.5740454315093126,6545
2304,7,0.4578059982610583,0.0903917406782221,-3.0991247131785378,1.6984553716728128,6545
2432,7,0.463948200966499,0.1193842345075456,-1.1378575318353623,1.2150260110313238,6545
2709,7,0.4767061409486585,0.10763916076443246,-1.5583476546601753,1.1574388765386354,6545
2327,8,0.458934461269749,0.15351098130625138,-2.2610038862771984,1.9049440763698118,6545
2622,8,0.4723824229461695,0.07733731053561928,0.7218922020124473,1.4396301887541885,6545
2646,8,0.47356179586482994,0.16842454102973772,3.1240032308221592,0.8577373982097323,6545
2924,8,0.48497344473666615,0.10600296328304684,0.2452341636186372,0.5495629820215016,6545
2985,8,0.4871880344148849,0.10157369518716473,-0.22168657390875673,1.1242142620868956,6545
3226,8,0.4974441390942985,0.1226169995088775,-0.7130523858056226,1.1749449999288606,6545
3510,8,0.5086275393024275,0.14972263790728862,-0.6410422379653308,1.0028448948232234,6545
3585,8,0.5118776737796946,0.13826880656025395,-0.9160538824490717,0.7931428995183996,6545
3671,8,0.5160751831607854,0.10641148258815628,-1.4100520295602301,1.2773057702912194,6545
3806,8,0.5220891089831107,0.1118882384622524,-3.104650150972044,1.2764219182895722,6545
4177,8,0.5400045323676367,0.10326532850284441,-1.2134688167221586,1.440934602856607,6545
3112,9,0.4928146905725048,0.18634597277905493,-2.266078010008996,1.8692286599060632,6545
3759,9,0.520218301441429,0.10485844788775417,0.0798972795825862,1.1555085018670086,6545
3897,9,0.5264659088516133,0.09199872687635728,0.4596288840473762,0.9961087347724951,6545
3968,9,0.5303650146422088,0.11533449384961615,0.337153346695019,1.3375839741967548,6545
4358,9,0.5501966767458963,0.12915273029664825,0.2807318154911129,0.7888409702314366,6545
4406,9,0.5521886321246271,0.1413845125853349,-3.1190684265376665,1.2493230485059938,6545
4476,9,0.5558573497851699,0.12232530332566909,-0.5659078164375995,0.8177723939511202,6545
4847,9,0.5768670278516977,0.09285318409203037,-1.1086016265009233,1.2099776681766161,6545
4420,10,0.5530304939173262,0.22378688167015356,-2.4134184929223643,1.7423112999521442,6545
4542,10,0.5594085641500189,0.24193084656471395,-2.196141393141417,1.8061728292964438,6545
4603,10,0.562606880268981,0.08221168317691328,0.4653460826539589,1.2062909150456258,6545
4638,10,0.5644008379980444,0.09975402167787387,-0.16538148238128622,1.400694712975774,6545
4825,10,0.5754754407522957,0.07531862736361362,-0.37210562939365266,0.9269874862765817,6545
4958,10,0.5834669088277221,0.15442446799791515,-3.032383075620632,1.2885000081393458,6545
5099,10,0.5935144722755283,0.12261648895025909,-0.46246853230106694,0.6180179166971842,6545
5174,10,0.5992039391662853,0.13653504013157208,0.22755739603173844,0.968525464775581,6545
5469,10,0.6225671220816443,0.10956835281737444,-1.0178163844034165,0.878751482334207,6545
5143,11,0.5968514922339044,0.2268962997287799,-2.226356228809602,1.6921377616445659,6545
5231,11,0.6027060203508201,0.16412157013052942,-3.085944787250799,1.2546311843113034,6545
5519,11,0.6266382466196487,0.1243727583757737,0.2548899771975202,0.9367188199177829,6545
5547,11,0.6293596890783254,0.1034815327716704,0.4616175217766948,0.8931905076055903,6545
5565,11,0.6308896872579386,0.07643826664615237,0.9314797015642728,1.7079967621715662,6545
5805,11,0.657382846368083,0.1690469501593577,0.5877862997338895,0.917848223688777,6545
5846,11,0.6627605122273289,0.1426595298340706,-1.0607055418979456,0.939634192337084,6545
5853,11,0.6646585478614374,0.14174238076900983,-0.8040767763502229,0.9846898258514073,6545
5401,12,0.6166199276698726,0.20938114751108486,-2.232456405640723,1.7285573468436037,6545
5893,12,0.6690596032448457,0.05823361206220598,0.913463013534781,1.3235176049093422,6545
5895,12,0.6693802420337822,0.13538241713011204,-2.771587584901603,1.0967553978900781,6545
6126,12,0.7025480913082492,0.10676566742480195,1.274076648789158,1.231477463415641,6545
6137,12,0.7036833762334289,0.16164205413996785,0.5082775354158046,0.8725975618804532,6545
6150,12,0.7056869995582478,0.12163956940318892,-1.0620985413307729,1.0887837344103923,6545
6109,13,0.6983182253767986,0.1341974914666123,-2.124824150506361,1.6596979525194395,6545
6205,13,0.7172236880197584,0.05377317603569757,1.8362794454083462,1.158164309859636,6545
6211,13,0.7178753675803812,0.15112644508428702,-2.437166501803356,1.1811043895440174,6545
6239,13,0.7241904830101354,0.14466546952688364,-2.624836055754805,1.005389323947191,6545
6245,13,0.7252670285515316,0.019054072661501012,0.2821539984219984,1.444966441591636,6545
6254,13,0.7267687707760045,0.13720215430313465,-2.223451055361675,2.0510034947208937,6545
6260,13,0.7284435722786173,0.11701953114811826,-1.0647411214748013,1.2700570001794098,6545
6270,13,0.7319309618672242,0.13333965820823537,-2.40792253893608,1.1175103958293007,6545
6278,13,0.7341388545138668,0.14853767423852565,0.5765775127210674,0.7694052395154779,6545
6289,13,0.7359342655730507,0.04488934442496928,1.3339059296980003,1.2653710569495193,6545
6321,13,0.7451108045309625,0.09937170664387589,0.9741522390345895,1.0481510989454732,6545
6337,14,0.7503035771990662,0.11005009179887208,-2.1170440218644457,1.6677633964477518,6545
6344,14,0.7527385184613657,0.10609957073265745,-2.3149236816125205,1.3518181702282095,6545
6362,14,0.7578768472268633,0.13600035902709623,-0.9875920491649645,1.2524635406331186,6545
6388,14,0.7674618414990309,0.11265372847646171,-2.591937935479722,1.215609223573219,6545
6389,14,0.7675532034512131,0.05455191673211361,0.7580749710665186,0.9512235547580199,6545
6393,14,0.7691674094154979,0.14191505756239156,-2.304093119573808,2.2470368493027157,6545
6420,14,0.7779377509408076,0.08305387161053153,-0.9863102593823664,1.6241079690118234,6545
6434,14,0.7837461760615557,0.02749112620775431,0.627984396584353,0.7177732379233067,6545
6453,14,0.7932637936640795,0.14677336272338795,0.20695782142767216,0.9306013544590668,6545
6458,14,0.7958291500587016,0.08315331028082722,1.9330059069092105,1.4114116162806172,6545
6476,14,0.8053749977236994,0.06401434297569698,2.6995911541595574,1.5367923514754915,6545
6484,14,0.8117277946949965,0.10961095849480199,0.6286452527102818,1.1246738583911366,6545
6495,14,0.8205413064895145,0.11453227024710685,1.0266618851577725,1.128371839536544,6545
6496,14,0.8207069360957321,0.05488598943311378,-0.7491815879389897,2.8946285008661654,6545
6465,15,0.7993094149911634,0.11183452153148646,-1.9145423660464553,1.8759468772105485,6545
6483,15,0.810713194046328,0.1406888819083748,-1.1921092817051855,0.9783314283524807,6545
6488,15,0.8149775935447539,0.11794469708996999,-2.405084653126926,1.7624927642464019,6545
6489,15,0.8154507809437298,0.13821174308279863,-2.569101996262555,2.285163786295485,6545
6500,15,0.8286952338573597,0.07602796457987945,-0.3402992346138836,0.9047406679637132,6545
6502,15,0.8306106040519222,0.09311793638710994,-2.936185327918073,1.4678537068849398,6545
6503,15,0.830946604970819,0.14309457614881146,0.0013488167667524181,0.8899834318764521,6545
6510,15,0.8392990449010891,0.11722117252350077,-0.41478007630240316,1.002682426708196,6545
6529,15,0.8715109758796485,0.047147908810667494,-3.055703048925882,0.4640438965445576,6545
6532,15,0.8730102006840814,0.0484822229994049,-0.5160398943918023,2.104043175276923,6545
6533,15,0.8753740617190722,0.0758785859956328,1.2765631513680464,1.157598709603662,6545
6530,16,0.8720054959777307,0.12685068943857966,-1.804475729462139,2.303177603911891,6545
6531,16,0.8721284322296959,0.10168262822052423,-1.2593598334739042,1.1826577101487972,6545
6539,16,0.8988544799184081,0.10095234430713897,-3.0403480114410817,1.7098578643395823,6545
6541,16,0.9054717120636161,0.08236712116264426,-2.5526321640204075,2.1206183192531363,6545
6542,16,0.9279068522864806,0.061768868931864014,-2.935952668100061,1.2042726832101056,6545
6543,16,0.9282179069833377,0.039478480054535595,2.855970696789868,1.5908225471773738,6545
6544,16,0.9320445410281198,0.0400837305736756,1.2090151017349442,0.26302945885719453,6545
6545,16,0.9463967146013741,0.042386839483569846,0.6321784250883271,0.6834270040248407,6545
6546,17,1.0,0.0,0,0,6545
0,0,0.0,0.0,0,0,6545
1,1,0.0573854126663359,0.045715700563126245,-3.135193480392375,1.7718266499690842,6545
2,1,0.059237495161938325,0.05572069436284193,1.9718235676302804,1.3624989978976838,6545
3,1,0.061885045779246584,0.04981777764023523,2.1761952342150512,0.6491567694152478,6545
4,1,0.06682453753010797,0.06636756223491352,2.290961861251939,0.8448129328064923,6545
16,2,0.14217056252394955,0.08205532835785705,2.9668661553329367,1.3426528707314243,6545
22,2,0.15162155826476387,0.10786561948740962,2.235442351594926,2.2033455410703824,6545
28,3,0.16076610141163927,0.08090406286382158,2.987770789465157,1.369134293590082,6545
45,3,0.18385970898857418,0.127066826909836,2.1149727932400033,2.3185260533673997,6545
102,4,0.21548186341908648,0.10644021901930405,2.7850204717088545,1.6587819646844422,6545
104,4,0.21574461090506036,0.11937430775148683,2.359887053719934,2.1849723639453,6545
237,5,0.26369274747492544,0.1142123177740232,2.667157568835007,1.967969618341204,6545
363,5,0.29376999686341365,0.18314549479784067,2.37172525085868,2.3762067248802383,6545
511,6,0.31856941111318005,0.13991967289569096,2.6612598970329566,1.6022067617224987,6545
546,6,0.3225826786491177,0.1725963606073443,2.2728552016003336,2.472681207125847,6545
672,7,0.3383482153671371,0.17818648327649544,2.183655524792407,2.449841483388763,6545
822,7,0.3555284660837078,0.15284185091479172,2.2249920166771058,2.4362327160524675,6545
893,7,0.36271714156789847,0.13611555906669526,2.6313285101166413,1.7327706524146123,6545
919,7,0.36580987983481605,0.16600393580436257,2.7314709351840483,1.6237834002435738,6545
1076,7,0.38127236347654236,0.16228057285362707,2.8138090813297265,1.6754225917326173,6545
1019,8,0.37681470141751094,0.15978258602818166,2.3398236067189107,2.3724601897553135,6545
1409,8,0.40657386802023676,0.14851937429671958,2.8868118469692474,1.7227906702732438,6545
1526,8,0.41601338809123345,0.14935609307316294,1.7128771674930894,2.4315667696796828,6545
1698,8,0.4272434981826744,0.16786536548779138,2.7141507342082147,1.9910085905580936,6545
1895,8,0.43915309313276685,0.09518421574412471,2.865372948420628,1.5921557629503569,6545
1818,9,0.4347627952056893,0.1092988325047304,2.242367983208563,2.286063167028268,6545
1908,9,0.439675795331128,0.14186726714620349,2.4000223090245267,2.0047695234602405,6545
2604,9,0.4728622347450778,0.11072508884197506,2.78849595226066,1.4506869448874378,6545
2950,9,0.4880504425288785,0.17931648779804596,1.1913678386368682,2.4817073651033303,6545
3077,9,0.4926789995915566,0.21550955240661962,2.903021841982302,1.965027321420208,6545
3139,9,0.4949765686675507,0.07828831932730673,2.7854530155598307,1.218535425619194,6545
3041,10,0.49128875079851086,0.10060322195386052,2.2461700065309684,1.970310796287781,6545
3690,10,0.5160227246167778,0.1714815238086064,1.1025452739884714,2.351054467585015,6545
3842,10,0.5232055072477342,0.11030072074026287,2.4859962745752244,1.1745608078013101,6545
3947,10,0.5279045084552468,0.21294562040710527,2.8120720000230084,1.8733104616472462,6545
4352,10,0.5471801452598506,0.0959235579471918,2.4777325050682264,0.7739087734712808,6545
4368,11,0.54786948900044,0.20870865013285275,2.8666423368100493,1.8871001936854137,6545
4880,11,0.5779884835869946,0.13527594221810474,2.678568023550197,1.4361881480959835,6545
5010,11,0.585952203422068,0.2057700011536086,1.2146353854635084,2.079014180556376,6545
5026,11,0.5873971937695751,0.1271597047479539,2.5146987713543805,0.9526115722230835,6545
5050,11,0.5891083927301077,0.11564880359641043,2.300418349776805,0.9238240997537223,6545
5302,12,0.6080174317958844,0.1564679846098891,2.944300845626235,1.7511530787397878,6545
5465,12,0.6216227064478954,0.20297766471849416,1.23146492636696,1.9224334594638293,6545
5589,12,0.631628392172836,0.12916622133025235,2.302516768271101,1.3644057829841494,6545
5626,12,0.6363522553906715,0.14102001958450597,2.45703445602716,1.1262351769742738,6545
5765,12,0.6500444243590972,0.15024747485505374,2.286132895082613,0.9850727498975802,6545
5901,13,0.6682956343711661,0.1160796341925318,2.9138550867115742,1.7562973050436934,6545
5952,13,0.6755851169112891,0.12957000633228477,2.9270188551832295,1.7290973508658891,6545
6001,13,0.6806476302339952,0.15887264453462835,2.2439895301533617,1.1572619117717045,6545
6016,13,0.6826462309610746,0.12584478693092851,2.758112971480508,1.8790501527658987,6545
6088,13,0.6916183866154196,0.19796443846549902,0.9541759930640691,1.8212723245047313,6545
6180,13,0.7090815170955077,0.1949130260699402,0.806332558753805,1.956393413392063,6545
6193,14,0.711477348668599,0.1255253967012368,2.7885483553558705,1.6557335643200815,6545
6262,14,0.729205395420957,0.17151045610172683,2.10142146685016,1.0941377190863688,6545
6281,14,0.735253920492434,0.1891336773330039,0.9011708340492063,1.9741604518709042,6545
6292,14,0.7387186932043693,0.1357394374472383,2.1823016905880084,1.2820985184925529,6545
6413,15,0.7762825508813711,0.09370657694972198,2.922962628971347,1.850266146496873,6545
6416,15,0.7775167168877511,0.17617457510016243,1.0535703311765396,1.9454088875051263,6545
6471,15,0.8044689123230505,0.11784781751510504,1.8378511800635768,1.265745057689108,6545
6490,16,0.8167870394552532,0.14829320672155566,1.1377695193554473,1.8062658224434367,6545
6503,16,0.8274660511618671,0.10304570929342276,2.958756419855505,2.260376411927486,6545
6517,16,0.8386924330536439,0.14716316068934232,0.9183184319008274,1.9021375951697481,6545
6537,16,0.8671904509683797,0.09492052400206441,1.3327746759188828,1.2422031207184405,6545
6533,17,0.8593744959243552,0.13423378176805043,0.9931700328193818,1.9863096281880788,6545
6542,17,0.8867019008005911,0.09042763645592153,2.86646554763495,2.8570097624032194,6545
6544,17,0.9003294055955531,0.07054903170209065,1.201541578295028,1.356863312754582,6545
6545,17,0.9025543967551335,0.06949127487897455,1.051459883969151,1.347403340272374,6545
6546,18,1.0,0.0,0,0,6545
0,0,0.0,0.0,0,0,6545
1,1,0.06356800307875754,0.06223149579016582,-0.8388188893154942,1.6428470126143089,6545
6,2,0.09887537295441795,0.08127900570421316,-0.7681917797278784,2.0561227417359604,6545
10,3,0.12378028523671414,0.0969095359974617,-0.8663753460502545,2.1781065502338715,6545
48,4,0.16497226305569845,0.10914608082370562,-0.6064422831788725,2.3770627481492776,6545
190,5,0.24297720018920166,0.15270604491850445,-1.1471939803099918,2.135365216332416,6545
223,5,0.250693073548921,0.03069255210790916,-0.38122499193039017,2.1339560272385145,6545
370,6,0.28622160957514786,0.01853939868014795,-0.3298230898521981,1.1063975767180043,6545
403,6,0.2914998898754747,0.16063686547117575,-1.247553691559232,2.1596521102665616,6545
696,7,0.33219956056924005,0.13881692190544878,-1.4676265758270985,2.1998528141951104,6545
751,7,0.3390046232419096,0.06055628673471405,-1.0251927486603605,1.5651973270310091,6545
1310,8,0.39673883288970446,0.08452307187077404,-1.5089711269534054,1.9106313542560456,6545
1776,8,0.42784781847808917,0.029028695062156818,2.75206853306172,0.7782979215677872,6545
2263,9,0.45598545323649653,0.03908283983379875,1.8018812063409815,0.7216581006507561,6545
2958,9,0.4873611435146794,0.12350175441984625,-1.410328031146362,1.2444915484159549,6545
2982,10,0.48827132882145474,0.04660567133428269,2.1634763258291643,1.4037804374057687,6545
3663,10,0.5138324660490545,0.12255221550895229,-1.3382002704406708,1.2045542366760051,6545
4159,11,0.5366016603030125,0.06004529531253368,2.24666727968379,1.212368038175582,6545
4800,11,0.570776445748934,0.13451864482764164,-1.7327963257136776,1.2378194493133052,6545
5368,12,0.6099297764448194,0.12990703809443196,-1.7442803526077784,1.214166789372985,6545
5538,12,0.625425332668906,0.11102644067744614,2.2281118149648633,1.3233181593975467,6545
5872,13,0.6612787630569088,0.13926277318005212,2.3189974166168805,1.288163045577386,6545
5977,13,0.6771159013156023,0.1103556955722552,-2.2545532920688425,1.0157991907854038,6545
6168,14,0.7109172898242011,0.12136462037509833,2.2889886029120587,1.3563926772902635,6545
6283,14,0.7381639953930577,0.10975537139377063,-2.5603166089565756,1.2612729805369867,6545
6345,15,0.754889075247392,0.12757662799255323,2.063903381769227,1.1022216080413756,6545
6377,15,0.7657321707738616,0.10454043319805378,-2.5702949645714908,1.329094522146346,6545
6463,16,0.8016648320629925,0.10194643448842143,-2.7168523372817415,1.3858196801134925,6545
6499,16,0.8239787374478234,0.08708004872099928,2.3105425322306807,0.753953277736166,6545
6529,17,0.8605333502694943,0.07316620127210306,2.3529664291902797,1.165920005480036,6545
6530,17,0.8606324853557012,0.09153343087607727,-2.7796460618449106,1.3294092572130105,6545
6544,18,0.939741388226356,0.028849305563726352,2.9534059774054504,0.5872789276246946,6545
6546,19,1.0,0.0,0,0,6545
0,0,0.0,0.0,0,0,6545
1,1,0.047104494408798936,0.04619627219699617,-1.174933598041187,1.9849764443395619,6545
5,1,0.08253263470299377,0.06132384191179255,-1.9965941238970188,2.0993085151371442,6545
7,1,0.08575255845055041,0.07562659668551074,3.0868190812852037,2.1638275763085155,6545
8,1,0.08674892620319896,0.06931983426199177,-1.8599731215245714,2.3053653996665244,6545
13,1,0.10901056166029321,0.1050002211173625,2.9921526397328098,2.2200313959084115,6545
12,2,0.10738812322435498,0.0878431265603061,-1.6562699658603275,2.0692980425701557,6545
16,2,0.11739112787840456,0.07767377077797995,-1.6161771550273378,2.275084516354065,6545
135,2,0.2213246974209444,0.20000746717292342,3.0243471608490657,1.9425228926078972,6545
72,3,0.19205017313203476,0.0634768510872972,-0.9975445416099133,1.9769083252680248,6545
85,3,0.19753970272038202,0.1298659016186607,-0.8910383018501625,2.4691100164266007,6545
110,3,0.21186206561155896,0.18213024966999847,-1.5987409156047685,2.2622340420985227,6545
203,3,0.24210199160125478,0.2046624442329604,3.0561603398887085,1.9416976735308764,6545
151,4,0.2267497798041268,0.12191898052295216,-0.9811728653783884,2.608856265055863,6545
191,4,0.23653457912912323,0.15947864111643284,-0.9510876458767377,2.423102716867357,6545
269,4,0.26113686522025203,0.05471296813735703,-1.6986312910404533,1.1729728869740945,6545
283,4,0.2638335000851765,0.1909618400608924,-1.5305423557683837,2.36526036753746,6545
343,4,0.277006201987663,0.20998726103646953,3.1258485061314016,1.9034598223191197,6545
401,5,0.2901387549077442,0.21073951832535684,3.0846227450059662,1.9489040585996802,6545
420,5,0.29279892789394657,0.16117903799472863,-0.6428272513225968,2.1806948847356376,6545
456,5,0.3002258362648986,0.045541481009291965,-1.2334341039542798,1.1343015786508388,6545
475,5,0.3034797944792237,0.18441084384163717,-0.5405549433078881,2.496126292576015,6545
480,5,0.3054752965982187,0.04962634980609533,-2.1443528999930432,1.8618048407430488,6545
530,5,0.3138753034122934,0.217507670012098,-1.3477554747150384,2.2650847740598303,6545
591,6,0.3213565125233401,0.049810204529392194,-1.4276147954564282,0.94524297853662,6545
625,6,0.3258706556944211,0.20254671942268543,3.0967549865586057,1.996433957919501,6545
790,6,0.34497450472947644,0.08541816595365136,-1.2596115266958454,0.9124950620697863,6545
805,6,0.34693359663489376,0.16280778537036353,-0.6662010260811082,2.513777402751091,6545
808,6,0.3476999733477498,0.07218872656259062,-2.4978858748365473,1.608361849725013,6545
899,6,0.35737255336991547,0.19890202780661334,-1.5504789087442379,2.2638470267771313,6545
1108,6,0.3788849687113992,0.245560031951941,-1.4105668937961673,2.4032129833253375,6545
1143,7,0.3825516176888327,0.06081972774799117,-2.3102422706084074,1.1492693345981244,6545
1215,7,0.3882140323654051,0.17677570803000908,-0.8954824645120975,2.596372646610753,6545
1277,7,0.39276818286001014,0.06861029723905565,-1.5811482946156532,1.0411256169615632,6545
1434,7,0.4050784257407124,0.22831459067453616,-1.4681969680992422,2.404744574834511,6545
1812,7,0.42926651732015786,0.25089348345218976,2.882360578588996,2.3362594956155243,6545
1752,8,0.4259905486915555,0.06761537782748275,-1.7651118486979938,1.4918859229606394,6545
1957,8,0.437042575845911,0.1986837795740443,-0.5488700457826378,2.77302942044225,6545
2471,8,0.4662540743822009,0.2180023572908959,-1.3660840892071981,2.641136355739726,6545
2778,8,0.48037782201341406,0.244419953617378,2.9394320942814103,2.4934316918177957,6545
2862,9,0.4840343848864733,0.08871511440753173,-1.3234272219057501,1.8918049055931319,6545
2915,9,0.48633270124174854,0.22715204754689497,-1.3147007350890871,2.6371762160493173,6545
2923,9,0.48679374159472366,0.06620231962489245,-2.015904064244026,2.225377090245751,6545
3080,9,0.49362751888822864,0.06485649293789857,-1.056461066707509,2.0090690294734097,6545
3653,9,0.514116910516351,0.26301163129891786,2.835750340552815,2.5191081693693365,6545
4083,9,0.5332445023965798,0.19711527657875547,-1.7326935196489355,2.75729969190591,6545
3984,10,0.5290072859903396,0.08049408636570371,-2.504858050925553,2.2500157859292127,6545
4113,10,0.5346271988359477,0.10890042118121257,-0.8932348786353724,2.0301317915613284,6545
4156,10,0.5365576937258596,0.09644958071296893,-1.3899841785149225,1.9565835569147447,6545
4257,10,0.5416628757744844,0.1331835138793145,-1.2605629292038918,2.1160905238616814,6545
4650,10,0.5638474710906136,0.23425397011018032,2.767638658421531,2.371800219786982,6545
4689,10,0.5654972502510456,0.23468417658085752,2.7025747639850723,2.5334036667661777,6545
5337,10,0.6089268776936674,0.22488792072328032,-2.706960902291295,2.8854523530601717,6545
5010,11,0.5844046704199448,0.09504973591309097,-2.6680377869072984,2.1347388989515417,6545
5143,11,0.5941496097354764,0.11697934642324054,-1.0905796120596392,1.8434800863414282,6545
5235,11,0.6006505126966862,0.22607808121161854,2.880891118121141,2.498569496869559,6545
5594,11,0.6307720302264047,0.14073406975616629,-0.27686124049613237,1.6587184940403297,6545
5785,11,0.6512395541897683,0.20476565792450127,-2.6624670391099436,2.7765235121120684,6545
5593,12,0.6306713924270368,0.08560787479804978,-1.0893273905243044,1.9431376562388454,6545
5694,12,0.6408588784380465,0.18929741429119323,2.833007797102369,2.455179502792396,6545
5805,12,0.6532551622883667,0.1377609187828539,-0.32143642525170196,1.7649832283400815,6545
5986,12,0.6769649727917714,0.1358745283654429,2.708732809156127,2.403664221693474,6545
6021,12,0.6818520630470084,0.12826253031968765,3.090147822571655,1.6590425920131004,6545
6035,12,0.6839873811637154,0.19387726210359063,-2.704972916304027,2.755542408958239,6545
6010,13,0.6806067518189676,0.05323586540111853,-0.8780238369189723,2.136060967903185,6545
6055,13,0.6860507477148688,0.14173987493584247,-0.34620066615259065,1.6359273912942822,6545
6267,13,0.7208388140865564,0.1250775720417864,2.9234662172690427,1.6060458922144643,6545
6269,13,0.7212160496528507,0.1729576512549,-2.8758900473152074,2.6307027892032955,6545
6332,13,0.7398124201286641,0.1435481377145664,-3.067060270901642,2.488344328289182,6545
6358,14,0.7486447595483761,0.16507084882458542,-0.5493818300971107,1.6143230759673095,6545
6369,14,0.7536375086680489,0.08468042810095211,-0.15488797465647527,1.6139385529025874,6545
6403,14,0.7695738584502057,0.13019592743473016,2.661602951121256,1.719483675767922,6545
6448,14,0.7903726944766704,0.1464927735047146,-3.126795520131577,2.609531319812161,6545
6464,15,0.7986665389429821,0.1399069128895373,-0.3957728493148872,1.5863928890621781,6545
6471,15,0.8029684694108714,0.10220293974538286,2.5177910021936576,1.663216134947526,6545
6487,15,0.8206985718650145,0.1376967425610349,2.933169606631641,2.5259278752473246,6545
6503,15,0.8303235922929979,0.06044277615340703,-0.8539350802975297,2.0392665923045534,6545
6521,15,0.8549968058845923,0.032633074715418216,0.03437064459899142,1.4410290547317253,6545
6527,16,0.864125370945797,0.119105661300949,-2.9998453790681947,2.6026396336326134,6545
6534,16,0.8780381387178053,0.06270831134333579,2.5765170009424696,1.031853386571835,6545
6537,16,0.9001105805630755,0.05986963742543713,-0.6850990135561279,1.8751878776086133,6545
6542,17,0.930688185536392,0.06781001338567119,-2.510978214540955,2.4385995222377215,6545
6543,17,0.9494669079514787,0.046794083038975434,-2.9046943691494524,2.152174337979051,6545
6545,17,0.9688579210325172,0.018450629536817195,0.20287061557148142,1.3110771194208852,6545
6546,18,1.0,0.0,0,0,6545
0,0,0.0,0.0,0,0,6545
2,1,0.0898055656299469,0.08385515012064024,2.710467807638214,2.7892467852591203,6545
3,1,0.10244323259084454,0.09053570065730515,3.026111316174806,1.4784158580444036,6545
4,1,0.10352551865754933,0.06355316983406842,0.8916982199382065,1.3713096716232385,6545
18,2,0.1425781319522993,0.08583642819906445,1.0561151456179394,1.2970449971358926,6545
22,2,0.14828991041596762,0.05980090894119737,1.4439800081950094,1.6241965658209836,6545
25,2,0.15025564960435356,0.04720910627861776,3.1114964854716463,1.4790130281270035,6545
26,2,0.15042767018444014,0.07608238759699629,-2.980223705086415,2.276068199115607,6545
27,2,0.150902654321183,0.11049887904185063,2.8826384106292386,1.8842705404250106,6545
41,2,0.16220244990489763,0.06967966218936507,0.34244134113317876,2.638621066124571,6545
50,2,0.17125571995745204,0.09062796506535932,-2.510748778750919,1.6641406308604048,6545
63,2,0.18439552505898338,0.08525510015906529,2.8562653863898055,1.6457062023706586,6545
64,3,0.1852526267940805,0.06325973430837112,-0.1882216850958369,2.849580523760202,6545
73,3,0.19276823088646233,0.14580349323248118,2.745203488424665,1.9609423580389251,6545
96,3,0.20649579000596197,0.05459073989345636,1.5371972390766566,1.0572517579375418,6545
98,3,0.20692121066087144,0.1361297728295687,0.9955226164958095,1.506440432307318,6545
100,3,0.20835438380589888,0.10273451744938679,-2.5109459987803198,1.4742299932581977,6545
192,3,0.2474572014622648,0.08520936590347564,3.097376435727026,1.952590071653456,6545
146,4,0.2322788961023512,0.09372036134679154,-0.8116197422791743,2.466297421876651,6545
183,4,0.24330255030295178,0.12442722369081585,2.856741372497041,1.991551309036204,6545
203,4,0.25070456355554827,0.1341556191775219,1.0025725407733657,1.5108187737603636,6545
271,4,0.2675948206729607,0.07970884948426657,-3.0197101508253126,1.9482721610778027,6545
272,4,0.2682322131442879,0.05375327939949544,2.6212039518338823,0.7241194336578588,6545
319,4,0.27875992634412905,0.08449189477750663,-2.7200585197246627,1.4124537715958758,6545
327,5,0.280461947256085,0.08268486525755986,-0.599717537570535,2.1197163523048856,6545
409,5,0.29591542846221575,0.07558655172986811,2.6077332595508174,0.5518686467430017,6545
450,5,0.30418778501539834,0.10325967646508208,-1.5722685362047342,2.4113791105733067,6545
486,5,0.3094545639101921,0.11041673584314285,-2.9930189938631115,2.337033323985644,6545
498,5,0.312763249789355,0.10255641281705856,1.2108002158083722,1.1585335681736266,6545
601,5,0.3277607699352183,0.09286562357715841,-2.9060504245628946,1.8633178834913915,6545
883,6,0.3596431849073235,0.04864354641733862,0.25319940407337393,1.902487800327295,6545
930,6,0.3639044930639136,0.03662627395519327,1.3108201056823048,2.415740930373162,6545
968,6,0.3674663373956165,0.08095268205299587,-2.662221177419972,1.837409074454167,6545
1123,6,0.3821807495114218,0.09940603120893995,1.726986332225296,0.988122064877642,6545
1171,6,0.3861327855678133,0.1289081350811978,-2.2856770804885014,2.715966845709395,6545
1181,7,0.38762990932609087,0.0909259558524126,-2.61155652022882,2.004800583280864,6545
1337,7,0.3978987268923748,0.05716465346788032,0.8791467790951949,2.2168809037144857,6545
1426,7,0.40392432251111754,0.1256356899047519,-2.1146307105481417,2.704997422407972,6545
1713,7,0.4243189517616701,0.09570635795826617,1.783843009626002,1.373895908091948,6545
1631,8,0.41916617941292045,0.10305676194559472,-2.4376072263419837,2.1172374418080757,6545
1821,8,0.43033397373229776,0.12250075900044914,-2.0209374878671653,2.7330918435919735,6545
1844,8,0.43180140365656394,0.04915521964377589,0.2513329266458065,2.5085814958691133,6545
2068,8,0.4446558132526789,0.05578559440883975,0.7757368973702277,1.9926017992781788,6545
2643,8,0.4739856931322318,0.07671053360849571,1.392324152685315,1.2172743716890364,6545
2827,8,0.481847623986038,0.12508284281430762,1.4934265057323433,1.9907225715429795,6545
2930,9,0.4862758237533126,0.08577619607906128,-2.7411333684819366,1.6814416425046521,6545
3200,9,0.4962500009373234,0.032208433475228115,1.9803980584426106,2.7874195117237575,6545
3227,9,0.49699694712819,0.09671545333854802,-2.657290406274783,2.1678275191606544,6545
3399,9,0.5039501928371016,0.10544119901794945,-2.7511556896641713,2.414826321406056,6545
3456,9,0.5063901677654168,0.14618499692341666,1.546652314412637,1.9243550943394268,6545
3512,9,0.5083172671188452,0.09499992783352572,-3.0552008219517477,2.5892150741727153,6545
3684,9,0.5145702508353817,0.11379743129581679,1.7218200499492795,2.0855217291932617,6545
3722,9,0.5158461917664683,0.06934937614098524,1.176806015570142,1.7287034004704194,6545
4194,10,0.5380805431706333,0.11946727594055825,-2.536466747378392,2.513001558297631,6545
4394,10,0.5471857266293634,0.07250555922264502,1.1703787033700903,1.6829936519718618,6545
4535,10,0.5552744312002812,0.15737306707160365,1.3153099824338523,2.0751801716223794,6545
4552,10,0.556113769872385,0.11972241592883048,1.747667773871876,2.411591780177212,6545
4554,10,0.5563463332348485,0.1144832169041607,-2.2641020426786733,2.436570554153016,6545
4648,10,0.56183198621243,0.0813809406892157,2.9061390124630164,2.4232754699867205,6545
4659,10,0.5627291005891858,0.11633316935646973,1.3274826686787418,2.029101820619429,6545
4662,10,0.5629443208492163,0.09752374473421589,1.392989435401676,2.1437294810794354,6545
4759,10,0.5679101419722001,0.08431426073794576,1.7238328309799664,1.9358709611842948,6545
4982,11,0.5810804597872167,0.11150570725564951,-2.4916629422120438,2.4955823639725225,6545
5126,11,0.5901941558978411,0.17417697265740006,1.4298199877960849,2.0251441926489147,6545
5186,11,0.5959164709331473,0.04251902908601349,0.972094754930757,1.2824837588921514,6545
5211,11,0.598255085692914,0.10714187837511142,2.5716731557688832,2.4221290232179524,6545
5219,11,0.5986052301461746,0.08400197378164853,0.7773062591464072,1.7638971043081724,6545
5221,11,0.5990018389046105,0.09504343725857065,1.9967410401568535,2.5303974881099194,6545
5263,11,0.601467495107085,0.0889042475516143,2.977869681121922,2.371843479163169,6545
5391,11,0.6113274753355441,0.11074001482848464,1.6564581561014715,1.926721169240709,6545
5439,11,0.6156756511015429,0.17981064029282506,1.6093530806641254,2.2102108143168064,6545
5535,12,0.6236016360633805,0.09706042119209554,-3.1159158386955292,2.592422032511431,6545
5663,12,0.6372168361600486,0.16595985566949176,1.7107263182871504,2.189458572456965,6545
5802,12,0.654388749593783,0.11497380244370556,1.0687067333742502,2.0332730521239273,6545
5880,12,0.6637783621830752,0.1106981518169139,1.6554515264861231,2.0543734057602228,6545
5984,12,0.6796004585710574,0.06738500585003444,1.9164121041424065,1.9601178535496735,6545
6062,13,0.6899816204611069,0.14396174423699226,2.075024270415783,2.3238988487106567,6545
6122,13,0.7013225951894311,0.1185430570549388,1.023863990615348,1.9588461731613211,6545
6276,13,0.7368814711407253,0.07475900413763877,2.3714989131741544,2.2115177829371304,6545
6263,14,0.7340008679110401,0.10589846170612227,2.1550211756161213,2.2511597094250804,6545
6310,14,0.7429658586881565,0.1294597031883963,1.1715528337898466,2.0455492096480197,6545
6361,14,0.7609931816824639,0.0639479949763788,2.663365084247525,2.062804044888378,6545
6398,15,0.7739746812020103,0.12113657150379827,2.1494731457328036,2.293627256687569,6545
6430,15,0.7873221923709371,0.1094552088177646,1.833317126272638,2.0485872549185338,6545
6437,15,0.7892443021981916,0.0628213784085843,2.6870731503379677,1.9603900445035398,6545
6438,15,0.7904058983399432,0.10750782977321989,1.4846346430918294,2.0436402038848445,6545
6481,16,0.8164125994225959,0.06306583463287786,2.3303645153277475,2.255917173510227,6545
6510,16,0.8349471787510742,0.09256726285495803,1.8587580793573817,2.206605845381203,6545
6527,17,0.8612742102904256,0.03360779634501004,1.5946981907411653,2.1221826041887626,6545
6536,17,0.8798179025784234,0.07560903654102258,1.3810417188408197,2.067750595482239,6545
6545,18,0.9754247698138604,0.015315558057438018,-0.475662989598046,2.103045735771587,6545
6546,19,1.0,0.0,0,0,6545
0,0,0.0,0.0,0,0,6545
1,1,0.06117294256133188,0.05879648882199143,-1.448979313938497,1.6989391648259091,6545
2,1,0.06941737174336737,0.031930703500044434,-1.8625433683058992,0.9183972570917391,6545
3,1,0.07557274333261865,0.03514022812832892,1.9779171895634995,2.7017902069998554,6545
7,2,0.10155857130944113,0.01985172166944265,-0.9476570351330313,1.1789718598469947,6545
23,2,0.1457602339886045,0.05405619267982419,-2.3862198813944997,1.9566937668774504,6545
22,3,0.14292280392037848,0.05224493806442595,-1.0290868052592221,1.5996559236589487,6545
24,3,0.14713156462678145,0.007458394880233711,0.3218153450652497,1.864639616003375,6545
41,3,0.16737794491333535,0.06480647016691578,-0.904000158685657,0.5336328794298942,6545
111,3,0.2119802852221805,0.10637299635963576,-2.150735421312621,1.6700577425513774,6545
73,4,0.19409343007546886,0.0860050734587702,-1.3233938089947257,1.278997354808759,6545
81,4,0.1981497402957597,0.03669269620607432,1.6004759405904432,1.407035159322411,6545
95,4,0.20359434256541764,0.051624539130458225,-1.865423093878195,1.6426885979326722,6545
120,4,0.21470320667931475,0.07617004005204048,-1.988887980265383,1.4511823801856263,6545
178,4,0.2403902290389841,0.0972038946067105,-1.050439725536274,0.6197177023093643,6545
326,4,0.27745717089144173,0.15978260504921923,-2.3037864713989054,1.6013646652133833,6545
187,5,0.24347590281631282,0.04329796838985581,-1.4039099270236681,2.209917797782822,6545
247,5,0.26219355711390135,0.025663738324067122,-1.957527624147468,2.5015035870191333,6545
329,5,0.27767755519120374,0.06980065971966233,-2.901524967849632,1.7103420243923957,6545
331,5,0.27786239662370804,0.09699459439525966,-2.5751395422244308,1.8552085229029274,6545
338,5,0.27911500911239895,0.13143317685353328,-1.282885523403842,0.621574032005924,6545
511,5,0.31088604501912565,0.14851642030212947,-2.406100089440611,1.4937265843434697,6545
525,5,0.3120781844793392,0.15730193557088368,-1.8729614556854937,1.5999220256081308,6545
371,6,0.28726593126294186,0.03739074724827734,-1.0134013007752534,1.1521964591698568,6545
453,6,0.301099227567878,0.13277282118775624,-1.3618348571936978,0.46735916941422045,6545
467,6,0.30284335484242575,0.030967760045791114,-1.3296742299139535,1.6608217772360558,6545
512,6,0.31092772029433335,0.06822619885744344,-2.2225832300275923,1.304829435083932,6545
689,6,0.3356417998746998,0.11377880509634,-1.7497066449728016,1.4562919872704052,6545
691,6,0.33611938675522723,0.16744903555558494,-2.3587353449951975,1.572309127676971,6545
710,6,0.3378153090474043,0.10825660179694697,-2.703408326070837,1.644783494803007,6545
732,6,0.341050347716209,0.14545122622534065,-1.9702761001538844,1.6629334545227792,6545
734,6,0.341194597196953,0.05234965403820223,-2.7738844937399776,2.0167953875139775,6545
791,6,0.34733424636246035,0.17186178580322736,-1.8666356019436607,1.4979918252269584,6545
579,7,0.319089670420029,0.019815277827472746,-0.18682380710671742,1.3528884900109528,6545
633,7,0.32786070605975426,0.03156049564322809,0.22508882788079204,0.7572999420224071,6545
667,7,0.33254290195047553,0.01452598899534302,-2.031240157762222,1.2178089474174167,6545
727,7,0.34066384626393764,0.1428202880055959,-1.4020717116528134,0.6673160854401083,6545
979,7,0.36896821311364547,0.06398802245150903,-2.7819018943362903,1.8539935506284015,6545
1054,7,0.3758884028804881,0.14533463648542455,-2.4354812886530834,1.431700599053655,6545
1090,7,0.37961248273317827,0.1282378292393171,-1.8034849030045057,1.3817801935699539,6545
1193,7,0.38982462298654297,0.1547865506929344,-1.665746495923808,1.5706231764814953,6545
1265,7,0.39682297423958346,0.11197452673003573,-2.094424730911725,1.467813057389226,6545
1440,7,0.4091106775576401,0.10770102502151059,-2.952595059533013,1.5452967733338223,6545
977,8,0.3688894260117259,0.1418454343930306,-1.5888943921569032,0.6314722725814685,6545
1139,8,0.38410298613394533,0.16482204004608123,-1.6304689314069332,0.6499215621772088,6545
1259,8,0.3965107688566677,0.08461530114029894,1.102475854587543,0.6465053433286123,6545
1568,8,0.4160072458015722,0.06875334394524335,-1.9382747983089041,1.029278234530148,6545
1613,8,0.41972555369697195,0.08563884878407256,-1.8175391453793146,1.9269638317238518,6545
1837,8,0.4344662207286163,0.09927890786272654,-3.0522318732570364,1.4769044313483843,6545
1959,8,0.4412173289914797,0.12993786448660868,-2.839604744204077,1.6533499257961284,6545
2003,8,0.44354259073851965,0.1347236492657175,-1.848890606745447,1.2526696716985535,6545
2008,8,0.4437668696632192,0.11403812037699053,-3.0083446031110714,1.4832254785595658,6545
2146,8,0.4509360634089331,0.20348602831461354,-2.184455773316349,0.8155894828880444,6545
2167,8,0.4518328914453077,0.16685598705045487,-1.8816741746403496,1.6533741721180788,6545
2431,8,0.465066436299731,0.20104682825134135,-2.4293248623587873,1.2488726763458522,6545
2375,9,0.4631018606047935,0.13859585846353226,0.7972657907853404,0.6699001836515966,6545
2588,9,0.47186834169169056,0.1589396436737308,-2.1587186715068634,0.7180610541478671,6545
2698,9,0.4780139318764899,0.20030384352961478,-2.1127135530971084,0.7312382427967314,6545
3538,9,0.5113257889880118,0.12914618621973945,-2.0712467578492366,1.5334696584471093,6545
3592,9,0.5135970850340109,0.15414326382628551,3.129031948557517,1.556002585848673,6545
3626,9,0.5150444618990497,0.18148449602030942,-2.3660242576433985,1.4362011535343493,6545
3799,9,0.5226615074143757,0.1707208104910366,-2.7037903805679258,1.167513763753066,6545
3214,10,0.49939604538157967,0.14195041871885197,0.7359794120861104,0.9150692000160847,6545
3323,10,0.5032625279702834,0.1941777588001747,-2.0341723519069435,0.7880862609851176,6545
3766,10,0.5210963482846654,0.12318380972752899,-2.0165996272891538,0.710612257059737,6545
4284,10,0.5454731867622029,0.16554382531569936,3.0087190130749386,1.504489089065974,6545
4409,10,0.5518963859129913,0.15498779853509345,-2.236907667997061,1.468445722074641,6545
4740,10,0.5707505808127593,0.14659026447957837,-2.6083829199278648,1.2849122700962328,6545
4749,10,0.5716293472766432,0.14543768909538082,-2.9500497638781376,1.63798017249397,6545
4454,11,0.5543172861251188,0.16543852072412768,1.022259308382162,0.796248534608306,6545
4755,11,0.5721028365022124,0.153151058224427,-2.31791679360661,0.7701423199156672,6545
4993,11,0.5881491324085569,0.16699864078102528,-2.2873371811419263,0.9591011387709254,6545
5040,11,0.5909062601470637,0.15969128373850647,-2.276419848293981,0.9946897849486148,6545
5042,11,0.5910607753841289,0.17073082921182028,-3.13918825977496,1.6815893207407293,6545
5392,11,0.6163000923464054,0.16785069817428003,-2.6217244874741255,1.4307330151593924,6545
5450,11,0.6206894273661818,0.15402552567988032,-2.7737946827266087,1.812745742861081,6545
5245,12,0.6051478220390225,0.16681902552378483,0.8565937367038953,1.0461176830474823,6545
5730,12,0.6471840997209496,0.190820117245671,-2.931612117867402,1.6083069960143064,6545
5745,12,0.6483689025981006,0.14206905936482794,-2.5695763248426684,0.9902800870670104,6545
5757,12,0.6493407066043694,0.18059266324382267,-3.1332913985054427,1.8937566322853245,6545
5886,12,0.6652555728625095,0.1355582322628861,-2.7127084435008095,1.6356017929806468,6545
5785,13,0.6536580165105261,0.13879865963003277,0.7380001670936728,1.1752604686773698,6545
6081,13,0.694278324803081,0.16028420809531455,-3.130470193818206,1.890647415419814,6545
6223,13,0.7213105588367503,0.13694751965875965,-2.781367840472398,1.440589509135289,6545
6018,14,0.6825058057638717,0.1402840780826835,0.5379424955748359,1.1438608481783117,6545
6148,14,0.7076498822678129,0.1585161449129887,-3.1061281522723387,1.9145337336280261,6545
6372,14,0.7614206470866265,0.12905508457991188,-2.884522128603969,1.6790207566737292,6545
6289,15,0.736524093476739,0.13558081758206114,0.5749148937846327,1.4730284767541404,6545
6454,15,0.7935607588282174,0.10912089930859585,3.080982026544544,1.7667605786708331,6545
6473,15,0.8025001490619044,0.12938298180691002,-2.975599167020772,1.7653198225425586,6545
6431,16,0.7815335967196289,0.10525412044660992,0.36313435305896624,1.601946685853368,6545
6508,16,0.8363052200223408,0.09950433495183215,-3.1004657598199987,1.7256325227786822,6545
6512,16,0.8376577581762166,0.09986535489377259,-3.101424626742731,1.9915493921488574,6545
6522,17,0.8585359441647272,0.1052357704959892,-3.0254509590401284,1.8746774283980203,6545
6523,17,0.8586427116004655,0.0951328317172074,2.990516091656737,2.0238649381199467,6545
6530,17,0.8668863929174615,0.05246464357767234,0.6982039961804708,1.7978793007076657,6545
6543,18,0.9214720427919086,0.03132207279964526,1.7217494127482897,1.206303270039197,6545
6544,18,0.9244197254442263,0.06390924670272695,2.9755115449963987,2.4611477544490303,6545
6545,18,0.9424193608519899,0.03461014413344645,3.070543867485794,1.844434660535102,6545
6546,19,1.0,0.0,0,0,6545
0,0,0.0,0.0,0,0,6545
1,1,0.03611454181132978,0.03491035110038807,0.14344875308182037,1.6583877592721301,6545
4,2,0.08499903287193367,0.03247613404993895,-1.1866670203446483,0.9229131227267401,6545
22,3,0.1454532033940822,0.06957627431283638,-1.7592665765024664,1.693253841095822,6545
39,3,0.1645242985432932,0.08994050412982639,-2.467880204112794,0.5574550640177428,6545
45,3,0.16613036615399712,0.06793777530553248,-1.0279647466617368,1.7712803510075787,6545
70,4,0.18199684121316906,0.08336068058517365,-2.556482595337601,0.727256017543846,6545
92,4,0.19496199837498907,0.05145837272855524,-1.2260085991229372,1.681122101500365,6545
175,4,0.23197615282853934,0.1269596118161515,-1.807385347172601,2.3867370457197934,6545
205,5,0.2403821979511056,0.10752201707300713,3.0296142899999254,0.5399535375875154,6545
302,5,0.2668783110843631,0.060215002614067065,-0.24951715122323972,2.2786770300228256,6545
390,5,0.2870317660947157,0.1682705565764649,-1.5931106187724924,2.467528062251897,6545
396,6,0.2878817747363911,0.11626592317586114,2.96751087358131,0.7756481145296563,6545
524,6,0.31341652439610446,0.10008469778056303,-0.3239142113593511,2.4841335318257984,6545
568,6,0.31995548736469237,0.18673586211765514,-1.7311056028108767,2.5994989228893837,6545
758,7,0.34842070078537823,0.1850968107435008,-1.9508012630173037,2.5450897016618823,6545
760,7,0.3485619718832461,0.07046095133443711,2.577385651485774,1.062917060581851,6545
853,7,0.3572363673476323,0.12833136068822537,0.05568509053669502,2.6919537761335284,6545
1236,7,0.3942938985586627,0.11935473033301298,0.7881875282213506,2.3841354648397837,6545
1309,8,0.3988824550107767,0.16617773168427155,-1.903959757494604,2.626896562987077,6545
1440,8,0.407610410190436,0.15237229880737718,-0.549375001936098,2.6904982612817596,6545
1527,8,0.41524143918613177,0.09648650940280404,1.851961459377154,1.225547280692532,6545
1795,8,0.431626425648171,0.14270584719446164,0.38835183895858694,2.397793849252526,6545
1842,8,0.4344529135639206,0.14143042685073137,0.8606674230636455,2.2812894993342323,6545
2294,9,0.45697918053316133,0.18134018587562,-0.1854091214313012,2.545772186398526,6545
2345,9,0.4591168093378336,0.1418607789161029,-0.5622080266248246,2.8297407823650866,6545
2461,9,0.464725455527745,0.13746218354555265,0.19842646736681502,2.257199721164949,6545
2510,9,0.46717880266595446,0.16050452113908298,-0.29941516290070613,2.588873968501448,6545
2663,9,0.4745400591208129,0.11149032315865824,-2.172941994324747,2.705335536199588,6545
2720,9,0.47690350740161525,0.14878532612619402,0.6558825870358268,2.184046969909514,6545
3307,9,0.5005773042025662,0.16949915708989965,2.058774541686957,1.2270953489438299,6545
3377,9,0.5037147988270972,0.15307664911607258,1.9805756968563106,1.3356329457222293,6545
3781,9,0.5204744696952837,0.16108142513065035,1.7561817648392473,1.3735008073308594,6545
3104,10,0.4938024229364725,0.12843937765414765,0.2702280895948565,2.248545094448879,6545
3455,10,0.5071202323990048,0.08324466344132875,-1.8773558650349373,2.781983672240603,6545
3564,10,0.5113940769420688,0.17051081317480635,-0.0895064607788592,2.9383975301596412,6545
3587,10,0.512201597643815,0.17436076725090566,0.0828530378565587,2.4599220674461,6545
3921,10,0.526407559659388,0.1477799300152633,0.7121906580982351,2.8967036798673886,6545
4281,10,0.5437255410447488,0.18955362227842423,-0.013413341938239006,2.09339431537013,6545
4614,10,0.5611137620017799,0.17958534030967,1.7709550596507178,1.3652002509262855,6545
4792,10,0.5712370985519833,0.1886218273298661,1.2503841601662509,2.248197061695921,6545
4774,11,0.5701603299574369,0.1910763184450469,-0.07204579811146349,2.0433075576413415,6545
4910,11,0.5776722859162632,0.15813383794673133,-0.10197633391159606,1.8838961884510468,6545
4947,11,0.5803472065508135,0.07808578722498867,-0.10880786335326736,2.7437750029351844,6545
5093,11,0.5905201103652515,0.17620331695838715,1.2372579487659605,2.2285610655694885,6545
5103,11,0.5912327518825591,0.14324207758179264,0.8037054047714678,2.65636457634853,6545
5334,11,0.6080206414628566,0.19570551910735473,1.7913501383814407,1.2834131544529839,6545
5503,12,0.6233697918196525,0.17760190709267176,0.02666088097362526,1.9083299711045967,6545
5532,12,0.625360545300972,0.16148615959596613,0.7842946278279973,2.4793470354632388,6545
5562,12,0.6279981282471736,0.20456947068578735,1.773986912382884,1.3426472848742883,6545
5607,12,0.6327949245401548,0.19356010800372492,-0.3241796353776929,1.8372536970872504,6545
5618,12,0.634219669692022,0.0942243253830417,1.2230725913746756,2.5686893489106,6545
5757,12,0.6486011766767604,0.20034266728310232,1.1016985218851745,2.3662567542711606,6545
5824,12,0.6556248358877687,0.19788604575570828,1.2004552736829577,2.329234079961708,6545
5932,13,0.6697385973863071,0.193013203577851,1.1551477633195906,2.2891610486410796,6545
5936,13,0.6704248220784695,0.09718134633520581,1.867502395838205,2.4874511044845984,6545
6047,13,0.6868056680106644,0.15768693613970308,-0.26354944602044833,1.9877116077268908,6545
6144,13,0.7077100237722189,0.13313645566637106,1.6992810730035985,1.3366698929324878,6545
6181,13,0.7144125088194178,0.14073311289304893,1.3641298510747992,2.4303965112944073,6545
6189,14,0.7166526450252307,0.11257129701524429,1.7283566249232822,2.4009177969618243,6545
6258,14,0.7322776913773276,0.1538622304858501,1.396836592835698,2.4997663307084914,6545
6264,14,0.7336649516908275,0.11483192680083477,1.7524640962600384,1.339506798425432,6545
6278,14,0.738091706480469,0.16221953249799118,-0.23831062077722218,1.7114632024674612,6545
6328,15,0.7505564626730958,0.15599710786869214,1.3221084267312164,2.607831659237944,6545
6389,15,0.7719160925355284,0.0971519606028587,1.5292128329555792,2.1590312970514334,6545
6406,15,0.7787124749943692,0.14828878472905435,-0.4055831399591347,1.7996043435402922,6545
6422,15,0.7861296479357394,0.0902646910449438,1.470939312646906,1.6399895746773354,6545
6464,15,0.805656002914652,0.08266039872521257,1.0483558550297347,1.8748918515255792,6545
6479,16,0.8156928362859237,0.1399320853452127,1.1173978474748103,3.0306943514463645,6545
6486,16,0.8179712868301604,0.1235173196516171,-0.3245915163241046,1.9444910719969648,6545
6489,16,0.8206241381522942,0.09952434908029839,1.927626054414208,2.647526904888703,6545
6491,16,0.822808849830148,0.13709168095195393,1.7242112683009838,2.8089816629063353,6545
6507,16,0.8385296582701615,0.1300232661597558,1.101125203300311,2.3995990610709663,6545
6518,16,0.851596833944289,0.05176646314468335,1.2272546883161337,2.3482807418901968,6545
6523,17,0.863276031285333,0.12131742392623646,-0.19943152108475695,3.0523896258716836,6545
6526,17,0.8663306084390593,0.1215004462110578,-0.7238086854991675,2.091295897510417,6545
6530,17,0.872143243312152,0.09137701350031681,-0.405169927093226,1.6390823027819341,6545
6536,17,0.897651759125558,0.0873592448410751,1.3717770849872157,2.40661309752648,6545
6540,17,0.9106710287948959,0.06079554841454278,2.5032695625171475,2.730904543439632,6545
6539,18,0.9046517293191089,0.08821167996577471,-0.35044798373983715,1.6144364139461096,6545
6543,18,0.9292070407986787,0.06576529629663055,-0.6881450280208072,1.7966380024609485,6545
6545,18,0.9474559218172182,0.04848149113838466,2.110647179842251,2.6632746065503548,6545
6546,19,1.0,0.0,0,0,6545
0,0,0.0,0.0,0,0,6545
1,1,0.0997464434954014,0.06711993009232176,-2.137003372227308,1.5757912650739312,6545
2,1,0.10333405709111565,0.03079224575572141,-2.8907678121932427,1.9927479690121426,6545
29,2,0.16746363808122122,0.0487618342553608,-1.441051939981876,0.8977798716868214,6545
67,2,0.1933587163750976,0.08604398838474783,-2.370918773845026,1.085668637290697,6545
205,3,0.2552961330374519,0.11744146182604913,-2.3829433744671213,0.611432626085467,6545
271,4,0.27496649918670635,0.11190760755084399,-2.4049894547629953,0.5875000445204958,6545
429,5,0.30384330490332756,0.13868363148550483,-2.4519386831839283,0.5077557352182883,6545
632,6,0.33293810560398474,0.14244753219238854,-2.2999993873509412,0.5750993712963481,6545
777,6,0.3521261981316335,0.14637500092335465,-2.343977223882619,0.7264707509214124,6545
1024,7,0.3773145958511368,0.1431797002956662,-2.3345432737367062,0.8729139901020563,6545
1562,8,0.4166800212785008,0.15270126428725717,-2.586510854608027,0.9716329726486861,6545
1816,9,0.4331174598150884,0.15115288042284675,-2.5946414552960633,0.9402510671738584,6545
2113,9,0.4490059833270379,0.14084377502022402,-2.38082609976129,0.9123951668035137,6545
3181,10,0.4965152124833152,0.15141699773873246,-2.7993743043490125,1.1440589905029133,6545
3337,10,0.502178628592367,0.10460596897665032,-2.3599753261980636,1.157761273496495,6545
4042,10,0.5316673313481877,0.18781376280061843,-2.22412899553221,1.3374419301415714,6545
5031,11,0.5859617846354879,0.1399313920442323,-2.222634744215402,1.3258879378473425,6545
5335,12,0.6100570757021966,0.14246217614230294,-2.343863124934269,1.351147074747137,6545
5832,13,0.656710193500227,0.11760170581748972,-2.3986847878783486,1.0735031488855897,6545
6214,14,0.7132857936765264,0.08529536100975232,-2.3895545553306805,1.1299972832907996,6545
6345,15,0.743492534622013,0.08345369086043361,-2.3998255382994995,1.3373528691207692,6545
6503,16,0.8323926040154523,0.0553401102261986,-2.7817016482560613,0.3883945895558215,6545
6524,17,0.8599552357003593,0.030603360117662907,-2.1300456816985798,0.36578897567910634,6545
6537,17,0.8896433885440272,0.06009129776988029,-0.7271265209389914,0.6700859892177355,6545
6543,18,0.9086476876730997,0.06033463225447968,-0.8517684630986575,0.7905573950828925,6545
6544,18,0.914060617712187,0.06007824025452586,-2.863547501979455,1.2876899517494418,6545
6545,18,0.9331331126403128,0.06494308631296866,-0.4872435930859844,0.05240842147056451,6545
6546,19,1.0,0.0,0,0,6545
0,0,0.0,0.0,0,0,6545
1,1,0.05532097712100281,0.04697513800287788,-2.387193875670414,1.031942841894815,6545
4,1,0.09010759523033163,0.0602563213502412,2.338549047523793,0.809958183141006,6545
9,2,0.11115991693820204,0.05761078852966592,2.8851355304895954,1.2518978986694504,6545
16,2,0.1296503727023669,0.0578704586319923,2.5763967740273164,1.3771959852842062,6545
18,2,0.1327206028674629,0.0727640112226104,-2.3225005540009986,1.5248823354364203,6545
45,3,0.17440850912029593,0.060855573247013926,1.881073621435426,1.2724115547411505,6545
46,3,0.17554551720094502,0.09035900790580988,-2.825512300435074,1.5180142027067252,6545
63,3,0.18968812183723116,0.07532852472416443,-2.3594142578833006,1.672821170415198,6545
103,3,0.21369355894353925,0.1133221426815722,2.124922150429611,1.8952078785141908,6545
153,3,0.23375193002994044,0.13217745558014748,1.9804263958147281,1.9189705686640748,6545
152,4,0.23297600763091908,0.1423574765916991,-2.8653174584988697,1.5594033438229378,6545
229,4,0.2614584390095046,0.08247491231203899,-1.9965865320742051,2.343942589915952,6545
259,4,0.27126976187626495,0.1267983564073976,1.903515521371447,1.9982377999614396,6545
339,5,0.285656807134377,0.16321099301857941,3.1189195993128993,1.6387008368405083,6545
500,5,0.3111957168089645,0.11779108729389906,1.6738864742132091,1.8625866318529116,6545
545,5,0.31875075243905704,0.10544874716154885,-2.0712948619640743,2.131968450356344,6545
718,6,0.3417816350317331,0.2002307263151924,2.990551617642619,1.5378224810955778,6545
752,6,0.3445492465893226,0.10729272599284624,-1.9410917850077345,2.083392790168572,6545
758,6,0.34562141332934404,0.09793430196292092,1.723049916392088,1.9161320177742844,6545
1255,7,0.39458457572964656,0.107848591309416,-1.9589839243700462,2.113452286010068,6545
1387,7,0.40433885467244657,0.1965035011261312,-2.9835943634886033,1.5140030776825353,6545
2020,7,0.44397841912641156,0.07925070567540855,2.5809300290526562,1.7766896133694985,6545
2215,8,0.45354193282577016,0.20324042645706283,-2.9379577607568512,1.4740347172285717,6545
2300,8,0.4575543121047464,0.0928575291003006,-1.607140535571791,2.0050659960441757,6545
2304,8,0.45783865800361034,0.19394094921233138,-2.999704701713299,1.5992290308106443,6545
2315,8,0.4583423455708907,0.09801776812620144,-2.100416874957044,2.0416646825744427,6545
2562,8,0.4699978419622374,0.0805244923653297,2.4121604373101695,1.6886557347967484,6545
2696,8,0.4757009107232082,0.09293429170108727,-1.8556185524528068,1.7614395158943623,6545
3213,9,0.49703616661558325,0.0936024521725057,2.5891325512460885,1.5467114019050174,6545
3736,9,0.5185597534722204,0.159945702383203,-2.8672443909838154,1.4094830104015192,6545
3793,9,0.5211770435721642,0.10436028271693984,-2.255124718342135,1.950634542652884,6545
4104,10,0.5343628160016729,0.11098178035519886,-2.1748574537795986,1.9046878778403105,6545
4499,10,0.5536235911191318,0.0909876055641248,3.0239110940370315,1.125652306700083,6545
4745,10,0.5675972550646802,0.12932893580617344,-2.905420707112296,1.2188913793866532,6545
4753,11,0.5681287024521114,0.11875922226123281,-2.40200462692596,1.7524436185498173,6545
5277,11,0.6046389224402559,0.12177294573061202,3.0649006426014607,0.9936919100263897,6545
5359,11,0.6115157549075195,0.12872566917503453,-2.730912079117762,0.9362793900409789,6545
5506,12,0.623608248191062,0.11491442118586415,-2.2931457907889814,1.5562159546093337,6545
5801,12,0.6553703611204801,0.10235465148912753,-3.0195016666744694,0.942189474577356,6545
5900,13,0.6663098654411687,0.09118001031284394,-2.577495344538387,1.5920913363411446,6545
6213,13,0.7179562606943324,0.08144934505619005,-3.062826485216089,0.9845986049890636,6545
6299,14,0.7392992656097527,0.07600622220814708,-2.128014720675071,1.205453532504671,6545
6322,14,0.7449204264211541,0.07515581394938432,-2.698780644203821,0.8598938387672591,6545
6346,14,0.7516145900642601,0.09354331042493993,-3.0921821186613885,0.6922544669478065,6545
6450,15,0.7984896813994854,0.051100339926149436,-3.0434469631549756,0.6603858171274978,6545
6521,16,0.8479836195007098,0.021644726708469248,2.7294266413016857,1.7710165614640723,6545
6543,17,0.928609867802981,0.04701486301150447,2.1903931972125803,1.7907314847191675,6545
6545,18,0.9626088592106423,0.0326837953597022,2.8735787204747636,1.6649677112862,6545
6546,19,1.0,0.0,0,0,6545
0,0,0.0,0.0,0,0,6545
1,1,0.0763065949265539,0.05747885227515506,-2.264062949564407,2.3484226855174843,6545
7,1,0.10495813240076535,0.0662096844760467,-0.8347379090781314,1.2828055703480954,6545
4,2,0.1013742178154361,0.07075298605084505,-2.5802260379788096,2.582108836667117,6545
13,2,0.12478711628829486,0.07680362826025458,-1.0386230276423702,1.2959372557863993,6545
35,3,0.1601044469978824,0.05638638303172639,-0.7506082537796108,1.5938941634861408,6545
46,3,0.1754697454703239,0.08389788834647934,-0.46039826839942855,1.3034227916278498,6545
59,3,0.1854301759717225,0.10868089403632081,-2.0589829151173733,2.286531185324089,6545
98,4,0.21196498239159478,0.03395460622004459,-0.5576937423522063,0.532967350339288,6545
118,4,0.21862178121702458,0.04044960144347127,-0.9291052485002768,1.825703779193384,6545
170,4,0.2384364418862135,0.09535537932259565,-2.5897404213338824,2.2045347445031713,6545
292,4,0.27679991403495763,0.12181754810965488,-1.1113398038469746,0.9470966644815102,6545
330,4,0.2844889446192618,0.13458325481113811,-1.7200350621032934,1.1122689926980192,6545
363,4,0.28975543199617815,0.13636690139635185,-0.7479786657555677,0.8089572724280546,6545
255,5,0.2662082995028491,0.030068343431120633,-2.6985894139106446,0.8588077779924691,6545
349,5,0.28797495214886826,0.08404580378922906,-2.1750153467797944,1.9945281059781765,6545
393,5,0.29608966784502744,0.07963377559826489,0.3131291904646525,0.6435607380390357,6545
524,5,0.31564741107851346,0.10071206196471938,-1.1291714139718128,2.5855269243234864,6545
559,5,0.3216073266985092,0.1513771901105775,-0.8007738935489004,0.8136142324367072,6545
608,5,0.3282533892005476,0.13304362789287577,-1.730940199782654,1.2666060050366053,6545
636,5,0.3328121107801256,0.16215634407245882,-1.8632398314242566,1.066891271770363,6545
652,5,0.33441205591238465,0.13063417125404397,-0.8895596183326036,0.6156461890148598,6545
474,6,0.30878553539309206,0.06774435556493864,-2.223123001252289,2.0000627072372796,6545
715,6,0.3427251510823035,0.11555210182592669,-1.2187932319852166,2.539810438733509,6545
723,6,0.3434560862541456,0.11136179878702235,-2.4112029919656917,2.2963164957840907,6545
858,6,0.3576739799606722,0.16649394240140586,-1.7347873931845257,1.055202476604272,6545
937,6,0.3657113294527652,0.14022131754447856,-1.65924864519606,1.2059224900554824,6545
1085,6,0.379093009359029,0.12207155513608393,-1.278975412929926,0.6201762947931834,6545
1114,6,0.38164605459844747,0.11575222060271713,-1.091960754554253,0.5062810528130538,6545
907,7,0.36333408371027964,0.0917776600088398,-2.5475671865932124,2.062068069190217,6545
1129,7,0.3830860013565588,0.12982644296057066,-1.5472757958993666,2.4651276726264713,6545
1146,7,0.3847022784433559,0.13342299091307425,-2.4228384054797094,1.7389431114988396,6545
1276,7,0.39504626775127305,0.1505104959292594,-1.555976962037094,2.514425211280283,6545
1309,7,0.3971749937832375,0.14729405800651924,-1.7788247077055064,1.1316798789589149,6545
1314,7,0.3975634343483734,0.12496379707248445,-2.8653140749675785,2.2244438425533697,6545
1440,7,0.4060672725326213,0.1406545292886578,-1.943855729663467,1.8862073829508077,6545
1493,7,0.41061146955920313,0.11066862855618047,-1.4212993281550748,0.6096693492600342,6545
1501,7,0.4109806349983415,0.1577747486232235,-1.2905921907294855,2.9345153164962903,6545
1517,7,0.4118868408569055,0.10004168896882078,-2.189213244393793,2.57623665725364,6545
1809,8,0.4300475286055374,0.12990771122899356,-1.743019488185886,1.1362770716477015,6545
2090,8,0.44573074609526897,0.09329891317727151,-1.849451360386865,2.3525255906841234,6545
2195,8,0.45217057265456717,0.12535330210211562,-2.0245518501851953,2.782066979385767,6545
2214,8,0.45279082529352466,0.12693539637048318,-2.534641167989284,1.9487405372509736,6545
2216,8,0.45286146079900846,0.14474772362696614,-2.6813550224871214,2.9543218182587467,6545
2336,8,0.45856586823665657,0.1200498831070559,-1.4569657747374232,0.3865925133822702,6545
2391,8,0.46134766901436963,0.15283112936811125,-1.7247469235430883,1.6032927746689518,6545
2523,8,0.46753040187506134,0.13051370140652158,-3.0741866769099415,2.7334113646044984,6545
2786,9,0.47951195445622696,0.15690947814567677,-2.2799497595155747,2.9532947951151565,6545
3024,9,0.49046280423645616,0.11308619569891666,-2.363351912937298,1.949853569997918,6545
3188,9,0.49603599933334497,0.09903888720359352,-2.0878687326765193,0.40292603916080977,6545
3344,9,0.5030022595054798,0.0976596292030892,-3.1169592417354117,2.6204486148141624,6545
3405,9,0.5051892507757891,0.15595448016944768,-1.6209567867616304,1.51366581853207,6545
3539,9,0.5107870696347291,0.12045514023767323,-1.1108571093654618,2.6014138557940556,6545
3228,10,0.4976856980082349,0.16647412123552097,-2.20779730396342,3.001868629219938,6545
4039,10,0.53237384518601,0.10826157769118139,-3.0493460614770185,2.422188199252881,6545
4352,10,0.5484441377391086,0.14725477130812598,-1.5556981046574778,1.548340359586396,6545
4490,10,0.5560133205148395,0.10323194291780852,-0.800623743463196,2.3379030320676075,6545
4715,10,0.5682308629944857,0.08194110581589194,-2.31311816092015,0.9974196570578426,6545
4816,10,0.5745424267310204,0.08118960735408443,-2.16600355434759,1.551648935069569,6545
4537,11,0.5586046795244932,0.12053872526778496,3.070911136266934,2.4086292646251213,6545
4624,11,0.5633257163520671,0.1629907743442535,-0.09118111222225202,2.9039595111165237,6545
4759,11,0.5711118785694189,0.1116738439954131,-2.9582843459685284,2.276941929318355,6545
5071,11,0.5916229489283712,0.09922903344011713,-0.3312859452279139,2.3177252101970387,6545
5096,11,0.5931392239047207,0.13890218611035401,-1.3373342163216562,1.3538731016228764,6545
5185,11,0.5990421037259255,0.15646894103563314,-1.26191292419555,1.3968302786880313,6545
5207,11,0.6002142581716838,0.06992020597680841,2.9536951010824253,2.4708433894070283,6545
5331,11,0.6101192925962965,0.06306474069025304,-1.0354544644095136,2.5725658856639333,6545
5357,11,0.611960985594807,0.1155888141301966,-1.6177868298065587,1.2457461943816432,6545
5371,11,0.6127621753732765,0.19149369232814392,-1.6558198475063037,1.7594725885138218,6545
5375,11,0.6128989272511531,0.06952206359984317,-1.7449654221263082,0.8360226503340249,6545
5519,11,0.6244186608679835,0.08161123843332686,-1.769304539557707,1.9347403566121093,6545
5554,11,0.6282243107898742,0.15573731320692924,-1.443816665406145,1.6129376404843894,6545
5221,12,0.6013056936100957,0.14756608808566338,0.03930253608948883,2.717212235224622,6545
5603,12,0.6333456587839889,0.056601002203629014,2.749228856829671,2.735030223425211,6545
5734,12,0.6486685097258533,0.06971475554927258,-1.0280442758127626,2.3572624395305812,6545
5825,12,0.6592244303154974,0.11111719426003197,-0.8964635345804568,1.475316842751059,6545
5910,12,0.669675521080672,0.042108554330155736,-0.9853129302406575,2.809968387087374,6545
5932,12,0.6720852060641351,0.07584600694977461,-1.7424130285335357,0.973254185289885,6545
5978,12,0.679007181691141,0.12895435950276943,-1.6979826007960124,0.9775729585255922,6545
6116,12,0.7002292727421806,0.11730364918337392,-1.6727064283047652,1.525752668477796,6545
5736,13,0.6489528747828054,0.15170943378112203,-0.16516647541077908,3.0162262846413848,6545
6057,13,0.6905995039065204,0.036662820849958436,-0.8046193840942801,2.728036077093419,6545
6086,13,0.6949116156431929,0.1216313544519246,-0.017180200581388895,2.165300403732214,6545
6140,13,0.705084258231684,0.061800882092525905,-1.3421349932561333,2.2898026605143667,6545
6185,13,0.7123735456096224,0.11147938422872719,-0.4991921304334866,1.569687763461609,6545
6313,13,0.7419867070590911,0.10686208647040213,-1.5401826036517867,1.3830131172241473,6545
6277,14,0.7314939703931089,0.10657046262383468,-0.39674819114728405,2.6502131602944736,6545
6310,14,0.7406862573607479,0.06300278702950873,-1.3286355473541125,2.1370564128443466,6545
6337,14,0.7503815702901276,0.0964031440392001,-0.005909974777302495,1.9047294634478988,6545
6399,14,0.7685867238760373,0.11344277302751206,-0.23735033189826302,1.6234597591924598,6545
6419,14,0.775110186336367,0.09230622874731162,-1.5493582701770112,1.4513263728064036,6545
6442,15,0.7876474582254019,0.0892908945280084,-0.04109677223019166,1.6174789221724288,6545
6445,15,0.7886702551192634,0.10149248387530818,-0.9767196634890873,2.431780475820483,6545
6446,15,0.7891058243381488,0.08745305062446593,-0.6613860613953917,2.1978136169628417,6545
6488,15,0.8170831841840553,0.13974513227726984,0.08255386364089821,1.579889820542321,6545
6496,15,0.8233794063679828,0.059526362677760535,-1.5087843460287855,1.17369610143693,6545
6482,16,0.8140969169905132,0.09581709205465332,-0.9322914937588916,2.2222559322194,6545
6509,16,0.8356852323912236,0.07798124344833283,-0.9525135460186768,1.9194460509067608,6545
6528,16,0.8623384653702861,0.10367402192300307,-0.8668186770638594,1.7175191933651,6545
6533,16,0.8701400860730764,0.04694659982344016,-0.3632417324226373,1.5480349976804864,6545
6535,16,0.8740504623717245,0.08685487331564672,0.11974696811337775,1.5390460925801253,6545
6537,16,0.8770702419027031,0.050031494735304056,-1.0453720738113574,1.236345547367634,6545
6540,17,0.9012205320551236,0.045635719710882344,-1.1350341548649026,1.4184315878599696,6545
6545,17,0.9275708746273152,0.059179069461212305,-0.35334396991903366,1.4739644833052865,6545
6546,18,1.0,0.0,0,0,6545
0,0,0.0,0.0,0,0,6545
1,1,0.089167860086385,0.07412888112997343,-3.08506148352681,2.2616884711044243,6545
4,1,0.11390832822698471,0.04186999219925258,1.6803616398729815,2.425695108687461,6545
5,1,0.1163768828128825,0.10894209989096669,3.1145491293460252,2.555492643773659,6545
6,1,0.11673017145372833,0.08766695628094101,2.7360641208548575,2.6695894766591675,6545
26,2,0.15047225431229116,0.0532707507496619,2.616393583412594,2.6048100037809037,6545
43,2,0.1708612351657276,0.1404752481003013,2.8742708556528274,1.9993573653919998,6545
70,2,0.19707431462522684,0.12410166693442046,2.232408894995554,2.376931491912388,6545
162,3,0.2398999197426228,0.1179626232000517,2.3974409363055322,1.928716357557214,6545
193,3,0.2534871482699528,0.16344574766027495,1.9918047751074,2.299998380502126,6545
308,4,0.2838035315077738,0.1898975850679925,1.9865350705246838,2.227957360593536,6545
320,4,0.28552726396485706,0.1304076934364909,2.285174598390095,1.9968102237214844,6545
600,5,0.33049687567959574,0.16308911926455266,1.8521456729254873,2.0764716189486854,6545
672,5,0.3397556552066078,0.16425881352768087,1.869036188036852,2.2454610764716585,6545
708,5,0.3435900256006962,0.13621463536442388,2.086066582774609,1.7743450061204447,6545
1175,6,0.388591626163852,0.14462200445465956,1.8190159989729753,2.1870939768459086,6545
1518,6,0.41141994608796806,0.13436306265087963,1.7631522023781987,1.6637310609135747,6545
2314,7,0.45682089194078945,0.13323619229011907,1.6927023520698474,1.8728674444747417,6545
3008,8,0.4881600505507342,0.13205783530320278,1.6779775716419005,1.9095887354057999,6545
4060,9,0.5309021145846159,0.1237971509212374,1.4077340663154732,1.9760640529708922,6545
5041,10,0.5881115233687062,0.07254453521535571,1.3773770117203716,2.1749640694432335,6545
5491,11,0.6282316679974198,0.043667309476003724,1.760693113488896,2.1588087353951413,6545
6072,12,0.697923801031764,0.07492243744405955,2.483193070945517,1.7770808474090811,6545
6255,13,0.7352680226660223,0.07202577699371521,2.242251967713218,1.7751262014524385,6545
6268,13,0.7390721999538488,0.05703300146022717,2.4485239358296416,1.460059873398551,6545
6334,13,0.7569481828124262,0.05713487407627871,2.6555817144093474,1.835640685961551,6545
6378,14,0.7724247002445783,0.025739915612214993,2.5864191460187107,1.4953896440948222,6545
6379,14,0.7727194131629499,0.04346340024951979,2.527206593245553,1.9292875646323016,6545
6483,15,0.8214425253743952,0.05692914547163127,2.4652959019327243,0.8060751220692646,6545
6499,15,0.8330226223530487,0.02157516090469015,-2.6798555146213423,1.8694594915237872,6545
6534,16,0.8819930786229478,0.028121242810610587,-0.0622129231640322,2.0122395320396316,6545
6536,16,0.8885944593238057,0.08295202004515416,2.563856501137632,1.6240970309281433,6545
6539,16,0.8894547704477285,0.05456829404080955,2.4537679450303234,1.3893397030103514,6545
6544,17,0.9308119228424065,0.06499970782604905,2.768764686813671,1.5345903725679164,6545
6545,17,0.931205420573797,0.05721750477018998,0.7503347419535258,2.230310544298759,6545
6546,18,1.0,0.0,0,0,6545
0,0,0.0,0.0,0,0,6545
3,1,0.09624007613513941,0.09600066098551835,-2.398881428080499,2.2727376281777403,6545
13,2,0.11959227505613057,0.10270641291710442,-2.415392852622136,2.3105752200061604,6545
39,3,0.16109602994904282,0.09946944269846847,-2.396455367984738,2.0472117963039014,6545
43,3,0.16687065887580077,0.08043054597303961,-1.7820331999043737,2.419454650483522,6545
86,4,0.2035789541836771,0.0758036396316731,-1.2430239806912002,2.3232319259044867,6545
196,4,0.25146556188873637,0.07194742989272075,-2.583659061858778,1.3938228136288582,6545
145,5,0.2339887734463184,0.06834189818899665,-1.0547264942083991,2.3749995424439465,6545
355,5,0.28709008012502224,0.0920604149391895,-2.3096091049236556,1.1661730598267812,6545
550,5,0.3159498342468099,0.08316619034075547,-2.65988738445432,0.9060520734460324,6545
704,6,0.3360386812532744,0.02795816664298739,2.7612741131726644,0.8752998001723697,6545
989,6,0.3713821936757217,0.08919457486782474,-3.04276331185237,1.3989777475722944,6545
1575,7,0.41432398452511665,0.09506340476827058,-2.998904413330832,1.1257517587075343,6545
2217,8,0.4517805350277221,0.10490472560672062,2.9959271497666125,1.0977758844931225,6545
2587,9,0.469382050484052,0.09109919892523768,2.8911277962254753,1.1382955495551152,6545
3170,9,0.49440300899657474,0.09855599321058538,-2.8706498014400785,1.2088965453769551,6545
4523,10,0.5548747617342656,0.06234635751258028,3.0659788844854,1.6358995600015973,6545
4610,10,0.5601720843207143,0.06710255776054175,3.0358043622638435,1.7751429776642298,6545
4852,11,0.574280446410276,0.059489878169038383,3.064755836942915,1.8720947344890666,6545
5438,12,0.6151609072227998,0.040459390988727785,-2.82771208493734,2.0808733470052347,6545
5842,13,0.6537340223810657,0.024945874600261243,2.740811607619805,1.1702297769707068,6545
6200,14,0.7106003500179586,0.060044227151218765,3.0544007379453384,1.6488650215696323,6545
6309,15,0.737153096898432,0.07902397878466456,-3.0325721843953692,1.6832242279095202,6545
6473,16,0.800741738156065,0.10612099183002752,3.1363526019908217,2.173116977124583,6545
6506,16,0.8309215131157845,0.09148925761302272,-3.055798587725274,1.4663593354230984,6545
6535,17,0.8763719991563165,0.053239409959606195,2.9422069599208203,1.5719974592505828,6545
6545,18,0.9497836971401784,0.017900306832955782,2.696042734985356,2.088698787242014,6545
6546,19,1.0,0.0,0,0,6545
0,0,0.0,0.0,0,0,6545
3,1,0.1044786873774084,0.08430169337192088,2.1987960207124546,1.994133277908911,6545
4,1,0.10493426335027323,0.1047478794077039,1.9747689607298298,2.365967770635161,6545
8,1,0.11682734578804044,0.10259098156799047,2.1563243244684744,1.7112413695414905,6545
30,2,0.15831095241870685,0.12401986580884194,2.5464510882673097,2.4703135845721342,6545
37,2,0.1676868112051677,0.07718799422154202,2.3427715045584585,2.1235786591331154,6545
88,3,0.203015593278291,0.1016952681094463,2.7538438109860417,2.188223036106486,6545
138,3,0.22371534527526127,0.13960579968554285,2.5470122835660125,2.069243138201483,6545
182,3,0.2398195615719293,0.1435929573156974,2.5582931976552494,2.1907646245136054,6545
252,4,0.262807235687492,0.13797534753450272,2.613271075019698,2.151892271642624,6545
490,5,0.30820060783983516,0.11231648599460553,2.498444178704054,1.878192943053822,6545
676,5,0.33591063109074526,0.1560784491244909,2.85529618188727,2.3150773183792017,6545
1018,6,0.37397347039191686,0.13985419517918843,2.9372793524116094,2.101856229014494,6545
1888,7,0.43654062220095924,0.17708055051531688,2.7144058284821853,2.2925095956013517,6545
2339,8,0.4614958370833785,0.193086807711472,2.748474129982099,2.2013131466225886,6545
2566,9,0.47209050163390864,0.19270038303364873,2.793637016277183,2.1614118483111175,6545
3301,10,0.5039829303667219,0.19747259196498007,2.8343308677671217,2.15844681696317,6545
4403,11,0.5488291863971588,0.20019458743012053,2.856671782741652,2.3038383394006763,6545
4960,12,0.5814357104052865,0.17837030772545842,2.910896468513021,2.28988929344528,6545
6099,13,0.6885266764332396,0.14977611921977763,2.310287380469783,2.2868776018918044,6545
6236,14,0.7128587118549978,0.13185038000339916,2.161576235420653,2.2621337504747725,6545
6408,15,0.7645370038854996,0.12954705924740542,1.7709708788531744,2.4363063182795694,6545
6492,16,0.8126476421510521,0.1448893155379224,1.6666228840796444,2.7020844827020976,6545
6533,17,0.874428291195112,0.1195240426252061,2.292926342100921,2.6314362742758832,6545
6546,18,1.0,0.0,0,0,6545
0,0,0.0,0.0,0,0,6545
9,1,0.11688422460884285,0.11077483289179318,2.7220078099048215,2.720767821683707,6545
28,2,0.15677873375651397,0.1284706037796285,-3.060281578925278,2.776669342008989,6545
64,3,0.1872657790904947,0.1384898690775613,-2.739569919163189,2.7250449635465097,6545
129,4,0.2197393207476569,0.11097598735117323,-2.671446712832369,2.8450723916699654,6545
369,5,0.28333990420453614,0.09558797495160144,-2.0762110168379384,2.4733903646388833,6545
824,6,0.34892102890209287,0.09109087160323748,-1.824260465108776,2.524915865613342,6545
1669,7,0.4205529143338358,0.12910463109821016,-1.7629842565296296,2.319926275655546,6545
2127,8,0.44649544513562045,0.1455834808127395,-1.8444193380634109,2.399368999129678,6545
2991,9,0.4883381835458027,0.16488483979688096,-2.097112491052402,2.55767264946552,6545
4008,10,0.5307034417541876,0.20706583354036623,-2.126708287834936,2.5485575414526873,6545
4801,11,0.572690718955249,0.1832574737124051,-2.2338479932840345,2.5247712025944247,6545
5631,12,0.6364774019267935,0.16202866639120536,-2.51810314541462,2.8294090136061594,6545
6344,13,0.746591764265081,0.14765925707837746,3.0269651658991017,2.2211184482159942,6545
6461,14,0.7970947709772408,0.12258496932658801,-2.976592286780837,2.0328558117696827,6545
6512,15,0.8330873750504257,0.09768447535766106,-2.8921003801919167,1.9226006010159675,6545
6540,16,0.8940891910180765,0.06512374902339631,-3.040673289586903,2.3103003301714575,6545
6545,17,0.9513590067018372,0.019188486378264133,0.9377508138841869,2.9749203104479127,6545
6546,18,1.0,0.0,0,0,6545
0,0,0.0,0.0,0,0,6545
1,1,0.04813809690114712,0.04387756970001936,1.3627248542052413,2.4308522762201856,6545
6,2,0.09999621022894489,0.04813106395154895,0.6859807449860578,2.2786580815430617,6545
29,3,0.154927468188937,0.06031701466148419,-0.38440148301592586,2.170713952623015,6545
61,4,0.18675603832489462,0.08249633052398957,-0.5612203588038068,1.9386342227255886,6545
100,5,0.21462892388640875,0.09735366041519948,-0.39932663066805796,2.140818290094636,6545
331,6,0.28187526207793523,0.08655138405643982,0.14111684636930255,2.2887234307058657,6545
539,7,0.3170365420779785,0.1020601831852398,0.16533868208618907,2.5283971311934694,6545
730,8,0.34432395887996436,0.09882440338621784,0.568751222456167,2.5743020239967485,6545
936,8,0.3670450783911471,0.09817551579691458,-0.09368693798011098,2.1033199024546345,6545
1373,9,0.4048607319153823,0.044684650229716114,0.6728217458110144,2.255566082922045,6545
1401,9,0.40674903025677067,0.10056382903753228,-0.2565503874738122,2.221102702770194,6545
2301,10,0.46044121823956163,0.13568356979392415,-0.5252867074126988,2.01001725301833,6545
2302,10,0.46045290960843377,0.07518931512684233,-0.04290754051857761,1.9544291633852233,6545
3550,11,0.512697216331334,0.06579659838282463,-0.32689556684605087,2.300861205913536,6545
3799,11,0.5230721321609525,0.10131460204046802,-0.3480413493494503,1.676854902854663,6545
4553,12,0.560138900013903,0.07736837509622994,-0.13364258990938999,1.7946746898403436,6545
5341,13,0.6098725546925426,0.10191564698498665,0.2778637201906036,1.540312311259596,6545
5838,14,0.6566326977967766,0.11775586012826642,0.23846316765106515,1.74696152582741,6545
6120,15,0.7008255488860979,0.08242248770759772,0.0732988123621038,1.8404296434039473,6545
6396,16,0.7659191990910417,0.10646112311343112,-0.10371746712754937,1.8595307754550827,6545
6437,17,0.7848078283290295,0.12474344305218964,-0.13233841288644727,1.8674830495236452,6545
6486,18,0.8152690818949334,0.13838099214553246,-0.29918773763486056,1.909227053728387,6545
6523,18,0.8574175538716772,0.06392788066603577,-0.14290165005421387,1.8807750674920274,6545
6530,18,0.8655978851542246,0.10035897971938129,0.20351160375947053,1.5584357799175064,6545
6539,19,0.8893578524022511,0.09808710173884842,0.25983194710199775,1.8306832441397651,6545
6545,19,0.940031167489278,0.05947635071070815,-0.059390110773530104,2.346459086612133,6545
6546,20,1.0,0.0,0,0,6545
0,0,0.0,0.0,0,0,6545
1,1,0.06598747273861383,0.061015957393052773,0.15423476955209267,2.136625909185151,6545
8,2,0.11003528490428971,0.0890906961076984,0.2069191348272432,2.222485046370199,6545
23,3,0.1479714738385557,0.1079946594741108,0.06572058833564401,2.1209221192217047,6545
107,4,0.20856175086782447,0.11798458102513913,0.2753459926918569,2.35893987141572,6545
187,5,0.2460359999049625,0.13179955466078197,0.39093324960156434,2.359121325475747,6545
326,6,0.2835471691293634,0.13067426006713495,0.03093544419472739,2.2879834623857707,6545
401,6,0.298141410969992,0.1341187531878795,0.14208972700989533,2.098391202365757,6545
621,7,0.3321085398770227,0.10607554364755095,0.24297806782039752,1.9956830859482149,6545
870,7,0.35996414130269005,0.06571827306277292,-0.10795214768253493,2.0015897590883145,6545
960,8,0.36682206434983244,0.10970775912641392,0.2285694683336347,2.1194262595430433,6545
1321,8,0.39859765707176686,0.0459564317683483,-0.20039864755325162,1.772732607138757,6545
2006,9,0.4417294000106762,0.12376557966292377,0.48017340772627004,2.658628891463942,6545
2036,9,0.4432783335082293,0.055231141323403725,-0.703128015581383,1.9134814596999903,6545
2061,9,0.44510206316143863,0.08719953480820995,1.0800438330813231,2.299977331704529,6545
2992,10,0.4873127692327419,0.08524195378425323,0.9613791562380597,2.458867532244386,6545
3242,10,0.4982792449730714,0.14000254561715714,1.0802875053861603,2.522402298431481,6545
3255,10,0.49865994254266566,0.09901181017088746,1.7444759504693106,2.320228279669089,6545
3296,10,0.5004086513188297,0.14919713666103235,-0.11968670619675502,2.535053685312676,6545
3382,10,0.5034638128372614,0.030268058675402682,-1.8136315297081893,1.483925529539493,6545
4213,11,0.5394920608827951,0.10911158216229881,0.8287005150627599,2.156274210002207,6545
4316,11,0.5443490985721704,0.11222123996749794,0.5409293275971001,2.570360942335631,6545
4932,11,0.5788154394024931,0.030004715080536745,0.1193310962062157,2.8508207162081467,6545
5106,11,0.5913918085704629,0.06212216965178396,0.2538281591175998,2.4407093632955967,6545
5551,12,0.6291065520623528,0.05923432787370744,0.7525685021950587,2.414781907840693,6545
5728,13,0.6477518699276669,0.06542528030169777,1.0104835036547002,2.3814909969821896,6545
6046,14,0.6867953210122768,0.05002844139538898,0.7000195991589838,2.3604027446053935,6545
6213,15,0.7205348174521288,0.046189338043112226,0.5775717771930305,2.0185454907670053,6545
6257,15,0.7301144476803751,0.041194536196316835,-1.0238407409941794,2.9127880391260383,6545
6435,16,0.7869070860052896,0.048756283720216426,0.17105317242937984,1.1804968386533703,6545
6486,16,0.8130576582278062,0.05939086503182416,2.8034141726530697,1.9486356517960504,6545
6492,17,0.8167094816888867,0.06264730344350086,-0.3202118242424885,0.9789474719934889,6545
6513,17,0.836123598458608,0.07014164179661025,2.4975832818471146,1.8738314731824526,6545
6526,18,0.8484452686179257,0.08352770238752925,-0.18802441721177698,0.7387821859849649,6545
6531,18,0.8633644241153511,0.09406685515106779,-0.6776771252421333,1.212416067802879,6545
6541,18,0.8867729336128368,0.10709049889256382,0.1799524372270183,0.4732393508302287,6545
6544,18,0.9019688065922007,0.05743473539910196,-0.2585215971089584,1.873557931918433,6545
6545,18,0.9298327120433669,0.06083878001850728,1.3967763029911273,1.2680165467763624,6545
6546,19,1.0,0.0,0,0,6545
0,0,0.0,0.0,0,0,6545
1,1,0.06080383603217021,0.058496370189907373,-2.804789679706441,1.491749828342451,6545
2,2,0.08304090961034527,0.06968612131355639,-2.7397930332560008,1.7561723143198564,6545
44,3,0.16085440933074857,0.07479070526845633,2.6813196759693247,1.542483705410502,6545
67,4,0.1826274500977425,0.0742430446256297,2.7152653755052514,1.6375812143990862,6545
81,5,0.1967786666604665,0.07329051862334042,2.664880474349715,1.49010232490123,6545
176,6,0.24557915258655638,0.05019332610183884,2.49306691815008,0.9504089067392196,6545
320,7,0.2845941906243491,0.049312000908109076,2.34219298718493,0.9677509456005718,6545
429,7,0.30394289786149287,0.08292544349479497,1.772755011762761,1.353140951149684,6545
458,7,0.30930348355923976,0.08496813556818525,2.572047761116974,1.13745182727787,6545
471,7,0.31166961896438306,0.051416018316651685,-2.597424740885148,1.4401390613781704,6545
602,8,0.331983347164589,0.06941256336039185,1.6811119485304078,1.1899310096305424,6545
623,8,0.3346939590752914,0.07219281225204108,1.9165456133044219,0.7589271973795907,6545
1181,8,0.3886036976075009,0.09484980529981142,2.7865789823717426,1.2536039221468946,6545
1710,9,0.4274025273260772,0.0928174150249976,2.5257690179165606,1.055786783128662,6545
1935,9,0.4403316349980938,0.09706226920555437,-2.9949744756445256,1.1517398071787284,6545
2407,10,0.46355183367372743,0.10038749008838112,-3.0480987268059296,1.0327846870824107,6545
3049,10,0.4927692073926002,0.1254382267318837,2.8293566207128773,1.4500873755076715,6545
4066,11,0.5337563980008196,0.10309396953383462,2.692444468007455,1.484249232018261,6545
4876,12,0.5761021860461609,0.08764758820346952,2.9633643453787806,1.7732237886989133,6545
5246,13,0.6048422660587197,0.0709628565740034,2.8831666968957266,1.5160601614914884,6545
5627,14,0.6363214755578471,0.06571587428680693,2.5649834703818657,1.453363624444754,6545
6018,15,0.6822340349379306,0.031294520862409886,2.175438819224738,1.5329747300770233,6545
6125,15,0.7008456533740783,0.05787718067788809,2.9314600877700077,1.2607045980633553,6545
6200,15,0.7140543150746473,0.08790523269579185,2.3540903355460725,1.1865269897263802,6545
6211,15,0.7160304236631411,0.07425699879656514,2.153373689284281,1.6222583644231188,6545
6271,15,0.727911982424688,0.07530837875657219,2.619125127644415,1.9758765786584065,6545
6298,15,0.7344180385772215,0.10343670396941289,2.727162479007674,2.271674092081797,6545
6320,16,0.7399592188966367,0.09724268809042831,2.4177110044642993,1.080330472868661,6545
6322,16,0.7405899131485922,0.08450518538317,-3.1366982815314857,0.8970105241804422,6545
6348,16,0.7462116823979827,0.11113118618808669,2.30945929784714,1.3407014780918027,6545
6418,16,0.7700180303685522,0.04593673266565065,0.789088416161769,1.0339366066192066,6545
6447,16,0.7836795369079146,0.08498601149018901,2.0730208905311867,2.471476309173575,6545
6455,17,0.789244364084851,0.10510306038047167,2.892567414252884,0.9440012086139484,6545
6477,17,0.8058311128143769,0.060153957557660974,1.264407816544082,0.7799171868634364,6545
6501,17,0.8286209503848727,0.07235078606074033,2.1291810916400387,1.087055156989122,6545
6504,17,0.8316212502662107,0.05415248232831172,2.693071889484033,2.455579048987223,6545
6512,18,0.8373783054314053,0.08736896293468831,-2.9290258588979636,0.7981841495907082,6545
6523,18,0.8547458551417766,0.08789787198603581,0.8951822537611508,1.030170543938842,6545
6529,18,0.8651313300017395,0.06749421490717898,2.461846800214636,0.6258018658336568,6545
6530,18,0.8665942691159682,0.05833425541536457,-2.907150201966173,2.377552276163714,6545
6531,18,0.8673020343763557,0.04055215872140242,-2.8346484433812322,0.7145969648482898,6545
6541,19,0.9126344002253902,0.08213097297767391,0.9069894783552649,1.1241992399521583,6545
6542,19,0.9158575096895379,0.08195724618679755,-1.9458711174549481,0.6613046307472211,6545
6544,19,0.9240112437435509,0.06438813894657854,-2.0439220446824478,2.1518923033092605,6545
6545,19,0.929385199721104,0.06440812013291553,-1.208438240888675,0.3930560580148838,6545
6546,20,1.0,0.0,0,0,6545
0,0,0.0,0.0,0,0,6545
1,1,0.05321521263615081,0.040751386670062,0.2181195576799761,1.9003736067875032,6545
2,1,0.06455226758237453,0.03763781169987835,2.458060991738117,2.8138747862381153,6545
10,2,0.09610753577240116,0.022405724181558798,2.7542679254089557,2.323639203177187,6545
13,2,0.10269193586449121,0.06366001853539849,-0.14373889181830593,1.726683299003255,6545
18,2,0.11922675993838194,0.0603365885527384,-1.2455866090807588,2.270390407944729,6545
57,3,0.17236431684764097,0.06973037056999665,-1.6295666988512953,2.4274302867677022,6545
58,3,0.17236740118948568,0.08596200309244516,-0.38336521144852365,1.454720344514058,6545
131,4,0.21827444858249423,0.06704340687627304,-1.4767038817437204,2.038961894963453,6545
180,4,0.24094157103000713,0.09299690625971832,-0.8889435133196155,1.51783130732365,6545
355,5,0.2890640400369964,0.10415172476165745,-1.1289886875758768,1.4237268878972553,6545
807,6,0.3518529781696209,0.10964109674640297,-0.9393361379535682,1.8998844646079156,6545
1411,7,0.40424747356400825,0.13065256600261801,-1.1838016218522813,2.1794230873095146,6545
2146,8,0.44698977026024744,0.11171519799294524,-1.5445972859278738,2.3065966247668914,6545
2686,9,0.4727887590666511,0.12536941634343662,-1.461648315244564,2.2184160514243048,6545
3697,10,0.5151174541413195,0.12558401165424976,-1.2875916711797526,2.0388717378246843,6545
3799,10,0.5192503664262421,0.141725261357814,-1.3606980987996282,2.0304869083953454,6545
4720,11,0.5679913971009337,0.12371331706194943,-0.9169595746032985,2.1621229938870723,6545
5324,11,0.6092392692392056,0.06586961339130838,-0.8556155847650394,2.0239881794240113,6545
5561,12,0.6302405432950823,0.11346587616070869,-1.3445596413710166,1.9954005407940778,6545
5764,12,0.6497308672028549,0.06304535052921119,-0.906493946646706,2.332344708312567,6545
5768,12,0.6501283713052147,0.10217455193467435,-1.467381808398898,2.2548644924501717,6545
5932,13,0.6713844046140212,0.06885186771540083,-0.824998429521517,2.42710855844182,6545
6028,13,0.6838184338510404,0.11393412646945093,-1.538921064644967,2.3213848944369846,6545
6110,14,0.6978899311871098,0.10655960181254352,-1.4994105619069555,2.272425506031024,6545
6210,14,0.7173521218026139,0.10098696981330565,-1.1086751701842714,2.4012817859821247,6545
6373,15,0.7535936478558763,0.08871435195328627,-1.8196262859459753,2.4841621382461407,6545
6401,15,0.7657249200172125,0.10705374117820357,-0.8308911225678096,2.132491794753168,6545
6423,15,0.7758131930152893,0.0801695239283464,-1.1262742350477761,1.6537998267569356,6545
6459,15,0.7924615505218562,0.10691944574929384,-1.3098727013648983,3.034965113493971,6545
6473,16,0.7991445835137879,0.07970554716865212,-2.5140363057701873,2.3715231301698534,6545
6492,16,0.8108478242228769,0.08225007363852072,-1.665954584530223,2.4539181364590137,6545
6502,16,0.8269831150943248,0.09412040057038147,-1.2123351299509795,2.156371805592908,6545
6511,16,0.8394983760788752,0.11921353646332723,0.9645472660465814,2.841414662447722,6545
6530,17,0.8818008419787516,0.038307188984499106,0.019862379099754426,2.555992594877494,6545
6534,17,0.8868124685296194,0.06273364312032932,-0.6851441373468529,1.6890844456297616,6545
6541,17,0.9015931594465174,0.060341048077673036,1.3134831900039041,2.897272365538696,6545
6543,18,0.9125246234699321,0.07391709381259803,-0.86417625543672,1.6379506885870982,6545
6545,18,0.9288139498006667,0.044431241010891444,1.3249749763060066,2.602858710444838,6545
6546,19,1.0,0.0,0,0,6545
0,0,0.0,0.0,0,0,6545
1,1,0.06725529108521566,0.040747808475783076,0.25606336163448795,1.2549832741516833,6545
2,1,0.08200648692761259,0.06415900396998435,-2.7187903024946154,1.429964644567171,6545
5,1,0.11049202083253007,0.08144620511241481,-2.9106433041743216,2.3295573900430537,6545
8,1,0.11922717255165127,0.09328906283569093,0.47263666184835307,2.5134676322422664,6545
11,1,0.12364447719176752,0.11585246044489789,1.5889444094909417,2.471117870742315,6545
15,1,0.1294698186522928,0.1219875552558703,0.2903583302362494,2.754707768428617,6545
25,1,0.1484251132443667,0.12778723352634574,1.1198088979240082,2.5117587295825365,6545
56,1,0.18153957080953154,0.1678099240193279,0.8986029105550908,2.4208471263819056,6545
22,2,0.14328776171814261,0.05256290346064902,-3.1364861363898573,2.4862840013917076,6545
29,2,0.1512500137038867,0.05833727065606745,0.8934748791686344,1.358180174649166,6545
32,2,0.1528854640734908,0.05513606923964971,1.9057198318426432,1.9113469206777733,6545
34,2,0.15499079270794536,0.06076394580659843,-2.716835059722661,1.830664348687209,6545
44,2,0.1646155635429134,0.06064485819644326,2.5254504370563735,1.327330955418458,6545
47,2,0.1696808588911629,0.1241579664503374,1.0102283814461575,2.5565956677173673,6545
66,2,0.1883973673631275,0.12700209045878072,0.7452457009379567,2.2359281498599795,6545
104,2,0.20634148677790976,0.18312946505893768,0.8634140862151087,2.378193619628584,6545
114,2,0.21348303715304218,0.18008082939954595,1.064771092681779,2.387790520156131,6545
175,2,0.24084222899738028,0.19741199579790797,0.6873239185636179,2.587177856038611,6545
222,2,0.25801136335370956,0.23202281734210076,0.9906577888557141,2.5682859518915935,6545
57,3,0.18263940078854557,0.06931194540627944,1.6641897573289395,2.067064238783331,6545
71,3,0.18902575563455948,0.07892472188362828,0.7737906908353627,1.3083397996601502,6545
99,3,0.20534604187700367,0.08214641664074973,2.3348790667055646,1.6874990680564228,6545
105,3,0.2063975946823886,0.0565013674096306,2.1627196606587833,2.6055082325078938,6545
113,3,0.2120735621213965,0.0614745873099029,-2.5805490156692525,0.987004189320005,6545
160,3,0.23514071087208055,0.14105831164620528,0.9010372061843267,2.189354489907963,6545
377,3,0.2929624669324852,0.2067303809389094,0.9417882645811505,2.5727513243001146,6545
233,4,0.26010620629914194,0.074044111367578,-2.555930133801876,1.110085857619977,6545
266,4,0.270933358218281,0.057763061894073806,-1.7099614159463914,1.3889412450200878,6545
352,4,0.2892353047307884,0.11772816376653568,1.3850136844989727,1.2372365356281554,6545
363,4,0.29104218894512435,0.09681727871132874,2.107897092408182,2.1279348490270134,6545
401,4,0.2972613909826942,0.15422927670715278,1.362781934279714,2.563006871814691,6545
467,4,0.30830873075595366,0.17426900739390974,1.1238423785458873,2.5461735105775682,6545
548,4,0.3213995899697606,0.22082851320595312,0.9143889992874098,2.5127455290577076,6545
428,5,0.3016437905568461,0.049495738178248955,-2.636814918497885,1.2795387383379813,6545
533,5,0.3196609607000962,0.13518186627983303,1.564710299631401,1.188006770457633,6545
549,5,0.3214934905850967,0.08203074948221095,-1.3102618444791627,1.4738094149795753,6545
617,5,0.3322330583117825,0.16450338013734922,1.7098421011048297,2.6143665986092257,6545
724,5,0.3458450805869858,0.12007100141031725,1.7534246971046143,2.2757206640708882,6545
861,5,0.36122574431000876,0.1416953622308264,1.737631562086515,2.353428684495854,6545
1030,5,0.37912383281242346,0.192354862892828,0.9206805082604224,2.6822288561405663,6545
984,6,0.37609491737126666,0.12375229329479855,1.387705409803149,1.4232994256474882,6545
1059,6,0.38163264763056914,0.0454342393568125,-0.657912831818838,1.3183177803583166,6545
1098,6,0.3843936994696917,0.126098275500679,2.0806858236025736,2.716786996201361,6545
1211,6,0.39296901362046965,0.15193704036316977,1.6014813045970044,2.399477382529585,6545
1353,6,0.4045479683858252,0.19092662190254842,1.1471758631704985,2.7795681538861094,6545
1496,7,0.41446743677526887,0.1316741820509606,1.5891990131782416,2.7366016928192947,6545
1677,7,0.42617259790448025,0.073070595965517,-1.0205583063282244,1.6765378019109123,6545
1711,7,0.42881113944405247,0.12989283518545428,1.2434713241650583,1.8083077654920716,6545
2000,7,0.44637643272071315,0.22335127606063748,1.4674555448640698,2.7842146004750106,6545
2314,7,0.4616342667837191,0.1601563753119391,1.3798237261931265,2.277462850238527,6545
2961,8,0.488810975051187,0.11249487202480592,-1.3958053255344085,1.5179484300794752,6545
3471,8,0.5090437083239314,0.11766427627326898,1.4967279572957009,2.23606508927872,6545
3507,8,0.5106416850832242,0.13331701320210684,-0.833935564873415,2.930024085177621,6545
3794,8,0.5216794740335434,0.2771347765413079,1.4909553292230437,2.7921841838426396,6545
3643,9,0.5160726643544759,0.13070890750989486,-1.3202181662036347,1.5294019035975626,6545
3946,9,0.5283117315860518,0.13222102917854822,1.3699896793913584,2.2228431991438256,6545
4028,9,0.5320836813908455,0.13239042891068487,1.523788246996228,2.3270288741609733,6545
4309,9,0.5461903093812932,0.1536025782587693,-1.7290479095405695,2.9038715000003545,6545
4397,9,0.5514723553889057,0.26497956563365593,1.70676704022559,2.747062801715345,6545
4325,10,0.5471638951652942,0.1484203553455132,-1.4255985789554408,1.4435156056890142,6545
4589,10,0.5624225842072645,0.10635145935297138,-1.1843328893602345,1.7553194120744826,6545
4835,10,0.5765074881820598,0.25613598577767305,1.6990626378560343,2.7592115392295162,6545
4986,10,0.5848576589921554,0.17986563997494892,1.509233608073655,2.2882403057676197,6545
5175,10,0.5959946161346573,0.16828219022601837,1.6604032907629205,2.4629657014544515,6545
5326,10,0.6067629938746829,0.13060034138877993,-3.032190104497539,2.7747093032346455,6545
5455,10,0.6172110677003881,0.1798627910862911,1.2793595394103299,2.4445705530615585,6545
5256,11,0.6018687795278337,0.12090693285825552,-1.377185156453715,1.6357166130154874,6545
5376,11,0.6117914215959637,0.1128530233405366,-1.0382274001745937,1.5371316966400632,6545
5461,11,0.6176130187411768,0.085490519397825,-1.5729285585690476,1.6244939283944526,6545
5562,11,0.6274614846850174,0.10575063768095795,-1.298983506513523,1.0961627524012891,6545
5667,11,0.6371138006769457,0.10761545047778043,-3.122008775584682,2.915255843975095,6545
5931,11,0.6712137033322205,0.17064562223010052,1.4362146961578326,2.680890743887481,6545
5693,12,0.6400703238294242,0.10498440230565469,-1.5949340650357886,1.5689334310976275,6545
5838,12,0.6587490700905648,0.1056320988078044,-1.0694604633375993,1.1402795712380496,6545
6168,12,0.7070404241878666,0.19844214128634252,1.446419969373166,2.6567627305313097,6545
6181,12,0.7090780659648278,0.05806894443490428,2.4056011520533334,2.4100657026721346,6545
6269,13,0.7268691043756165,0.09613633622087826,-2.4221686088911207,1.884344684352189,6545
6306,13,0.7383770444398748,0.1901703354572983,1.4231287791817093,2.520027128965019,6545
6307,13,0.7384062404168563,0.0813920326716093,2.718215337856437,2.456766768476054,6545
6347,13,0.7505491528326184,0.058148333010307564,2.828697142717616,2.2705216404658297,6545
6373,13,0.7592939088219989,0.0816308299556318,0.1107949202426124,0.3268027418022673,6545
6437,14,0.7835248663016783,0.08259288023163852,-0.10742069447181427,0.594115813913386,6545
6454,14,0.7929197442673913,0.16090685902946736,1.7492571954771947,2.6178523781876524,6545
6504,14,0.8221188439923673,0.04210626290502122,2.656509856476172,1.5924988846437578,6545
6506,15,0.8240217752451808,0.10005682442020714,-0.18941462833614406,0.679471299342715,6545
6517,15,0.8468742283409773,0.13961776207867266,1.914396190086097,2.4409653191862875,6545
6532,15,0.8627201495582192,0.06257269958802153,2.615890342448533,1.007076606391292,6545
6538,16,0.8777960660796301,0.1184969417553326,1.7038115236866649,2.512997047804593,6545
6539,16,0.8801293422360263,0.10895674692867476,0.30993729047176216,0.814443031974135,6545
6542,16,0.9159234855209677,0.03638467028593178,-0.43318300578353963,0.8339800709927742,6545
6543,16,0.9163793827324764,0.07760945599554474,3.137297694756475,1.574969850796652,6545
6546,17,1.0,0.0,0,0,6545
0,0,0.0,0.0,0,0,6545
1,1,0.05490521263504766,0.03636578287366815,-1.5302449854363414,1.217422675158382,6545
4,1,0.0762973328309886,0.0494945446163303,-0.4558827759765582,1.9668123122319194,6545
7,1,0.09611097940580005,0.06626795971001669,-1.852871304471294,2.236859219708014,6545
5,2,0.08431692016105052,0.04810136977417237,-2.1595392670780806,1.140662611447344,6545
13,2,0.1326301002848831,0.07118353918403304,-1.9715963258064262,2.245097254062232,6545
14,2,0.1354921920489569,0.08710912351315915,-0.999678747938673,1.531465885725942,6545
15,2,0.13607102190964138,0.053556442992979354,-0.8279678023656577,1.411363484023316,6545
40,3,0.16621945523186776,0.05214437525136064,-1.9177749109741344,1.5892565167722494,6545
44,3,0.1703322606571569,0.07905951158300677,-1.4119273460351662,1.4691752968003513,6545
57,3,0.18024426526435167,0.07321899241281558,-2.2879765697117365,2.6568430869673167,6545
63,3,0.1849853269132815,0.06658726577784685,-2.9740632299495533,3.0164619446299725,6545
108,3,0.20699507329810196,0.06841479755095943,-0.9284489722150773,2.097685348239822,6545
121,4,0.21404871663619385,0.08223407602803953,2.0362903253753855,2.8592908864435276,6545
228,4,0.25463180191659507,0.0952653716401621,-1.1491845819229383,2.2881950664160096,6545
332,5,0.2801295304786957,0.11910046567019517,0.5184866568188153,2.865486955861262,6545
346,5,0.2832092454576697,0.10288082358856476,-0.6649552590515643,2.7176551907905195,6545
357,5,0.2866382018597924,0.10193296026754606,-0.992693523173522,2.540468358433352,6545
420,5,0.2983248297919976,0.09966041458954795,1.327191523386699,2.4142599371983042,6545
632,6,0.33187231360014524,0.08631888532434527,1.2307141492987435,2.6036689785379385,6545
742,6,0.3458067174719286,0.120147249230077,-1.337626719351566,2.9100842493681784,6545
1033,7,0.37497109244128635,0.11349325388768178,1.4654171156785396,2.4512804827830648,6545
1569,7,0.41834739415090594,0.07141205628463017,3.0397300225879236,2.444211797070463,6545
1588,7,0.4193352582237303,0.08486205842372276,-1.5343050633490265,2.7585283775629366,6545
1593,7,0.41996264259989646,0.11920120972862208,-2.455773025744225,2.6508204818930756,6545
1616,7,0.4211629718620039,0.09501519504855016,-1.7098573007032498,2.444532113433244,6545
1771,8,0.43207671557042693,0.10474302433739213,2.161783040111078,2.4809807823685412,6545
2024,8,0.4459289620119863,0.1001040655905765,1.3054303886346421,2.50739249115137,6545
2159,8,0.4527385507950228,0.12725885686179708,0.9515371601824473,2.2397713121364444,6545
2232,8,0.45592705501073094,0.14087572416142505,1.35644313403312,2.21572624829298,6545
2292,8,0.45878301713484715,0.10211347326494248,-1.7419991222375744,2.5873083179814853,6545
2553,8,0.47064711882751065,0.11083589295154843,-2.60299192628877,2.669712756996455,6545
2719,8,0.47760607353020723,0.11375396992457756,-2.6770014587910764,2.5989426396850264,6545
3031,9,0.48895312646497324,0.11471025039617502,-1.5485268176401914,2.6504688579784283,6545
3707,9,0.5164236399575445,0.1314996967094138,1.5278906780859212,2.2609616348993953,6545
3711,9,0.5166253469791678,0.12608753725722058,-2.510544357197393,2.344433613294589,6545
4081,9,0.5331220144658093,0.15812609560667323,2.235940882484688,2.496732863278544,6545
3801,10,0.520173834232928,0.11914083970090333,-1.9535110515868797,2.5622779919906677,6545
4801,10,0.5719331228516393,0.11016892852161782,-3.1138796489902067,2.333855726283303,6545
5070,10,0.5876760757863625,0.11638247587426317,2.0140351152168017,2.449849098937621,6545
5322,11,0.6066347539881348,0.06197392203643754,-1.009908331591356,2.859381304068336,6545
5482,11,0.6192552917325604,0.13996700563181547,1.854455147312267,2.4801163333603884,6545
5508,11,0.6223423055395121,0.17245045631406142,-2.690974702560095,2.4019657956396663,6545
5560,11,0.6268974260064885,0.14563493922506002,-2.827807937976397,2.181447480666727,6545
5650,12,0.6350078337795654,0.053270213917297714,0.24066964779390335,2.870165132895102,6545
5816,12,0.6530622092097612,0.15247719771485746,-2.7589603580742605,2.3214761677433473,6545
5843,12,0.6561111883117619,0.12354387608371252,1.8743692202594369,2.2835754021560652,6545
6027,13,0.6821590012106927,0.06021221165039885,-3.011100165313873,2.605212097597061,6545
6091,13,0.6902378632689375,0.07762083167221584,1.240762316818793,2.3930261632639405,6545
6117,13,0.6939395178146258,0.13158031489770636,-2.897770421024775,2.4688548656667497,6545
6190,13,0.7081875766707522,0.07267694566044569,2.183085528579149,2.6185208339855093,6545
6283,13,0.7320629164029525,0.06602146140715157,2.2889264936041704,2.0837342865494692,6545
6263,14,0.7259342384361428,0.10469018905285332,-2.9435225045045477,2.478760337444708,6545
6300,14,0.7359898865587342,0.06823741578319152,2.770160659598191,1.8327979253216482,6545
6386,14,0.7597147052424738,0.05719106629861031,1.9918152054744263,2.1003978938279375,6545
6390,14,0.7608549316178808,0.13485952434933826,-2.719367286349021,2.0615389107060267,6545
6403,14,0.7666329083417396,0.058359994171770034,1.0730318554440246,2.106887054692684,6545
6428,14,0.7788613198567801,0.09777646772755039,-2.888402503901413,1.8670744722098869,6545
6463,15,0.7988563500433071,0.07257238419514998,1.0026253676037635,2.063004953626942,6545
6495,15,0.8250315253593885,0.08004209833791048,-1.8875847157008752,2.481615413512239,6545
6496,15,0.8255117021599485,0.09602454702704441,-2.96395425949815,2.1002175790556343,6545
6508,15,0.8367946271396243,0.06505887320836033,2.986299686660095,2.857235062264198,6545
6527,16,0.8609439385231448,0.05554912268899766,0.7998112635408248,2.3305731597859367,6545
6530,16,0.8645408698014838,0.07427032063014409,-3.080802908642306,2.2256067293957966,6545
6533,16,0.8678758754138433,0.1004157314652696,-1.5139570453311952,2.412050735858005,6545
6535,16,0.8728902339346075,0.06295611361188996,1.2895706379885656,2.818013285595674,6545
6542,17,0.9114812495763505,0.025548202908818592,-0.893526785074473,2.6680205179924625,6545
6544,17,0.9148954601985235,0.06973540089392644,-0.9656818903265547,2.243543987430961,6545
6545,17,0.9349989976901653,0.058021803002311856,-1.6552411415589992,2.403463694805131,6545
6546,18,1.0,0.0,0,0,6545
0,0,0.0,0.0,0,0,6545
1,1,0.04468656930217596,0.032191969221054155,-3.134614009762953,2.474210360908594,6545
2,1,0.0567454957043011,0.02568317683339644,-1.9285030781132435,1.9082648821084212,6545
3,1,0.05939567352239694,0.03485760156789277,1.5282839545404605,0.7140026814042534,6545
4,1,0.06467302847502954,0.052187821209910716,-2.461424674920534,1.5272653604810413,6545
6,1,0.08403415270298265,0.07845035950712871,2.5754961990328744,0.9039833967756241,6545
24,1,0.15395107644357353,0.14382450936472663,0.05245512250476469,1.4896879813423851,6545
7,2,0.08844757289635086,0.0187256954633297,-1.7304385013224968,2.4396118429655482,6545
8,2,0.1012225475298053,0.06409303375414319,-2.5432176353581055,2.0076753946139996,6545
10,2,0.10450536084335593,0.027901140267364812,-0.7111093757828529,0.3269781050574833,6545
13,2,0.11975706310315448,0.06457865272807846,1.6960693218573129,0.5134705343686152,6545
14,2,0.12259685638215179,0.048183225940736533,1.8415783524901428,2.496659386190977,6545
17,2,0.13632827632927202,0.07313582684517718,0.893092318225335,1.2172342769425752,6545
18,2,0.14254075710970937,0.0969503385039143,-3.094953835437585,0.9394690677317932,6545
20,2,0.14842939618752926,0.08556401393968721,-0.2732322500420217,1.6986685748357682,6545
22,2,0.1492601120428073,0.10520100807757447,3.0246268916829617,1.050384292046249,6545
39,2,0.17607005694437616,0.12700196376083936,2.237921024998662,1.8083925632894544,6545
59,2,0.19118271110373253,0.11809858895830215,-0.000379853130272233,1.374457369864901,6545
27,3,0.1570635300283626,0.07972988165432508,-0.8094635823529694,2.1677753073512407,6545
40,3,0.17731643297253352,0.07547811945457819,-2.218995509212545,1.0953330059997786,6545
53,3,0.18676602159664268,0.08335757183440201,2.0300489537616992,1.7784012481198075,6545
56,3,0.18934371389599036,0.08984004938303174,1.7246706853099987,2.0080997541924166,6545
58,3,0.1896713851379792,0.13602845361565227,-2.8388863264144604,2.1396929761861774,6545
60,3,0.19174297141476593,0.04082055345951255,-2.0785005062073507,1.9600249807070456,6545
64,3,0.19416581722507198,0.10461612048990676,2.454976602229667,0.9211940238055768,6545
65,3,0.19417336822534415,0.1232126259693796,2.84182220706823,0.761818059164453,6545
69,3,0.19564551395990182,0.1252282081245294,2.0090997190671303,0.5892726938826132,6545
77,3,0.19840486790701528,0.10423250597868788,1.7579451088342637,1.857998920594943,6545
82,3,0.20490687110585848,0.09173663445829199,-2.1575874013573233,2.379187032559732,6545
121,3,0.22726380415839953,0.11169095789206729,-0.027457041315661266,1.1038350308160896,6545
138,3,0.2314292665646196,0.1668337247410731,2.177135618271881,1.9216147118027376,6545
91,4,0.21333741336676115,0.0885492776108799,-0.78416267197081,2.4846744328422337,6545
116,4,0.22535690962623167,0.11552354115848827,-2.9496179673595346,1.9588853315089807,6545
135,4,0.23087905690227029,0.08219926568812168,-0.4819395493349878,2.152188116451217,6545
157,4,0.23699451950172978,0.07200234161575791,-1.9165782225422392,2.3496959545641256,6545
234,4,0.2638875340346206,0.07353282451800335,2.4421463509736197,0.5559583786624762,6545
255,4,0.26995810885473615,0.11441026970553357,-0.08124458416098751,1.26979301717825,6545
259,4,0.2708747811456641,0.1349252870910517,2.20889543350351,1.8067149184904192,6545
298,4,0.2826904109019711,0.1698097017197253,-0.9101297291701377,2.8560376800140275,6545
308,5,0.2853501516651201,0.10521905979865984,-0.9296295449932348,2.3851028957346116,6545
335,5,0.29049066519106526,0.14229612602861386,-2.707447024833617,2.297608452212377,6545
337,5,0.2908210222884884,0.09612049207804814,-0.47302239899309834,2.3070896752330294,6545
364,5,0.2971763064041093,0.1351164257191294,2.994800862551659,2.0057815669669616,6545
393,5,0.30106430097284675,0.12996042126779006,-1.072655076591629,2.309938084590726,6545
395,5,0.3014323940465564,0.05449433308651745,2.7787728979568187,0.4692792871608405,6545
444,5,0.30989531444525054,0.09954866578833363,2.9984807169583396,0.6136394716329587,6545
451,5,0.3109295398633688,0.1477458777793952,-0.2173588678582313,1.2853942749107554,6545
477,5,0.31566789678954765,0.13384286760322014,2.3664965741562525,2.011684529432357,6545
488,5,0.3172039878390689,0.12355574161021887,-1.6515542466044821,2.7379592494440397,6545
512,5,0.32099708442874886,0.06055950018675859,-0.023715522402125364,1.736236250943644,6545
538,5,0.3243646101245301,0.1586337488495971,-1.2433881114555478,2.76902247554047,6545
564,5,0.3291738709304515,0.1702769607118533,-1.0036227634656514,2.818684315550609,6545
691,5,0.34705071442896895,0.20984164127583535,-1.2388769243391493,2.886921005462221,6545
786,5,0.3565369399187004,0.21492087269417148,-1.0872280317201162,2.5970531725998405,6545
643,6,0.34155589646885454,0.1612920600963261,2.980859356416555,1.9913525629366844,6545
713,6,0.349180436682508,0.0837331397384004,-1.4268174493329193,2.0543832843198193,6545
768,6,0.3548415172010475,0.19286968603208351,-2.7709173949230927,2.411415378918136,6545
780,6,0.3557816705242084,0.04616247492128383,-0.9910054411253055,2.2238173798118974,6545
815,6,0.35932492811189176,0.07813238056169347,-2.5984086117113416,0.7162187849957546,6545
817,6,0.3594943712075255,0.06911319937302163,-0.38645658244409054,1.666632675906103,6545
835,6,0.36195742473586456,0.11977710546638198,-0.864627216347959,2.698096664802768,6545
848,6,0.36370162855264565,0.12942552062066118,-0.3719522650906798,1.1245844490979677,6545
895,6,0.3680097203983219,0.1448985813426784,2.473821070197325,1.8206508335643556,6545
912,6,0.36930068090340273,0.10714803438640512,0.23615158926389743,2.8068717077032996,6545
1381,6,0.4073533429972481,0.2129150016303178,-1.380018231196965,2.691710226146703,6545
1152,7,0.3909644549233492,0.1355746126110238,-0.5103523526883122,0.9678490414955585,6545
1236,7,0.3978555404070482,0.19558924365150124,3.03188049015859,1.8946762974480735,6545
1240,7,0.39851884609243393,0.17923211217252052,-2.7752187821855996,2.411596962196275,6545
1252,7,0.39906501154469887,0.06295712914746034,-0.7238638364143961,1.731679008241041,6545
1281,7,0.4013264749737949,0.09699444504049659,-0.8826334478617934,2.950737093729039,6545
1321,7,0.4037792443928687,0.10560062355960784,-0.3256787114718751,2.536223188668684,6545
1347,7,0.4052291356811788,0.204830077317735,3.1032167284791794,2.064642414731162,6545
1409,7,0.40957922015356574,0.1364644661890022,-1.6120901024292758,1.8986671465380343,6545
1447,7,0.4116834152624268,0.01828112897578398,-0.032448813320738054,2.3544404895142383,6545
1458,7,0.41274728328490873,0.14112697198749913,2.7281808219617476,1.8070938829466177,6545
1522,7,0.41783142250725436,0.1142542118287478,-0.460292837830557,2.722496291316385,6545
1612,7,0.4244546944463371,0.21279007173658707,-1.2896161155504642,2.696882086231529,6545
1619,7,0.425030923408494,0.06309498069050952,-1.5549093669152079,0.5213492147627916,6545
1894,8,0.44305367496749515,0.1533570325436929,-0.16096335667714443,1.1038230531846789,6545
1902,8,0.4435119008182571,0.16684416512319866,-0.3215111254660256,1.0483812849369678,6545
1966,8,0.44709912589486533,0.10245186184500203,-0.7156595658856844,0.6125380426397955,6545
2015,8,0.4500399442487981,0.08818413933141915,-0.5580591592277094,1.7191484343814536,6545
2084,8,0.45343833785838805,0.11913001817725083,-1.5654546753038285,2.1912692611898885,6545
2094,8,0.4538393306504642,0.09888775997948611,-0.7774477507518669,2.7199366912130825,6545
2096,8,0.45391322465946904,0.07322308509874977,-1.9138474880397194,0.6250223212615036,6545
2385,8,0.4671809997137214,0.05713915729695238,1.5729148089304972,2.082848295657143,6545
2387,8,0.4672914269873313,0.18769152599820194,2.859462829713345,1.8675988240058607,6545
2410,8,0.46841091927691403,0.17998724815690145,-2.431636090644799,2.7199035644023652,6545
2419,8,0.4686177009959366,0.1465666865074076,-2.907133540764733,2.4063542703927028,6545
2523,8,0.47297782690097434,0.18437700986150896,-3.1284281741108257,2.064952861986981,6545
2693,8,0.48011141213197284,0.22022388700964393,-1.8422115690471415,2.736341477865432,6545
2908,8,0.4886064007580633,0.052237126351501094,0.2519517114533096,2.4684415383312364,6545
3024,8,0.4926679069752842,0.13835905493883222,-2.945899333824267,2.5687832786474614,6545
2856,9,0.4864436796026582,0.15789284345269441,-0.549005887319496,1.1503859089921928,6545
3147,9,0.49767091370002114,0.15178698104064597,-1.363174041412845,2.234761647836236,6545
3206,9,0.49945785898390627,0.10231847644196171,-0.15020404139354449,0.9007132947087136,6545
3249,9,0.5011610810567088,0.14587579131452505,-3.008628443695674,2.2614451562082647,6545
3270,9,0.5019890232973321,0.1793147696206194,-0.36179754602830344,1.2344534194487293,6545
3383,9,0.5060948848624874,0.15827805211076987,-1.779685380912383,2.249535376780849,6545
3461,9,0.5090275560215509,0.062017161866078835,2.947907052057369,0.2300958173119884,6545
3558,9,0.5126902817271628,0.11327389457673381,-0.5504072156187858,2.844582293423779,6545
3606,9,0.5146262742064514,0.13100234794229734,-1.7473982514600157,2.6079877405931264,6545
3804,9,0.5228187376358936,0.21733857493456957,-2.18062361084073,2.735368718724075,6545
3835,9,0.5240177563400341,0.1167413617732726,-2.9875815253343463,2.4099313767823856,6545
3918,9,0.5273500871641762,0.12129650467073644,-1.8225582947442558,2.2354524011173647,6545
4046,9,0.532153941823095,0.1691184504843152,2.8236681789130436,2.0227600240539614,6545
4067,9,0.5328448972781835,0.04523652848959222,-0.47672740516387324,2.3383349912517972,6545
4365,9,0.5480688326868179,0.10751094272796062,2.093775802830804,1.7923052556161911,6545
4425,9,0.550918665099612,0.06644173392634557,1.2271906014378768,2.916290747750336,6545
4118,10,0.5352236292912291,0.15426884126061619,-0.41529011509631436,1.2374143078981592,6545
4169,10,0.5378279601542721,0.08482241672621732,-0.268204053340711,0.5607695661198705,6545
4464,10,0.5527051002255695,0.14183345680660492,-1.800639901561627,2.3292194200495375,6545
4655,10,0.563137761426128,0.12616512576494174,-1.27299779283208,2.269019063819876,6545
4859,10,0.575345114831225,0.15840749862300593,2.5851769665861117,1.970537666083668,6545
4906,10,0.5777430719659612,0.07332109555594966,-1.3768756948097134,2.57764253510775,6545
4945,10,0.5803696543024276,0.19517194711831468,-1.7594832122469788,2.2879574122072177,6545
5196,10,0.5961498698002669,0.04556598276643991,3.125297080930043,2.506997158519857,6545
5289,10,0.6028216801275562,0.20003972812441567,-1.716781891389001,2.6202585936596137,6545
5445,10,0.6161827884774197,0.07555039657988369,2.572401930792677,1.9816761952521824,6545
4815,11,0.5720741607227113,0.09314556188600792,-0.6907978278934505,0.6996254919144498,6545
4836,11,0.5735036272424244,0.13751264840110072,-0.5377980751086222,1.0288866994276575,6545
5267,11,0.6007667553218148,0.06538165744815388,-1.0652225813227336,0.4308680851826488,6545
5709,11,0.6424930689845746,0.11596185105281283,-2.004153356794597,2.426000115967693,6545
5820,11,0.6541365402776991,0.09251560266344015,2.746785986084032,2.1932629339891987,6545
5837,11,0.6560288412973514,0.16048662492728485,-1.8660865603487373,2.4854915212581252,6545
5579,12,0.6280966698423197,0.059574884807397165,-0.6224851051089768,0.5002182077922543,6545
5711,12,0.6425874259983548,0.1490658737294311,-0.5062857901486734,1.0130535763220307,6545
5743,12,0.6473868745777193,0.050165591848330346,-1.114972294901821,0.8970268914937768,6545
5765,12,0.6488495222632761,0.1031116976185349,-1.4387033603501256,0.8880365264909349,6545
6087,12,0.6911986147593251,0.14016356230814359,-1.9012667547687898,2.660507380142799,6545
6121,12,0.6971601437946598,0.09549188830149466,3.134275311348865,1.9812771757507361,6545
6115,13,0.6958650597203049,0.11682093429662467,-0.4459309626697809,0.7911108819516302,6545
6289,13,0.7311955823824402,0.0488536793339268,-0.47461244936253394,0.5080840145911448,6545
6294,13,0.7322332501202378,0.1353292928294289,-2.132044737299535,2.7750715322170767,6545
6315,13,0.7364197131264859,0.09709438617836587,-3.131749628364162,1.684886847974015,6545
6368,14,0.7512727209301134,0.1262717278461567,-0.5377732428725198,1.155167321349723,6545
6444,14,0.7817214209945154,0.11432727637125817,-1.5998342711159748,2.718915615276914,6545
6452,14,0.7881762762118258,0.08270925323163596,-0.1514267783215564,1.128262514410768,6545
6455,14,0.7905467174509904,0.09597314220395782,3.0357093850132935,2.0774386456203757,6545
6525,15,0.8492876802280136,0.03599644990834873,-0.02381933400211502,1.2018922439770168,6545
6527,15,0.855901916013891,0.0641630822669136,-2.8517158971269314,2.5497346648315897,6545
6540,16,0.8984213534552111,0.03638194750607874,0.4396918197876778,2.216569701271969,6545
6542,16,0.9030714041292461,0.06253419436195154,3.081644279320762,2.265320856283955,6545
6544,16,0.9302265612393898,0.03652166398611333,-2.051650453900152,1.546755014145734,6545
6545,17,0.9825224723359055,0.01529102394790085,0.44708463258613274,2.0445892841651943,6545
6546,18,1.0,0.0,0,0,6545
0,0,0.0,0.0,0,0,6545
1,1,0.056991910149914005,0.04262973996681413,0.7497256242124055,2.255142362584214,6545
8,2,0.10731939237650012,0.060095414057529044,1.4622407228878778,2.063928490019387,6545
10,2,0.10992830785553809,0.05313379553871451,1.7429149170440752,2.0709645756508395,6545
22,3,0.14039587517446095,0.07438470557439104,1.3649579908998635,1.9506075322085643,6545
28,3,0.14643157531414663,0.03342026234985511,1.9764647211913065,2.312158668366684,6545
68,4,0.18966596696173987,0.03570888138892784,2.0945603087125084,1.9574342847519628,6545
101,4,0.20805809731828173,0.07743779376628719,1.1801236635674326,1.427582360454025,6545
157,5,0.2299776927248649,0.06533916133879578,2.1353197946480256,1.5215382690909,6545
239,5,0.2529128039388667,0.08504817398847757,0.9141117718089504,1.3151087213627606,6545
276,5,0.26106155356188776,0.030267468839809325,1.3459321288687787,2.94711912800726,6545
360,5,0.2847538477838313,0.11810027037424997,1.832710688674037,1.544901835497298,6545
323,6,0.2745299955848962,0.09049243107603162,1.939319646837933,1.9277811671925555,6545
452,6,0.3012656061955341,0.12103669717383148,2.2090448311937294,1.7768436839169608,6545
470,6,0.30390360784446124,0.04674728478282203,1.006941593381076,1.94398488727552,6545
653,6,0.3289857714111961,0.12390303405300797,1.5499584421801345,1.4163776699595263,6545
852,7,0.35299247878336537,0.07879115737307092,1.7612008206455334,1.691602774298131,6545
918,7,0.35940369558116236,0.06358218604583732,1.9231432305716867,1.6767592808659384,6545
1005,7,0.3691508455898055,0.09272809333847114,1.6737779467093683,1.5400589909241824,6545
1305,8,0.394279771967848,0.05841709051605354,2.319365468469634,1.849444391223978,6545
1449,8,0.4046026429656687,0.09509931635665454,1.4136055560126393,1.6898220537062836,6545
1582,8,0.4120892120913775,0.062230482926341854,1.840157034059847,1.6841968399451013,6545
1617,8,0.4142528873047956,0.08387573546494136,1.659790588739418,2.0373579009376046,6545
2187,9,0.44893057368997447,0.06956982443942861,1.793429336993104,1.732963310742048,6545
2197,9,0.4494626219829213,0.078013020405089,1.918475499800684,1.54299072958649,6545
2901,9,0.4840858861752918,0.12640912213744834,1.7069198357856967,1.1511754409726582,6545
3405,10,0.5048166867790665,0.12138385305607383,1.7600707486233729,1.1269845969796541,6545
3950,10,0.5275634158996994,0.12302994452364223,2.0728652625335573,1.538395367886827,6545
4374,11,0.5486377347518734,0.11743287705047081,2.025637883409191,1.5023693187338112,6545
4439,11,0.551735085096449,0.12668557044944911,1.6124449207402325,1.2881293222012085,6545
5225,12,0.6006420177507211,0.1413068393268951,1.794638349048467,1.1995414057355762,6545
5406,12,0.6163041207515967,0.07870253474011087,2.1689521754722283,0.9557461775488163,6545
5828,13,0.655448411052958,0.10245907411234247,1.8504829201511042,0.9150058473776328,6545
5865,13,0.6604545535925406,0.09639021012278015,2.0399758014776026,0.8007861147043297,6545
5942,13,0.6697371422251671,0.11512911077556856,1.9681486402665136,1.0101954912958775,6545
6070,14,0.6890627017507858,0.12451633296799758,1.9015196812303568,0.7355605484837501,6545
6188,14,0.7110741514511507,0.138546085283525,2.068546014931516,0.8915303242837095,6545
6336,15,0.7465386932910619,0.1394850229593839,1.8646138063419915,0.8736726193840461,6545
6360,15,0.752642326601868,0.143476133827118,1.8390732437463315,1.180394303919735,6545
6509,16,0.8355926383790225,0.10974462161545243,2.3107921063302643,0.45457302654872195,6545
6516,16,0.8472969363517984,0.09385751669353877,2.3693689865867356,0.9577564802850632,6545
6544,17,0.9044959045023853,0.05985916896456826,2.39418949903536,0.6171226853480483,6545
6545,18,0.9536241218310326,0.04201050541601797,1.058431611942293,0.6151936769986067,6545
6546,19,1.0,0.0,0,0,6545
0,0,0.0,0.0,0,0,6545
1,1,0.05872720279145416,0.03458703539612731,2.5376655281730844,1.7741196142146902,6545
5,1,0.08892440151373138,0.052566980148187566,-0.26609105617859646,1.0737882594149493,6545
19,1,0.13535912272654438,0.10555539775103293,-2.010154215546411,2.3298285604711975,6545
3,2,0.08608701816602315,0.019719802275716534,2.2705408780130503,1.0335601298005395,6545
8,2,0.11228200609769468,0.043013763563259345,0.19729384876745595,1.1108519303182027,6545
9,2,0.11711298848389395,0.08336139469431564,2.9628013086382357,1.553397461875791,6545
11,2,0.11912910756958162,0.04642108870352565,-0.6594597371852798,1.293566826752845,6545
24,2,0.14643404575701757,0.1011525861925966,-0.5492706039275401,1.1496031643789657,6545
53,2,0.17637525322070546,0.11142100287734921,-1.8493764127429462,2.162919507153946,6545
32,3,0.15126083155698766,0.0657009151456727,2.055150003461013,1.7390074240752522,6545
34,3,0.15526378073136382,0.08228127029246057,2.8291197374444477,0.6691916358906179,6545
44,3,0.17014650124410768,0.07885834437094656,-2.349245295283715,1.6600181042794038,6545
46,3,0.17247743349216882,0.0708657030424496,-2.185201224087547,1.9867168866120435,6545
47,3,0.1726151776944984,0.10567563239435661,3.021203919302597,1.3092107335113552,6545
49,3,0.17395754901370797,0.06820666122280815,1.530591367660874,1.3098519052921065,6545
62,3,0.18302881905733093,0.0425918785235371,0.7334481254987932,0.5039564086354252,6545
70,3,0.19148530242913564,0.08775970208840962,-0.16294912112419535,0.6853561190591138,6545
85,3,0.202308596739195,0.1062892922359177,-1.4995125259992277,0.3280320012379072,6545
95,3,0.2076034400014829,0.09988832343563034,-1.8253212915048238,2.103831770946722,6545
153,3,0.23117077776320372,0.13593923091356117,-0.8802015052976446,1.0711850312388338,6545
168,3,0.2383185164065963,0.15852991726637836,-2.9369990938838098,1.7970830863400584,6545
248,3,0.2611477023591624,0.16066759568233394,-1.0333810018452263,0.9575516251598686,6545
59,4,0.1814896183562824,0.0751893546316211,1.8848878200706967,2.1014777591185836,6545
76,4,0.1954432541106189,0.11663254785092361,2.8180494385341404,0.5755671472910163,6545
102,4,0.2108156891530757,0.10534758270575359,1.9380060442701073,2.1877130156259352,6545
130,4,0.22285253597702293,0.06595209214996695,1.4850129969494354,0.7338295294425695,6545
144,4,0.22724193063839693,0.10480137768919177,-2.1330515553757894,0.3973973850825982,6545
157,4,0.23381586350235684,0.07862290295396025,0.570385568282951,0.8650658992309328,6545
187,4,0.24529121134870846,0.09977167166847271,-2.8657595021836233,1.963429955443952,6545
214,4,0.25522938884539437,0.12568701427399218,-2.5355731495445664,1.813602841735628,6545
217,4,0.255592071857455,0.133499773455114,-3.0468764618598176,1.6443525617987724,6545
279,4,0.27060698965477203,0.12226285003060115,1.7565620870577554,1.1298066402567737,6545
282,4,0.27123453478324433,0.1403508803384076,-2.966002292511642,1.8639721917949559,6545
318,4,0.2783208115692116,0.12274570092710348,-2.5650747435897374,2.3435312005736946,6545
371,4,0.2885838193050665,0.15977697942779182,-1.1377076186690536,0.9394823880141351,6545
380,4,0.28918190365441276,0.08178344092769058,-1.5742017399712074,1.2506343896739127,6545
150,5,0.23026137805653024,0.10619485137833684,2.7394333752714672,0.3642205872750981,6545
176,5,0.24100209483959445,0.13743389185114302,-3.1344610610593047,0.467343931201634,6545
188,5,0.24583513535057633,0.13342627357715486,2.597146717848194,0.3324685078349382,6545
195,5,0.24917853337576323,0.06161542605220857,0.9836856782783672,2.3695722233140444,6545
223,5,0.25685220527555985,0.07914966556032997,1.9699575101098377,1.230310961630807,6545
243,5,0.2598999028983323,0.10098911197874724,1.6946220798987115,2.0499088955720945,6545
263,5,0.2667197716295737,0.10927626242248299,1.79961721958299,1.983647141387761,6545
296,5,0.274356730708865,0.049842965722475714,2.2334690135553767,1.1338969093723448,6545
310,5,0.27704392417957946,0.09632511921355964,0.9948243000653885,0.472031056718957,6545
338,5,0.2825576642924834,0.04417020543785593,-1.6424583495958665,0.2478504364798497,6545
345,5,0.28381608214374854,0.0501525065489283,-2.747650585624489,1.8760694493389038,6545
352,5,0.2859447314522704,0.07444637044091769,0.6974759753943126,0.5481301505118729,6545
395,5,0.2914901977359837,0.12792184496394687,-3.0391103504547297,1.872772199583653,6545
425,5,0.296940494754645,0.1261634619073463,1.8083567820832391,1.2848820535118943,6545
439,5,0.29917481036567584,0.1273851235413401,1.84645677991978,1.2072340602731848,6545
441,5,0.2996243858101757,0.12396291653485787,-2.6146166734174154,1.5792657781135828,6545
524,5,0.3122000013622973,0.17166972012429474,-1.1014072664613976,0.884732951360087,6545
565,5,0.3212977786457728,0.1730533355321683,-2.8686458408557445,1.9027749821377573,6545
572,5,0.32220211881840044,0.13324693107012886,-2.1204006104152002,2.434604959006122,6545
577,5,0.3228078644854675,0.1610722387322573,-3.0438911607002446,1.830957123129723,6545
825,5,0.35187545996426517,0.13025231237945387,-1.3468944717291287,1.1876708221458592,6545
405,6,0.29269714284461945,0.06811606238979909,1.0611850039057193,2.2211936707107185,6545
466,6,0.3040150804058074,0.16743499846716137,1.6718710211063292,0.2813024283483658,6545
481,6,0.30592760072209924,0.17849094417593175,2.3932691417486858,0.5250357246204519,6545
550,6,0.31816135249951116,0.17451190203117684,1.601593576762361,0.4154728030531712,6545
553,6,0.3187415572646024,0.1427654091583059,1.9250863904656266,1.8607240142455366,6545
580,6,0.3232008875592831,0.11544054475274305,2.6800255160086754,0.8575062377095551,6545
592,6,0.32446104440914514,0.1017989282561706,1.8396920664631224,0.8581967716244222,6545
602,6,0.3262195584793971,0.15397248024254473,2.5594847535530905,0.854178698923969,6545
624,6,0.32827672310221845,0.14939872776298083,-2.1965528235816425,0.7499853855555879,6545
625,6,0.3283087030141315,0.1231521619229397,1.5681874173556478,1.8692296604709777,6545
655,6,0.33203630214285496,0.15271070258774136,1.9516167868684753,2.268102598175162,6545
658,6,0.332229528251485,0.08197955336569425,-1.8842315617547054,0.8689434490158066,6545
671,6,0.33392373149197274,0.04509398664692086,-0.33821236396313514,2.0818358109300568,6545
699,6,0.3369483318695399,0.0997313974235204,1.237005766372823,0.2366071519176223,6545
730,6,0.3398136665027649,0.13390813771894255,3.140506561338902,1.9954964368289276,6545
731,6,0.33993087709490544,0.1553633014028024,1.834894528148382,2.290740543784151,6545
736,6,0.3404818508741023,0.03765214924253184,2.1983711386957783,1.2297840981384547,6545
749,6,0.342442071668698,0.12412867017970826,-1.9803404528308453,2.4238628749847506,6545
781,6,0.346488005518406,0.10848674006905602,-0.1036365636287927,2.141896703988914,6545
784,6,0.34666251112946633,0.12293284395417706,1.717481064824452,0.9505315020282096,6545
793,6,0.348682943249391,0.1542188559747688,1.3529154166638526,0.8114834972244584,6545
875,6,0.3571152452740137,0.11870653038079002,-1.3242792903075054,0.8652249509171283,6545
895,6,0.3593675634763559,0.08625013701144692,-1.684187009607295,1.9332105226836833,6545
953,6,0.3653186573984649,0.14737291724242582,-2.8573894783597806,1.715775948594552,6545
992,6,0.36877266426115063,0.07733826928017236,-1.724127903880222,1.9423954038234257,6545
1301,6,0.395491254093318,0.15823189134369672,-1.1045080585988958,1.1689087821726447,6545
743,7,0.34115857216938716,0.19752461391252338,2.3985755120304444,0.5781002219222895,6545
841,7,0.3530486843988234,0.09500473296442219,0.9204600079258255,1.6609941603147196,6545
915,7,0.36074855313505805,0.14706976976392308,1.1711370905561707,0.26687101695728244,6545
961,7,0.3658253193801114,0.1816747914777541,1.6872780916956047,0.33846507338915277,6545
969,7,0.36678717775168845,0.13545544941678692,1.3418789612478226,0.4409608650668795,6545
1048,7,0.3736039404036168,0.19434821877963643,2.984340992575139,0.5767051261020909,6545
1050,7,0.3737416208585995,0.11928516750923668,1.683118997403477,0.9831319396062381,6545
1128,7,0.381006867810443,0.1414528749306333,-2.965321024610829,2.1572463647326927,6545
1139,7,0.3823355067335964,0.17173988083609962,2.04283373884092,2.1470453134618688,6545
1153,7,0.3835745059889104,0.07204993180440611,2.404738818882237,2.2063548068890406,6545
1180,7,0.38599563595043385,0.059808307127843484,-1.2002639485513547,1.2084672438625577,6545
1218,7,0.3899409000913353,0.1564104945576597,1.5760731517003341,2.1651219564354016,6545
1262,7,0.393172663172385,0.08815096853482801,0.8717449479872975,1.1037630658256088,6545
1288,7,0.3946165460565184,0.17567215960502675,1.3813445227600276,0.9484197195191203,6545
1295,7,0.3950992115694455,0.15666803199743545,-2.500723128007231,0.8337088583417044,6545
1300,7,0.39535606053395533,0.09203844725718721,-0.15992477006962513,2.230305414013492,6545
1309,7,0.3958002777765711,0.1538241364949334,2.7066736751681124,1.0993656360363224,6545
1324,7,0.39656175186835174,0.14204253233818334,-1.7271495138194435,2.735219147025403,6545
1369,7,0.3999387305029941,0.06118560522553735,0.9674532110313971,0.6956780946868264,6545
1377,7,0.40071731853451376,0.12087715775031274,-2.7119985412292347,1.7668515960186189,6545
1382,7,0.4009927712824073,0.12618738963190143,-1.6449504059699434,0.970427699007755,6545
1392,7,0.4017176668283591,0.085317176064196,-1.3118261034060217,2.02879471709959,6545
1491,7,0.40890168514807634,0.09448982616581536,-0.9498619194079473,1.927864903654803,6545
1856,7,0.4328631372696917,0.17030022263588762,-1.1549959112429173,1.2412751601596976,6545
2057,7,0.444666119628762,0.16507562757910493,-0.9109830149878113,1.1307747323164454,6545
2080,7,0.44632846929992487,0.1494118464922518,-1.7288149194315878,1.839534630523592,6545
1190,8,0.38750176891987576,0.22249441777939383,2.5468042815746563,0.5829700943613515,6545
1203,8,0.3885776055414639,0.1573816328617078,1.0065023951183891,0.3719863757134978,6545
1357,8,0.399268845908639,0.22971556208164312,2.6216961000093955,0.7349142974826608,6545
1391,8,0.4017095297411204,0.15751549787071847,2.030647864977456,0.7020550889554359,6545
1455,8,0.4068725193164321,0.15933353738312303,-2.9771219476498354,2.2638490995761478,6545
1613,8,0.41754982409662167,0.19754234559260817,2.4258199723419924,0.3032428755525314,6545
1638,8,0.4187662336477094,0.15223654229734068,2.8607577261636976,1.1030420957829454,6545
1669,8,0.4204276350671343,0.14400164124406714,0.8086925386128172,1.5462016402921817,6545
1693,8,0.4216728380017879,0.21277806325408855,2.8654177475565032,0.7600422228001538,6545
1704,8,0.4222728265013854,0.13261928062733924,1.7995112463617498,1.3192620143456526,6545
1725,8,0.4236434760215557,0.1628924938154711,1.5174521660548448,0.748025552010084,6545
1830,8,0.4312152456685805,0.16952295289904162,1.3077819034994842,1.0473044033943237,6545
1840,8,0.43191803307295584,0.13203665443452478,1.3700841274109554,2.290676202764981,6545
1904,8,0.4358764388156423,0.1854190800479733,-2.7691386971348773,0.5936905290890948,6545
1945,8,0.43774140321506505,0.1261090858177336,-1.6285976648831202,2.651500196099396,6545
1970,8,0.4392485343065794,0.1636278214398373,2.489897053243438,0.7681558715038737,6545
2029,8,0.44343682418477226,0.1731202080280287,-2.6475605797625157,0.8483518831284597,6545
2047,8,0.4441524271139161,0.1959897655325072,1.0823569205922832,0.6824685375909929,6545
2067,8,0.44541650414368406,0.14530712234419121,-0.9425085923684903,2.657224177354031,6545
2138,8,0.44945262564749033,0.17705939302120086,1.9675659132923702,1.793253895974167,6545
2147,8,0.4497830194513551,0.11153316209972855,2.504659985103029,1.7148866276345325,6545
2153,8,0.4500377140635531,0.15477839599923243,0.6407634329793651,0.763705514259709,6545
2175,8,0.4509864950257032,0.13444006790444665,2.6057203533696796,0.8180464866082326,6545
2187,8,0.45175221091633977,0.09572292812985365,-2.430098056301785,1.7548416665048678,6545
2233,8,0.45398038549673236,0.12897132141351003,1.6831833814899957,1.700996428356887,6545
2237,8,0.45410551589037684,0.0982320263637243,-2.2936607770360915,1.6427763201706844,6545
2246,8,0.45479172667335,0.1474107604202727,-1.5468991961786018,1.2984333700024315,6545
2317,8,0.45817797511918334,0.12593828018498537,-3.120495406635135,1.9589796907125407,6545
2338,8,0.4589263534676563,0.10230641239714358,0.4551700529641686,0.7716247618764904,6545
2355,8,0.4597073209201247,0.030402177118573476,0.682479588481163,2.178460333517326,6545
2528,8,0.46911845412927666,0.09866686251861,-0.45358732345947395,2.3781581715677893,6545
2629,8,0.474021675392881,0.15481793880485184,-1.0433333894844978,1.183308436324068,6545
2644,8,0.47466246383707433,0.04395719077021433,-1.4956298968303632,2.1622541399122186,6545
2698,8,0.47692459205284765,0.11449422400607681,-0.5959738209447901,2.0715385103752375,6545
2824,8,0.48169601241266036,0.1734122693702963,-1.7063369520726774,1.95172966394595,6545
3186,8,0.49682552836210003,0.10314960898725176,-1.4003722117268746,1.5911560451988525,6545
2316,9,0.4581194126763094,0.1684526436364628,1.1591435303497335,0.1448022690407006,6545
2454,9,0.4649356980152983,0.16551410934726601,-2.7373794167790786,0.8859647272995284,6545
2456,9,0.4650632073721034,0.11519675241283327,2.891047487059979,1.2318829935127518,6545
2608,9,0.472923079512664,0.1072065749776472,-0.7811349062938131,0.22164799569650773,6545
2621,9,0.4736771851778121,0.15373217469765077,1.7961013580409848,0.2075908790264308,6545
2828,9,0.48181565274857063,0.15873889185378112,1.3450709202780287,2.3454684820295175,6545
2897,9,0.4858687794645171,0.21417399606169568,2.256862861252655,0.8170116850861723,6545
2947,9,0.4878026138407703,0.1069137972188037,0.6426643144802124,1.6495154330522832,6545
2949,9,0.48781681983583136,0.2020707433280701,2.702587587197786,0.8151893437255149,6545
2967,9,0.4884009836528814,0.1425085937652546,0.7163275099780263,0.6721304454435767,6545
2987,9,0.48934998527421236,0.2679416077426866,2.7416936197183928,0.8174428751638297,6545
3029,9,0.4911453453764568,0.1407434237906278,2.780276087905678,1.9510757000846413,6545
3035,9,0.4913323167881619,0.08673178590058495,0.7415395865276146,1.397514181164153,6545
3074,9,0.49254045720582906,0.20086017925429553,2.899498687964506,0.4011533801057077,6545
3109,9,0.4938271714489054,0.1138251920174176,2.9617173244704533,0.3624041810159932,6545
3144,9,0.4954684811849501,0.18784149640276745,1.4700346720756068,0.9817246077923281,6545
3230,9,0.49829595110701663,0.11797500840635192,-2.610109818028269,1.6443479461066486,6545
3271,9,0.49978609370095806,0.13009418952447616,2.8490351941488647,1.8411910691006648,6545
3304,9,0.5013384390164437,0.23430022736603096,0.942657576594151,0.7593276521566954,6545
3328,9,0.5022384332967842,0.02545739441463957,-1.1384325985754746,2.341927223937299,6545
3349,9,0.5030689741599612,0.09093553693964253,2.070473649468719,1.5313310497331871,6545
3409,9,0.5053205332933486,0.11583628502254087,2.3191773522515415,1.3989085186080534,6545
3468,9,0.5074084029258387,0.16136012263795338,1.2354447569875489,1.2962598156694523,6545
3472,9,0.5076035453751075,0.1583578931863812,2.945385454393604,0.7131712586999563,6545
3494,9,0.5082737052582281,0.16610123811116279,2.016742254665605,1.3385840491362146,6545
3556,9,0.51022302427025,0.1639867335800024,1.8603277121982118,0.8133802829153236,6545
3570,9,0.5110560076164208,0.14579611298576156,-2.6578908657951663,1.677595272795221,6545
3577,9,0.5114404880462055,0.15540628796459574,2.0162381256546427,1.9314831111714255,6545
3606,9,0.5127576523591891,0.1538033656004616,-1.2486125740419494,2.331698642385228,6545
3664,9,0.5156146948987927,0.201855958386026,-1.5510537182928874,2.6976562563561535,6545
3705,9,0.5173046744071699,0.15470717914281973,-0.901269750302196,1.324419727605989,6545
3713,9,0.5175744592831089,0.06900213000717774,0.0809867024061325,0.49503014181774985,6545
3747,9,0.5188837217447565,0.1262551279280795,1.3095725627271064,1.5330327275426034,6545
3788,9,0.5205377231544503,0.1231450146766441,-0.8127232045790334,2.0545075798939436,6545
3801,9,0.5211897255644,0.14135203759621526,-0.7351050181797135,2.088060275758674,6545
3876,9,0.5245457564334536,0.1613182344145362,-1.946578171541053,1.9211530564461352,6545
4010,9,0.530156111498627,0.16256483631034846,-0.9458356139067191,2.570625975158738,6545
4136,9,0.5358190231010213,0.09293849092866327,1.8102516384255694,1.9005978907716765,6545
4170,9,0.5372663844145961,0.11552738723945578,-1.119698313510085,2.1443814922144067,6545
4365,9,0.5471237057472712,0.16026251307349088,-1.224763020889056,2.013932950701038,6545
4420,9,0.5500719880369971,0.12878102944217984,-1.3862669904540723,1.7020817014105076,6545
3777,10,0.5200763374298181,0.15156044741884772,1.2575143498860506,1.3136295435291245,6545
3787,10,0.5205179443953502,0.11821069276892256,2.908061976575907,1.8078560011327627,6545
3892,10,0.5254136344384136,0.12208286923354428,2.5178776106024,1.009551434331744,6545
3991,10,0.529398180544564,0.10104338063447871,-0.443751484694839,0.7390629491863584,6545
4019,10,0.530513694183127,0.1332192350561279,1.0839777160951032,0.5263277072263599,6545
4042,10,0.5313944233587591,0.2251576070241486,0.8488410398409424,0.68359486645135,6545
4157,10,0.536858335028811,0.12322526743098813,1.9513271121239886,0.2813073548677005,6545
4188,10,0.5379255585217421,0.14860870807817733,-2.7387443222381527,1.205473867590143,6545
4203,10,0.5385559731679063,0.1086921829627098,-1.1181657378692258,0.6489643154488499,6545
4265,10,0.541211195169775,0.1834684492136473,2.556644991779774,0.8788332853112507,6545
4361,10,0.5468325083301081,0.08021578879732111,-3.0853980143817585,1.237640862714098,6545
4386,10,0.5482080963491356,0.1245866757289505,-2.375447598630252,1.747377864309138,6545
4395,10,0.5489911679961236,0.24573830156103738,2.8744640377640875,0.77256801021958,6545
4417,10,0.5500659609791599,0.14256862116588145,-0.7617579384296337,1.199115958190718,6545
4432,10,0.5506792049199083,0.10791205824912925,0.16337289967493074,1.2393332263846983,6545
4459,10,0.5521182516744604,0.14784896688132795,-3.057369559361056,0.7440313766850847,6545
4461,10,0.5522107640011191,0.13963573951511218,2.3500369620061368,0.40842270975085887,6545
4486,10,0.5538678791370657,0.12665634712967327,0.36711883841468995,1.3719214100452688,6545
4497,10,0.5545140673459992,0.151402831572548,-2.8988104059408957,1.4047108290501846,6545
4561,10,0.5583953579122533,0.15693301747262137,2.1263840755893635,1.1299775769403533,6545
4566,10,0.5584985814283658,0.11580129150281264,0.5061656042827193,1.4874086585222217,6545
4631,10,0.5629222637239416,0.11169266372609098,1.0002606772726135,1.9535960930930552,6545
4640,10,0.5634747431860916,0.22216258483746842,-1.5139156931346103,2.5324862203261387,6545
4688,10,0.5660154193008602,0.09922174858689768,1.9582687489280834,1.7877879524107356,6545
4689,10,0.566029862953956,0.16118984281153084,-2.9797145598838046,0.36078338176204056,6545
4702,10,0.5675420705146004,0.1978694727686503,-1.1969663230939083,2.2180001835596115,6545
4738,10,0.5696890242350748,0.06846914566082983,0.44942656452616636,0.7949743272985942,6545
4740,10,0.569857720703683,0.16023924410052592,-3.1260780923277105,1.8153446247635256,6545
4755,10,0.5704988642600187,0.14323069215888798,-2.834654358233445,1.7763539975166889,6545
4791,10,0.5727243188414769,0.11173918331104066,-0.8245616786376888,2.3496439179119872,6545
4805,10,0.5736609896692402,0.11840972579364152,2.1087303663894823,1.5278671287709151,6545
4820,10,0.5749448584345815,0.13267286033615355,-1.8971450706695596,1.7030800363962242,6545
4851,10,0.576698696857955,0.05189273809537799,2.9314218574243456,0.7822602899346636,6545
4907,10,0.5792002031250126,0.08081751650193088,1.6833290398125587,2.0220623363092196,6545
4916,10,0.5799059146880292,0.09538202281310601,1.6558837060259746,1.5676916410814778,6545
4925,10,0.580596072499124,0.049399808533058885,0.11844493431160329,0.8149248966762627,6545
4934,10,0.5810746775725963,0.10231216563474901,-1.245094565647342,2.2756259211326038,6545
4953,10,0.5821298516882406,0.09131981524601866,-0.6774295587070412,1.9885424196491133,6545
4984,10,0.583918938835491,0.10707633528576832,2.0211219299615792,1.460367574124766,6545
4985,10,0.5839972229522138,0.11990405075601941,1.7007745552397073,1.9569305347187744,6545
5001,10,0.5857312847699148,0.12278930764438117,1.9267999467706134,1.1071826485726577,6545
5066,10,0.5894645831038889,0.15203101262013374,-1.491312645992114,2.1996750729452548,6545
5194,10,0.5984300926865925,0.1258959180146628,-1.2431767355004468,1.9363292184287728,6545
5200,10,0.5990687167056782,0.13422936185052156,-1.110291694702,2.2643278548874757,6545
5325,10,0.6087103061020565,0.1456521136739165,-1.215624413822712,2.230033540705086,6545
4541,11,0.5572821739128442,0.10949722206497026,-0.6568346082938388,0.6182470896495956,6545
4591,11,0.5604215671285063,0.16234846845795275,1.4837069435907653,1.2622386089782225,6545
4673,11,0.565037234179915,0.0882550643699468,-1.1615502448056054,0.7454089569681226,6545
4948,11,0.5819085125534589,0.18137061287069914,0.9712816646126328,0.6192748520783216,6545
4952,11,0.5820676306958841,0.22753346082029732,2.7760935032543093,0.8290366343470321,6545
4968,11,0.5828055006599541,0.14763360302681816,-3.026634875092932,1.8892621387248676,6545
5025,11,0.5868456361131064,0.1468429610466696,2.051472879793904,0.40423495703275825,6545
5026,11,0.5868899616414575,0.12150406179316588,-2.9172603445593,0.6911190989172162,6545
5112,11,0.5927314467617526,0.2701519530545131,2.696575507309346,0.7816942408636808,6545
5135,11,0.5944750258236604,0.1439296380460534,-0.647295614667282,0.9922169820454113,6545
5178,11,0.5971214783252681,0.12453761822226844,2.4201055290301303,0.7808353166813233,6545
5199,11,0.599042009499784,0.11757791982026813,-3.056469672026682,1.160886320556671,6545
5206,11,0.5998598011904146,0.1374675620538423,2.0961460744970495,0.9882331569492369,6545
5218,11,0.6005908688549851,0.11493754107082824,-2.8097703095721136,1.2229065494182605,6545
5222,11,0.6007906555723225,0.13930796120660807,-0.8420226363671404,1.1723956615574462,6545
5263,11,0.6044381551999761,0.20379229270176877,-1.2738841697259593,2.1575089969048005,6545
5290,11,0.6065046961466899,0.12560654531227733,-2.5204120213711136,1.1377062915531488,6545
5296,11,0.606910656128237,0.09703305432042589,1.7624716007765302,1.8335771233220355,6545
5320,11,0.6082707567558324,0.17987075175574985,-1.5185397118860202,2.502648750896107,6545
5382,11,0.6125713472631762,0.125217854445397,-3.024097855693793,1.7436942592879694,6545
5384,11,0.6126753750735592,0.07366861548294115,1.4198129040952925,1.5984236920221715,6545
5400,11,0.613930448534063,0.12969029038305646,2.7127296201328552,0.9813479452875057,6545
5456,11,0.618386316423768,0.11117811199644438,1.5272139613659612,2.0130131737499184,6545
5463,11,0.6189323721474123,0.10446156364559779,-2.5195851056614282,1.369772010417976,6545
5468,11,0.6193850483750767,0.18437651001519917,2.8581112908499526,0.4972745967321918,6545
5470,11,0.6198174017782838,0.0797977169311158,-2.557687582426233,1.0063778463559194,6545
5525,11,0.6246886316104662,0.09090398054996968,1.6247683533382307,1.4055885029331228,6545
5537,11,0.6252693559298792,0.06903385613687221,0.500939321222571,1.0659223668621096,6545
5769,11,0.6500362403356237,0.08200120436109595,1.8334953647559085,1.0604932783836964,6545
5881,11,0.6640472320072309,0.11838218775807673,-1.439020298803732,2.2098529235249993,6545
5889,11,0.664627187215766,0.11378420619301512,-1.4125261795797281,2.536536156742901,6545
5634,12,0.6341558544038649,0.18196435494652824,1.2801683763980753,1.4759382032687773,6545
5656,12,0.6364917085684666,0.11369931397820328,1.4884047949694958,0.24900266483261976,6545
5667,12,0.638405469733591,0.07241440348255297,0.06307065400003108,0.03321765792154722,6545
5678,12,0.6393195290331863,0.07668572327713917,-2.0787235799611867,1.1208139565947286,6545
5695,12,0.6412781058498215,0.09074015845794017,-1.5026247832847532,1.1109313222072117,6545
5696,12,0.6412884093872983,0.11551061762004097,1.9374989638774105,1.7140666576351637,6545
5712,12,0.6429935066389746,0.15971511146397963,-1.099542425313336,1.182615680743155,6545
5740,12,0.6464892766537372,0.13506612374838928,0.20276046638066514,0.8304192377156302,6545
5751,12,0.6479130152385543,0.24624841165424916,2.888867949449521,0.7377379492776271,6545
5779,12,0.6510767071051728,0.189709638796777,-1.6108630720259864,2.3037659548919702,6545
5830,12,0.6555784920980358,0.16501570836030768,2.951202239806432,0.5188762887354126,6545
5833,12,0.6560693100828955,0.09752260271784365,1.7415745340624111,2.137219727659666,6545
5849,12,0.6588810621503256,0.11911557588101761,-0.8628450873462583,1.3538209509122516,6545
5891,12,0.6647466385737498,0.17295322641775637,-1.025995235149029,2.0524686280367637,6545
5933,12,0.670175788975012,0.13220850735169815,0.9308708754131904,0.794786034514682,6545
5940,12,0.6711325740898312,0.051954806782697524,1.8958173869556203,0.6727805345779023,6545
5964,12,0.6746130506276083,0.03482811323136245,-0.56288990157321,0.6141628777670677,6545
5972,12,0.6757312951455718,0.04260996359639988,1.098210402933685,1.2841565343959218,6545
6001,12,0.680968853502605,0.07285179645649412,-3.041146164860412,1.0666710254762455,6545
6022,12,0.6842898687324196,0.12978762036943958,-1.4355948117277804,2.18750647014641,6545
6032,12,0.6856401467869989,0.08705053097822915,2.1951098491996968,1.182673495973691,6545
6033,12,0.6856472733135052,0.05752285153107612,-3.0425785400169594,1.5022541812398458,6545
6133,12,0.7019974216316145,0.13716937549041558,-1.1823050885961721,2.4546383251734105,6545
5896,13,0.6651995018070411,0.17815566177391864,1.3825308616422194,1.537984139668863,6545
5983,13,0.6773152227652816,0.23467804479127755,2.750166939014428,0.7146366908886383,6545
5986,13,0.6777500048077171,0.16171382574952678,2.90341133941824,0.5951934945476633,6545
6067,13,0.6909105825534122,0.16141933076643958,1.9819226915383492,1.806832953358937,6545
6094,13,0.6949651947366271,0.1953797849702022,-0.9319396067349913,2.075435107042566,6545
6164,13,0.7069894857793108,0.14294657744573927,-0.966456662045347,1.6272423142128345,6545
6186,13,0.7116814418412488,0.11743277089423398,2.323901575221696,0.5642045824708873,6545
6243,13,0.7270810359842492,0.09327735565825147,-1.0350924867679872,1.4379212061590987,6545
6248,13,0.7291537099763943,0.18033094658948623,-0.7476847019762214,2.162064744109013,6545
6252,13,0.7299276406978282,0.11245685437244297,1.8200770622285924,0.4583484646834709,6545
6253,13,0.7300453256766865,0.11453271683832773,0.4951818815363764,0.6578681251306686,6545
6275,13,0.7343886726732988,0.07795956013216841,-0.6349994877585063,1.7499636578356492,6545
6325,13,0.748348426911315,0.1385204785114733,-1.1295067291166814,2.1496479435351215,6545
6334,13,0.7498686316472963,0.02716598900498331,2.2236212786933462,1.5855042152278478,6545
6338,13,0.7522745887681949,0.06320721481004297,-0.5593704387639288,1.6077905024023487,6545
6178,14,0.7087028877466833,0.17630206619378552,1.3493170734896858,1.648252872561634,6545
6279,14,0.7346589155395278,0.1538330253990984,2.0891719054424485,1.7396107617169405,6545
6366,14,0.7628006719136543,0.1634690347448103,2.7426171753575215,0.8569879889804228,6545
6367,14,0.7628158882819136,0.11059872813930295,1.5064252727846184,0.49387396455985233,6545
6378,14,0.7660861630384176,0.16698220634084365,-0.6532510065571764,2.082587585540592,6545
6396,14,0.7739156808581896,0.07163497601899668,2.286534830598001,0.950575568972223,6545
6426,14,0.7880557244227643,0.07179875590332943,0.5065856184749682,0.9466264041673306,6545
6437,14,0.7916703019573671,0.13119322097894026,-0.6621562784493437,1.6396984000961923,6545
6443,14,0.7947730174412286,0.10625478078969132,-1.1176490719089358,1.9696997819050825,6545
6462,14,0.8068258918172962,0.10997015596371545,-0.43452772743147056,1.6625826418536578,6545
6466,14,0.8074542718291019,0.04213634280509157,0.5713126005891784,1.7251724322463142,6545
6326,15,0.7485871563499097,0.16888737602061998,1.333173470979616,1.559126100049814,6545
6415,15,0.780933518101478,0.09873401497206735,1.4130196630856426,0.5496301752736905,6545
6418,15,0.7824836203626561,0.1501137358329393,2.8152914553865553,0.8018921840975831,6545
6440,15,0.7923466629683833,0.10368975998824127,2.144954563499218,1.713654266625236,6545
6457,15,0.8052556647312971,0.06507568460564726,2.4321146106566554,1.1155480274603908,6545
6508,15,0.8372027166017257,0.047370438996045705,0.532735926295662,1.579924273378913,6545
6517,15,0.8459084236289983,0.10188911941980619,-0.7224503976591135,1.7446799383588054,6545
6445,16,0.7953356639725329,0.15298121440382295,1.4023427417711083,1.4960773450406788,6545
6493,16,0.826945292382944,0.11887438342747438,2.926374510520335,0.8249589160498241,6545
6510,16,0.8381725141536813,0.1004952837334204,1.6014998272678118,1.337886279133491,6545
6511,16,0.8384233649354337,0.09916944065213693,0.7488138107313886,0.7532154949511392,6545
6514,16,0.84401226820212,0.10185375812589847,1.9335222661024734,1.3901736497496533,6545
6519,16,0.8491277654545454,0.10419375405940126,1.2677424388950638,1.9446051868697558,6545
6525,16,0.8581831151459656,0.09816017041748522,-0.8054098446168317,1.7668769638108262,6545
6529,16,0.863120541377486,0.08670257175273136,-1.3605034048484081,0.29807853759237907,6545
6536,16,0.8751735312990241,0.04801642737892309,1.6342990621393303,1.2720254201708303,6545
6542,16,0.9025203910532376,0.016270544431667863,0.02010281519027119,0.5632428479866591,6545
6541,17,0.8974208669437694,0.08402598255688533,1.0272268595896907,2.1025843515234386,6545
6544,17,0.9253135307133329,0.0662944567513022,-0.7974359828537524,1.8224393948698454,6545
6545,17,0.9606097481772632,0.02894036874854867,1.1861263429580753,1.3043419325492198,6545
6546,18,1.0,0.0,0,0,6545
0,0,0.0,0.0,0,0,6545
2,1,0.08873513201443295,0.06972938386765086,2.639044407303414,1.3256402067237691,6545
5,1,0.09710504267932907,0.08631122040002936,0.7620050928271668,0.5965190145948108,6545
10,1,0.12043185964441183,0.07954913156821007,1.665440602360665,2.1791832963625937,6545
20,2,0.14289984401116784,0.07116370850527486,1.0125151077870924,0.8202170372209874,6545
26,2,0.1548456216409414,0.10454120231457634,2.175694984001238,1.2243152774205408,6545
49,2,0.17927346371206954,0.1217127816573787,1.975691427751088,2.2934452835340293,6545
37,3,0.1663828043084975,0.07838915499398243,0.9597297705148247,0.5436095195776268,6545
123,3,0.23383624474313025,0.1181219997665881,1.9327896575907335,1.8808730525546478,6545
113,4,0.22731779669019503,0.09895359361875643,1.3172648783731666,0.7346693822520545,6545
289,4,0.2805573302047072,0.08268159768457276,2.054925630895274,2.1024274001254595,6545
355,5,0.2956092341766825,0.12709366880267003,1.3267911848779952,0.6375134082689451,6545
389,5,0.3028624029342326,0.08687263295066809,1.8281086899656327,2.1261167195579502,6545
664,6,0.33762102185642484,0.11368491969162273,1.9657006516126618,2.126577028887869,6545
834,6,0.35737252837899536,0.10070924724253738,1.422578374433268,2.1136603673158176,6545
873,6,0.3605212329743481,0.13246037938781147,0.768331794362458,0.8533570444087405,6545
1091,7,0.3812912163898937,0.12751215301082994,0.6976122580186979,0.8328479134228025,6545
1493,7,0.4111494937178295,0.1227921102693141,0.3153334259195807,0.9734885363267609,6545
1527,7,0.4135484306986462,0.1276316020368321,1.2646695632116614,1.961512764728756,6545
1665,7,0.4222412533115689,0.07391317068760787,1.3838607333326673,1.5878021828532802,6545
2110,7,0.4502314926748133,0.12165607717831162,1.4270244073157126,2.5775975742740407,6545
1769,8,0.429346751948237,0.10426873642360791,0.42428249024460035,0.9796719587613406,6545
1898,8,0.43757881014074795,0.12443891764938976,0.12473675381059383,1.093709990159525,6545
2680,8,0.47694704116705877,0.10760647917121764,0.4546839744705121,1.4634956588110624,6545
2771,8,0.48051648086187027,0.13413688250047132,1.4040232301946964,2.440970904732765,6545
2883,8,0.48513478699196033,0.12934585557977102,1.1257295717081697,1.7437889405792912,6545
2452,9,0.46724272696922386,0.12986235822571163,-0.10743947971003616,1.1493594159300138,6545
3097,9,0.49379703465826896,0.13697435315879092,0.5484584830329852,1.4192212888551758,6545
3711,9,0.5191724032019155,0.14203042634161764,1.3937501469018105,2.223281472885161,6545
3773,9,0.5223918479768435,0.11438592382904272,1.073868535133513,1.665529083069006,6545
4133,9,0.5406593380073261,0.14993344532435268,0.7734315601086698,1.652228097692842,6545
3655,10,0.5168152655026279,0.09866539577200119,0.08751778882309072,1.316265592253417,6545
3983,10,0.5328519289796552,0.08044000829645923,-0.14455901783400338,1.4679371492649753,6545
4090,10,0.5382646901171064,0.1770858420663565,-0.3442085769097507,1.4100666912051165,6545
4279,10,0.5477840861609299,0.0876938493668349,0.336349431774356,1.5421690520096842,6545
4399,10,0.5538435962722159,0.139103714637798,0.28455767488490974,1.5032546896586216,6545
4621,10,0.5655225986985802,0.06654920832122815,0.17647858983987752,1.8365321005951751,6545
4708,10,0.5713924923816704,0.10148726033625434,1.1221152514759696,1.8366871410465013,6545
4840,10,0.5796157422182243,0.1734759152563179,0.8271025460682958,1.5789592093438458,6545
4897,10,0.5837757818906967,0.10212717310700727,1.2181848690879646,2.0099213850287883,6545
5053,10,0.5944715270324,0.14314018905581302,1.3106544226105596,1.4764755923527084,6545
5222,10,0.6043073679808999,0.16395661937967668,1.1360086529494557,1.8230170000247505,6545
4548,11,0.5616938454868794,0.0904194171938263,-0.15278193760983963,1.2053362386464224,6545
4852,11,0.5802379686641004,0.1253571015072893,-0.37646864404987257,1.5501141817046824,6545
5000,11,0.5902983644387173,0.1170676303186028,-0.3313930339036474,1.2982551572204333,6545
5134,11,0.5992431400429178,0.0947416104535529,-0.28248934903880546,1.6709283228678617,6545
5156,11,0.600165563417462,0.17872379525919052,-0.3671550234793908,1.7588605982090881,6545
5421,11,0.6206947695721851,0.10099075374552358,0.8914588856696656,1.6457980775204564,6545
5519,11,0.6305359862480843,0.08791842044678021,0.5698912380301294,1.615687800305418,6545
5618,11,0.6404825334704484,0.13959592222322634,1.3630652425664675,1.7567827109696272,6545
5718,11,0.6500605270137831,0.15145582321626272,1.135569573103223,1.622334948738179,6545
5299,12,0.6102624898583077,0.07411963053487526,0.03928756060995679,1.0062926313567913,6545
5413,12,0.620127257787331,0.11613362295650226,-0.2125050434291492,0.8656333342042373,6545
5426,12,0.6211442659350802,0.11990286243134862,-0.20279845335816865,1.651049690553986,6545
5596,12,0.6389314675870384,0.1812742651198499,-0.2112980779337493,1.855411660462731,6545
5658,12,0.6448064925462775,0.0854380113365436,0.06953683188366108,1.8765259688672555,6545
5695,12,0.6479263001210331,0.09652648910370963,-0.4490368379762342,1.4400955477356847,6545
5745,12,0.6519929432738848,0.012886910844608883,-1.4518745923160108,1.3020136506847744,6545
5922,12,0.6735388302405731,0.038472694011206704,0.5873446063608391,2.4006623563286995,6545
6104,12,0.6990752487075422,0.11214807766924353,1.1382944103305908,1.506211403551817,6545
5852,13,0.6656034280763018,0.1294663856206635,0.08578599168760692,1.0436096679251639,6545
5957,13,0.6774591265570232,0.09923902884621738,0.043721555391078484,1.3146257755762183,6545
5961,13,0.6779578357908628,0.1883015968940828,-0.1206178558752674,1.85944049159598,6545
6133,13,0.7037831033691943,0.09060867718347206,-1.1320847139553103,0.3204310758261794,6545
6198,13,0.7176902168771304,0.04432173340052044,0.039112773907201706,1.5892509429694148,6545
6201,13,0.7187660731910197,0.07991880864310384,1.0562162289632497,1.627228548870237,6545
6232,13,0.7246865561153408,0.11665567627324457,1.124095551043108,1.4399479270211692,6545
6159,14,0.7085943743399428,0.13232117970140903,-0.17009049982178154,0.7919634793014977,6545
6242,14,0.7273311085780049,0.10616798210269467,-1.3461306108324218,0.4023291616752986,6545
6335,14,0.748784124090255,0.14016073612247915,-0.10724139347158064,1.7571369080603587,6545
6371,14,0.7637070685478408,0.06222787187250434,-0.23024768413879818,2.2422898554600486,6545
6399,14,0.7759631812825015,0.08988973454906173,1.4836587281761349,1.3787113575963892,6545
6408,15,0.7784063732119977,0.1277265410669458,0.02348198471436646,1.1120795647305914,6545
6418,15,0.7854827424293614,0.12988542880257162,0.06461850589916927,1.1883653818752988,6545
6428,15,0.7889116768915524,0.08787056731860338,1.4180465863135037,1.4349850989643662,6545
6434,15,0.7911716709449036,0.13020638378840152,-0.20539547892614973,1.5428219324784191,6545
6454,15,0.8026482986668695,0.11235566701054414,-0.40992716737276663,0.2979608745369575,6545
6477,15,0.8128697669160951,0.02105429021486521,0.699651352835763,2.2202051198697825,6545
6480,16,0.8142562703964197,0.1541695784838575,0.050019232426250476,1.2885733712657128,6545
6482,16,0.8157252647464383,0.09386539263601694,1.5495814121549323,1.5039419103204128,6545
6503,16,0.8306998241664987,0.11338732349913504,-0.4160652420262623,1.603194611454189,6545
6504,16,0.8308036333205652,0.08707567045719038,1.1940285155212658,1.338363227709995,6545
6507,16,0.8340680383248034,0.1254242569590706,0.18611629002834046,1.4476975806053751,6545
6512,16,0.8353002011557327,0.12410546594722924,-0.7886484745448017,0.2966966916494579,6545
6520,16,0.8429542405150092,0.02845076749309018,-1.1500585229883427,2.4441079812457103,6545
6534,17,0.8689943393192943,0.12699373220744975,-1.2758698422683723,0.24787377276647865,6545
6538,17,0.881756399022158,0.11772410797497487,-0.47595803020590033,0.3636901524578244,6545
6539,17,0.8954778336398452,0.05968149760884447,-2.441021530493229,2.3422980704561205,6545
6540,17,0.8990919255526365,0.023995781614839787,2.326808240878315,0.323361083270819,6545
6541,17,0.9041758571087889,0.05243983036869297,-0.6790140877141528,1.6053168864527123,6545
6542,17,0.9117822454475311,0.03232014355733818,-1.5493144741560074,1.4766666801311508,6545
6543,17,0.916756718618503,0.07416563576602983,0.12407714582851126,0.8029086560908406,6545
6544,17,0.9176190875456218,0.046049816132401875,1.4212075865293479,1.492997482556394,6545
6545,17,0.925547886027779,0.07251948471075216,-0.7139306355354826,2.0781996525655106,6545
6546,18,1.0,0.0,0,0,6545
0,0,0.0,0.0,0,0,6545
1,1,0.06994798929961521,0.031044663396736002,-1.2236703507776052,1.0765799896720745,6545
3,1,0.08798368764948628,0.0786126017863893,-1.0833470421163383,1.6724058918632585,6545
9,1,0.1070014787629997,0.057455587005741666,-1.0072545091511382,1.7261127584174374,6545
10,1,0.10702101914626194,0.09353675971423386,-1.2398713771046237,1.8703938927853458,6545
22,2,0.15018390327666742,0.07857536429045084,-0.8866658690894267,1.6774806550315389,6545
65,3,0.19422751061786858,0.09351837163173175,-1.1027846498739466,1.8709271822055453,6545
387,4,0.29430327836862324,0.1492910335759262,-0.9739912144948537,2.5782769613150194,6545
435,5,0.3039730532744185,0.15466383144157483,-0.9398590243611606,2.5380606668156975,6545
748,6,0.3507718218542606,0.14575786247322903,-0.9912522295544032,2.2761315297920053,6545
843,6,0.36287450317027636,0.15371754638139437,-1.2853326978592594,2.3732221439835404,6545
1183,7,0.3929429940690893,0.17046761417440243,-1.028211416005411,2.213912271771244,6545
1328,7,0.4037443463530014,0.15175085598430413,-1.2206314160179514,2.1473679448248064,6545
1719,8,0.42843355379136105,0.15233852354273256,-1.1926548318045158,2.142633496399274,6545
2640,9,0.4735484959176752,0.1304335147782925,-1.2395699568511669,2.2908757406009936,6545
3634,10,0.5158963803726015,0.1211415473982559,-1.5903393994997421,2.2900788178793885,6545
4202,10,0.5422084155096456,0.08909656337558872,-1.1371981651707128,2.2342742882428737,6545
4401,10,0.5526449873690221,0.1604221924729229,-1.3986997019687362,2.7309501932921134,6545
4675,10,0.565979866863018,0.12927847660141556,-0.7701830303907474,2.4725286003671014,6545
4730,10,0.5704013385334638,0.08347688258683485,-2.1635960252460276,2.0550252539462583,6545
5143,11,0.5958377569167101,0.09137589830011404,-1.5744962607195827,2.2825776072777177,6545
5295,11,0.6082263923765944,0.05337687985306202,-1.9735931185945277,2.1660465225188297,6545
5368,11,0.6144587017989711,0.14032394706686852,-0.5006043258544951,2.649619899236507,6545
5479,12,0.6229889197055699,0.08664648869862915,-1.561276216404206,2.315378774367914,6545
5531,12,0.6268942579203688,0.07590666603524678,-1.6987470120875627,1.9778436248363953,6545
5690,12,0.6430181072690548,0.05843234249420782,-1.5324382690370504,2.2690744983999847,6545
6116,12,0.6978534874669313,0.15262158869349457,1.051047289838938,2.9810556195697844,6545
6065,13,0.6900769968110116,0.06584847962193724,-1.3306806509627291,1.8045140017962087,6545
6071,13,0.6907054279720106,0.1140822379247622,-1.6466654503686036,1.8867050664298533,6545
6091,13,0.6945692447032409,0.05546987267799692,-0.00107234015592071,2.985150702272448,6545
6267,13,0.7286517858781483,0.0793103177335503,-0.42433538936328774,2.2432152093769013,6545
6321,13,0.740588209962275,0.1285623146751939,0.35387039010844623,2.78787170754391,6545
6260,14,0.7275051084956827,0.1212688407816078,-1.8650922922509139,1.9106003421817985,6545
6330,14,0.7427611062792775,0.08029385898010909,-0.9356169402173187,1.8691877658193552,6545
6361,14,0.757757269476203,0.104747066019393,-1.2479772925923904,1.3117755233106574,6545
6376,14,0.7633160714988236,0.03341656696734056,0.6370910849319318,1.945350328389942,6545
6434,14,0.7863829091879403,0.12839648667476555,1.087365000959024,2.6687738228375455,6545
6437,14,0.787260258830358,0.11216723094453489,-0.8399906662829906,3.04252825700396,6545
6454,14,0.7956647891193555,0.11425514061777092,0.1810558199269752,2.6021163940485694,6545
6449,15,0.7936850162646943,0.11609075059073208,-0.8439731434692006,1.61873196529266,6545
6471,15,0.8057994157306995,0.10047763959101093,-2.0860171747663654,2.358022996968898,6545
6484,15,0.8107490485860355,0.11562575933817638,-0.9855601885913233,1.3142074683824823,6545
6514,15,0.8445064884634925,0.10328327031904676,1.0084491217243983,2.7238891950297215,6545
6515,15,0.8447200056827425,0.05096819468056107,-2.737612442130937,1.9747830642397832,6545
6501,16,0.8314588019737956,0.10518134520843664,-0.8534146672497767,1.3951138491525183,6545
6534,16,0.8749752428728022,0.08402458653581624,1.486801229996394,2.9176992221324145,6545
6544,16,0.9102656061419847,0.05005865666545123,2.357727777984728,2.676752837997512,6545
6531,17,0.8732963696486916,0.10437287625807457,-0.6836167083176775,1.5290560770364625,6545
6542,17,0.9060186876908202,0.09026566672793072,1.1345058024016508,2.743216448499243,6545
6545,17,0.9334173508077538,0.05496915655517898,1.3846912100659374,2.693609553341704,6545
6546,18,1.0,0.0,0,0,6545
0,0,0.0,0.0,0,0,6545
2,1,0.09249670763557061,0.07271846178505344,1.579540343249244,2.4720394902577913,6545
4,1,0.10965825030992704,0.04001391090847743,-1.3353514537960076,0.968753285432474,6545
17,2,0.14245987762364265,0.026156955072944583,1.0108050933761625,2.782290128690443,6545
21,2,0.14514329789531555,0.014549969250048552,-1.6244537110159907,1.944364858195968,6545
61,3,0.1842637139271589,0.019365863199351203,-1.3122229222246922,1.8625456396807998,6545
191,4,0.23885023164436558,0.049654385893461744,0.19816880557530978,1.9478412505035108,6545
475,5,0.3059909194617728,0.093117494032272,-0.12366640598323389,1.3981997280044436,6545
1141,6,0.3853183598306985,0.1623894628996509,-0.26723458139659517,1.268446298817089,6545
1869,7,0.43584602715092025,0.14480708935262548,-0.06063045393675732,1.3673631210156183,6545
2413,8,0.4640170708557727,0.14767302855317163,-0.04669845687129693,1.4506579540550828,6545
3604,9,0.5158631346133693,0.18404086940659306,-0.04194581927232961,1.2352729265549,6545
4841,10,0.5755778644110168,0.16957453674523265,0.06258799002294091,0.9333709158104736,6545
5310,11,0.6099982898676273,0.1364699321889131,0.0022867070761757426,0.9244683990087196,6545
5699,12,0.6449828030699517,0.12276668621931722,0.01497473967477399,1.0705012266936196,6545
5800,12,0.6554226086106735,0.16236490107375812,0.24772576857857112,0.8653133863377801,6545
5987,13,0.6805802019952101,0.13215770321273793,-0.09257059774119784,0.959264139073378,6545
6236,13,0.7206549506968071,0.09218091460716668,0.3085950892453823,0.928722274661858,6545
6304,13,0.7389911579130988,0.11958904517918537,0.5597172370602613,0.9157708168463172,6545
6357,14,0.7497807686574268,0.09359148733151769,-0.42894610535142036,0.5835430937603716,6545
6421,14,0.7754698242266997,0.11880977661524086,0.6159803324872001,1.01326241324751,6545
6490,15,0.8149995029801872,0.07716708033144064,0.4932475433792583,0.8088965998894682,6545
6491,15,0.8151020001336842,0.10142088960896689,0.6172399666205998,0.9309385360931108,6545
6516,16,0.8409515328086602,0.09220021486406794,0.5066211093175086,1.1535559902408525,6545
6539,16,0.8949035505517696,0.04467388116517375,0.079432266416068,1.3920207045203064,6545
6545,17,0.9507523577952051,0.037197410378726654,-0.0955866140319588,0.9898692509614838,6545
6546,18,1.0,0.0,0,0,6545
0,0,0.0,0.0,0,0,6545
1,1,0.0817515147397565,0.043822198677304094,-1.467295397461099,1.6478843995064631,6545
2,1,0.08309613335952404,0.037327253141437915,1.1918448535919848,1.5576465721163164,6545
3,1,0.0877207844959087,0.05330576409791074,-0.6995062178764755,1.9332833470836621,6545
13,2,0.12867201055995958,0.050316407296899554,-1.4733348636274415,1.0161744184289718,6545
14,2,0.13212678838884084,0.027695453674620635,-0.7409745265572014,0.9738495544749151,6545
17,2,0.140848150243854,0.01477534110389895,1.654871199148723,0.7351486789987517,6545
20,2,0.14601660300961283,0.058371397525924545,2.4716543665423583,1.5831212066478324,6545
81,3,0.2046275758682432,0.04094489334540526,2.9669319746856524,1.7993442995176494,6545
107,4,0.21325900073974968,0.04640648582940944,3.058708734846479,1.8094972452622626,6545
337,5,0.2818419545006067,0.03008590891920568,0.04507903997863543,2.5359184288066614,6545
441,6,0.30134450699529514,0.037752848470202924,0.3044134716235803,2.0995131815271812,6545
561,7,0.3191988770133617,0.04679635299452402,0.3943386584025955,1.9332927030996747,6545
1075,7,0.3781883874891413,0.08319793282728864,-0.09201236153891502,2.735845854573028,6545
821,8,0.35406396921197136,0.05039038796343635,-0.25865247943517966,2.03395753443832,6545
933,8,0.36614831853898866,0.026670181583822773,-0.378126187833892,1.7033535084542224,6545
1350,8,0.4014504666166093,0.03918408149733935,-2.1114169318654903,0.3631216760377003,6545
1452,8,0.4096910876946295,0.07263396426326234,1.06831215490756,1.5508746122260422,6545
1685,8,0.4252085432725534,0.08173008633501067,-1.6344990051533026,2.2438331879527267,6545
2037,8,0.44641903598265964,0.1147273876417829,1.2384764367767085,0.977664177590017,6545
2047,8,0.4467530540024104,0.07037954424041275,2.1090437276977494,1.3752507644320167,6545
2159,8,0.4528995749244482,0.1092645915990854,2.8443774920437495,2.8019014004303666,6545
1710,9,0.42666879496276655,0.07516629058774828,0.12901382471067308,0.9795543812824739,6545
1984,9,0.4432778165035476,0.09173771755532055,0.029275246973550384,1.9630201073293823,6545
2458,9,0.4664551072772174,0.1522000935416668,0.17388803639144182,1.9189966157302856,6545
2612,9,0.4733241538890677,0.12610397548698238,1.2924157054232588,0.8789173847046138,6545
2732,9,0.4782964723175902,0.057802614155262624,2.129584529597663,1.0636643664222527,6545
2780,9,0.4805875954202694,0.0899590159536052,-2.4034704103438953,1.3007143093060838,6545
2805,9,0.481368355816705,0.10487209332442315,0.9998590379347018,1.4333792892663377,6545
2977,9,0.488278523640976,0.09383877870676571,-2.0614895828429667,1.317399291231543,6545
3039,9,0.4909807932934236,0.08994749390016009,-1.3671635637622497,1.6897827717840268,6545
3086,9,0.4930516060446999,0.09467736285839401,-2.9437868334614663,2.5811165792575634,6545
2863,10,0.4832996584640771,0.08016576030402954,-0.051327380896996774,0.9826340099004971,6545
3093,10,0.49345848718673124,0.16348012354798486,0.2280306912161252,1.7935236244461872,6545
3310,10,0.5018373173089931,0.04541265762301322,0.40704247192199183,2.3802375193108762,6545
3467,10,0.5085867599842362,0.16061407736178174,0.4110697211481364,1.9673050457761878,6545
3827,10,0.5241442448837473,0.06164090050680873,-1.4107191328983515,1.4994957879624602,6545
3886,10,0.5269153692806443,0.13380607622941168,1.3785795894023098,1.2123771144099504,6545
3985,10,0.5316425416022433,0.11249118719081232,-2.4125386714889996,1.2310469637116608,6545
4000,10,0.5323604071804281,0.13327070218841494,1.5260824991490332,1.2665687754350619,6545
4122,10,0.5377549591203542,0.12473387558854508,1.0573340440230625,1.4268397195973528,6545
4163,10,0.5395274816100234,0.05703996555280054,-3.135786530019981,1.5687471768363321,6545
4184,10,0.5403359922781968,0.09924153492765343,2.8218115005579896,2.4388790184002014,6545
3983,11,0.5315688626042347,0.10586370602632895,-0.13532664176861114,1.2370280627857313,6545
4225,11,0.5426016113468368,0.17459255274301685,0.39575636935426867,2.0222697440232156,6545
4644,11,0.5651025467122769,0.11115955986356948,1.046057026039423,1.5744751405396686,6545
4714,11,0.5694658526992414,0.1135030603073018,-2.224875936253745,1.034385117493879,6545
4768,11,0.573158897821937,0.0716914107380544,0.5474931828766181,2.2066328490583698,6545
4929,11,0.5826120173673645,0.11404277719753468,0.8131774172057069,2.159063231992961,6545
4999,11,0.5869517092570217,0.05591551716701681,-0.9112556392541147,2.8347852758184247,6545
5019,11,0.5879661830972667,0.11644342575451522,2.8707351568238213,2.076381728233929,6545
5124,11,0.5957331004228613,0.12485758884169605,1.5396458072697072,1.220522013290311,6545
5147,11,0.5978458350173868,0.04084252466560414,-2.8180205884994436,2.0794642452404903,6545
5234,11,0.6041321035635027,0.12164160240758962,-1.4339537524482726,1.4725631779200938,6545
5291,11,0.6084933055622253,0.08703041776776162,-2.9250462397736916,1.2730076815840614,6545
5268,12,0.6067485259267217,0.11386122471516048,0.9865274304438167,1.6387297198360393,6545
5274,12,0.6072987454914288,0.14951287329125484,0.7879337458089875,1.9507831393629345,6545
5292,12,0.6084964801920321,0.13442287073044104,-2.4071953237148196,0.8316825420671544,6545
5339,12,0.6119550117864803,0.11054247334574226,2.908262560249243,2.0026758584137556,6545
5437,12,0.6203379610601704,0.11559800508244371,1.3893949955990867,1.2967843971832227,6545
5439,12,0.6204037198657227,0.06939643760131116,-0.4472837082978409,2.40267732213405,6545
5472,12,0.6227958355029025,0.08987138889434755,-2.5549479100091865,0.9850062682885727,6545
5581,12,0.6326905922497774,0.11047959554756495,-2.3572527921601,1.2302593152818464,6545
5635,12,0.6371954942026742,0.1165247415114784,-2.3671388453087263,1.0832744173021533,6545
5750,12,0.6500838544400454,0.07357199134517547,2.527637761947104,2.0660935859731917,6545
5781,12,0.6537448975814647,0.07321970593748314,-1.4359536735373493,1.5295923968954512,6545
5782,12,0.6538983275095775,0.06832862278259991,-1.9059135036338848,2.1523426297625807,6545
5798,12,0.6561375414023564,0.06350118741940171,-3.078854647465799,1.6353819746708793,6545
5937,12,0.6742353141251681,0.07779783502338102,2.0787507033777004,2.8585531981198655,6545
5820,13,0.6591309628565124,0.18153326565993977,0.8645747782545117,1.8030518290262116,6545
5858,13,0.6644066504850269,0.055522184213066525,-0.30064719197841167,2.791044224315264,6545
5933,13,0.6735971210951555,0.13815309398902795,1.61159027657707,1.2826329303813306,6545
6013,13,0.6835225342587274,0.17966181712345758,1.0754552465039038,1.8332867697646331,6545
6022,13,0.6844908213837252,0.18156615297830733,1.0259617143390878,2.022663898332795,6545
6056,13,0.6890199370608843,0.0867024674174609,1.815863170687959,2.8055091727579704,6545
6094,13,0.6950212771536768,0.13731269830282,2.283500585253989,2.2416854728646847,6545
6174,13,0.7113232963960455,0.09619988521019704,-2.0207457211244293,1.620556828054456,6545
6180,13,0.7116161324848131,0.03764363376502362,-2.7617613384064343,1.9038366230055008,6545
6226,14,0.7198187562635233,0.18877509301648848,1.1461534094465669,1.9504216226228719,6545
6230,14,0.7209258737683252,0.09363312709319661,1.4695884799828438,1.2537419100686344,6545
6300,14,0.7394054758968356,0.11612862325325032,-2.132643534682187,1.5808786119382943,6545
6312,14,0.7426755722741728,0.04164193491791508,-2.6713123851733007,1.6356214400575306,6545
6363,14,0.7570250289948873,0.11430908560953701,1.8358631420592475,2.596669688762431,6545
6342,15,0.7520119036506091,0.09625290010810585,1.5828912566724618,1.140288533489385,6545
6356,15,0.7558664225270948,0.10181520347780268,1.4622030871044873,1.0849279089670139,6545
6421,15,0.7779757827195352,0.0611213289589439,-2.87090713056826,1.3983886008030872,6545
6436,15,0.7842263525807691,0.13216950928668508,1.6008682240743746,2.564560381632433,6545
6450,15,0.7915586298760875,0.11453578409334685,-2.3773760800031174,1.6596749812874558,6545
6465,15,0.802648641009648,0.04586544146959201,-3.0641660322353355,2.8027407852982806,6545
6505,15,0.8299104351633889,0.10165784854723922,0.7223547654491679,2.1399552770206443,6545
6461,16,0.8012028616405114,0.08003624123837565,1.669167659849048,1.186835077881891,6545
6499,16,0.8268188850418378,0.1257208043106024,1.1061778692296238,1.3681650563628505,6545
6508,16,0.8336288897411088,0.018977340598473544,1.217341120528088,1.0756070730039076,6545
6509,16,0.8351021745200229,0.12240676239053785,2.0514016059952125,1.6862063693185174,6545
6513,16,0.8370944176548842,0.09006079706711753,-2.3930670207381044,1.5012984549026114,6545
6518,16,0.8462354572914601,0.10014832614846024,0.8149770571681961,2.112235735178351,6545
6525,16,0.8526821980945515,0.06508468474619346,-2.170275710100794,1.257398284386423,6545
6535,16,0.8679001202599115,0.09195027116200961,1.401352829676248,2.8948460788208594,6545
6528,17,0.8597326031589482,0.1201072081057126,1.7034681506081204,1.5581917526051778,6545
6534,17,0.8666850214719215,0.09878890039838664,1.8878340345704305,1.6352122893910959,6545
6541,17,0.8853035977906727,0.06150303721803174,2.4961642796716674,0.7840982895737185,6545
6544,17,0.9087996380217609,0.0813990816879061,-2.0262549379409123,1.6820937858463558,6545
6545,17,0.9462743017633765,0.046915899899805845,0.8162449494596344,1.9917407129349443,6545
6546,18,1.0,0.0,0,0,6545
0,0,0.0,0.0,0,0,6545
1,1,0.07843932558578381,0.07530099501324072,-1.8639775395969396,2.0446964140057258,6545
3,1,0.10808648673733068,0.09475029015023173,1.856694830689769,2.214295327988869,6545
5,1,0.11730853071111691,0.0492811035273747,2.6712457220177726,2.341943608245354,6545
6,1,0.11795516550088747,0.10275696904635355,-2.7221041647362645,2.148246356869497,6545
11,1,0.12645377743441388,0.09201160722052545,0.6874294988040116,2.8001807059629393,6545
14,1,0.1351351599240841,0.13017748422096714,3.012881348152607,2.2887054149304737,6545
16,1,0.1397403039338153,0.11222005526742149,2.8163115298467867,2.567884807700295,6545
48,2,0.17253915950222354,0.13485338211919828,2.24775488559838,2.0075108881681207,6545
55,2,0.17750730561521455,0.10454115521227789,3.1038103430157014,2.348535458187053,6545
74,2,0.19497068974523857,0.10666581262479116,2.034999668385459,2.567991790247309,6545
88,3,0.20424451469558325,0.15312475970752165,2.2584983809529704,2.133592246313179,6545
147,3,0.22697771979600934,0.0996536312296159,2.442815456512873,2.542603620799197,6545
278,4,0.2643000573702362,0.13417184206019117,2.3905715257560756,2.5150988446585103,6545
519,5,0.30923187076687797,0.13164316029984116,2.4315160182063664,2.2326998476896627,6545
938,6,0.3636262096305246,0.0861961731405184,2.7117848092435137,2.2767693683680963,6545
1701,7,0.42042541458315763,0.09890117297048692,2.85579658882695,1.819714556652946,6545
1817,8,0.42816356396781574,0.09748542473780304,2.8537317723820177,1.7518459445284718,6545
2061,8,0.44235687795085843,0.1137786117517356,2.7469983992703817,1.7881386293214336,6545
2911,9,0.48509707715896777,0.13886140192700527,2.6390313879348657,1.5941245463355973,6545
4534,10,0.5570453068650489,0.15720914276889233,2.1812690177234417,1.521884700204538,6545
5227,11,0.6006181158351349,0.18577001247920064,2.1671225285532696,1.5937412568290774,6545
5334,12,0.6080064437592162,0.1812249960790276,2.1459020145416488,1.5914769331042755,6545
5685,13,0.6423411514769481,0.19171127240313832,2.010865434060477,1.6866939557218255,6545
6167,14,0.708097803948963,0.186700776188279,2.3436654458739867,1.7737254314172954,6545
6418,15,0.7741535231877635,0.18391233643372867,2.53778745746334,1.5214025605904173,6545
6489,16,0.8133634434726048,0.1642302895041019,2.6467168793735314,1.6317161772199966,6545
6542,17,0.9159620132202968,0.07069875112757029,2.7698956431207176,1.3458867390041622,6545
6545,18,0.9388728096892817,0.05196579235099787,2.8640827407604594,1.2544269676110718,6545
6546,19,1.0,0.0,0,0,6545
0,0,0.0,0.0,0,0,6545
1,1,0.04300701666270512,0.02776011300161559,-0.8685422111481348,1.5391799286988852,6545
5,2,0.0947672876509118,0.04297124613085531,-0.9160620583909971,1.9778345277533012,6545
19,3,0.14384151838592607,0.03717334451420879,-1.4390555241992866,1.3946601920731938,6545
49,4,0.17623728109877723,0.05893492847186967,-1.2636726474355362,1.3461886574047293,6545
138,5,0.23281796531065568,0.073087809298649,-1.6247359722376313,0.5879604811598806,6545
177,5,0.24738674601565025,0.05511926687475868,-1.1799472769486292,0.9414528909665218,6545
325,6,0.2828695624214391,0.10843743137382734,-1.5511078389230475,0.8451816315564504,6545
478,6,0.3104276010324344,0.09549600731965945,-2.0421128564919977,1.224527930953764,6545
581,6,0.32499963442102175,0.10709987411813711,-1.4044662529678194,1.2313866323447702,6545
843,7,0.35705810725613296,0.1405724939066893,-2.044712109613859,0.6548304932612377,6545
859,7,0.3593532302383732,0.1175577399802821,-1.6671539185042767,1.1762586188502169,6545
1106,7,0.38224449082858214,0.11396119493689534,-2.3648279651569353,0.7509921008936098,6545
1326,8,0.399294660186158,0.12747388132024584,-1.7112003740453097,0.5071814784277937,6545
1712,8,0.4283075791399288,0.1258636646575066,-1.889868324320654,0.8037071727362607,6545
2232,9,0.4556280770797284,0.1741031570963097,-1.3605074965827793,0.550128144833854,6545
2576,9,0.47183120133757983,0.10189100722385533,-1.6464015804998482,0.6084062238271566,6545
3108,9,0.49371679779446553,0.11854890140174972,2.6890036043850127,0.13983304058439233,6545
3327,10,0.5016850353085864,0.14957336097529442,-1.1924918321240705,0.6802889241608213,6545
3561,10,0.5110706824083375,0.1098908883299925,-1.8148852478319648,0.5770995836849511,6545
3862,10,0.5244555255287091,0.11056054649634126,1.8950495052810623,0.28943922955782236,6545
4377,11,0.548860728651381,0.13325483025266363,-1.1282230400100954,0.613313636845317,6545
4465,11,0.5537577654993402,0.12647412857979262,-2.1697911780054073,0.7182957862161973,6545
4926,11,0.5822975511121934,0.08917413812554813,-0.7510533715289031,0.27247128354085987,6545
5003,11,0.5866506502805613,0.1510160097463468,-1.1929344974959852,0.3118573623125597,6545
5168,11,0.5980002912997971,0.15056459774115455,1.0564719818587738,0.4600952449568466,6545
5179,11,0.5988142055624794,0.1536713799227111,2.0381437560446725,0.2970393729964928,6545
5386,12,0.6131920851714505,0.1683717555789351,-1.2079658259564967,0.3699222251813952,6545
5414,12,0.6154745732134894,0.12693937233829836,-2.113394952384244,0.7726298955995515,6545
5672,12,0.6411614352937282,0.07233050262192338,-1.0956107041991126,0.87610858037198,6545
5706,12,0.645081374799189,0.12213330930538188,1.5182189185973798,0.3683222176316303,6545
5871,13,0.6637542161970901,0.1532197920089312,-0.6038036247972097,0.41465941455328037,6545
6131,13,0.7049364944389019,0.13273337204478708,-3.0344569353639845,0.8119339417428248,6545
6143,13,0.7078274478803444,0.10926482584707015,-1.108961065770845,0.12659053041093093,6545
6145,13,0.7084634163385811,0.06038858325537201,-1.9191409234027208,0.6629624096434303,6545
6150,13,0.7093514807470785,0.07244050113671763,-1.7568206890764972,0.6163520170005082,6545
5991,14,0.6813352852083993,0.16621975498301073,-0.5418579983931784,0.34619708759464957,6545
6176,14,0.7130532742671235,0.15207975163195198,-0.35840092661022166,0.5457111434133987,6545
6311,14,0.7428022927396054,0.17236650951015658,-0.9867134815488996,0.7970595695280454,6545
6335,14,0.7499250629833992,0.15799231583719597,2.9907821216715185,0.6617864600898069,6545
6365,14,0.75859079746122,0.08164989139339367,-0.7546935919640344,0.331250946858729,6545
6386,15,0.7655392198798296,0.1544532142559536,-2.6043824851959285,0.20229654026752608,6545
6392,15,0.7669741131551591,0.13070005236677817,1.0245658932925215,0.22452465002065317,6545
6406,15,0.7714029001435048,0.11719410270577955,-1.2673267777098824,0.5755820712443088,6545
6446,15,0.7899948579871623,0.15331991401670494,-1.1873892647189153,0.679629013103347,6545
6447,15,0.7902953367328182,0.062153559971508586,0.5485107933932847,0.23871624334270783,6545
6458,15,0.7954621748058159,0.1387517210388328,2.9248148833099226,0.8890462973280121,6545
6488,16,0.8221792197600032,0.1275605137733976,3.112265867291419,0.42453229639042384,6545
6503,16,0.8322658877663012,0.11028357901202197,-1.6600821611430792,0.30755058943974245,6545
6506,16,0.8332963059283321,0.13916120475450416,2.7584755560126815,0.7578181460451496,6545
6513,16,0.842609208670624,0.14798123480332548,2.7447012095351866,1.0106818379098899,6545
6514,16,0.8447463064090528,0.10840979635503113,-1.344204256752309,0.7264470393046989,6545
6522,16,0.8563078879736785,0.08179025254165971,-1.7018436618839485,0.7963696526167436,6545
6534,16,0.8759038631997839,0.07800742843404322,3.1107708767238855,1.0261085963536976,6545
6535,16,0.8760948601729311,0.05586045505803679,1.2882870442140737,1.3529288869444434,6545
6537,16,0.8895094727728428,0.04572445130817273,-2.3812871128713975,1.499710206412956,6545
6539,17,0.8974453118072935,0.08338029865494997,-1.532704583389775,0.7690727886679294,6545
6542,17,0.9154929051823061,0.07572227223856486,1.8212545356970353,1.3630425334246463,6545
6544,17,0.9234985145198965,0.07613366254365585,3.009529220549046,1.1745294584800012,6545
6545,17,0.926921380704895,0.07271488995685899,-2.789087300770987,1.5226755221398767,6545
6546,18,1.0,0.0,0,0,6545
0,0,0.0,0.0,0,0,6545
1,1,0.0612677068128159,0.01691955406457038,-0.28451831070402706,0.4878573281413306,6545
5,1,0.10470124629320654,0.09415420827601226,1.896497300420522,1.9700832179880405,6545
7,2,0.12619070555075784,0.026786490750147475,1.8646333539230937,0.7793389179076671,6545
9,2,0.12918421901200272,0.11033504912030921,1.9619083480682604,1.851182399969209,6545
13,3,0.14383209929285978,0.018394832769393667,1.033307024436993,0.991780541156532,6545
46,3,0.17634566063868307,0.07977113970923519,1.8048213627852663,2.1452676149993803,6545
71,4,0.19726937613922602,0.08026482307510888,1.8806662215293815,2.0963691641066484,6545
92,4,0.21057341996437684,0.05458616056383802,2.7197974745442193,1.859548170195656,6545
135,4,0.23010017655215265,0.0655491407613424,2.633852900906815,1.0989169741994076,6545
131,5,0.22862121745728403,0.08039158322031849,1.9832150875189076,1.817801757039478,6545
151,5,0.23338709636778998,0.08216747514839318,1.6533030122320453,1.7218826631861175,6545
212,5,0.25161242210677837,0.07982541861841061,1.3981492881184059,2.4143333978603594,6545
263,5,0.26328181446984167,0.06506523436829366,2.8071186249376807,1.5258314864917566,6545
264,5,0.2633379309801681,0.056989347076180794,-2.713389597138249,2.5591522048352586,6545
323,5,0.2749544962413344,0.05129449092413277,1.909373957129848,2.4782996379137305,6545
344,5,0.28214619841837296,0.10299047999572108,2.7988412018943527,2.270668735699899,6545
384,6,0.29039294177222263,0.11459070965697997,1.770916103216671,1.4482187995658986,6545
485,6,0.30738764696467036,0.061938347455172765,-2.9792223019016673,1.027765347270583,6545
516,6,0.31254745587719623,0.12225319904612097,2.6992528258780832,2.092509298158357,6545
539,6,0.31480694388119757,0.06926168163481408,2.81192124421796,2.484689772203356,6545
551,6,0.31740251807525766,0.0692757528529757,1.4193411666548463,1.861636593565569,6545
769,7,0.34673665403799137,0.07762959961645391,1.6805901198548154,1.1929319656881225,6545
834,7,0.3530222735349251,0.13814500349155825,2.8878823276668526,2.2792328421471724,6545
857,7,0.3555602919452844,0.07804552407050817,1.0996102820298597,1.933691296377754,6545
879,7,0.3575092983645711,0.036872701040732106,2.983407120137594,1.4572454899670528,6545
1012,7,0.3703283838163369,0.09719648700140766,2.927768070156568,2.260826302505656,6545
1157,7,0.3846818755051662,0.15816999281803318,2.8499039646508337,2.0752609527697587,6545
1394,7,0.40282354300497814,0.11034211205350967,2.3928650587299285,2.2536624785910337,6545
1375,8,0.40144741654265714,0.11725180442764042,2.4497875078012785,2.4009415011899726,6545
1443,8,0.40620545100392536,0.03933228546922275,1.9025480055063597,1.1542098975605095,6545
1687,8,0.4210735135063728,0.14037999487589214,-2.895267852648895,2.1433180534580405,6545
1868,8,0.43296773783489406,0.12152450405389205,2.6279464437067452,2.115283742817122,6545
1955,8,0.437249514215425,0.12859260392965755,-2.670316608227935,2.239230999346997,6545
2057,8,0.44318958648707474,0.09794449848268476,0.6723718736418902,2.2902579395378986,6545
2212,8,0.4520106208748993,0.1510228882282393,3.130807236939275,2.6476689131046296,6545
2189,9,0.4500060194051917,0.01741392554652176,1.0865860850560944,1.2866337061789863,6545
2249,9,0.4541267628404686,0.06287564076765365,2.0420975827951273,1.6801402668745875,6545
3298,9,0.5000755667934421,0.11146784393319824,2.1135134087720453,2.834969440619241,6545
3538,9,0.5096815053405575,0.07262712847680435,0.6588086550961474,2.753821338757651,6545
3970,9,0.5293948048423835,0.10111067027692655,-2.7245284441125746,2.8418567875041707,6545
2940,10,0.4847893096186725,0.03055924861973982,2.3790208955554633,1.4319879302078957,6545
3684,10,0.5149540216273623,0.025818695453850356,-0.719804848568562,2.230648413794309,6545
4226,10,0.5399168021813093,0.050970068114770194,-2.0600615705677807,2.7527341410122417,6545
4762,10,0.5691809245665893,0.11295372855279598,-1.1761815314089732,3.1306542262719756,6545
4502,11,0.5525660650848792,0.08802064640081356,2.4886464250683114,1.9862251236705333,6545
4825,11,0.5728049008103134,0.03984139843373201,2.0510920526428076,0.8167685254626471,6545
5092,11,0.5900471155387772,0.1300393193453475,-2.8904000896615774,3.1187318181705543,6545
5182,11,0.5964726698129772,0.05857176316784966,3.051398629642771,2.551441766125035,6545
5451,12,0.6193521298468551,0.051638087516236164,2.2527474706807515,0.6114564781255538,6545
5502,12,0.6232481047332843,0.08775813967738669,2.2565705931164,1.6007578716332538,6545
5611,12,0.6338679887679189,0.04579270361356779,2.752918111373555,2.7180319451401718,6545
5665,12,0.6389747682038244,0.11380886224293991,-0.4224547821445314,2.781899071446313,6545
5763,12,0.6481341964549834,0.1576939401398101,-1.6504472308040867,2.809659073624746,6545
5919,13,0.6692533247935153,0.04317895392453461,1.1484640199955873,0.908584538030156,6545
5948,13,0.6736538597912813,0.17181248261442353,-1.8668611915706756,2.7415618688101167,6545
5958,13,0.6757781358702749,0.07614624641588323,2.024350122940083,1.4042350058523332,6545
6067,13,0.6936932698331784,0.07713507050753678,1.6994535362022987,2.673332979123186,6545
6084,13,0.6963730897695414,0.10086491506680152,0.18793070943656998,2.751585670402193,6545
6167,13,0.7097080062628421,0.060400736201224554,1.3909179218426044,2.1579283462572683,6545
6250,14,0.7293585529334997,0.1557651911667813,-2.609402932315225,2.7330223723030547,6545
6255,14,0.7300573695919501,0.10012241662036957,2.5232608168296125,1.508443364188493,6545
6303,14,0.7404054064191549,0.0810448690738631,1.3380337227528087,1.9304907620093468,6545
6309,14,0.7409741890225223,0.10796648502563388,0.9603426736276024,1.1483052082609488,6545
6313,14,0.7414258435587258,0.03587243571171457,-2.0045439726010374,1.3268643026126445,6545
6322,14,0.7453352625375145,0.05721849992387512,0.14311981641133614,2.305525536139756,6545
6386,14,0.7637471876361508,0.08137430716518686,-0.559120211780288,2.668192585747143,6545
6417,15,0.7743096470981471,0.11995960798992387,1.237741230506417,1.1017013401752602,6545
6419,15,0.77522889006204,0.12012166876379994,-2.2666227830854617,2.707273122109282,6545
6481,15,0.8110375693130839,0.05661733634649966,-3.0020624592883545,1.577013588522259,6545
6482,15,0.8144498803110591,0.023274820313732677,-2.214125472030203,1.5363707328948513,6545
6487,15,0.8175463653327908,0.05848279141177583,-1.3476617076698532,2.393109731546134,6545
6501,15,0.8314889410717168,0.010720227946641762,-1.9165225740262612,2.396010578374742,6545
6510,15,0.8394656625893285,0.04690108124241309,-2.1663429680736375,2.268444319980502,6545
6495,16,0.8243156210117164,0.09868165203150246,-2.1076455240459544,2.8718214596603318,6545
6527,16,0.8689013119464314,0.046462276816886326,1.0032990507208568,0.6837625467176234,6545
6534,16,0.8810918806263072,0.0336035412467644,-1.3434726506327443,1.806163037034923,6545
6540,17,0.8961323337187235,0.046573893052992824,-2.7943523107546295,2.4155354217941394,6545
6545,17,0.9252979330186663,0.04499642516627069,-0.5523185300126338,1.2641214699106298,6545
6546,18,1.0,0.0,0,0,6545
0,0,0.0,0.0,0,0,6545
1,1,0.040650005995732874,0.039172109084260526,0.457601124777533,1.3180505664144504,6545
2,2,0.08976496954740332,0.04902015325158451,-0.006134651111874836,1.6065941091579377,6545
13,3,0.11916026330746954,0.06784852469679552,-0.34666505453292773,1.7937101914875793,6545
84,4,0.1995873455813738,0.11506364667575458,-0.14644575372818458,1.956676156146838,6545
153,5,0.23187741943444584,0.1082312486921139,-0.07033561330541734,2.0606273847158976,6545
264,6,0.26058053143748383,0.12711884481560384,-0.24086434877408566,2.1338204653871546,6545
465,7,0.30488959040703745,0.1276639205183356,-0.33294176903997325,2.292032894339681,6545
764,8,0.3475661631526802,0.10911456798574594,-0.24341584612654932,2.222732888139273,6545
1686,9,0.4255780098756009,0.1246277533079747,-1.1152899585308134,2.405950194896387,6545
2980,10,0.48858060828932914,0.14137063333965116,-1.5413928126450744,2.304133440725639,6545
3643,11,0.513737871308425,0.12905603752050582,-1.608541874608822,2.1565979614981745,6545
4159,12,0.5363766016952197,0.1279376927163331,-1.8163555118174717,2.1949794277140726,6545
5206,13,0.6001099639583621,0.07327401698296156,-1.838843214497848,2.1240586807142487,6545
5781,14,0.6500854144441842,0.07501262153348191,-1.8983429238602496,1.8510345450092778,6545
6129,15,0.7035892990405205,0.056341199129738714,-1.6610451143869507,2.1650842428652726,6545
6157,15,0.7096662966760777,0.08919846083957642,-1.6686846572333982,1.5977528736716458,6545
6224,15,0.7241311716677252,0.033976685448576044,-2.481467392891582,2.6004934318209734,6545
6336,16,0.7524261482657569,0.09896662417828471,-1.3362190028714576,1.3886647377580497,6545
6455,16,0.8039907021462275,0.03313452966101879,1.2586930835965346,0.5467429722638816,6545
6517,17,0.8605798669612946,0.04692823101874097,-0.3309069098188104,1.0153957421513493,6545
6519,17,0.8617637475635953,0.0584601528359734,-0.7292598871597883,2.174134206165994,6545
6539,18,0.9103772121776241,0.05476550442911767,-0.018772638141489256,1.5697677895185072,6545
6541,18,0.9119910152036199,0.04491263760276242,0.15324162346218953,2.0941309782471094,6545
6544,19,0.9605221244342105,0.031408722158033045,-0.43654524405823303,1.6170499777790006,6545
6546,20,1.0,0.0,0,0,6545
0,0,0.0,0.0,0,0,6545
1,1,0.0810026108531654,0.07596818712040303,-1.6550027985409914,1.2231257802901618,6545
2,1,0.08163440507337982,0.03706713288134087,1.7588247425455417,2.023016699712967,6545
3,1,0.08253406401888197,0.04340888932625105,-2.7099182115634735,0.907559628168922,6545
4,1,0.08501395503753928,0.07855266707612124,1.369779704168933,0.7182502343401694,6545
5,1,0.08520367268729723,0.07824693576776821,1.7026944769371388,1.8230915008780708,6545
6,1,0.0909647223996356,0.05799672080549327,-2.8614384436395266,1.565513852799933,6545
7,1,0.09527073460625801,0.07640776915086243,0.19720045624449692,1.0542476043612181,6545
10,1,0.09977411012064752,0.09124967726027287,-0.451702786956462,1.9419074857676593,6545
11,1,0.10860845923561424,0.07572565286169547,-3.0975720855293973,1.198504848000601,6545
13,1,0.11317099608706138,0.10072080591322058,-0.6518210626704891,1.157721553446964,6545
15,1,0.1174550919313404,0.11097755739846482,-0.15545698835736257,1.7650256793593482,6545
17,2,0.12431570931554015,0.06403504213328731,-1.7522340209293241,1.2162647413693486,6545
22,2,0.13749386521292406,0.04321304465636283,1.3599742551130751,1.120589464452312,6545
25,2,0.14343169507597342,0.10872189235700662,-0.8252759168842981,2.167060052221906,6545
30,2,0.14564936118369842,0.07537997793243095,2.1186807252157864,1.4213929255363058,6545
38,2,0.15931227487029076,0.12021102928027581,-0.38676421503031555,1.2930015656797147,6545
40,2,0.16185765521216777,0.11448969180645073,3.0410016083632847,1.3852812794403333,6545
47,2,0.169374881799902,0.1357206932702824,0.7694917364253161,0.5351420458981394,6545
49,2,0.16984910472389392,0.11917895969851527,-0.3145895494213769,1.4227129087936472,6545
50,2,0.16997692720356827,0.11369804590439025,2.9972826502314027,0.26616828328057546,6545
54,2,0.17902582323242855,0.12940741306579198,2.8977344330659305,0.5448344278092063,6545
51,3,0.17526412400689206,0.030025262781955504,-1.174940944533044,1.28855996752176,6545
63,3,0.18709665797507047,0.008898067008792877,1.5586605784049945,1.1239525994349562,6545
72,3,0.1957305197789283,0.08424705857987305,2.6036966384703777,1.218810966330895,6545
82,3,0.19997906358269157,0.11778961402791058,2.9539444567994475,1.0942780142936455,6545
101,3,0.2092212995924967,0.12105355079061084,0.47944395523888,0.3099033215530664,6545
106,3,0.2107328749848767,0.09239856700810224,2.365354637767317,0.6577935727673392,6545
110,3,0.21239755973175178,0.11857600770513728,-2.9507035187581603,0.5368598819644111,6545
122,3,0.21621821199665414,0.11525116374556349,-0.6131357899584382,1.1787105466838737,6545
129,3,0.21862878514549966,0.07246718840640307,-0.7842710892550739,2.025130029945909,6545
130,3,0.21885985828242083,0.10433886947332262,2.2005205859460983,1.581957573877928,6545
133,3,0.22002162601403152,0.0728772769942085,-1.7968340079169651,2.303744566293669,6545
193,4,0.2426019691687652,0.10815746848572874,-3.0287567240055093,0.38718955259074356,6545
198,4,0.24482100534522677,0.12538879366927602,-0.5428015345567182,1.0625283764559856,6545
201,4,0.24544987553664044,0.049850023284752285,1.8686940225188031,0.5439152428872611,6545
211,4,0.2494254778945103,0.10230025213548907,2.4159499434220653,1.414366045913021,6545
221,4,0.2543084388951452,0.15938938404201206,2.891700705159144,1.2964224865509348,6545
250,4,0.265252748803644,0.09707715329062258,1.2192350164438552,0.5094286148850043,6545
266,4,0.2683185653531278,0.07964742781481604,-1.8335781638248425,2.4060867871289187,6545
290,4,0.27346703776079284,0.10568504084773642,1.7902584385718132,1.2028269224749653,6545
300,4,0.27499670650389063,0.10781987239971011,-1.9411315911536948,2.237094849029753,6545
336,4,0.281251974033372,0.044468222994490623,-1.521215412660769,1.412879352408035,6545
350,4,0.28566685838502626,0.12939493946619282,2.611828334242342,1.702110403253153,6545
416,4,0.299498018405709,0.1406115244433664,1.3625319474214728,0.68611451696784,6545
363,5,0.28954529668895534,0.11415405781185176,-0.49205404348356263,1.2834412923777274,6545
384,5,0.29435424423305756,0.067015148749222,2.4803685898932555,1.4698793894625397,6545
422,5,0.30071174912854015,0.13281130202416186,2.675377864175079,1.6814712214918563,6545
444,5,0.30290700906409695,0.012745330728022223,1.8080330250545231,1.079824027474936,6545
457,5,0.30511302201011936,0.11357621915337962,-2.7638219484132693,0.8372830337405943,6545
470,5,0.30783434271968935,0.1543734336720222,-3.039740730179616,0.7241156441281882,6545
528,5,0.31490011874654866,0.1363488482573154,2.6907205240526224,1.9011096065095998,6545
536,5,0.31608221596221064,0.200591981349853,2.7038710203506326,1.394801176522979,6545
547,5,0.3180356645034397,0.14857499202797664,2.8399898249578843,1.6223381547888074,6545
553,5,0.31919759126989133,0.08243293576320328,-2.9759560507539615,0.4242634337561118,6545
565,5,0.32081507499577,0.16448580818088415,2.5354542016002135,1.2848010979379654,6545
639,5,0.3285437484149969,0.1486667263525921,2.9820826080452516,1.3011151199184683,6545
681,5,0.33328972140568525,0.15770654596419886,-1.8349691053764445,2.383456901097943,6545
691,5,0.33500949966124804,0.12154409469551988,1.284062542323346,0.898326534710305,6545
723,5,0.3395527086134813,0.08178133725882465,-1.9492617520777018,1.870231901847711,6545
767,5,0.34333958092937233,0.18698888564071986,3.025687002934063,1.6949138433601711,6545
916,5,0.36023222788059794,0.1393034972792478,-2.0262731653121637,2.338208197110669,6545
741,6,0.3410209044514294,0.057796632404490886,2.193190603830422,1.7003231180940308,6545
847,6,0.35240088163570404,0.03311742920795266,0.9431403455647894,2.4390520156105255,6545
934,6,0.36324720941597166,0.07259223314739006,2.745076654846116,1.6185805399902005,6545
960,6,0.3654202062022941,0.13366262325467837,-0.12644273754600435,1.4268468199354465,6545
995,6,0.36925447622548224,0.15408921438376047,-0.3842474275214299,0.7675387308694198,6545
1018,6,0.3713235585524004,0.15056183357435632,2.8203760138047165,0.4562328162371247,6545
1072,6,0.37658086068197805,0.192211208505945,2.4747789483285594,1.3569556368879803,6545
1115,6,0.38096175611278105,0.0908749555163456,-2.9827418797343084,0.9719517107752439,6545
1148,6,0.38327744076739256,0.10295885308858026,1.1604780940188053,0.6781732225991367,6545
1164,6,0.3844078988389805,0.1455144975961662,-1.9856936122007682,2.1966707603542086,6545
1188,6,0.38616943032494433,0.06333826066482444,1.591688552256904,0.8015573954128902,6545
1214,6,0.3885636600922806,0.10712631489821849,1.9976158954079406,0.8859989624709552,6545
1262,6,0.39245115117002516,0.11621071625704744,-2.750268311965212,1.1839611721605712,6545
1280,6,0.39332310466122955,0.1796959208742706,2.455370123275367,2.1603881923464656,6545
1315,6,0.3961807836295249,0.08534107809974534,-1.8315963100575092,1.2239103629539427,6545
1408,6,0.4042116630957797,0.15663096550740585,-3.0586176287330304,1.8191164998895246,6545
1418,6,0.4054060216679388,0.15749803195539896,-2.5300403003838436,1.4360905386733553,6545
1428,6,0.4059817298994113,0.11325900766517775,2.9608066094590746,0.7812421572141351,6545
1461,6,0.40841902116452633,0.11104365162482291,-2.648687628774229,1.4568972154673738,6545
1228,7,0.39040247211099954,0.1510355616275914,-0.07770907478358907,1.3754950568549429,6545
1406,7,0.40402896985234116,0.07730799995598707,0.6033193846140625,2.1104463955097277,6545
1566,7,0.4150763831515033,0.2057462223681233,2.41538535697856,1.4191465392424596,6545
1569,7,0.4151665518687613,0.12442253634888283,2.7772354405212796,0.6616724090985489,6545
1806,7,0.42955000845965874,0.13495896518097614,-1.8677244162371769,1.9382227854933423,6545
1816,7,0.4301103263504028,0.1194544220703055,-0.4358872249333608,0.9677757996688294,6545
1863,7,0.43346648895530426,0.10263655836069031,3.0663182500298043,0.8385725864567316,6545
1906,7,0.4359980998588918,0.08446572045470603,0.01027387032121488,1.450705544920038,6545
1915,7,0.43655546200828976,0.15500072589697156,3.077476147969522,1.7309641400561913,6545
2038,7,0.4429997411731018,0.04212171518012059,0.5156595120618933,1.4198508367028546,6545
2062,7,0.44430624635620786,0.11928870281662127,-1.9713469811210724,1.4035873500003153,6545
2301,7,0.45656626419475455,0.23130286020621477,2.6364731763418425,2.1176441881491583,6545
2347,7,0.4589657121329135,0.052058365732692805,2.226566614725527,0.3616103620709586,6545
2391,7,0.4606926082935967,0.13748151632897526,-2.803774905878851,1.3248215547001059,6545
2472,7,0.4648106728030398,0.1709196505554856,-2.6836995669270722,1.360570675686265,6545
2026,8,0.4425791493480761,0.19804308569167375,2.3286434174063966,1.4942528304082552,6545
2231,8,0.4526294434825793,0.09039353353169781,2.728793748144736,0.7734905987151404,6545
2792,8,0.47890895021550806,0.13470029058956667,3.13530511199175,0.6988085254928336,6545
2864,8,0.4818755464811899,0.2355771381971867,2.6400133027900416,2.0356641626716394,6545
3281,8,0.49914536928895525,0.1250483791390995,-2.9862344501479754,1.485125527768989,6545
3284,8,0.49917723573633543,0.15081804541788693,-2.1252653015834335,1.5572090175611708,6545
3449,8,0.5061191524308734,0.1677479614982875,-2.706109682307259,1.1315804951637887,6545
3473,8,0.5072416282209801,0.05063539228347858,-0.03457084392448185,0.6977280098732275,6545
3315,9,0.5005952095189812,0.11640983498162756,2.938541436204315,0.8275934684693782,6545
3636,9,0.5143447814900315,0.11868140984961628,-2.954988176293257,0.5773508000250024,6545
3723,9,0.517053319549437,0.24104822455458255,2.558789451891289,1.937501868592969,6545
3746,9,0.5179790449968021,0.21508850080107256,2.6529121443144863,2.0011717923721926,6545
3831,9,0.5219858279136753,0.1236122210752336,-2.9670904313840607,1.0435100853578292,6545
4066,9,0.5329660053054811,0.15585358916837877,-2.5642725907968495,1.1279124573879906,6545
4083,9,0.533706279215181,0.2443737819288065,2.3452690919527552,1.1945777084347189,6545
4086,9,0.533790344255469,0.1736808042005441,-2.1626032730153963,1.4011725304478715,6545
4091,9,0.5341219785372427,0.06587606969413032,1.1265773767074112,0.5716055921051449,6545
4182,9,0.5381820757692396,0.17721419161035756,-2.285697311174168,1.5989911332033584,6545
4246,9,0.5411152996020491,0.05839028707586508,0.0588282612767251,0.3991678273580723,6545
4353,9,0.5472136653499584,0.10455748667774238,3.0926249006632265,1.2245971782598906,6545
4496,9,0.5555714354932665,0.1053854712926919,-1.8890950493972698,1.4898469718061793,6545
4582,10,0.5603057561233202,0.2358527045003652,2.4382402250330935,1.228508260191334,6545
4711,10,0.5687823249819762,0.24619797187581544,2.3781869810599967,1.8441721349699574,6545
4857,10,0.5777357962789141,0.2412710676932111,2.675098144350318,1.7893454787678769,6545
4921,10,0.5811725611602755,0.15687002393398572,-2.6261053951936346,1.4112205642129858,6545
5088,10,0.5925024237664651,0.15660339806832652,-2.585062940982906,1.3375196276889618,6545
5097,10,0.5928947241601465,0.1888746359652472,-2.2731141574121745,1.4080060724947574,6545
5159,10,0.5977800897523338,0.17020046041049178,-2.51073558214776,1.1107681730612944,6545
5221,10,0.6011945840587203,0.03576096279822565,0.166720000837903,0.4758023889212327,6545
5228,10,0.6022248661427322,0.0760173324717448,2.6703049397532688,1.3166019204598118,6545
5293,10,0.6071571987838329,0.11358547277217021,-1.5963831809943014,1.4071243732370382,6545
5359,10,0.6132546640222923,0.11845220478768774,-2.511913749332115,0.8776078984994887,6545
5174,11,0.5985342287445607,0.2449467957795057,2.616941097458797,1.7720126322201675,6545
5713,11,0.6467283793733721,0.10088024853787793,2.895761281029877,1.5450082909769103,6545
5732,11,0.6495036990912685,0.2290190029957089,2.3132933118022967,1.5448377944141658,6545
5842,11,0.6628337969231345,0.06801728091805619,-1.008731519840622,1.2282855596300828,6545
6071,11,0.693086348389357,0.13605172548900651,-2.029664486676827,1.1920377363997303,6545
5975,12,0.6819859329522081,0.20980724856017824,2.373509373226026,1.5861058822638008,6545
6060,12,0.6920115313267189,0.07900146136920762,2.975346321146605,1.4293341879334887,6545
6078,12,0.6943418640263678,0.10476546587431446,2.804740652223201,1.878606668382436,6545
6080,12,0.6951740236627841,0.051214120731643324,-1.4741415237439595,1.10487615733282,6545
6187,12,0.7119674094519775,0.14058184747554053,-1.9935822834554822,1.3186483796874706,6545
6241,13,0.726545442493411,0.036482273495233294,-2.0527822396551385,0.9561153645828268,6545
6243,13,0.7267434269175846,0.09809427888390965,2.715973523089392,1.5828454583069507,6545
6287,13,0.7382166868974362,0.10399886246734785,2.929392533271523,1.4773737416551864,6545
6318,13,0.745899855944111,0.1776380849284558,2.1642556077512345,1.4347056096357407,6545
6400,13,0.7706499800558005,0.15451112615506563,-2.1015651514124305,1.6670378777079096,6545
6399,14,0.7704080841837789,0.11719603726066281,2.885183652048524,1.4513774293882942,6545
6412,14,0.7742495968387625,0.11255752847293304,2.565384089075795,1.4338480749755318,6545
6414,14,0.774660459538497,0.10855641118279007,2.712844819758386,1.3495786373580072,6545
6420,14,0.7764326907761342,0.1697041050056367,2.3111652833548826,1.3859433269768027,6545
6427,14,0.7801265072500686,0.02723908741666703,0.49495872691235254,0.5434459758332653,6545
6447,14,0.7885653018063536,0.15253978569753388,-2.142056734012672,1.6932970855040645,6545
6448,14,0.7892817779670696,0.051332365491131744,3.1178403975997107,0.595199085052781,6545
6491,14,0.8158377520801895,0.0759085331574308,-0.6969119807995424,1.1798101994572405,6545
6492,14,0.8179936629330398,0.08458929490788308,-1.2965078439603566,1.554315860138392,6545
6502,14,0.8255511373205567,0.06434117214767238,-1.677549471216779,1.5929621846262594,6545
6516,14,0.837487703987741,0.0579191412744739,-1.1355994311815427,1.7562884882464624,6545
6488,15,0.8115679856299348,0.16991631204502514,2.3746064651201055,1.4556578431590168,6545
6520,15,0.8416142886841921,0.13886797098373158,2.1495626520182527,1.3436848670385704,6545
6524,15,0.8471383486902362,0.03897685165954669,-2.795193593905567,0.9833746113516774,6545
6525,15,0.8510209251927872,0.03527305216897372,1.815723883505207,1.9820531853843508,6545
6526,15,0.8519810315095212,0.11341464700944152,2.5886942614787944,1.355403829359958,6545
6527,15,0.8540573528966607,0.0843598615988551,0.6881726740446943,0.5988377399093908,6545
6529,15,0.8620136415114507,0.05927868171928725,1.4374961642183102,1.0484140725091229,6545
6530,15,0.8712963878283051,0.07926059721055974,-1.250515220816923,1.5688366852381093,6545
6533,15,0.8778396763109627,0.0719479567706752,-2.330193643748054,1.8755576214233898,6545
6538,16,0.8966685238197023,0.05224619483108203,-0.4066922872425547,0.08058535776183949,6545
6539,16,0.9026535433948271,0.07709205153119295,-0.9527452233507192,1.577331089066551,6545
6541,16,0.9077651832790563,0.042491787177300296,2.023330299992087,1.2767891584825812,6545
6542,16,0.9252128387493811,0.05113764949347593,1.3584528862448093,1.3281460315485727,6545
6543,16,0.9265861427947875,0.07276057938341626,2.6706666946246362,1.4454434553136237,6545
6544,16,0.9386134147824012,0.019116764876298334,0.8999895577533058,0.9475925146831666,6545
6545,16,0.9393335705803108,0.052506459072376624,-3.111314172082846,1.7892947662398395,6545
6546,17,1.0,0.0,0,0,6545
0,0,0.0,0.0,0,0,6545
4,1,0.09093583542141392,0.08355644323996893,2.351278581178299,1.5171149061678761,6545
7,1,0.10419852003208752,0.10301272715272372,2.9032808117351774,1.1658216429144828,6545
14,2,0.12844028456754797,0.06832868922880012,2.127378731355525,1.1604099622236275,6545
57,2,0.17563615040415226,0.11996277181820705,2.465129785724622,1.171278601308464,6545
98,3,0.20294328004414763,0.11513714457764959,2.507419530940382,0.8739718486622577,6545
117,3,0.2111533863526942,0.10381812109758752,2.2393173189784945,1.2397205532077205,6545
183,4,0.23985732752887745,0.12185840066547511,2.1288635662295006,0.7939920160396168,6545
195,4,0.24328436640227968,0.1180445642476924,2.038342514035576,1.1379987852010223,6545
297,5,0.2747325612326963,0.11734464463959388,2.016635707092816,0.9256609727172617,6545
385,6,0.29196809267356993,0.13075519993448823,1.9280324344688005,0.9608184262808578,6545
433,6,0.30165027686693646,0.11649399549293313,1.8696002186863672,0.7965476865972898,6545
1150,7,0.3829992883694282,0.11055975989246815,1.3403849358563873,1.2937549138794588,6545
1791,8,0.427660691134492,0.08012770475721762,1.4013436337467455,1.3451034903425303,6545
2931,9,0.48501839614263076,0.09074907485625952,1.5106870617212693,1.9547620386475046,6545
3772,10,0.5188684380699377,0.058599258543310606,1.5981841896238589,2.0740100244343562,6545
4613,11,0.5582403552386324,0.04319967010371465,0.948913752516098,2.078399580049571,6545
5281,12,0.6039953757473069,0.06202370967423162,1.3654910851269568,2.8577741881489036,6545
5544,12,0.6254593284851747,0.025815009128647398,0.7625673329821177,2.46358365278763,6545
5917,13,0.6687221128638554,0.08795605404037934,1.6076105098386455,2.260109478683667,6545
6074,13,0.6909835369398438,0.07617223539189201,-1.20821000215432,2.8309373023972224,6545
6275,14,0.7321185711067181,0.05556791927595354,2.642827034129321,2.9418976015831833,6545
6473,15,0.803595308823452,0.06182726756902925,2.7957435602234106,2.3472612927235406,6545
6495,15,0.8182097718169258,0.08079883806174389,-2.7930468358846414,2.4150463935667608,6545
6527,16,0.8594488949585295,0.06425706361840595,-3.039071299497861,2.117931581343271,6545
6542,17,0.9025535980703556,0.028823429305504196,-3.047914325345649,1.6498644824200703,6545
6545,18,0.9467439016176067,0.018765502059299527,2.767216480711789,1.318606304071318,6545
6546,19,1.0,0.0,0,0,6545
0,0,0.0,0.0,0,0,6545
5,1,0.08098566995724976,0.06420648630890206,-2.7553804141626776,1.2949293738522523,6545
13,2,0.12328817307484097,0.09705687360805365,-2.8375299174327284,1.0700977212034872,6545
23,3,0.15706003349276165,0.10388322315864718,-2.6943848337620753,0.9399886020857224,6545
162,4,0.23456939389176656,0.08710700593699827,-2.8893931711006124,0.8656018033322438,6545
211,5,0.25171409793117305,0.0884324621213553,-2.806059749987274,0.9602964454700254,6545
404,6,0.3009423199448181,0.11635223300155575,-2.5411311297818884,1.259103817413546,6545
660,7,0.3372612920076613,0.14937829493680596,-2.6087348971575612,1.3481342559430232,6545
982,8,0.36907917143135305,0.14167597260637335,-2.6766265874238635,1.2352143412318257,6545
1371,9,0.40108573119790936,0.1444297550074051,-2.590105720961253,1.060021083778187,6545
3046,10,0.4917610383701525,0.13221654496680715,-3.127422393750581,0.6599571579315531,6545
4027,11,0.5304728533134454,0.09779009971524755,-3.0074935340482445,0.71184722457463,6545
5238,12,0.6007194118312854,0.05017278215864647,-2.9239222483667007,0.6306184853160068,6545
5725,13,0.6472931048351123,0.061612628193747264,-2.517964168759929,1.0598477600312042,6545
5880,14,0.6648197615306016,0.07139930261902144,-2.417873637611145,1.044022529712006,6545
6282,15,0.7342300231783364,0.0595275480492568,-1.7945731915723233,0.7704263621119735,6545
6304,15,0.7398703248838936,0.08524873511897009,2.799280761967594,1.0922954936314755,6545
6425,16,0.781287321295249,0.08569055196038297,2.4488814147265887,1.018313079798192,6545
6450,16,0.7944246401357377,0.07564576651973888,-0.5420168079678359,0.6986606172927294,6545
6462,16,0.8002745380573426,0.09034673318201933,2.875076436549935,1.5301741407200646,6545
6513,17,0.8352784446518158,0.09053099747114944,2.7770873456977765,1.6819361629085257,6545
6520,17,0.845291386323317,0.08807204017996698,2.674032068350758,0.7153275146117375,6545
6527,17,0.859802380072157,0.06145316714409238,-1.3989187881957688,1.004584127599427,6545
6530,17,0.8633320902065419,0.04853601360193252,3.0791337959952667,2.0411500301220635,6545
6541,18,0.8961350655607255,0.08860811377745477,-1.6355830264036608,0.998765115576024,6545
6544,18,0.9193148635396409,0.060294859934704965,-1.9606201334058257,2.664839366199404,6545
6545,18,0.9204051086301673,0.034138659230544176,2.773689215592616,1.5962581431015568,6545
6546,19,1.0,0.0,0,0,6545
0,0,0.0,0.0,0,0,6545
2,1,0.05734178712077942,0.030484494856271943,-1.9257820128272194,1.5202501558666617,6545
9,2,0.11373645691628143,0.05409235330833231,-2.2728659056049088,2.390724341890321,6545
31,3,0.15684434610414977,0.06438297868436288,-2.54058265211856,2.5579622428600777,6545
145,4,0.23068769848950343,0.06554516468715069,-1.1387474421032817,2.2025404779398405,6545
344,5,0.2845396845890006,0.05646962061255032,-1.2151560738592817,2.7434930131701756,6545
599,6,0.3258578145081539,0.07818345181049742,-0.6563692445594361,2.687200938471769,6545
864,6,0.35871617145907075,0.005549456573403398,-0.5315338396619568,1.3390480093015389,6545
1009,7,0.3727374250966037,0.06875269893788434,-1.302650660990215,3.009488212675833,6545
1493,7,0.4121334487062319,0.048928365612092954,0.5473396119504942,2.4841990876350777,6545
1861,8,0.43691924384779923,0.09876983702446726,0.5630548398281287,2.6031894438649177,6545
1873,8,0.4375094251448616,0.11507916003181372,-0.08322839112373097,2.6501602205969146,6545
2279,8,0.460082642840252,0.08524341424008527,-0.5150725961281674,2.823532516032995,6545
2447,8,0.466635462032551,0.0744480946956345,0.008894068228464943,2.756839443827917,6545
3169,9,0.49771153672654045,0.0821385934147856,-0.22623343142509603,2.487141963432327,6545
3970,10,0.5285056821909656,0.0649418576048484,-0.5631143723611669,2.756019872535342,6545
4808,11,0.5714120443392233,0.08376692005377451,-1.0300894300725443,2.5242324404215895,6545
4824,11,0.5722692401789357,0.10431219995070572,-0.4299418901342941,2.569481386186413,6545
5693,12,0.6385222881960178,0.15301121109690843,-0.855418668861143,2.376361936572852,6545
5777,12,0.647233610908419,0.1314050869781097,-0.6388251396449989,2.271028319586039,6545
5999,13,0.6723296414166123,0.1339986194192343,-0.7365559340631962,2.265723750055627,6545
6090,14,0.6906407647402081,0.13157988319976935,-0.7981949489044997,2.2453762627165337,6545
6265,15,0.7294447385685463,0.13694132426282946,-0.5243395548114224,2.1092427893277437,6545
6431,16,0.7862000611750872,0.08227089390177104,-0.5411046704067088,2.043642888592381,6545
6511,17,0.8368899086893241,0.12089677526083521,-0.8761134473907619,2.0064847259484213,6545
6542,18,0.9142145336252793,0.06269109810681744,-1.1922612169308922,1.9977541189442085,6545
6546,19,1.0,0.0,0,0,6545
0,0,0.0,0.0,0,0,6545
17,1,0.14493881144278464,0.12086977273294275,-2.27125563591285,2.5588102968497055,6545
24,2,0.15775453004245676,0.11557412343574998,-2.317256465098191,2.4687733469843915,6545
72,3,0.19803472784060294,0.12643196338884324,-2.1170550943978115,2.404990548510751,6545
226,4,0.2537888044844191,0.10863701369977921,-2.17710481496349,2.5081885154861823,6545
509,5,0.3109565469219594,0.0967891985271622,-1.6055982009104235,2.5119683083765763,6545
592,5,0.3227179609054791,0.11218546290261137,-2.1694355029352304,2.7716159368136823,6545
813,6,0.35065295774158667,0.10891766459467257,-1.4610729256899313,2.8694803425801867,6545
1052,6,0.37431766729750626,0.11399325926891123,-2.3437178625557404,2.5571212189462047,6545
1245,7,0.38844332677122984,0.1082476806171475,-1.0552388585019867,2.612890582360635,6545
1310,7,0.3927517792188451,0.12178618465537422,-2.3830778539627038,2.589785325149776,6545
2079,8,0.4427487047914357,0.14567538477353745,-1.227889398859964,2.5821504493340828,6545
2504,8,0.4640432506415041,0.10310648385269851,-0.7721281918180167,2.215513744518855,6545
2647,8,0.47079991973968804,0.07553746142154884,-1.6997694255230318,2.1088553993690984,6545
2651,8,0.47087183669714394,0.08295390164619439,-0.24706188189437014,2.0244829325324525,6545
3498,9,0.5072036290316513,0.09856430188749411,-1.8438290992355788,1.939372091922799,6545
3790,9,0.5198739193517058,0.08933525845718239,-0.5857259173707688,2.4962884515109347,6545
4108,9,0.5349349658916044,0.08155172807608423,0.1756252433258578,2.3172325048656,6545
4697,10,0.5669908143129998,0.11888961030977391,-2.31118061099989,2.0299577247310645,6545
4865,10,0.5786838250354008,0.08536042814851358,-0.21908750437404542,2.72115716819643,6545
5234,11,0.6048771856617051,0.09813235929331225,-2.4825464059172053,2.069293386913051,6545
5734,11,0.6496289551154889,0.04643138708629071,0.4936901862005288,2.6648719457962993,6545
5949,12,0.6760518238561516,0.14232217959666513,-2.351617940504557,2.1109939895310017,6545
5983,12,0.6816143910419026,0.12469194619498508,-2.2384400458442797,1.8920307019835294,6545
6065,12,0.6952791360802093,0.0957667071867356,-2.451084507450018,1.4159162806079952,6545
6108,12,0.7029815060059816,0.01555325999716076,1.1993172539345236,1.4125786450497535,6545
6186,12,0.71747447338797,0.07212020355725961,-2.507330235623585,1.420460893776883,6545
6115,13,0.7049717289306429,0.14892416351111937,-2.343980865771414,2.073330147470237,6545
6195,13,0.7201569461051288,0.12173194242363061,-2.383569258865802,2.0296097764422294,6545
6352,13,0.7593149937571577,0.03906951174480973,-2.289065769437139,1.000875221410453,6545
6490,14,0.8263383213311789,0.03960810255954389,-1.684443516453023,1.922400799042189,6545
6522,15,0.8578376003666198,0.03145553554833443,-1.1410033580421517,1.463256786561249,6545
6538,16,0.9109929729186742,0.017186544072882465,1.0181959656727333,1.8462055869036256,6545
6543,17,0.9291773775872946,0.018912119352542816,0.7385783746100676,2.621691930305345,6545
6546,18,1.0,0.0,0,0,6545
0,0,0.0,0.0,0,0,6545
2,1,0.11366873865640215,0.0440689428241211,-3.088882400947737,1.8918487101398123,6545
18,2,0.14877293994566088,0.05325909057897186,-2.57961289575227,1.611761929120713,6545
84,3,0.20872414980217724,0.060049597042164414,-1.8580507485299167,2.3758298594890817,6545
106,4,0.22127888679606778,0.07056845828295763,-1.8867280135929139,2.4491684063139965,6545
111,4,0.22751132759853043,0.06692705159493027,-2.13262825499814,2.5487745634220325,6545
324,5,0.29270456369183506,0.09541546490032174,-2.2215923376844686,2.576205364724854,6545
329,5,0.29466706597857406,0.11301005519750483,-1.1323628319238757,2.1499183563697826,6545
353,5,0.2982237550967528,0.10324936066914207,-2.4718736300511495,2.9254064502944024,6545
607,6,0.3363484429043845,0.12077523785482346,-1.291865936246305,2.0697707733377304,6545
670,6,0.3440127380188682,0.10055623224146526,-2.134476332338938,2.7926551540164364,6545
895,6,0.370059279170299,0.12344094120782476,-1.3973195578662951,1.7263434354087837,6545
1013,6,0.3799141516089739,0.17581141539475423,-1.4567609954130787,2.143357443055538,6545
986,7,0.3772976208298483,0.10232808563426174,-1.2489187191301516,2.145594509579261,6545
1140,7,0.39038432488648767,0.08053573886456711,-0.8167930465661168,2.9348388522480224,6545
1579,7,0.42314743955210377,0.19504555866667397,-1.5311416011273749,2.2690943153906566,6545
1729,7,0.4320434895230957,0.11510324292967472,-1.7850971015794725,1.7124284034702877,6545
1446,8,0.4140362753833078,0.06887018616078526,-0.8829618098582437,2.76910062449642,6545
2042,8,0.4489620507373321,0.1927020813562069,-1.6033261940334724,2.1694639631128974,6545
2664,8,0.47920099077916356,0.07580970589696925,-1.9266422518259094,1.8430844064681373,6545
2609,9,0.4771243717537823,0.09227320366144107,0.36255328480340837,2.688705875786875,6545
2782,9,0.48425365427586664,0.09058623453058387,-0.9432084596870735,2.1627063296824227,6545
3446,9,0.509388459466514,0.09914964491945767,-1.893294560343252,2.329772387025594,6545
3457,9,0.5100246655139137,0.16595519665540778,-1.7417822332220387,1.891614696007181,6545
3771,9,0.5227700538373043,0.0808228779756052,-2.3062652902642555,2.105490042040017,6545
3896,10,0.5289976219618092,0.17447284865700616,-1.7905076671710274,1.854160671888023,6545
4044,10,0.5363726031418571,0.06761891462147629,0.08034734195475059,2.1603997990559494,6545
4085,10,0.5381024909098977,0.0798541689293133,-1.4607894633490572,2.2274586564088845,6545
4315,10,0.5486402353800848,0.08534712124409034,-0.5516671587711175,2.023415733363816,6545
4534,10,0.5618961496537687,0.09624090877863486,-1.9917998047179826,2.2433778243000195,6545
4529,11,0.5614759288137233,0.09480566353449008,-0.4961931720912935,2.0346423508573177,6545
4881,11,0.5812463234321051,0.061326336511742637,-0.646956601916646,2.1227378499728244,6545
5331,11,0.6130176160701936,0.10288167878705587,-1.8398943868492903,1.8189465956194815,6545
5219,12,0.604773040149615,0.1008962884288313,-0.8669320654923419,2.0340385940060632,6545
5424,12,0.6194800279138758,0.08193842113649889,-1.119742973784905,2.3286836883438147,6545
5756,12,0.6509145042471688,0.07485930276483238,-1.5783383705517413,1.7357595529802394,6545
6012,13,0.685873192887074,0.1274173092061869,-1.3083092233338158,1.865847973359951,6545
6102,13,0.7033284968234066,0.07229002583593588,-2.160525442982747,2.2002574171307003,6545
6172,13,0.7138184692125723,0.1219427872971347,-1.6185649383861762,1.7743474529672987,6545
6300,14,0.7381551007087019,0.06487918390246852,-2.4802340826761355,2.0123151629123748,6545
6320,14,0.7439239602107214,0.10362457815939125,-1.6832723876786368,1.6088642361633936,6545
6454,15,0.7983516331592829,0.07985104855718467,-2.1117732585953997,1.6966798547075588,6545
6490,16,0.8266648887287896,0.06474890562240482,-2.2143425569545414,1.8328533964627147,6545
6534,17,0.8716376110444269,0.09202988602161036,-2.0176971619469715,1.7516173642690775,6545
6543,18,0.9346014322304668,0.032782628142240214,-2.023864792560206,1.6305675432938096,6545
6545,19,0.9724759584295266,0.010065471031157807,-0.026281839645609324,2.2398314730943976,6545
6546,20,1.0,0.0,0,0,6545
0,0,0.0,0.0,0,0,6545
2,1,0.10150449983867682,0.09197330825184505,2.4505651099533843,1.0714923253107704,6545
24,2,0.14062434359682896,0.08778590939252491,1.9683313007509267,0.9289659585805196,6545
31,2,0.15342237466675235,0.0863308011963213,2.364902018079236,0.6302164957236173,6545
87,3,0.19609736319421778,0.07454206918616846,2.4267134911529453,0.7497382015122136,6545
189,4,0.2414049315831187,0.08176143960167083,1.9656821836452316,0.7549695025178274,6545
204,4,0.24720188771377472,0.0959200316144527,1.6624881174582387,0.6484665277547157,6545
462,5,0.30382152046361544,0.13730688055396953,1.7606391425789831,0.5716244446552827,6545
660,6,0.33518921426618387,0.14907730836766792,2.0713297739156213,0.6659135076955771,6545
1279,7,0.3939262974307901,0.14193136871115924,2.5626931861267166,0.5364164655562446,6545
1525,7,0.41061747282663263,0.13797700469799054,2.984061771136136,0.459665242092821,6545
1791,8,0.42812491505867345,0.14587996895784264,-3.1040802534759173,0.5088809974979226,6545
2053,8,0.4427701605386415,0.1881416512860132,2.748170190479181,0.5296544349260817,6545
2421,9,0.4628611830635172,0.19693279993370721,2.769399134131277,0.5684671398606285,6545
3419,9,0.5050065246221637,0.12486752054393423,3.0573012745780423,0.8385280055022079,6545
3239,10,0.4975228486810055,0.1849678914319132,2.73639502130117,0.735215090024593,6545
4101,10,0.5348754773439646,0.15609348251558125,2.6213857292368283,0.564865702535475,6545
4242,10,0.541649911113829,0.12488948114382538,-3.0015544527639553,0.866158931211173,6545
4303,10,0.5443004187493644,0.17357779067424445,-2.9255998904347833,0.7004723638444033,6545
4283,11,0.5435718407386924,0.18953301875378617,2.697623336384682,0.6103659976897385,6545
4745,11,0.5665492145776633,0.19156561051645787,2.9408803943499513,0.7176626200101986,6545
5029,11,0.5860470558160207,0.19609890744896225,-2.7964951450994513,0.6048962116315821,6545
5108,11,0.591657613815635,0.13207882575134997,3.1333107464187955,0.39548820608140506,6545
5173,11,0.5963594433555739,0.15716104162443864,-2.917720305325617,0.7714369701119197,6545
5405,12,0.6150546685067168,0.1988464019992486,3.1385454474700145,0.6032133290345193,6545
5580,12,0.6286924977605324,0.1808170571330103,2.381440592003665,0.3662205703505513,6545
5635,12,0.6348210219651488,0.16619790646390545,2.6591163536184963,0.7479170388910823,6545
5638,12,0.6349485579092319,0.1122053394233262,-2.5005290295244835,0.26574250653497616,6545
5737,12,0.6455896290386817,0.15103139060116205,-3.001913493581574,0.5755039339247771,6545
5937,13,0.667958254432418,0.2151432148781395,2.147101280524053,0.34696997074606534,6545
6077,13,0.6924078440150399,0.11868727731609745,2.859867935177345,0.4569649650742979,6545
6100,13,0.6956323465344589,0.13958497864903263,2.780711390121226,0.6271377447060782,6545
6197,14,0.7132771307448014,0.19277951307521132,2.6297410468477715,0.3697385655624889,6545
6268,14,0.7283972106968378,0.13126236549980436,2.7656465451091012,0.5985621557594272,6545
6276,14,0.7314871684596983,0.1708869878020083,2.818752770585991,0.69639392533515,6545
6411,15,0.7773162228395342,0.15602632871930916,1.9440113720042278,0.12610926508360176,6545
6415,15,0.7791997642459728,0.1506131690404935,3.042417534344399,0.5801491673184196,6545
6462,15,0.8112424460056208,0.11599142902728025,-2.4430614359634935,0.7619898029694178,6545
6450,16,0.8007246887575051,0.13727911805210366,2.103256833631676,0.1855874211107347,6545
6453,16,0.8019725307845428,0.14791098363944027,-2.974239316594321,0.521279149846077,6545
6473,16,0.8164169649606883,0.12235251580791168,2.9737501241119944,0.7496867565698426,6545
6507,16,0.8469159660281328,0.09963407409259181,-2.483201869294774,0.794336410750331,6545
6491,17,0.8325442624782664,0.13136857741116142,-2.600997651988284,0.47548541449758125,6545
6528,17,0.8699953371580436,0.104276411878684,-2.6433295597284894,0.9139933060911942,6545
6532,17,0.8810480661982085,0.11668881333645785,-2.9567471890629715,0.7913410691618139,6545
6540,17,0.9044259219057751,0.07455302820813603,2.6309497921463554,0.8920253282270242,6545
6543,17,0.9130881354606897,0.05741923865292727,2.039955579298794,0.7577609972483775,6545
6545,17,0.9189089665338679,0.07424311697980675,0.16335486906457442,0.8896888538836252,6545
6546,18,1.0,0.0,0,0,6545
0,0,0.0,0.0,0,0,6545
1,1,0.04880583134835026,0.04425100724512223,-0.3967983497287633,2.7096073523215787,6545
2,1,0.06310782460030506,0.062429910973689946,-0.3440872033412273,2.3192203014518,6545
4,1,0.09462286987769197,0.08972125841489395,-2.3691233764862907,1.0293281273807302,6545
7,2,0.11174594159777229,0.04506709651837829,0.2726123759072609,2.0675409921217462,6545
16,2,0.13381994248980755,0.11101875849833565,-2.452026621671736,0.856947285240719,6545
44,3,0.17325670613385402,0.11539151859436833,-2.764434752571232,0.7690093613097665,6545
50,3,0.17850017615641312,0.07353058842677948,-0.7742235353095751,2.6516364384250934,6545
65,4,0.18775552660253558,0.1120342792600846,-2.7905694072455285,0.7417272670681284,6545
133,4,0.2250219606521694,0.09512771697266573,-0.6192288511918844,2.583807050542748,6545
180,5,0.24487568721534647,0.09919122532995645,-2.6860410370470524,0.749947551085979,6545
236,5,0.2599137071340636,0.08085079555181791,-2.267548338370093,0.4726293143205057,6545
270,5,0.26771057588149894,0.09162688592106466,-2.150445113515734,0.8333389754617353,6545
358,5,0.2863638639560303,0.12440236277794278,-1.3560796217752935,2.5390581714615137,6545
412,5,0.29478800918898385,0.14899348176206256,-0.7430398632212152,2.8174686433975604,6545
553,6,0.32024757574682206,0.15329018778231843,-1.1509470406477473,2.8088102970406217,6545
579,6,0.32278057789876535,0.1399226551161853,-1.3803240896663067,2.786653998215464,6545
699,6,0.33862522634520054,0.03671241548608163,-1.0009697343319737,0.6709637696730502,6545
713,6,0.3401524811771297,0.11654465623247427,-1.7544781702604477,1.3411062454944895,6545
1213,7,0.38926571307786517,0.1383971231127839,-0.6733434682675637,2.55436205788411,6545
1367,7,0.4016464939056984,0.0667096527768967,-1.4683354959280415,1.3320191588985224,6545
2167,8,0.4528308613330153,0.06397985393278216,-1.4900364751720976,2.077998550514912,6545
2319,8,0.4596398927225226,0.09722671865475115,0.344261787863288,2.8211788813703067,6545
3262,9,0.5009230057536576,0.12460821809593493,-0.11464062364445701,2.7439918731481785,6545
3314,9,0.5032180239718966,0.025561540925714357,-0.9322554191740303,1.6848098983793736,6545
3621,9,0.5148667923077522,0.09149955367807923,-1.1165621431912673,1.9565642940678267,6545
4318,10,0.546710091815168,0.10736484307375808,0.614207971542392,2.9587512431567964,6545
4602,10,0.5630049330464357,0.05891945093179951,-2.3396741490468718,2.401616981534202,6545
4809,10,0.5734475341946248,0.07430654640074526,-1.759129571397014,2.244600514054366,6545
5531,11,0.6267730446072927,0.10571805579495588,-1.7934039072143486,2.716224783078622,6545
5858,12,0.6642832650060252,0.11363296544428059,-1.9770829652682536,2.471151707760085,6545
6025,13,0.686062829737678,0.10818040145789222,-2.003350791824899,2.3001649631469876,6545
6221,14,0.7237255275973871,0.08332450933730126,-2.242382976126424,2.4653045372221896,6545
6390,15,0.7696027905524292,0.06822583229904117,-1.5934200946330768,2.763022649472652,6545
6482,16,0.814437684667199,0.09511374755973002,-1.61746165798259,2.381561533377537,6545
6496,16,0.8240273543894525,0.09319630742868396,-1.349065640138544,2.2191115119092424,6545
6527,17,0.8714800547937164,0.06319382140449298,-1.2387372669643066,2.2249828701384873,6545
6534,17,0.8864164695976389,0.07303635425555485,-1.1314378537728242,1.9511012001976475,6545
6544,18,0.9377968199148652,0.04020214621654517,-1.631694018055097,1.4965319642631598,6545
6545,19,0.9693958119418061,0.028080266782225888,-1.99483927007318,1.329703913302971,6545
6546,20,1.0,0.0,0,0,6545
0,0,0.0,0.0,0,0,6545
5,1,0.099375754533644,0.09040361209009445,0.5678062765400647,1.2960435743380834,6545
21,2,0.13618502572410496,0.11706203150778163,0.4828962751006806,1.5223882971700722,6545
104,3,0.20582839495900962,0.13948915751836444,0.9441495561699967,1.3891317443207947,6545
127,3,0.21645167538757437,0.1814131639826384,0.599184337894708,1.6643586638622394,6545
216,4,0.25263681825934936,0.1548381570486058,0.9714645521611525,1.606564937472518,6545
246,4,0.26120736429600877,0.21125582049987862,0.5712926301615359,1.5306160207816082,6545
293,4,0.2741587836675381,0.17303340687535074,0.6302680280430513,1.3386054714313675,6545
412,5,0.3015442953976821,0.19142769722653727,0.6413994556915548,1.6644395140004296,6545
565,5,0.32515510781377965,0.16504254179981573,0.8210391734045009,1.4867612420982697,6545
1085,6,0.3830640510629473,0.17679384255793867,0.562079868527472,1.6554478934333758,6545
1371,7,0.4053924156895501,0.17821780918997107,0.5966675126098705,1.6894240331251804,6545
1375,7,0.40552410518288473,0.15865004899376475,0.5469070554363371,1.610420904325478,6545
2310,8,0.46099706741584334,0.1496567995903996,0.6175219998015237,1.9294718970125642,6545
2474,8,0.4685372703397447,0.17321847945366517,0.7301750173446045,1.5064999884010186,6545
3508,9,0.5134657889544927,0.15349317924551356,0.6468108797598447,1.619222826811821,6545
4324,10,0.5483223747418852,0.16017523548027202,0.6727763436519327,1.5356343611447714,6545
5190,11,0.6025542976553248,0.13396735355160908,0.7415458069858906,1.5415654918485988,6545
5846,12,0.6642869584238479,0.12264473439903577,0.46584533367027786,1.8766639052923009,6545
6136,13,0.7049442039323336,0.11534865159214873,0.13435142107767775,1.8028021444040256,6545
6297,14,0.7366753425656423,0.13103748108289584,0.15936255766925755,1.85836446564728,6545
6405,15,0.7742769180438284,0.14110693004973238,0.10532696433685236,1.6360714773399498,6545
6524,16,0.8569852500743108,0.075999904357721,-0.02738843211289534,1.310031317854103,6545
6539,17,0.9101700646589604,0.08773458346825364,-0.3669964645028609,1.1663646649251054,6545
6540,17,0.9108530840602383,0.083362481087083,-0.5714866082957246,1.2292966010552842,6545
6542,17,0.9155592922364324,0.05220279351714552,0.8408376935193027,1.1202241654002638,6545
6543,17,0.9209037371852047,0.06509516600537486,-0.6682069770341832,1.5138597017877067,6545
6545,17,0.9328571293944213,0.06622141333932992,-0.2353879049722604,1.3762687905246784,6545
6546,18,1.0,0.0,0,0,6545
0,0,0.0,0.0,0,0,6545
1,1,0.061737190482812454,0.05724073586282133,-2.610717215862772,2.2859036163729387,6545
2,1,0.06427512584849249,0.06348898716525295,2.3274438693132895,1.0307615965172698,6545
3,1,0.06613376410295912,0.058362491274538325,-1.6797972671440806,1.6700655774337105,6545
4,1,0.0817255442057776,0.06082380940536566,1.793409629679695,1.770267404149941,6545
7,1,0.09907724631163906,0.07504703747847709,-0.8614585200771956,1.7794078099272368,6545
8,2,0.10056107865854913,0.07442853222865241,-1.3585520226529528,1.849478296772677,6545
11,2,0.1116433450755917,0.08048699800299104,1.8892372926243677,1.9840632318429792,6545
12,2,0.11231572142815371,0.07370407035054569,-3.0064437977173255,2.618427304318115,6545
14,2,0.11666552292429788,0.05649557507842025,-0.8836322430644388,2.195584563274961,6545
18,2,0.1274739636286515,0.042193000070617805,-2.905037516422303,1.9795428023767525,6545
26,2,0.138658457394913,0.08579041617713884,-0.7464234805409006,2.227406153763465,6545
30,2,0.14467458760700214,0.12889714230360352,-2.139684492710011,2.2135091319016116,6545
34,2,0.15117521312588533,0.08495796198364332,1.1122912699718532,1.6084878293237421,6545
35,2,0.15439287486500064,0.11419362006084653,1.466443186057727,1.4836712051595455,6545
36,2,0.15554369817311353,0.10891791996682587,1.1834897269383742,0.8886936107954216,6545
31,3,0.1459328826254468,0.06951809443901984,-0.9472844360072379,1.3855201744005186,6545
50,3,0.17045124862820094,0.05027412468798374,-2.0492829643580617,2.3203204118714718,6545
52,3,0.1714304832688145,0.10370897711483619,-2.539219865874523,2.7619941575626625,6545
53,3,0.17211240688206286,0.13176715672211894,2.144156464524891,2.0575488599906904,6545
54,3,0.17355733960453357,0.11381832039367665,-1.264472924212381,1.6728630006865568,6545
56,3,0.17395771570775997,0.10369719307645194,3.1019361298599497,2.1600138647034015,6545
62,3,0.1830418313986817,0.11317011017791104,-0.48418891515785134,2.341348765776093,6545
74,3,0.1914797988145518,0.09185539016839635,-2.0275851149422377,1.9797094392734622,6545
79,3,0.19658218085745016,0.09578038255363383,1.1659502390682512,1.524908252361189,6545
82,3,0.19933041750803415,0.12005402114842169,-2.727770893167153,2.3500119594041844,6545
105,3,0.2129112423944719,0.15338540516358837,0.8992920470389479,0.8146346732689793,6545
112,4,0.21614157627579822,0.12519103514428187,-1.3729381734043578,1.7959169133988453,6545
120,4,0.22032969032335048,0.10704120732805059,-0.8761790329187878,2.5039055714939966,6545
125,4,0.2248431133224409,0.08230270015328668,1.0460256397736205,1.6450943321921128,6545
149,4,0.2337566677037336,0.16739471294041774,0.9970971623010457,0.7785497008299975,6545
161,4,0.23845894492133735,0.14872321614672465,-2.569283580126997,2.667236629979066,6545
222,4,0.2581848567693934,0.10900841091979682,2.574594006365357,2.4978214966270973,6545
233,4,0.260723422678925,0.1777413076234274,-2.9415509263963306,1.9763804685195052,6545
241,4,0.2625191104117416,0.1330343057386659,3.020977467788951,2.155435486181393,6545
276,4,0.26987132269923897,0.0801176564265368,-2.7350382439375753,1.9266474247662735,6545
285,4,0.2734991418470135,0.09946567313788933,-2.8767518395639318,2.478931192739573,6545
299,4,0.27639106033817307,0.13462757495578212,2.872989384585133,2.0067734376471384,6545
340,4,0.28599764831000996,0.11159557067716919,2.8608984459744913,1.9313691508431141,6545
200,5,0.25123386889145793,0.15294503874571203,-1.4894214498282659,1.699133150229362,6545
228,5,0.2603306070607033,0.11710557145566722,-1.5499728219181854,1.769747081292626,6545
271,5,0.2688164687986554,0.1156254672035206,-1.439816903098384,2.8457644404594067,6545
422,5,0.29937731836218684,0.11319007853363304,1.130565463807123,1.1055659874009114,6545
441,5,0.302469261592915,0.1183755917226025,2.9901418085588642,2.6103674453956196,6545
448,5,0.3034753976868033,0.18719889558570815,1.0649955456912117,0.95755643630842,6545
495,5,0.3127089919773881,0.12463041620793318,1.4299707146204104,1.018668776794801,6545
522,5,0.31851713295704387,0.1558913841314672,0.7445538149480962,0.8172253232588493,6545
625,5,0.33036729086048267,0.12136813863130079,-3.0411251315061123,2.0570515049024594,6545
399,6,0.29600828817913627,0.11453686279408633,-1.645385968247703,2.8338862347348073,6545
568,6,0.32409238027687703,0.11923875991400697,-1.731114932170869,1.6244623178166637,6545
945,6,0.36421528708905193,0.1406445602279839,-3.0615382261398496,2.2659146386644657,6545
964,6,0.3667241155513469,0.1520881012286588,1.0026982747446045,1.01543096075978,6545
1017,6,0.3713969892563561,0.1534514135454152,1.6576877534568086,1.0630831282488424,6545
780,7,0.348284643067008,0.13828412490447267,-1.270677142278316,2.905233113435752,6545
890,7,0.3599546333637337,0.08805682617073837,-2.194871017426192,2.639357499831844,6545
892,7,0.3601413887190186,0.11640616944791463,-0.26158456746884434,2.7270380107571612,6545
953,7,0.36482022215719767,0.09762505316922311,-1.6620247020884604,1.6691010812121156,6545
1140,7,0.3813555568621687,0.1637820387267208,3.0748398266269983,2.841284134767094,6545
1522,7,0.4092533647670701,0.13923958513830278,3.1316269874938794,2.1342214585667625,6545
1595,7,0.41417550423329996,0.17459163888702106,1.2374020362990432,1.0623239185486983,6545
1673,7,0.4193270784255234,0.16322568155775813,1.531561964803742,1.2552865712491599,6545
1325,8,0.3951920074743204,0.12150882821409441,-0.7660306136747834,2.9050279032742754,6545
1449,8,0.4040631758789279,0.07632953282894735,-2.7806193484009816,2.653473938015628,6545
1476,8,0.4059352549210775,0.08655900322054905,-1.5215862326755099,1.9435225275682348,6545
1784,8,0.4264915661534864,0.1431266675211851,3.1122917494800797,2.09741995970843,6545
2032,8,0.44180124476574856,0.12279297204606039,-0.38804266131153564,2.046609750241072,6545
2110,8,0.4462183648225154,0.13844197371291292,-2.8294809139668913,2.553895472434908,6545
2279,8,0.45523983028521064,0.19575091540544526,1.2732947850284277,1.223596944326209,6545
2305,8,0.45664046426130134,0.17747465852545066,1.2918240913268642,0.9208139168806443,6545
2490,8,0.46636839985032785,0.19215361744434697,1.1189908418019705,1.0062099209541753,6545
2788,8,0.4801150366519593,0.15787589709206384,1.5336839845959394,0.9933616811810442,6545
1851,9,0.43117063768221153,0.10967536097812358,-1.3150557457967356,2.7938727201201705,6545
2364,9,0.45976832188770633,0.047804949131841766,1.247519830493808,3.0074246890925638,6545
2627,9,0.4725476812289977,0.05797386173091037,-2.5417230736638694,2.0671801833623284,6545
2629,9,0.4727055177214968,0.10795883666497166,-0.32967806585085957,2.235757566705465,6545
2689,9,0.47555595362185255,0.13582733091815072,-1.9727087639658307,2.1157046948646405,6545
2732,9,0.47719571705642116,0.1077144043288959,-2.898328832397816,2.029235472713543,6545
2797,9,0.48050326759851614,0.13054453825199808,3.1325838696106207,2.389237652215754,6545
2855,9,0.482971672119744,0.10511801546542764,-2.951109132793885,2.4859150113445145,6545
2866,9,0.4834696493870685,0.06686321361519443,-3.0253088582558427,1.865763503719727,6545
3231,9,0.4977257195599841,0.18918369062185755,1.4628570754627928,1.2988224776445265,6545
3650,9,0.514668352082547,0.1865474128783422,3.101965938977655,2.0008179473544687,6545
3652,9,0.5147574343222632,0.18284079560776734,2.9930363796108055,2.00130491989272,6545
3707,9,0.5179430775434656,0.16055588792022188,1.302590080888734,1.0448164402562699,6545
3884,9,0.5254064930440483,0.14076522928653454,2.7991475555558263,1.883820353448978,6545
3885,9,0.5254139475835155,0.1846249215285663,2.6975520090750322,1.8751450826743974,6545
4123,9,0.536945385361348,0.1642901866759961,1.2198197765642795,1.3215844408465403,6545
3068,10,0.49153421621064486,0.13095515393394996,-1.9426498631049918,2.7665737523760052,6545
3532,10,0.5093619730793955,0.09475195443368888,-0.22434422892472225,1.9108508879181516,6545
3599,10,0.512202876634917,0.13578642945592884,-2.2414479602604747,2.1846223347262437,6545
4126,10,0.5369914431268392,0.16767501243143548,1.2679555658414372,0.9606491376770351,6545
4204,10,0.540889307044203,0.1731784903560438,2.9366736967506943,2.1184735209010324,6545
4236,10,0.5421539758623063,0.1512649074665341,1.5507716806288425,1.3219904091132215,6545
4268,10,0.5435763172291702,0.18369490557387677,1.3227673983922745,1.3675112479381006,6545
4642,10,0.5644853122792776,0.15550312517099332,1.119237308518028,1.2495752494106735,6545
4646,10,0.56466702651511,0.21273588218905173,2.9111206800539042,1.8923682303888973,6545
4793,10,0.5743146115617982,0.17453121628489715,2.770262213100879,1.953584084080211,6545
4999,10,0.5874846851888966,0.12881893112963297,2.9291026650881786,1.952366446156127,6545
4453,11,0.5533886019501235,0.06280896758860138,-0.2847811839335646,1.647075653695083,6545
4751,11,0.5712826605770707,0.1302670298903693,-1.8309978239871652,2.3595962527133616,6545
4784,11,0.5732923519531066,0.1285920366021972,-1.9478850015480436,2.3040276765623364,6545
4804,11,0.5750534429496015,0.1367896780264035,3.0067654180787677,2.529241421529643,6545
4944,11,0.5828483358649222,0.15110321133580107,-1.436345786767994,2.3612582174457066,6545
5010,11,0.5880874588259779,0.19308102803918956,-2.6030465753928134,2.272231572080112,6545
5351,11,0.6146714100488258,0.16520960819613265,1.32280167979035,1.4091311939657098,6545
5402,11,0.6183765147224183,0.18896734102469723,1.3819394763125201,1.5540900874504917,6545
5457,11,0.6234418485639184,0.16448912045901845,2.947418362466325,1.9297525555303705,6545
5098,12,0.5955167350923695,0.15280874579450973,-1.4033112035385347,2.3186446061822,6545
5325,12,0.6118262872433281,0.02713993092555203,0.769656667251164,1.72706906014095,6545
5326,12,0.6119198201296236,0.130119886459555,-2.0556318321469824,2.4423847129987224,6545
5406,12,0.6187202062555724,0.18170416123255276,-2.7464539890703157,2.189550848129943,6545
5477,12,0.6261144438947841,0.11324636414754441,-1.4911522375661055,2.044580047075668,6545
5657,12,0.6427123512584211,0.17052203789090808,1.3968496901460636,1.4781326691052865,6545
5734,12,0.6514902764478818,0.0967181074920081,2.659215075445891,2.2246933997517284,6545
5740,12,0.6518839395046536,0.17497092906167108,1.2251249598148644,1.4909003814571162,6545
5941,12,0.6730410098126367,0.13301867055913644,2.9518381079403144,2.1709785738522656,6545
5719,13,0.6494127285205298,0.11671184895353527,-2.099723442881037,2.6423855329622437,6545
5759,13,0.6533489744772585,0.1400658310663745,-1.3297841374797017,2.159565795091225,6545
5835,13,0.6610934705008051,0.17326293808901147,1.2615095862332781,1.513364877768116,6545
5881,13,0.6658440708552142,0.16352865283859727,-2.5224224727630657,2.200240723136279,6545
5911,13,0.6694210594510662,0.16997113476906453,-2.811906191165854,1.9331262422383353,6545
6021,13,0.6847085688744626,0.17352127331204562,1.4620831014856164,1.391972558830941,6545
6047,13,0.6884304343889066,0.12095479643247047,2.924584878040645,2.1612659530180003,6545
6087,13,0.6963100368665156,0.08158227831708888,0.7614783776778447,2.0671797826418405,6545
6102,13,0.6995597208458904,0.08532929952958643,-2.067925211879087,1.8873951772381712,6545
6166,13,0.71092439130871,0.04514226703145129,2.728532288262211,0.670778615449744,6545
6116,14,0.7015577492876863,0.1583680902794075,-1.6130613429207334,2.2905958068728607,6545
6140,14,0.7059907469288567,0.15379499811675026,1.2424533568569218,1.319159028681272,6545
6173,14,0.7122020196894658,0.13578670416794855,-1.0584552472077524,2.04425423053149,6545
6176,14,0.7126970741595462,0.1491772366569474,-2.7890846706158596,1.8447511756345123,6545
6257,14,0.7294284713379716,0.1690167494000267,1.4259103284647276,1.6279937584738233,6545
6264,14,0.7305745015347048,0.1332382575811067,-2.0094576304022387,2.2991642686512623,6545
6271,14,0.7327361835908552,0.12472141104749702,2.6506838932413226,2.3397874940025036,6545
6272,14,0.7328503268289527,0.14079598036928168,1.3274604108107273,1.592399384990102,6545
6277,14,0.7343015144702708,0.1879832999443607,1.105770694057674,1.8092495845419458,6545
6293,14,0.7386840117521235,0.18447143763379992,-1.233465269354351,2.8507071529903,6545
6296,14,0.7396463494719957,0.1841186865209848,1.2283432992297822,1.4793615378043226,6545
6299,14,0.7398959391424191,0.12125119402304467,-2.686909764640947,2.315623516388581,6545
6310,14,0.7424694672209249,0.13439026634309065,1.5478899776850636,1.2608218751686298,6545
6333,14,0.7484775779575406,0.11442126812678209,0.9571880623914951,1.6277530339938102,6545
6337,14,0.7489973717061699,0.0822266258829508,-2.8535282023183326,2.0656709433826794,6545
6338,14,0.7492724217642713,0.1581564687240049,1.2218481992997638,1.8762070529981183,6545
6347,14,0.7530802089478587,0.09896592061919658,-1.6102268917837603,1.9979029381978588,6545
6351,14,0.7543150927123665,0.12939981002284323,1.0596875421026823,1.9995896564815085,6545
6395,14,0.7719418682031642,0.044193269932009775,2.958706455709545,1.0413933984656485,6545
6348,15,0.7534399759592211,0.13722331432259016,-1.8551613462892942,2.2988244938730684,6545
6365,15,0.7615330207773698,0.17504040332403265,-2.589730959273228,1.6801530001362532,6545
6368,15,0.7625505428807716,0.13677126715652074,-2.72909985260607,1.6401785029931537,6545
6389,15,0.7695461121489228,0.1253432880789424,2.6944793830183977,2.32145048583162,6545
6393,15,0.7710879232134066,0.16176016719431582,-1.1854190865311167,2.8118869254581678,6545
6407,15,0.7751993902238985,0.1306094313986714,2.657176630232293,2.1860285270096567,6545
6448,15,0.7907464065330039,0.09512897823305355,-2.3876857305427532,2.1163774754391187,6545
6449,15,0.7914293276487608,0.11471603644574488,1.1774047630970859,1.7850240857390816,6545
6453,15,0.7933673564245527,0.13780072016446757,1.2762833903432504,1.487590732142651,6545
6465,15,0.7995814487523881,0.14963829969357026,1.2107600296810264,1.8361228385186241,6545
6468,15,0.802490965995787,0.08437503260150475,-1.8489672955265846,2.0083926561081036,6545
6504,15,0.8211514273585043,0.033067887491515596,2.9539626533447576,1.6144767300014942,6545
6479,16,0.8081742814431963,0.14467333344837274,-1.7395306291183184,2.919612495772399,6545
6505,16,0.8231911463897731,0.11599246704502113,3.116003564742558,2.0615551819139233,6545
6524,16,0.8505679212571488,0.06591844080405018,2.932971601993465,2.34314385019834,6545
6529,16,0.8572444931946426,0.08666638322858779,-1.5343908031539888,2.1530346289512408,6545
6530,16,0.857273709948889,0.08515387051427219,0.7729048164188145,1.6879839664385599,6545
6531,16,0.8586438102410254,0.0750788965488705,-1.4515701784554345,2.1119631050701186,6545
6534,16,0.8687639922841872,0.08819899400804543,1.059109410749415,1.9515822317693075,6545
6535,16,0.8722098824065189,0.07228315224217383,-2.9262973083668586,1.6222878407296215,6545
6540,17,0.8883926914002466,0.07950998207710762,-2.9147847213430795,1.6485797786327478,6545
6542,17,0.9095951453850837,0.07922701302914135,1.003074862609072,2.6772300331564916,6545
6544,17,0.936767041770445,0.05778747191357207,0.31303920527183665,2.581985930008363,6545
6545,17,0.9537307108049605,0.04187732517937377,-0.39657510448647465,2.7218759308004645,6545
6546,18,1.0,0.0,0,0,6545
0,0,0.0,0.0,0,0,6545
1,1,0.06948565661164263,0.05705901314702647,2.972714012304746,0.6744536590620842,6545
5,2,0.09343462992594476,0.05725626128399206,2.735970564080505,0.9479351457304898,6545
67,3,0.1869032682938474,0.11351415059694284,2.2454276769763815,0.9844910631041621,6545
94,4,0.2013761003998723,0.11783110645960716,2.277741653529724,0.9150808818862609,6545
290,5,0.2716186486393577,0.16392111740125456,1.836936496584836,0.9389217888384558,6545
472,6,0.30909698808623254,0.17399942678676558,2.0186794498865157,0.968436723660078,6545
687,7,0.33709765914283485,0.17399468419078842,2.038758236541238,1.0843574357861345,6545
898,8,0.36144712373045007,0.1530039453777412,2.099766723593222,1.0817868866118237,6545
1749,9,0.4279232810556364,0.09321226324813084,2.1841629455617726,1.3106657822543573,6545
2363,9,0.4617726732370322,0.17081506075588415,1.8685703794168256,1.536638119329886,6545
2451,10,0.46605155260580067,0.09551318770111673,2.283454340857848,1.5159277190356648,6545
2701,10,0.4780608159789118,0.0639965019215719,2.4236602554004296,0.9672182237250032,6545
3239,10,0.49904241442628594,0.06589288378953292,2.1456902028922404,1.2901386235612964,6545
3545,10,0.5113064770948192,0.14854565253146798,1.727270274856847,1.3310086270440649,6545
3153,11,0.4955510839958631,0.053510017817374016,2.581671098364565,1.152231588035057,6545
3968,11,0.5279707881529769,0.12239145625767808,1.9631905989955576,1.7615263471302458,6545
3970,11,0.5281148207043257,0.08451628501341812,2.378755379408179,1.307177624766475,6545
3987,11,0.5286850334881233,0.08241666478748196,2.7033054854501057,1.6262625453212414,6545
4074,11,0.5327248078276036,0.08011219083016768,2.799898948771769,1.6853086619387734,6545
4353,11,0.5456891138184158,0.1254457195422316,1.9751981899928548,1.4679175755251421,6545
4592,11,0.5580260807308991,0.17116616951937122,2.1616504576015827,1.6719899699459848,6545
4773,11,0.5680780227254063,0.13307730893832145,1.9276729208799348,1.2907222601291917,6545
4385,12,0.5467770210538712,0.027699790799297106,1.763575512238547,0.7151517033300243,6545
4518,12,0.5529697163872546,0.035970988560325164,1.9770723711362774,0.5964934358306582,6545
4899,12,0.5755592352065784,0.10557263726468764,1.9327992317381555,1.079251762738122,6545
5022,12,0.5838406386121677,0.12790294672550084,2.353555475103502,0.9596647220017553,6545
5265,12,0.6004324155192808,0.1522710344614457,2.042349872385912,1.3565087004581426,6545
5340,12,0.6065388621555324,0.19886691774551118,2.057495840510732,1.6560890076756452,6545
5363,12,0.6083089244843404,0.0699715170166702,2.8830413902568734,2.0806026433153804,6545
5459,12,0.6159957226543105,0.14845856918311257,2.045014594300156,1.4902091155137498,6545
5411,13,0.6115259869836746,0.029791748120910864,-0.03406841719802144,0.6051369502665024,6545
5422,13,0.6123696595192378,0.0775125870916898,0.26531990066336736,0.6554946250882532,6545
5559,13,0.6254757722567986,0.07196278762568355,2.8780352627927885,2.2752676593876586,6545
5580,13,0.6271088958358841,0.03926368641867828,1.970787923434792,1.33335617277149,6545
5602,13,0.6287851590932299,0.13703895106794672,2.649885641123424,1.0152685466499338,6545
5707,13,0.641076949042885,0.18226879732658804,1.9657886368093096,1.2946037084350197,6545
5916,13,0.664211641106722,0.16684103888471205,1.9712373784719366,1.470364215838339,6545
5921,13,0.6648356821333281,0.15390538570359838,1.4107720054974437,1.4123788852318235,6545
6035,14,0.6802601492295824,0.09289961969814714,2.3097552988467753,1.9791522283850504,6545
6044,14,0.6818397004249953,0.0319339424182917,0.3269301980533246,0.348636668652921,6545
6098,14,0.6910463029430145,0.13383057687954733,2.6196520618660664,1.3995050947820564,6545
6131,14,0.6969032014637867,0.1594471655149227,1.2415467936663027,1.4091580152840657,6545
6213,14,0.7134712423362358,0.14162681059617754,1.9273564155155356,1.3389476202742596,6545
6195,15,0.7105175399823694,0.12397712214377718,2.6949038708705952,1.4968850095962372,6545
6270,15,0.7255274781949141,0.04248622887034107,-0.29831889588504146,0.7594944775868689,6545
6272,15,0.7255964934090169,0.10486838383571918,2.058149100640554,1.7989369626194187,6545
6372,15,0.756168311600896,0.12977710434006776,1.4640150765848676,1.6786429906351938,6545
6426,15,0.7778719414800286,0.1410122592696744,1.5644744004106177,1.5807224952542582,6545
6424,16,0.7774142154139358,0.0538058448500477,-1.803778748666339,0.8439722451814793,6545
6445,16,0.7848534169422788,0.022295195589825373,-1.3002596956177022,2.1395280213178087,6545
6451,16,0.7876259200289302,0.09654863902267626,-2.9236412111945262,1.4642213484966276,6545
6456,16,0.7894643469900364,0.08883537301071563,2.920202497143679,1.808320190136956,6545
6465,16,0.7941449735528248,0.13998201467143442,1.9502450087935645,2.2090848544717288,6545
6481,16,0.8026476873215471,0.12878054223562801,1.6400105180226432,1.6096752195571746,6545
6507,17,0.824379613823864,0.13014582634373328,1.6572300089112066,1.624013396885993,6545
6518,17,0.8428621142935205,0.039481231490863605,-0.7082466597307695,0.23322076859927937,6545
6519,17,0.8431127567681798,0.09899723391993367,1.9336640778509968,2.146482606589922,6545
6529,17,0.862518597172663,0.12348635296565627,2.4119179961467143,2.3021774192432773,6545
6531,17,0.8762736297543073,0.07144425344587585,-2.4873007873145734,1.741054241436607,6545
6543,18,0.9441428404438164,0.04220386864466075,-3.103537582433437,1.9362559400515378,6545
6544,18,0.9520632741226837,0.040647424079188484,2.4710513336133606,2.4139104660925566,6545
6545,19,0.9725484014866203,0.025525539902554586,2.895514013250589,2.4790524650330243,6545
6546,20,1.0,0.0,0,0,6545
0,0,0.0,0.0,0,0,6545
1,1,0.09887617426513506,0.0374012779304656,2.9202518612648496,0.7562020200688433,6545
2,1,0.10418156870529072,0.08234841908983773,-0.8986777064209686,0.8387396906771254,6545
3,1,0.10883694577466452,0.046505916686085946,0.15372762001363643,1.0973252611580566,6545
5,1,0.11330551846269898,0.029572696122942964,2.0654875224295925,1.9369913741765072,6545
6,1,0.11746518252967153,0.07510118436178455,0.4654319858734067,1.2558601823235098,6545
8,1,0.12440468347844813,0.11367184031319122,-1.1535004248028498,1.0904105846372338,6545
10,1,0.1286631967817332,0.0972299461414113,-0.09307886305949037,1.2697625840292286,6545
31,1,0.15974193983604956,0.11542215391581358,-0.843700270393961,2.1703870942566503,6545
32,1,0.15991848364689298,0.15778283496070414,-1.0841142932276526,1.1709603366660752,6545
22,2,0.1488839228617833,0.04166583119058691,1.9363018335434286,1.0398687024175473,6545
25,2,0.15239904055744558,0.0640174353914493,1.755841300248575,2.022907163530209,6545
36,2,0.1645944511047076,0.04327243303744774,1.9744319846914518,1.946094570566124,6545
40,2,0.16832794141827156,0.079597356857571,2.355723020406972,1.441219999651268,6545
48,2,0.17471774501683357,0.06541494662577858,0.5908143047135153,1.3406951466644375,6545
52,2,0.1767753225790092,0.0606281761814823,0.26393961100897506,1.308580052399763,6545
53,2,0.1775519260218874,0.09360445594863029,-0.7832741443298624,0.675292843135601,6545
65,2,0.1911288323025213,0.14492055100134502,-1.1859352882684828,1.0367949826256122,6545
80,2,0.19931745834232606,0.1163795829553387,-0.7958821584144228,2.412463970144768,6545
81,2,0.1998484201980798,0.11900364501444015,1.9318799180150836,1.137611296199042,6545
83,2,0.20295570071407643,0.08908277132733136,1.0908547918987808,1.2668340807593066,6545
113,3,0.2166513612526193,0.10993141515390756,-0.7448582527525892,2.388510065467036,6545
115,3,0.217519434665843,0.06604078430090517,1.7763010442601777,0.32163787708549463,6545
118,3,0.2189618098756304,0.10431739496973547,-0.7536405850685088,1.0436047567505875,6545
129,3,0.22399164594757337,0.129793190954314,1.8344239819466368,1.790026702559151,6545
139,3,0.2260223126321338,0.13793114947142843,-1.3533130299304215,1.1557190765053196,6545
152,3,0.23210449627647767,0.10749918078324358,1.8388405569686164,1.5117490483537503,6545
162,3,0.23661993884085863,0.04266759180131545,1.981686971836377,0.7905956165266035,6545
166,3,0.23779495553170726,0.08738472403157695,1.7216868187794425,1.6285908120939878,6545
182,3,0.24230696200237833,0.05893979121348996,0.9634692857151601,0.8811926500600402,6545
191,3,0.24484387506692762,0.10888549286142403,2.166473500935365,1.0402906414953876,6545
196,3,0.2464563210854568,0.10485670565371044,1.092853748943219,0.5104954037027508,6545
225,3,0.2557886116313812,0.06128573136664865,0.9729548395433513,1.72587860476654,6545
236,3,0.25869702875790945,0.06818468071722902,1.194558202365127,1.6479388157116053,6545
253,3,0.2642442388479409,0.06838817948048977,0.636134832799784,1.1745547982133688,6545
246,4,0.2610990828438897,0.09753583175062484,-0.7300576880734755,0.6449784640484221,6545
282,4,0.2704351293459093,0.13047846154227632,-1.075295849882324,1.2126584391762072,6545
288,4,0.2711947786234006,0.10294480975468268,-1.3249437974533385,2.1785236299490935,6545
294,4,0.27319561950787896,0.14781265910197164,-0.5115529469376583,0.8924159928108196,6545
396,4,0.2934337020677611,0.04323640293947782,-0.7410010321018495,0.45503526422026214,6545
431,4,0.2993977392314584,0.08684812367894525,1.9241242527932458,1.4461466346444545,6545
443,4,0.30075702390566383,0.10703190471311398,1.74295388260277,1.2967875300356786,6545
513,4,0.309878238450202,0.1419268965382709,-0.7713546837195298,1.3017242538029137,6545
578,4,0.3201407042704133,0.09966329374261383,1.1474624000822236,1.239390119432661,6545
479,5,0.30643703922064314,0.14490253260336816,-0.5820038906703645,0.9985995893565142,6545
538,5,0.3143576490208284,0.1351438475747545,-1.2772391878118785,2.131849024109369,6545
562,5,0.31864563902171694,0.09757719286844647,-1.4091477904248577,0.6208555638806403,6545
566,5,0.31872384167609413,0.13729284472080716,-1.4638437079129332,2.054115114598251,6545
586,5,0.32143524074562346,0.11999199970004801,0.01830821914278776,0.7737476459037731,6545
739,5,0.3412291302971383,0.14644582628399516,-1.0026257124092455,0.3521485736186517,6545
764,5,0.34416709047184746,0.13864940219146796,-1.2545947971856293,0.5409532247439326,6545
787,5,0.34645481128668154,0.09399238589230732,1.3935750900465995,1.131105807178169,6545
876,5,0.35714266350639623,0.1123553913015375,1.7685021943694925,1.0816334527456308,6545
905,5,0.3590922009516524,0.05195056953426724,0.6950969433122905,0.5227367264286532,6545
956,5,0.3636259893982383,0.0651309462560109,0.33167828341145233,0.2654994477387082,6545
1029,5,0.3705562960196881,0.15830199432702846,-0.7120503296860929,1.5776971975408713,6545
1049,5,0.3733121140835488,0.12095309355895942,1.9017781438224497,0.8112242590307639,6545
1080,6,0.3757577982336412,0.0944226209488394,-1.506530229994841,2.0941548245265404,6545
1213,6,0.3860764140071571,0.16821363374953724,-0.6980546891659626,1.5393524772637548,6545
1218,6,0.3864870466234158,0.17152598371327007,-1.5524896071069492,0.5109364010339784,6545
1278,6,0.3916787089335637,0.14003820043742501,-1.2477203217818558,2.40376854396697,6545
1308,6,0.3938687105891905,0.1914705857057936,-1.3217516389377215,0.3730728924389347,6545
1345,6,0.39657377441375896,0.03533861593916471,1.8864305224245443,0.7434967177640026,6545
1388,6,0.40023934861506694,0.11516930480560773,-0.3289259092612007,0.4161833966594085,6545
1495,6,0.40794722283770934,0.11449153911120107,1.5477979055932303,0.8269652806819219,6545
1496,6,0.4080081194875056,0.08473403612718984,1.075697838630171,0.5940164342502707,6545
1836,6,0.4288725705045511,0.15751440489132568,1.5712787656132259,1.0587857833632701,6545
1548,7,0.4106313289630359,0.19366478052987673,-1.2848641533948297,0.31693670615405106,6545
1822,7,0.428178523668573,0.009169025740800823,2.8434810361987246,1.1501767974293546,6545
1841,7,0.4292034837753864,0.18679112020624397,-0.638488372361469,1.5731480120721435,6545
1927,7,0.43420203078181996,0.08725886568918872,-0.3375992743736212,0.5378956564964619,6545
1965,7,0.4364098520725581,0.20326122706318878,-1.407016848295807,0.6822538760174228,6545
2150,7,0.44582971831910956,0.10633320581510954,-0.9409107453999737,2.462967088645666,6545
2475,7,0.46339056846522175,0.15207146164207708,1.315751965971423,0.8962141659146212,6545
3068,7,0.4896698272058293,0.13698825692848746,1.2773344556362642,1.114271648035213,6545
2546,8,0.4666409130688979,0.08568404478544282,-0.2767496164421475,0.7332626603204598,6545
2888,8,0.48233894312687187,0.2036460148376612,-0.641514922843609,1.7383584221717914,6545
3029,8,0.48782383087872105,0.04485461375079082,1.0385637869653537,1.9917320300931822,6545
3148,8,0.493512458093752,0.17485931276130756,-1.4540744562678374,0.4312280205131647,6545
3593,8,0.5117719100326141,0.15829475479367125,-0.7950684223889427,1.9539749114520264,6545
3655,8,0.5146889270030338,0.09134629471335101,-0.15176429530575997,2.314258629186848,6545
3933,8,0.5283278961895659,0.158263795927541,1.3910860017992903,1.1130387146313807,6545
3605,9,0.5124624818338555,0.20237736021205766,-0.5740427483321472,1.7011836989275944,6545
3871,9,0.5254701738344345,0.05755198910696974,1.3072080036202356,1.7092246645835354,6545
4045,9,0.5336538387232844,0.15339814173376717,-1.400740971773111,0.4725116158731619,6545
4239,9,0.5418653746020256,0.0826866067881471,-0.4075842983391241,0.7197878463309628,6545
4574,9,0.5591865246106158,0.16202345451706957,1.3180848170890136,1.2779209078462974,6545
4587,9,0.5597562334071756,0.13757852233288015,-0.6333152434150825,1.96479018507978,6545
4685,9,0.5670240957946356,0.11462773423280175,-0.43656152921913255,1.7125726691949836,6545
4789,9,0.5729911898504413,0.10452905786688593,-0.021044091239613857,2.226304593461293,6545
4973,9,0.5829315625028388,0.14988515228321994,-0.24841276105073531,2.4718911187357238,6545
4793,10,0.5731382585215381,0.1498543023044114,-1.1401199633942256,0.6126802785485955,6545
4871,10,0.5774193273983846,0.07871626696939377,-0.2748976951402735,1.054449354859924,6545
4877,10,0.5777168133044314,0.08392969668636596,0.6905731836478282,1.6495909530619493,6545
5168,10,0.5948502096585627,0.15099717162848802,1.2277157003504442,1.4187194846997364,6545
5269,10,0.60318497659,0.11684733624322087,-0.06555178668207332,2.236827590662843,6545
5347,10,0.6097676445188946,0.12535832106656875,-0.10761155094492086,2.288624888866618,6545
5506,10,0.6236719656427709,0.1349684415766833,-0.3657317496838221,2.254160900846108,6545
5565,10,0.6282675138964514,0.1456282104866994,-0.3635710394031702,1.9550972538283464,6545
5341,11,0.6094011527025743,0.14217645528356793,-0.7699726852252448,0.49797006921869863,6545
5549,11,0.6269933330275547,0.1505632267413674,1.096710286325002,1.4176467375139565,6545
5671,11,0.6378536222221008,0.1010286656310303,-0.25643109735831154,0.9935870604936591,6545
5908,11,0.665839651623295,0.08864323971030962,-0.5422297636182759,1.262675887328266,6545
6108,11,0.6984139610031721,0.147063660669475,-0.03013949029015569,1.868093504464846,6545
5775,12,0.6492108568107205,0.11169496373896429,-0.7478082364882254,0.6907718763844279,6545
6143,12,0.7039064104126911,0.1695338220666922,0.6634376350638885,1.5369197246297932,6545
6150,12,0.7046428234719434,0.10511217155645773,-0.6443144801491089,1.3897258338412066,6545
6163,12,0.7076849212654984,0.14902397158215208,-0.0342871810062219,1.8287798012497172,6545
6260,12,0.7271350963210892,0.13779964702511227,0.08407433251067527,1.382121539206853,6545
6357,13,0.7586793402894457,0.13750292208488765,0.43666344654830136,1.3914892155417866,6545
6360,13,0.7592190890505459,0.14206196628593837,-0.1151616399342664,1.3177011181857234,6545
6447,13,0.7980650118104254,0.09905625997693207,-0.1823062688381074,1.5086167382553153,6545
6445,14,0.7965825377723023,0.13148883108614137,-0.05122155210566062,1.5379970942191206,6545
6456,14,0.8032112148345436,0.13324374352112348,-0.14837902167612688,1.5248035435843912,6545
6469,14,0.8086030190426914,0.10945594686893524,0.33717410675535703,1.583654719930517,6545
6502,14,0.8374855822188462,0.07327574523124737,-0.2501561670911757,1.745598805671031,6545
6483,15,0.8190514352079898,0.13987031301005173,-0.19681699797765786,1.5573906243758369,6545
6515,15,0.8526149151696436,0.11316763424655264,0.022658941558080653,1.731804553567501,6545
6524,15,0.8690627166720015,0.07366340370698327,-0.07581531896716405,1.720718752378188,6545
6540,16,0.9256519149481407,0.07028659606652353,-0.19930341328129836,2.031223079646461,6545
6543,16,0.9281102828823922,0.05188655149339266,0.05947199214902642,2.424690783282771,6545
6546,17,1.0,0.0,0,0,6545
0,0,0.0,0.0,0,0,6545
1,1,0.08204719941740768,0.07279236196637173,-1.07367184804952,1.2886672038285738,6545
2,1,0.0958297705829324,0.09260773313849581,1.4298886705783718,2.2819339471647804,6545
3,1,0.10788350566624527,0.09890127883978705,-1.7544697364956363,1.6013749861636808,6545
4,1,0.10979328133797983,0.06999917623995064,0.8280773739042159,2.0341314705730302,6545
5,1,0.11004809695069095,0.1046640225744829,-0.9513417245023733,1.5354634734186399,6545
6,1,0.1148968131109096,0.05941555710079977,1.929052102617306,1.307219698525263,6545
7,1,0.11709468075453744,0.10784496971621353,-0.4144501774267727,2.4094553567152834,6545
10,1,0.12895864709778726,0.048471883207236464,0.9890955048211906,1.3505137735416566,6545
18,2,0.14516657367479713,0.05022678780945441,-2.1223042595539927,0.9787364795897968,6545
26,2,0.15182486683097685,0.0807409178260657,-0.9082424739823727,1.9917954989154139,6545
29,2,0.15297525291850367,0.08893007051289846,-0.06642260248327433,2.6406246736039494,6545
31,2,0.15619946307091215,0.042681811229701404,2.0657390005895135,1.2625430480433397,6545
34,2,0.15893700819364065,0.05257556873898027,0.26812834281925446,2.499548282300374,6545
49,2,0.17085647248182523,0.09848430624945693,-0.8501394439373304,1.750790465406685,6545
50,2,0.17195744379146438,0.12728689711914368,-0.8719850537314627,0.7210305544211852,6545
57,2,0.17577530814397468,0.053233971489347436,1.4037638217618262,2.0454704927895864,6545
60,2,0.17722004561518712,0.033870726122206846,-1.4966448096883946,1.5168266074392756,6545
78,2,0.1888201800643613,0.1252869703957352,-0.9227474562697838,1.8297463403702254,6545
55,3,0.17532115013525718,0.07840417176738436,0.08714717287662986,2.7953157970068774,6545
80,3,0.19042710408226504,0.059149236639293494,-0.4414039847409036,2.5154481567194975,6545
93,3,0.19665993273218074,0.05328664565402018,1.6194514140389231,2.1797904640738306,6545
135,3,0.22229393813716858,0.15462451122459006,-0.45119097006472525,0.7398079662560454,6545
146,3,0.2281542267037283,0.07182470623504471,-0.2876228348613344,0.786757906831372,6545
154,3,0.23050454676673648,0.08384209607729873,2.3651073961086393,1.2666796455984664,6545
161,3,0.234050727430407,0.122802875322502,-0.2515769213106826,0.6650478113357848,6545
202,3,0.24493901773450266,0.0852070915948558,-1.1411492033027557,1.5602123049948657,6545
157,4,0.23324821207838298,0.05424079601707873,-0.008695912824207862,2.0814143746403,6545
300,4,0.27094322851626207,0.06439186679338714,2.44718724796663,1.1377645300315797,6545
335,4,0.2778978214828205,0.0770532016930442,-1.5015889284003299,1.4456281046145805,6545
459,4,0.30363043243818355,0.10585033326137132,0.043070024923871235,0.8721923262296057,6545
541,5,0.319034601868048,0.07204494236078715,-1.8671136741684105,1.1085610748340293,6545
555,5,0.3203821801380854,0.10714738533467723,0.24171615811554226,1.1920053153792343,6545
579,5,0.32296085529440743,0.06096786411459694,2.579481610137667,0.8344348463336586,6545
642,5,0.3307460580592839,0.07022902663408365,0.8353546946148039,0.9776562639240038,6545
734,5,0.34372573904662374,0.11206338020372489,0.3403161033874688,0.5870622922432998,6545
992,6,0.3697920061438935,0.07048994298832002,-2.607151357284115,1.14730292343955,6545
1097,6,0.37887454551114885,0.09977336360946369,0.8715732121129117,1.1392116632462845,6545
1181,6,0.3872865057425843,0.08093771442713776,-3.0935417236995715,0.6533739036989125,6545
1225,6,0.39054632563980973,0.14187045820394753,0.6592285831976241,0.4565606208791702,6545
1589,6,0.41801890020244825,0.15768903825920613,0.741040067173007,1.0137882125051494,6545
1748,7,0.42807115793462336,0.07171612478216921,2.873570332117884,0.7582092018406149,6545
1868,7,0.43505602816131794,0.07984375951772349,-1.8700460572711861,0.7442052807249916,6545
2229,7,0.4543508703232336,0.14543984994713455,0.8891996194530789,0.843070947995628,6545
2133,8,0.44883968244997363,0.07439325264344462,2.614533794226068,0.8062470927337956,6545
3313,8,0.5040251400311393,0.14019108696909333,-1.722908916066396,0.83891164492121,6545
3427,8,0.5086015636713476,0.13008350846511701,0.7607001175612543,0.7463205618808733,6545
3504,8,0.5117034090787445,0.14339374639005187,1.0651554337053035,0.715835826700654,6545
3740,9,0.5215198531210532,0.04973598276014598,2.960443181166687,0.9118096081316582,6545
4264,9,0.547256473144659,0.11370342768181939,0.8595573422987085,0.6405930481613005,6545
4484,9,0.5566667232538769,0.14825913474597166,-1.3351852856265,0.69188358365635,6545
4760,10,0.5713433266385651,0.10353478980073612,0.9916811910589562,0.5009329167163699,6545
4947,10,0.5824162308201174,0.07625667486552314,1.99933102785927,0.4025854172448812,6545
5470,10,0.6229672188848505,0.15595720060187263,-1.3288544262769435,0.3150071121905939,6545
5153,11,0.5968632692496759,0.07383194954700126,1.7723409187551502,0.41525455526600735,6545
5386,11,0.616186881561483,0.11484525137120745,1.4674589108118892,0.1829698967966651,6545
5658,11,0.6427428854930464,0.15027420303813535,-1.1376479864318598,0.35332610010968196,6545
5760,11,0.6545725609207587,0.1319571038347103,-1.010266303480116,0.39918861984189064,6545
5800,12,0.6582713305838546,0.056056626269479354,1.786149858368875,1.139489152597559,6545
5920,12,0.6706624529387349,0.03550409863242279,3.1293409831731993,0.6815191272840179,6545
6082,12,0.6934241783223446,0.13100975124243872,-0.7093863267540114,0.4242541592416015,6545
6221,13,0.7150699944430766,0.061378441583457975,2.1606094309863075,0.841167534716161,6545
6273,13,0.7282715707613324,0.141639815745896,-1.0418840340828184,0.5662963376859469,6545
6400,14,0.7665646655756881,0.12592506516867122,-0.9234442048187639,0.5133408116452692,6545
6411,14,0.7704355967464829,0.07479626496616885,2.889513054949575,0.49638212331635234,6545
6474,15,0.8096889296950581,0.09053546776598098,-3.113636553025788,0.7354359629394022,6545
6487,15,0.8204922921297306,0.0820593486733142,-2.048094159542961,0.3009681766716733,6545
6488,15,0.8207639632300612,0.11021015526374259,-2.7676560841038715,0.49692671419614615,6545
6496,15,0.8248238782033851,0.09845567897091775,-0.5763267039983433,0.916146655817917,6545
6508,15,0.8388970511220833,0.05488409405787872,-3.075936585275332,0.898456968568016,6545
6503,16,0.8293092138947913,0.10190593060475375,-2.7685577498519334,0.4956019728182077,6545
6540,16,0.9055713624446501,0.05011537135047697,0.3738933240174604,0.42648370801991325,6545
6544,17,0.920591095407456,0.05849819721108987,0.8088479524543738,0.496297430997111,6545
6545,17,0.9257990359004968,0.06345549571341516,1.7096292331971008,0.398754122014303,6545
6546,18,1.0,0.0,0,0,6545
0,0,0.0,0.0,0,0,6545
2,1,0.08263714410576972,0.05820292483808708,1.7838785851730548,0.8750167173157987,6545
15,2,0.12218762243204628,0.05588367697557414,2.5993719155994746,0.9664067695709848,6545
29,3,0.148652274035719,0.0621623622520044,2.901166969661628,0.9450953899735349,6545
47,3,0.1625437931407374,0.05745903402980734,2.314878559925185,1.3357891040434418,6545
50,3,0.16418688573203788,0.05972873554694,1.8640661978362356,0.8319177267174219,6545
52,3,0.1662372541564623,0.08960649399688038,2.6749537636744543,1.3142661921270204,6545
107,3,0.2038447643776874,0.03774492710987493,1.5278429024981697,1.7779992972626903,6545
101,4,0.20232198867035756,0.0887530966954065,-2.785814704918404,0.4495443507750754,6545
187,4,0.24418521996253872,0.127192654787379,2.1321906163338813,1.2977187566295347,6545
221,4,0.25459923609498325,0.0530939982752388,1.289028037288523,2.1040696201318023,6545
282,5,0.26838165100991807,0.11574105526659899,-2.497055603169577,0.3956282260136986,6545
308,5,0.27444524726722364,0.1428358582377367,-2.6458963298293146,0.6083310655712579,6545
339,5,0.27959895598315043,0.15693849122117212,2.120472100174976,1.2569722419094365,6545
459,5,0.3052917080420152,0.07292027681456603,1.4373081869412279,1.9544850799618947,6545
576,6,0.3230821741479599,0.13693334343955504,-3.1022315562216636,0.7413014105270873,6545
617,6,0.3289718513781046,0.10704825242310947,2.563968936532791,0.5014027460571594,6545
631,6,0.3303899012313819,0.08484697571849709,1.4441729842606537,2.0400986082380532,6545
683,6,0.3374618821297093,0.09134275233476946,2.7563388046142068,0.5050790670908487,6545
931,6,0.36419311337509086,0.23177833069044293,1.9345744938705247,1.1556249454817296,6545
819,7,0.35374145619441844,0.0936839736273956,1.5156801671419986,2.2339255466671113,6545
934,7,0.36469172618172263,0.10533452320537803,-3.108064036396023,0.5200092048078129,6545
965,7,0.3680818029238333,0.0753419987887238,1.8798350978893403,2.171978831168843,6545
1599,7,0.4178920783871858,0.24668213049067106,1.7669696811572555,1.2178761340238453,6545
1240,8,0.39259490268165975,0.10190102299038623,2.8788680820165373,0.6751192908098708,6545
1620,8,0.4199944080432729,0.07267016438024883,2.063487895196885,1.78896887735954,6545
2082,8,0.4471746307568839,0.23755268877166993,1.8617784456671567,1.2612848726329142,6545
2286,9,0.45690697476450337,0.04438340467341594,2.2894401165420817,0.7971340553140266,6545
2388,9,0.46158872901834147,0.11252189223430646,1.934294310239217,0.5094195299107462,6545
2843,9,0.4831696307815291,0.2151075991712803,1.855346217580663,1.151122136920177,6545
3469,9,0.5077902364801289,0.12843692804320364,2.60970908358812,1.7738656925075214,6545
2938,10,0.4867609916338521,0.05606618155253266,2.282663028150126,1.2187635253061568,6545
3532,10,0.5103813004396296,0.03762383496813869,1.7347497600037092,1.9078059504235663,6545
3602,10,0.5133527765000526,0.1262675490391935,1.546511023862852,0.2070604669649187,6545
3798,10,0.5212013701741977,0.09268220731501248,2.301145703960992,1.1818335620462048,6545
3900,10,0.5258652530211203,0.2147713880683029,1.9715011402715596,1.2842307551876204,6545
4020,10,0.5305729750158741,0.13627152782163673,2.5934288943276935,1.9104147415852457,6545
4079,10,0.5338087788162219,0.03001739069150826,-1.4438157159202385,2.0080860776261256,6545
4236,11,0.5404836029252468,0.07496537839330786,2.6213918736013593,1.01059524846786,6545
4354,11,0.5468248092290247,0.026641708119759987,1.2000583507984233,0.5092523061679863,6545
4457,11,0.5522449644753167,0.03471206607581671,-1.5826548238866676,1.8431048258431537,6545
4753,11,0.5691552791440442,0.11495750472531854,1.9693970583832896,1.584243871077823,6545
4776,11,0.570360949845668,0.19966412628248634,1.9000248127883312,1.1587218838837636,6545
4837,11,0.5743300146413683,0.07890240524352234,2.4187414415055493,1.7323069862819642,6545
4918,11,0.5810714417394142,0.12755073676662618,2.6225346052111833,1.770505785247086,6545
5018,11,0.5881035267291101,0.14119242212221567,2.4128969646837577,0.33262383633875847,6545
5122,11,0.5963030663043867,0.15271338813993676,2.6992394101969595,1.7662620420464403,6545
5008,12,0.5872393148781528,0.05266425463730145,-1.4354212044736459,1.7200904533573367,6545
5161,12,0.5987759062007402,0.11310249765095162,1.7996695964663136,1.47534526251572,6545
5273,12,0.6084204839316838,0.11720189439115704,2.311415807239323,0.9508712513263218,6545
5320,12,0.6119397774798291,0.09732069319245813,2.074380714235472,0.830734708575569,6545
5417,12,0.6204731115092669,0.1366828964159186,2.2059311021379537,1.5986811398933691,6545
5434,12,0.621885016235766,0.08642896030244962,1.9289499044359524,1.5448969048530519,6545
5492,12,0.6259292241252707,0.1912033844673463,1.7452291337326997,1.3468572820251308,6545
5541,12,0.6307287043641976,0.11970741323736613,2.7975477140178047,0.6301887930005291,6545
5574,12,0.6339626354533968,0.13325071246862363,2.1396162778058545,1.8485447794347185,6545
5588,12,0.635115449467518,0.1346349304189204,2.6412961237404415,1.6512665081758626,6545
5618,12,0.6375533651562096,0.10333373504882613,2.1900362756180365,1.2396313578209894,6545
5626,12,0.6386020560276717,0.10645475769294734,1.5391790530052867,1.8297779791973288,6545
5695,12,0.6461084797051736,0.11619043169128664,2.3854819802053893,0.5639853935737009,6545
5732,12,0.6492725053471613,0.14114227605850665,1.96306717195522,1.1682488947755358,6545
5640,13,0.6403272418042235,0.05088975445133529,-1.1325170413820334,1.7602136225755725,6545
5889,13,0.6684264470220829,0.1392196893458668,2.5560068226597177,1.5261563833740501,6545
5983,13,0.6811409634251154,0.12621454025294004,1.1275960009018857,1.4711543881494038,6545
5999,13,0.6840603201091259,0.12521107849843946,2.23293614809803,1.321197050583728,6545
6000,13,0.6841923546663534,0.10387819745575627,2.0359581570699032,1.746449718089779,6545
6025,13,0.6877860965185452,0.12379541254095607,1.9655636918981605,1.8852885318205306,6545
6031,13,0.6884232722180473,0.11357359147776315,2.506788899455352,0.8249416523427902,6545
6043,13,0.6899157919590518,0.13811818579724872,2.056806154369639,1.7490165737502388,6545
6200,13,0.71650186861169,0.14127447980836663,1.6184512516132639,1.4721647559846172,6545
6175,14,0.7126962891645259,0.051826832092438116,-1.0427203565094665,1.8733146215445968,6545
6221,14,0.7221388491409877,0.09778124752706373,1.2800620653332215,1.489062559429015,6545
6313,14,0.7476997171241231,0.1124477187734835,1.633972503989593,1.4442444204273146,6545
6351,14,0.7625293029962847,0.09828273770068557,1.8933081168497001,1.288857498528294,6545
6372,15,0.7685335259503228,0.07557219008174065,-0.46014691431387894,2.107104926452849,6545
6416,15,0.7846811983510487,0.09196470361157236,1.6782467515044743,1.2027930412176007,6545
6454,16,0.8036853345546712,0.07034100385785115,-0.6053298690405187,2.436578701768943,6545
6482,16,0.8253876622625291,0.10934679883896474,1.9319800741948532,1.2538326165910338,6545
6511,17,0.8544945846396856,0.10402353920940158,2.0723100258080653,1.0418205299160033,6545
6514,17,0.8588878267990024,0.06021187826496815,-0.4114845612314394,1.9553107350898349,6545
6536,18,0.8936110978892348,0.09166144572331501,1.912006896351623,1.0102495187043417,6545
6543,18,0.9078663274601823,0.07143333543999242,0.10229460314036853,2.1882121680900783,6545
6545,18,0.9410773743971736,0.03766642939673495,-0.5339664596830044,1.8171090294390295,6545
6546,19,1.0,0.0,0,0,6545
0,0,0.0,0.0,0,0,6545
3,1,0.09027323902303852,0.06672530413276381,2.056981925951452,2.4399276856295335,6545
4,1,0.09145925354807416,0.0824532358292748,1.773440315991291,2.020383138319903,6545
15,2,0.12427686159464923,0.079407574369892,1.9434976232915355,2.074514235542093,6545
45,3,0.16987305783456141,0.0993407675431904,1.7790931871264155,2.0604547733686034,6545
171,4,0.23660475165339767,0.12194644988002672,1.8406814028082628,1.6380099902640475,6545
254,5,0.26214111243770266,0.10317435111027994,1.8069784222894882,1.7443350528636272,6545
775,6,0.34459693729655394,0.1290773445115094,1.9304310246006016,1.8831255019040285,6545
1126,7,0.3785102829835004,0.11948076140873984,1.7370323920855544,2.0442584488613544,6545
2027,8,0.4420485710207026,0.15978749411554027,1.7245985523563057,2.265403305728658,6545
3293,9,0.49780544802939564,0.17296680440013185,1.451937683332559,2.464457366641136,6545
3314,9,0.498500199141948,0.1667713806715739,1.946687226354438,2.5395445896349473,6545
4181,10,0.5337198367040922,0.19318106726985762,1.7807572543929038,2.556452990588982,6545
4197,10,0.5345030074870851,0.19733122714847662,1.4222640617718256,2.512811968167158,6545
5127,11,0.5919420052760436,0.19578528734810716,1.8119005282955332,2.417472349992644,6545
5586,12,0.6294396324524876,0.18754475211990382,1.7225455612206142,2.237835503478675,6545
6093,13,0.6923762438528775,0.15506959999504244,1.8414616077378587,2.2944234883872205,6545
6341,14,0.7480852517677855,0.1644058485601052,2.296566314478033,2.2810060865418884,6545
6469,15,0.8000256194209796,0.1303014176600469,2.5399948116001356,2.4510641636728634,6545
6514,16,0.8378789071840494,0.10686593906172473,2.5197527347605364,2.239856285455695,6545
6527,17,0.8733760325864655,0.09745153896983233,2.453151594866572,2.0848031611825544,6545
6543,18,0.9159945562289,0.07853400200401127,2.583513769599025,2.1644114387086653,6545
6546,19,1.0,0.0,0,0,6545
0,0,0.0,0.0,0,0,6545
1,1,0.08186538639572116,0.0801471548206609,-3.063049298120634,2.054068855663773,6545
4,1,0.08742287396097848,0.08395685617605193,2.0048123899795978,0.3721465847912072,6545
7,1,0.0916082614734437,0.08351271069484503,-2.5159225891638974,2.1174693778697815,6545
8,1,0.09875042632196185,0.06448908128856345,1.570109800512955,1.228257119977313,6545
9,1,0.10194273789333164,0.0461445886817504,-1.451958115848946,2.2863808182626433,6545
11,1,0.11089956455457428,0.08047304580843738,-1.1674706743187973,1.039807727098197,6545
12,1,0.11584754924808116,0.1118754880036526,-2.1244885113807843,1.2688183361623595,6545
24,1,0.13522733594494107,0.07927881329593561,-2.1485760635022935,1.575351058308641,6545
29,2,0.13827253102751635,0.04527177293302105,-2.598472855835953,2.483257030164383,6545
31,2,0.14063101587241522,0.08196050513509438,2.7209246972056733,0.868227641796267,6545
34,2,0.1425918477798045,0.10930991480274771,-1.8769975126147806,1.2447158573550081,6545
52,2,0.16502537342780854,0.05075095035684612,2.2452395287047646,1.1747954036529453,6545
55,2,0.16888769900423084,0.07348768957533017,-1.7289933163464213,1.563476553349223,6545
72,3,0.1869706601363239,0.04640255854042425,2.9595278288170968,1.5927527518720377,6545
81,3,0.19133104692870584,0.033700622548449376,2.4233627761587395,1.0848101106121928,6545
87,3,0.19357262069583858,0.07158064844949127,-1.7763372311309389,1.354403862433563,6545
129,3,0.21629934033387732,0.05113149408635663,-2.4405934575332937,1.1615738978341588,6545
213,4,0.24596260984063,0.08362329869194488,-1.690326013459522,1.373266712550177,6545
258,4,0.2573155649075931,0.039655740864316176,-1.5010433817038178,1.3284620570067782,6545
365,5,0.2817199320533924,0.05658737704872542,-1.633220925122021,1.3906335014426041,6545
591,6,0.3224830399572448,0.08683580252927789,-1.4227295624279412,1.1070855157626267,6545
996,7,0.37173899195979543,0.04758770992656189,-1.6640561671154246,1.3327682236110039,6545
1050,8,0.37691581351975056,0.04501100234956636,-1.7478039936951648,1.3670907222390498,6545
2493,9,0.4673662624100787,0.10179660181155982,-1.8592196063692128,1.758789372012712,6545
4178,10,0.5384661859461923,0.11408120043836788,-1.3107337840213948,1.68238134564759,6545
5131,11,0.5945415100581916,0.13400773439911148,-1.160526043826644,1.4425749033570334,6545
5885,12,0.6659245189418741,0.09106764810706877,-1.1721429918334898,1.5162538638515457,6545
5992,13,0.6816051574338303,0.0856223276788908,-1.279389636331302,1.6405219097366088,6545
6183,14,0.7143555940408145,0.0916293055086788,-1.2450708972976015,1.6219564760414664,6545
6305,15,0.7453882431160695,0.10930768457801716,-1.3329072313246215,1.7775500495601004,6545
6348,15,0.759724815362348,0.11684371016877453,-1.130984057078752,1.9418988628827079,6545
6437,16,0.7916877658169736,0.10104063729546733,-1.2245708083185483,1.9531902030002004,6545
6460,16,0.8043181503734597,0.08982766586023436,-1.2052041250730101,1.4129352111865328,6545
6485,16,0.8222229234955075,0.10656241788402666,-0.877433542975184,1.9906704177027137,6545
6486,17,0.8224715222389576,0.09813867925635895,-1.5064762390336197,1.876738283736063,6545
6497,17,0.8325688006760747,0.09063284852259562,-1.1907693379866413,1.3694382309386088,6545
6524,17,0.8620631246025604,0.04187026285887564,-0.9065537974051584,1.959560986816702,6545
6536,17,0.885421785474914,0.06544727284056172,-0.423584299235847,1.947359814557693,6545
6542,18,0.9087768152695,0.0136150614278086,-1.301198647111933,2.0620665373955926,6545
6543,18,0.9092756967672407,0.06913379730510827,-0.5030103119139016,1.7069940041266327,6545
6546,19,1.0,0.0,0,0,6545
0,0,0.0,0.0,0,0,6545
1,1,0.06495603544194262,0.055924558357267624,1.7159971324396706,1.6828268709126943,6545
3,2,0.09563248709220906,0.03328001699475148,1.9406820807017333,1.5240686269195889,6545
5,2,0.10579149631062335,0.08020087094166121,2.0786276087766606,1.618469497691554,6545
36,3,0.16494998058040045,0.05747098493945382,2.086540587693819,2.937310942643728,6545
38,3,0.1667860148883198,0.07443085043210326,1.976997789506522,1.8983428330245067,6545
43,3,0.17186783004753114,0.03897780016630781,0.5333812453548243,0.22200583413910657,6545
63,3,0.18779403014407736,0.09150306731137599,1.5270690587845406,1.4217718719360248,6545
108,4,0.214900493009769,0.01693826188626927,-0.6926304674708801,2.742393654408744,6545
111,4,0.21751883494265944,0.07637888219175934,1.4296311518538258,1.6972708312275837,6545
152,4,0.23031894751119308,0.045612760776044,0.1533425766077939,1.27973104218626,6545
149,5,0.22920250026250055,0.07692818460877701,1.5145799264630468,1.73380610717495,6545
270,5,0.2642400446174923,0.02293338224262912,0.6599562034505231,1.2058019156393787,6545
302,6,0.271427425473302,0.07222123589378567,1.823798382470058,2.1908756647664407,6545
510,6,0.3101921653057279,0.10247519891123293,0.715412910861829,1.924120586777115,6545
569,6,0.3197757547003661,0.02858127824980973,2.639613564715753,0.33919366971279197,6545
660,6,0.33034059401426863,0.08476191399491911,1.729414957959929,1.4087951178732327,6545
667,6,0.3309793629816794,0.10340249252690424,2.089342472824115,1.2991543252708744,6545
833,6,0.3523074721341959,0.15114604484719324,1.5527612656614223,0.8741833228256158,6545
774,7,0.3453026969851015,0.029220373765391047,1.7454234373267417,0.737496228786832,6545
943,7,0.36466782058606606,0.12308526151216466,0.693921951369684,1.4950066344784074,6545
1079,7,0.3762116671229597,0.1422320030017827,1.4549048450271576,0.9938350715370643,6545
1109,7,0.37876669989977885,0.07819030066939087,1.5196171001203336,1.3682019304984694,6545
1336,7,0.3963578019932821,0.1253496409689915,1.5543205977383745,1.0752426126675543,6545
1667,8,0.41907634412409467,0.07796835167072932,2.6446808098279067,0.8372844629953925,6545
1737,8,0.42299893120775467,0.058459685519045124,2.0114944075204226,0.4662497111352174,6545
1749,8,0.4238226286844565,0.13885553700631384,1.6021782519008407,1.0560361317245806,6545
1874,8,0.43141476025854186,0.11953712757003668,1.2193484506855377,1.3417133318671985,6545
2082,9,0.44332284456603877,0.08127810436487581,2.5546862307222717,0.7959186596746157,6545
3033,9,0.488790414121255,0.08206216770242905,1.5196429505189974,1.1987937817079273,6545
3250,10,0.4977966669405526,0.034598910991871054,2.474722078645309,0.5280554616357088,6545
3299,10,0.4999859192737328,0.0891286836625659,1.5874154176830026,1.1697008989389739,6545
4695,11,0.566413210518562,0.04802705932284518,-2.1489753739638977,1.497220418399991,6545
4840,11,0.5747923037107856,0.1004647416927575,0.8840108728216968,1.0513338897767046,6545
5357,12,0.6143650012764078,0.03805290978089882,-3.0124844229466454,1.4911769503493284,6545
5474,12,0.6229782682914099,0.13960827003101164,1.0334413568207206,0.9045721992141424,6545
5595,12,0.6337271547534796,0.05356671544186742,-2.6459664960532296,1.0287255076371067,6545
5827,13,0.6599459814966577,0.12892293180536987,1.2501930273423187,0.8624724850485058,6545
5941,13,0.6771942481105961,0.05402811205358162,3.040312322151025,2.482727487260438,6545
6012,13,0.6872565938222152,0.08575285046452472,-2.8227122077319087,0.973402275544919,6545
6254,14,0.7311000525265939,0.13824004879284116,1.7641414233510104,0.9326979004002488,6545
6262,14,0.7331342805139553,0.07587387560514755,-1.9070419184105618,2.5567217644094837,6545
6270,14,0.7351350866057947,0.09302364961242,3.1242905335379,1.9602580204379,6545
6278,14,0.7376042281356565,0.1107386121067352,-2.6415583954009336,1.291051711366555,6545
6335,14,0.7560028097573998,0.10681235584919513,1.4411094311044381,0.16265289123924376,6545
6371,15,0.766092567965677,0.09173860197963275,-1.9861476343281645,2.632834471216361,6545
6386,15,0.774169404152794,0.11630985834571454,-3.0632761089804905,1.921981631574858,6545
6415,15,0.7871992927247128,0.09138608784937348,-2.9696226718880894,1.1860300247384148,6545
6461,15,0.8032072625567946,0.10941360316237596,2.8213445298708817,2.196463299548538,6545
6486,15,0.8212110005686806,0.09780484604426176,2.0261118423321745,0.6923632885863198,6545
6490,16,0.8227069605581739,0.10604873612290276,-1.3833477547050783,2.80472591741956,6545
6496,16,0.8281582634020438,0.1055639013985058,-3.048585212141184,2.400068736007149,6545
6519,16,0.8464320970527474,0.08294923254887608,2.173144353906056,0.8879245612262484,6545
6522,16,0.8495985722136417,0.09256141000862984,-2.6448739594514,1.1651926061932742,6545
6532,16,0.866990238019478,0.04107877451443103,2.379885198209932,1.489784747550059,6545
6534,16,0.8811610126285855,0.06772033774730948,1.938494632374896,1.9880966674548322,6545
6527,17,0.8582181939205529,0.08283649579523755,2.302208817415939,0.9013197450847993,6545
6539,17,0.8976759465350926,0.06747100420500352,-2.326547436589798,2.8312555047837127,6545
6541,17,0.9049067643105412,0.06609412086412521,-2.3072619577666704,1.5099592926141534,6545
6542,17,0.9059847995387909,0.07200002238910021,2.5491022101029164,2.386661008447074,6545
6543,17,0.907295053980611,0.057293652291474303,2.5377505207008877,1.9074118210201503,6545
6545,17,0.9290811263540532,0.06029711451796029,1.9349400399081325,2.31109130331244,6545
6546,18,1.0,0.0,0,0,6545
0,0,0.0,0.0,0,0,6545
7,1,0.10485135243855159,0.04850177178614632,-0.5486206488102988,1.996167882326201,6545
16,2,0.1304226726286576,0.05390265478905596,-0.3813524333091759,1.5809148892173528,6545
46,3,0.1731263196861138,0.033506774319591794,-0.29866031232970996,2.3395603872948723,6545
108,4,0.2147636049072167,0.0459882823558086,-1.2390567475420213,1.7869873079629264,6545
285,5,0.26970221549117634,0.06905053057738612,-1.742315700569282,2.2397917560487954,6545
427,5,0.3002914287638917,0.07374826745671029,-1.7852381629381004,1.1803079655849473,6545
550,6,0.3199347123686561,0.05800648950537348,-1.8174843226015394,1.163635052235006,6545
905,6,0.365349013960398,0.10058873380640904,-1.708024003523375,1.4972007631713393,6545
1066,7,0.380554902254429,0.07072303912247933,-2.300371660691067,1.8794625553583277,6545
1147,7,0.3884734861925171,0.10177938469813959,-1.8166324359209998,1.064945428315766,6545
1401,7,0.40587412235065257,0.08711260037141398,-1.4714664374491389,1.3777567039687217,6545
1445,8,0.408959826235176,0.11637107756178544,-1.7411310497999761,0.9855598492362129,6545
1703,8,0.42618274633800945,0.07657317730710475,-2.077059097458749,2.3505637237438073,6545
2006,8,0.4443627264805403,0.09027767419407517,-1.4857174327991047,1.4587901629261872,6545
1636,9,0.42277366488110424,0.1198275425219579,-1.7572166651456311,1.0625764376320919,6545
2666,9,0.4752547070248494,0.09258942723922256,-1.5681364408147334,1.6182963243121953,6545
2668,9,0.4753413893722087,0.09566504406735327,-2.078366160494617,2.8154083415458455,6545
3373,10,0.5034935145292011,0.10101307021210428,-2.0302178407877265,0.9812729785908839,6545
3489,10,0.5081286503958337,0.09340442483770423,-1.5003181510220571,1.7173439312595187,6545
3518,10,0.5091691590891742,0.12190274736357588,-1.4736581368532131,0.7437418518495458,6545
3748,10,0.5184145741206925,0.14182923297860958,-1.5018391194987823,0.47829323738030133,6545
3959,10,0.5281620119035032,0.07716841617852058,-0.5253789470453422,0.832271693128954,6545
4159,10,0.5369146898438346,0.13194459203905495,-0.7102382946941668,0.8092155759221951,6545
4373,10,0.548377641179626,0.06989051935584058,-1.14758456195166,1.305889445778501,6545
4468,10,0.5531353237829055,0.07801979970865316,0.5440980255733949,3.0333297184240062,6545
4574,10,0.5597187100529458,0.07486316115871765,0.2671494452715736,0.5946224752484319,6545
4759,11,0.5702896716983932,0.06927750532597424,-1.8536398524797189,2.2073837826515894,6545
4776,11,0.571486521648508,0.07179673476341357,-2.5102864045201634,0.6631077205514204,6545
4798,11,0.572763775106418,0.07417661332036221,0.45992978564012665,2.9452801350684275,6545
5046,11,0.5878380459646387,0.08274767251197797,-1.3623509499395472,1.4979455734352092,6545
5126,11,0.5924364620260985,0.12283905615402671,0.08604896699343283,0.6595499826968485,6545
5213,11,0.5990876226222747,0.1231336390540054,-0.7609274072607434,0.5926839403946829,6545
5675,11,0.6393151139010503,0.1121255937922118,-0.40666805049321175,0.9475639233609862,6545
5753,12,0.6462015979993238,0.06027398673681059,0.37380651786538266,2.8153092766566066,6545
5820,12,0.6544403830709734,0.07513991594750469,1.7160513083072384,2.0423989544860706,6545
5946,12,0.6706595495619555,0.08194575851037685,-0.415740414368085,0.8955129617400022,6545
6117,13,0.6952792092034311,0.06916279532529508,-0.2991419513288438,0.6547609961314361,6545
6181,13,0.7067910937374406,0.04608901117719255,1.5917006896690515,2.1045872811508763,6545
6276,14,0.7278221299231658,0.05340645332384192,1.198308553283365,2.209198573508287,6545
6405,14,0.7661043864567577,0.06760018149392054,0.6122590702340681,1.0958739930818318,6545
6497,15,0.8212385477391948,0.06951890922103485,0.2533981358213021,1.4492329214529411,6545
6519,16,0.8375081421379484,0.05816933819504515,0.20711207822171313,1.4525412413310952,6545
6539,17,0.9108852782384049,0.03716715939602374,0.11676669722075166,1.0360582375548024,6545
6544,18,0.956509744985255,0.02997811368466143,-0.7334635038591666,1.978634706761916,6545
6546,19,1.0,0.0,0,0,6545
0,0,0.0,0.0,0,0,6545
1,1,0.06752256786032118,0.02742007615840463,-2.649901890160819,1.8141764029578225,6545
4,1,0.08482829476413534,0.06277883237435344,1.3436918711019878,1.3742301366136829,6545
5,1,0.09181978365815868,0.03936012866439408,-0.19143789936107625,1.6252889070608245,6545
14,1,0.1173913494357407,0.08684822735311479,-1.4113000625514216,1.1508133432718655,6545
9,2,0.10633207838649883,0.04199165984301264,-0.31029646620943513,1.8860788983818666,6545
13,2,0.11509029636604118,0.046178098980821196,-1.7223997529426498,0.9680322710951329,6545
23,2,0.13718225077024915,0.05531996001820627,1.0059549691845122,1.5565731868868276,6545
25,2,0.14322426806930777,0.06054672086106242,0.8004622501988948,1.638955996522655,6545
29,2,0.15772973353513997,0.1219142767042826,-1.5545598748460334,1.0488463039396274,6545
45,3,0.18465869157055637,0.04405067627543589,0.6004891766288751,1.1322912086033654,6545
51,3,0.18724976719443387,0.026821825227957768,-3.109910236775327,1.674489865460299,6545
58,3,0.19189303549457526,0.10254413615041758,-2.4305603065712758,1.357886997387444,6545
77,3,0.202154122968923,0.11714849220451176,-1.5017095381733387,1.3719668365631692,6545
78,3,0.20231544382589595,0.13172131564279657,-1.5826033522921654,1.1062478082391212,6545
95,3,0.2127356671850117,0.07823252792068344,-1.7656125453286642,1.4670745050074145,6545
111,3,0.2249777644190759,0.13895667159261343,-1.888256460364068,1.1243160992664067,6545
105,4,0.22070093950908176,0.03646919287531998,0.1707859555536579,0.44421692151212316,6545
172,4,0.2448919206590111,0.05655535760070149,2.554908316038627,1.5755372256036526,6545
190,4,0.25210215279539294,0.13354244687598654,-1.1949965758498626,0.9438513373717525,6545
196,4,0.25398957925369114,0.05277042965949084,-3.0230802755235264,0.978424820625546,6545
343,4,0.287856473824745,0.11887795136714693,-2.008660700591875,1.0788177632160891,6545
443,4,0.30443284252400105,0.18343229723656723,-1.9905929246197946,1.232770086470251,6545
256,5,0.2730698235188852,0.05316013192675809,2.3906186686058124,1.3796134877332376,6545
361,5,0.2907347580162549,0.06943052345055443,3.099232720802966,0.573026296852406,6545
882,5,0.36127242449723573,0.16740782878090377,-1.909693604772912,1.24775872057804,6545
380,6,0.2933400002190062,0.06283925209053948,2.2174581634901487,1.3564532094203396,6545
565,6,0.32449231638481446,0.09061357349010372,-2.737302700921419,0.49917104046644994,6545
709,6,0.3416960445750411,0.07985963266712036,2.7654207628382745,1.8441806240918142,6545
1574,6,0.4172429659990846,0.1930824136609238,-1.8306309093779185,1.3383006342060604,6545
824,7,0.3549592859744817,0.09763886737775682,1.7681417726853224,1.6182712397343468,6545
872,7,0.36081723084733786,0.07175591870592793,1.9863063861175727,1.9404233294880064,6545
920,7,0.3648511022322183,0.046152870363721885,-2.7760440187494857,0.634239380999834,6545
1121,7,0.3838276495427908,0.0794321343263617,2.4073481745314056,2.152678487315736,6545
1170,7,0.3887924461653013,0.10123843168948969,2.5583965968399265,2.271574876215437,6545
1268,7,0.39653903631231324,0.07311775916107223,3.0358280167316822,1.274451725464575,6545
2095,7,0.44562297793960615,0.20465914448008637,-1.8606874094267591,1.4290389129792505,6545
1327,8,0.40033027608026506,0.030077591215500046,-2.4406275597871008,1.343088550422743,6545
1489,8,0.41116840600895066,0.07973846573791735,1.3487080046375437,1.1756725793334541,6545
1755,8,0.4274598700184794,0.08284927864922703,2.3976205632246224,1.6642726957489284,6545
1798,8,0.430292431985284,0.1197124778908718,2.5434282592233046,2.138147793773491,6545
1868,8,0.4342949448568104,0.09832458783777788,2.858813634584203,1.014742901811561,6545
1939,8,0.43736125648499824,0.07512196550384045,2.663002793969728,1.4402607788194224,6545
2912,8,0.4869262240026354,0.23502455681929557,-1.8400317941421642,1.533823727112718,6545
2196,9,0.45108300465204665,0.06878430452529743,-2.035527605021469,1.1208964168289788,6545
2485,9,0.46667925702128377,0.093658616705915,2.417942946059609,2.3006069415131196,6545
2528,9,0.46873823384885416,0.02805144195140351,2.0854649539870125,2.0363371877205827,6545
2620,9,0.4729981729315812,0.08460884689545489,1.4861264326822285,1.268611067348493,6545
2895,9,0.48606787572852805,0.07542652519309252,-1.6643335478811738,0.5063824986675541,6545
3145,9,0.49581153164718805,0.10450521286374534,2.50286956727606,1.1795698446455942,6545
3918,9,0.5270332879149674,0.2377366273826917,-1.8522548482573982,1.4867552757918627,6545
2901,10,0.4862907957739683,0.08235978263176716,2.651912661400067,2.283759088840114,6545
3099,10,0.4939360138351807,0.034830619451496465,2.6442337447397186,1.5516124686894675,6545
3388,10,0.5047622920384532,0.11392132505911137,2.489079524066556,2.4063545394159758,6545
4070,10,0.5350339456113451,0.08647586141857071,3.093463307141053,0.2735773178796768,6545
4469,10,0.5558363006713389,0.08817702752014103,2.167894162116144,1.1803102048062675,6545
4682,10,0.5671718334967023,0.23791577116165433,-1.6949035384596853,1.4754321505564223,6545
4657,11,0.5657069232367326,0.1429922242658422,2.436589055740209,2.136026102691042,6545
4715,11,0.568759435706394,0.03978336405158168,1.6835261406731339,1.2528892672828735,6545
4868,11,0.5764062501279081,0.05539576524969968,1.7884829763849452,2.096178815903395,6545
4922,11,0.5798574602013272,0.08958777587266685,1.942072167725842,1.0915141781613436,6545
5061,11,0.5890178355314752,0.07583038222923746,0.6562094310476029,0.28058703616968644,6545
5124,11,0.5932207397860653,0.23048453698792704,-1.6328482895918977,1.4110511745233765,6545
5422,12,0.6154026584477292,0.162808107554478,2.747156138455978,2.0137873467806826,6545
5456,12,0.6179870995890476,0.2442521077241678,-1.6796939631104886,1.4041774255767774,6545
6001,12,0.6749545821969595,0.07798779018534374,0.63880975691418,0.9131561528120022,6545
5822,13,0.6529965089927122,0.16858932136767996,2.8494340382681167,1.8856699785260096,6545
6046,13,0.6819858973491397,0.2609672383303792,-1.5362246022469568,1.4641474314328438,6545
6063,13,0.6841373407968412,0.08005559313003008,0.7136522992016803,0.8414659361897429,6545
5960,14,0.6693406636743909,0.15918215038189226,2.9064599165797964,1.8357383583203912,6545
6295,14,0.7330909803305541,0.06272607595248209,1.2375458056234094,0.9075337630307888,6545
6302,14,0.7347934191434576,0.2247941552470894,-1.5810004635749597,1.5334388253437505,6545
6337,14,0.7439916575956707,0.07592017951575639,1.2140710877996361,1.3046582838281318,6545
6237,15,0.7224687946834412,0.1605266811550529,3.0461833433688907,2.032057761230942,6545
6309,15,0.7370258461940251,0.17654513574785,2.969626954423225,1.853901370011289,6545
6317,15,0.7394045940834229,0.14422627076637573,2.751109651419104,1.7752903290105198,6545
6384,15,0.7598376867432751,0.2072260098540713,-1.5438168710959135,1.581759019346277,6545
6396,15,0.7656490529005525,0.11620699901218638,-3.086930543700047,2.403238878354478,6545
6401,15,0.7683120405309354,0.1298302044943805,-2.9875296957186324,2.207558560447681,6545
6473,15,0.8078657024654513,0.05502569264189153,1.0395312615816854,0.664644707257018,6545
6429,16,0.7813965246823729,0.15832862295128491,2.6870696247835446,1.6226539100822042,6545
6480,16,0.8117005949412405,0.11533825394790992,2.2749097522296156,1.8881414617826693,6545
6492,16,0.8185059356816929,0.1507453373992858,-1.6148716811711543,1.5333319822791913,6545
6499,16,0.8276828141705643,0.10224151191714823,2.219873166690628,1.6502180587892517,6545
6506,16,0.8309540538478676,0.10645536813203238,2.7596157483641663,1.1240936537374777,6545
6509,16,0.8370728702974872,0.09367829004246275,2.7266615079884318,1.4289707404997463,6545
6516,16,0.8448550996411541,0.09896260482284336,2.861101422907547,1.3604231211257263,6545
6519,16,0.8468177625301956,0.09070199190971347,-3.005760548183975,1.6008421844723844,6545
6525,16,0.8529240876757136,0.06527819532124443,-2.597316942229007,1.739718289452261,6545
6529,16,0.8621441226021967,0.12115661292456115,-1.2892409971690277,1.4224284462776533,6545
6532,16,0.8652687053116366,0.05458281756490657,-0.1725751297708715,0.8601229460461436,6545
6497,17,0.8234370016427071,0.15716393334145157,2.8807093435512834,1.6169808307065816,6545
6537,17,0.8679614196058426,0.11742410516092137,1.9233322772627628,1.8716230014549287,6545
6540,17,0.879911355321437,0.11751008908019832,1.7648349739227012,1.818381586076694,6545
6541,17,0.909210338033406,0.06868522660073753,2.919072080790901,1.100006162612434,6545
6542,17,0.9125232145971859,0.06761530231460523,-1.7667456198592708,1.7994176232169652,6545
6543,17,0.9139379968371037,0.0789664494691937,-0.7058370879499213,0.27350380277074543,6545
6544,17,0.9339038893209655,0.06191091664329862,0.14784958660507994,1.3070285140225306,6545
6545,17,0.950124568177662,0.04231044571895875,-1.4996296020465631,1.1144261805835194,6545
6546,18,1.0,0.0,0,0,6545
0,0,0.0,0.0,0,0,6545
2,1,0.08780174916379957,0.05344242820589574,0.8360039660989952,1.2110213654821746,6545
40,2,0.17635431508238997,0.11694865739773215,0.9060185095052453,1.2252735982840313,6545
136,3,0.22779201214402034,0.0920872699751529,0.8819321389719756,1.0217157028460602,6545
245,4,0.26163661636861324,0.07348510124521151,0.7601399547471546,0.9142750320004832,6545
620,5,0.32285124579368396,0.08067178443928193,0.15951287704472136,1.0424292552939247,6545
913,6,0.35487779873773484,0.08077178300887426,0.4013362951663122,0.8642085154264993,6545
1676,7,0.4180200561003219,0.13611139516265963,0.22758697096948205,0.7742082299586796,6545
2337,8,0.4556991035596135,0.14193078693065023,0.2751689740178583,0.7311737949703517,6545
2374,8,0.4574053897532113,0.12611013561597212,0.29255260154064744,0.8599350735824388,6545
3949,9,0.5269856185298264,0.1818483952265359,0.285318755058891,0.6575428939621859,6545
4672,10,0.5611191270415435,0.1913680767843133,0.21338020145350145,0.7874774518388296,6545
5082,11,0.5890229427520809,0.19442318525733382,0.38641890390728034,0.8135791090185724,6545
5843,12,0.6569021987632407,0.1708954068471021,0.6956474842901053,1.004675536968268,6545
5955,13,0.6723113992182668,0.1682440994308349,0.7307793446758826,1.0817638967020775,6545
6384,14,0.7601303358035838,0.15877026795574087,0.30554084584139923,0.7340780190137408,6545
6444,15,0.7880836807352232,0.15645513362845473,0.2588243914135737,0.8080406262428831,6545
6538,16,0.8981076143771319,0.0673384432005332,0.6300517124283241,0.9998894815208714,6545
6545,17,0.972554154513338,0.023030713833043417,0.06830284453136488,2.005865932329953,6545
6546,18,1.0,0.0,0,0,6545
0,0,0.0,0.0,0,0,6545
1,1,0.03969218614055703,0.027226831564531543,2.912381756524076,1.3481456090321855,6545
2,1,0.0689767383772979,0.0687933192716009,-2.266889625540894,2.6268682933556904,6545
6,2,0.09898191804554479,0.07017250248623592,-1.799633819818142,2.383091387091836,6545
7,2,0.1022996992735209,0.034441240621447856,1.4820966931925312,2.610491712921721,6545
25,2,0.1468806367903025,0.05994858867231649,-1.5402200306635125,1.404929405350714,6545
63,3,0.1904333218504527,0.06689004576751494,-1.4609104562213489,1.6330934843434228,6545
157,4,0.23743164290462515,0.08263381200929991,-1.4483988794778666,2.115653255486259,6545
309,5,0.28101314331603766,0.09531234478990962,-1.1926560791804857,2.4992632960816463,6545
575,6,0.3261512862498839,0.09350499396709402,-1.2622602201771902,2.61740326473495,6545
954,7,0.3667015560686422,0.06522881098740393,-0.49312808926162166,2.6433074484744026,6545
1146,7,0.38325433967178424,0.06573902203424734,-0.45252118148420195,2.9758097975048337,6545
1691,8,0.4223103108674229,0.08294086588358177,-1.2754874429244825,2.6548723075329104,6545
2183,9,0.4506256185014159,0.10792064829186987,-1.1732220579407835,2.642830662813735,6545
2900,10,0.4842835217192616,0.0821819535856441,-1.2657589075502718,2.611734342150165,6545
3337,11,0.5014862243099766,0.07381612852414793,-1.6198659272687792,2.6454900150714904,6545
4729,12,0.567302224751818,0.09113204022661882,-2.0497973438360835,2.2417916507202746,6545
5239,12,0.6006486587169206,0.0786751613902444,-2.600433876710306,2.410984250685353,6545
5750,13,0.6508986370016562,0.11902232161774842,-2.1170714558112094,2.312595810655018,6545
5790,13,0.6544908132623577,0.16161380315910745,-1.7480749555208637,2.3413196245136576,6545
5833,13,0.658483300843801,0.08410144486750416,-2.8400886091753588,2.4563790977359985,6545
5878,13,0.6634791425473207,0.05481471023671597,-0.9679266337929798,2.811230506864203,6545
5899,13,0.666279420191295,0.08090617625701071,-2.60971029394205,2.0982965595140928,6545
6150,14,0.7049048555939732,0.1257852371789751,-1.575582984563766,2.1451868286646674,6545
6245,14,0.7273347886682175,0.060062116046124395,-1.6424691180851008,2.368407269676565,6545
6373,15,0.7648309116082923,0.14372600992556742,-1.5008991900126574,1.8425668422159778,6545
6404,15,0.7772737295005733,0.09935829412699881,-1.6841112851136049,2.252922336246939,6545
6487,16,0.8266802710324167,0.10660665475752416,-1.4332555813447292,2.0392812831970084,6545
6516,17,0.8603741400100877,0.0950250164972197,-1.6617188289662101,2.081590076133492,6545
6532,18,0.8885473675251356,0.08563340802560795,-1.8996063042273668,1.9048191638313914,6545
6537,19,0.9024108411055617,0.08474610138056625,-1.8989540174800887,1.860395821263117,6545
6546,20,1.0,0.0,0,0,6545
0,0,0.0,0.0,0,0,6545
1,1,0.042118560132030525,0.041972593887469316,1.4757087630943635,2.273534853145973,6545
18,2,0.13393317678150074,0.06884159451365501,0.25588440086801606,0.7379222470071829,6545
39,3,0.16397031170231335,0.09239926182695368,0.27831911738223925,0.8349279399559859,6545
128,4,0.21822692286472867,0.060592202040881664,0.49374978612702786,1.1017052702421093,6545
270,5,0.26734260713549796,0.06536516894360903,0.899371995016788,0.7485368938714102,6545
427,6,0.3040235385058465,0.08704165874496422,1.3425852964545726,0.7079481530060622,6545
875,7,0.3608432657236581,0.067636095330377,2.1742859283882687,0.8032527730753947,6545
1084,8,0.38008715627510803,0.06810829758370437,2.52203995651248,0.6745595968285394,6545
1170,8,0.3871480384349414,0.08443250246258997,2.272098910857198,0.9702227275520087,6545
2112,9,0.44561818631734096,0.12815083122460816,2.469604884796889,1.0225321813742585,6545
2385,9,0.459350908546581,0.0765702964711302,-1.6637255348948423,0.5165808944302076,6545
2835,10,0.48004724117739694,0.08029821061670779,-1.7105731300965505,0.588640932157262,6545
2893,10,0.48231579369956357,0.14354266311246894,2.4175033669766135,1.1258786338262854,6545
3978,11,0.5269242985308662,0.150845262615532,2.449527526074732,1.1125999012083092,6545
4180,11,0.5359077040930951,0.08459056603437222,-2.544123192935713,0.5973733087063563,6545
4756,12,0.5683879827631089,0.15774712032569874,2.4949646409876483,1.1516099024652118,6545
5364,12,0.6114426285727392,0.11722444179450993,2.1470793289788332,0.33588678108609327,6545
5685,13,0.6417708567818429,0.11662021164616214,2.330550008614413,0.22229550689565025,6545
5740,13,0.6459513353647692,0.1726251686072516,2.6731735694726164,0.862557531257414,6545
5783,13,0.6516462426123449,0.19610683128756237,2.883451650718646,1.2916762586703985,6545
5802,13,0.6544588618570972,0.1514815692652264,2.898322224031979,0.9236642235486465,6545
6022,14,0.6855134347055608,0.1451076432657764,2.8742095027543875,0.9446492160883155,6545
6030,14,0.6868731919078779,0.16762247701803923,2.917823075526072,1.2482286669464864,6545
6192,14,0.7129954031226847,0.14552563198984406,-2.62792167745645,0.17379267451236619,6545
6290,15,0.7385073085808339,0.16076395244616212,3.065535903487676,1.04630300305368,6545
6360,15,0.7602224640492439,0.13671381047997047,2.932570388579681,0.17787387121466558,6545
6447,16,0.7927460948262394,0.14532039920550197,-2.9154385898590798,1.0753559079889796,6545
6505,16,0.8297305768828214,0.09308179674212623,-2.6140298829003954,0.5618267135756992,6545
6513,17,0.840975407956927,0.12874400198185912,-2.8079384681857706,0.867755866673344,6545
6533,17,0.8782705881498617,0.09455010286135655,-2.837174030804667,1.0050648327136147,6545
6545,18,0.9335873607362021,0.05767226234535469,-2.273675931354731,1.155870406327028,6545
6546,19,1.0,0.0,0,0,6545
0,0,0.0,0.0,0,0,6545
1,1,0.05703013191477746,0.029052802646263975,2.472107497025651,0.9061674359279641,6545
20,2,0.14020013854159152,0.07978687922963341,0.9117539074568586,0.9048947016191908,6545
51,3,0.17007390974733727,0.09447446570902099,1.1629682911664414,0.8758451957682771,6545
150,4,0.23047275000576206,0.09321465419994135,1.050513404314492,0.7256566201124793,6545
437,5,0.3030275772181673,0.08094314357977814,1.3327796515428867,1.1146115281777502,6545
452,5,0.30670928107760376,0.15559414866051446,1.0359213955414683,0.9304278647254038,6545
493,5,0.31463358995083834,0.0876541674784888,1.3656174658879643,0.40770502670266157,6545
764,6,0.3506132275333739,0.13203209599144006,0.8910235802505991,0.9511640644563302,6545
798,6,0.35403796335081894,0.12377312575843329,1.5808194011932717,1.0997079977071478,6545
1077,6,0.38091398067433,0.11460917581980788,1.4661015326452005,0.8625548719047513,6545
1695,7,0.42270051173418177,0.1354283311232599,1.3140078258418175,1.0877338944620567,6545
2287,8,0.4558395495234566,0.12016825430950308,1.2513623673872307,1.2747222447492177,6545
2713,9,0.4763316344344207,0.13013759168295666,1.290667866533139,1.2397241445938885,6545
3825,10,0.5215764129295086,0.1460403879512277,1.4918068840487617,1.3922673278644773,6545
4796,11,0.5707001040969687,0.1816073578363985,1.526279347251392,1.2846281018496484,6545
5260,12,0.6025245858518461,0.17532888477791655,1.6198116710063202,1.1963906877256902,6545
5749,13,0.6462079347617972,0.1563910839641319,1.5702319026998453,1.1305060142366736,6545
6251,14,0.7214479736235281,0.08959838354107169,1.3381462670469122,1.3052512133461702,6545
6377,15,0.7644013858594876,0.07200816920573365,1.638908608159353,1.5912445063750493,6545
6378,15,0.764427652757526,0.08196564907869242,1.052683212173895,1.531281657763672,6545
6442,15,0.7907359805398808,0.04707698198171552,1.851060057476084,1.3837831873746511,6545
6484,16,0.8180142245006492,0.02972398394581796,2.197557055563335,1.555287051004495,6545
6510,16,0.8395290624309699,0.08244799411386472,1.8806937573213063,1.7430980492600638,6545
6516,17,0.8513042522271189,0.07620488176973242,1.9012264618446966,1.6326717486909386,6545
6518,17,0.8540705297259782,0.04440493052971771,1.841563118705115,0.9981000847903105,6545
6525,17,0.8707354921369765,0.06673569018315982,1.862646284019503,2.3652836039541376,6545
6540,18,0.9012782654486555,0.0737032487915932,1.6247001837537733,0.9476322792656161,6545
6542,18,0.9077072137770528,0.02642142824734136,-2.800768142271445,1.1148565119986809,6545
6545,18,0.9242695873298026,0.07259096042187163,2.5751806589713953,2.323201926785189,6545
6546,19,1.0,0.0,0,0,6545
0,0,0.0,0.0,0,0,6545
1,1,0.07204181451534886,0.055535671359705586,2.615720588668593,1.2799655517079473,6545
5,1,0.10023499278017356,0.09861124201730256,1.9514721193513604,1.885951126208995,6545
6,1,0.105089136429526,0.09464043134445069,1.7386001913884122,1.9157281930164975,6545
11,2,0.12658833892296306,0.04314810546521729,-2.8834617005645513,0.8715434006920111,6545
12,2,0.128197907150422,0.012879301590716838,-2.5149649577402013,0.6285951688865844,6545
15,2,0.13072558320884275,0.0718473799889732,2.7887148753341933,0.6787200180904189,6545
18,2,0.13885564970704412,0.05862605189342873,2.018669929225628,2.2168511659084564,6545
23,2,0.144874017387846,0.0723870050843733,1.816735181992447,2.154088072182854,6545
25,2,0.1465758116705963,0.08652487174872389,2.407361003332746,2.25756411899565,6545
93,3,0.1994196985025255,0.06291701596812482,2.512375112451418,2.0220722697025137,6545
132,3,0.21799758052441665,0.07621989364763228,-2.3592321313827425,0.12964600057625372,6545
145,4,0.2243982695571427,0.05433608667435124,2.083430842155196,2.157539870677175,6545
227,4,0.2511143284530484,0.10741298093808971,-2.8706061694086755,0.1422483607192342,6545
300,5,0.2732486360329779,0.10941034126981726,1.40818100040245,0.060154638331943525,6545
363,5,0.28728228255537924,0.0789836686034068,2.4471381638293948,1.671887790312552,6545
420,5,0.29808797351318894,0.08114724540107082,3.0618929064876865,0.3801799657124446,6545
541,5,0.32053399805877625,0.09571033310023289,2.714932888564871,1.305172129168847,6545
560,6,0.3231232525756731,0.12280399938694123,2.7896625352045565,0.2909039590022221,6545
1156,6,0.38575501841544535,0.05576866108026908,2.4354235254233427,0.7466494040205569,6545
1575,7,0.41619529030166413,0.05328750339491604,2.987786745949297,0.39382784667111975,6545
1654,7,0.4214343085797204,0.05359300828874148,-2.546356738068863,0.4047230719644245,6545
2098,8,0.44827579516880167,0.05619491577840994,-1.8468579057415455,0.6885173422709266,6545
2160,8,0.45054524666189366,0.050622209944663814,-2.032840190644406,0.18317929715532227,6545
3488,9,0.5078212169474555,0.0844335544186245,-1.6272087262948767,1.3794401550640358,6545
3746,9,0.5183518678001664,0.04979709310525721,2.7719040340690126,1.1365102628173274,6545
4076,10,0.5336006394428772,0.08794794039622497,-1.6248634323737179,1.628411675893093,6545
4189,10,0.5390573953779876,0.06056478099909045,2.7849999229014832,0.8483362518402466,6545
5068,11,0.5905412790117961,0.06123579960520041,-1.584622112699268,1.2787125563919788,6545
5121,11,0.5947298104572805,0.0457780199467158,-2.009699607882659,0.6302546886675502,6545
5544,12,0.6272761901300237,0.054418763055299586,-1.5006624681776795,1.512122080610621,6545
5730,12,0.64782688577069,0.058765811875452205,-2.177728261627633,0.7319340614904613,6545
5852,13,0.6598240770482182,0.061832406299171756,-1.9051654420419712,1.5735002033495629,6545
6006,13,0.6811434434290613,0.07681432667871937,-1.6440774121461534,2.0443288975610843,6545
6091,13,0.6925389873004805,0.0613831301699943,-1.592188156674395,0.9667783490692725,6545
6225,14,0.7175570214011259,0.0568083142353199,-2.030387104713587,2.188905549221243,6545
6251,14,0.7235695047267863,0.0902338194969226,-1.5144137169633343,1.8926368863653933,6545
6361,14,0.758592370046929,0.0863687105873934,-1.2831430523672203,0.6733236949938473,6545
6370,15,0.7620587519161803,0.09338635984355685,-1.9350678589177026,1.950378528963229,6545
6417,15,0.7774762408181182,0.05406836679947731,2.5965186906720534,2.6526484619507107,6545
6426,15,0.7806462620464943,0.1132643768324169,-1.885532161571446,1.8565819465074336,6545
6470,15,0.8012851518678098,0.1116767597668198,-2.2679150810950017,1.5386858453279673,6545
6471,15,0.8017427376874513,0.056816488666771775,-1.46050528776502,0.7730373110500187,6545
6518,16,0.8520601741201299,0.10835232172553669,-2.5317572598221596,2.4512892357623848,6545
6521,16,0.8665864308328056,0.027525488112358103,-1.5501808614770196,1.4580062381084402,6545
6525,16,0.8771302755179324,0.046135178512710845,0.7148351418218316,2.878070785244347,6545
6529,16,0.8824999855036608,0.07391342292671331,1.6940180482913436,1.1684943429127408,6545
6531,16,0.8847228955763836,0.03653654417351464,2.050744433095766,2.123750611259346,6545
6534,16,0.8941645111535591,0.09697997695435957,-2.0607535453692822,2.0704150633505005,6545
6530,17,0.883204786422204,0.09402435856033967,-2.922854614195029,2.4961397416742095,6545
6536,17,0.9072453910209536,0.08957312494973134,-2.055755056468537,2.039365530366564,6545
6541,17,0.92154276338532,0.07777955984066617,1.2198241778596721,0.8334535957293557,6545
6542,17,0.9223212734192541,0.03165079626065678,-0.7753688053856567,1.7085605509150734,6545
6543,17,0.9247743393476187,0.029044109007664912,2.310140176652393,2.470557353002565,6545
6545,17,0.9339221696161529,0.04952175147557091,-2.1459732378350136,0.8833541722741881,6545
6546,18,1.0,0.0,0,0,6545
0,0,0.0,0.0,0,0,6545
1,1,0.05242060371508761,0.04887227837583669,1.846210850225322,1.0130214216381388,6545
2,1,0.062056390518890336,0.05618703032224218,0.8607191275257325,1.364261918137266,6545
3,1,0.069623836859657,0.05464530870129553,-2.071204129954512,1.5804503362065092,6545
4,1,0.07165604758231425,0.06798901279284764,1.8919266547813334,2.294320066906948,6545
5,1,0.07627925063636842,0.03768302785675078,-1.3145178050805857,1.8381582315717517,6545
7,1,0.11000285271207277,0.106413307220674,-0.6344854147026552,1.5999541258363321,6545
10,2,0.12069553061907501,0.07854001261965002,2.112260475184378,1.387709224951325,6545
11,2,0.12144217733626805,0.07283706750356998,2.743457542800069,0.4180687526106685,6545
13,2,0.12498733985020749,0.0969448949758844,2.790512121791565,0.5509412776940268,6545
15,2,0.12610590906694608,0.0365895722459872,-1.7879632138966353,2.6403861429402578,6545
17,2,0.13013008188958453,0.10712187484212062,1.329642848848477,1.0404324588900706,6545
20,2,0.13155247784670376,0.08418681658885306,0.38312730343010865,0.7566401760133684,6545
21,2,0.1326986535580852,0.10268886280459531,-1.9950474081030125,1.1455892771380343,6545
25,2,0.14070030291353253,0.04354999558418113,1.6002604137349052,1.4449061575641213,6545
26,2,0.14265760736497934,0.06405596060403729,-0.8802425149879624,0.95309417551928,6545
31,2,0.15064551257702408,0.04783481039316845,-0.8838039401710581,1.3845337593033964,6545
60,2,0.17862880760970123,0.09398579424490346,-0.7972937224398814,1.2142536659569965,6545
45,3,0.1676106309500518,0.11372869417771886,1.1773973692622521,0.9447008676546733,6545
47,3,0.16995343843013722,0.11231084870943521,2.1203425702266583,0.5524611338546468,6545
54,3,0.17592406582477116,0.10644877216930544,2.525877464366732,1.5031253370731756,6545
57,3,0.17780825538113765,0.13192314404341854,1.4163744789684747,1.0571911041283781,6545
67,3,0.18427858007912257,0.0752120983843425,2.005620453188713,1.229965637371083,6545
77,3,0.19363428691484663,0.12312655948130717,-1.5339232488144272,1.3756711865275126,6545
80,3,0.19632985834474181,0.11188365788121357,1.1991541038193398,0.6483597163565209,6545
163,3,0.2403700713268463,0.06650884795027855,-1.348439214235849,1.3071214100418858,6545
113,4,0.21720143957192217,0.14702936007539158,1.0704568238288277,1.0926158433402267,6545
117,4,0.22087613475588608,0.11621817128987057,1.25723354426922,0.7751424510677368,6545
170,4,0.2441947859267637,0.09579006843209169,2.2610368124463442,1.7097699156100532,6545
176,4,0.24601224044077086,0.13761221899969142,-1.1953971828524996,1.2788055115577832,6545
177,4,0.24621124698836627,0.13190400570704636,2.4955520569258023,0.6980134304440855,6545
260,4,0.27015515541547674,0.06587374060528604,-1.6649542375747963,1.506164838132289,6545
204,5,0.2549566613843457,0.11944347319172416,1.5541469144650004,0.6888373350117599,6545
236,5,0.2631418891372699,0.17883067510812994,0.897553470127342,1.0787165326877588,6545
267,5,0.272052325525623,0.1472684001316591,0.7658212585728085,1.2548854916581427,6545
298,5,0.27818966943350987,0.12702968965315953,2.6188200700040407,0.7638968677466467,6545
313,5,0.28161704094914297,0.10647282733116537,2.0422470081365764,1.7956525264610639,6545
464,5,0.30899991546683203,0.09767541001560551,-1.7172150160663713,1.3097803630610487,6545
604,5,0.33050901154027745,0.18339684161288,-1.0889196906409133,1.4063180794972387,6545
426,6,0.3030006954198595,0.1683179456172459,0.8901520362803791,1.2504406045164607,6545
521,6,0.3180146379270914,0.08912445631944285,2.115494702356651,1.5912443793654458,6545
527,6,0.3191560277760366,0.1452151026373256,0.9937094586273135,0.9549754193496778,6545
628,6,0.3344920557095422,0.11028855250124031,2.567122281118976,0.5050236137922178,6545
654,6,0.3378588022886737,0.08741466161314247,-1.5047632271418048,1.1531946202126642,6545
1015,6,0.3756372545418658,0.190071773077441,-1.023739497358472,1.4440600476094183,6545
671,7,0.3399496840379952,0.14472148544238544,0.9672665963279722,1.2854203881117012,6545
765,7,0.3513727164358752,0.10321849220566315,2.7262206657727743,0.39122062927630746,6545
828,7,0.35706652450431475,0.07956440836454017,2.0775486581116858,1.2963227537048836,6545
937,7,0.3673782392417331,0.06943725157988588,-1.3315120330689936,1.1753059067891074,6545
1030,7,0.37729170947480173,0.13219573283140326,1.1230526632284712,1.536836511084447,6545
1396,7,0.4077960578129798,0.0786426256772265,0.7056368956466894,1.4141873846215411,6545
1750,7,0.43101645155468793,0.17073966412148928,-0.788893027243853,1.3088540794419767,6545
1450,8,0.41195836044911804,0.16997885072616783,1.2081463766463945,1.300376080578122,6545
1503,8,0.4145453721286566,0.126454588923497,1.0385220640755148,1.766310509412082,6545
1573,8,0.42001077863371183,0.07073892395786516,2.875866278402999,1.188503074434618,6545
1785,8,0.43357160354194413,0.09275580713213467,0.8222143050058603,1.2564214821443045,6545
1996,8,0.4452859814968817,0.06614190865538076,-0.684994517356857,0.45909023454997167,6545
2020,8,0.4462830440981749,0.15768392695702912,-0.8228769527511793,1.3228502587122304,6545
2105,8,0.45021072698099285,0.08633978669189671,-0.46425630360106923,1.735006024625203,6545
2293,9,0.4596451738044174,0.14145251111812523,0.9255502141656065,1.6768127885842958,6545
2523,9,0.47195153518297217,0.15712138326923983,0.9391293839470694,1.6229561033514284,6545
2608,9,0.47581413889433033,0.09140405250278869,0.989302868826977,1.0728822507091011,6545
2692,9,0.47970855820247815,0.17958625761947905,1.0581172493607391,0.9667331646094284,6545
2769,9,0.48350650052832045,0.04744729958746732,2.8161996253677843,1.4339550224076907,6545
3103,9,0.49666137501932794,0.08121945519104966,0.5220272614778686,1.238046173854689,6545
3214,9,0.500730936731045,0.04997409638803523,-0.3405772042444987,1.5540521843581006,6545
3229,9,0.5013253996998953,0.05187596362559873,-0.027506943248174518,1.0425238205300356,6545
3767,9,0.5229207775153203,0.1207755200321989,-0.7044365592587093,1.18895579606999,6545
3019,10,0.4934004194871854,0.184739400528378,1.0138799518232737,1.0223337038015472,6545
3827,10,0.5251177535019329,0.07873870635001297,2.9187905305848787,1.7725769395874207,6545
4145,10,0.5403159609833328,0.15836304870013937,1.1020604178175153,1.7335337389221608,6545
4328,10,0.5496519780546106,0.026731808620654367,0.7461550755767123,1.5869978566653375,6545
4363,10,0.5520158505347967,0.08591437862372388,-0.0002275306689571406,1.2546635337862835,6545
4416,10,0.5543979496971696,0.09795832156887739,-0.695395540176035,1.078434082348259,6545
4723,11,0.5705609576532003,0.14066474143226954,0.9376003276481839,1.3348424636603695,6545
4740,11,0.5715512049778364,0.16335317951813386,1.2721519200131957,1.6603917246525715,6545
4973,11,0.5855829933748296,0.06170796021210536,2.4083009395155575,1.617031757692474,6545
5181,11,0.6001438054443423,0.07695466529018027,0.013657976667809994,1.59570290832904,6545
5186,11,0.6004029011778735,0.10386126358364357,-0.25811652685615344,1.001654410501082,6545
5241,11,0.6051023659007031,0.08460175041095429,2.336559128055673,1.443783506001958,6545
5247,11,0.6054298566254256,0.03153786900822912,-0.9986300660370702,0.9569338546182926,6545
5375,12,0.6161864004915322,0.12358691752749887,1.1355746088389451,1.6976118388578392,6545
5430,12,0.6223831664407857,0.12438414119163986,0.9411747907313974,1.1148362071313207,6545
5495,12,0.6296019963967966,0.054707207641426114,2.5348743161665275,1.3625581584381976,6545
5540,12,0.6337870174562991,0.10475107633799421,0.6190059451843921,1.050824707037711,6545
5664,12,0.645968457462236,0.09003645276803057,-0.20011430633773475,1.6112415186523816,6545
5665,12,0.6462140685012543,0.08141424192988488,2.055368250750663,1.257967202262542,6545
5668,12,0.6463182859283586,0.08916196255901028,0.4700487514794867,1.3537814377080168,6545
5682,12,0.6471017214750366,0.14118135073264396,1.6768220043389321,1.5130560601931813,6545
5885,12,0.6703332531500362,0.07071349526541877,0.30433147720109627,0.8929055611507545,6545
5815,13,0.6615549934611255,0.13929403456081796,1.0198023968230894,0.9005902448550356,6545
5852,13,0.6661777678782292,0.08051899847820893,2.5723524604669534,1.52468507216884,6545
5865,13,0.6676379228892045,0.13425784462146165,1.0203743575965907,2.012556101368975,6545
6057,13,0.6984118473309014,0.11950900402125592,-0.35704087617186736,1.382403938621728,6545
6068,13,0.7004400595601455,0.10293420141914127,2.2952927150439266,0.7318140825348379,6545
6072,13,0.7012018131462866,0.11582526457136781,1.596982470108014,1.8468240760807053,6545
6076,13,0.7017000779935902,0.050255293266701646,2.4866718945608333,2.6282691664664757,6545
6087,13,0.7030606228100024,0.12550818485405826,1.5736703894152737,2.260257389928661,6545
6098,13,0.7057726709257982,0.0817005757299301,0.42119069246269447,1.2961732838295439,6545
6169,13,0.7175926674604372,0.07655698471685403,2.9029718730747116,0.8375966697336942,6545
6144,14,0.7128231635544556,0.15673459321258112,0.8491168655935161,2.0786738633906117,6545
6204,14,0.7239409301836259,0.16391374079875992,0.8601921539674537,2.2439524734866945,6545
6338,14,0.7537029264177517,0.09309471482137906,-3.1099098402163587,0.6516714272336646,6545
6348,14,0.7586371410517896,0.10373684893823625,0.8806937141538616,2.2664839254915528,6545
6356,14,0.7618987318847316,0.08614214879074997,1.2277914374510817,2.0661008625956336,6545
6367,14,0.7643183954435986,0.09759688165529054,0.5380021646215999,1.2476892600476674,6545
6370,14,0.7652322717211087,0.02124688038732492,-2.206252019497225,1.867829578721603,6545
6377,14,0.7674287815422808,0.08168397640038635,2.5758313983348025,0.713111343281057,6545
6390,14,0.7732942931127893,0.06536248107974826,0.8383397232797996,0.5504382735927378,6545
6401,14,0.7771208332859632,0.021565509276511425,-1.3668105816099465,0.8090804702250896,6545
6434,14,0.7901032169810565,0.09701988380147665,-0.7190825339540108,1.8965541018724217,6545
6409,15,0.7807032527546616,0.09037583628242792,0.5520670583306713,1.398927912729666,6545
6475,15,0.8138394332167476,0.11814793250522548,-2.6690001402549015,0.5681947524509008,6545
6486,15,0.8207772178052466,0.10810691051171045,-0.9407582271303696,1.7335125074382693,6545
6494,15,0.8281131779991373,0.0709212666031479,-2.2206382620944165,0.804243225953849,6545
6497,15,0.8295440110036463,0.03765131618284342,2.018134785342702,0.3762426434422371,6545
6498,15,0.8305156009364005,0.10509531304644258,0.2039265643328519,2.309251037205861,6545
6499,15,0.8306689480338264,0.050054528609321955,0.72984443794965,2.704061842118911,6545
6511,16,0.8470308267970117,0.037219804030573435,1.3592037289006094,0.4878849045684863,6545
6512,16,0.8477022490458744,0.08500290394517532,0.20237776715944872,1.5717703890627925,6545
6518,16,0.8542651939924525,0.08602371075660048,-2.2343366286986934,0.5690645556680883,6545
6521,16,0.858817035846902,0.09694121815093043,-0.7964912578728338,1.4860141631301742,6545
6528,16,0.8686543528749685,0.04870657927380894,-0.3812744541497386,1.4132827812324678,6545
6532,16,0.8814188412695525,0.07331641035107188,-0.16642032009436525,2.2537849934355703,6545
6534,16,0.8825970325060851,0.05829347849294869,2.4271470000348647,1.0673032398209896,6545
6531,17,0.880420088618963,0.10847638881140635,0.3607427519742056,1.5402089020849312,6545
6536,17,0.9057198055800807,0.07500701950189509,-2.5079523241723436,0.466437081645417,6545
6538,17,0.9149734729701346,0.08133241292552884,-0.5678007632533876,1.4581900804383632,6545
6539,17,0.915480339524671,0.07872654955093238,-0.013394553572087062,2.381562915811814,6545
6540,17,0.9164171016231797,0.07552607033364381,-0.11018772330920458,0.5560410123497205,6545
6541,17,0.9189581437358962,0.07607556129213995,-0.5219668459647383,1.4620388909473907,6545
6542,17,0.9301370668293139,0.06417333080590956,-0.2890889045387702,1.369165130654002,6545
6543,17,0.932527810956126,0.05870895651801846,0.8790519275243003,0.40808025512873536,6545
6544,17,0.9497908734105818,0.04428848177813597,-0.47903136906128424,0.8120857160427704,6545
6545,17,0.9686856853213066,0.029161851239999155,-1.1972924042132544,1.2096837044247308,6545
6546,18,1.0,0.0,0,0,6545
0,0,0.0,0.0,0,0,6545
1,1,0.06430517196885865,0.04409357765283821,0.23745923818481995,0.8602142034677643,6545
2,1,0.06828159102714726,0.05811429528106999,-2.0905846809133886,1.867844396863768,6545
3,1,0.07109627181905098,0.06540359224329242,-0.29706407188177686,1.2720009082474433,6545
4,1,0.07873871009668432,0.07357752166046906,0.695272037266706,1.1495937574348767,6545
7,2,0.10719746130557117,0.07337384979493293,0.06691940074484275,1.0947499557311136,6545
8,2,0.11459734991227233,0.09464487289300641,0.5883847530052345,1.0646830319106584,6545
10,2,0.11614932724931004,0.08619999961459902,0.8856787542003546,0.7869631013531468,6545
16,2,0.12776800886845574,0.03778139330994717,-1.336453038675981,1.8844292424721336,6545
32,3,0.16165670799764187,0.08570034920286358,0.4688399640136808,1.124826623301994,6545
36,3,0.16375129270127176,0.02578543516163861,-1.0774135660096935,2.2035992163984526,6545
106,4,0.2191183205766032,0.09501586060217042,0.726046430044358,0.9694363391758335,6545
152,4,0.2375476829397778,0.0833633391966828,-1.0926897208467476,2.2879373494005426,6545
258,5,0.27038842312942346,0.0807389501327481,-0.8489207168201438,2.162994515515603,6545
394,5,0.29680489414467137,0.15510487735558537,0.4258274741043553,1.1844342274410504,6545
641,6,0.335767200567623,0.15729753139987013,0.2728052387224322,1.1774035823138234,6545
692,6,0.3431048571793026,0.11023756186694754,-0.8650899307718143,2.0333084485857382,6545
1138,7,0.38522421595550127,0.18495452616276178,0.4440634233196356,1.1673229494713637,6545
1256,7,0.3944606543398965,0.1347125880280788,-0.6964172832872813,1.8551970774069053,6545
1512,7,0.41273035970527594,0.12234619880876797,-0.4098657758676981,1.971815658786118,6545
1577,7,0.41731126416932374,0.20678966218979908,0.16630855424413782,1.1294341538678936,6545
1681,7,0.4229368161326582,0.1304009284259968,-1.028925733892287,1.6947200535478988,6545
1867,8,0.4354122053996614,0.1511214935938896,-0.542272904697363,1.7085833770470988,6545
2172,8,0.45203196005662083,0.12097669513802577,-0.9821205426244599,1.6511596375597777,6545
2250,8,0.45540513879373934,0.21882455593932956,0.6339811274700919,1.0859816544410952,6545
2290,8,0.45752714629016034,0.20850068159640014,0.16971394686262387,1.126170298988364,6545
2786,8,0.479049224874054,0.1744955171734031,-0.6122542235016457,2.0123061276720895,6545
2818,8,0.48040526107101267,0.16386900835952703,-0.7682473404715541,2.0716017439155108,6545
2809,9,0.4800219540025549,0.1835737201153635,-0.5780370995821494,1.5469011781192246,6545
2893,9,0.48388617410252044,0.22023583869418717,0.7602905114464635,1.0873713558829834,6545
2941,9,0.4858448701573046,0.129083128338168,-0.7626724881171567,1.6501590102141752,6545
3097,9,0.4921136363588918,0.20592040974399967,0.30467848016412125,1.1667286575718627,6545
3883,9,0.526229260388384,0.18896897970756393,-0.6925741054718649,2.092122632452295,6545
4370,10,0.5494346644312019,0.19600443160005535,0.5203412160230467,1.1156178500562293,6545
4511,10,0.5571512409698168,0.19583421430234235,-0.8519779062459067,2.1545994817604988,6545
4626,10,0.5631436360502629,0.18078324959485703,-0.48708706835465,1.8104739691065772,6545
4642,11,0.5640197061702698,0.19405822629250055,0.5265049364946874,1.1430359556418197,6545
5530,11,0.6287625216353174,0.18689076211854622,-0.408413602563731,2.1366832782794134,6545
5167,12,0.5969367303912012,0.222645659627518,0.5647370943816816,1.2028899154629888,6545
5292,12,0.6064209364001258,0.21863008971189196,0.48643679386645233,1.2314293321022238,6545
5750,12,0.6505108356934013,0.18111177938207357,-0.3657834194596554,2.189561392179125,6545
5725,13,0.6478338615150525,0.1970202910444315,0.5127274620852174,1.2674501080062086,6545
5985,13,0.6807284884570901,0.1774206807413118,-0.17189564648191677,2.207298863764594,6545
5952,14,0.6734638283743068,0.19534541122860352,0.43924695451626355,1.1999494491966298,6545
6253,14,0.7313839375512663,0.15255867759500769,-0.3163595975855377,2.1015156039599927,6545
6263,15,0.7328635323294063,0.22975205908449484,0.5893062491841301,1.0153517773739211,6545
6451,15,0.7837307579374932,0.1129104516806825,-0.17707346431963958,1.9442799110509201,6545
6382,16,0.760463596362705,0.21654321331068038,0.5400171725440711,1.0200685680278339,6545
6501,16,0.822256799823334,0.11425238568643492,-0.2547852153997973,2.023553644338116,6545
6505,16,0.8250424014453251,0.10993606375511915,-0.3812820058921491,2.2104114068648633,6545
6529,17,0.8650065669157216,0.10845517461791235,-0.4302752762095387,2.0526602011188997,6545
6532,17,0.8757603985165909,0.12376823935726704,0.12382914341860343,0.854866191404279,6545
6535,17,0.877759091618773,0.104888955796108,0.5548013309336465,1.0613098096791445,6545
6541,17,0.8919989173055533,0.07060629870421803,-0.7241097800986867,2.0095026666349547,6545
6543,17,0.9026638672194267,0.06708981038556,-0.7293764791838173,1.6978556907851974,6545
6545,17,0.9220532548187872,0.06894646844289125,0.7839781994567475,2.171301350592728,6545
6546,18,1.0,0.0,0,0,6545
0,0,0.0,0.0,0,0,6545
1,1,0.05257428572014644,0.049648315743053555,-1.689115529364688,2.1748289785832093,6545
4,2,0.0896733531556333,0.0592352465955411,-0.9753677990430045,2.289922496475755,6545
15,2,0.12428320318642783,0.10400428094267249,-1.9206177842263237,1.8892627276024758,6545
21,3,0.13251795251499787,0.06411456699946512,-1.939468334229112,2.400117390262567,6545
66,3,0.18042377590159908,0.14313493780877132,-1.192932178620303,2.3316890614795938,6545
132,3,0.2203942072701479,0.17731323025233445,-1.5496853340713541,2.00421709058261,6545
138,3,0.22134717082855715,0.18087960982526316,-1.6255436812082262,2.204163837594831,6545
85,4,0.19643088121956953,0.11613304339788097,-1.7963008584833904,2.1531273769994184,6545
283,4,0.2681375066331677,0.2015294676512441,-1.523631188480476,2.1305816455860764,6545
318,4,0.2756036899118106,0.21858916111251678,-1.3866477259674819,2.4331853172503553,6545
567,5,0.3204674058782889,0.22766494231640802,-1.5332760180474378,2.3325578146882435,6545
836,6,0.35113892051038564,0.21742311605404543,-1.5183047278867896,2.3224546430371267,6545
1060,7,0.3715743367032781,0.21154123521275697,-1.5956415555320838,2.305944114040385,6545
1895,8,0.4348454793828802,0.20605555187874974,-1.8940442274358158,2.28443301580155,6545
3225,9,0.496652683912172,0.22877402878239958,-1.7454548716122504,2.273769201008419,6545
3523,10,0.5074424369989162,0.22361654262493638,-1.709434805838094,2.2841839295199655,6545
4462,11,0.5519520597359131,0.18566058050224135,-1.6033353632158551,2.2231691471981345,6545
5012,12,0.5879378552519522,0.19604925549052168,-1.498982858951836,2.2106812957079773,6545
5441,13,0.6223924728076777,0.20154569495161648,-1.4114188513161554,2.1612377915052012,6545
5568,14,0.6338198309514335,0.19818997517545692,-1.4325777460217408,2.166707955432839,6545
6194,15,0.7134045055479217,0.20350581113990834,-1.3068545366727167,1.8071389346653404,6545
6232,16,0.7233888186427798,0.19582992880900488,-1.2997277574140884,1.7767605518287148,6545
6429,17,0.780661801143722,0.19368519471373782,-1.3724600526665183,1.8815341556158902,6545
6464,17,0.8036691445050558,0.1763390286242581,-1.6303990064901601,1.9936553157479346,6545
6484,17,0.8181539764782484,0.14735754228048556,-0.8415006076380929,1.9010361672024203,6545
6524,18,0.8581280067544662,0.14025345475045967,-1.736661899775151,1.9224357147608262,6545
6536,18,0.8851586025942862,0.11085616331596398,-0.9442403270215918,1.9522046594305607,6545
6546,19,1.0,0.0,0,0,6545
0,0,0.0,0.0,0,0,6545
1,1,0.026218828703948538,0.024208065406916376,1.789822243189412,2.877005111898493,6545
5,2,0.07776206727854884,0.05093005684500733,1.9101819436156533,1.7046218864909086,6545
7,3,0.10848438877547883,0.051633616199399775,1.536755383087056,1.9212375304070335,6545
36,4,0.16154460639577062,0.057309712988763285,0.6245999100862734,2.20244987545963,6545
110,5,0.21375252756605811,0.04493391623738965,-0.4045043874509526,2.3964382549807848,6545
467,6,0.30674405053552867,0.09946900232458508,-1.2365164519683767,2.73684529732654,6545
752,7,0.3469882147273532,0.11295594288710929,-1.385622358848547,2.6406745874292827,6545
944,8,0.36613217341018356,0.10587628064373625,-1.4840001234340008,2.636187656608825,6545
1402,9,0.40509652773509286,0.07024945073089497,-1.2548307514719188,2.635681031583671,6545
2378,10,0.4606654333249326,0.10676420959665786,-2.0966040991853903,2.503904957703775,6545
3033,11,0.4918253632955053,0.10936081123040427,-1.6552936336563673,2.632730526178265,6545
3845,12,0.5262120819650915,0.11743103433221519,-1.5851011227915572,2.5169190633575678,6545
4683,13,0.5681095575052519,0.12982852845632414,-1.4270602730693887,2.306330467575808,6545
5434,14,0.6201618129906907,0.09423741864981522,-1.8157958827876224,2.49437060331591,6545
5664,14,0.6400131766324946,0.10676206216593644,-1.8768765246065022,2.725848958256012,6545
5866,15,0.6649713166584618,0.12140657893071011,-1.8523562623072451,2.7502744411518005,6545
6224,15,0.7200309792937557,0.12349483443680814,-2.9977422286344684,2.1381954490030024,6545
6283,16,0.7290214947498737,0.11325179813295218,-1.94212666224905,2.713416768176291,6545
6332,16,0.7405146294401904,0.09326730783380854,-2.951923178298378,2.533000062860624,6545
6345,16,0.7434804267918992,0.08649975379657371,-0.8611446735028739,2.6685233977816836,6545
6355,16,0.7463349584055747,0.1325031173084064,-1.65416506812776,2.896947075144876,6545
6380,16,0.7570582575651067,0.1196664546076895,-3.1237993369329606,2.1423485502855972,6545
6433,17,0.7778954151981112,0.14286106858092204,-1.947388441326863,2.5209718254778273,6545
6471,17,0.7957654256714917,0.10249952673502186,-1.705505623149755,2.25370506065282,6545
6485,17,0.8038810485117732,0.14215273046607577,-2.815287822809255,2.093263910233797,6545
6501,17,0.8135850485633311,0.09667976182040595,-2.451792922571335,2.568352743364321,6545
6537,18,0.8770351098850249,0.07351314581573681,-2.159278057060658,2.175349048196934,6545
6539,18,0.8799033508315744,0.10852020936501137,-2.728771133441997,2.0204301963974585,6545
6541,18,0.8874153953088871,0.09724740759999244,-1.3374845670838813,1.5978678167250602,6545
6546,19,1.0,0.0,0,0,6545
0,0,0.0,0.0,0,0,6545
1,1,0.05752758692940052,0.051728017444519894,-0.9048794512246499,1.590755011661444,6545
2,1,0.08556310468481776,0.020115599892976496,-3.030528377465731,1.9215537812432186,6545
3,1,0.08914782666878984,0.07848105177383254,-3.07311810521183,1.8526343144119886,6545
6,1,0.11655225367119482,0.09935251706895668,2.294566383014227,2.2803859702752627,6545
16,1,0.12724687710110927,0.08356474880898769,2.3209120339628564,2.150687578456707,6545
10,2,0.12146519647764653,0.06437794413014598,3.072319341812107,1.5669769678477314,6545
13,2,0.12494872405447233,0.037176518879034844,-1.9245817553477376,1.1769430576342033,6545
24,2,0.14123508272153762,0.0652268499738418,0.3676382395583834,1.127368828990532,6545
33,2,0.1477102017331542,0.0782239616580747,2.559210705131116,2.2511211870907806,6545
48,3,0.1697742747998947,0.05646912092258264,-1.5290824422190938,0.41329006554106,6545
78,3,0.19295668941657584,0.09656550220124382,0.1920115271757359,1.2343874938918526,6545
93,3,0.2050078382333136,0.04060736698114033,2.0970021279006903,1.8282465694061558,6545
161,4,0.23342439393196834,0.11671800326113937,0.08878566792482852,1.1856828114912503,6545
183,4,0.24181751140975705,0.04456358739738172,2.286387944039557,2.4954157188708503,6545
199,4,0.24585985729614368,0.07735693154012455,-0.20107361892435952,1.0360551786616494,6545
222,4,0.25196604304499537,0.08614207890075841,-0.5566203332520472,1.323391301049845,6545
384,5,0.28809822049845835,0.04367805604404808,3.0532358237645996,2.0560901043085256,6545
536,5,0.31700978765340304,0.08290610633930602,-0.19780699282017541,1.2232035599672741,6545
835,6,0.35636343317142705,0.0949943282701874,-2.821745081086731,2.0045948036565178,6545
1004,6,0.37331259132820216,0.12116564682510746,-0.2796682492443831,1.346713076560457,6545
1290,7,0.3954571169994592,0.08775720285776278,3.1043083791947055,1.7739818869851416,6545
1642,7,0.41869473818212954,0.10238618786569598,-0.11782640554888185,1.2519695925826622,6545
2184,8,0.45100932817176553,0.11226913192102564,2.6953383598703846,1.910362763776653,6545
2505,8,0.46798710368808183,0.10268530774624264,-0.23756628802953356,1.6844581408701356,6545
3611,9,0.5157563957633094,0.11974528747523502,-0.5533997981408765,1.6764357012824396,6545
3614,9,0.5157977517079009,0.0732990087969223,2.722059260590353,1.40430404169004,6545
3998,9,0.5331654485764002,0.13821001876345768,-0.13811693620393753,1.4584380858123391,6545
4256,10,0.5445350853437657,0.12919442954169205,-0.6127434534500162,1.7917265749356752,6545
4539,10,0.5608862513443618,0.10044987099065121,2.9306028733566447,1.1908174630728925,6545
5014,10,0.5929422920120737,0.15017160002391935,-0.03355844416596497,1.8034737664271496,6545
4483,11,0.5575269432659629,0.13156593664358607,-0.6374944072141212,1.7110930503414983,6545
5075,11,0.5968108104233822,0.09224579634909094,2.9654456332618135,1.2943167046542918,6545
5404,11,0.6231350969382213,0.04281975802713678,2.7396874302851386,1.1721987414655197,6545
5469,11,0.6273576659175204,0.12822776014167667,-0.030901057645911223,1.9718070467150293,6545
5543,12,0.6324532732335797,0.131213572646312,-0.8121374961530871,1.7307036872672985,6545
5734,12,0.6519006340354412,0.11461080854757971,0.04580930345949905,1.946794609781095,6545
5821,12,0.6607394890231015,0.11485679542434592,-0.07541386733204755,1.7515418852917024,6545
5825,12,0.6612942483828441,0.06558497848831116,2.7191802986165237,1.2619696032811287,6545
5852,12,0.6645947224263229,0.10116186654505056,-0.21400107009791253,1.2034743294787291,6545
5864,12,0.6656965547126299,0.11926908478328603,-0.7374177271869519,1.3580487150826313,6545
5986,12,0.6834506730335931,0.026797580811832093,-2.8629996186077844,1.7566356538718502,6545
6005,12,0.6855696436509165,0.062297651573739954,-0.3881850184901923,1.6772312895264407,6545
6078,13,0.6977060442546226,0.1049294098668903,-0.6989903873210698,2.1810490246633525,6545
6154,13,0.7095341185984454,0.09807022001016968,-0.4294261883462029,1.2045738516220421,6545
6201,13,0.7187518100820357,0.07392031837594884,0.0839363134727292,0.9147393875046117,6545
6217,13,0.7221520526309355,0.0549859547338715,1.9007912392692647,1.2129771411304953,6545
6227,13,0.723931076859316,0.08196409103164701,-0.8582917484151454,1.4296375675500141,6545
6289,13,0.7378091530260542,0.05940424230383789,-0.24723596572784623,0.9920710923979806,6545
6359,13,0.7610983152842966,0.03709882342366345,0.19416997198779465,1.487915231544555,6545
6365,14,0.7620404326856117,0.13654319720004707,-0.2694685182478321,2.2679188290350716,6545
6400,14,0.7721826954240453,0.09501716227593997,0.2796308239427541,1.2611722120356674,6545
6425,14,0.7841027409691728,0.05528973325288272,-0.8511716314010863,1.1284179459274941,6545
6442,14,0.795941691401275,0.028262119490274882,-0.40862398884066203,0.756720836421799,6545
6476,15,0.8131477857641278,0.13556945742761817,0.029898399690013892,2.2995167709506164,6545
6479,15,0.815218118879046,0.09825478124910023,0.46105975120779175,1.431643418107344,6545
6498,15,0.8339198395602354,0.05457750402933557,-1.0787543931929295,0.7186008903587909,6545
6503,15,0.8381373002782935,0.07526793235601126,-1.1920083433255815,0.3770529645117045,6545
6514,15,0.8473726555085154,0.10110588739319795,-0.7261761627575173,0.923090247375313,6545
6528,15,0.8650886326235823,0.049412168345637435,0.5507505951580407,0.17469189395398554,6545
6505,16,0.8391552944752922,0.11734844697853929,-0.07969651118163812,2.188226779919368,6545
6513,16,0.8465889295917545,0.09305782703114397,0.21436422350419607,1.3123692762584862,6545
6536,16,0.8830080317293822,0.08714374162340982,-0.7984080928465453,0.8013271650185744,6545
6541,16,0.913932971038851,0.04084328575463465,2.8652362132864573,0.6070637806067906,6545
6543,17,0.9221010531241047,0.06568031162433388,-1.401806890564496,0.7093698112323212,6545
6544,17,0.9275700687736113,0.0391451671489171,2.3685358108427246,0.6383464321084107,6545
6545,17,0.9405845458309122,0.05719429145890718,0.05312617740046558,1.5923623074546804,6545
6546,18,1.0,0.0,0,0,6545
0,0,0.0,0.0,0,0,6545
1,1,0.07345655436910625,0.0518704404440952,1.8099895514503839,1.7990917008937242,6545
2,1,0.09162776949023799,0.052252631288202636,2.614629436701698,0.623875483970418,6545
3,1,0.09459064864331479,0.0875874488285104,0.7009674316926485,1.638089007032076,6545
4,1,0.10012642960291462,0.08840583507011801,-2.4105143786346637,2.0626397402782723,6545
5,1,0.10372031301993412,0.07708672176382057,-0.989826649529376,1.0804225853435134,6545
7,1,0.11066147801677384,0.07572006273584293,2.397790361070089,0.28706354621209523,6545
15,2,0.1474317540289658,0.09920960746422773,2.6066267971144987,0.5358948865347177,6545
18,2,0.1556095576058094,0.06648210151962587,1.64388467622052,1.5382308139109975,6545
19,2,0.15672075863967316,0.08680911311562593,-2.5749488883146268,1.9681451989010634,6545
22,2,0.16138083333630782,0.06727369347566022,-1.649012263057726,0.21275968718152935,6545
60,2,0.1924324933324305,0.1180812366899755,1.9056938812751059,1.1646907055154914,6545
66,2,0.19596016164468677,0.07783666989206557,0.605062589793483,0.7935547721664654,6545
73,3,0.1977047834108615,0.0734189846001522,-2.5030343614083685,0.24410593423625096,6545
76,3,0.19964210532956939,0.09840263046276303,-2.9204948447346415,1.9023881561514593,6545
101,3,0.21276406117431335,0.07906569239774273,-2.885620326940862,0.4175832450161441,6545
109,3,0.2166364038253924,0.13687201347019468,-2.6836338109049094,0.40339734784493186,6545
120,3,0.2210804819608695,0.118124941962495,1.8635002306560093,1.1040515221212146,6545
131,3,0.22523739443219937,0.06421535706316851,0.8405901443929281,0.675280331290307,6545
156,4,0.2328658805560797,0.08748597659029722,-3.045038440410959,2.114819665705919,6545
180,4,0.23898649163218177,0.04171355881072891,0.12114627353091421,0.0745536793387334,6545
229,4,0.25518241161462085,0.12415151602339414,-2.734304817528165,0.6477600124393125,6545
244,4,0.25840233678316205,0.05819389108014811,-1.3562156867038921,0.46305020184116913,6545
335,4,0.2776331461617204,0.09076388174525504,1.6403647190242425,0.6029036345300597,6545
379,4,0.2854469051768822,0.10057451666139323,2.09722912248128,0.7059687170056659,6545
389,4,0.28772030978212226,0.07339085844610228,2.4479453631419164,1.2194431195742927,6545
375,5,0.28480721926670893,0.03474237155151812,-1.0846685911427245,1.2670177658335835,6545
655,5,0.3320616446497685,0.11850425260307602,3.0470227194556707,0.7023134813390016,6545
669,5,0.33407669390664674,0.05890615788217807,2.560315869876898,0.9535740349496011,6545
722,5,0.3404882509337993,0.08028356476348592,2.725011353623293,0.624175918361907,6545
847,5,0.3542858818693063,0.08250358268579233,3.068234640910464,0.6490329546684164,6545
664,6,0.33359761506661645,0.027487150700979363,0.24163799300977995,2.2688946029436337,6545
1040,6,0.37571975172773564,0.08231381769316555,2.8304897190607323,0.5678386514711147,6545
1390,7,0.4044264292243035,0.05030521047449566,-0.16415918786206501,2.6470539502622628,6545
1557,7,0.4165968145232595,0.10612749802830339,-2.795609330654038,0.4089568390467814,6545
2321,8,0.45924999124190713,0.11289254615054622,-3.074831880708275,0.754035654576586,6545
2406,8,0.46364411286780616,0.027751519155285755,0.3543171438256807,1.2648417196345416,6545
2756,8,0.47772244998342306,0.1074501734515709,-2.301149721453383,0.46494589851571294,6545
2877,8,0.4832889489247082,0.03158321008618399,-1.7848042670158293,0.5773300540950451,6545
3512,9,0.5091665220914516,0.09213460609497066,-2.4968630853110603,0.4283303980139319,6545
3653,9,0.5155093344517874,0.03853654076486562,-1.3404600043422332,0.9868850685423403,6545
4049,9,0.5336097504355788,0.025909979534917204,1.771447910983104,0.79917800527622,6545
4736,10,0.5708756388855278,0.03841356952977347,1.9485953639190816,0.7830449729745703,6545
4739,10,0.5710495407504216,0.05212573331954767,-0.34271798803857123,0.3204226573076874,6545
5345,11,0.6141858702779613,0.05592968118164575,1.3177301551005525,0.7192031751370749,6545
5534,12,0.6311123996081739,0.042937045549258916,1.0852521097970436,0.7969395753033429,6545
6068,13,0.6922737045265971,0.05080168861043501,1.7853245973794762,1.6595802634785564,6545
6078,13,0.6938418224042116,0.08480621564111232,1.0819863390705953,1.2218621313906728,6545
6134,13,0.7029040168592144,0.09084582698932749,1.3937360062948314,1.6187281255671218,6545
6172,13,0.7085436573598435,0.056090849892850764,-0.25528210440446236,1.2102223605788662,6545
6336,14,0.7486879477893305,0.0973155486152058,1.3709713342340883,1.2740590481313092,6545
6383,14,0.7621468697245555,0.07467369872413569,2.0340971375165604,0.9987100731299795,6545
6402,14,0.7703242441495531,0.05016790986679967,-1.3693334679557916,0.7885070730387189,6545
6463,15,0.8068429653055182,0.06461175173042429,-1.1199290785259952,0.6925313628526777,6545
6467,15,0.8089912265272036,0.05258579198345436,1.4878469923178628,1.477690613225051,6545
6468,15,0.8090118792710037,0.08939581726904927,2.04027652354679,0.5584069478496826,6545
6514,16,0.846947610459759,0.07192105717004764,1.185179583849366,1.8212758362102277,6545
6527,16,0.8611596982225173,0.04093024282910537,-0.1935371414983789,0.7201267882210451,6545
6543,16,0.8941401083394004,0.07566807877907332,2.6300660090127144,0.8929714913505626,6545
6541,17,0.891733180815582,0.08218911191353417,1.1835129508841236,1.9899295857003079,6545
6544,17,0.9172980999123054,0.08217828874459056,0.3505659807605704,0.534881882539343,6545
6545,17,0.9363656929503325,0.05888871774627114,2.8581731169486866,1.063596348691339,6545
6546,18,1.0,0.0,0,0,6545
0,0,0.0,0.0,0,0,6545
1,1,0.06407397971368134,0.039232931418360824,1.2981795005918924,1.5632296966421393,6545
5,1,0.09783513305904556,0.06818307042365504,-2.855748026093814,0.8608495438763605,6545
13,2,0.13393945814136698,0.10113907712190083,-2.979989007032037,0.9641003122454683,6545
30,2,0.1581359061211094,0.0675842985160116,-2.858974630303188,1.9087869499289725,6545
36,2,0.16244285634406364,0.09381710544912074,-2.863229856062701,1.566415236238337,6545
74,3,0.20208322159569814,0.05509996860166705,-2.150225978295309,0.8687953234827329,6545
84,3,0.2076150912655942,0.06586631832604353,-2.8802142830151474,1.4307853718725259,6545
233,4,0.2552347831107097,0.052482489425861076,-2.4297532656608083,1.1841388617805944,6545
440,5,0.29807266067532534,0.04728029842470605,-2.9775336608621137,0.480582570457085,6545
501,5,0.30699045417837456,0.06627505545254077,-2.025367414720504,1.0200570117195027,6545
790,6,0.34709039230528105,0.05526827632451462,-1.9261261784906316,1.0752864698551892,6545
1151,7,0.38223215633405394,0.0426527534413752,-1.1911338005142946,0.9669708252156574,6545
1508,7,0.4076998309249793,0.09136065031196301,-2.236874414004912,0.7659270045757693,6545
1666,8,0.4163745824903028,0.03952131449492611,-0.4732753143395728,0.915451385719355,6545
2117,8,0.4448115174264131,0.08291488251460477,-1.016050682853828,0.4379317923100858,6545
2504,8,0.4651709915456548,0.08366077658067823,-2.0424358209117406,0.784082202198121,6545
2412,9,0.4609933187652028,0.006557093114020755,-1.8025137071516613,1.9756401286762366,6545
3444,9,0.5048095301698096,0.11205253767028107,-1.176166744379531,1.361658788293774,6545
3566,9,0.5096491409460141,0.09748292332473059,-1.8015132333905473,0.9372413895899575,6545
3786,9,0.5193613433668286,0.07725483195616559,-2.060015720614691,1.432716410655586,6545
4220,10,0.5395579613714292,0.06698422702925068,1.4336723475221271,2.2810546799551257,6545
4225,10,0.5399975570346561,0.06823707498164724,0.6508288383758519,1.8996693053222755,6545
4680,10,0.561995966530552,0.022624086317321032,1.5202322776756139,2.040065452795202,6545
4760,10,0.5677083084909437,0.13024623938985413,-1.2858894984033935,1.7309746732544793,6545
4773,10,0.5685861036070408,0.10399075181623074,0.0659363768775251,1.5507512222938886,6545
4875,10,0.5745117930814567,0.08769771300365625,-1.5781117371066626,1.5947245718074308,6545
5090,11,0.5889073751732515,0.0741765991308217,0.46259599975112764,1.2745290333585066,6545
5290,11,0.6039525332774583,0.09901829347888759,-0.05848969650309091,1.7768397659281223,6545
5425,11,0.614778425971164,0.08962968958059905,-1.5826109077739041,1.3082912856057467,6545
5557,11,0.6276863025130266,0.04543004993558819,-1.2147493017567583,2.7900862301536495,6545
5648,11,0.6357366139136887,0.1517788781917692,-1.5652146584461375,1.5273781402331077,6545
5521,12,0.6242834593455053,0.09403820164609941,0.49947423923100037,1.2391902812250983,6545
5695,12,0.640392774533654,0.0733417875414236,0.2002959394362674,1.4880813871332752,6545
5927,12,0.669119399920179,0.07149795512218562,-1.8531916992245112,2.921454952903776,6545
5986,12,0.6789737350746905,0.04076047092070271,-0.6618371396863361,2.0296493635619504,6545
6050,12,0.6856749282314807,0.06443626539176485,-1.163505884797935,1.8536787613644243,6545
6060,12,0.6874134050301222,0.114075613342365,-1.796096644166729,1.6053208348962813,6545
6128,13,0.6989106201441835,0.06298787538291536,-0.32565293132814943,1.0258905974814103,6545
6209,13,0.7123248506634886,0.061084749452273344,-2.050763185268984,2.330614879230131,6545
6214,13,0.7131184755154691,0.02499485863669591,-1.0236333216817166,0.3772225304849996,6545
6305,13,0.733508006302335,0.028554090452225196,-0.7695934142652331,1.734595671527096,6545
6341,13,0.7432681555589933,0.1218300231472041,-1.846007010751772,1.9604678142418368,6545
6340,14,0.743156288136487,0.0873388354046411,-0.645141813084644,0.9609866095869548,6545
6368,14,0.7530558259964835,0.052323001222450066,-2.9968571889473563,0.48014994657132704,6545
6375,14,0.7560707244728581,0.016338771443726547,-0.5603883940348191,1.3302435614316606,6545
6376,14,0.7560887953215538,0.06905311597479462,-2.631667536964488,2.330636897143717,6545
6386,14,0.7586327726174458,0.12462893242917368,-1.8005161198485422,2.027516473396352,6545
6390,14,0.762422749105925,0.03413945645172787,-1.556414077588885,0.3751981123094478,6545
6441,15,0.7849477303925475,0.07029169424231696,-0.600731469468075,1.135323215980927,6545
6450,15,0.7878591015100771,0.055439636510771335,-2.625862284800336,2.4760893947488207,6545
6474,15,0.8022962411182311,0.0390177844375588,2.939983424785998,0.8871254888566,6545
6478,15,0.8046421421146209,0.046741495910015834,-2.9310906460619552,0.8661651313001424,6545
6498,15,0.8263580530708513,0.07965240653611833,-0.5635318350473931,2.1036252599883056,6545
6506,15,0.8333031019341028,0.11685805681393685,-1.5620040254944183,1.9640106818408216,6545
6502,16,0.8312633655714455,0.0573151179896462,-3.076257978932009,1.1467285406619703,6545
6516,16,0.848047549222082,0.04664149824446128,-2.8157663584891512,2.6862579060721385,6545
6540,16,0.8962857369922022,0.07753339401140992,-1.1768643808752886,2.0719248359413402,6545
6541,16,0.900110732796785,0.08731720185447966,-1.3477618194359127,2.692492750672384,6545
6543,17,0.9131726949757218,0.07077670566895962,-2.392058925798254,0.7184961524706599,6545
6544,17,0.9299056565251527,0.06405871278510229,-2.393735940491093,1.6681694031081007,6545
6545,17,0.9370525108046704,0.06107145982136134,-1.3755285978165708,2.361635301968532,6545
6546,18,1.0,0.0,0,0,6545
0,0,0.0,0.0,0,0,6545
3,1,0.08466951733983163,0.06311690957937756,0.6836280861038773,1.3809879067428419,6545
16,2,0.13215426045508583,0.07586878112397794,0.44952805390305856,1.3354590451662451,6545
31,3,0.1552256196020092,0.08955462297613527,0.2191151913823937,1.3469924184352924,6545
48,4,0.18310756929863292,0.09114505203745188,0.3726111407958851,1.132400234620765,6545
254,5,0.2695661991326892,0.08073460843212281,0.2967013848507477,0.8298312239334683,6545
635,6,0.3335573374600521,0.11545310424786025,0.3464410183851452,1.2463077158976033,6545
856,7,0.35753794792922955,0.12899980794208019,0.47667903409894535,1.199052145768122,6545
1552,8,0.41109039294342953,0.11945354811114718,0.1894029504357811,1.0016556487479833,6545
2172,9,0.45201952646343413,0.11750185709339077,0.289026784952005,1.072199549454944,6545
3601,10,0.5140650543023475,0.0707088264652707,0.07554721325385788,1.4261243321478416,6545
4549,11,0.5595982568746951,0.047802889125551404,0.0834560639537136,2.0277872995420076,6545
5348,12,0.6132918753072437,0.029230373513525983,1.597734455510912,2.5897196619721212,6545
5433,12,0.620824613011146,0.06933249529277906,0.9369894981957541,2.560477969441823,6545
5901,13,0.6723649034801864,0.055197485006833795,0.6255325629446008,2.683770446773227,6545
6138,14,0.7028732334847394,0.06281277986299155,1.0722599907289745,2.872961725509872,6545
6398,15,0.7663769996680458,0.032302087319976865,-0.1960741951375331,1.9353925998047359,6545
6473,16,0.8068164418474947,0.0519424568969991,-0.8755803512581085,1.5412624839259093,6545
6528,17,0.8627089678870938,0.04975684491971609,-1.2651312503423173,2.569629656446006,6545
6540,18,0.9058196554815462,0.06469977161951776,-0.8790282350204665,2.820716986553247,6545
6543,18,0.9117546083314223,0.04027029428572036,0.1249282931999048,2.802314843155034,6545
6545,18,0.9289055503816336,0.0406800793716808,-2.049852859517162,2.662094338079068,6545
6546,19,1.0,0.0,0,0,6545
0,0,0.0,0.0,0,0,6545
2,1,0.07469156770650065,0.06415709156247214,-1.9513012350792565,0.6680355262474212,6545
10,2,0.11504431519717773,0.08057980022644883,-2.2004182641923102,0.9900851571862459,6545
42,3,0.1658304411502256,0.07410894090815731,-2.6792565924217877,0.9159479815923246,6545
72,3,0.1888001214802434,0.05803879551642765,-2.1354423222247547,0.7926116588545032,6545
158,4,0.23119181646872544,0.11085072111122762,-2.8550207084975705,0.8343122463931965,6545
183,4,0.23852383082518203,0.13297122903485561,-2.531423436234981,0.9051028340999975,6545
194,4,0.24323722806310455,0.061876411597798574,2.4683703211384675,0.14474818455573776,6545
311,5,0.27623414334040486,0.1291629239845662,-2.4357637393481246,0.752284940096802,6545
374,5,0.2893847437604282,0.09195408301137868,1.7294316081705459,0.02663993720065127,6545
574,5,0.3205820855815049,0.1560897060566139,-2.9934620436214225,0.6458206363281944,6545
663,6,0.3330224099666933,0.11825514265225914,2.1071677577496497,0.22712641733354552,6545
787,6,0.3496042935809841,0.1577037995541387,-3.0601853313215015,0.5397961485853582,6545
1148,7,0.38385983793100076,0.15280507050012573,2.9088563924243473,0.40898691857367103,6545
1301,7,0.3950833395019199,0.10456231484749026,2.934152800821212,0.6299460618082671,6545
2069,8,0.4455409143743688,0.13938130717552902,3.0524904829409962,0.7800763058547239,6545
2711,9,0.4771655634463404,0.12710313911299365,3.0944177917601956,0.7019890749955684,6545
4493,10,0.5559080905999366,0.07538296705304648,2.776507615662317,0.9227421505578731,6545
4553,10,0.5592190297056345,0.10195734936110233,-3.0133689048676096,1.2577584666461572,6545
5256,11,0.6055403083605035,0.11698996709857898,2.9991423861930384,1.0646616836956717,6545
5681,12,0.6384087571027885,0.11322753236001802,3.024809894733636,0.8115131765592697,6545
6126,13,0.6955142734183255,0.0784801378622792,-2.792176373463103,1.053760573301438,6545
6399,14,0.7668558319065715,0.06126062260344007,-2.4459808426321157,1.6299763904960525,6545
6484,15,0.8160747747559833,0.03981201029787811,-2.6537095006858866,0.8988100122719935,6545
6498,15,0.8277928304906772,0.0906153422778611,-2.6761161572728156,1.799732991836601,6545
6515,16,0.852832445965336,0.03772452916151634,2.866180989064458,1.1352878253128063,6545
6527,16,0.8658549766790274,0.04428977052576929,1.6974308270149732,0.371108699122803,6545
6529,16,0.873043900120259,0.07742911265290467,-2.6005507734557667,1.9220187584336248,6545
6538,17,0.9036231183641557,0.08014973572375865,-2.4775984104838593,1.7138388443910086,6545
6541,17,0.9179150232306191,0.0672289240602171,-2.1541251699599435,2.046317122841475,6545
6542,17,0.9282237499495496,0.02176833461890143,-2.0783791413208768,1.032688029271576,6545
6543,17,0.9368563981891624,0.04760896437959941,-0.16154738644629865,1.0516948834436601,6545
6544,17,0.9430760657385434,0.028763348669442523,3.1017317154102475,2.625915378173247,6545
6545,17,0.9453796896206198,0.03335000556490161,2.651549617845921,2.717113062170181,6545
6546,18,1.0,0.0,0,0,6545
0,0,0.0,0.0,0,0,6545
1,1,0.07185060717595737,0.04640431317934001,-2.0694469734251846,2.8890257154549763,6545
2,1,0.07347094967254875,0.06043972957512726,-0.48944711665342094,0.0572177201315416,6545
3,1,0.08100780802632723,0.04746473684871177,2.3262934159950825,2.508489840448568,6545
5,1,0.0933712841934704,0.07940513512122706,-0.07048857273215502,0.6263964760191593,6545
6,1,0.09536522699577554,0.07420769134958499,-1.4360212080731996,1.143367506546925,6545
9,1,0.10297597456237684,0.04249692112072038,-0.34671367572940354,1.714427106374301,6545
10,1,0.10748150010696034,0.08289940663998886,-0.047143583930181136,2.0825433147919314,6545
11,1,0.11127887950120796,0.055472846163366354,2.497804751717138,1.6184884343718087,6545
13,1,0.11375617825320228,0.10293338046343968,-1.1716915466998619,1.0178660238423773,6545
14,1,0.11525617997442406,0.11474170989299813,0.9856883901709014,2.0536423467419693,6545
17,1,0.1281830403504376,0.10318175647148183,-0.03865842481241149,2.557515889383939,6545
24,1,0.14457659101292109,0.10863994625404716,0.06854231941538019,1.7798749980356967,6545
15,2,0.12329379928480877,0.06259007797012008,2.9412737136993843,0.4743742774180982,6545
22,2,0.13445124837937583,0.07450532330351668,2.3873455195590783,1.642887621606629,6545
23,2,0.1397426549891062,0.08800315550333151,-1.1338432273966808,1.0741972940399191,6545
30,2,0.15872610770109075,0.11387763691487908,-0.9506764931444152,1.1613302743860108,6545
40,2,0.16736980722091122,0.0783172096441138,-0.7619668064358796,1.508124417386389,6545
48,2,0.17247345256521251,0.1325237394776109,0.0946226505830312,1.0988302621277728,6545
57,2,0.1795790686165769,0.10776109090742869,-0.8099100037779702,1.60420399011533,6545
58,2,0.17968988720667567,0.07235598050574789,0.9573112713023944,1.782183620300851,6545
79,2,0.19362039966915912,0.1060512593522376,1.3466908696040933,2.186890182916918,6545
98,2,0.20680878551977366,0.1338833977014959,0.7393826844337826,2.214677269340571,6545
104,2,0.2086628106889743,0.1300982855768197,-0.0813186377371037,1.5979984422744464,6545
89,3,0.20097881744273416,0.04849809879875931,2.7373786268070015,1.9094002164513257,6545
111,3,0.2140400659031343,0.0887272329736496,0.9874259466198881,1.7287110001227575,6545
129,3,0.22265896296814802,0.12972081934875349,-0.9275038530910031,1.4386971532469093,6545
146,3,0.22876017085791,0.12400934050831744,0.05968034062656428,1.3748426940647074,6545
167,3,0.23750001713650037,0.054880853567989954,-0.24480040752437487,2.177391168781713,6545
188,3,0.24582707406212756,0.16158822803689865,-0.15668153332275683,1.594604728991173,6545
200,3,0.25177600376789855,0.1409203073807653,1.109532895644694,2.3448669154756034,6545
182,4,0.2433195901630465,0.07019340840564686,-2.9380175056026023,2.050276450434336,6545
253,4,0.2650038072889679,0.05466627566931512,2.5798987318665114,2.3675599302149797,6545
261,4,0.2660461286312443,0.0787763864281149,-0.23275956721020233,2.0369222874311035,6545
361,4,0.2855224952397085,0.17477912206482438,-0.10919396118523966,1.7467122215861863,6545
365,4,0.2866574544933782,0.10032653276138562,-0.5349644119916707,1.3779942755794425,6545
437,4,0.29782580460155594,0.16182786331893545,-0.841721512293423,1.5567816470276392,6545
452,4,0.30093848611677665,0.12984988606669265,-0.482284734188673,1.5424374920222486,6545
471,4,0.30358395157575835,0.13253644818029187,0.8567090763863965,2.3666128707627117,6545
475,4,0.3051525292984504,0.07150816236938541,1.4017400219379466,2.4551440801338384,6545
639,5,0.3315352996351293,0.02550867357636493,-2.140414571881231,1.0259432515138656,6545
642,5,0.33188536695097837,0.0669796713458989,1.5829350254471795,2.264804882394327,6545
723,5,0.3421096251989205,0.11593939015984144,0.5225162290825119,2.2964651710709236,6545
733,5,0.3428081656262477,0.16109500872710023,-0.3385184121047529,1.9212198457509548,6545
750,5,0.346323577395101,0.11384979379455556,0.13486216377474633,2.1900754953736374,6545
783,5,0.3519401877951873,0.13543120119314936,-0.8104795521305765,1.4414936952694961,6545
875,5,0.3609770267731519,0.11339538039091832,0.20795847038275972,2.4854061533811493,6545
897,5,0.36382127808735154,0.14946660906459044,-0.0920452590533854,2.2469315228852924,6545
973,6,0.37100013552975375,0.1519951889765497,-0.7788402262280698,1.4773217633440072,6545
1064,6,0.3798995737360499,0.062188210280959964,1.6444237855943764,2.4089738783935486,6545
1091,6,0.3823078509298472,0.12461910140352037,-0.2575879155696017,1.8567703093134988,6545
1291,6,0.39971551203576006,0.19500198792043244,-0.24999606313818817,2.0400238743541164,6545
1320,6,0.40183063733604085,0.15086683455979416,-0.281126352038308,2.321931853689494,6545
1375,6,0.4056574341059018,0.09101616083604164,0.14324808550017126,2.5817485201189916,6545
1378,6,0.40598968976951866,0.04873487951054858,-1.1284817774229094,2.1221734426048506,6545
1449,6,0.41098576527643904,0.1734575600121397,-0.3738847926338248,2.0162919402860995,6545
1501,6,0.4144870259078203,0.1277071388467081,1.3373294575926946,2.7179906278253028,6545
1942,7,0.4405437121734984,0.14196059422488141,1.3285227452891453,2.77752112709145,6545
2020,7,0.4452471722696201,0.029300857031902126,1.315500310424097,1.5742802435070282,6545
2036,7,0.44614751710536005,0.14423537103774908,1.320260216705979,2.566746215215185,6545
2132,7,0.45065884976857984,0.17119537734212054,-0.4369136124173916,2.2305080936086354,6545
2135,7,0.4509293346885823,0.13215392762459943,0.3950705736393155,2.601341224343727,6545
2808,7,0.48163207582846557,0.06214574919439194,0.393279885390993,2.233336282739892,6545
2831,7,0.48247249227467004,0.11271437766303884,-0.31154915531748567,2.108433588944268,6545
2835,8,0.48263904602931607,0.1263705792281436,0.17973331129168277,2.593700263256004,6545
3360,8,0.5038388756547202,0.1265533559113862,-0.41578854942827215,2.0437574959261964,6545
3411,8,0.5060161994887556,0.09963576857569607,0.8939854437540932,2.5839431102584367,6545
3558,8,0.5114553407635939,0.05272505782478649,0.11706661638697985,2.1310322835967885,6545
4234,9,0.5440846097914206,0.130415484691749,-0.19635134258596706,2.1848076826493594,6545
4374,9,0.550950456055071,0.10307492434256403,-0.020755239841203536,2.6740147054821075,6545
4427,9,0.5536625871467239,0.039681522068154264,-0.3129164070394764,1.7956219588797269,6545
5001,10,0.588057756700597,0.11293533215123135,-0.221699970476635,2.099363573876079,6545
5131,10,0.5975299408307071,0.07321860030812298,-0.12849880905910316,2.2787099995111837,6545
5580,11,0.6339900709759378,0.08510184223809085,-0.01005112051755835,2.3479986872282432,6545
5920,12,0.6706389595470097,0.0803503533820299,-0.18727885510307185,2.6730929601730287,6545
6217,13,0.7153648692467771,0.06612861843035579,-0.2304831712653686,2.7788537864757243,6545
6345,14,0.7512716355930987,0.046321104003392594,-2.0862002024196378,2.985741349454009,6545
6494,15,0.8216026469356669,0.05358390625773759,-2.3814740809237005,2.203016791439,6545
6495,15,0.8217158501100701,0.07827632003908268,3.1380682941050817,2.5523092212525,6545
6501,15,0.8273396053713198,0.07364763340292749,-2.319304811861741,2.2088234566518343,6545
6539,16,0.8948379501758802,0.0625914389691936,-2.5456606861048594,2.1640355823514486,6545
6544,17,0.9363127787802615,0.05859919268244087,-2.9838923356403346,2.2967254136778705,6545
6546,18,1.0,0.0,0,0,6545
0,0,0.0,0.0,0,0,6545
1,1,0.06778426722266861,0.055216848057586115,-1.866277630885915,0.4809206867996371,6545
3,1,0.08620329877869326,0.08385893815892077,-2.441048824120765,0.7808615801252966,6545
6,1,0.09464954054044328,0.09290914627843264,0.5049114953111693,0.26957620417924,6545
9,1,0.10263160536165183,0.09498885119658149,-2.7451290553745453,0.5505882013897442,6545
7,2,0.09928490510118704,0.03875655709999158,-2.779312233757762,0.7237901588494615,6545
10,2,0.10496476267251087,0.041228417843073746,0.16923927918635137,0.33278699858502175,6545
16,2,0.12255992423915762,0.07908392320398049,-0.5339591562328717,0.28891464367157194,6545
24,2,0.13836891368401527,0.09607420326606121,-2.305616478648087,0.6951572059262604,6545
37,3,0.1662524526337782,0.08837428129510536,2.39975068226113,0.408152038355804,6545
74,3,0.19635973547983288,0.04006476692421954,-0.45286430157098756,0.545342249363018,6545
87,3,0.20112747597893232,0.08048489595477626,-2.0576749201899265,1.2542258869240757,6545
123,4,0.2203548977050771,0.09532812612354154,-1.9826415445343768,1.1376480064765715,6545
196,4,0.2503953149520246,0.041978146314552926,-1.7025834621379576,0.36560966809342166,6545
222,5,0.2565914365294053,0.11674714872071802,-1.9512810301507,1.3077400095351748,6545
281,5,0.2729279925063154,0.12295681093108234,-2.3546606493835407,1.0455884704669474,6545
317,5,0.27965657779175124,0.03756684170428717,-0.42546251784434413,0.5499887282178576,6545
520,6,0.31906476480581647,0.047536191496479335,-1.9266671990043607,0.5405796078857712,6545
629,6,0.3329249826018734,0.14252934246708787,-2.121113184355893,0.9773907562705438,6545
686,6,0.3401196665811156,0.10571104057557675,-1.218910211534358,1.4777172807890417,6545
965,7,0.37273903408400444,0.0863804035660903,-2.456999230756583,0.9779317134907235,6545
1072,7,0.3827812018785648,0.11043690093273377,-0.858352543570675,1.3758669762418732,6545
1326,7,0.40267741965328574,0.16975056959000004,-2.0445699849627386,1.258814441788731,6545
1412,8,0.4096856497855129,0.08364099318056618,-2.2578626509759387,1.2969854307030029,6545
1811,8,0.4348172525028716,0.14414114400487565,-2.0630831085679797,1.377999450022425,6545
2835,8,0.4823768710326921,0.11273664381064916,-0.9345653188289408,1.5735295742857711,6545
2714,9,0.477633358555704,0.13348020223735033,-2.141596282596179,1.4211313804214798,6545
3415,9,0.5048437810056297,0.10050516433516207,-0.9785638377876865,1.7326948990825468,6545
4014,10,0.5283583292407427,0.17722863776358236,-1.9737024359102062,1.4178094417975118,6545
4223,10,0.539611007399717,0.0989464004356324,-0.8075662162662511,1.9704639370172359,6545
4539,11,0.5552296609645955,0.18690525619520784,-2.030087071394633,1.3876506790532677,6545
4563,11,0.5566040133677786,0.09847165019666022,-0.9229652897969862,2.0808267224760835,6545
5550,12,0.6264019499261614,0.21469416102711975,-2.162751713993175,1.13349524018798,6545
5759,12,0.6492724259567619,0.15571435398113015,-1.2600865066106557,2.1578747661850293,6545
5908,13,0.664218098767805,0.21561378278016588,-2.079499132186494,1.0154163319149399,6545
5911,13,0.6650296615892324,0.2062991507111818,-2.0356933457123616,1.0281766745047665,6545
6176,13,0.7050405355052528,0.18773434121508883,-1.4613152726789915,2.2926501345997115,6545
6260,14,0.723495355275814,0.18587145646616016,-2.0432994107976317,0.8296480454829678,6545
6381,14,0.7592386844033687,0.15092465820986412,-1.349444609364462,2.2714830741570546,6545
6451,15,0.7940577036233988,0.15151800423617717,-1.3135934559909004,2.349884098235898,6545
6461,15,0.7979284633275365,0.13180462067550328,-2.080885477380456,0.8654756660225826,6545
6515,16,0.841714934794531,0.11657659139776787,-1.4094787282368129,2.3369294550041286,6545
6534,16,0.8783830597917863,0.0694871051968846,-1.8376569598760597,0.6344417888883573,6545
6538,17,0.893825355698965,0.07091062409801534,-1.6830773245712958,2.2249512073409066,6545
6544,17,0.9150674755272795,0.05594134801694328,-1.3283672268400708,0.41667844965306045,6545
6546,18,1.0,0.0,0,0,6545
0,0,0.0,0.0,0,0,6545
1,1,0.07244257931189824,0.06445479148681775,-0.4068640119268477,1.8713540880522168,6545
2,1,0.07688803260033406,0.06957259961119974,1.6034143042099875,1.0416874372399119,6545
3,1,0.09011989177535085,0.08610369425549255,-0.04522697710568139,2.182898004563053,6545
6,2,0.10180152224926076,0.07692844867803723,-0.3483197457033425,1.7979009948916507,6545
7,2,0.10268871773753718,0.05057220525633539,-0.23144841240135847,1.620331651136455,6545
25,2,0.14440483951382865,0.0951350806145319,-0.25951453981718453,1.1915017109369574,6545
28,2,0.1503816813820269,0.1376648797849358,0.2616528477938779,2.2920259253591104,6545
31,2,0.15853730065849692,0.11534132489140195,1.4842936721728635,1.3674033920244293,6545
33,3,0.16102551455203218,0.06785665141580059,-1.0754783102755614,1.7355780857513503,6545
55,3,0.18442454257091,0.11698705849371123,1.638677597539281,1.3003056022290311,6545
72,3,0.1964763886643227,0.07026868655709013,-0.4734445518581628,1.440682600018621,6545
113,3,0.22061174851016718,0.11773115776826241,0.07440460080509925,2.5246930771367717,6545
109,4,0.21926260052479718,0.08904338439779927,-1.7403578326545774,1.5923298973745539,6545
205,4,0.2547773016969769,0.08576963324515066,-0.9160653195149685,1.3215393896865262,6545
227,4,0.2590618470391629,0.11751453049641027,-0.6805242258102053,1.6768854902234411,6545
234,4,0.2601821328186402,0.11756768551098393,-1.220916259931924,1.432256368154262,6545
270,4,0.2660462131766581,0.1236799465008396,-1.2061305571879364,1.6411780172736405,6545
275,4,0.2667390469471672,0.1407663248196886,1.385196426922757,1.7760037151688373,6545
296,4,0.2708964267456506,0.09361182347526874,-0.11571190397139973,2.431732979130837,6545
383,5,0.2954859491560702,0.1095192178449566,-1.0575725002473166,1.5678775226331456,6545
543,5,0.32128383975833263,0.16293097274896287,1.482885699098289,1.6627986159408996,6545
622,5,0.3319506249937467,0.0944484173111116,-0.3471116189645115,1.8191643129083914,6545
825,6,0.35592265214238095,0.09469168813833331,-0.2666942269445158,1.6629215215950934,6545
887,6,0.36099985561282133,0.14982722104407897,1.6070843675307722,1.5065645104189416,6545
961,6,0.3678460861900882,0.1165951350620181,-0.5145609783715519,1.7853710406775536,6545
1039,7,0.37535737415981174,0.1487362367015932,1.6713114224203616,1.5682923412199854,6545
1216,7,0.390343135219967,0.11308434963751818,-0.4186943327668397,1.6436342462054518,6545
1536,8,0.41449544304985175,0.11912045476749063,1.5274642979328956,1.6347223186287378,6545
2014,8,0.4421221551101123,0.15659731895430232,-0.35849874041645396,1.4597503672436485,6545
2383,9,0.4618463023478374,0.13963171029966756,1.8413210486179679,1.5706337284031433,6545
2741,9,0.47741666273827477,0.1548819869726464,-0.3918379966610428,1.2958600012004697,6545
3640,10,0.5136125646082793,0.14691702042279997,1.9260399047218386,1.3390513654322995,6545
3735,10,0.5176355877878124,0.15127382358177888,-0.4693261891297605,1.3750327914695526,6545
4447,11,0.5514379681305087,0.1332291885680409,2.0700142701907924,1.3255832791847837,6545
4695,11,0.5662226013336209,0.17127696261964837,1.7302189193062785,1.1297674505593258,6545
5050,11,0.5893799243356027,0.10170013355056907,-0.5941283531916148,1.2622367619249477,6545
5309,12,0.6084224949908809,0.1469239284606332,1.8076937075398838,1.0468399235708026,6545
5488,12,0.6257300127800487,0.09018576337745153,1.8807045209770212,1.5772089743758868,6545
6013,12,0.6857896191198091,0.07350956994717872,-0.05798361319451983,2.243763509065909,6545
5814,13,0.6583776838776146,0.06213164812871166,1.726654092454837,1.6293827665312732,6545
5962,13,0.6784621585633612,0.05933718264641287,1.7395458661295773,1.1470071456504225,6545
6006,13,0.6845876093754095,0.11555063340017173,1.4991138825838248,1.63247019532119,6545
6052,13,0.6918887924675227,0.12700414225045278,1.964000553690783,1.9420865311409483,6545
6054,13,0.6920482145360645,0.19622329625396484,1.737025778715136,1.2598148436386156,6545
6320,13,0.7460521331975044,0.06777883345425002,-1.219935979003531,2.5612930469405946,6545
6279,14,0.7359301920140419,0.09891257950532242,1.5058691777925057,1.98972156469254,6545
6325,14,0.7482217209728648,0.0726395266941517,2.479706217574749,1.0044528195685292,6545
6329,14,0.7489366393921422,0.10113889696306545,2.5475644515448934,1.5597579268676816,6545
6343,14,0.7528772421264752,0.20352684292322737,1.947337023792044,1.0907044354997144,6545
6356,14,0.7556885018004643,0.07899368672958124,0.45357974854826766,0.6478953911599432,6545
6359,14,0.7563008350230355,0.05675337882428983,2.4246500885541513,2.181578885685997,6545
6361,14,0.7566948511157767,0.09304698870509592,2.2690300499089284,1.6973666174666675,6545
6406,14,0.7781234765427132,0.07882415113294576,-1.988026885965179,2.584795972198944,6545
6423,14,0.7835870966670976,0.08658376385624288,-2.2170785621907774,2.9898880128137257,6545
6460,14,0.7987281301928966,0.07680353824032636,-2.8100796653614513,2.0635091049000223,6545
6427,15,0.7851042282512577,0.1845972816413326,1.9488687882962914,1.1647608526106763,6545
6442,15,0.7921448874879513,0.08427088989089038,2.331245388894324,1.4912516625765873,6545
6464,15,0.8000382951332407,0.06327165795677551,0.6149334571161328,0.9874099437213157,6545
6467,15,0.8026264761865745,0.09507548578149583,1.3191252015914852,0.5002331666786678,6545
6477,15,0.8072054250239682,0.07714692303217936,-3.012410483625302,2.9703428542074857,6545
6488,15,0.8149911726393431,0.09860065681583008,2.5455591123359382,2.04092671913122,6545
6492,15,0.816655878170986,0.04802367902220309,-2.387319224115665,2.752354395981938,6545
6500,15,0.8222965927388404,0.06475485646488649,-2.951878413541275,1.7044499184036765,6545
6502,15,0.8241998049622603,0.09308811443208241,1.808012802574438,2.2263184758235433,6545
6505,15,0.8248454073996339,0.06817379672783223,-2.93948501270875,1.8508811925606483,6545
6512,15,0.8333085399511259,0.10866880855786068,0.3588085570349808,1.0395868453317705,6545
6514,15,0.8371086834719826,0.054165057908855056,-2.1250814402096387,1.855540023244505,6545
6520,16,0.8496244279694666,0.10091857690859243,2.0486477814888007,1.6089473342837508,6545
6521,16,0.8519128620648984,0.13320768441076003,1.8885159077417273,1.1664448936780385,6545
6523,16,0.8525837977978297,0.09666427407400024,1.8746651407940442,2.105164498102773,6545
6525,16,0.8565935680256215,0.12673134092367352,2.1036933861298728,1.5278557404139426,6545
6528,16,0.8587673705437312,0.07203028335528987,-2.580790540519026,1.9352851913066158,6545
6531,16,0.8604994051026891,0.10379176810976516,2.973721051252904,2.0635990999622913,6545
6533,16,0.8620733862327598,0.11053148700254221,1.7596238292006823,1.1504517641838077,6545
6536,16,0.8709742552914655,0.10824061307851056,0.01275177408883574,0.809578002227818,6545
6537,16,0.8737478847415098,0.07923191935848309,1.4335560967180732,2.0001345641471904,6545
6538,16,0.8754804824043447,0.06889816152806912,-1.9721192596345587,1.843024431184315,6545
6539,16,0.8756482917974864,0.06852932427209778,2.54701224870905,2.8350266040881253,6545
6541,16,0.8857579027066065,0.10949220881060878,1.1119663131326794,2.741834626062122,6545
6543,16,0.8975828197232674,0.05051970967752567,1.88019006244503,1.062515158391847,6545
6544,16,0.8979977679703066,0.09399899534214114,0.24687387212968584,1.4866117917811263,6545
6545,16,0.9014498058924272,0.05788394320727722,-0.5430426132611924,0.6343481775998305,6545
6546,17,1.0,0.0,0,0,6545
0,0,0.0,0.0,0,0,6545
1,1,0.06497945321085641,0.04602063329529659,-0.12211992793309957,1.6536499967462697,6545
3,1,0.08846511152805259,0.07245230666291051,1.2425886240995558,2.559831665620452,6545
4,1,0.09277924472890686,0.08228861533680686,-0.2595160999787827,0.9087999753719952,6545
7,1,0.09842488324696685,0.055727745016590266,1.421891575389359,1.435795625218317,6545
10,1,0.10646604651044411,0.06759754404085237,-1.5645593680353316,0.8667479711431254,6545
11,1,0.1082185993842828,0.08057238631269197,2.535567694293001,2.1096283866182244,6545
17,1,0.12533860019873966,0.11028514333399979,1.360155644033372,2.3866216031245866,6545
18,1,0.12574312275220456,0.09759597785749724,-1.2302027495038947,1.702589394845346,6545
19,2,0.12904055160318206,0.07298009583470472,2.41104699048838,2.282227007880359,6545
27,2,0.1501884873387046,0.08602637732214888,1.046478397366552,1.7792843818401956,6545
28,2,0.1506649627155895,0.10153398819630013,-1.2173855559812672,0.6312537478290511,6545
36,2,0.16372581757480575,0.11251173238749175,-0.9488962937555745,1.7931739173715544,6545
41,2,0.16687143035671825,0.13435983602850593,1.117270890983035,2.283641510037279,6545
60,2,0.17894650107057164,0.14532173448513105,1.283148080839808,2.571620074642732,6545
79,2,0.19329698394442285,0.1465198306470424,-0.7232857386233276,1.3809623250975909,6545
53,3,0.1734536887888639,0.09129060675756212,0.9527906320749396,1.6046517917479108,6545
68,3,0.18749604745362747,0.12003162454412218,2.329363101409817,2.0700644512067123,6545
76,3,0.19214913757855423,0.09778701964671917,-1.2820425161367601,0.6163260509356508,6545
82,3,0.19624525688864136,0.14592441802440495,1.040051083309491,2.280275283058925,6545
94,3,0.20157950672823244,0.15215497839087255,1.3190513789762355,2.572867410716153,6545
99,3,0.20538735949755182,0.12617498748790865,-0.8470260268401028,2.035587422320513,6545
107,3,0.20882539869188277,0.12232244364922824,-0.7255367263398286,2.008470645580912,6545
118,3,0.21355346281199672,0.0993157259021543,1.8336467168923174,2.4211322892404987,6545
148,3,0.22677887391824048,0.09700459079326448,-1.5394694668298405,1.9151533649302517,6545
165,3,0.23320078491424223,0.15175738823539062,-0.7335065228493548,1.3863445341378453,6545
134,4,0.22217220384863134,0.0523119246247625,0.5958463341827257,1.443543019584776,6545
166,4,0.2332299306351593,0.10100990192018355,-0.9165743393266516,0.8706633779449986,6545
173,4,0.2363256785711595,0.1098677988860794,2.161707235614604,1.7468128138784143,6545
182,4,0.24020358967829547,0.14024019155379008,1.4323540904550451,2.3933200174452565,6545
203,4,0.2478297408093053,0.08345649145435723,-1.8686514804596832,0.7677591015234504,6545
221,4,0.2537673830383369,0.10664291155240614,1.9299772963145916,2.386228616198741,6545
224,4,0.2548108310848778,0.08950603739323727,-1.2410595200709285,1.8733543533304502,6545
253,4,0.26404568491548996,0.11922716942238619,-1.0110335262657966,1.8413894901667363,6545
267,4,0.2665289517985272,0.1599383942099431,-0.8123361077733569,1.4610224477074667,6545
300,4,0.27463225239466216,0.17334938108079595,1.1715343690698052,2.6231507381517627,6545
335,4,0.2807368346218959,0.2036482045570162,0.8567849835877842,1.9951520102882754,6545
359,4,0.28614352721430913,0.16828008478783,0.7154567821130599,2.214526663807777,6545
370,4,0.2877638793819287,0.1413238887312255,0.3117047385264203,2.4384284988955787,6545
423,4,0.29865460254872256,0.17042365474114354,0.4672896581983801,2.002015297738195,6545
527,4,0.315468801945999,0.19891883824712703,0.3655136340016795,2.397272638510177,6545
336,5,0.2809032324131723,0.07296600316558348,-1.404273375493148,0.9444013881807874,6545
339,5,0.2813401068315482,0.11471431488168624,-0.9934774211164752,0.46169449607358376,6545
350,5,0.28400146176483076,0.013839787363834778,-2.1738353164378013,2.7264369533183377,6545
353,5,0.2848285433640948,0.07771864642057544,-0.5295171723783129,0.6897385578157865,6545
355,5,0.28529424712516094,0.09100889735562176,0.8153196309443851,2.1078767495723523,6545
411,5,0.29702850684381876,0.04757511454534403,0.21863161953561414,1.8113053587726533,6545
413,5,0.29745645213461347,0.05456824071231441,-1.9654321466843858,1.2198803374575922,6545
443,5,0.3025296005293536,0.18573764222586603,1.1845610207782804,2.581874835018654,6545
454,5,0.30451278894467404,0.14014205971480848,2.081675475876792,2.435968111251766,6545
480,5,0.3082648841927569,0.11506554761504198,0.7700776679172727,2.257295616948306,6545
498,5,0.3109869048959033,0.17569433549572197,1.5350791925643108,2.176405832158024,6545
520,5,0.31443614731763214,0.1082581444964937,0.5509341787921213,1.804358224420126,6545
531,5,0.31600167619571284,0.1468075072197866,2.085277123389461,2.253502646510644,6545
538,5,0.31787733515408234,0.15094239797450718,-1.263779054294275,1.9032451144873281,6545
559,5,0.32015434241291996,0.15223329688032586,-0.7660295029424624,1.9446452878843639,6545
587,5,0.3232374340860513,0.15109433698861593,1.4121062954587689,1.9219540403279205,6545
595,5,0.3247149671528472,0.1371699215427693,-1.066365404948825,1.415013850377208,6545
646,5,0.3304915049525915,0.13084786613633448,1.1647595898797005,2.498901286704023,6545
756,5,0.34287816425150885,0.20397615975383745,0.30939500260241154,2.4730445973107336,6545
801,5,0.3483642868526623,0.2220152362448153,0.5834482879797266,2.1252687285260126,6545
984,5,0.36866906854953474,0.16437791989045647,-0.12395369024170633,2.4323570239408414,6545
1038,5,0.37418652536286723,0.1773367307755197,0.4172425880994701,2.4001051275883056,6545
594,6,0.32467652444283135,0.05358620447850835,-1.9537673286719563,1.4650614087694376,6545
628,6,0.3281841921154689,0.14470046374231055,-0.9583289976023376,0.46561308442562843,6545
640,6,0.32982177838035676,0.04730369433598056,-0.07645413929361476,1.6144339510854315,6545
663,6,0.33329481658063687,0.08788241019150012,-0.5075794055995732,0.11258367562749512,6545
679,6,0.33495726039106744,0.1349272056358849,2.0160417007231097,2.2721615168860456,6545
695,6,0.3367815928359451,0.10449657946734496,-1.089649145984992,1.3795128316051137,6545
889,6,0.3594405956538723,0.12252467699276971,-0.9939992945158506,1.1865013662289323,6545
957,6,0.36646303197996366,0.2279507736437133,0.9286364333296054,2.5928539758126257,6545
966,6,0.367348131776955,0.13314336122722675,-1.0906225843147828,2.001265013709671,6545
969,6,0.36755764384331324,0.15908250947396613,1.421212531866711,2.1471412723818233,6545
1218,6,0.39037655284594364,0.20496886682322418,0.5668004194976608,2.1043198396983165,6545
1222,6,0.3906040584116849,0.23298812427684437,0.7065043668091927,2.531117187291673,6545
1396,6,0.40529143040188864,0.12385332784379308,-0.009077889040313354,2.692888642535428,6545
1829,6,0.43310107947225507,0.16703436810804217,0.26557893587597775,2.327544285872723,6545
891,7,0.3594478173628294,0.13917258529381618,2.0031081773273742,2.326714516951817,6545
1383,7,0.4039299054895584,0.10574731195820727,-1.4894241304514286,0.5999496844001193,6545
1416,7,0.4062123929622471,0.12383869057471003,-1.179731780306084,1.8076021894011018,6545
1466,7,0.40915507573236887,0.11003368450474929,-0.5691112999627856,1.321169992246056,6545
1694,7,0.42506698490830874,0.1129700517557335,0.7729382840252597,1.9461469567769556,6545
1740,7,0.4280421001119281,0.11682874449272294,-1.0603706434520646,1.3719374302456877,6545
1806,7,0.4319624721598949,0.17291058290920744,-1.2442627430165296,1.7130228624091188,6545
1981,7,0.442509380468727,0.17094750318496016,1.1363527920577046,2.0262986559281266,6545
2217,7,0.4556387458775547,0.16684872591540031,-0.21181892655699822,2.581845457950459,6545
2410,7,0.46428625405981316,0.17604822243623083,0.42958984987557597,2.390057841932596,6545
1661,8,0.4230644186294994,0.1580909642283878,1.753186079341077,2.203757692681185,6545
1738,8,0.42799112301424946,0.12251318515216125,2.0947746422648943,2.5812550547067796,6545
2274,8,0.45855035551928236,0.15609586890952473,-1.2134828969636346,1.6043418908995575,6545
2398,8,0.4636565828591237,0.1734033376647023,1.5049491396623202,2.914017836265155,6545
2817,8,0.48206837050150897,0.11663010738781264,-1.1086652600366718,1.1213932262767186,6545
2995,8,0.48957812120578637,0.13748159868732165,-0.09599524653282074,2.5547914687574136,6545
3029,8,0.49065538100291206,0.16452533420450005,0.8702230450943125,2.1834890547189927,6545
3377,8,0.5048977154450558,0.13579353636585306,0.41944750292401256,2.368594952454603,6545
2266,9,0.4578529898516732,0.1127770539146118,2.328438221833221,2.655508555107613,6545
2979,9,0.4886695101844367,0.10914569102310717,1.2164223738901423,2.7739828744168658,6545
3390,9,0.5052900867658346,0.14523643283380808,1.1291579718760352,2.2427382618031344,6545
3479,9,0.5083629027437772,0.1788132118428429,1.6279911909125897,2.089983074942105,6545
3511,9,0.5093192967695849,0.1680926506212547,-1.3790407141845273,1.3961673548124311,6545
3540,9,0.5103495414697156,0.12020846733888742,-1.0762643174631576,1.1770415801345082,6545
3710,9,0.5176080734867314,0.14074064953566093,-0.17865122743785708,2.6753253695314188,6545
3952,9,0.5289775448082775,0.1599856224513432,0.10642990197480769,2.8096693255418184,6545
3991,9,0.5306123825769342,0.18393936962169924,0.9647989880565676,2.081496583445117,6545
4415,9,0.5520643049529266,0.1338735488727897,0.06263238282226753,2.2753836953092965,6545
3814,10,0.5221992785332585,0.13474840631248136,2.944025006361611,2.726347353806963,6545
4146,10,0.5386435196766148,0.17376085225187413,1.5851550821435798,2.0237851338146626,6545
4178,10,0.5400641535871292,0.13210680029716287,1.5460032394299312,2.6741128699474808,6545
4511,10,0.557505138518097,0.15773045630524327,0.9550558656720528,2.2600779597062615,6545
4693,10,0.5669849656902237,0.14904159595216793,-0.07401127833298678,2.5055000638576432,6545
4918,10,0.5827659626934248,0.14280515647842992,0.12084661166140437,2.3650109039857155,6545
4944,10,0.5841800129465963,0.13641926335052243,0.9787795117056658,1.9161527278409687,6545
4951,10,0.5846499338500125,0.13866825474076636,-0.5031139004293389,2.675111847938442,6545
4967,10,0.5861467007155012,0.17330854732522522,0.918460726303408,1.912215818644338,6545
5035,10,0.590531548081993,0.15964310980498994,-0.9758700700978564,1.5254465074421824,6545
4741,11,0.5694308250527078,0.0964574007274082,3.0999070266972333,2.5702866419049566,6545
5220,11,0.6040327454908314,0.17143059991124934,0.9246131567938269,2.137392345396759,6545
5252,11,0.6061546087605004,0.152568160190955,-0.6008566325289226,2.7032824283292065,6545
5282,11,0.6082544904398839,0.16426455259917438,-0.10441529662446117,2.265295490256089,6545
5452,11,0.6232329288603633,0.16382926579246784,-0.9747911429192232,1.6694408685067028,6545
5474,11,0.6251744987304548,0.13668511510518086,0.5292159601151843,2.1091396298038427,6545
5479,11,0.6254880872664572,0.1350833435146866,-0.1313780303276741,2.438105481559504,6545
5565,11,0.6334459170887474,0.12767841208586236,0.8583708067666744,2.6459180280097523,6545
5639,11,0.640927507667037,0.13530431674827878,0.8773983779868172,2.1074036415125423,6545
5597,12,0.6360101696979649,0.16410227680282555,-0.9810594846733098,1.6412836261654915,6545
5895,12,0.6679174343572927,0.16423686744100432,-0.5411058990963015,2.2193646137760337,6545
5936,12,0.6726022728678953,0.1438389170202625,-0.1936230578836627,2.4376098954628356,6545
5952,12,0.6752072393615192,0.12076568998682059,-0.8191819537317084,2.4949648326565854,6545
5973,12,0.6782914595233045,0.04600879106721921,-0.2588925530172719,2.2969463272757715,6545
6062,12,0.6923432028776505,0.11551079034289932,0.8503352129850834,2.234542764104041,6545
6246,13,0.7289294014979786,0.10123062797750237,0.6194701839345669,2.3002062835577552,6545
6263,13,0.7335164579905262,0.08516637015489369,-0.34475013117024866,2.170470066680494,6545
6333,13,0.7529824466262204,0.1271227229778828,-0.7671885052074833,2.133435523103826,6545
6383,14,0.7701943784865325,0.1012816988288085,-0.4954736204024467,2.483112014158545,6545
6399,14,0.7765501070201664,0.12948245967385816,-0.7122952658678366,2.221233259936228,6545
6443,14,0.7946642882289154,0.07152244839163688,0.10697387355455382,2.580416002936603,6545
6480,15,0.8167249427768376,0.09020752596128524,-0.03523117431582399,2.8133612798968852,6545
6502,15,0.8282766942679668,0.12143536493177785,-0.5087261462856189,2.3150089485172374,6545
6506,15,0.8320502605045603,0.059335542460916,1.1554302846110027,2.5856764858332224,6545
6525,16,0.8575028946974479,0.10359074052620197,-0.5308580858508242,2.1502337935881237,6545
6536,16,0.880145294369776,0.040743669045204746,-0.09855252028487094,2.412647629516969,6545
6545,17,0.9257971496088551,0.05305351198788872,-0.2849437421877483,2.5327694727530163,6545
6546,18,1.0,0.0,0,0,6545
0,0,0.0,0.0,0,0,6545
1,1,0.06252309920505339,0.04194982334443579,1.2906969638456431,0.5356519068650865,6545
2,1,0.07681385543628294,0.07488785519797003,2.607697299317962,1.0117898451122165,6545
3,1,0.08336934364770798,0.04258317705421894,1.7304929276467929,1.2940479805410963,6545
4,1,0.1040104859338209,0.08714938019287626,1.1069961313810215,1.1082783931451894,6545
9,1,0.11992043127725349,0.06272655494522052,-2.044549362051819,2.696230015947743,6545
6,2,0.1118790053511296,0.07319486434176267,0.45536175047888167,0.7152261797623768,6545
8,2,0.11797120080999757,0.08527735712069713,1.588362140855491,0.947765142405208,6545
14,2,0.13243734178027988,0.05931205640744763,2.582110034436694,0.9418622348079785,6545
36,2,0.1633641575916559,0.08309258398405714,0.29385250014546443,2.048409770727173,6545
55,2,0.18125489130235262,0.10372549420734624,-2.122425803523536,2.364353810452362,6545
69,2,0.1940110880102921,0.12661549956509666,0.7231583018492078,1.5252420692291322,6545
38,3,0.1672462691886375,0.06029322240963919,1.948299819331403,0.6333584969652415,6545
43,3,0.17070026119674608,0.08555039947846699,0.6012423957214905,0.8103444059030205,6545
63,3,0.18861549307699021,0.14226193232358839,0.23701516408165618,0.7137778982216926,6545
74,3,0.19761969354207665,0.10229167702305154,-2.0191885505698948,2.4655653922111047,6545
119,3,0.2140813041616726,0.1223622045175499,0.025036802821978833,0.8950345882595856,6545
120,3,0.21423029373710611,0.047922503453004264,2.0658177073778505,1.5816500134494238,6545
168,3,0.23490025374782697,0.098861134801673,1.3411386238577339,1.6360864520922083,6545
184,3,0.24285476649366955,0.10416941752269789,0.8169933897470526,1.6394963938388927,6545
140,4,0.2245642336907756,0.033448666776361956,-2.891056090361737,0.6781118916397351,6545
153,4,0.22870185919497932,0.01699254782059103,2.29825693015253,1.927955891039892,6545
156,4,0.22950557523152704,0.10135228618448791,-0.09947990964631077,0.8421476541653228,6545
198,4,0.2473160624759022,0.14737578968799192,0.4753332515697515,1.1088538313273744,6545
207,4,0.2502427165131538,0.12396370980882426,0.31068465393183087,1.0451759563163046,6545
220,4,0.25490362917005605,0.09609028155015688,0.43961839255273216,1.235752565618927,6545
276,4,0.2690525812000727,0.14167516391699253,-1.8085307243786053,2.0185882323972653,6545
278,4,0.2693441045853746,0.09244518248591539,1.0528351090124937,1.6309339283333324,6545
346,4,0.2838597723318045,0.06290292070820243,0.8248448729656139,1.4949227568109327,6545
334,5,0.280294590012635,0.11512590627384481,0.23927853580993402,0.8221535980134573,6545
377,5,0.28838901940490025,0.1347597817165246,-1.921444118366996,1.948752496989031,6545
379,5,0.28878502991270305,0.14157312495320534,-0.1532266149114678,1.1118507398939297,6545
402,5,0.2954367793088113,0.14789763020101687,0.43520671784667253,1.2605659521207393,6545
605,5,0.3276209620141516,0.0679373264988089,0.2254693992032284,1.7254814392413171,6545
758,5,0.3457641846924576,0.06797229359256149,0.4094167970812156,1.9565052669887772,6545
707,6,0.3406614873347773,0.07638659009051635,0.22228901693400127,1.2342351781844358,6545
741,6,0.34413079459808893,0.1280000837696037,-0.11517052572488033,1.2516796906711125,6545
930,6,0.36351385285061477,0.09339852565439594,-2.342037929246966,2.2983754395019953,6545
1088,6,0.37775188962722683,0.09691934283830732,0.42735429597841657,1.7932665989238952,6545
1160,7,0.3837742306018551,0.07904130166556729,0.589825953273159,1.4397487908477846,6545
1185,7,0.38537419697789377,0.05149900761953376,0.27592120013767973,0.7329465535704244,6545
1429,7,0.4029234373062689,0.08822429403529336,-0.1947671259018422,1.2480219389680205,6545
1507,7,0.40798865212095237,0.09997604220245164,0.4036291030214397,2.0876401033035856,6545
1829,7,0.43047608321020614,0.09114420345350761,-0.17763916812701683,2.178728338425943,6545
1947,7,0.437968248013645,0.0759759072545843,-1.0252738826586663,2.5002497457608075,6545
2118,8,0.4479377237254938,0.12085966316162565,0.9240952437096434,1.1619539723304577,6545
2767,8,0.47765788161090716,0.07020718765979068,-0.3126864407850953,1.9468838617836075,6545
2917,8,0.4840417668062271,0.09119104885674069,-0.538946423817251,2.304070842502874,6545
2812,9,0.47947066694956986,0.12018720641039063,1.0529175262471764,1.1292856727567586,6545
3624,9,0.5125074041185861,0.06280763501544677,-0.09923940686729917,2.333263203132345,6545
3785,9,0.5198311524882455,0.1012865207687259,-0.2606570944769965,2.6163661112505125,6545
4341,10,0.5454161989297052,0.11600526698170249,0.5065623931208343,1.193422591706815,6545
4374,10,0.5467038157042231,0.09918852169488726,0.763878883670061,0.955970536578619,6545
4537,10,0.5547103144999943,0.09611448058200661,0.33419528425611283,2.6606416367814743,6545
4650,10,0.5604620463007373,0.09396523426417167,1.1364638864153231,1.0703982827082856,6545
4896,10,0.5758129751780805,0.035531756202580284,0.04932663618684166,2.4825514866318446,6545
4899,10,0.5759272473190592,0.1685367600747566,0.7289474230989827,1.5697473439639948,6545
4986,10,0.5814890111800884,0.17493511703880002,1.2219211099046137,1.1663504160914744,6545
4996,10,0.5821924173680221,0.16889130317424103,1.1737481967555552,1.3996713076995266,6545
5000,10,0.5823359910542051,0.20948960255060625,0.8607596097224007,1.182687369503074,6545
4903,11,0.576273253123022,0.1069699843341216,0.697956716284239,0.9157859916858673,6545
5369,11,0.6086050976257485,0.06807310052412281,0.731225169262267,2.6530051363030402,6545
5451,11,0.6148068951036848,0.06276183152566787,1.2106350043427958,2.7222159632372738,6545
5594,11,0.6279083852227288,0.021956366502546076,1.1208105656008265,1.5390755989733416,6545
5754,11,0.6441945419937449,0.029858286536013943,1.4856331336426365,2.037083443904027,6545
5781,11,0.6468451891176663,0.16889247509000668,0.8788181832354238,1.1752374774202787,6545
5650,12,0.6326837050076783,0.06997495103545028,1.0350640355095841,0.674311716983462,6545
5716,12,0.6389789162827058,0.09316607943128696,0.8532981503021109,1.062560451337846,6545
6014,12,0.6773089937614795,0.16607313221666326,0.7376960342506012,1.2170464892309032,6545
6165,12,0.7009424216369685,0.07284976771168991,1.1214872671578062,2.0534165153750332,6545
6026,13,0.678792110294555,0.05754690960146914,0.5765053864430099,0.7945780419211359,6545
6109,13,0.692381006699715,0.06994165807395175,0.12838971298288698,0.9702302575379195,6545
6162,13,0.7001231730277917,0.1531676324275886,0.7489083834326972,1.1510412373623227,6545
6218,13,0.7143165190969624,0.09359678700767893,1.7108679113207792,1.5015731918893664,6545
6229,13,0.716297488613004,0.10267902352138199,1.30331489341904,0.7860179120929977,6545
6304,13,0.7347031364167881,0.05800294665201431,0.8914418376455717,1.8546579057750399,6545
6314,13,0.7364304092428134,0.10723473055044404,0.885603817608689,1.1776846699569252,6545
6316,14,0.7368469932691049,0.11135911048027028,0.2866978920884384,0.8891259035187061,6545
6365,14,0.7523587860148573,0.07960904893697622,1.212783967723033,1.0803236232424234,6545
6462,14,0.7986826987638705,0.09598312140039113,0.9729686678691836,1.528718699645443,6545
6397,15,0.765087092738759,0.1109761607807314,0.09013203418071573,0.9662094965247607,6545
6481,15,0.8122002260657669,0.10304003132342894,1.0030162752160994,1.446794515115681,6545
6504,16,0.8359795906945889,0.054194870903401006,-0.45771972762644936,0.6712959950640341,6545
6507,16,0.8380106362112433,0.10856138422232121,1.079505012071634,1.62904826091611,6545
6528,17,0.8632796697914136,0.07264013925151004,-0.8563207691800774,0.7552211627092489,6545
6539,17,0.8918918226157712,0.07744173705779016,0.7862131069233359,1.748991469248156,6545
6545,18,0.9543434546134383,0.03200365387862894,0.800599114815612,1.8091889969167805,6545
6546,19,1.0,0.0,0,0,6545
0,0,0.0,0.0,0,0,6545
1,1,0.0489311815122343,0.028414027693936323,-1.3287524167233589,0.41707756578354815,6545
3,2,0.07893558971075987,0.024792298882823922,0.31603000347819227,0.5133836669363034,6545
17,3,0.12935481926996328,0.0606002979088766,0.08278079743015886,1.1248982405304795,6545
50,4,0.1748472660115522,0.09080902184392198,0.11624173739711662,1.4753347097950016,6545
60,4,0.18335406707350332,0.09660399731094209,-0.4178071479178109,1.224665982463672,6545
91,4,0.20151216767989688,0.11616278101793392,-0.029894741704596543,1.3614632282825618,6545
161,5,0.23853659835069008,0.11382940210156259,-0.0484782142119027,1.253112804581646,6545
369,6,0.28750604296401217,0.1337827965952174,-0.07038229595836254,0.9859937438367031,6545
772,7,0.34752348633499164,0.1483756156274267,-0.28197121028332994,0.7813892642785442,6545
1280,8,0.395118927481356,0.16335279118131313,-0.3759351481744581,0.5893448383912631,6545
1497,9,0.41111297954687265,0.1572142121174294,-0.2774865604665796,0.6374555414643962,6545
2930,10,0.48833439753469454,0.15510191290814165,0.352718473518774,0.5361036012601571,6545
3589,11,0.514787313234667,0.16306053733114037,0.5305827925535552,0.5334151461903844,6545
4847,12,0.5813057010071376,0.1629966623936575,0.3371199255334525,0.33975748514724285,6545
5357,13,0.6180715926701598,0.1503097677413379,0.3237276658630914,0.48060085226520255,6545
5996,14,0.683612324618549,0.09610357357240007,0.41976130815922236,0.6279492279974355,6545
6268,15,0.7350618049041997,0.08745483154779991,0.5166683605053768,1.055853634063187,6545
6398,16,0.7735150380665821,0.09739193647637456,0.9318470149018944,0.8520350687261399,6545
6406,16,0.7770738297435779,0.06423310792843313,0.20241906360129033,0.6919465749740777,6545
6435,16,0.7947448421220249,0.08091142660725088,0.6615488234522658,0.6702003383067272,6545
6441,17,0.7973393365504068,0.05833174478158024,0.2708728764842159,0.9492922055331439,6545
6461,17,0.8065578840076504,0.0786698671814549,0.605766304147872,0.6322156133366726,6545
6471,17,0.8099549557541672,0.11237217313117517,0.6523252969457426,0.9902212661756292,6545
6508,18,0.8438589629587735,0.09314746645526482,0.021162377242250233,1.1715486354310283,6545
6516,18,0.8519744971686981,0.10134186499207665,0.880360663034184,1.1404533984059633,6545
6526,18,0.8687598090976936,0.06726102320614503,-0.00533527874150207,1.6479477463054264,6545
6530,18,0.8750055399928061,0.09289456859902989,0.6501710312802872,1.8142197955764443,6545
6534,18,0.882548166575281,0.024169759840686464,0.007700283692516647,1.5737295450838182,6545
6538,19,0.893173118335356,0.10027529891053448,1.0244889634557435,0.7561889275133367,6545
6541,19,0.9008885107874115,0.09599829608911477,0.7888508498118572,1.5908779552502164,6545
6545,19,0.9316983898026154,0.06281679774372857,0.20004476154292572,1.7316409121282075,6545
6546,20,1.0,0.0,0,0,6545
0,0,0.0,0.0,0,0,6545
1,1,0.054025642727613454,0.05317139278688879,2.0269700592742907,0.4557676294920902,6545
12,2,0.1331006116690172,0.09962065731233669,-1.1859267093151138,0.3628668444371031,6545
43,3,0.16785517810888595,0.10896226166837215,-0.8503756726130556,0.5077666714341901,6545
56,4,0.1827908092064403,0.10256050105128703,-0.9516130180005377,0.5132533781953608,6545
106,5,0.2162620070203064,0.09617320933207729,-1.405127989529073,0.6919018882649802,6545
147,5,0.2310697285154203,0.11451992104514097,-1.0124300110114948,0.48465215979566995,6545
278,6,0.269757127159325,0.12620674215410901,-1.3572966072526709,0.9198889632092553,6545
380,6,0.29306060173489423,0.14852594912941913,-1.4519363175025117,0.3863999686566734,6545
411,6,0.29863758479326097,0.14615807367273534,-1.4207176224024882,0.5733551420250407,6545
513,7,0.31427157551440266,0.15519430171058365,-1.3465680175462964,0.6829851111476327,6545
561,7,0.323159593598776,0.15455053138333616,-1.3708742959200997,0.5752743396238033,6545
1301,8,0.3981387008408038,0.17585213886023401,-1.4823618665202436,0.8038432235759699,6545
1778,9,0.42919631351148246,0.1976214374763895,-1.5247216027405999,0.7623432947820816,6545
2917,10,0.48222040098423113,0.2271428206693763,-1.5168589991098425,0.6875685586182515,6545
4391,11,0.5500050516713381,0.1841205015959092,-1.228574061899258,0.7675554393195738,6545
5021,12,0.5889605959243719,0.16434115911335442,-1.1531968461961046,0.6417216331525459,6545
5724,13,0.6446437577518584,0.12041218272776699,-1.5021853952468769,0.6695209270606746,6545
6072,14,0.6886992952541138,0.12509902498310074,-1.4866753528203798,0.3231132472460157,6545
6327,15,0.7447575250399926,0.16720258879954855,-0.8858872928735386,0.2235513454955434,6545
6391,15,0.7662089074043327,0.12724495359504634,-2.356128880229321,0.35787921426909947,6545
6474,16,0.8031923415864519,0.1374999054916568,-2.632824310663599,0.16582139876399263,6545
6518,17,0.8393551260757951,0.127393088394159,2.281177431341994,0.08800271842046668,6545
6542,18,0.9065398669647474,0.09332287713673014,0.6166484666365178,0.16775593109148695,6545
6545,18,0.9728630416521504,0.011733429838444824,1.151532127066981,0.8160779865855086,6545
6546,19,1.0,0.0,0,0,6545
0,0,0.0,0.0,0,0,6545
2,1,0.06511075085237372,0.03608887515870309,0.5270671207148508,1.437947370253541,6545
3,1,0.08139894753461496,0.07407240782394006,0.8661104518676804,1.147562955053246,6545
21,2,0.14021222590444682,0.10762921655713956,0.6658052422633945,1.5717354850810794,6545
43,3,0.16553898025397096,0.09333968383096913,0.7033498587765105,1.4472759046444559,6545
193,4,0.24754980562908047,0.08658298444806627,-0.01520523332107848,1.8582141949104711,6545
229,4,0.25444352097996636,0.04503060029046103,0.5595105251922203,0.9868732679030938,6545
240,4,0.2579654794804953,0.10110481402841227,0.1179249678259636,0.8845126860277301,6545
416,5,0.2970290880713683,0.0748965537281995,0.2649473034931354,0.56636753453755,6545
424,5,0.29776940475542646,0.052814797789329224,1.2849055125153945,1.5640219680413507,6545
570,5,0.3231454682605984,0.09387185025448089,0.6093318618104746,2.3279149020332612,6545
792,6,0.3531894471227942,0.05860913175433101,1.3732202950395942,1.4552581804159794,6545
856,6,0.3595880399621615,0.06335110486806167,0.26709051422620417,1.0843375963997735,6545
1376,6,0.40375924542954666,0.045726900917138574,0.38570181556667466,2.6344321738388166,6545
1449,7,0.40938872950261984,0.09228664556401428,1.4252600261498098,1.9239785244638539,6545
1844,7,0.43420280670084,0.02976268444527728,-0.19635893358179338,2.7266272715055897,6545
2631,8,0.47466886666504704,0.07637240200497086,0.8119688886517517,1.8278383985644795,6545
3463,8,0.5077369954229921,0.12428771926400178,2.055430682306965,2.254653889915309,6545
3761,8,0.5189232289993377,0.08022925062350285,-2.45069726804614,2.613404790329965,6545
4220,9,0.5398640147063157,0.0822745280839711,0.45688333056129143,1.1822348215867988,6545
4229,9,0.5403871449195744,0.0837726169792503,-2.7417513150799233,2.6049080061837357,6545
4263,9,0.5422125604469368,0.11594080133573821,2.175260256353695,2.3361024317385066,6545
5077,10,0.5890308056851801,0.05831550524897796,0.6930158834471717,0.9897488145988111,6545
5234,10,0.600717521549469,0.12577358090349364,1.618324242434355,2.327525638069737,6545
5471,10,0.6221890360731764,0.08213877013159647,0.07911935067307681,2.823031225489011,6545
5672,11,0.6445224511995711,0.12311087035859423,1.3634570118147455,2.0435604857405196,6545
5838,11,0.6617978903813387,0.1248794577245268,0.9490667019332362,0.87741342502043,6545
5951,11,0.6766574321846486,0.06641896568913187,0.6112325991725203,2.472707034381903,6545
5921,12,0.6731570232054821,0.11034316129756909,1.410581324057846,2.080495717851934,6545
6044,12,0.6918607318832221,0.11253326091797533,0.8438269871739557,1.0422569378737994,6545
6067,12,0.6958731756846279,0.05323533220133689,0.48358985110136,2.603805296003768,6545
6063,13,0.6955179410910663,0.10656699016465626,1.370020743878011,2.0280197918612415,6545
6322,13,0.748955153269676,0.0635214170247043,0.09075479928370143,2.2191050170698956,6545
6408,13,0.7768894875612765,0.055063396609100784,0.4655931570636751,1.375612413953354,6545
6419,13,0.781970458767549,0.05198228415583285,0.4885870480941968,1.1015531695921135,6545
6378,14,0.7654390686299879,0.08645560798143286,1.5977123690949466,2.5000195530919527,6545
6390,14,0.7688059644679321,0.09384141706712538,1.8293470756047043,2.2644330804384554,6545
6440,14,0.7909667106867432,0.07570481883053795,1.5290025745168367,1.2950617554729873,6545
6469,14,0.8058915951605129,0.08573242727319882,0.8674106766673892,1.6677297505215174,6545
6492,14,0.8190621025678811,0.030850738661246956,0.49806854687628593,1.8398964983460042,6545
6477,15,0.8125141351153661,0.07163950650692998,1.4622805340676481,2.344636993362478,6545
6506,15,0.83422003990631,0.08895339908297366,1.1867553119043217,1.213209783667636,6545
6528,15,0.8690785999035867,0.04874929112889274,-0.9883450132053778,2.8363036140952396,6545
6537,15,0.8936702552970897,0.039936275919462055,0.327301772984699,1.020023439904103,6545
6524,16,0.865431042054903,0.07913487385692461,2.0153135317116795,2.4509871964043564,6545
6544,16,0.9271727815288873,0.03509688123077392,0.10004191779798415,1.7190286081690465,6545
6539,17,0.9007800166062716,0.07152549748532265,1.6075075333811168,2.540913605566495,6545
6545,17,0.9702629714312101,0.02464014614224005,-0.7605966715594169,1.6088426083075602,6545
6546,18,1.0,0.0,0,0,6545
0,0,0.0,0.0,0,0,6545
1,1,0.06331686435132344,0.04366106446718896,-0.37189525550961455,0.2353254577551704,6545
2,1,0.06948444161870637,0.06739550447937485,-0.22126359365581164,2.686770889362884,6545
4,1,0.08284842980857732,0.06836941208391682,0.7595463018016574,1.3975207234780669,6545
7,1,0.08978300082676938,0.04552751617472197,-0.42963358154031267,2.7461596057585442,6545
9,2,0.10991979488101977,0.03484933104387493,-2.1865777501478894,1.0374013291117257,6545
10,2,0.11217129685852101,0.08603197936382394,0.7913925700275941,0.28635564148274506,6545
11,2,0.11622453901657737,0.08689758339111253,0.93606695483646,1.1766112970639382,6545
14,2,0.12327466116620889,0.08939442173695143,0.7809288723779559,2.375345396587343,6545
16,2,0.12507192695306302,0.06446497604557505,0.21899939723778944,2.439242454407836,6545
25,2,0.13984563285816365,0.07132357776558783,0.9303142488888496,1.7131880224122595,6545
26,2,0.14132980517239924,0.08325582975551017,-2.306983302666072,2.463411627754731,6545
34,2,0.15480014627246352,0.08100038457663768,1.1218737733752906,1.7045228027233545,6545
49,3,0.17448949574892625,0.11286308322515778,2.1168708748364664,0.43042420196757986,6545
50,3,0.17458592775452797,0.06556547280391195,0.4679245909261978,1.321876086278866,6545
54,3,0.18016565849386879,0.058606901651537854,-1.228483808367714,0.6272952852411215,6545
58,3,0.18170790599203346,0.10502085684035398,1.1680548737875343,1.6120344063910044,6545
61,3,0.1854005639967986,0.1060968362974082,-2.3291501227821994,2.6594666420865525,6545
64,3,0.18704987686539198,0.06083220059887583,-0.6276312023664784,1.8502880885690975,6545
79,3,0.200061569188959,0.14886955463499607,0.8731824775559425,1.2867013467961168,6545
96,3,0.21080482957456415,0.02021306377114716,1.3264962199521297,1.3557406659989073,6545
132,4,0.22308116422870394,0.126692897827525,2.2903579450424685,0.6078046072772316,6545
142,4,0.22652280367295574,0.1415145344387174,-2.436910996307061,2.6400115518197,6545
149,4,0.22844361650053302,0.06439813789756951,1.2709833563621775,1.850747454145777,6545
176,4,0.23775539819872782,0.13142948938863128,1.7507066978186936,0.6921983360053591,6545
195,4,0.244784180714387,0.07364246774533531,0.3609989119418634,2.2758626965663753,6545
230,4,0.2560644995311472,0.04434592331268667,0.015879166731436717,1.6857149509129028,6545
270,4,0.26678984542222883,0.18870528970797695,1.1394543874742908,1.2095086887386972,6545
202,5,0.24755754684036135,0.13914255570659378,2.2906450211905995,0.6777364807437363,6545
253,5,0.26357813616534176,0.14969395844617586,-2.134434632997261,2.5673677628876237,6545
351,5,0.28326668661050847,0.02815407228665849,-0.04270628465331108,2.089224682918306,6545
358,5,0.28452338594485516,0.19336108855747886,1.114652774884213,1.1954628783819314,6545
360,5,0.2846601207527797,0.14917267724888844,1.5364639164469505,0.9548092598027755,6545
399,5,0.29309730900465425,0.1157894622519005,1.3124607194426892,1.407197380294531,6545
406,5,0.294260086336941,0.07120802325893971,0.6095535330330843,1.9834148031804417,6545
365,6,0.28566404687536295,0.1397236476576194,2.139185490968591,0.8217484444890792,6545
436,6,0.2990951707777316,0.17653374128962226,-2.125447215613926,2.6086988579813433,6545
596,6,0.32429484050937374,0.21542449277089654,1.1068800074116325,1.2044737444267566,6545
668,6,0.33291025615237313,0.020583864818060366,-2.533180065529086,2.2251159361071458,6545
678,6,0.33409879854513347,0.19790426248238321,1.1179049721045524,1.1833589190536085,6545
752,6,0.3438546050446628,0.06922152656821243,-0.3041245579620986,2.6692515026383883,6545
785,6,0.3471599209760097,0.11046933381571462,1.2793621117142513,0.8092714074756023,6545
985,6,0.36863756373111123,0.13473268964499419,0.2358027439953694,2.1928858391616575,6545
1039,6,0.37358593259221484,0.15276525008314476,1.3343818250169752,1.2295214985245495,6545
672,7,0.333481991825869,0.14172667909288153,2.540522970552784,0.7321122986247165,6545
852,7,0.3555895083451194,0.1509703156260363,-1.9321663872884394,2.50650549568347,6545
1073,7,0.3763015907599625,0.05234505922526307,2.0643454455972363,0.901921932025647,6545
1133,7,0.380713843297401,0.19835794793934763,1.6015078671794138,0.8320579917905828,6545
1138,7,0.3809365803403991,0.1318813611938534,-2.444376990986253,2.6579666516097946,6545
1272,7,0.39246595776943594,0.15447170285813885,1.3309071975266298,1.205939494163848,6545
1283,7,0.39319034436154954,0.15182939571068435,-2.1239547334497693,3.100897658731114,6545
1338,7,0.39695988755792533,0.14305702697961106,-2.838803973592635,2.5118834077577183,6545
1346,7,0.39769998233389925,0.11594564455191905,0.3555617388097344,2.1320715844771594,6545
1359,7,0.39893568826779746,0.07126598761870834,0.2208685959694474,3.0627865425238716,6545
1414,7,0.40210386710943957,0.2255317157392611,0.879370865118064,1.2695786300572371,6545
1445,7,0.4040067773167567,0.08426840981150963,1.6337493326851016,1.1005637342063699,6545
1524,7,0.4105484148998926,0.23676750394859014,0.7720254941945212,1.3595086846571283,6545
1714,7,0.4228848663317172,0.057768461290346636,0.9199014921446012,1.9012242187696806,6545
1284,8,0.39320273977491893,0.1325275714581766,2.776628249328958,0.43837194037726857,6545
1392,8,0.40093090252398567,0.18125008578754,2.501983889739309,0.8079425439216329,6545
1507,8,0.40956632225260414,0.16596355181256411,2.420181763278386,0.8326689408973666,6545
1738,8,0.4243557300184856,0.14034393026552372,-2.370151764274418,2.527158168332367,6545
2089,8,0.4430116985011123,0.08425591601599472,1.9256947155746986,1.45520179413964,6545
2120,8,0.44475261032496083,0.05694269845301443,0.8071056344120309,2.238216382498558,6545
2136,8,0.4453104892247891,0.15638917343759437,-2.7956636575573515,3.0037224397499718,6545
2164,8,0.44694701934085723,0.2122208283450957,0.8281015231527663,1.35492746536478,6545
2231,8,0.4506675494710213,0.15297884755291424,1.5195262756602512,1.0461470881371704,6545
2241,8,0.45100221656581807,0.09054385053224824,0.36115630863060255,2.486182663868102,6545
2247,8,0.4513810659753531,0.08672069330653867,2.145811815653463,1.6590916572237213,6545
2857,8,0.4805428050232191,0.12071794830350006,2.418118713993128,2.501912597188706,6545
2269,9,0.4523037723870813,0.13952829032557798,2.2462310874366027,0.7896970241489305,6545
2299,9,0.4540228671168266,0.15455566014287883,2.6056350021826473,0.8651983668678899,6545
2349,9,0.4557050663022745,0.14351361835295362,-2.078040847776299,0.02667061647890014,6545
2539,9,0.46519841569479914,0.19590501250633807,3.0545205340283195,0.5863933753567574,6545
2700,9,0.4731699407541069,0.0677057542667599,0.8564867972887577,1.9503565839838761,6545
2910,9,0.4827125446061903,0.22445171218261392,0.7634734654411489,1.2711433823473108,6545
2927,9,0.4835763469334725,0.11176795871328273,-2.9109803515454695,2.7589062071570445,6545
3238,9,0.4952949433954352,0.11132618947664193,-1.8242697697084254,2.3465995068700614,6545
3628,9,0.5108782573149075,0.09927234616279865,0.8303216793659791,2.642998039943891,6545
3634,9,0.5110799131473002,0.11810304190986175,1.3303665886445535,1.3482282005157686,6545
3921,9,0.5243240817643945,0.20363186687569226,2.1695443195445683,2.8055506950256897,6545
3958,9,0.5262680724089193,0.13521598510451566,2.6061423315036616,2.49827621632885,6545
4090,9,0.5328788792185087,0.11422775077765632,1.7624200725953187,2.289680440762433,6545
3459,10,0.5037725516249505,0.16804478795974956,2.817010113992554,0.6404943974453151,6545
3645,10,0.5116734294654868,0.11134776163681394,-0.7699026029192699,0.11688700573201191,6545
3734,10,0.5157299293978322,0.10329392322173374,1.5193869300548055,0.1457972814455013,6545
3750,10,0.5164438623046832,0.24297036333021108,0.8578610258604425,1.2032362663028584,6545
3927,10,0.5244614578990884,0.17513008118776094,1.8334704299755835,0.9027559842694214,6545
4010,10,0.5285670696805584,0.07071060753156873,0.23382304126778852,2.024427618031942,6545
4016,10,0.5292138850342908,0.18401537561923548,2.576456311968861,0.4832850339313935,6545
4279,10,0.5420089689137494,0.12197308070889762,0.5858202926325851,2.618632932032824,6545
4345,10,0.545618747153593,0.0989714989467921,1.4006140116512216,1.3997754312984818,6545
4460,10,0.5513358949613549,0.10856812997680367,1.9273921426604745,1.396206898498028,6545
4504,10,0.5542123897961798,0.08862452222092834,-2.3208679456430157,2.449146224562414,6545
4637,10,0.5612490614682983,0.13037283271772057,1.4852400127792604,2.5447880207280806,6545
4682,10,0.5640791789637563,0.13500575219983313,2.4415250972469744,2.747025307859753,6545
4684,10,0.5641326919726232,0.19325369589806848,1.5785550351525832,2.9000536237257646,6545
5176,10,0.5950638173830635,0.1487343951535639,1.6887954132899183,2.288568107920212,6545
4132,11,0.5345488031850452,0.15375530148812852,2.9572817896335537,0.5452771267092694,6545
4328,11,0.544838528282923,0.0894334707708615,-1.1063356119786765,0.24288892784964541,6545
4567,11,0.5570971576193353,0.07163510486141612,-1.4621192228994437,0.1789561112023889,6545
4766,11,0.5680852202387023,0.05700296628230393,0.9566693136570195,0.26442681083164615,6545
4842,11,0.5728032690441712,0.18861307707061548,2.285907178479311,0.48531353150213424,6545
5001,11,0.583056916827443,0.16375698512909717,1.9748214390166532,0.8300617170680189,6545
5032,11,0.5848416406709153,0.2043929499681579,1.6210365890252487,1.0672487740696004,6545
5075,11,0.587721223026567,0.1353202602091514,1.9230571307572146,0.8789799603929758,6545
5082,11,0.5882355374318488,0.09447826427766279,2.156968660243553,1.2903069616336509,6545
5110,11,0.5904413776361521,0.14051684163741016,1.4541123673412564,0.6242147036800773,6545
5297,11,0.6034851289183307,0.18600072999634648,1.109316364526959,1.3574059740664066,6545
5371,11,0.608928773763303,0.12371234970868915,2.348331300598174,1.5650595915599463,6545
5394,11,0.610883231262899,0.16241893519193526,1.768949195249545,2.532727367419214,6545
5516,11,0.6219520309634865,0.08552208182255279,2.6639375994651715,2.7600528815262635,6545
5523,11,0.6224997226450923,0.14729167709558758,1.8950077189177217,2.2324344594788554,6545
5613,11,0.6319397023930473,0.09572290239438382,1.7497943455119915,2.1669392220003654,6545
5646,11,0.637049758377924,0.14058261288713492,1.747677496811442,2.7007700045767704,6545
5236,12,0.5998246885258944,0.1345374036996101,3.042577581302258,0.9539500142352132,6545
5335,12,0.6062089192646727,0.1704258342903888,1.9092084586255478,0.8256183931889784,6545
5338,12,0.6064198711454826,0.18820051667993407,2.1070297109880154,0.5452101340450448,6545
5454,12,0.6160113245615949,0.08600107003015378,2.156632435291299,1.442510574343722,6545
5483,12,0.6192182324030796,0.060315324900726275,2.2065317150290626,0.7841556740923463,6545
5533,12,0.6236620553652582,0.14927320833427812,1.468207922484016,0.7903876487688354,6545
5566,12,0.6272419379628726,0.07180487723777013,1.4230053996782668,1.1107940262859752,6545
5616,12,0.6322995495008072,0.19827434468864008,1.9620990012913786,1.014175456074422,6545
5694,12,0.6424343215107383,0.09444954217032658,1.6976563637294728,1.1978542183173264,6545
5698,12,0.643189401865078,0.10634575771889748,1.280904288423606,0.4610442317689366,6545
5751,12,0.6495515114216073,0.13020159712312868,2.385256593560625,1.5235256071400103,6545
5841,12,0.660984761060426,0.1887860977269283,1.299456742939999,1.415629940981807,6545
5884,12,0.6665312918199278,0.13269368171329682,1.3546161072197846,1.0957749110014898,6545
5885,12,0.6665916756276412,0.1405934437524615,2.2185918740567643,2.368186044827498,6545
6102,12,0.6976273250662152,0.10829270272511136,1.762376382969478,2.3801412863678695,6545
6118,12,0.7005903528023069,0.15096879216632247,1.6975734224139407,2.0465398263168564,6545
5882,13,0.6660956031251217,0.09468286019934007,2.6025974510899244,1.392068602345972,6545
5934,13,0.6727049089563685,0.11303707682555192,2.1133557766615745,1.6707435727191973,6545
5988,13,0.6796795254336795,0.10702770171266236,1.8523930424404953,0.8980618915204525,6545
6014,13,0.6836197018351396,0.14228190476149166,2.254151043342385,1.3971818719905946,6545
6021,13,0.6843258239453455,0.17135672437111096,1.9876142799098873,0.9019772235791701,6545
6028,13,0.685140390622678,0.13134852835407024,1.945598716022602,0.8349974538993877,6545
6049,13,0.6897995417143443,0.0919001380400037,2.1310641784920983,1.6091443334990656,6545
6069,13,0.6928071241586988,0.11451608616695116,1.6417912352476125,0.9251365152563601,6545
6081,13,0.694716135419806,0.14860783428083454,2.2120698647892447,1.242306979463312,6545
6127,13,0.7018617251267747,0.1792069852128299,2.250909305670774,0.9069948398103087,6545
6197,13,0.7163146061138302,0.0704005200404222,2.6334973083547233,0.31965144655241207,6545
6236,13,0.7253348527195539,0.11607627586576157,1.8721384527320168,2.5030346016159637,6545
6267,13,0.7331090990648051,0.14391657767117888,1.4833141554773512,2.085737626548916,6545
6288,13,0.7387713821663626,0.12130260059385824,1.4566545648912654,1.591056989593765,6545
6242,14,0.7262771483409477,0.16100589808160973,2.293569729686771,0.8279973114050111,6545
6294,14,0.7412660812892211,0.13811228492617061,2.028961604442017,1.2194119190974413,6545
6307,14,0.7441949420572165,0.13393874823693044,2.5541609413424977,0.7460780973993649,6545
6354,14,0.7591581250615856,0.10893350038766345,1.8886486124919233,2.585021575283452,6545
6385,14,0.7695217097609137,0.09293563964424549,1.7994054258219774,0.7352117701406722,6545
6388,14,0.7712412987908739,0.16480328365047134,2.8721046628436526,1.656808308975352,6545
6429,14,0.7931004634610591,0.08936643815466865,1.6353541487598242,1.9651074177433991,6545
6374,15,0.7668191529189253,0.13722064318861224,2.3358700244770727,1.03485754311939,6545
6449,15,0.799190619426475,0.1458695906188468,2.929248875461623,1.57101273509973,6545
6482,15,0.8195161542995918,0.09455455023858468,2.6662231598168575,0.9195133088185512,6545
6495,15,0.8315590550285626,0.06295087826172638,1.7226813730026311,1.9653934605146057,6545
6520,15,0.8561079668124927,0.03307646622115261,2.0942870611486666,1.7872139879700002,6545
6497,16,0.8327380014271187,0.13552318301119826,2.805212623641953,1.483564247417863,6545
6499,16,0.8334648184986474,0.14200614651588916,2.0262164511244314,1.0994651014213948,6545
6501,16,0.8359176740691527,0.12464720169734256,2.1963271432199867,1.4578694109621835,6545
6516,16,0.8489926926042073,0.11050135113319452,2.347815266635177,0.5301909684859661,6545
6523,16,0.857456022480022,0.07446359405950644,2.0562938268084645,1.2758924676713743,6545
6525,16,0.8663160594797512,0.11871879312634757,2.713081091454269,0.5705687926095071,6545
6538,16,0.8927635669770091,0.025221175720090513,2.034326075091342,2.685981430238076,6545
6535,17,0.8820410987389392,0.1125034499816557,2.2029718095386532,1.5777537455790123,6545
6537,17,0.891079452625606,0.10842874428089148,1.5771987531163938,0.5169889673909488,6545
6540,17,0.9115490822867732,0.08427061506014925,2.7462165401526093,0.3373298514791267,6545
6543,17,0.9288754481284125,0.07031388238027281,1.6403420160929927,0.4476114485208158,6545
6544,17,0.9364875335912182,0.05901580349484883,2.4583862123048124,1.2074804074485042,6545
6545,17,0.9582778373696513,0.03512501316445521,-1.5029988158978445,0.3176604544683838,6545
6546,18,1.0,0.0,0,0,6545
