element,level,t,r,theta,phi,Interval size
0,0,0.0,0.0,0,0,1309
1,1,0.053150112271361905,0.05001812930054399,-2.0352617590367603,0.6183177768823166,1309
9,2,0.1491154236830744,0.10858773120588688,0.5676943903654829,0.45500235314156895,1309
31,3,0.23524679138935078,0.06966728064627543,-0.1400310694029166,0.45101398396404613,1309
61,4,0.2757291069906431,0.07608515639863446,-0.9860115713884138,0.5527446631216275,1309
158,5,0.34653212520573284,0.05404197700318629,-2.5835361358262108,0.8297718340690025,1309
187,5,0.35878397768593306,0.07459484316188474,-0.620974191663581,0.8731119155411208,1309
323,6,0.41761780617887767,0.07067938437241285,-1.1758795002751588,0.17123712887329365,1309
529,7,0.4740957639588287,0.10651269842264813,2.4295268319651546,0.28165507177144844,1309
961,8,0.5687374787917783,0.11670853441225561,1.6158625068504924,0.8385563439577537,1309
1078,9,0.6075022349514763,0.14345473615191726,1.463964872253144,0.7138183535982507,1309
1211,10,0.6854439478965547,0.14757377580556394,1.0414607767047364,1.1009254762762262,1309
1253,11,0.7210510628808859,0.13803541797993785,1.187832096028924,0.9801399719143461,1309
1293,12,0.8067579147691468,0.12660622888650394,0.8575043109069186,0.9829768270753869,1309
1307,12,0.9008899787188538,0.06659855493347387,2.6360905145574245,2.290549071515715,1309
1308,13,0.9240240907430506,0.05917528420025624,2.378782912260325,2.5247309376986076,1309
1309,13,0.9430947669178483,0.05031115516046968,1.1381959064377805,2.128518290220985,1309
1310,14,1.0,0.0,0,0,1309
0,0,0.0,0.0,0,0,1309
1,1,0.08720939620494195,0.06870902171650163,-0.10026388742020802,0.8324859166677593,1309
7,2,0.1633176740907819,0.04473053324051157,1.6701037118260615,0.6338734722080049,1309
19,3,0.22720458242797337,0.09123640203527297,0.8005223807170481,0.7371492002740063,1309
116,4,0.33156125973646244,0.15937216209176047,0.8627752473880193,1.1843140031014574,1309
194,5,0.3771400009585033,0.1687423419684783,0.8883492915503737,1.4226225840056166,1309
456,6,0.4561016267650819,0.20717763628875918,1.0969188026291685,1.4527311879839169,1309
791,7,0.5310932142865127,0.16641597078179762,1.0111433168430652,1.6445312850375504,1309
1100,8,0.636623685210236,0.1251973731840717,0.8920662665679902,1.6386114422145284,1309
1175,9,0.6732027066209303,0.12820415113316974,0.6258960970775292,1.59051915542271,1309
1273,10,0.7616821328237848,0.09408727538874058,0.7051230413399749,1.3636211061533252,1309
1302,11,0.8545116229406684,0.08034795271004438,0.8398775879602431,1.1851316105466692,1309
1309,12,0.9486267933624158,0.035872839066803726,2.27981084592793,1.846463222082138,1309
1310,13,1.0,0.0,0,0,1309
0,0,0.0,0.0,0,0,1309
1,1,0.12933715934446466,0.09468112611202575,-1.0768673251033722,2.1630607749045443,1309
2,1,0.13488915910276522,0.12025075960433527,-1.8601179647394033,0.7603258538594747,1309
3,1,0.1483625166659427,0.05707375162100013,-1.9183534649448672,1.5160077346525562,1309
10,1,0.17861247076556264,0.13628465726705394,-2.377882254454743,1.8423670657805145,1309
11,1,0.18271506531144066,0.16393520531288933,-2.373719723577482,0.5460419196516979,1309
20,2,0.2162617152781775,0.17533344019627933,-2.3817177091775665,0.6336546988488658,1309
24,2,0.2264970620261283,0.059189276056701545,-1.5283278945146013,1.386239167267737,1309
28,2,0.23801957388370243,0.16723527531127555,-2.141559568143504,1.7211194114152426,1309
41,3,0.2679107302305569,0.2166969875511715,-2.433771457541094,0.4943758644470727,1309
49,3,0.27540714770101393,0.08029690351611397,-1.0989356067582352,1.4104826151251546,1309
55,3,0.28464465412300566,0.16553463515569114,-1.9068435770134964,1.6520088394082453,1309
59,3,0.2880716279082146,0.1544653119562979,-2.4293249067352716,0.9836565042604646,1309
78,4,0.3068329195222942,0.19995544387790998,-2.5548215305934048,0.5719704758184587,1309
135,4,0.35248960368494986,0.255550047913941,-2.2923736482129886,0.8022989696967427,1309
139,4,0.3537378020133677,0.18184445682597913,-2.275133364645546,1.0353514688021521,1309
151,4,0.3587066099994741,0.07475761621479164,-1.373746548544965,1.976473610151165,1309
166,4,0.3660576437352031,0.14186991884973926,-1.1461070060678538,1.4653283006240243,1309
176,4,0.3683244081430156,0.16337237578869063,-1.944596118841681,1.5704244382691663,1309
212,5,0.38586250824432033,0.20116317571506423,-2.906249206056504,0.36526274700526845,1309
279,5,0.40754776816133287,0.07271125910178561,-0.8454251113795298,2.08591612079571,1309
387,5,0.4389050973492906,0.08043440065477668,-0.7904951387557256,1.4371115299950976,1309
472,5,0.4633171364510489,0.15139757387240535,-1.9304757782189106,1.0803120151092602,1309
676,5,0.5064421208990632,0.22150711963472425,-2.120149994463011,1.1219287610146025,1309
459,6,0.45962226578691556,0.06423720496246751,-1.3084205479103372,1.8518859480069332,1309
551,6,0.48138881074921525,0.1235458708108033,-1.2632663540195648,2.218029218431685,1309
682,6,0.5072372922052064,0.11228308602205317,-1.690627520856018,2.2824231843528793,1309
707,6,0.5121973191279872,0.10569272697815105,-0.987978733753145,1.3352921428263695,1309
717,6,0.5145191850370396,0.17566213262960462,1.8008686144196917,0.3467343671984839,1309
775,6,0.5275995214755068,0.23199257684788416,-2.367707718472107,0.8844521693118604,1309
832,6,0.5383207328771,0.20414010098151608,-3.0943045037216503,1.1157467475519451,1309
858,6,0.5448368599609484,0.11903096304902935,-0.09920621959563952,0.6059584683396148,1309
922,6,0.5604644527695319,0.1787667225757267,-2.1594086243859087,1.0748756889732107,1309
930,6,0.5623792492494689,0.11619375361823776,0.6225763127954915,1.4291225738676903,1309
902,7,0.5570882153167619,0.08547226388593963,-2.4391501663695547,1.4757012563941283,1309
940,7,0.565700898295139,0.15850990529509737,1.8315918054300486,0.41201288735750413,1309
1014,7,0.5912256867464607,0.12858050742663962,-0.8923915248802822,2.262635365054191,1309
1053,7,0.6023558246410774,0.11976970602992476,-0.8833151089631075,1.0537652944966056,1309
1064,7,0.6074864560474756,0.14854914185512413,0.11181833394757162,2.2424917555550463,1309
1079,7,0.6147761826467072,0.1934486764952135,-1.9884877487295436,0.8703577199269984,1309
1091,7,0.6191075711385045,0.2536361972051381,-3.097366168841448,1.3512453039852181,1309
1116,7,0.63356464883881,0.10973498156116292,0.6194652384241535,0.8007336744096554,1309
1123,7,0.6364746365801975,0.14944879212134687,0.4721351991480635,2.576845355621624,1309
1156,7,0.6552203237577304,0.1450150995234668,-2.708384131964516,2.737295052364571,1309
1122,8,0.6364325076511522,0.08511262623594798,-2.0169718537535384,1.307718349223906,1309
1151,8,0.6515898269010376,0.10078843685412962,-3.079818984407826,1.420540946614185,1309
1164,8,0.6616532497804472,0.21977352240511058,-3.111891184144888,1.337809395343321,1309
1168,8,0.6632079125087443,0.10751213068309448,2.9102942454866207,0.8389149293935858,1309
1171,8,0.665723974985619,0.18444496075653163,-1.1256945018278786,2.3833474444259766,1309
1172,8,0.665907931635602,0.12900860609542156,-0.484898367111155,1.007547064785433,1309
1192,8,0.675364439620805,0.1615083509714301,0.8055753186075953,2.5917245901163413,1309
1206,8,0.6826213005679428,0.16963422055472888,1.0577974472042344,0.19986063507324825,1309
1209,8,0.6832848505018398,0.13176409623851823,2.177848287792672,1.1125561569363378,1309
1216,8,0.6876440392200575,0.19133915193421253,-2.0148428141008328,1.050663247191638,1309
1218,8,0.6899243841005924,0.12040630429451928,2.748932238634521,2.0796487993523893,1309
1225,8,0.6972122579880091,0.18642502077460887,-0.92189316138642,1.238055162211504,1309
1226,8,0.6973557736950001,0.11138551880458718,-0.5471253082718763,1.512186303904794,1309
1236,8,0.7066161769910041,0.11576145071549315,-1.3423154566530837,0.851618146120455,1309
1239,8,0.7103633012074175,0.10147986568199809,-2.412815146583421,2.1032656589060847,1309
1246,8,0.715417696752126,0.12109778808026697,0.5935377128334827,2.4015034042607026,1309
1252,8,0.726021630693436,0.16525931652614623,1.025242603616194,0.8549411784505037,1309
1260,8,0.7421650175838452,0.10683595634050486,-0.12883647080411428,2.357728798471995,1309
1269,8,0.7543550845496385,0.08410979475476407,-1.2085022056033965,2.89407210750723,1309
1247,9,0.7154732433931037,0.17610993225973037,0.6619717000164999,2.5099060016286594,1309
1256,9,0.7392321095128677,0.17461177108074172,2.8593009670710208,0.9373370550830905,1309
1265,9,0.7502207878120974,0.17072758883346686,-2.69284421303339,1.1940511352209748,1309
1270,9,0.757121806161201,0.14061902250260222,2.8516660210533673,0.8363831492616096,1309
1273,9,0.7610356856110146,0.10503778203609349,-2.5820487305487876,1.3651234807176562,1309
1279,9,0.77058810371221,0.1363397081730096,-2.9990395412552577,0.7468251405803481,1309
1282,9,0.7755658033573231,0.16710927623225394,2.141606265177701,0.6550458588169737,1309
1283,9,0.7768975756010081,0.1686052295200956,-2.461209014384237,1.1264473116505993,1309
1289,9,0.7890964880628386,0.11280957895163486,2.903225158917672,1.376518835862217,1309
1291,9,0.7970443368736493,0.11875224957763535,-0.8657269631018674,1.7163792706765724,1309
1292,9,0.8005235990582397,0.13308421826612635,-2.229896845178205,1.2851307609484224,1309
1297,9,0.8078835783307831,0.06640915546594606,1.5503970299500918,1.2597135048527914,1309
1302,9,0.8322486884105713,0.08663021640414008,1.870603393243716,0.8454833990516495,1309
1304,9,0.83412772352591,0.11790441503410705,1.4535951150598185,1.1685741672144996,1309
1305,9,0.8396864680156122,0.04579011689656808,-1.407936650389901,2.45853660570863,1309
1295,10,0.8038700414199182,0.1668940778612752,-2.411472843497051,1.1626795692776808,1309
1296,10,0.8054279251151908,0.13389230184126943,0.6941597944036447,2.7153245134248483,1309
1300,10,0.8290158984114693,0.15714543203636747,0.49061322736383317,2.4127259843171673,1309
1301,10,0.8312616800823813,0.14164248554414857,-0.23541394597275822,2.7206146592992573,1309
1306,10,0.8890236404279763,0.07931004716894426,1.59038823420481,0.9209780455176951,1309
1307,10,0.8983437209230821,0.09804384964185271,2.708735210218917,1.9937480555008813,1309
1308,10,0.9044282801230797,0.0776708514448745,-2.399126144532979,2.3588670098203406,1309
1309,10,0.9238882566860721,0.03051441102871901,-2.2540840513429194,1.8724080995715846,1309
1310,11,1.0,0.0,0,0,1309
0,0,0.0,0.0,0,0,1309
5,1,0.13432398500676668,0.1318539850562302,1.3623920270415273,0.5564827906402543,1309
6,1,0.14316152318069242,0.1097468573956097,2.6556606206962776,0.33196335198532656,1309
17,1,0.2056815340721606,0.1912056156364634,1.8044594672808756,0.3694277321275684,1309
23,2,0.2204246354809669,0.12994331662108152,2.161891083602351,0.22137476982039267,1309
36,2,0.24713529633106457,0.1429347607805885,-2.9655229466648056,0.6821744764006743,1309
41,2,0.25371491447498895,0.19258450904228797,-3.0200797618645736,0.6448138917420462,1309
46,2,0.25454410033701325,0.22525867354071039,2.069390920880082,0.3719151373563325,1309
145,3,0.34152410758450225,0.16461919752995627,2.626766963516086,0.5685815490914449,1309
298,4,0.41075666738408256,0.17733638161061152,2.3270980764037876,0.7936515809905641,1309
437,5,0.4535379103643561,0.2076732340900875,2.1687756507386986,0.7551416276284407,1309
933,6,0.5580422378774734,0.18028078811745465,1.7237249470617746,0.41168352658468216,1309
1113,7,0.6180447896055169,0.1679479293693836,1.6141783811658192,0.44438525424276965,1309
1241,8,0.7044596396226442,0.13627709982760666,2.2261148875937002,0.3672595935071816,1309
1290,9,0.7760954139621494,0.08907843320967955,1.9173063860616888,0.7596425740405004,1309
1308,10,0.8978891770244147,0.04866191943966333,-0.47185697909965224,1.5404543871912446,1309
1309,11,0.9554277005060572,0.04070363655968551,-0.907959438080048,2.6453756085548674,1309
1310,12,1.0,0.0,0,0,1309
0,0,0.0,0.0,0,0,1309
1,1,0.08846056958816129,0.04367115908259877,0.08963961310075043,1.9092351418934017,1309
2,1,0.09814147332966427,0.022667262506820156,2.3432053175290837,0.812981217954169,1309
15,2,0.1774393703369307,0.09305319075530695,1.1969088078175636,1.7043538693978566,1309
19,2,0.1811490565395132,0.023310617588461428,-0.04850160293889448,2.1278662315450485,1309
48,3,0.24912489837604201,0.05231115135382168,-0.8861582763350504,1.1225857496192575,1309
92,3,0.31099955759839104,0.12445847773465815,0.04757575507324221,2.7504112942445715,1309
127,4,0.3334650584302252,0.06102990242583466,-0.43730708029453125,1.2647054184579858,1309
190,4,0.3733888874979663,0.1474670108908444,-0.16722949526549025,2.5149087320141055,1309
390,5,0.4415356967398081,0.11525600927848621,-0.5812779034471139,2.3311253073280347,1309
775,6,0.5301702108252659,0.13604020505438097,-0.9880828155625352,2.9329931799851274,1309
1001,7,0.5920881840905811,0.1649038964781209,-0.10690592144871437,2.767272923789245,1309
1117,7,0.6325649245429328,0.2058027339217145,1.9816179241423941,3.0343285130320496,1309
1156,8,0.657646941083837,0.20383423947239188,-0.8685640384133149,2.988055206715052,1309
1165,8,0.6665247017109965,0.2105359289713579,2.2197207039615403,2.925526727346667,1309
1264,9,0.7455719331786695,0.15377991305140246,-3.0350805406626717,2.8005762600233335,1309
1292,9,0.7862438117841278,0.1486200811375377,2.2387686885133062,2.6817141106490148,1309
1302,10,0.8182766524846022,0.15305899870097342,2.3639045186413856,2.7635941916596223,1309
1309,11,0.8853137911726321,0.10525521350719814,2.1689766415734386,2.60688301582777,1309
1310,12,1.0,0.0,0,0,1309
0,0,0.0,0.0,0,0,1309
1,1,0.12287267472654273,0.06776821877452505,-0.39929666411770415,1.1200954671776089,1309
2,1,0.1234396926395136,0.08549352211328749,0.44734855717669975,1.290104393109295,1309
3,1,0.13678429165943196,0.12641242030969302,-2.8223708729824653,2.33692825210494,1309
6,1,0.14829156364845053,0.13724854806844097,2.2628652967048857,2.169325754107425,1309
9,1,0.15615417428779477,0.1450775517660424,0.21860676462476447,1.394028815169038,1309
11,1,0.1638558760602853,0.13037725968217362,0.17161296812113816,1.2422061148767227,1309
13,1,0.1703066893968862,0.1667851958622739,-3.1255075209236574,1.6932634841211607,1309
26,2,0.23566648269226587,0.15191432544149228,0.07003457485475617,1.1894055412849591,1309
27,2,0.23595646130260484,0.17572264237705368,2.743794160110699,2.325950733969437,1309
35,2,0.25032556953653906,0.17704504295916995,-2.7680054840286914,1.7941263146779542,1309
47,2,0.2673646130724413,0.20676998092176188,3.134640552038995,1.2799839602093928,1309
59,2,0.27596717653244607,0.19198226801149224,2.883619643216101,1.325241738923339,1309
65,2,0.2809320278035057,0.18761396460883506,3.117784095752425,1.6817384195831535,1309
80,2,0.29798767541511006,0.2909738695172333,3.056230919238588,1.648224553559738,1309
61,3,0.27715433600611394,0.14163601454385874,0.21387169952611693,1.2012262804322011,1309
119,3,0.3374759020997874,0.1881495419992214,2.9861931973186344,2.011366598642342,1309
182,3,0.3808039627390156,0.244003881868209,3.048546336170936,1.5541657597979583,1309
118,4,0.3372536515673693,0.16846495048658663,0.3377757413398518,1.440343444875985,1309
216,4,0.3951562278010132,0.20590570303070477,2.823700231437186,1.8347516894354978,1309
336,4,0.43163175608984805,0.23412322829503293,2.9103065043664866,1.598088453027839,1309
297,5,0.4187427001665952,0.16770214141183942,0.6274549976852941,1.720630807413641,1309
469,5,0.47142248104709106,0.24877617169279292,3.0110529290060493,1.6521005209853439,1309
550,5,0.48999190279374905,0.14011448118025122,-0.05628214495919676,1.5065019150968582,1309
575,6,0.4935782127267876,0.246076997767918,2.954069027715051,1.6445674607866314,1309
620,6,0.5003904001802584,0.15819810387379024,0.7870251028144916,1.8679118610279462,1309
744,6,0.5226928343630131,0.21684547678376814,3.0364961523956597,1.4952595623390872,1309
762,6,0.5271473001220196,0.16118600560287258,1.0577111312401861,2.250735221447091,1309
918,6,0.5670979433436836,0.12569341389169905,-0.45129663392481634,1.3894719759125227,1309
1000,7,0.5913621331158982,0.146717405162966,0.8319431596399328,2.5614790576444353,1309
1005,7,0.5926930618004547,0.23368081926875137,-3.1107653702313454,1.3227220586509234,1309
1126,7,0.6397142633211578,0.1320233654253721,-0.1931444426608778,1.8498723275836708,1309
1172,8,0.6629779599695874,0.12320183023400831,0.49995735609638403,2.2990426879605104,1309
1186,8,0.6753355202845617,0.1375068380068937,-0.368622872427621,1.864676621114263,1309
1203,8,0.6845821649741435,0.2151599095083187,-2.728043577992107,1.3244048817061786,1309
1255,8,0.7270559914548772,0.1433543918985426,-1.2319260665526022,2.8399629851821304,1309
1267,9,0.7422135512419212,0.12680860719074966,-0.42985836405002553,2.356672461360154,1309
1287,9,0.7798774407065648,0.1574431084910404,-2.5374691709420008,1.0530446405274845,1309
1289,9,0.7817441183842753,0.1384875061255619,-1.0531603471717494,2.7093045425549436,1309
1290,9,0.7829006410223246,0.12917999444125186,-0.27382005879123256,1.0831181922022979,1309
1292,9,0.7882546923475132,0.14109445660455242,0.6067782629480821,2.257619708935853,1309
1297,10,0.8077655287932874,0.15484013758462864,-2.634291765081425,1.0088456079893307,1309
1305,10,0.8516070314678845,0.1301183394714953,-0.04254704161124451,2.4185643177142784,1309
1308,10,0.8886525436249075,0.10433643443070616,-1.465625530010505,1.5676438089500626,1309
1309,10,0.922272234886315,0.04284480883552323,0.3102213945334041,2.0392699486979007,1309
1310,11,1.0,0.0,0,0,1309
0,0,0.0,0.0,0,0,1309
1,1,0.10891044053400567,0.09312266903591242,0.23701786500302907,2.225322410795495,1309
4,1,0.11706308417096722,0.10629837826741488,-0.3839576444455428,2.9357053231444805,1309
16,2,0.18964579657627978,0.11377157637187373,0.5436541364491061,2.0811862067538556,1309
22,2,0.21756110361123382,0.11898802908160386,1.1873106776766391,2.257511422503528,1309
27,3,0.22955039354263707,0.13968703648649272,0.6801922519248664,2.032688269484252,1309
44,3,0.270276958266616,0.11013521352929503,1.4654097371556214,2.5111176302511233,1309
86,4,0.3115424184389405,0.11058680993926208,1.2139193839855502,2.203715372611184,1309
288,5,0.4072955269906867,0.18221299221824241,1.4961585649884446,2.1675930490420225,1309
683,6,0.5008407508977977,0.14966391178592042,1.3066990920411878,2.4612131934719383,1309
799,7,0.5210572236499457,0.15892604095909743,1.4068240058988377,2.3988451465083314,1309
861,7,0.5388920538975752,0.15244169822529396,1.2519488047675993,2.242295838938718,1309
1126,8,0.6335215301882139,0.15275653519764829,1.3963509304529362,1.6871482085924479,1309
1143,8,0.6402046399090786,0.12287919927806693,1.294612100049398,2.395428761077924,1309
1153,8,0.6438179276608078,0.14321731881438884,1.6294440454312318,2.27565684310473,1309
1188,9,0.664233238264923,0.1669847136279347,1.3624615085030434,1.6040036211801167,1309
1264,9,0.7295266822902701,0.09465002618805349,1.704966945055161,2.309098677320112,1309
1254,10,0.7167701975051632,0.19610143560901497,1.208853546769378,1.6437953143007893,1309
1295,10,0.7829780580609487,0.12441273495409579,1.2691486934079395,1.9294345687210757,1309
1300,10,0.7950495563580416,0.10868720801157697,1.4946143019001863,1.6122811587713761,1309
1304,10,0.8249282710727325,0.04614099390505046,2.7146016957391086,2.2683457085848615,1309
1285,11,0.7664401538438654,0.22767797765830786,1.223386462456685,1.8201664245104714,1309
1309,11,0.9210133352381187,0.029695400883630648,2.0109891516115566,2.40740789520377,1309
1310,12,1.0,0.0,0,0,1309
0,0,0.0,0.0,0,0,1309
1,1,0.11138473304320162,0.10331554048509627,-0.1295707607995015,1.698260411896131,1309
2,1,0.1125861485142513,0.09342161694289977,-0.2230494723327375,1.8686847037167786,1309
3,1,0.12270799548891509,0.0667781601746325,2.514445916192397,3.049758616528219,1309
4,1,0.12766410069413214,0.05682489232383199,2.9296181091917832,1.3069019862040459,1309
5,1,0.12965315931369514,0.05394339751376401,1.048122096452557,2.0148511686720694,1309
6,1,0.1348548095605151,0.10747458435560028,-0.9919342435221538,0.8242202667777573,1309
7,1,0.15896852857256327,0.13838656676737676,-2.1375335012485857,1.5148844031426028,1309
8,1,0.15965993429137648,0.11531607142724436,1.239687997793709,1.860236392006604,1309
9,1,0.17363215313009017,0.15530839369395683,0.5527565336959489,1.332105108711413,1309
18,2,0.197089521928138,0.11790728663022661,-2.8425197470749497,2.4998596193734106,1309
19,2,0.19743284025320063,0.093507232492337,-0.5158004197453796,2.0276417355445635,1309
23,2,0.21016479053848236,0.15671509328684588,-2.3126886135068117,1.6130526943865802,1309
25,2,0.21228249883715034,0.17934060711516445,0.38662135754601656,1.2986198972381846,1309
27,2,0.21278062643383566,0.08789774230342448,-1.8600513341266531,1.0447772274659908,1309
32,2,0.22263151085853272,0.1238238330602733,-0.8694756701301807,1.510846523294574,1309
36,2,0.23373515663711364,0.054572710408846335,-2.9723704733857,1.3612292915180086,1309
39,2,0.24133425732096347,0.15794158838086236,0.9864619031441768,1.54157391709026,1309
44,2,0.24912947631317428,0.097713755312074,-3.0083688918408913,1.4984247747785426,1309
46,2,0.2495529100562468,0.17071879015027877,-1.4669298483344058,0.8624188325314123,1309
53,2,0.2577803757586359,0.16665408777793417,1.5023998797664857,2.7157525218396987,1309
74,2,0.27626318769380565,0.13319040781097308,0.6483718431850822,2.337468412705511,1309
66,3,0.2718139114044087,0.1740455023264905,-2.2547663372470454,1.9327647472287819,1309
79,3,0.28745263353686645,0.10583721522682284,-1.8171665058847812,2.8500380437733703,1309
80,3,0.2876133208539611,0.14831282417738992,-2.898309471556883,2.215148021488014,1309
81,3,0.2903194857532525,0.08835193390855055,2.2211908439558745,2.7728214610105257,1309
84,3,0.29282442284803134,0.09905955621128229,-0.3261555275858954,2.135170981438743,1309
86,3,0.2956526131282162,0.1514232687126607,-2.257595088064604,1.6109115435462527,1309
109,3,0.31499187528502404,0.12416211841325307,0.4727370032087482,1.4316426090793337,1309
113,3,0.32032292539809903,0.10295448758545404,-3.1274797266498533,1.314189792839986,1309
127,3,0.33111199654496837,0.2411656482378163,0.7876870158184676,1.0653520119179014,1309
134,3,0.33519150993196356,0.16641362231748466,0.12153000246630452,1.773652080619468,1309
148,3,0.34707855125300713,0.14912483156527917,-0.9918330127290058,1.268537820479849,1309
160,3,0.35157078297724587,0.1194238055866659,1.2318663467867597,2.2722821739535335,1309
166,3,0.35473617747622677,0.13302691233491917,-1.1063474784584293,1.045574323381559,1309
106,4,0.31268002676933515,0.1714183573648179,-2.8800665327796904,2.2678153588914793,1309
157,4,0.3508455258316442,0.11869454466950966,-0.20498893855467124,2.156977288128745,1309
190,4,0.36174737843306903,0.11791342227579737,-2.09595255631539,1.746330436876441,1309
240,4,0.38782160468819116,0.12964020586525862,-2.813179566665513,0.953295546758669,1309
250,4,0.3916300183378295,0.1351228556794378,1.5088483242308204,2.1325590750526278,1309
261,4,0.39662238519017645,0.22544745592860763,0.9510026158583976,1.0756545347224753,1309
280,4,0.4024710192372428,0.108132865390023,2.6562115271931352,0.8096682991322838,1309
362,4,0.43533331539172915,0.10852734794765886,0.6408800964118703,1.9085961767013226,1309
366,4,0.4368385966255024,0.19177986531362942,-0.8408994754846376,0.8581841278032805,1309
210,5,0.37364114824743455,0.1706534258650647,-2.464030335984936,2.190247123711124,1309
345,5,0.43083890597391694,0.14839689746233103,-2.1791855905865094,1.5379640692251517,1309
370,5,0.43755066009489985,0.08491493038305507,2.9016472391395824,1.6640091692733823,1309
391,5,0.4443269558740497,0.20205094980086188,1.0915381551904755,1.1330658068076966,1309
402,5,0.44722596323463926,0.0620848799587581,-1.4121204917882662,1.7709926033216126,1309
405,5,0.4477468417477537,0.15887921247997217,-0.39343282098050764,1.9435657372585815,1309
459,5,0.46279953990025957,0.1800860732183635,1.2854876972813136,1.8477874933339884,1309
489,5,0.47199092303389967,0.10554879894222044,0.8103940655538121,1.9585211168249064,1309
754,5,0.5233377483114258,0.1774575651319556,3.1250100577728848,0.9108729015937485,1309
793,5,0.5314633457295203,0.19293533465675458,-1.0355282494872549,0.880320456168688,1309
462,6,0.46338826638450525,0.19401143085574407,-2.134846942400917,2.1466797169867244,1309
603,6,0.4963025456035248,0.12204197843789667,-2.523282170402158,2.764573981847001,1309
631,6,0.5016139286010344,0.0721117241193196,-1.0624402400919897,2.400683817428459,1309
638,6,0.5024417604324836,0.1890993690717711,-2.640815192773207,1.855902437946901,1309
689,6,0.5114237957430219,0.21789876881037779,1.2533920904820535,1.334027064657196,1309
695,6,0.5125807446111442,0.1638439618597457,1.3128749431371716,2.0874813128536136,1309
705,6,0.5146109683884702,0.15899353786784975,2.63577814080195,2.6770324924550115,1309
736,6,0.5202862615164219,0.1388710585072798,-1.9579203471224236,1.2323863767418153,1309
745,6,0.5220337779109122,0.21436302903650944,0.9963218954915174,1.3247890797198176,1309
761,6,0.5250742425100956,0.05223872540950413,2.286951875901887,0.5389132559994003,1309
769,6,0.5266574633261409,0.24588391002589963,1.3685367182790138,1.0016481065275908,1309
827,6,0.5394990922441253,0.1996259928685634,1.2266137834679542,1.06767423219961,1309
843,6,0.5420417739265185,0.15314882138226052,-0.060201328485208885,1.460714712478392,1309
846,6,0.5429245833291714,0.20374431871126397,0.9245104406931512,1.7404939908742276,1309
861,6,0.5451641731684249,0.09196426927727312,0.16297225438248072,1.680954393316528,1309
865,6,0.5461538007064375,0.21865443131443005,1.2268378436354155,2.029178191359928,1309
869,6,0.5470410953290064,0.2306928754064349,0.9911956794926519,1.9588682968423377,1309
882,6,0.5504755936616174,0.243947413100783,1.4496513387182899,1.2298067043845626,1309
966,6,0.5761713132374563,0.1713733691298767,-2.94389424216091,0.7047617815903887,1309
975,6,0.5795016070105542,0.16233360414867395,-1.1877934105873222,0.8498631267551957,1309
980,6,0.5803231751039701,0.12965114584169693,-2.6399541257701666,0.736386531539331,1309
894,7,0.5538460171969358,0.22421863288452254,1.1713111673627254,1.4176310719785432,1309
906,7,0.5561553721397858,0.10653749657195015,-1.1016685167360833,2.4808500717086304,1309
929,7,0.5625154941631528,0.1782962405719747,-2.505950447313873,1.569383310301203,1309
941,7,0.5670904926425334,0.16189358588309505,-2.569542335188446,2.0989453305659005,1309
990,7,0.583211620414349,0.1604088056739093,1.949509399465509,2.7944952432463577,1309
993,7,0.5845816626493404,0.18322686713586175,-2.1372138215631815,2.5359032082353745,1309
1005,7,0.5878860634353077,0.19808523102814776,1.0729839173877393,1.9274450230918312,1309
1007,7,0.5885065164572889,0.1988694789309846,0.9612712891596245,1.889684794592395,1309
1041,7,0.6023477638154049,0.14790556598717752,1.0519189636404902,2.6167046782238894,1309
1045,7,0.6042562318309691,0.20267209395983302,2.1281437521836346,2.9419101533226817,1309
1055,7,0.6075868429226604,0.17988962642737516,-0.3058910473432707,1.6713740614446724,1309
1064,7,0.6110775048558992,0.2664516172711239,1.3950403973373398,1.6213251201338943,1309
1077,7,0.6161722372384429,0.20955535580130133,-0.12373061895406223,1.7212361662129823,1309
1108,7,0.627655320411366,0.172740140282422,1.3506046536741527,1.1813808793939014,1309
1111,7,0.6307793147625409,0.1540487609002977,-1.4409680608425457,0.7579851606568622,1309
1135,7,0.6468293474508093,0.06407585796580681,0.39582666385143106,1.300724538857136,1309
1136,7,0.6488296316159973,0.06313652312802029,0.32513233134977737,1.5223074650113715,1309
1144,7,0.6528472531503436,0.11741566804467354,1.7993541246136129,1.5157840663995767,1309
1170,7,0.6644602331196449,0.11867884661689254,-2.4785845252283663,0.41453510456949894,1309
1112,8,0.6314041738750947,0.20304167104723525,0.9071342507044418,2.014166584047921,1309
1134,8,0.6466353390081157,0.17866224237129144,1.344693353919317,2.6844199096687884,1309
1159,8,0.6589015338095346,0.1778237745706495,1.222411397444361,2.6116654267067947,1309
1183,8,0.6804171336348456,0.17838534445775997,1.7225541014736379,1.6185590914602157,1309
1192,8,0.6855099932787068,0.13901497661732679,-1.3000475172955006,2.2768662851848385,1309
1194,8,0.6883025238088266,0.14882099541001392,-0.7562137013883632,1.5356653550619297,1309
1195,8,0.688474608081384,0.09203293635100956,1.7971385668654927,1.745741912916782,1309
1208,8,0.7026736544366576,0.04626306123532065,-2.0240848691346525,1.7203969194948872,1309
1209,8,0.703844954465179,0.1441680928188074,-0.10675841255228959,1.7747981572535187,1309
1212,8,0.7107172885201237,0.04971959208466761,2.503930759279673,1.788439971433223,1309
1222,8,0.7217845614209678,0.16468479354651466,1.2500262754598275,1.5741894721683243,1309
1239,8,0.7341838229431845,0.10340928161358448,1.8490742240287557,2.3623483592686516,1309
1242,8,0.7377763429711799,0.10961863196742118,-0.9317562993429745,1.1846122780146762,1309
1258,8,0.7536103912464187,0.09315614358389358,0.25457190015594566,2.2850943160830823,1309
1259,8,0.7558800528627629,0.10807028103071217,-1.1987423509885666,0.4930055313314394,1309
1263,8,0.7589941938537144,0.06284035078481173,-0.24854569416291447,2.82803985318558,1309
1236,9,0.7324471939380555,0.17358879033202212,0.8357163309101171,1.9020655989817818,1309
1241,9,0.7366394699836861,0.2001876479572123,1.715831044141821,2.7407532190485218,1309
1262,9,0.7587856878320582,0.09993553865643583,-0.6098753676648377,1.7273780383468342,1309
1265,9,0.7605371234253931,0.21833145902278303,1.2830896293073544,1.8704914678898208,1309
1270,9,0.7632771868769801,0.0847459221697833,-2.1034610052417504,1.615837805821361,1309
1273,9,0.7660909780640882,0.13690809792093392,2.2437557935163506,2.560471633156148,1309
1277,9,0.7762920393969269,0.14088060942355163,0.9736357087971456,1.4216695804653658,1309
1279,9,0.7793334169535354,0.14807943759387224,-1.2064583860151707,2.346947426890428,1309
1280,9,0.7801256231651464,0.07471731258029371,1.575020632546358,1.7434759062762,1309
1282,9,0.7860590949887502,0.12449238417901169,0.26216972640583325,2.4468320261116867,1309
1284,9,0.7903288570156595,0.15627089170230787,1.7382124376324868,1.8935705311601376,1309
1289,9,0.8001907913510765,0.10443493568161907,2.0101123232671703,1.3841331779489752,1309
1290,9,0.8060670510792717,0.07092615056667674,-1.0823854060998324,1.2341832590253858,1309
1294,9,0.8221297032016678,0.08073323144425198,-0.7182129816559646,0.763419931551698,1309
1296,9,0.8324174403287178,0.06781046402913989,0.554033667855298,1.9972025711759454,1309
1295,10,0.8274633867957302,0.13064211732813738,1.5351817253104545,2.763848230042328,1309
1297,10,0.8362055647606893,0.14021241860080977,0.4827640366849439,1.6341760405915606,1309
1298,10,0.8373637727744416,0.14488977580843418,-1.0433563973916649,3.039820759138418,1309
1299,10,0.8450517985692364,0.09955563049518946,0.46592248973363465,2.2699603430853297,1309
1301,10,0.8530807403078812,0.14569715148437173,0.46412734576601117,1.8188846844818096,1309
1303,10,0.8607144233672375,0.08458912268177565,-1.2352512986808446,2.9873926662988253,1309
1304,10,0.8645425211139814,0.13073248420616201,2.3673260353812675,1.4225403885005656,1309
1305,10,0.8699352316652438,0.0992547849194244,2.2458404299890846,2.128054157942597,1309
1306,10,0.8735078525964151,0.04305376635507881,2.606464719662226,2.8504317166065407,1309
1307,10,0.8962235265299776,0.06503075215571184,3.1216993524746437,0.15022863066622363,1309
1308,10,0.899633219356921,0.08476987156950516,1.269678072327191,2.1100166938677862,1309
1309,10,0.9068660798970269,0.06173676815988485,-0.5046225451099571,2.0119489256151377,1309
1310,11,1.0,0.0,0,0,1309
0,0,0.0,0.0,0,0,1309
1,1,0.05130667872659089,0.04179542233759925,-1.997369663539866,2.36057189764645,1309
6,2,0.14409583715073493,0.04100104349976093,1.809577652323421,1.791446746646902,1309
27,3,0.23100021945760552,0.0903642041888729,2.637560427614022,2.1600560605466104,1309
28,3,0.23134202751539945,0.0843853814144654,2.207179181431303,1.9820902312346012,1309
55,4,0.2662427493742985,0.08159467284730582,2.3117562928900472,2.0962293080243843,1309
144,5,0.3458366698512686,0.041741339431602034,1.638434691712315,1.2655927600963184,1309
172,5,0.36521228395733596,0.09399024234318744,1.1210725067448142,1.7581740662883059,1309
178,5,0.3681943930260084,0.021991024451943907,2.4142471566202723,1.60045079376708,1309
397,6,0.4416176467549342,0.05683624888761846,-0.8672855368220809,1.4666179597642912,1309
490,6,0.4668184604596244,0.04084322673407114,0.9845771701165731,2.2054953210189026,1309
855,7,0.5445848449817481,0.08617492750302524,0.01946980275059647,2.856498001894426,1309
1138,8,0.6403942612378556,0.14841562348433573,-0.7007862277015795,2.375949476713516,1309
1187,9,0.6761923015841363,0.15016184755270817,-0.8459973964491208,2.2160816360593714,1309
1269,10,0.7753063237481859,0.12267700385240984,-0.4145438557742905,1.684406166295723,1309
1301,11,0.8352319154992639,0.11474909166377278,-0.09519527483713103,1.4016869614575074,1309
1308,12,0.8833763895523953,0.1011804280261399,-0.2270156454410316,1.6098783219695194,1309
1310,13,1.0,0.0,0,0,1309
0,0,0.0,0.0,0,0,1309
2,1,0.07546385607078121,0.03703967332827081,1.9307464482325323,1.9022469297558409,1309
4,1,0.12544360842611302,0.0831145146620989,-0.33881438070092107,2.871406623886495,1309
12,2,0.17782041855885444,0.08061644015679842,2.9916228867180505,2.855907033726741,1309
22,3,0.21094335297398104,0.09085055615134728,-2.511342300194451,2.7848086005456185,1309
29,4,0.2310463108350871,0.09815359276461524,-2.3135472718442194,2.954929574600224,1309
78,5,0.2978537193875027,0.08709876333654636,3.071024136184962,2.6872834610262015,1309
236,6,0.3898430555578345,0.08370752500762013,2.219661688025837,2.1900380003255826,1309
273,6,0.4047077939447371,0.13616362154475797,-2.8121728938126784,2.0910207835052375,1309
380,7,0.4372203121739525,0.10540030280729432,2.436505182333956,2.500082347353,1309
501,7,0.4699838387951393,0.1384657259130743,2.924079922836167,2.183019679666112,1309
816,7,0.532869639305933,0.19570452336713848,-2.645040343343224,1.89830896935732,1309
901,8,0.5559677831495575,0.20014188700801588,2.356753878121121,2.3248895992661716,1309
980,8,0.5845155200384391,0.1687784085477817,-2.761383274632503,1.9785721026387273,1309
1125,9,0.6407754153264251,0.16538874852023358,-2.931708202581536,1.959219038302441,1309
1166,9,0.6610347369571432,0.17303341149053272,1.7248968166442382,2.4289152517135637,1309
1168,9,0.6644673048945885,0.22097559830380867,2.699545973082316,2.663331758249367,1309
1244,10,0.7194723768927882,0.16830563023743017,1.294154353852256,2.6431901959650816,1309
1252,10,0.7332497444663117,0.1812787123508757,2.3392828906824783,2.4952148662131237,1309
1260,10,0.7385636399101158,0.10833047605745011,-2.72376309291117,2.2383478267642447,1309
1281,11,0.7655322734188753,0.1686868644566361,2.2543039092546637,2.39014923624981,1309
1292,11,0.7875686901994952,0.09474775412856179,-2.8217553149302277,2.6045602834885555,1309
1304,11,0.8238235439062696,0.11211199310709406,0.5799257309403112,2.2265409153224183,1309
1306,11,0.8376819736196244,0.05250627222360809,0.9806085723103694,2.6435085355524293,1309
1298,12,0.8085628249241447,0.17502862547901474,2.1283157672888895,2.2621428463192,1309
1309,12,0.9376665810079924,0.045999100235669256,1.5512510326979163,2.0588520565816655,1309
1310,13,1.0,0.0,0,0,1309
0,0,0.0,0.0,0,0,1309
1,1,0.10587841945833176,0.04759857854101102,-3.1297168498128776,0.9566244507005124,1309
2,1,0.11723479618615884,0.09503927743004491,-3.0754472395023744,0.8072548170751549,1309
11,2,0.18495850468505082,0.10766070005268867,2.6519799658802543,1.1945856663014245,1309
13,2,0.18855823986066644,0.08776398836730856,2.4969014145159094,1.0376932572809139,1309
37,3,0.24047721278232526,0.11031061776321006,2.407548541268333,1.5572742334217327,1309
56,3,0.26789699002806666,0.1635687735161261,2.6792058080947236,1.1458465234992259,1309
149,4,0.3437750801303022,0.18474305233953564,2.997997437086005,1.1739542661638533,1309
244,4,0.38580911679834107,0.23199228286444615,2.428176448686538,1.3466540795282966,1309
386,5,0.4346878993209333,0.2072104348279059,-3.131481368676024,1.4256316310278188,1309
467,5,0.455061797364512,0.23510801846678628,2.3195734776988433,1.0707713665748257,1309
982,6,0.5763180621229153,0.1874165815421958,2.5208003749775405,1.2426813449514653,1309
1097,7,0.6172625475772845,0.2012155024423615,2.4455663806460106,1.3878552223579184,1309
1217,8,0.6941138683529475,0.2099349601871883,2.468548725426114,1.2905948922523993,1309
1265,9,0.7440541843629994,0.18311146952092083,2.529475571178225,1.3526867145302193,1309
1292,10,0.7943241060545498,0.15598453946918128,2.556724815373124,1.35455467956444,1309
1308,11,0.8481516588522294,0.14127344239083298,2.754391943521911,1.547314173501721,1309
1310,12,1.0,0.0,0,0,1309
0,0,0.0,0.0,0,0,1309
1,1,0.11706829693614562,0.11603043352914946,0.2386872288224394,1.3683402903298632,1309
2,1,0.11774429453661761,0.02221407896332931,-3.0245367139909516,2.5199615679753635,1309
4,1,0.14912176665083066,0.0814501356233666,-1.9356120119554154,2.1561377744293413,1309
7,1,0.16219472923353173,0.09389395769115355,1.4927501786862694,1.8213071436134503,1309
10,1,0.17359050822534938,0.17269904893296165,2.9332726287080577,1.5977021616573874,1309
13,1,0.1903470335004267,0.10922483218476212,3.0694968503910105,1.6115646812072666,1309
17,2,0.19829093024984557,0.09777940018013165,-2.235178420046498,2.451240929694044,1309
40,2,0.24692677025246013,0.06572400494456662,2.9018719372697026,1.7145530081823996,1309
46,2,0.25301280278973115,0.20800613759612496,2.685961000552114,1.6802432556497262,1309
53,2,0.2700115510799721,0.16735433671166453,0.8901815911170858,1.7450636317413573,1309
64,3,0.28045783194418183,0.16067448360859096,-2.0995240538565336,2.2758982180943015,1309
110,3,0.31580172436257437,0.10616100893144811,2.6254236144081284,2.119019431186496,1309
138,3,0.33038264335252043,0.15153623081256948,2.630230686506931,1.7920693819347944,1309
155,3,0.3388787813536783,0.1558133760377097,0.9977076429418519,1.4523207580929838,1309
202,4,0.3634271747260308,0.14924564028287893,-2.546889025870659,1.9397000065926402,1309
231,4,0.3827574261089216,0.1464924189592095,2.532124164852672,2.114423595418573,1309
288,4,0.4058889856587805,0.1691752374706882,1.0606428741757015,1.724035600992842,1309
315,4,0.4150557503334289,0.1584391811524883,1.046111108838585,1.274578218920056,1309
343,5,0.4232608336202135,0.17233385737665313,-2.609471212788617,1.855657709847574,1309
452,5,0.4525031785414634,0.13584650786761093,2.574097611981483,2.364426236224157,1309
669,5,0.49671619666639744,0.17686201871346038,0.6766457693266006,1.351600559622193,1309
773,5,0.5205147044197813,0.15366987197799503,1.097157290652405,1.0557286273890918,1309
621,6,0.48939962294280703,0.139105184135079,-2.5976308021173766,1.5915559340173995,1309
931,6,0.5573097045849205,0.17669660182650287,-3.1361694408975125,2.931976114450277,1309
1122,6,0.625422828811988,0.12427177529986878,0.8292397772587509,0.9469743503314471,1309
1051,7,0.5960536484022031,0.09761641354435015,-3.1115572354733536,1.6764097951548054,1309
1133,7,0.6316321167078733,0.16328424221956392,0.01591507921235768,3.1231654383039134,1309
1178,7,0.6662667874610345,0.1183955962896817,0.9936880582658832,0.6568722426178899,1309
1199,7,0.6752232349965835,0.10367663500250134,1.0217371882101272,0.7320354692007139,1309
1129,8,0.6299508321324441,0.11144461890307684,-3.085371758855119,1.8215572512198763,1309
1206,8,0.6820244412350215,0.18138331662457488,-2.8831715763438,2.8935592173376103,1309
1231,8,0.7036732684629108,0.12142533888144212,1.0654030722717587,0.7737165642929281,1309
1241,9,0.7162079861415022,0.17859440028084875,2.804060815802788,1.9053188661865759,1309
1258,9,0.7405448077846661,0.049158762602828456,2.6271153335161492,2.0090840244442894,1309
1269,9,0.7519966733457427,0.1562064421679969,2.5280414060671315,2.2167925106288426,1309
1277,9,0.7697312355699404,0.11666000962557209,-1.942861582510535,2.4283708582445147,1309
1280,9,0.776090539129121,0.07232775318148545,2.310074517578364,1.595982791511367,1309
1281,9,0.7796158485889779,0.13779091707920732,1.968694258464787,2.9455953214410684,1309
1288,9,0.7977238293864737,0.11727196161668654,1.5217125103733316,1.2058834747655391,1309
1298,10,0.8183651766027331,0.14553187887598487,2.6138953031505814,2.8864963770369747,1309
1299,10,0.818423477021796,0.16305431986256957,2.606390266894836,1.488560549212823,1309
1301,10,0.8294283681930695,0.11363709575954532,-2.0799461042427394,2.1418500924585047,1309
1303,10,0.8331443795432796,0.13744207429308,1.4643168631303527,1.0479777892844289,1309
1304,10,0.8345270359369027,0.11442854251371136,-1.1991263918625068,2.4035839133258374,1309
1306,10,0.8506843190615333,0.11488844015216104,-1.460171989338498,2.0026020338751023,1309
1307,10,0.8618569679763141,0.09841446324243762,1.2876226557950654,0.6425844922019807,1309
1308,10,0.8638085733776081,0.10454898495609946,-0.9568702697369121,2.116777468624892,1309
1309,10,0.8689499073894578,0.09743388712366254,2.008818395329704,1.7745990575493173,1309
1310,11,1.0,0.0,0,0,1309
0,0,0.0,0.0,0,0,1309
1,1,0.06270803016579773,0.056036767526340174,1.210259392154869,2.4446366604745995,1309
5,1,0.11135674843312171,0.0763177899008413,-0.48953164758185447,0.25997991806433834,1309
10,1,0.14408003006969017,0.09443534947881041,-1.0764801578745278,1.1440135799652258,1309
15,1,0.18904512711862076,0.1367266000894193,-1.7912088911469686,0.7536824357036217,1309
3,2,0.10291635107929697,0.0655090930853673,0.7853290860458626,2.724680315201661,1309
17,2,0.19392494681206252,0.12421418981174177,-1.205346245921841,2.328997949235216,1309
20,2,0.20440773824088887,0.1122558506641622,2.7541667848705726,1.8338925181071764,1309
36,2,0.23493949963552474,0.14995662803773338,-1.6474984546966525,0.99991526672435,1309
58,2,0.2658475842611294,0.1916610322448674,-1.4973302353004954,0.9156199167523672,1309
63,2,0.26964463014127016,0.20156603110015903,-0.9995238307294937,0.8610172890556153,1309
26,3,0.2209559139363062,0.1716600926265287,1.5138413354181683,2.647373136700997,1309
33,3,0.23254001618640308,0.12701070286618676,2.8948671838194464,1.7069800409906766,1309
43,3,0.24472253930404686,0.07495973172108551,0.5673028817764993,0.5598271582595615,1309
52,3,0.25913544329073546,0.09869107965197257,-1.4008224796181397,0.8396306865935648,1309
56,3,0.26477905995523965,0.05915716347772283,-0.3560928627854941,1.1347195769114466,1309
79,3,0.2853286339233365,0.04714598287003702,-1.5640551891485603,2.093566895457266,1309
90,3,0.2957296042579338,0.15927673062076192,-2.1088116718804613,0.874180762236127,1309
92,3,0.29588554588992333,0.15890093762925026,-2.492812920641837,1.653052105492199,1309
122,3,0.3182124912790165,0.24681563984507784,-1.8036377864585988,2.7079366018128157,1309
136,3,0.32537477730372666,0.25644030895568465,-1.7811225885937696,2.937620355483435,1309
152,3,0.33397365741966,0.18606926262125825,-1.2968013948555017,0.7171315952118988,1309
124,4,0.3187207230366208,0.1451727339163603,-2.531005202302069,1.567326574618201,1309
148,4,0.33166979361660864,0.13215626878105258,2.6283907424960136,1.2608099417752814,1309
164,4,0.34244902418897993,0.06142857051394001,-1.2530049604258757,1.8568759518866058,1309
179,4,0.3482778014954119,0.1738204530507746,-1.432082437261305,1.126565054383499,1309
193,4,0.3588119418913276,0.19644278872628426,1.2687546113804298,3.098348080269697,1309
250,4,0.38285645809726876,0.24879288432554753,-1.6354731391795505,2.820703851382171,1309
291,4,0.3991881437641981,0.1424584860360344,-1.3587803266418803,0.7119556647791119,1309
224,5,0.37295617770293243,0.12473756854688779,2.94859970348003,1.1865392523012326,1309
351,5,0.4190458597995248,0.16837563734657385,-2.7632258553844276,1.5364006643445676,1309
392,5,0.4300821214436882,0.19478558040856955,-1.6943511967120815,1.1370991836384392,1309
402,5,0.4327380815901739,0.1691840945305625,-1.5647121988898292,1.3417533872720229,1309
455,5,0.44749470676420433,0.23071301930073107,-1.955154210310529,2.8873023068404993,1309
457,5,0.44856518973617765,0.19659287023563723,-2.0487088555379604,1.2889514668850255,1309
532,5,0.47032613300231396,0.1371095123375329,-1.987039676075475,0.9365343906624872,1309
453,6,0.4470153438478808,0.13739496745854796,2.6554156526438204,1.4037669707365812,1309
498,6,0.46060730925363425,0.13120297124884442,2.4562316704872544,1.2232923440188865,1309
527,6,0.4687826978520152,0.08248951299880002,2.7897164274926634,1.9934235666777946,1309
530,6,0.4698241780730552,0.23214414833949432,-2.2975166353163283,2.8794159748393713,1309
718,6,0.5090272773685318,0.14294856263429914,-1.941382376985276,0.9454942662766453,1309
917,6,0.5552475783642583,0.15902722800724967,-2.0864482173418475,1.8358250439149189,1309
692,7,0.5033454523506324,0.16276129048662974,2.7195568794715808,1.3035893109593422,1309
745,7,0.5147763544421987,0.19458586418659293,-2.563602383075228,2.819641420557909,1309
779,7,0.5230018803151665,0.14624064908322673,2.9047367618197755,1.0995665976013558,1309
1137,7,0.6315927322938115,0.13358489353842723,-2.1693802857009916,1.5978508121284651,1309
954,8,0.5663936413651047,0.15348740536685912,2.932267062915679,1.6014589008162137,1309
983,8,0.5761882350214884,0.16085959736749492,-3.043273055458454,2.6238770148608985,1309
1069,8,0.5998926720658029,0.12895854391146536,-3.1215059136087393,2.686138093643275,1309
1163,8,0.6466135787463724,0.1319300460799223,-2.261922290730246,1.5890347791576374,1309
1181,8,0.6592808480898762,0.07558106503393451,-2.3021319547145564,0.5462038439597723,1309
1162,9,0.6454993571683953,0.21011628082015338,-2.780085346111035,2.7714049603755635,1309
1185,9,0.6625952310606741,0.16975593706457437,2.3999672939181096,1.7813561215552842,1309
1215,9,0.683710946564912,0.1497621483021224,-2.6012029919641635,2.6402420773689195,1309
1249,9,0.7116496745979356,0.10795004237225914,-2.1186280254751018,2.2353730764276443,1309
1263,9,0.7256333848326498,0.08456745178578952,-2.573265541744624,1.3231777237097506,1309
1250,10,0.7118128565458317,0.19226182377774853,2.7709454672181564,2.6811655681903135,1309
1265,10,0.7285580307176007,0.18077784107522454,2.0593241252047747,1.889533041861044,1309
1276,10,0.7439593612460605,0.17842903547229882,2.053884811115118,2.034764372203102,1309
1288,10,0.7745044165930123,0.17066916182313732,2.3483538008766827,2.4198971990658618,1309
1291,10,0.7802465349853356,0.16904790046438564,-0.7972269046586418,2.973435932948547,1309
1292,10,0.7803527855294773,0.11199926009576879,-1.6450025565190858,1.8043392284705195,1309
1300,10,0.8029637802387857,0.06691253572592057,2.6241048534606994,1.2526483976586245,1309
1301,11,0.8064117242122602,0.17206928981900146,2.681080781368485,2.198996203537063,1309
1307,11,0.875175273288206,0.09827712765257875,1.8868798620363514,0.7830150035031382,1309
1308,11,0.87965860875269,0.0977337692095584,-1.665520686277069,1.428234011316649,1309
1309,11,0.9042663518222119,0.06716499418749731,1.9052102593737676,2.682767869723072,1309
1310,12,1.0,0.0,0,0,1309
0,0,0.0,0.0,0,0,1309
1,1,0.06965251137811457,0.037564678572948915,0.7249162063743249,2.4774911118753966,1309
2,1,0.08798341510402174,0.07323437633980513,0.02083637789278298,1.4441123251155994,1309
19,1,0.20443572403058086,0.20018151286313413,1.1301901874815288,1.7272619826218143,1309
6,2,0.1511172376047134,0.04766215160966876,0.8985969877910294,1.3741736000148868,1309
7,2,0.15458222193530713,0.09462760195352564,-0.04776982195158114,1.5866866440357954,1309
8,2,0.16193325213198795,0.06679319609002177,-0.3461714742538913,2.101922658099692,1309
51,2,0.2628058917062457,0.22894332922739544,1.3341980001218556,1.6693666975859534,1309
65,2,0.27812613689613275,0.20794470197015502,1.1341219817530515,1.7107921585995811,1309
20,3,0.2045565246891028,0.09215968712616811,0.09531791199135792,1.1786430085689783,1309
27,3,0.21988425806692435,0.04976306028614468,1.3198498307704953,1.6995105233834369,1309
32,3,0.23050145957510426,0.06360104398998004,0.2614305901595745,2.6453320279556114,1309
36,3,0.23639892529620254,0.06757444552448874,-1.4620241282403599,2.141316934996809,1309
117,3,0.3271360994822077,0.20959648179394488,1.3073723810539546,1.657604131436071,1309
60,4,0.27489196891159395,0.053439711334980475,1.0840931990310763,1.0642914542803579,1309
71,4,0.2861009845856237,0.04405099261831116,0.9202307593989091,2.373055788782222,1309
78,4,0.29540823211685463,0.038262820863532145,-1.398341830930694,0.7129495144610145,1309
94,4,0.30936175402807664,0.02216371195523444,2.1378787271981743,1.6966189170339425,1309
97,4,0.31154764089773745,0.14535140278966607,0.7961741062135231,1.4798435040331614,1309
106,4,0.32049498054608083,0.08249826792456012,-1.5130360732925334,1.044894138930962,1309
229,4,0.3851798528529784,0.2540795673393837,1.3378208656034467,1.597257409438381,1309
152,5,0.3465593430469667,0.048443686018157565,1.4057366337665422,2.364337487346198,1309
172,5,0.35793668375425625,0.11532431212106478,0.4406958129059351,0.5356131467659934,1309
200,5,0.3747253946376471,0.05591770604091561,-1.9662653427451857,2.639788993623617,1309
236,5,0.3864455444415619,0.11116158279294204,1.9811750678453386,1.3550180412559305,1309
239,5,0.3887408278597515,0.12811304799897144,0.21533055246206645,2.3490811328534624,1309
246,5,0.3905113448308265,0.10076561651017751,-0.7126427405003701,1.4502592882091943,1309
272,5,0.40359531958495964,0.0788066781044904,-1.0063263336549377,1.8484548986443146,1309
302,5,0.4138030428108138,0.1805498694372575,1.673791353025024,0.8630080079194136,1309
366,5,0.43540217222779876,0.16489908658397653,0.7614308543183994,2.4223991134924887,1309
417,5,0.44798170101331536,0.1843247128888015,1.8707683908930786,2.2124700965011903,1309
446,5,0.45548360505923224,0.2251330702758395,1.2212237009594038,1.829601589028984,1309
395,6,0.4427685860988252,0.11593958569274403,0.1638331042651032,2.0880343370667362,1309
455,6,0.4590190259487721,0.15994639417706644,-0.1349948043495472,2.2786148020761203,1309
467,6,0.4614112158281489,0.12638605607286124,2.698857346216478,2.309465529556344,1309
471,6,0.4626020835686724,0.12436895041707188,1.962026026600799,2.5074524223158736,1309
481,6,0.4652884935476088,0.07980119298143704,-0.4274454103760859,1.3992287158612164,1309
526,6,0.47653577050521023,0.10509366501642409,2.0069921229606034,1.0879926801986703,1309
546,6,0.48024117535273914,0.12313997243044383,-3.0029299297849397,2.379116755770465,1309
571,6,0.484857545653927,0.14778891326634908,0.20924711690555062,1.8112705592349245,1309
594,6,0.4894688444971518,0.1582241212051637,1.222923184625721,0.3954856849015668,1309
612,6,0.4936966424415846,0.14611904633614897,0.882848888665322,2.562400447744313,1309
681,6,0.5060957957355048,0.15503720280179947,1.9198710556960192,1.7299785172059183,1309
754,6,0.5227042458053256,0.14059855218757222,0.898490051710177,0.6204757698847071,1309
758,6,0.523604343739112,0.10402414048620455,0.7955618237923389,1.3026784789736214,1309
842,6,0.5431071661436088,0.20105217374493278,1.0013336069654948,2.163222669265653,1309
883,6,0.5552632286126604,0.2074039386769686,2.182033912166396,2.1144507266436863,1309
729,7,0.5157944907605718,0.17808253634980167,0.1315487649533433,2.4166428958756887,1309
818,7,0.5364447506022744,0.10152124841790806,-0.03381456711620527,2.458434309482207,1309
833,7,0.541569194924875,0.09298489951190078,-2.2498754463529775,2.569266026339055,1309
908,7,0.5634063423423477,0.21994116608711856,2.9105753964022223,2.339121240286,1309
911,7,0.5660227205666784,0.10767186569799152,0.2604964329056284,0.7420564583611894,1309
949,7,0.574739263527999,0.163516416891524,-2.8354715760513676,2.4565330404096923,1309
955,7,0.5766347582827143,0.15191233334542084,1.5603073874360633,2.513676245267317,1309
969,7,0.5794566340500779,0.17396482989404338,2.7542899927030136,2.3747182331508445,1309
995,7,0.5872774299893623,0.22277124230703235,2.3230518985215287,2.4182434827268144,1309
1000,7,0.5880256048430749,0.2082513284185939,2.267767399059627,2.237971159502679,1309
1045,7,0.605994726449899,0.2299767266736017,-2.6865131398734516,2.247706674123422,1309
1074,7,0.6183460224082411,0.14578730553961658,1.0293251368133254,2.172182407034437,1309
1085,7,0.6236656406843001,0.11614508711035132,0.9296406027998173,1.5589083767781946,1309
1124,7,0.6380521535706974,0.09086216967884435,1.7798671311156167,1.1089411138642473,1309
1103,8,0.630286572713464,0.15649102574347776,-3.0363325847795672,2.3639491114140916,1309
1112,8,0.6337537553144371,0.201039241884471,-2.5307446932002167,2.5091286658900187,1309
1154,8,0.6533017224037445,0.1081151235283871,1.0706635197856265,1.5499774703116567,1309
1183,8,0.6682688621323856,0.15445693476320851,0.8002118943191131,1.9504221254253589,1309
1185,8,0.6697327900458836,0.242758840068078,-2.8046431141144965,2.075549743136428,1309
1217,8,0.6973056889289663,0.1464306468039994,2.2249723260432397,2.0527270198690575,1309
1230,8,0.7103244715409032,0.06499114200660099,2.547834478819179,1.2617801067120997,1309
1237,8,0.7165948210520471,0.07577612866680532,2.38546547733066,0.9334606690850666,1309
1234,9,0.7149783349852586,0.10651082783810181,-2.745543667255836,2.2473576306986636,1309
1236,9,0.7154782251397754,0.11864088407433244,0.6131203396313681,1.8228114897393068,1309
1246,9,0.7268254548232055,0.22806071994251845,-2.872279033463113,2.2929584575520887,1309
1251,9,0.7345834696695734,0.11351778802275916,2.346558171057086,2.943944256878852,1309
1255,9,0.7373329582922888,0.16017580648592508,0.6461532503373626,1.2728016792061205,1309
1259,9,0.7446767556566748,0.10873722106192583,2.582550557153421,1.9011144032393688,1309
1282,9,0.7887001290031334,0.06459256798462794,2.1317255560028583,1.6453252354530723,1309
1278,10,0.775370170209034,0.12621851661334385,2.736825171540888,2.671584937803068,1309
1285,10,0.791138147906354,0.155812129545476,0.41514427157041933,1.1545210611335308,1309
1286,10,0.7912490182036621,0.09796197726466467,0.7927120552244777,2.3357506378254613,1309
1293,10,0.8008886182131284,0.18500906620268173,-2.9753237893384448,2.163987552366162,1309
1297,10,0.8178375596610871,0.11748974087747943,-2.9179143556774965,2.1537726472376524,1309
1304,10,0.8492371575519208,0.09894083532692093,1.856126367241359,1.4290880896693157,1309
1305,11,0.8867041534443686,0.09359309789534749,-2.4370883372410486,1.945642794166023,1309
1306,11,0.8962673924055404,0.07854962950560015,1.726232911508988,2.6533886341174027,1309
1307,11,0.9061622223591638,0.09182892962004577,1.9255395619639937,1.5695292002092682,1309
1308,11,0.9117081955182729,0.0784009826698902,0.14295316154317886,0.9288846619405184,1309
1309,11,0.9252427361391307,0.07356441087987395,-2.9873019440382915,2.1379185652715824,1309
1310,12,1.0,0.0,0,0,1309
0,0,0.0,0.0,0,0,1309
1,1,0.0611701944158638,0.051399765279579714,2.854138871864327,1.1076004921989506,1309
2,1,0.1026540481383662,0.10157066032909465,1.7555125765312396,0.11912913675340109,1309
3,1,0.11865398906415614,0.1079929830994406,-1.0700415210678555,1.628111338525435,1309
5,1,0.14964179455908744,0.10598772172812547,-2.4560285968625695,1.8548308760327792,1309
6,1,0.15070839581331696,0.12228357543669931,-1.7211697594793214,1.5924900645394942,1309
7,1,0.15428865841886485,0.1497721391989879,-1.6354658112933333,0.8324497567305535,1309
13,2,0.18840233282535868,0.06198433559614996,2.1539070952042514,1.3790130602660697,1309
20,2,0.20476122556111387,0.14009438738622138,-2.668438507051168,0.6938329179907646,1309
21,2,0.21018091758193036,0.06407404895296369,-2.4529267265461905,0.9945017501562968,1309
27,2,0.2184634923175095,0.13019320615194666,-1.6199913311076028,0.627047257274765,1309
28,2,0.2188639651589641,0.13565240414464738,1.7073729442489929,2.4738536743620365,1309
29,2,0.22311763248290073,0.10818210574186668,-2.997209706161803,0.953959360975657,1309
36,2,0.2346594895941898,0.11985107444601865,-1.9463292301524378,1.2863756145031102,1309
37,2,0.237753369067235,0.1908289450513812,-1.8830857165467974,1.546063914468166,1309
58,3,0.2724726290756223,0.10511387342197627,-2.5208572390930795,1.3636506904272538,1309
67,3,0.2791217064067516,0.03753501996946008,-2.2983376267809397,0.9499893399971053,1309
68,3,0.28007507412095656,0.17020748329263716,1.8619295340721307,2.6353929939422427,1309
95,3,0.3123667013490903,0.1348833962712434,-2.2484001869576318,0.9952699115820981,1309
97,3,0.3137330012954076,0.21264133872817959,-1.9157809446503038,1.2175650264974358,1309
125,3,0.32708203453482565,0.17014255682268678,-2.211464007371623,1.5256783032499437,1309
129,3,0.33315048621859,0.12919512592306026,-1.6126892956501073,1.0102451167325932,1309
99,4,0.3148628834664553,0.03515629987029167,-2.137400998464359,0.36716379659946446,1309
178,4,0.3621680453151911,0.09403326869616645,-2.129546843908885,0.6832943087551835,1309
199,4,0.37131247548401414,0.13741184189687614,1.6378132177506985,2.1245265910680744,1309
249,4,0.3903390855236857,0.18828192870917934,0.9201029022298965,2.374472718866048,1309
275,4,0.3986962486999619,0.13664899030510322,-1.1357216560584524,0.8204916636414065,1309
292,4,0.40335931605626285,0.06335264404389401,0.5430510955681648,2.211345427563319,1309
325,4,0.41598939223543596,0.1657572685903625,-2.00981564310095,1.1492133380681548,1309
346,5,0.42313264754489655,0.07915160871189031,-2.801026517423067,1.364720934490515,1309
388,5,0.4340733041078868,0.11352581154665445,2.200828526610343,1.2389422077955317,1309
455,5,0.45107806743883017,0.17353583689377677,-2.1373643283595825,1.0765411810999246,1309
465,5,0.4538724553964558,0.15354241979345198,-1.9682617696089164,0.9293661599977481,1309
468,5,0.4541396257260092,0.1298629341128621,-1.2794777409092166,1.196174044752431,1309
476,5,0.45658860137044444,0.06998178960837069,-0.7510083577452594,0.6946941267322434,1309
514,5,0.46329735185517784,0.09100633209487032,1.8663100325918827,1.6336612659641112,1309
561,5,0.47343335062879877,0.14414049400496648,0.440146022016797,2.5732783064323534,1309
716,5,0.5071129754558403,0.08575312917963147,-0.11859216284256549,1.722489967419805,1309
799,6,0.5241067881286181,0.17034286442498395,-1.388153881497593,1.561000388263953,1309
826,6,0.5291501111575047,0.16065466642436219,0.5735701555358569,2.8188331488806835,1309
841,6,0.5323441726603007,0.08159509368149917,1.7483687512539283,2.2603449432236484,1309
868,6,0.5396436239107075,0.10251234499016859,-1.3948513100125357,0.9663166000881355,1309
881,6,0.5429709070563593,0.1413480803475585,-2.7461144865519316,1.9463911762966801,1309
1061,6,0.6031837105269638,0.043768543436054796,-1.6603286810322297,1.7611453506423993,1309
1046,7,0.5970948031537154,0.20672101031115991,0.12373489843224887,2.67661934550264,1309
1115,7,0.6248911671380446,0.08125660149777955,-0.8489735251956995,1.719177462761704,1309
1139,7,0.6340357497655995,0.11245859760999653,-1.1659178757114366,1.5098278458372267,1309
1147,7,0.6394632765276889,0.04683880528842174,-1.0606420370470238,1.3970532027217233,1309
1215,7,0.671871661830684,0.06431137863026205,-2.536017520056187,2.3084904009862015,1309
1252,8,0.7065678791731418,0.2357728477365198,0.06189390937023398,2.238281425687927,1309
1273,8,0.7381608805880959,0.06372668969820357,-1.9748817309827182,1.9047557492238911,1309
1284,9,0.7548706518956083,0.20009569993019968,0.11820530676001607,2.308857288393272,1309
1300,9,0.7967845319047175,0.07323960777378408,-2.6759523090991206,1.4035621512224967,1309
1308,10,0.8456126544749991,0.10999276293100581,0.18812161428854335,2.2597776160922036,1309
1309,10,0.8928458021731146,0.09460392459555797,-2.6722030104904326,1.8339047466603735,1309
1310,11,1.0,0.0,0,0,1309
0,0,0.0,0.0,0,0,1309
2,1,0.13037984068662056,0.08149708246883845,-0.9484744998768592,2.796127046952802,1309
3,2,0.13479001174332095,0.08112439364008255,-0.8607768633560012,2.791737410669189,1309
43,3,0.2516445831121421,0.14742515093546463,0.16741756393804233,2.3736588833415952,1309
193,4,0.3614223088531048,0.17117867171141674,0.12254706728698964,1.8325598508632985,1309
428,5,0.44728580011709806,0.20612180799955918,0.14046648684281132,1.5656088266147692,1309
604,6,0.487530610079702,0.20865563429534806,0.14213111646726062,1.4472843790636079,1309
891,7,0.5450004550888312,0.2194288899662137,0.2828572173309017,1.2791056479584006,1309
1077,8,0.6077857907332433,0.18120259299919633,0.16849058530753422,1.255031331192326,1309
1271,9,0.7617933458944889,0.10275621474835654,-0.42347587120391983,0.5052557909508636,1309
1300,10,0.8164989319144609,0.1156393198535594,-0.9918495108638978,0.5539482950247061,1309
1308,11,0.9136362852606077,0.07756687915166928,0.6725000044477786,0.39992766435045346,1309
1310,12,1.0,0.0,0,0,1309
0,0,0.0,0.0,0,0,1309
1,1,0.09197627696873001,0.08301291549777305,-2.5645847231021675,2.4089280882123187,1309
2,1,0.10323043163218082,0.08847455805723467,1.0317146971834608,1.6651949848422212,1309
8,2,0.16723772721389318,0.055680120959984286,1.0204536797098949,1.3499332217750695,1309
12,2,0.18040354745951492,0.12411817178087942,2.4830779967220256,2.4587875024575365,1309
28,2,0.22311027471612865,0.10861906144985181,0.4279116644722905,0.7961519699305267,1309
52,3,0.2676656898681661,0.08614572845054279,0.7588250466946689,0.9815987088518708,1309
53,3,0.2685489759483386,0.10989399724821018,0.9944203305047709,1.934943120381808,1309
71,3,0.2826568056843032,0.0980939782989244,0.7201788512123821,1.9014411855800595,1309
78,3,0.2940887508857689,0.10296405021567365,1.0053033880985798,2.344535757232478,1309
138,4,0.33586761413541955,0.11829209376205085,0.6359241412158273,1.4177567137032026,1309
157,4,0.34666142551426216,0.10763108294704561,0.4962334262470822,2.0998862297793712,1309
161,4,0.3489343155495763,0.11998507157210128,0.7407303667868257,2.451180675834631,1309
362,5,0.4288164780473468,0.09073372486880416,0.9076348930684395,1.7853399973792885,1309
568,6,0.4794412043785523,0.0974380423398928,0.9012536136897167,2.1895716814132835,1309
632,7,0.4928414967133272,0.09826753281574589,0.7970201278150966,2.2591986168416525,1309
1093,8,0.6122471300517102,0.05823650277829596,-0.2519248880172618,2.069058247458706,1309
1105,8,0.6167055765495573,0.12035118506873183,0.41495818905130993,1.190022963587252,1309
1204,9,0.6767254138650226,0.07480953743284703,0.07003684983340885,1.302208261207931,1309
1281,10,0.7689498914746193,0.10042810182257596,1.0181983880507874,0.6002630930481608,1309
1299,11,0.8161675479457693,0.10350924698558944,1.1443064647844057,0.8775870781164609,1309
1308,12,0.9019000728773898,0.0755409331199945,1.414354409877433,1.2616397453370367,1309
1310,13,1.0,0.0,0,0,1309
0,0,0.0,0.0,0,0,1309
1,1,0.06624893294777301,0.04474025691347438,-1.0121260288706773,1.6165932830097027,1309
2,1,0.08303064501008373,0.07182881208042324,1.8069628387035364,0.7789028530567264,1309
3,1,0.08399529518362714,0.07129691924311624,0.9552859246907446,1.655290402273469,1309
4,1,0.10431763608232103,0.10263024371349284,0.26451289000796746,0.7735526457305969,1309
8,1,0.13204912328727092,0.06800649393054828,3.093591492434071,1.6148726456039582,1309
11,1,0.14119784995334728,0.10482109727712603,0.16626143797887238,2.1704168585482204,1309
10,2,0.13745455404589058,0.11366155502502386,0.19092953902011547,1.0578668062619165,1309
15,2,0.15990289891835563,0.12190134249841911,-0.4293838184546775,1.5888161075130391,1309
19,2,0.18662243051582328,0.06083525885178064,-1.475247315840287,2.0508317057174525,1309
20,2,0.19454972357490663,0.1343392016449372,-0.002028836428557943,1.9908578583005432,1309
22,2,0.19898865842112523,0.04903205942745228,-2.5626635530227846,0.8231786328080642,1309
28,2,0.21310711041446395,0.05859772597530003,-2.0388992024163795,2.395339395670706,1309
35,2,0.22597999089027776,0.02443668441612896,1.4450191815620947,1.958304491362889,1309
39,2,0.2352613001277688,0.09291387937152752,0.5917035190902113,2.471610267521609,1309
25,3,0.21231249830035936,0.12255492736737814,0.8414184997357222,0.9052334765694033,1309
79,3,0.2891194894635982,0.07290307219675064,-0.26480519865095675,2.373394475962169,1309
97,3,0.30051357230378206,0.07101893739048101,0.6172398072551146,2.8516500589917326,1309
135,3,0.33239877715545096,0.08627978978027522,1.3826647707576678,2.0318171750640905,1309
107,4,0.30984929792226534,0.17049933695476946,1.3836709420469524,1.247690825977311,1309
187,4,0.3659733417789338,0.06412388869707983,1.1862957902889888,2.155535187088134,1309
210,5,0.3772582136645819,0.2005747479568162,1.3703444041658908,1.551079123626447,1309
296,5,0.40527866742398677,0.09575328644103455,1.3477765056599573,2.2655716085841813,1309
628,6,0.49321200900309214,0.14387601620390997,1.3644898225470221,1.7361024278112505,1309
930,7,0.5632815909569535,0.11652111892264483,1.2077688973083012,1.877370564993779,1309
1060,8,0.6047659738714277,0.08927145314672595,1.4346234124548012,2.024704181469949,1309
1218,9,0.6875365772547929,0.09784930165376846,1.2962889259050583,2.0018327350006064,1309
1280,10,0.7585804168481585,0.12316675835118364,0.9595407570095733,2.190439377348795,1309
1303,11,0.8167654648751053,0.10614173706082618,1.0359236479716658,1.7647616468555651,1309
1309,12,0.9105756764261503,0.03080780353365077,0.5333588036427783,1.000459362857218,1309
1310,13,1.0,0.0,0,0,1309
0,0,0.0,0.0,0,0,1309
6,1,0.14851732719143695,0.11498024191935892,-2.5426528161803685,1.1097659812824041,1309
15,2,0.19122371359919899,0.11817775286060418,-2.355225566289877,1.0134062542874882,1309
20,3,0.20110067031344436,0.11246424945888629,-2.4014021456608696,1.0577470256263377,1309
73,4,0.2849782092589761,0.1261584993116629,-2.4822981712719043,1.0943668078604718,1309
85,4,0.29733148854533076,0.12550349584728993,-1.7451111378630562,0.8738207207515748,1309
92,4,0.3025714381908152,0.14127776973751427,-1.6361945679179601,1.2823177281740936,1309
101,4,0.3086287464211852,0.1032639266481506,-2.7888550159286702,1.2368687676317636,1309
157,5,0.3491131935869838,0.1501118025052138,-2.5227653417433684,1.4324932110308222,1309
221,5,0.3747452762742528,0.1490589539178822,-1.8105655192016745,1.6639538664723441,1309
299,5,0.4067710810243359,0.13706069679066832,-1.0674214583170387,1.1106146262370284,1309
305,5,0.4080904465413496,0.17760996405554083,-3.108591735082777,1.5139015376214846,1309
408,6,0.440754651690599,0.09263550707335146,-2.0488253508508136,1.1686603207338089,1309
480,6,0.46163295484022715,0.14583045837120576,-1.3976015248883102,2.0649260305655637,1309
512,6,0.471927852958266,0.19322371188997894,-1.6207053632361106,1.9948864232897996,1309
558,6,0.48265859388935606,0.16449862672019722,2.793423875663249,1.4689150258750172,1309
602,6,0.49238158239063545,0.19046083963279592,-2.1764356444890556,1.5901508106982651,1309
689,6,0.507482831742409,0.07596712123922256,-2.55989316929491,1.9251924383103804,1309
795,6,0.5353743004868807,0.18693198651447304,-1.2176124307057266,1.6883231191604708,1309
667,7,0.5025888775069179,0.1108145536688448,-2.107576214339985,0.7976235337228873,1309
808,7,0.5386574047763899,0.09303699080426381,-2.585306030424425,1.8179667338776555,1309
849,7,0.5475175523379189,0.1961842148459671,-1.3323861550110652,1.806546103231728,1309
861,7,0.5500737670646372,0.1727608244712889,-2.401213735207674,1.6669782498827788,1309
885,7,0.5557325651645667,0.18501168456921963,2.915240761464686,1.732773887458779,1309
950,7,0.5757506840589145,0.09985747108186696,3.0523314150718313,1.9364230564648348,1309
966,7,0.579700404196524,0.1741142993196,-1.255319285032962,1.6221419131893762,1309
981,8,0.5856407109252568,0.098924682780411,-2.108621300491737,1.2935434907740322,1309
1180,8,0.6651312246815276,0.17201671205973562,-1.380825666880878,1.3671220369417143,1309
1199,8,0.6808383583395905,0.14624244674310902,3.109192095717255,1.612055914434577,1309
1175,9,0.6641617454805497,0.08645489406097155,-2.2869808856822624,0.8914947925299799,1309
1195,9,0.6792919788530042,0.08571601930565007,-2.8682860075415504,1.031334964701581,1309
1215,9,0.6924214481302964,0.04526342243907126,-2.2002511788807237,1.4345879358004667,1309
1229,9,0.7085490207692877,0.141930795746247,3.106237527302276,1.4305500755198564,1309
1253,9,0.730972918832309,0.07931227488282244,1.6072318645033052,0.6216416985439739,1309
1261,9,0.7363531879396694,0.13824650408413014,-1.2137322037640308,0.20019259350552931,1309
1266,9,0.7490210143730487,0.158381693303203,-1.215889558453776,1.638058132036693,1309
1265,10,0.7473926778269203,0.1474954607313088,-1.2893430165598145,0.20119904601272687,1309
1274,10,0.7634410862322293,0.11313056429846856,-3.057651697250391,1.0593848389868359,1309
1276,10,0.7679784454305357,0.0927236172734711,3.1404747444355157,0.9560941115298154,1309
1284,10,0.7795849544425452,0.14072009881406178,-1.6389901535350788,1.0908549012901336,1309
1299,10,0.8225389035904032,0.04436331363856545,2.3240778185154585,1.7995130887970578,1309
1301,10,0.8274921243296162,0.10037641975837805,-1.248251254958689,2.0384129077013906,1309
1306,10,0.8507380104512663,0.058239133463296226,-2.206383334946962,2.185176218195667,1309
1292,11,0.8072298516000681,0.16400457572386837,-2.1308433035833296,0.4637597604258811,1309
1307,11,0.8737414478020256,0.05684401655995988,2.4689244502897734,1.6876725808213795,1309
1308,11,0.8963886651058445,0.03906873434118539,-0.7719113944760801,1.807163042438445,1309
1309,11,0.9330402913949494,0.05743729765279796,-1.2170692481129488,1.2158563565433176,1309
1310,12,1.0,0.0,0,0,1309
0,0,0.0,0.0,0,0,1309
1,1,0.07166723532171226,0.06879894513075745,-1.506135595591556,0.32869806467126483,1309
11,2,0.1824774895986193,0.05227244334589805,1.5799191189136588,1.6434739127889089,1309
17,2,0.1889814744613465,0.08841193854182969,1.093180989270161,0.1585951667145752,1309
47,3,0.2664185377015855,0.049567453051940435,1.6804490993522774,2.5976290996194003,1309
76,3,0.30094955638657417,0.09749258758054621,0.005629140887399492,1.7350824619313379,1309
93,3,0.3246938336516755,0.07916537071869746,-0.5116958006919494,1.7756443873753571,1309
102,4,0.3301218816840049,0.024225568739497022,1.521804523926454,1.520172951509773,1309
149,4,0.3574322317858679,0.10458068707823027,-0.45157117352498993,1.7104266461431379,1309
190,5,0.37599806198385743,0.011056810652263145,0.7264318342899672,2.2973504756877703,1309
412,5,0.4530718414066517,0.14234580751997752,0.11412875944641371,1.843701752417623,1309
336,6,0.4314681790757142,0.05962834560546222,1.7152497282344954,2.03590380071555,1309
635,6,0.4977816761803344,0.13981801412593148,-0.05685319925757606,1.7794482735826365,1309
888,7,0.5550918249446932,0.1449105340727799,-0.14497160630568465,1.5775235499190359,1309
933,7,0.5686138913930149,0.16681344881416232,2.275397218559559,1.378077959582684,1309
1103,8,0.6265802668088316,0.1749855550928396,2.2519949081528514,1.6946892516600016,1309
1180,8,0.6729324837989664,0.1665494964522042,0.4259840443611827,1.050810942677144,1309
1225,9,0.7127749102384705,0.14313606005807147,2.4031303981791003,1.4313880212027994,1309
1229,9,0.7168670367711293,0.16471556688750114,0.1698308907208251,1.0382315038630021,1309
1286,10,0.7876346781337028,0.15858679248387075,2.3086970504258777,1.3583933587963934,1309
1294,10,0.8113094526948044,0.12394338142785133,-0.33416266127462435,1.2295712731964425,1309
1303,11,0.8401265333303941,0.13356197326198863,-0.26328144133434817,1.3748104613024366,1309
1308,11,0.8487501331002795,0.14994594240772077,2.2861307535645534,1.0378835697548585,1309
1310,12,1.0,0.0,0,0,1309
0,0,0.0,0.0,0,0,1309
1,1,0.11674879992760667,0.07421486323630078,1.1161205813782755,1.7116242410444036,1309
14,2,0.19231510059076828,0.12657115541058356,1.6421930764229722,1.8959089636123134,1309
30,3,0.23228758561869733,0.1474859488783836,1.56327130098319,2.0204903744913674,1309
93,4,0.31046234448225585,0.09288222480756474,2.0268129757202087,2.087584888762955,1309
152,5,0.3522763069238378,0.07168973106087774,1.9707701343342152,2.3997108301408194,1309
318,6,0.4221362359594234,0.09746203331855861,2.5491189669262324,1.9789999388201336,1309
457,6,0.46474189552331124,0.08703285096045263,2.739179179653353,1.1226027276426453,1309
594,7,0.4933360989327237,0.09913573824426061,2.5793499098780504,2.3538936336432243,1309
767,7,0.5266849674406681,0.04474375832496099,-2.737594916687878,1.4581070763237478,1309
778,7,0.527460881762078,0.10688638220511812,2.21456651433418,1.3006192489563166,1309
987,8,0.5850317134612574,0.11053139301684697,1.992112214203182,2.722835860603907,1309
1000,8,0.5884727887728377,0.14593005568180575,2.295664309267907,1.4288546255262915,1309
1004,8,0.5898133062364046,0.13409641852108356,-2.8818041150522387,2.060064521672874,1309
1117,8,0.6333182746420969,0.06966407212183098,2.898238766203763,2.61057161893153,1309
1215,9,0.6944705053077782,0.07500460856788863,2.6530071156148956,2.026568425318616,1309
1216,9,0.6950188726878164,0.15725678126769949,-2.9339592086801924,2.437221262516445,1309
1276,10,0.7654845244344831,0.09905359913733756,2.1316310527290847,2.059449107589411,1309
1285,10,0.7863979846416049,0.11467652106597248,-2.385008801917282,2.0836855279975697,1309
1297,11,0.8147048851920259,0.1163508536660889,2.041588642195011,2.4628610346444693,1309
1306,11,0.8736091734519785,0.10015382014527717,-1.8884026000263412,1.6144992317048976,1309
1308,12,0.9010335096583901,0.08218721908703187,3.0211059091044583,2.815936236427091,1309
1309,12,0.9064078969115321,0.09078975134888741,-2.157134008753019,1.531949999365908,1309
1310,13,1.0,0.0,0,0,1309
0,0,0.0,0.0,0,0,1309
3,1,0.13579248365699215,0.09945515445869396,-2.813956236969772,1.2025977142511544,1309
10,2,0.1894717754495986,0.10156694472092491,3.043773089596447,1.452336045678686,1309
76,3,0.293761621033774,0.05731851629855721,-2.1230056056279833,1.0845000957651336,1309
80,3,0.2965014057187084,0.05555391581464862,-2.664818216159744,2.413770829979971,1309
231,4,0.3819790739437886,0.025608727900330194,-1.1280865832518507,2.434315139061193,1309
309,4,0.4132389894839187,0.10706144707399395,-0.8892326677568275,1.286154429539115,1309
447,5,0.45242423250217667,0.07376608887537241,-0.8467243082779113,1.452280910863328,1309
692,6,0.5063155136316098,0.0717334331194738,-0.46907252429743046,1.6442783249031836,1309
952,7,0.5713157040161967,0.02098333268636769,-0.06298549759003597,2.373336308106863,1309
1143,8,0.6402586086368546,0.0483171799642406,1.1145184500186776,2.192407506944674,1309
1196,8,0.6709174626272619,0.05563575491922623,1.7483789498167945,1.7745148385221396,1309
1272,9,0.7494438089889025,0.09173231590103417,1.0352898623554054,2.1787766127775097,1309
1297,10,0.7972349861560967,0.08612622265656006,0.8005173697870296,2.293274355545194,1309
1301,10,0.8062524513795073,0.1085530242140193,1.6697788447740374,2.4210250770440127,1309
1309,11,0.897380999533548,0.0572983685569778,2.4545254965070886,2.2014892857144877,1309
1310,12,1.0,0.0,0,0,1309
0,0,0.0,0.0,0,0,1309
1,1,0.08630008245252585,0.0705015235905778,2.974392284453794,0.46057680771956094,1309
2,1,0.1166936693773808,0.08503541082876566,-0.6605225124089833,0.12537694591776435,1309
3,1,0.1379279715838978,0.13081254729279407,1.3059817149698714,2.2326913903123025,1309
6,1,0.14614852361255137,0.04963340869196427,1.3904884211722146,2.845233063845676,1309
51,1,0.26857491983104664,0.19805680531537287,0.8357589630590018,1.1299185757490777,1309
11,2,0.18014828366475033,0.037956174784792365,-2.1135651386637004,2.684460321899591,1309
12,2,0.18195396381669982,0.12389815799958284,-0.3573187743182796,0.604078973392573,1309
14,2,0.1879302283251183,0.1258012837313318,2.4556061832901594,1.112011629501447,1309
22,2,0.2161384151496235,0.09605865516318433,2.230602591703288,1.084046000775284,1309
35,2,0.24548343383487914,0.11032425990624468,-0.8715737855565606,1.4667211245163572,1309
75,2,0.29261127358940797,0.1251825305277364,0.9994765890811361,1.146466415128219,1309
127,2,0.32881454674297717,0.17258340322678975,0.9815954610443874,1.1649979443718934,1309
40,3,0.2527894047832503,0.05555971093026463,3.1197264633489667,1.8357836672569536,1309
52,3,0.27009990424535957,0.12960037768487237,2.7237851103662303,0.8984646564362939,1309
96,3,0.30621063210974553,0.12186536707740875,1.6772256666214689,1.0053655961754862,1309
97,3,0.307200432937079,0.08903411492708999,-0.5792418864063545,1.7751720493522587,1309
102,3,0.31351057160203666,0.12120318695027224,0.22898317276001165,1.1626689933115248,1309
171,3,0.3520243378752942,0.1890701318969695,0.7813526221545993,0.9321444371787273,1309
217,3,0.3729604240578156,0.1719471061863676,0.9063801286263444,1.2689979191748546,1309
115,4,0.32437191925855624,0.10701715456216082,2.774676544880873,0.5007976406363267,1309
140,4,0.33423689137166224,0.08545177228343151,2.4481841171560608,2.162391626258405,1309
169,4,0.3514069925495571,0.09811932849300965,-0.36444377375935944,2.19539076561056,1309
336,4,0.41917548728798526,0.17232752071178678,0.9023343300411002,1.1653109205773797,1309
266,5,0.3977771539303655,0.15026054708973696,-2.6280893018957645,0.3959914902552308,1309
292,5,0.4046784065694946,0.1418017197123463,-0.41624178638923437,1.944501875576274,1309
347,5,0.4224457067791828,0.06141571691637652,2.315470769793756,2.809623720417881,1309
359,5,0.427771261840607,0.035928871842718736,1.901956733347148,0.6935106405410636,1309
400,5,0.44229549963726533,0.061512083530425705,1.9643594385379166,2.3269900934796963,1309
437,5,0.45271020325082656,0.14692237661322258,1.770792627008977,1.7627209520852574,1309
519,5,0.47281206443103097,0.17372535809165046,0.9070010093403573,1.1403891212817427,1309
718,5,0.5142406991932787,0.20524258695719577,1.22697700019311,2.2923944834774175,1309
538,6,0.47756605023915,0.08113664476109861,2.891388553704279,2.276689981694866,1309
539,6,0.4778478672699502,0.11331892918727055,2.8500184352673803,0.7589623888077006,1309
602,6,0.49398300295617403,0.07130058789914799,-0.011665903150925961,1.8101876248676092,1309
662,6,0.5048087018375786,0.09446136851923076,1.7074778099504302,1.9677467658545649,1309
681,6,0.5085525479674944,0.10404650874850645,1.5729440300669193,1.6412473538079886,1309
725,6,0.5158437084812639,0.037114333197804536,2.7265013498948343,2.4384896139569503,1309
845,6,0.5412124351887071,0.13519696037648327,2.09564069015712,1.4215394341704568,1309
910,6,0.558032272442579,0.15009850027415003,1.3776848385707299,1.0464228443542016,1309
1012,6,0.5865424056974977,0.20834486854762982,0.922214112728116,2.277743767882156,1309
937,7,0.5642409416475587,0.09755784786575104,3.0106163165791027,2.046466977194988,1309
952,7,0.5692916596866199,0.12024972674641464,0.5085644681666683,1.521934125099486,1309
1062,7,0.6110153623846124,0.17039605547637635,1.4462731632674033,1.933477246665485,1309
1141,7,0.6522364198170235,0.1566969949059115,0.8262193356671879,2.3521405802657456,1309
1146,7,0.6560819289793268,0.11431637542052363,1.386912550102802,1.7562831411309197,1309
1163,7,0.6687831684559503,0.13186565260265432,0.8668746249650989,2.38386356039795,1309
1236,8,0.7261443904560826,0.12765166444966547,1.2331147906750357,2.1662502914808632,1309
1246,9,0.735567195082273,0.12943692485066907,1.3096663258605248,2.175681811968972,1309
1287,10,0.7976772228869106,0.09053373480971724,0.8514803622275009,2.2157117064919483,1309
1308,11,0.8683366131870731,0.10278270829619539,0.7465370986395594,2.7786379377222814,1309
1309,12,0.9396135445221335,0.05906868546523524,2.0337239290575475,2.577894810917488,1309
1310,13,1.0,0.0,0,0,1309
0,0,0.0,0.0,0,0,1309
1,1,0.04281324669697395,0.03415783124148871,2.2878647025947134,1.2307657204203837,1309
2,1,0.12322745184670236,0.11518319801327885,2.7034646475248043,1.9457453680650416,1309
8,2,0.1521310663243749,0.08158135006085035,1.0215717302546876,2.61656777472522,1309
15,2,0.16849984599639434,0.1483797226728798,2.5354069769479692,1.5653550515692674,1309
20,2,0.18181689615530472,0.11715948324152262,0.4937172242480422,0.3719227930404113,1309
21,2,0.18425370737831492,0.12160438624693397,2.717581496956284,2.260469753370755,1309
38,3,0.21419004386681828,0.1244471905312489,2.623305631515778,2.483255883228595,1309
43,3,0.23479651149034042,0.08690399828783095,3.0952337834449506,2.5409499313467325,1309
54,3,0.24564707997074797,0.09242931195181708,0.9277354735538971,0.4622623185729242,1309
67,3,0.2670938667772953,0.21540044844213677,2.3505572186998966,1.5228390537844965,1309
79,4,0.28019541274789805,0.11698565370147328,-3.0348100014610315,2.4211458269648545,1309
81,4,0.28147291879043157,0.1669953471658891,2.715214652005878,2.518624279423165,1309
145,4,0.3374752594497682,0.08437970942948905,0.7074733709102982,1.2258515065996407,1309
153,4,0.34040507180067925,0.12213446502844807,2.718223176589115,1.7160207318704883,1309
195,4,0.36492902825324236,0.21820983830645135,2.3542656826610675,1.796678683528893,1309
212,5,0.37083794187505437,0.2026094284429098,3.093413831451027,2.4203697176336254,1309
229,5,0.3786331644454328,0.17833948852914738,3.0561627995419243,2.2146673367700203,1309
241,5,0.3817090517692291,0.16383683796065301,2.557282629185493,2.355741129576398,1309
256,5,0.38870863078408513,0.18661866840643518,2.5544423291178413,2.5868499795651143,1309
283,5,0.3968129197268023,0.10761823671340288,2.850804812166084,1.5807210025697511,1309
294,5,0.39975802535999416,0.12215326470802432,1.0096803292408003,1.5491620775208534,1309
348,5,0.418202382027825,0.19093557068451847,2.314543255052016,1.8856699500869447,1309
556,6,0.4774561799844387,0.16852963502700588,2.3642844900041315,1.8827056580278994,1309
592,6,0.48538614738580366,0.13539407185082397,1.3489776642128746,1.73860199007803,1309
607,6,0.48809400473816866,0.11405490351210293,2.8472157905445,2.0696085369271726,1309
628,6,0.4923863742575123,0.1419241375138991,1.9874040692249484,2.8081243574526664,1309
652,6,0.4967642774698626,0.15758451046893607,2.2644974847170656,1.7965836071534584,1309
888,7,0.5508747274812444,0.14011319911859502,-2.816867350133121,2.8866008911067653,1309
948,7,0.5666122097437662,0.06517329859984779,-2.923669414158868,2.369027612329583,1309
1041,7,0.5946874829219251,0.1079565224298642,1.6227310618990651,1.5877232226477576,1309
1077,7,0.6109776871004177,0.04823941518032153,2.044209143698269,1.644914022810772,1309
1215,8,0.69118631198002,0.049229668574743424,1.9971825435445016,2.649750359514671,1309
1255,9,0.7391947728873407,0.07551247270258318,1.3441421248542569,2.5565489415298095,1309
1286,10,0.7820280486999039,0.046054033256089304,1.3749056292469597,2.0362924547171666,1309
1305,11,0.8609954574135849,0.0820955666803961,1.899266288957751,1.7972909431243789,1309
1308,12,0.9051258171487989,0.07209835553534857,2.132253373948705,1.4291796081815238,1309
1310,13,1.0,0.0,0,0,1309
0,0,0.0,0.0,0,0,1309
1,1,0.08275633852236441,0.07400793501747788,2.678024875585108,1.8228563364783659,1309
5,2,0.1344768673678537,0.08515709695952776,3.0349120230580158,2.178351714710676,1309
14,2,0.16233990496857542,0.09389330787981577,2.610721611678636,1.3707795559587619,1309
37,3,0.2338351055049881,0.06126477255924897,1.9981105801601984,1.2418676678429401,1309
89,4,0.29967844068991756,0.05422324654070759,-2.926283255216769,0.6270190953119117,1309
259,5,0.39559378895162,0.11304228590150228,2.561138332821459,1.2472805479396003,1309
443,6,0.4500102019301546,0.11416202644561323,2.826685412081225,1.6527327412700117,1309
607,7,0.48480909017381546,0.11800368360092384,2.663072137972709,1.729956180817034,1309
788,8,0.5267098418890045,0.09986322689091347,2.812579756908605,1.6859034436101574,1309
892,8,0.5578949853033599,0.12468740848673263,2.7661589671148894,2.2422472724409204,1309
1210,9,0.6846806380622954,0.10509020164305848,-3.031219248408406,2.864766432177081,1309
1226,10,0.6953188949129583,0.10025680778173889,-2.7412129843478845,2.831187798214914,1309
1251,11,0.7172430029479913,0.09528327492067556,-3.0207339260391284,2.94691192344432,1309
1299,12,0.8044415911950391,0.09343410817215247,1.5128769710835952,2.296279605771974,1309
1304,12,0.825624805128115,0.08137817006913102,-0.7248861977705575,2.056976941102215,1309
1309,13,0.9282136472701769,0.06519413985518373,-0.8329522577516046,2.048379823141879,1309
1310,14,1.0,0.0,0,0,1309
0,0,0.0,0.0,0,0,1309
1,1,0.07977313908012496,0.07294010282248943,-2.3378021633719217,1.3707132370152828,1309
2,1,0.10292992739457552,0.06658445929469448,-0.399055411532422,0.7395476090060771,1309
3,1,0.11908091623167372,0.09802289003523196,-2.467239640461349,2.3011531643818834,1309
4,1,0.13692005137944607,0.08160903857417084,0.17578747661561797,1.1002194830200671,1309
5,1,0.1424051148111114,0.1366487022833944,-0.44653788123492993,0.5428284199036991,1309
7,1,0.14900354603925625,0.09295899404610278,1.17010176527328,1.744743064274032,1309
8,1,0.15547026188920443,0.09885568371704039,1.8696706006026569,2.165073593576817,1309
9,1,0.1643680097140312,0.15109527709986445,0.717478283011969,0.6497116554012446,1309
10,1,0.17141522887787974,0.12292682465490787,-1.2333998237947126,1.8472675532673777,1309
14,1,0.1780907838923026,0.1487200837309467,0.42483736854043475,0.5635438972304018,1309
15,1,0.178622396303458,0.13783004572693383,-0.9918768628749672,1.6435440886068386,1309
18,1,0.18974258058562365,0.09506729984910815,0.6579905926813194,2.297266809880259,1309
23,1,0.1986555359101333,0.0780995871434964,-0.36526502491666096,2.5765271833344165,1309
20,2,0.19643189575907316,0.15394217398274304,-1.799081228881109,1.2221470325179031,1309
25,2,0.20663909512724932,0.15351621977251892,-1.6745319986691258,1.6145777289225265,1309
27,2,0.21439243910225225,0.12213994724908359,2.996528920986258,1.6700737318806471,1309
34,2,0.23496755519882495,0.09508780046978475,0.5325427028634658,0.5126915183688513,1309
37,2,0.2412484905871084,0.18945042354914696,-0.042021874045659525,0.4281504835608004,1309
49,2,0.25912285635760257,0.14583909935564285,-0.18071371592592647,0.8640676202571974,1309
51,2,0.260114387353247,0.17743291940976208,-0.9617230113216086,1.9389595020882278,1309
57,2,0.26273774851019693,0.12927856727097678,-0.19903315891232587,1.6993084288434233,1309
60,2,0.2683025186681811,0.09045865643482534,-0.1418084727342626,1.7358099102442015,1309
63,2,0.27228445487760566,0.24294993799342543,0.9482812211350411,0.7114777828970488,1309
69,2,0.28070593878969563,0.049516248060031305,-0.7106356913065305,2.3109926697340395,1309
70,2,0.28240084805672827,0.18917910815743913,1.0834033728712442,0.8684999642708979,1309
64,3,0.2739109167614173,0.15312755510750461,-1.4177561973564636,1.3384944067173419,1309
83,3,0.2991203413455289,0.1309847405847137,2.717160226766388,1.1032689070819353,1309
92,3,0.3045915712773616,0.1540180274972392,-1.1651691514622555,1.7558409785783162,1309
101,3,0.31358134724236997,0.15823527149709865,-0.19682558158225597,1.4082412984861663,1309
103,3,0.31491553368462344,0.18660615691535656,2.595516365162617,1.7820090747303974,1309
104,3,0.31506078651280234,0.20762208023247472,1.1937854265065841,0.7825189567535157,1309
106,3,0.31662429145399695,0.1620866423270718,-1.0213668125829691,1.7460978179915303,1309
161,3,0.3520012970973714,0.24548101546850196,0.6426888063171404,0.7489441406245843,1309
188,3,0.3635435168369482,0.211883023213501,-0.06060150794110341,0.5637239074724075,1309
191,3,0.36493970211483406,0.07916842389201112,-0.8054046022803812,2.3051404621316145,1309
230,3,0.3837415442427652,0.26356543584805175,-0.007833010287271678,0.6844983557995219,1309
141,4,0.3415360365258022,0.12893539899760526,2.789605913343135,1.373194934771185,1309
202,4,0.3691412172665248,0.16935609225459367,2.595577794842178,1.7231783393080589,1309
223,4,0.37998785976506133,0.15363259335490237,2.847817285962088,0.7162324054220895,1309
226,4,0.38128262049140393,0.10482699513745117,-1.377195477612079,0.952326963209092,1309
242,4,0.39155090443432927,0.16300298271676328,-1.3330410560281003,1.613211668805174,1309
311,4,0.41669761260020355,0.08727966059054779,0.0940143162521017,1.004658246091443,1309
312,4,0.416942972329034,0.24768160775620773,0.13665191707916122,0.6523062454173533,1309
317,4,0.4184766966811344,0.19723188739577727,0.17610390703712245,1.5308794874108038,1309
327,4,0.42101054600610377,0.2190350269559489,-0.8221473890009937,1.444327840703492,1309
345,4,0.42762787684815795,0.08157946677478733,-1.1038294948050194,2.1214689370844027,1309
350,4,0.42918587288655663,0.23085740271756838,0.4975857082689693,0.6368662847968669,1309
379,4,0.4378631803189359,0.17676831646560315,0.3943130586811983,1.32378333068547,1309
446,4,0.4537051274329693,0.22608208509931987,-0.5344056325447674,1.624123917876449,1309
538,4,0.47642777907935374,0.19225013737652577,0.4046185544588654,1.0884847358476233,1309
542,4,0.4780310614052521,0.221364674977469,-0.4266646710673095,1.5692225030821174,1309
449,5,0.45405818245882734,0.17323266618681366,2.668712230360011,1.8357190357255533,1309
452,5,0.45464460453250777,0.23019886844033643,-0.7056388207971628,1.3720331720583148,1309
461,5,0.4568111420947476,0.18832289987357467,3.0885460249884433,1.306582171558705,1309
501,5,0.4670349165777202,0.1344800858254986,-0.7854122165389985,1.0324338803832522,1309
528,5,0.47424743865097974,0.11373293662480362,-0.7334984779774387,0.4097095860175737,1309
531,5,0.4746801768789566,0.21217163339857628,2.647978405613642,0.34524038888450714,1309
544,5,0.4783023908405074,0.20212173475076295,0.5348477759753779,1.336014388811167,1309
546,5,0.4790693879743013,0.10034355417434268,-1.394255459968769,1.7792044096786914,1309
554,5,0.48061868553081166,0.1279371966229812,0.23175786601327317,0.9387294767126161,1309
614,5,0.49323194778673773,0.1323219926092467,0.29340248435160404,1.340713871982086,1309
699,5,0.5096739926330994,0.2719699349484311,-0.8645011569636294,1.6243745826044467,1309
711,5,0.5117463432980468,0.23682703097957952,-0.3502193255274789,1.5981224186452203,1309
735,5,0.51897802962977,0.20757158756556096,0.3991482395116658,0.9843363331610419,1309
751,6,0.5217666324855017,0.2132905703043572,2.546839750949081,1.7687750865840577,1309
864,6,0.5492615514146373,0.1614509542088963,2.661218846442417,2.0177836758266605,1309
903,6,0.5580862389607419,0.1462969322865242,0.7703562971798344,0.9761846805271976,1309
909,6,0.560067389275457,0.11170480168025146,2.887665385034789,1.2696209554173266,1309
911,6,0.5610624644594504,0.11739978835463001,-0.8167239714768262,1.2432187129248646,1309
915,6,0.5624429715202055,0.06665881936925254,-0.5348679766599815,1.994489545022994,1309
917,6,0.5643971831904541,0.13698598199950743,2.8497893185197087,2.2270647341031866,1309
932,6,0.5695393648727802,0.13720502124290346,-0.006258736419706524,1.6577404960591084,1309
937,6,0.5703142197122951,0.10758482779400863,-1.9901358731560346,1.6213431063527588,1309
939,6,0.570430402847425,0.2180945451264401,0.525624456542423,0.8996432051785437,1309
984,6,0.5823925553635553,0.2396443471940821,-0.28408607750338555,1.8881745145794062,1309
1002,6,0.5899980342213603,0.1585154153851426,2.102442773435349,1.227377880360952,1309
1030,6,0.601523397650468,0.186646410698768,-2.5862010870459193,0.3651509810783853,1309
1093,6,0.6304416106402246,0.12093376852499495,0.5470408765556132,2.100539599004718,1309
1095,6,0.6311801139805566,0.2271328850910259,-0.4584936007021368,1.552051153824189,1309
981,7,0.5812450405362513,0.13724237750985407,0.8126525017500176,0.8964437523643852,1309
1057,7,0.6167489335610586,0.11134553993439048,2.7959122604315336,1.18791983442457,1309
1090,7,0.6293565798227031,0.17661526813083586,2.930594589813674,2.2452782620578406,1309
1103,7,0.6342384524512366,0.19876912722158868,0.7717560941054703,0.7771276932714591,1309
1113,7,0.6366955423297862,0.10412161166899495,-1.919947558798372,1.2742356186483812,1309
1126,7,0.6439911853099908,0.1792064042344978,1.9424360138441463,1.4012199425719554,1309
1163,7,0.663054168860719,0.15492583211152744,-0.40477491801244403,1.8471574269723607,1309
1165,7,0.6637375118028089,0.18312408221538912,-2.9657357726744915,0.43378857132111903,1309
1169,7,0.6659153012931729,0.20946760086733301,-0.4689317993447321,1.688438932074864,1309
1184,7,0.6736177260905251,0.08694794158164368,-0.7414305764598239,1.5980569542383525,1309
1208,7,0.6841229468079019,0.07063432372247073,2.625057947198091,2.040539816123517,1309
1222,7,0.6945208585802207,0.14385595878065563,0.307713011352319,2.16390732409778,1309
1201,8,0.6824217527301281,0.14160490018510907,3.1351590507061085,1.2249460276948927,1309
1217,8,0.6922116271055729,0.10609611948281973,0.6375157312064904,0.7693655334735253,1309
1224,8,0.6957293220372196,0.10287134429563932,2.2260266338550423,0.45289748716304595,1309
1232,8,0.7054862694795776,0.1552695422002627,-0.28305604831301723,0.29191860527993685,1309
1233,8,0.7063534735280946,0.15113907825773604,-2.130350668100697,1.550185971633061,1309
1238,8,0.7120388518938485,0.030623872052409747,0.5068886626767928,1.0355895327726878,1309
1240,8,0.7125065041939689,0.154476327905897,2.041081537205466,1.2570406279636281,1309
1241,8,0.712680419545571,0.04166232521295335,-0.5551295966932993,1.3390807862809664,1309
1242,8,0.7136873561878965,0.1579397041148683,-3.093052616193688,2.5213868883977413,1309
1245,8,0.7144881392493748,0.0977456968651302,2.727052970982433,1.6088103509369438,1309
1251,8,0.7208024366670437,0.20656638156873694,-2.9678857532406133,0.6429472466079003,1309
1252,8,0.7210783748123127,0.20142479078745293,-3.043506066715188,2.50622645785161,1309
1258,8,0.7267572844704149,0.17410738630677336,-0.46274685934293913,1.6492792346775904,1309
1259,8,0.7285579382329925,0.17752839060461006,2.1890320034466275,2.4344050951049168,1309
1261,8,0.7345015677052921,0.15878706631133596,0.5094151476001368,1.1599370426970341,1309
1269,8,0.748221919148582,0.09733643829173255,1.1549714755459983,2.083633940096776,1309
1280,8,0.7644100315983434,0.11260051030508868,-0.2828076797865083,2.309779551786905,1309
1281,8,0.7690391113538799,0.077361651758979,1.2495048148382124,2.0231871713887695,1309
1271,9,0.7523088823560714,0.20222818096974624,-3.037046803701556,2.4553813795493125,1309
1273,9,0.7565209204642126,0.17095642012062431,3.0262877762346356,1.493169935038709,1309
1279,9,0.7637793775749089,0.156885418101441,0.520637759064862,1.2544042770714905,1309
1284,9,0.7800979550894043,0.18060161196132685,-2.450967128735949,1.3523136852140887,1309
1285,9,0.780375301737703,0.07489562783078664,0.40646149039636,1.2450508084863727,1309
1286,9,0.7806795678632784,0.1437349743031279,-2.0791565328957153,1.2633405004985816,1309
1289,9,0.7835296584003364,0.1483372844569255,2.51352316935405,2.4885458322917264,1309
1291,9,0.7933527736718652,0.12158954125198018,1.5951377569483758,0.44905845293341806,1309
1292,9,0.7944543901174039,0.13556738124747722,-0.20798312337554992,0.41527778596171766,1309
1293,9,0.798983759568803,0.16644488829199314,2.7977639284508693,2.376549182377948,1309
1295,9,0.8000126277864358,0.06920352639210353,-1.3391894710957135,1.2312343158740118,1309
1296,9,0.8011678606224186,0.11645463155347073,-2.9680476799773796,1.2407147655887214,1309
1301,9,0.828458858430284,0.09789223994509273,-0.6810405478407344,1.931895115940314,1309
1303,9,0.8421447363399659,0.10692304089896705,2.97398505102943,0.9610258901177092,1309
1305,9,0.8687493324031539,0.08955065880624355,1.4542094602804398,2.2684892318643994,1309
1302,10,0.8309402400632507,0.1435933627180324,2.6612684732707543,2.3973274106001683,1309
1304,10,0.852793246952003,0.09326629136771031,0.9834848851987664,0.35324604275906074,1309
1306,10,0.8797630379231749,0.11176014385225788,0.1235867753425661,0.6527247643707829,1309
1307,10,0.9062518496603297,0.07735459046477595,1.8195571698201607,2.7550057650826427,1309
1308,10,0.9074544939603773,0.07880367900764516,1.502686267447629,2.1846589963947958,1309
1309,10,0.9547873031304869,0.04423621912279908,-2.1470558048289674,1.6824154526740158,1309
1310,11,1.0,0.0,0,0,1309
0,0,0.0,0.0,0,0,1309
1,1,0.07920744042611916,0.06361694104186887,2.505700600577843,0.9530467443361432,1309
7,2,0.16392835235019243,0.11267793926113771,2.814986020890479,1.6621670895917213,1309
10,2,0.1695803307693481,0.0798825985037399,3.1012022926685954,1.1648936592587145,1309
11,2,0.1735611242149161,0.07911711123616261,2.432786398319461,0.8331988946156546,1309
31,3,0.238241727886072,0.12188125227556572,2.647437349139668,0.6866935935428796,1309
36,3,0.24176087297729187,0.0836053997019169,-2.580687165822565,1.4441288606801492,1309
39,3,0.24518947535610414,0.13922904469167421,3.0050236872190106,1.9097228819363905,1309
110,4,0.3171171070685368,0.09068610320747518,2.87121019225925,1.4836131062309872,1309
135,4,0.33388690015437406,0.14148200660589152,2.452547891103851,0.9707043587110985,1309
188,5,0.3646670293537504,0.10286088529551213,2.4473733540086746,1.3672350496592212,1309
234,5,0.3856136822759957,0.12738243047146056,2.0096035267600656,0.9250471115969026,1309
680,6,0.5020169343807663,0.17646051740206128,1.7936084379362476,1.5730634300145512,1309
918,7,0.5604694746531833,0.18266304913728226,1.6017883689481764,1.7571468830209078,1309
1134,8,0.6333167573190824,0.14885665257933503,1.8453276973802148,1.7369006901712885,1309
1264,9,0.7311966635192948,0.11442526925072137,1.710247975572696,1.7462011837560765,1309
1307,10,0.8688448664011688,0.037225045968396576,-0.19697143514998178,1.0865963982085949,1309
1309,11,0.9328917254176713,0.061181536643514244,0.16506782239028223,1.4772694427951458,1309
1310,12,1.0,0.0,0,0,1309
0,0,0.0,0.0,0,0,1309
1,1,0.08410960888336994,0.02315017585061828,-0.19800958614610917,1.3389173856004541,1309
12,1,0.16868549396259602,0.13574463018648603,1.1556039341068787,2.341045883680155,1309
19,2,0.20186630167837094,0.1454387965105524,1.1178207366907318,2.2732496688004775,1309
25,2,0.21279366547129652,0.11376778839725248,-0.7634687286930051,1.5953848013702845,1309
58,3,0.273297761272115,0.08363995520543747,-1.0315124436726129,1.9993100017347567,1309
61,3,0.28499250405425547,0.1444298040848623,-0.29547850728260516,1.7612682713793046,1309
76,3,0.3002362458214187,0.15627855959391757,0.47606106051323094,2.470978173344999,1309
199,4,0.3807031805179898,0.0927001709227284,0.3420909308928462,2.132598188138068,1309
435,5,0.45525040093927793,0.10377315196672718,-0.13629267362589023,1.5545237441486046,1309
823,6,0.5408115602528455,0.06988367809107963,-0.8172905164070037,1.8416268558698117,1309
911,6,0.562124382216792,0.049179815106425114,-0.11718979561321859,1.8627501909448987,1309
1044,7,0.6042542223054517,0.06860157801360932,-0.10610492396727036,1.9573432914519444,1309
1171,8,0.6704191287886231,0.09964507839094626,-0.7361539399350281,2.258685902735328,1309
1264,9,0.7336625552468914,0.10793682079901225,-1.4135852145737504,2.704931528089743,1309
1299,10,0.8086822035561673,0.07840579929800699,-1.2495424177694912,2.101755403441764,1309
1301,10,0.8172045066709571,0.13707061454056005,-2.465296711269204,2.479923783646298,1309
1309,11,0.9236620077620097,0.06701915599575296,-2.7701090306973386,1.6759712606478347,1309
1310,12,1.0,0.0,0,0,1309
0,0,0.0,0.0,0,0,1309
1,1,0.056311858882035604,0.03987747999059502,-1.0805217278702433,0.6875816766615205,1309
2,1,0.0728011148969202,0.06892059311518181,2.251201883282554,2.8262531021378567,1309
4,1,0.10867009107970116,0.10361141304454148,-2.3947891050906547,1.1963024815837775,1309
7,1,0.15361900089683866,0.10579089336034624,-3.084191975019363,1.1064829154386575,1309
8,1,0.16029024389827162,0.127974804429428,2.416939819748141,0.9548671675160786,1309
10,1,0.16856760571570484,0.16563609404539667,0.0918920749870408,0.8383543017164669,1309
18,1,0.19156338119827176,0.15551334105714407,2.1187251892827588,0.7545418638115634,1309
11,2,0.17013522420545724,0.11564927789018835,-1.2733943191441597,0.8288935767227751,1309
13,2,0.17379938763817826,0.15303149041314687,0.8817303638852098,2.6429265708447223,1309
14,2,0.17604144419492218,0.14334854730384108,-2.057474169467331,1.1922681371580615,1309
17,2,0.18116573399801517,0.13355545663464485,-1.1478289069144845,1.3771017504196732,1309
21,2,0.19429886081541026,0.09925043549578552,3.0735013845274555,0.8553813908998361,1309
28,2,0.22283102090841278,0.15518289180737732,0.32661500609196537,1.2770206370379824,1309
30,2,0.22605315203512144,0.17509911631651934,2.9962378456534995,0.4710588916988067,1309
33,2,0.2297302575448128,0.1698954498600586,1.600713357993334,1.907549605418778,1309
36,2,0.23654967993941156,0.18344500950341797,2.196667509954104,0.5428007895984485,1309
63,2,0.26907914029719726,0.15160591859989456,0.6912930216039109,0.7753313144614173,1309
64,2,0.2697756650327193,0.14145219012745533,1.7873064830778127,0.737275273494524,1309
27,3,0.22231746154833132,0.17054107722359452,1.3530511828026712,2.5733829710841034,1309
38,3,0.24072939166723428,0.14898091755834736,-1.2049272254479517,0.5123797887682869,1309
45,3,0.2502530016019142,0.17242596819954573,-1.8290264375175331,0.7787526825518107,1309
49,3,0.256020000755532,0.18984962705710962,1.5927056286366215,1.9074846045901432,1309
51,3,0.2566333300381941,0.11790157714914491,-1.940559527001334,1.2017910111236683,1309
53,3,0.25829968160198424,0.1368802732376969,2.8419106554468625,0.9444551788302286,1309
76,3,0.2882505409467282,0.17109256337223866,2.7400933372891756,0.2983696798050587,1309
77,3,0.28865543122599435,0.19911298547362527,-1.1844296936421064,1.0293737501979947,1309
80,3,0.293320052814972,0.06836055653210246,-2.714078485318113,1.4541650162739794,1309
150,3,0.346892853459869,0.14524708203710357,0.4299419387803814,0.5424519452869508,1309
174,3,0.3567714303680163,0.2072873767206824,1.8921343791812537,0.6325526106356535,1309
87,4,0.30327427528616513,0.11520706902058137,-2.0382444916344484,1.059528670786646,1309
100,4,0.3168118498933864,0.13661958661641585,1.035853370757694,2.198806922119261,1309
101,4,0.31791489762827607,0.20883360949280452,1.3764914076881893,2.0182936734492216,1309
102,4,0.31907700133656147,0.21564279312273701,-1.7004058423566701,0.9197747739396702,1309
133,4,0.33861707794244744,0.22294407012070416,0.8796657906235955,2.2928262602459903,1309
141,4,0.34144243332379476,0.2443105477197335,-1.1580995872585005,0.9757217934407415,1309
147,4,0.3434522892821599,0.20177288857468303,-1.637609317060925,0.6397565038219106,1309
148,4,0.34547956766203214,0.20559038753589526,-0.7462541536441043,0.8783659240102046,1309
152,4,0.3469622182748142,0.05125089230641412,-2.0093619142020507,0.5254001086880806,1309
168,4,0.3555670118051003,0.05197098468259117,3.0133208533277807,1.3749760964240045,1309
172,4,0.35667993609688897,0.17113376804134794,0.9440317035870076,2.709054268658886,1309
203,4,0.37292836296937726,0.2083892178569935,2.8295387072652076,1.0583600536043631,1309
214,4,0.37650823006947354,0.21381185846812892,0.2602551592822118,2.3945617973902498,1309
217,4,0.37814234823046,0.20330864940148913,2.0856785460558798,2.2623350198595484,1309
228,4,0.3835795913246032,0.14299841106404956,2.4503306781832217,1.2047239761380668,1309
250,4,0.3925891598815714,0.1898003029534344,1.881657717368964,0.6765334558380106,1309
251,4,0.3930423392695819,0.18516505785333962,1.548884508905511,1.4898809359678837,1309
271,4,0.3989288386276736,0.2082852506576617,2.0061488535904375,1.930617853575396,1309
285,4,0.4037753366168696,0.19421636202682527,1.5051008124999685,1.2568291994035348,1309
286,4,0.4037866523403757,0.19707240418463426,2.414255191928685,1.1907768791945723,1309
310,4,0.41435772692764683,0.12793053791223966,1.0138506287837945,0.446440691036021,1309
315,4,0.41741136338759643,0.24377351288671348,2.3062924482015656,0.9844281671744449,1309
301,5,0.4112080784818666,0.10268929662492687,-2.513303361931425,1.922432704995423,1309
331,5,0.42069122667703884,0.07695831562804574,1.4277391870233693,1.9968266775504229,1309
365,5,0.4293448107670046,0.2164694143716227,-0.8911866814793514,0.7926372249783177,1309
402,5,0.43878630232354787,0.16522259534058495,2.6319470128479434,1.105055873049899,1309
412,5,0.4412484649350933,0.11334291568996738,-2.3841697241855813,1.5463057721420574,1309
417,5,0.4422503343806238,0.2350250382444576,-1.6446128765752885,0.2792717907337804,1309
421,5,0.4431854088448799,0.09066023721456841,2.344457586863562,1.244410549268342,1309
440,5,0.44787478927517577,0.15734839068042594,-2.6359799437437927,1.2469967207729933,1309
470,5,0.455900533435484,0.1870124825356533,2.280553663712709,1.264131966798611,1309
477,5,0.45729326331921316,0.19266541983209443,-0.46566470367372287,0.5974417065348655,1309
486,5,0.4622719435901961,0.16889146677988184,2.1126468195561685,2.1764466538432705,1309
503,5,0.4648731533862025,0.17944011664022957,1.3791635753279312,1.4536857644341923,1309
529,5,0.4705255961621373,0.15479958493586646,1.4038840963934713,0.2943969048289282,1309
533,5,0.4718692220979923,0.16482067248495963,1.019641435155392,2.053595030774471,1309
560,5,0.47919864582141924,0.22839211877123336,-0.17334129857611386,2.119564994457208,1309
567,5,0.4811411047486026,0.1491851204942148,1.8607114120419177,2.026207502931674,1309
610,5,0.48771348301489204,0.10606865174710647,-2.4645809912025984,0.3763393477321017,1309
739,5,0.5198618874450498,0.2696111798129614,1.8877746235355233,0.8342437993546045,1309
558,6,0.4788544577789644,0.12789862990266765,-2.768538156711725,2.0144388385716074,1309
621,6,0.49078055186190617,0.0568677652357705,0.49278014807306186,1.5801243397431834,1309
704,6,0.5118800754944324,0.0689598342990073,-2.1864008073393926,2.616773922990226,1309
734,6,0.5194477506472857,0.20798769724700997,-0.15429691345274302,2.114507722718013,1309
753,6,0.5238847506751945,0.13527017750595072,2.0973628767705375,0.7208614689625271,1309
754,6,0.5242217082888155,0.08374460879575933,-1.561499037995761,1.5936669973382205,1309
766,6,0.5255615312807584,0.149569664280118,1.9978623890533094,1.7669765838569915,1309
792,6,0.5310386886715514,0.15694131021534125,2.6590356017361527,0.7504225290258714,1309
802,6,0.5347170001010183,0.202322570845072,0.9664124132798547,0.39761457213177387,1309
844,6,0.5439541666834532,0.14025770860933848,-3.0390240791397694,1.5094378238543222,1309
855,6,0.545279039560016,0.15841030117141736,2.75354355290207,1.4947329189879381,1309
887,6,0.5509696671514467,0.19010788777308296,2.4815973850039357,1.8425155740475065,1309
892,6,0.5525721009445371,0.12148919775454455,1.4708024778423394,1.8792568531075609,1309
911,6,0.5590145214484212,0.1011756191619726,1.2553170860837386,1.0535379741831141,1309
928,6,0.5656809211205468,0.12153734373641409,2.806396060466,1.4719711871595618,1309
990,6,0.5836618127572918,0.2639239324612031,1.6233129088255343,0.7940156087514705,1309
1032,6,0.5929457831579314,0.16596745103517713,0.21124388171467606,0.2736512989468776,1309
1042,6,0.595591914989941,0.1365195560889078,1.1371431200671003,0.6074004325929261,1309
851,7,0.544839766861949,0.12744399024870515,-2.4179756072149203,2.2634283473440067,1309
983,7,0.5826143987556559,0.1597097062948899,2.8093437859175103,0.8002712149739317,1309
991,7,0.5837044003260786,0.19718885561080104,-0.1575419083940891,2.322467236669972,1309
1065,7,0.6020878663786604,0.211929862658666,2.6573984125245556,1.8552216143490576,1309
1107,7,0.619885840469643,0.11123217930031976,1.5150942029165873,1.4941230149550306,1309
1120,7,0.627635269864816,0.17784857455971312,2.482961141378256,1.1773551156391366,1309
1132,7,0.6337088394042292,0.2618014270864356,1.4496470146219866,0.6847361609809229,1309
1178,7,0.6640778106998823,0.0638866296916204,2.812382802788956,1.4795461013898115,1309
1190,7,0.6726204608731001,0.1735894301979496,1.2441833705787846,0.2914528090625071,1309
1191,7,0.6737662861282412,0.10915532457109303,0.8265004926752697,1.185265769908856,1309
1163,8,0.6509387829756416,0.2418514348905206,-0.35402495606271717,2.3683535483110596,1309
1182,8,0.6655851840367645,0.17747598147103444,-2.668627371287709,2.3947506361362625,1309
1185,8,0.6673719813214715,0.19612331363246868,2.521702794019313,0.8023246159835787,1309
1188,8,0.6697193678267217,0.1942298024336818,2.5501185915202154,1.8652729099597902,1309
1196,8,0.6756385687656009,0.17288142272329318,-3.116012994068585,1.9934836918235062,1309
1198,8,0.6762393232264549,0.05654262311196659,-2.0540024656585403,0.9825131788447804,1309
1210,8,0.6888432441958068,0.1191681387832795,2.729761184017722,2.4234073021237394,1309
1215,8,0.691193041887072,0.2847582608713206,1.3150268038086732,0.8002693879226346,1309
1239,8,0.7159873660180684,0.12573826503033475,2.1069204215613007,1.437298788000331,1309
1243,8,0.72084790402916,0.05699050707480727,-1.138580051419368,1.9080793676277457,1309
1262,8,0.744016853443678,0.14922540819694494,2.1657257572981696,0.4720440546416627,1309
1271,8,0.7589799476427705,0.09003519242931561,1.5668294255738138,0.8286908337412127,1309
1237,9,0.714977194636781,0.20320616065476213,2.601116452539064,1.6879239220562543,1309
1248,9,0.7260826572058771,0.21519617799190266,0.0372086917563805,2.4513631042099324,1309
1280,9,0.7748359221795399,0.09605851832399685,-2.5883333987139943,0.3923800125401604,1309
1281,9,0.7767360405939676,0.14580762433112895,2.9250832067500907,2.3202399358857813,1309
1294,9,0.8181190161268145,0.04896246732583997,-2.2798052319747235,2.630697215032121,1309
1300,9,0.826196592817059,0.03829060427038851,-0.2520915996608366,0.6324404816164018,1309
1302,9,0.8453418225137086,0.13567547092856688,1.52995947088178,0.6777068825557508,1309
1283,10,0.7861318743701897,0.19207040829211552,0.34011442761798943,2.3834368048102506,1309
1305,10,0.8659718745287933,0.12968205651044654,1.760258448331465,0.6650964208272847,1309
1306,10,0.8801765350380443,0.05087055616528197,2.9848082681478543,2.051056429180883,1309
1307,10,0.8919893572613863,0.1006917252575239,1.5011537259821348,0.9316185089953823,1309
1308,10,0.9049545843083001,0.044843381309663276,0.5694709458124914,1.5316800520375773,1309
1309,10,0.9133020982910057,0.0803640794745708,0.10153230753374806,1.6076941828883904,1309
1310,11,1.0,0.0,0,0,1309
0,0,0.0,0.0,0,0,1309
10,1,0.19460088788708474,0.11844428850478612,0.04314403854502713,1.643468143409468,1309
13,1,0.20071863730841355,0.1099459775338566,-0.03153782850663105,1.5735064631825695,1309
46,2,0.2608230539132389,0.15437885057377723,0.038761868252989086,1.6270292868287735,1309
182,3,0.37088196962816755,0.19199397491525694,-0.12291164692660286,1.8853066164218153,1309
243,4,0.3965411748253762,0.18458005939202352,-0.03549299466169724,1.9487141399174617,1309
520,5,0.4760328772546545,0.15514607824681267,0.2951898497735165,2.0454667412704657,1309
788,6,0.5303653770658097,0.17672643576662891,0.3225293789179718,2.0112946386972252,1309
1054,7,0.6028302204668857,0.1572903002721673,0.07683293752612774,1.9350072027074776,1309
1262,8,0.7321703185734847,0.13043427799681862,0.7722061697909638,1.3762640547598832,1309
1272,9,0.7571437572097559,0.127391565556823,0.7919680112966344,1.4980914921090507,1309
1290,10,0.7972280562212994,0.10178405471609642,0.9139798558509852,1.385697571451822,1309
1302,11,0.8578311769379339,0.11173689956160947,1.3529245274635455,1.4744388008463902,1309
1304,11,0.863455047711159,0.09766425310545399,0.5836551089625539,1.978826640154987,1309
1310,12,1.0,0.0,0,0,1309
0,0,0.0,0.0,0,0,1309
1,1,0.07232050365551679,0.05803061820467397,2.2860248922525814,2.2958496205299532,1309
2,1,0.09090340703204303,0.08841559011836016,-2.0373449505396075,1.0626853064459791,1309
3,1,0.11944435852610946,0.10843866344723829,-0.8773723380653136,1.929674356756228,1309
4,1,0.12492896272662002,0.06497252111886725,-2.1618729647544908,1.5397346906099254,1309
5,2,0.1342563132666995,0.07424646700735522,2.274696156370657,1.7536364901763182,1309
9,2,0.18238867911243095,0.13592919402124706,2.0684021988439505,2.4277675614416916,1309
14,2,0.20305507999528905,0.15815413264275882,2.826868408109706,2.767788809134632,1309
15,2,0.20673814069780527,0.11599600375800036,0.2585516370911695,2.9434951238983813,1309
23,2,0.22618657594703329,0.16194315061471162,-2.1405513442646256,1.855507354116586,1309
26,2,0.2297656767486591,0.1460220080149479,-0.029210793493161455,1.963846104333436,1309
39,2,0.25315153986677263,0.1366767117090213,-2.7789149759125373,1.5464605951252193,1309
11,3,0.19506225592638782,0.07393765443019147,2.707273483348005,1.780278567751613,1309
19,3,0.2135388128918151,0.1315309046271316,2.301820566356015,1.5182099549734034,1309
36,3,0.24804290302001775,0.08073148511617399,-2.4280440003419197,1.8476644878524067,1309
48,3,0.27070139671484417,0.09743432368036654,1.2846434862304952,2.7624855322011306,1309
76,3,0.2947829851756406,0.11914200826953447,-0.406465149962668,1.9691847981834754,1309
95,3,0.30921133797481304,0.21416271950543755,-2.450983819195519,1.9855082849459857,1309
98,3,0.3105791632084761,0.18108413819587724,-2.8504200016292436,2.4978749990713744,1309
141,3,0.3396211163214591,0.20817826035902548,-2.842806507348019,1.6424030486175363,1309
103,4,0.3150449621892618,0.17134119510081758,2.494162707593657,0.9787441397339458,1309
143,4,0.3408234675246383,0.14900329821401972,3.024133533444669,1.723377764919653,1309
159,4,0.35160832710742296,0.0952260010567191,-2.5566479808879228,1.7485996190769164,1309
167,4,0.3552832193963209,0.13943825303282545,-0.45038763901890444,2.1343172966094546,1309
170,4,0.35603516441221983,0.09972380041497896,-2.244815610027037,2.4446384054644827,1309
187,4,0.3648178451778842,0.09308254889695582,-2.7556650824033415,2.517220123081616,1309
195,4,0.3706643715363752,0.23245749589563725,-2.3360015545248727,1.7777407180995137,1309
206,4,0.3766175637383442,0.18776870390532144,-2.1755529054192566,1.7036591105091392,1309
304,4,0.4115565315422991,0.22595310558133067,-2.542251101703052,1.7533673582234846,1309
315,4,0.41755479149298,0.1589429746135133,-2.386617585950985,2.189577004156422,1309
135,5,0.3368391832518799,0.16420855610308502,2.371853141164374,0.9201616948933963,1309
287,5,0.4056744127206493,0.1235775335028266,-0.4904009248658097,2.350191532972716,1309
565,5,0.4833432630918143,0.22124679239988027,-2.2525673774112938,1.8722035043415566,1309
677,5,0.5062179934961345,0.1731336821443478,-2.1819358278752454,1.9624640355238432,1309
290,6,0.40613729067522897,0.17406382341464438,2.467136119885041,0.9432423046998697,1309
294,6,0.40873424578540474,0.21286445343117308,2.293255451830192,0.8555461362612072,1309
333,6,0.4220539970260765,0.24178742115370544,2.349610624741791,0.984540006609123,1309
647,6,0.49875839767991015,0.13172108807798014,-1.1735546454087904,2.7193714548923698,1309
952,6,0.5666062989437446,0.1822932061753545,-1.9773672837394873,2.0863000931783033,1309
835,7,0.5352267067822672,0.1556287914059548,2.3776135774222253,0.6093660696582436,1309
847,7,0.5376295844344496,0.1471005867835847,1.735436089722838,0.5709983876734649,1309
1071,7,0.611938478206319,0.15068042877857693,-1.9650102226720452,2.1798044881732745,1309
958,8,0.568725052637097,0.1632118897005066,1.7002926681177375,0.5486668627935348,1309
1076,8,0.6134410936852894,0.11906961415779932,2.129501688366034,0.7687868818328306,1309
1163,8,0.6575544653807247,0.14285376845808112,-1.6529634087416334,2.08168583802808,1309
1168,9,0.6600810529997958,0.10459949486795875,1.864199829534208,1.0288967309151142,1309
1250,9,0.7213783430332684,0.16347461217344267,-1.4466837693981094,2.050111986339465,1309
1266,9,0.7377810503491299,0.15885107647873822,-2.1045276381101883,1.912854680723513,1309
1270,10,0.7405966870780377,0.15124972980605983,2.206365734392622,0.7126007208459058,1309
1277,10,0.7474990024086007,0.1474345110538031,1.607456060348674,1.2009993262413774,1309
1284,10,0.7651097474813586,0.14152878282631615,2.567063041069022,1.5269088394119388,1309
1287,10,0.7673386678341739,0.08884999529596943,1.9912990498668353,1.4534955301833172,1309
1292,10,0.7860652343663599,0.14068307026236082,1.7262770376004608,0.9389190219175281,1309
1293,10,0.7876637779132787,0.17173320508339376,1.2117898910902523,1.4310230969847244,1309
1294,10,0.7933224274668303,0.11900690005869467,-1.8461976434863585,1.876401085481806,1309
1300,11,0.8169694017599229,0.16919726164425145,1.1393458177732647,1.2768669263380832,1309
1301,11,0.8224070174930443,0.15588834377182262,2.0351822696516018,0.4994076026108565,1309
1304,11,0.8549696360972511,0.13978263717310657,1.7692658944991548,1.07330704724725,1309
1306,11,0.8599564331437218,0.12766264921303072,2.9725514115389804,0.5510721081975888,1309
1307,11,0.8614145298885015,0.1380151669027113,-1.9698709863037722,1.7572679638086308,1309
1308,11,0.8644145358593381,0.11658234988830508,-2.001234477843969,1.5154144473653572,1309
1309,11,0.8937295640807191,0.04043071873826383,2.1301247507034793,0.937746934391698,1309
1310,12,1.0,0.0,0,0,1309
0,0,0.0,0.0,0,0,1309
1,1,0.11071577767697693,0.07693137224903152,-2.3294319685782616,1.4666141605614735,1309
2,1,0.11393776698387359,0.04379184772758078,0.36101196852915124,1.669214783114751,1309
3,1,0.11539949919401127,0.008589271759094281,-2.7711497139899826,1.0767995412733917,1309
4,1,0.12965884349528478,0.09974751428329282,-0.4586381185043805,1.5499037378156384,1309
5,1,0.14439039390258734,0.14017943881554645,2.5484637528277414,1.2922934019009304,1309
18,2,0.19882518861873966,0.07789855400698419,1.5135716780301232,0.9100746467852985,1309
19,2,0.19970563616490367,0.13767507104787885,-1.9289943378348016,1.3639873087501764,1309
20,2,0.20180680662428008,0.10806052054097923,2.6634993060765657,1.2251296704125523,1309
25,2,0.2108110125166015,0.14577424939315975,2.465288094481984,1.1008985920365528,1309
37,2,0.2252838890566603,0.0685151853191333,1.77395480299869,1.3087926810172426,1309
40,2,0.22800942852152417,0.06346707645678619,-0.24078743843740347,0.9910223528781882,1309
55,2,0.2544063117530213,0.19079187408376883,2.2279252149089115,1.356763939450139,1309
60,3,0.2678660796703266,0.16603067137613128,-1.533300900519807,1.417900749689204,1309
84,3,0.29470934506019864,0.06655046458095017,0.09308579017281624,0.8459198635756314,1309
102,3,0.3080218044433657,0.1081942907916446,1.6147267135793613,1.038670293705182,1309
130,3,0.32910577023915133,0.1992283154423098,2.124204325222004,1.4349197983780935,1309
123,4,0.32419163787315464,0.19368745201049356,-1.4046117921903865,1.2927743332164967,1309
176,4,0.35861119572632594,0.1336523526910323,-1.560115985332726,0.8773380020316164,1309
180,4,0.36014560849142196,0.10115439066067937,1.8847477106101072,1.311721052330192,1309
194,4,0.36563406812163746,0.21959079033778142,2.037942127294416,1.443780236651028,1309
231,4,0.37895788922307827,0.09488777910002677,0.44357745669626597,1.5203210728894274,1309
267,5,0.3950729884883719,0.24784726979454522,-1.4069316579174695,1.3301007110743681,1309
337,5,0.4170737003891456,0.22937414239831277,1.9986133962437826,1.4811196362569279,1309
347,5,0.42149095977857154,0.15028190741354033,-1.740838366112748,1.5116147287920478,1309
354,5,0.42391438444005325,0.10814516170746723,0.20884674161445366,1.770154514329578,1309
355,5,0.4243062681370152,0.14746360525783814,-1.8154050354681706,0.7496793797807472,1309
422,5,0.44246355814026783,0.1931240602219054,-0.9048887547258504,1.2130055751856237,1309
423,5,0.4428269262767356,0.07413299038337698,0.4677311535112621,1.389210087226805,1309
441,5,0.44766330063153625,0.18037576505667557,-1.2558252414195494,0.7652554478799862,1309
460,5,0.4530635443522324,0.16448228239366292,-1.5506275939549887,0.4899201102292304,1309
532,5,0.4727515244013589,0.0993810848740978,0.6164993673125272,0.8430035075910903,1309
508,6,0.46586734520521145,0.11674409075604648,-1.725814319331333,0.7099739633506906,1309
533,6,0.4729416577019685,0.242788349235722,2.09568971662427,1.6560363234569573,1309
546,6,0.4768448950887103,0.19070235159586765,-1.3598232175448672,0.7057727819702144,1309
622,6,0.49561811911091747,0.036419693322526654,-0.079438923119395,0.8455019074982487,1309
641,6,0.5002308099463021,0.1976386451677458,2.3411727136856917,1.587266367944252,1309
658,6,0.5022692605293287,0.18667463529996575,-1.0552237975441512,0.6502258091005413,1309
684,6,0.5058849511401813,0.15886242274546333,-1.7092985984603768,1.078938727701109,1309
716,6,0.5121061505809892,0.16422508450615952,-1.5496265491593773,0.37333309217777444,1309
740,6,0.5162424528967148,0.15504558414381256,-0.7376637323244691,0.8789084391310958,1309
742,6,0.5167707789961248,0.24951159316471153,-1.023348672445847,1.62085903156136,1309
758,6,0.519872693996957,0.13650650912001872,0.6905537507650785,1.0426892421687808,1309
774,6,0.5229001791409376,0.13317985698765286,-1.036912755974379,0.8115387642488746,1309
912,6,0.5607674573916853,0.13267654539887241,0.13032877596062914,0.6517106395728802,1309
911,7,0.5605376682036185,0.09729016632110833,-1.5775905557261334,1.358659432598342,1309
957,7,0.574580971103714,0.18804583568663086,2.381309377172383,1.6209697819646423,1309
990,7,0.5875407989959248,0.16605919427874205,-2.502831729143301,0.3663062023360888,1309
993,7,0.5879833698148312,0.19901420657818134,-0.8618827666140275,1.6256242471179845,1309
1005,7,0.5905731547827439,0.198114647949257,0.704403969704613,1.1596876532344815,1309
1009,7,0.5934148091164256,0.12463097894652013,-1.2389298844299232,1.3212155192609214,1309
1041,7,0.6038156576909438,0.1526550580242184,0.32754632694233615,0.9164945517416999,1309
1043,7,0.6043272044864781,0.1342991077869928,0.4564571638396898,1.0966132426776676,1309
1055,7,0.6124990464210012,0.10068451248767185,-0.2569084237894581,0.5584776335729592,1309
1065,7,0.6182873698564356,0.14530239932607594,2.472072442644255,1.3507661630672145,1309
1176,8,0.671461514012183,0.12592156376508204,2.3508578533741167,1.278568944606139,1309
1210,8,0.6943522100061221,0.10082921752749875,2.523593888245551,1.7642502376152298,1309
1214,8,0.697163092357035,0.052028392025812144,-2.0337305270703445,1.0717522113146025,1309
1215,8,0.6980697798620328,0.09120449462513618,-0.8870709176224811,1.9372301429696561,1309
1243,8,0.7250068696936055,0.0991265638768144,0.631625288862157,0.9182906360058447,1309
1252,8,0.7386322789550583,0.07382750294225078,-0.7789323319428937,1.0410978070369803,1309
1271,9,0.7652131146653407,0.04539275089454134,1.7348623078465342,0.9547218354433787,1309
1279,9,0.7748313112402361,0.059494250969923716,3.015721839599659,2.0778075644587486,1309
1286,9,0.7874522735343696,0.05182333300610734,0.5816372301888569,1.4567859119096678,1309
1289,9,0.7887872310370079,0.05542119458451923,-0.972802872148999,1.0233600077961555,1309
1292,9,0.7977138100056744,0.05081555114886287,-0.5463744875695368,1.4037286567143414,1309
1294,9,0.7998631943509374,0.04332778763693917,0.4713478019425846,1.0935688066354565,1309
1299,9,0.8142408521207826,0.10469318306774111,-2.3817062247179432,2.4213845740353106,1309
1304,10,0.8512621849477641,0.07176413263888858,-1.8866942439818464,2.008707835468265,1309
1305,10,0.8651427563622721,0.11756917952572897,1.7086041248071855,1.7551594441943026,1309
1307,10,0.8757347902156426,0.09757281312327619,-1.9488337191910425,2.1880677241596125,1309
1308,10,0.8815083374410234,0.09920265614570031,1.5101972956820242,2.6401386896817236,1309
1309,10,0.9149714398783924,0.05167988798127357,0.8993401937571821,2.1161970450730094,1309
1310,11,1.0,0.0,0,0,1309
0,0,0.0,0.0,0,0,1309
1,1,0.05613698615905649,0.027890857429782152,1.0045962275255054,1.785635920313805,1309
4,2,0.09438804777686993,0.03960227225861204,0.2713658913901283,2.467598285814609,1309
12,3,0.1762571816110351,0.06299913725199068,-0.19766473752473546,1.048873657935753,1309
13,3,0.17871190527369307,0.04474921649949651,0.6646941377685178,2.289725068377048,1309
27,3,0.21517789142343158,0.12421805594296004,-0.2219788148846785,1.5249922626556813,1309
42,4,0.25215962687802407,0.07350414610189361,2.6829540063560247,2.695496320834193,1309
78,4,0.29185296239575376,0.13988159375035747,-0.7507147173257607,0.4950781348371583,1309
116,4,0.3264428971048571,0.156809886237418,-0.43275567396192854,1.534728528932934,1309
161,4,0.3528641404760192,0.15689266812438168,-3.089562130235543,0.16621451367784687,1309
107,5,0.3192302298369427,0.11832209482936472,-2.4031094272966294,2.8044567380771115,1309
178,5,0.3590310683778365,0.15038590412193764,-0.3903910618207489,1.6822322748607024,1309
348,5,0.4236086602377881,0.17081946620444985,-2.758979563312526,0.5164516537532764,1309
197,6,0.36913862186954116,0.13297626423206735,-2.2207733118168567,2.4513801432746782,1309
425,6,0.4480744513792334,0.1330396075538401,-0.6497338977046632,1.5519681452123635,1309
515,6,0.46963192423798883,0.1568687254784815,-2.4443754394749235,0.49180719016700786,1309
540,7,0.47478499240156147,0.1386238665782073,-2.0393906037654568,1.9604583284877264,1309
672,7,0.5038555344100615,0.17450033135591494,-0.5639499861886211,1.7545563925749783,1309
809,7,0.5294717723239287,0.13853893524252633,-2.1875455542092412,0.6153327542171599,1309
907,8,0.555743358568118,0.1937742436884584,-0.4264238101988169,1.7604609242287288,1309
987,8,0.5855953137113409,0.17218140722670106,-2.1566935039757884,0.6137448491948035,1309
991,8,0.5865302410056868,0.1966965571419636,-0.5934600228443457,1.9625537009927343,1309
1079,8,0.6189624617904398,0.18209336309447263,-2.2976108399054676,1.1270052782765512,1309
1102,9,0.6300187499563993,0.16596291379629335,-0.4646814499232702,1.938838677097703,1309
1121,9,0.6385965327122338,0.1384891283177182,-1.947398165027943,0.7636377825396796,1309
1139,9,0.6480052394494806,0.1709780405175824,-2.289534264201943,1.0468565912601069,1309
1227,10,0.705644144812988,0.12349896859196725,-1.6975861802175878,1.210842619212009,1309
1228,10,0.7058253128753695,0.18172001101510918,-0.5686424384470884,2.1026708367047307,1309
1230,10,0.7071391094742807,0.14776764756154928,-1.8990382526323135,1.0772940535729112,1309
1282,11,0.7799892796486031,0.1269402662897956,-2.435097478648313,1.0310929082820062,1309
1283,11,0.7852793428966267,0.12745912251238,-0.9642686147827345,2.2151287940182858,1309
1286,11,0.7895077686002412,0.10010332159086395,-1.1914749221275345,0.8686388168577924,1309
1306,12,0.8699835580747237,0.119023954815366,-2.163332748261193,1.2856373669755112,1309
1307,12,0.890397878272558,0.07197180571756882,-1.9208137415157256,1.2020319063995415,1309
1309,12,0.921697623733036,0.032430614641693105,0.6857769566501781,1.7291846554313375,1309
1310,13,1.0,0.0,0,0,1309
0,0,0.0,0.0,0,0,1309
1,1,0.07199603405127564,0.05932074900588133,2.7859285054429366,1.4820762731665706,1309
4,2,0.14650766009623362,0.0852234447703747,-2.8544853811418034,2.187498052327309,1309
21,3,0.22926637747303502,0.15004497111398618,-2.322899816462903,2.2190758179195464,1309
53,4,0.2698103747443219,0.16112640445370566,-2.413791225860449,2.2804827205505824,1309
67,4,0.28830575833596717,0.10705559155985986,-2.3080052809480196,2.4931875344489476,1309
112,5,0.32958284520917935,0.10865763532857874,-2.1837252558327656,2.181923654886167,1309
372,6,0.43829615832717095,0.11801819144081639,-2.6843324633641097,2.795778363850051,1309
626,7,0.49278580294056606,0.11874689819868099,-2.9321734253115403,2.5408461110318536,1309
981,8,0.5789579557199286,0.09249997153376054,-3.048377653209161,2.113360695792809,1309
1100,8,0.6242797866824845,0.07722741004812919,2.272651153734737,2.78039084163542,1309
1200,9,0.6817255601330573,0.08140558727228711,1.9814499326331385,2.1041284070633535,1309
1260,10,0.7339564344262435,0.12456212156456371,2.1525323032213812,2.0025908854929564,1309
1290,10,0.7836791982675877,0.048609671403727045,2.037242118311053,1.2725901992118889,1309
1302,11,0.8321564730023301,0.0519465467153433,2.6262006325823024,1.9567182902053832,1309
1306,12,0.894121521342148,0.020491457919630675,-3.125773343681168,1.2086437112315762,1309
1308,12,0.9149036023531741,0.07157139239929995,-2.1174195400931852,2.1955733093686125,1309
1309,12,0.9232846678554182,0.056523178123017416,1.8643839110596343,1.281366707319382,1309
1310,13,1.0,0.0,0,0,1309
0,0,0.0,0.0,0,0,1309
1,1,0.1088586652628124,0.08648713778894672,-2.0936690732291163,1.6412636748972562,1309
3,1,0.13114194875973662,0.11214011345523886,0.6229894077171722,1.8233328368463788,1309
6,1,0.15399669853338016,0.133652994775781,-1.7358080136235179,1.488710430211312,1309
9,1,0.16375142410793053,0.15042603921531142,-1.0764804802136478,2.08282932595527,1309
11,1,0.17211882048997296,0.12112964754839459,0.6550154815213031,2.3053685492967735,1309
16,1,0.186692649209114,0.1445003384158787,-0.8625776668826358,2.0070334634727054,1309
22,2,0.20822013083963242,0.17048885029709296,-1.543898498955349,1.6060226585823905,1309
29,2,0.22180349198288352,0.14764341365041408,-1.0881262518629486,2.0124661626892233,1309
44,2,0.2566590496856399,0.16776614989599006,-2.540507711780934,1.7909221622969045,1309
66,2,0.2863460344007541,0.1725198280055345,-0.2411790045563995,2.7137914352546817,1309
35,3,0.23426619761188494,0.18304932430261142,-1.6442498863136417,1.6715666793446908,1309
97,3,0.31667814803380756,0.21910013998640196,-0.8549763844272604,2.303180522699926,1309
152,3,0.3541984241654108,0.194827131142979,-0.010573369743036255,2.392905118155048,1309
158,3,0.35784028453459105,0.23467921991691343,-2.4066266563957046,1.5759099458296637,1309
130,4,0.3422853859407661,0.17829458565380338,-1.9995015018236717,1.1903142132345854,1309
222,4,0.3829298233487325,0.28840548906266905,-1.561544661972623,1.3845889575724353,1309
258,4,0.39703871775867994,0.10516600271934719,-2.1741938116283563,0.9898905403039643,1309
262,4,0.4002396902443739,0.12136461549692937,-1.5883473168744826,2.5286235201742273,1309
266,4,0.4031566618167135,0.20728622587903012,-0.8566490193274601,1.6031575087857004,1309
288,4,0.410050233871437,0.2866055312148782,-2.270498185071789,1.7286963284338723,1309
299,4,0.41359438543368965,0.3034956122945361,-1.402683244324185,1.8798965848885434,1309
347,4,0.4307155911706744,0.23961695851461082,-0.5500151799611978,2.656930776922037,1309
351,4,0.4312931033955557,0.24401784405699353,-0.4854628809078413,2.642610263106652,1309
360,4,0.4343857397183776,0.2052439916746944,-0.04383751566058706,2.6317121552552747,1309
448,4,0.46230148430936113,0.2354042238632718,-2.2118753019848287,1.8588072669905398,1309
454,5,0.4628787743032027,0.0946728387735798,-1.4129924231323556,0.9755380595343466,1309
491,5,0.4734693406419406,0.15458775992424134,-2.3582228599985005,1.4961093407708248,1309
505,5,0.4766681995191999,0.26477086924058885,-1.2957182754287868,1.50915468941433,1309
510,5,0.4772746180018653,0.263433352338892,-1.8408632801606506,1.4535860797591402,1309
556,5,0.4867802462110261,0.17168032924141938,-1.227071056840913,1.6059586084391901,1309
630,5,0.4996412160565996,0.25202505677817544,-1.6016974316595818,2.0008189849133213,1309
636,5,0.5017670719570078,0.21677727963460425,-0.9166428567947053,1.9965813196240942,1309
652,5,0.5041289470998711,0.2027474722365526,-0.09702704055365653,2.686511004974245,1309
679,5,0.5079386708233539,0.21238277442315243,-1.6606358302820472,1.6234408494001349,1309
769,5,0.5270380707967343,0.22482364273997169,-1.5175749637988547,1.8924798323420307,1309
798,5,0.5331558495505757,0.1776744228871559,-1.5153405175543218,1.9022098614621727,1309
852,5,0.5465731760901773,0.21995292473474015,-1.9616248924938975,1.6730291734004445,1309
697,6,0.5103389465826648,0.18504899222984159,-2.4705413040048425,1.4967627176923772,1309
787,6,0.5298417011684449,0.17800994388115687,-2.266352242956906,1.628616832877644,1309
794,6,0.5316140217816403,0.20111711578728336,-0.052704507131301315,2.7746618764370967,1309
869,6,0.5492667356511918,0.12178217331849187,-1.3372533731056608,1.4701284111483166,1309
896,6,0.5588168700729491,0.16359876304619697,-1.2714296659863484,1.458754954339142,1309
929,6,0.5703371629221246,0.20044786068068277,-1.1733667417980773,1.9570478274149856,1309
1072,6,0.6169423174018104,0.17433745546970364,-1.6921776085615203,1.6316510787329064,1309
1054,7,0.6095383242670249,0.17277376204485917,-2.703674095472784,1.627624728338844,1309
1074,7,0.6193334462404422,0.13887758135091072,0.48649495465529613,3.0161352816228866,1309
1080,7,0.6220074767261022,0.21896080591749847,-2.9237203291702762,1.3744056784370138,1309
1084,7,0.6236536906196642,0.2202709016390077,-0.8752106491281294,2.654882927591752,1309
1107,7,0.6303962381783434,0.15219650760618406,-2.136370198626471,1.3333946625785225,1309
1135,7,0.642910707322942,0.1498551752573646,-1.227188356460455,1.7877781106444997,1309
1172,7,0.6681394866904535,0.16178654586112567,-1.9157724167979682,1.4754301594774881,1309
1174,7,0.668541959037165,0.20813712756227254,-1.5964893837095013,1.6584178605590032,1309
1200,8,0.6866852669174329,0.2104514612840482,-2.72102967033141,1.425078236692201,1309
1220,8,0.7034999630040311,0.13268425808967638,-2.558492030988966,2.115689336276556,1309
1254,8,0.7367624604264166,0.16371810304895154,-1.4997211886052901,1.4897645375968787,1309
1265,8,0.7469993009806273,0.143156526302097,0.2594471923913689,2.684048202321468,1309
1253,9,0.7362454933840432,0.19539818390127114,-2.5468777458679175,1.4719138500541395,1309
1268,9,0.7510018047809709,0.11056021838281516,-2.218501432312836,1.9995578209188725,1309
1277,9,0.7636315584429453,0.15579944310423222,-2.9611238397774486,1.3804109103332383,1309
1292,9,0.7877647318803537,0.15681759839023748,0.569521748926099,2.6108159855294577,1309
1296,9,0.8071154687569487,0.11887938260957594,-1.6671195394581815,1.352101273799225,1309
1294,10,0.791151573719852,0.15756805005463267,-3.0790219042930413,1.4707005047715995,1309
1306,10,0.8430787550046286,0.12121742553539917,-1.6663026382892256,1.4361484420839563,1309
1308,10,0.8587301320165551,0.11593656420881744,-0.1317352435093179,2.520470099554759,1309
1309,10,0.8770338574081662,0.09226871936556978,-2.84898694201221,2.053164324662578,1309
1310,11,1.0,0.0,0,0,1309
0,0,0.0,0.0,0,0,1309
1,1,0.11352704217335419,0.07212572371526935,3.0109845601192546,1.7523948410022703,1309
2,1,0.12734655795714078,0.06474627228876176,-1.7274998506918287,2.3110267960328876,1309
4,1,0.14277440041331768,0.107771283222391,1.9562154687003404,1.086263280013695,1309
5,1,0.14305723640688894,0.10056264764806327,-1.6057019217876465,1.0838819004006202,1309
6,1,0.1495397748290742,0.07964971875179844,2.0227332807026603,1.5702091662860078,1309
10,1,0.16539633536959675,0.15333745451266392,1.5231230101837852,0.2270690449439974,1309
13,1,0.1825396163393621,0.12156832917690273,3.062631948356917,0.8152873699221246,1309
16,1,0.19715788582084337,0.0885202644052286,-3.1087821198068974,0.5595568284737215,1309
17,2,0.1988334818783828,0.03652963705738821,1.6763882954426146,2.1033771836357844,1309
19,2,0.2031006102741696,0.045105903586312474,1.5238423833993147,1.312350484144519,1309
27,2,0.22631400812144697,0.11186104399014976,1.1222373247199535,1.1741426695897568,1309
28,2,0.22922107719638163,0.05903055801813422,-0.24619735715420427,1.1922728081049732,1309
30,2,0.23035091429328536,0.07580332178795596,-2.4103006420117703,0.47837574685368994,1309
38,2,0.24776966755506302,0.12492043556517982,2.843426805080761,0.6597584038708104,1309
39,2,0.24919118867559242,0.12906627460159156,3.05056811559252,0.5439090779648575,1309
40,2,0.24963435945137769,0.11483994938296706,-1.4523661000589438,1.7135659943443897,1309
47,2,0.25763178340132076,0.14246131896124126,-1.7132037163393405,1.468644190052161,1309
62,3,0.27663002383517843,0.1118092321651007,0.8475444736996575,0.961176059611869,1309
90,3,0.3034386069741326,0.052231672170342545,-1.0161447866800182,2.00852049750028,1309
93,3,0.3066891755320107,0.11460735389840493,0.7747865818680619,2.3800934642738385,1309
100,3,0.314471233536216,0.08622113484530726,-0.8106841605516862,2.5449630270355184,1309
104,3,0.3159253796040269,0.10940837864422805,-1.467098352915382,1.4571565475091068,1309
109,3,0.32042459343317764,0.12256117363656233,2.4533667864224173,0.0965277901899914,1309
110,3,0.32053818149233393,0.1306776648629579,-2.6807688081712584,2.958360351118314,1309
144,3,0.3407164938015258,0.18036815388505034,-1.2754576990795454,1.69728018212555,1309
160,3,0.34636943493878336,0.16190454316510025,-1.8180448696118472,0.9080133853755074,1309
244,4,0.39231944162913135,0.09872293582981136,0.5329176101587016,2.8874723479499074,1309
245,4,0.392625675777896,0.1646452815618873,-1.4645934802936666,0.8154468528392739,1309
264,4,0.4000022500198709,0.10043654466260131,-0.7312585393893657,2.014728715921934,1309
288,4,0.4112905271616123,0.14827406561444514,-1.8925955432233148,1.3119463214768357,1309
299,4,0.41351038025506504,0.1498691852074119,-1.9657819350158148,0.8816376871756613,1309
321,4,0.41956089320206913,0.20144757106671296,1.2142105875143174,0.31933910262624043,1309
325,4,0.4228390571683164,0.15021976504746018,-1.4117821750698645,2.006211180502919,1309
377,4,0.4375266442175464,0.24124276014533216,-1.273188172767317,2.0160088923888346,1309
456,5,0.46163561589995417,0.2507234303186434,-1.2529237150169508,2.0578349857630767,1309
554,5,0.4811261702056243,0.11294576842046734,-0.6715763365193166,1.6426934754695515,1309
580,5,0.48547029824832577,0.12126414553169808,-1.2573228488157766,1.6357374943236351,1309
593,5,0.4878562640920877,0.042389933384586784,1.930531035021711,1.9822372827823078,1309
605,5,0.49050543054134665,0.1677412356060396,-0.5303182084067973,1.7593549234894068,1309
626,5,0.49392757448538527,0.11938801597600987,-2.714368904201495,0.6700613327232933,1309
652,5,0.5005990716491342,0.15896678030364728,-1.512990783456184,1.1046542359654998,1309
693,5,0.508039143285589,0.21287603499132166,2.468602326754657,0.40745738084177774,1309
621,6,0.4934849894811456,0.26695548119886536,-1.264622735750327,1.9625422085125221,1309
769,6,0.5242242204810776,0.10255824457626411,-0.7803318355483675,1.8649379930793357,1309
818,6,0.5341543952279614,0.2102405991009561,2.67709173126641,0.35252984678266897,1309
844,6,0.5401334365547056,0.04076710771179696,-3.1075379435837704,2.2258518937220595,1309
911,6,0.5550109278616334,0.1850186975295558,-0.24090635598206317,1.588796268114193,1309
918,6,0.556586487279798,0.1693429020610395,-2.5279244336992797,0.6594862633150131,1309
972,6,0.569053833715413,0.1486798267333128,-1.6663090760452104,1.4650878059556878,1309
1109,7,0.6214109261600417,0.16179222569510734,1.9403119226259347,0.2868633758346643,1309
1116,7,0.6247854002957994,0.15572342613623688,-2.987705742315883,0.5448279498171309,1309
1131,7,0.6303762278849833,0.23305609728963173,-1.142246384999217,1.4849462010522176,1309
1132,7,0.6317531635680628,0.12071953479854561,-1.411323881081333,1.6943190230435026,1309
1148,7,0.6375640297071865,0.12328851082389582,-2.627284298321748,1.7177925232396551,1309
1172,7,0.6539144565707133,0.1734486678569117,-0.6512533645326493,1.3021857181060406,1309
1212,8,0.6953667334136265,0.11296560696250088,-2.851026820766417,1.549995365675326,1309
1214,8,0.6977441926034881,0.17300129070876125,1.0110075340484401,0.5129638454633274,1309
1229,8,0.7130258987228524,0.14464196862967574,2.312000450298711,0.5973536016792586,1309
1231,8,0.7141548060079762,0.18038336233546237,-0.9221842760895506,1.1408669542874823,1309
1268,8,0.7516631456225427,0.1422584625129082,-0.8134518645290266,1.226112505415835,1309
1269,9,0.7550712211581724,0.18469483154585142,0.9120323812353922,0.8069463050625718,1309
1278,9,0.7700309885817582,0.19473842374453884,1.0614209194481496,0.23087700997311725,1309
1287,9,0.7843135034454747,0.14879234013621218,-0.7296454984674202,1.275518011320474,1309
1296,9,0.8162721257752986,0.05102269711631989,-2.7274375733062635,2.9249814856371157,1309
1299,9,0.8300315534495816,0.09769595655493847,1.8102590366163802,1.223156740837012,1309
1295,10,0.8162297285288809,0.14905608454655575,0.9841823859991601,0.7245379871089197,1309
1300,10,0.8347663429746643,0.12974138227850543,-0.5216493261413032,1.329844933388202,1309
1305,10,0.8639425385215537,0.133761656106501,-0.35351971457304304,0.07706569527399183,1309
1306,10,0.8643493684245044,0.058357164355760854,-1.2006252809733042,2.7985809898333662,1309
1307,10,0.8897276955803858,0.03816664547097225,-2.2751670454284114,1.0954289722821495,1309
1308,10,0.8902638983180337,0.1018332493509265,0.9989419937563656,2.5716645418878823,1309
1309,10,0.9106121531297013,0.07971559058929291,2.147475876874926,0.7371962133856025,1309
1310,11,1.0,0.0,0,0,1309
0,0,0.0,0.0,0,0,1309
1,1,0.07493820754227776,0.062294963811079684,1.1436145380015097,2.4460153257103188,1309
2,1,0.11088763475420571,0.10711022910457567,3.092088193946412,2.2616342646556533,1309
5,2,0.16674844164074776,0.0961560917977913,3.015735810459551,2.425682473561735,1309
7,2,0.1720897535795033,0.09527347845916405,1.4117140702119222,1.9748137413168851,1309
10,2,0.20081356600191458,0.05108432992697409,2.582298388439385,2.103661473606012,1309
24,3,0.23027426309319476,0.08956744991065148,-2.4950037521920794,2.5265142514746164,1309
46,3,0.267625111389148,0.07805934864801363,2.1807490395672704,1.9849613333189775,1309
152,4,0.3569861331453341,0.13326132485174122,2.832599610392106,1.8442661457745022,1309
316,5,0.4212542553437545,0.17568313764499144,2.6862993019542976,1.8795796260783293,1309
728,6,0.5130209893208022,0.18076651390036547,2.166523742653378,2.087900651279826,1309
972,7,0.570331092226915,0.14907459944867488,2.1651938447986754,1.9169028069242398,1309
1205,8,0.6838183812688611,0.19053949575221613,1.8850871508724258,1.857989244861109,1309
1248,9,0.7266260884806831,0.17678983418281669,1.8588669604020498,1.6703249195448269,1309
1291,10,0.7861538827105167,0.19257119125994895,2.0844025878850205,1.5867357666052033,1309
1295,10,0.7976656968108982,0.158984010035785,1.6463183364728753,1.7184912111196449,1309
1299,10,0.8071457569542269,0.15009815093451098,2.076987620428511,1.6391366310907567,1309
1304,11,0.8638821323755037,0.13372405447642474,2.088050990372856,1.8791844682312864,1309
1309,11,0.9404011893465828,0.05717889228604835,1.4455677932741964,0.8214405430135614,1309
1310,12,1.0,0.0,0,0,1309
0,0,0.0,0.0,0,0,1309
1,1,0.07733883581759537,0.041370330998098136,-1.4267697768699192,0.7796089938029986,1309
9,2,0.16426208320656488,0.11753871635353477,-1.5543718821537102,0.5518158847909012,1309
11,2,0.17337670719979503,0.10767658208725688,-0.682415320586954,1.1170245226456381,1309
29,2,0.23191249856805773,0.13565306761734036,2.8139023015736826,1.0945041950180958,1309
36,3,0.24852198883237797,0.1195514028659631,-1.085136760122376,0.851171974016603,1309
124,3,0.33316830429766653,0.19827972792544238,2.9647437810265425,1.2997236299566708,1309
179,4,0.3642889009255892,0.12299174422744552,-0.5717835698363636,1.4298193389510816,1309
242,4,0.3927523703107646,0.2168656751122669,-3.062472073524309,1.2759540372134017,1309
289,4,0.41030077615690674,0.1989921538087777,2.983562174831359,1.1485835804897135,1309
373,5,0.43384779018227426,0.10849844577766868,-0.9123845950018877,1.6066437907627322,1309
448,5,0.4555289944446258,0.1982224037852863,3.0795520313121556,1.4659715049079534,1309
533,5,0.47544188693151246,0.19534520073929745,-3.1414442084196326,1.3714729958812577,1309
605,6,0.48901601109987647,0.09320056351931255,-0.9707410386201549,2.0295098651368697,1309
754,6,0.5200138645255893,0.204971066465096,-3.056808085256695,1.5064626898523843,1309
819,6,0.5333478293495548,0.1672274116461647,-1.0807892700501869,1.9678426086210425,1309
964,7,0.5768028232337349,0.20974202359965574,3.077212504637667,1.6453047529391274,1309
1072,7,0.6131358489487324,0.1777382236413453,-1.0917375776549771,1.9035632770112803,1309
1050,8,0.605289418492987,0.22624225790625518,3.0558405424481934,1.6637149395662527,1309
1153,8,0.6503636068517381,0.15640376627481664,-0.9398260055172899,1.8874240404063372,1309
1185,8,0.6666912335688645,0.1699157299372608,-0.9749643699750693,1.7548561186661322,1309
1240,9,0.7201623946237732,0.13778711977711405,-1.1280038329940059,1.8325344489179574,1309
1248,9,0.7338390932201818,0.1507787895861707,2.4914063566590547,1.7534399461331855,1309
1270,10,0.763802380676029,0.1364935925268266,-1.400314925849605,1.6724000404072343,1309
1276,10,0.7750861561483638,0.1497600370320084,2.3588439403519414,1.5166839406133534,1309
1301,11,0.8339247121622942,0.131476190154943,2.5677247118162323,1.3540758618084412,1309
1302,11,0.8357964292014958,0.09146069055757368,-0.9930119735881503,1.4538601502357242,1309
1304,11,0.8389431268749642,0.14489891837751637,2.110608735129738,1.2088447344891682,1309
1305,11,0.8630748610262496,0.11012026840507906,-1.7461245833258099,2.05907615265248,1309
1306,11,0.8710753915410492,0.10950024350957967,-1.5589574844831597,1.3452858244965284,1309
1307,11,0.8761080481254765,0.08639579971696212,-2.294167822105802,1.3345362613809553,1309
1309,11,0.9156446655829562,0.07561368568680182,2.125418037508431,0.7417987300668601,1309
1310,12,1.0,0.0,0,0,1309
0,0,0.0,0.0,0,0,1309
1,1,0.04524063126384947,0.04384390291259658,-0.9211708008566714,1.6128971416034257,1309
3,1,0.12097683795707403,0.11557822654170616,-2.27831216101736,2.2111455827923523,1309
9,2,0.17662947850901867,0.11726391325984016,0.7568893279709137,1.1015697068566397,1309
17,2,0.19287229624214952,0.08826036955967029,0.48414641359141436,0.5722454133165936,1309
53,2,0.2583034317023888,0.20954861707947237,-2.0414855533843053,2.5853870973353468,1309
54,3,0.25867987779860313,0.17065515112390447,0.9941702492633872,1.1954499243821823,1309
56,3,0.26397631605758787,0.16216557948332835,1.1272902814899715,0.9757767125351571,1309
68,3,0.27586265468097193,0.16825174886742333,0.5034050048143576,0.7376464232965512,1309
87,3,0.2959008540166502,0.23736256598799238,-2.138344445127518,2.6777675281527404,1309
117,4,0.3188083158966667,0.10886909331298483,1.1477012067905872,1.0240537248263548,1309
132,4,0.3312661336766979,0.22244570804165092,-2.0316658581659506,2.6486303550228696,1309
240,4,0.3832381282663949,0.17549340544322245,0.597731216977515,0.8263468665014356,1309
282,5,0.39875374914618167,0.2266769382215016,-2.418692096354228,2.918362592756109,1309
348,5,0.4191346401650736,0.14966614783631518,0.7542604617519166,0.9648971935762696,1309
366,5,0.42288890822974645,0.1623922443108005,0.6425789095786756,0.8933177770239328,1309
556,6,0.4722101732681391,0.1959308558647028,1.9165933047429373,3.0169271997241967,1309
630,6,0.49348727019508776,0.10678155368009784,0.4057807924623633,0.6027287269405951,1309
809,7,0.5259274679549596,0.2359207896400448,1.658657357407678,2.8971485928840486,1309
967,7,0.5669471558252976,0.13298119596266894,-0.5284148957616085,0.4981661902876945,1309
1158,8,0.6484621481625318,0.1827275069373041,-0.502419300948628,0.31959274511376834,1309
1173,8,0.6614911314946376,0.17252362256944284,1.319175847796869,2.3938350673266644,1309
1221,9,0.6993944957163877,0.17147680207028887,-0.40086914896396814,0.46789808201219296,1309
1234,9,0.7131953639325523,0.13582491918442008,1.2867542096185096,2.3526449307264383,1309
1277,10,0.7671931453894701,0.15046768170908117,-0.8523444186158502,0.48483421181125314,1309
1287,10,0.7908093530917925,0.11507776435809662,0.9098901669088632,2.9106235467828516,1309
1305,11,0.8735925615544974,0.05864979089434896,0.30030270047791036,0.3865712460065782,1309
1307,11,0.876619571058341,0.0628859649736502,2.911002038474365,2.5641106526084783,1309
1309,11,0.9178181942390912,0.059908444029818576,-1.2077177463602338,0.8300171308528178,1309
1310,12,1.0,0.0,0,0,1309
0,0,0.0,0.0,0,0,1309
1,1,0.06938526587252747,0.038882256722521914,-1.5280288954961403,1.5236882993828966,1309
12,2,0.17772653121121829,0.1248653707020297,-0.9636227195638543,1.1627120841340068,1309
27,3,0.22844328049074958,0.11106058827004088,-1.1866681110651405,1.4259216979850926,1309
42,4,0.2622450932371232,0.1430275624410092,-1.1653408446575708,1.4020857590922717,1309
208,5,0.37290166761716637,0.11537489371141142,-1.0029836315854688,2.0578911544656178,1309
368,6,0.4298977154102208,0.12320238182489814,-1.2942271564736014,2.4093460281259342,1309
748,7,0.515367398815139,0.11980396433198436,-1.2791170884141503,1.7478137278990538,1309
1139,8,0.6482015308743537,0.03575126281558541,0.25061909368627777,0.87751583085597,1309
1232,9,0.7139522404563384,0.06917799363418184,0.8315231608791204,1.0864339077489737,1309
1283,10,0.7750213616742638,0.07365609176770778,1.1265823766725214,1.460403568006697,1309
1306,11,0.8566108050885493,0.10634139718275233,1.9235666339844235,1.2826077528953024,1309
1309,12,0.9337762977175246,0.05140274532358606,1.5307299612828889,0.8300444110575118,1309
1310,13,1.0,0.0,0,0,1309
0,0,0.0,0.0,0,0,1309
1,1,0.09002526994960702,0.08672779292583879,2.8516230951434607,2.7208371969572567,1309
2,1,0.10539117513453222,0.04005680611691008,-2.724140262812149,2.3310212779329955,1309
9,1,0.16617453546705552,0.1262099936916165,-0.4514219808557069,1.3432401751798055,1309
10,1,0.1666110653059505,0.10771557075519966,-2.583196421921892,1.7705859425331867,1309
11,1,0.1680006274665149,0.13731870099450783,-2.757896497174541,1.4949972496435024,1309
13,1,0.1720600640385822,0.1656732893500395,2.194915540965355,0.6561399715023223,1309
8,2,0.16300040703103602,0.14306602979258365,-2.5797366206741983,2.61319744937452,1309
18,2,0.21354078934520504,0.1479071443263829,-0.41663207394812485,1.551007002430771,1309
28,2,0.23814275552123565,0.16366464417612528,2.558436521235573,0.954634213748795,1309
75,2,0.2946634539280677,0.18460045982618803,-2.936072164041523,1.2447058962284816,1309
50,3,0.2668281416501074,0.14719847513164439,-0.23234632293194382,1.6051595149115143,1309
66,3,0.2876790231880838,0.1767298382246577,-2.77775619452613,2.4060003441665665,1309
84,3,0.30194412974093077,0.19074624502709273,2.5659483973844184,0.6863212473790001,1309
87,3,0.30311063639049773,0.11733116293825029,3.0280667895781623,2.1368733502509114,1309
155,3,0.3516582042503186,0.17093325352993763,-2.866445597399469,1.4709084728216761,1309
113,4,0.32229306372392774,0.1978347463069759,2.568910533991839,0.7021053638145632,1309
131,4,0.3371624343941232,0.12949665274427086,-0.33210126907804133,1.2903024457090913,1309
183,4,0.36828931091845796,0.19755582417779263,-0.4183606471955405,1.2163293642351258,1309
193,4,0.3735667614859891,0.1786703337476394,3.0257834534246695,2.0939774228971637,1309
199,4,0.37672676541425054,0.16349195210670528,-0.6268937163775465,1.617922430456757,1309
260,4,0.4018380154421166,0.1872391733757574,-2.96579723415455,1.330457469365762,1309
231,5,0.3870288938022448,0.20420991997443264,2.6865890443528686,0.8869376522440322,1309
240,5,0.3921165889143131,0.14738235325585453,2.5478799182153202,0.5456410358838971,1309
320,5,0.4261676070837308,0.17596614788168197,-0.666264803817092,1.0786344958598502,1309
350,5,0.43361982015448497,0.2375273996657018,-0.5103819634572496,1.3506439738591016,1309
385,5,0.44389411713389515,0.2502488488606624,-3.0622150561346113,0.7239424443040057,1309
399,5,0.4484925728569793,0.16609354769762888,-3.0528161815997232,0.13872101117330707,1309
415,5,0.4517562267911429,0.08742825033126304,2.1503730296506154,0.968700430867356,1309
481,5,0.4656090513105462,0.22048689761163412,-0.7793308745863108,1.3113536706298272,1309
547,5,0.48065230231578226,0.17696250183587514,1.1309243742796664,0.630034429080982,1309
595,5,0.49251051649685007,0.14839525051204724,-2.9246570822876734,1.779544626898791,1309
448,6,0.4586983167133585,0.17437770112550685,2.9915659361466806,0.7666439805143003,1309
662,6,0.504943430288044,0.23119533245659699,2.3278763658391393,0.9560443929682931,1309
680,6,0.507176336177114,0.2771645088610695,-2.8825442788081657,0.74282122718852,1309
713,6,0.5144049783538588,0.15366740549451258,2.981791100643007,0.08730415413945791,1309
716,6,0.515628633619094,0.21424898015981622,2.3004930798265004,1.0579441946531436,1309
748,6,0.523318215817831,0.1839295414534916,-0.8163999969201675,1.207770948016096,1309
762,6,0.5256518975674793,0.16515669182875084,-2.701208076653917,0.8358076551058731,1309
790,6,0.5326609319780795,0.11836691520248158,1.576334464500998,1.1063972892515312,1309
805,6,0.5360914643680649,0.19310710957844593,2.0056102895637538,0.9363950373347024,1309
842,6,0.5477232868460251,0.2305399746016846,1.3228148529275816,0.6610310838753082,1309
861,6,0.5518563192765595,0.15700319937181503,-2.853399372116076,1.604770191149196,1309
863,6,0.5522866763621406,0.10838305370623666,2.5310929185970052,1.8214786472628723,1309
893,6,0.5599067284284948,0.17224496670110448,-1.556690654429234,0.7900840483769195,1309
911,6,0.5662873670713018,0.06939878012263435,-1.3983471723754863,0.7755605746802794,1309
927,7,0.5714252372824661,0.1585673233342969,-2.574606873009874,0.3186397582851161,1309
936,7,0.5746214634349974,0.24053974096039868,-2.921802052051402,0.7306271664469666,1309
941,7,0.5767213397911105,0.18043782839339917,-0.9869675116146721,1.1797305324370262,1309
968,7,0.5820260278282008,0.15328611603706055,2.6174264583898594,1.0287093448330962,1309
1032,7,0.6020139597637211,0.165073600412883,2.848548854517671,0.2994035034034934,1309
1059,7,0.6148510419973584,0.1979406763010307,3.124595649009269,1.141684049565148,1309
1070,7,0.6194979713281322,0.1653387103190481,-2.8748094632072467,0.6790941884552423,1309
1075,7,0.622583461392624,0.19118120759525004,-1.8394002893054955,0.9577862724056024,1309
1120,7,0.6426196179547955,0.14953867018965614,2.432070953020023,0.586901788518254,1309
1125,7,0.6444291241613511,0.07311109593282136,1.558416171458143,0.38399179801374533,1309
1136,7,0.6513841648558134,0.21118875512268465,0.21947351286530295,0.4451135994852257,1309
1141,7,0.653033210807595,0.1576532450945781,-3.0678573498495942,1.7207155739786282,1309
1148,7,0.6557941462804271,0.24268885367418785,0.32887356506634824,0.2904894540479384,1309
1150,7,0.6559535519850548,0.20840270716895903,0.5768013110049075,0.5274513284826118,1309
1171,7,0.6689976961641771,0.18826708605037387,0.39452282372470504,0.36239745241404847,1309
1196,7,0.6850651669813769,0.19129606960118822,0.9037321283681542,0.45492306330706656,1309
1042,8,0.6078882131601706,0.1581115845974921,-0.9986312515544827,1.1731092148895303,1309
1147,8,0.6553183200823752,0.1979303622597606,-2.8966316742350036,0.7373198991176306,1309
1192,8,0.6834539663913146,0.17177800540721244,2.621690460063542,0.601058547741952,1309
1194,8,0.6843497105332028,0.18956300604536247,-3.0865681278189987,1.1565145664334682,1309
1198,8,0.6858012939787069,0.12130436697979634,2.3720583162440025,1.5005058102348285,1309
1203,8,0.68790486811404,0.13707008025771947,2.6154586408739577,1.2850994765676274,1309
1226,8,0.7079857685222075,0.13946393128216217,-3.1322220038958095,1.458542419336264,1309
1234,8,0.7147451147943781,0.08683205904992254,-2.579379498173021,0.33674512835568815,1309
1244,8,0.7214721995333896,0.10568089157905157,2.341679055223296,0.5771581490279646,1309
1259,8,0.7412623871253322,0.16537917467311478,0.707414084187127,0.24185348043359411,1309
1268,8,0.7563271949143215,0.11304654972810542,-2.5853687529068727,1.0508180419668247,1309
1217,9,0.6999856467906026,0.22474612769214122,-0.7286636273603362,1.0549283180402307,1309
1218,9,0.7011468256269576,0.20486805021742316,-1.0499127829381105,1.1609738142825927,1309
1261,9,0.7440458636032732,0.1712689651892168,-1.9197124531157037,0.9061999927933834,1309
1263,9,0.7469843806474964,0.05857446233054434,-1.1236685578111234,1.067159864651692,1309
1264,9,0.7492342147933068,0.1381219872397993,-0.7884661182254457,0.7587473048390188,1309
1265,9,0.7496653449734751,0.047341111593707894,-1.2839022488427367,0.8363961814898532,1309
1270,9,0.7583345220337656,0.10333886473164418,2.7571939448116747,1.2978228058266845,1309
1272,9,0.7673974840250214,0.14496696443272197,-1.4444071539406613,1.200710670609861,1309
1275,9,0.7721216904948449,0.1273210472321887,-1.0130656783108352,0.8645928215782155,1309
1281,9,0.7828472471256834,0.09555957027186902,-0.29766537546596467,1.8714435878971591,1309
1286,9,0.7926937190872972,0.1726174046763136,-0.07564696568848034,0.6885352578237126,1309
1290,9,0.8113616214050182,0.13796943690903402,-2.4173072309733756,1.1997048883084702,1309
1297,9,0.8277327966586401,0.10090752639689678,1.3006771922589233,0.10189514847295292,1309
1282,10,0.7843586417465148,0.19960351219767702,-0.9165199093708218,1.003475348083612,1309
1289,10,0.8096055278102827,0.15060799976125375,-2.3386146681173416,0.7048311989230367,1309
1293,10,0.8203284149778982,0.13674400769959516,-0.7204970531198627,1.300770841088878,1309
1295,10,0.8257080461875722,0.1564375695226874,-0.07444386356816499,0.5409097535701858,1309
1299,10,0.8324311407463696,0.12304743023723823,-0.17148198771203235,1.5742471611094522,1309
1300,10,0.8381592664879948,0.12080640133654358,-0.2066855444919643,0.5666523837973223,1309
1301,10,0.841983367249312,0.0708454938452033,2.2787445459122955,0.4351941257451748,1309
1304,10,0.8604328377219975,0.10184611875461809,1.7178234121222986,0.9178653408830477,1309
1306,10,0.8805205132335507,0.03564822540567821,-1.296151382517037,0.7174897192160873,1309
1307,10,0.8854973840488749,0.1011019329369237,1.4943257676054496,0.6110495166058155,1309
1308,10,0.896109911168018,0.07113687997644128,-2.307267081548528,1.0522409624330376,1309
1309,10,0.921736645723773,0.03427968327192459,-2.7814199103983976,2.342619734007497,1309
1310,11,1.0,0.0,0,0,1309
0,0,0.0,0.0,0,0,1309
1,1,0.09558642738541523,0.068014919170255,-2.8717221967859463,1.7086569233818374,1309
9,2,0.16953081261352942,0.10837092877607503,2.7498535527415364,1.674378795493489,1309
54,3,0.2621479851843074,0.15838655485214834,2.9010392141466044,1.7455894644568923,1309
154,4,0.34491775493222887,0.18117741667008777,2.768693902925993,2.139700439779536,1309
157,4,0.3471937733830539,0.21121574715811486,2.897668331200766,2.0270074257106114,1309
405,5,0.4483959109494291,0.1790515687003615,2.7447742116188376,2.4045077932101684,1309
795,6,0.5296039694121497,0.16610125176363144,2.8833667424686165,2.746905227461014,1309
989,7,0.588398686760425,0.16688344144906636,2.6536201551348286,2.6879772961371846,1309
992,7,0.5887804882637205,0.18180073460533305,2.517901223319658,2.579523493888297,1309
1218,8,0.6933211567604985,0.09739598713507767,1.9437135756447463,2.5614075878742155,1309
1275,9,0.7556523475269119,0.09234283680468401,2.4576712507406127,2.4721670679772827,1309
1301,10,0.8239750921133421,0.046088020204664314,1.6055682781104899,2.042432762179652,1309
1308,11,0.9280493368292428,0.04292548364166435,-0.3370204656306386,1.100561444902191,1309
1309,11,0.9281000361530377,0.05762191351527957,-1.516388560292746,1.1592605340937145,1309
1310,12,1.0,0.0,0,0,1309
0,0,0.0,0.0,0,0,1309
3,1,0.13231847507736438,0.13061435344435243,0.7525335700769122,1.5975867399595658,1309
4,1,0.14587691223903632,0.06806689114613577,-2.530813209048502,2.3679634636189593,1309
9,2,0.18766028290748082,0.16433714987164014,0.6118491975373455,1.5780481964506592,1309
11,2,0.19258052335831155,0.029316181904473104,-1.8580424155515465,2.5723757447103566,1309
13,2,0.20092913683523905,0.09000739402216786,-2.543093178118254,2.220483145140012,1309
41,3,0.2625741857462024,0.062175786454694175,-1.544701014937158,2.4809842611801796,1309
72,3,0.2993804205529901,0.13100862162876398,0.7186273893506828,0.9064766997281092,1309
97,4,0.3195912011955213,0.08823543833374763,-2.338571235841656,2.3662403171950865,1309
168,4,0.3607509500648156,0.13897487492522137,0.813770909841635,0.9678195097861945,1309
193,5,0.36893324089367885,0.07560073330226047,-3.025093772324997,2.7920100768600817,1309
252,5,0.3952819821070689,0.12749082614526294,0.8274266585784443,0.7340872844273573,1309
280,5,0.40799190128139406,0.09441184297305137,-2.0277084042801525,2.1709182347429676,1309
378,6,0.4393969001620105,0.1247632986635273,-1.8668238202829692,2.6380884165129266,1309
421,6,0.45155550904179387,0.07691640849802778,-2.4963854597481556,2.1713213354735554,1309
607,6,0.49528588112565086,0.18154423939903735,0.33621077409994227,0.7872795438928071,1309
767,7,0.5250762665701285,0.06353247995140154,-2.6369515809170436,1.9650262644581484,1309
842,7,0.5421744468452832,0.08976632530722845,-1.721484186425,2.800987233966622,1309
1015,7,0.5950879204720003,0.1628513735219334,0.13485891445980355,0.6080924209448325,1309
980,8,0.5840868498366221,0.07937409273927079,-2.646233352261299,1.1545742733175601,1309
1076,8,0.6147277570490045,0.07389415435672146,2.4075591748922944,1.4686013145827563,1309
1122,8,0.6362246420500347,0.16679722482596407,-0.14006864280115727,0.6506530198350864,1309
1161,8,0.652480622964763,0.029258494635780962,-0.14884326543258322,1.1134044489466421,1309
1256,9,0.7241684486579228,0.1234223000720329,-0.022820853674471234,1.1067129820279384,1309
1258,9,0.7264497910794899,0.06912545835747064,1.0242410208427863,0.39446591842568346,1309
1290,10,0.7991224252869601,0.09405545882965136,0.5535400642393629,0.486217706854418,1309
1291,10,0.7995053360386034,0.07998225646098114,-0.7390915751404675,1.0012401135027185,1309
1307,11,0.881313602685501,0.022828999510638916,-0.19122760397216867,0.6650643695295855,1309
1309,12,0.9267963915541747,0.055423550010888424,1.070531016634056,0.7752224810911504,1309
1310,13,1.0,0.0,0,0,1309
0,0,0.0,0.0,0,0,1309
1,1,0.03602945421043391,0.03399641951045137,-0.19340243668748638,2.3477312398135655,1309
7,2,0.18421689779309003,0.09674104752313027,2.3700954392620983,0.6478366545023275,1309
38,3,0.26138304033648174,0.08934999385690215,-1.4530297634503109,0.21000212562352769,1309
91,3,0.3160899612700099,0.1815876293238867,-2.9626696776476575,0.6239735554491844,1309
113,4,0.33065911445455454,0.11399438326845898,0.7651418858137647,0.46080461751154805,1309
120,4,0.3373363237449031,0.1750214016232826,-3.0918933847569705,0.5990825349580207,1309
203,4,0.37605624148828487,0.14693207633740893,-0.4053619681719459,0.9218585036536157,1309
212,5,0.37978273042730215,0.16916240919167738,3.0737975267775517,0.6456283604095454,1309
254,5,0.39670469048514345,0.16858164451899704,0.3996726202735561,0.6379165750980765,1309
437,5,0.452206498888327,0.15445739273037484,-1.0374995221967058,0.821754857452069,1309
544,6,0.4805178019961055,0.14712267575969504,-0.16119806762687336,0.9749664764265498,1309
610,6,0.49210332169931925,0.15777339753388928,-0.5586934551119425,0.03712543105096202,1309
709,6,0.5135424446789828,0.1851708643586543,-0.6967751538841171,0.813817984240541,1309
691,7,0.5094952322236638,0.1663881938620431,-0.1745776288365521,0.9667587335369744,1309
919,7,0.5640019576350492,0.16737834022473433,-0.8035610980342772,0.724119422644096,1309
926,7,0.5654740060428785,0.16596344403671573,-0.3757028247326561,0.5579679268204764,1309
928,7,0.5661173480406927,0.15766200677024741,-1.28537942081305,0.389138475856693,1309
1022,8,0.594503405776757,0.22370440033606792,-0.12217943194466498,0.6976253150334006,1309
1092,8,0.6242406390017907,0.1624422071839605,-1.076449042534144,0.7050092125734901,1309
1114,8,0.6340054843841273,0.19752569533325876,-0.41589039068838185,0.5653828618110435,1309
1131,8,0.6393369452381366,0.13280498299468127,-0.5673801576944556,1.0914442439886074,1309
1230,9,0.7111597353081588,0.17824511422237999,-0.25283718926199,1.0105564415715829,1309
1231,9,0.712321874215744,0.14651541811262112,-0.40265361289339957,0.8599575016711853,1309
1262,10,0.7478674285851743,0.15621739802182044,-0.23857441912603394,1.0068882634464074,1309
1308,11,0.8850154376777392,0.053637115967945785,-1.0100877778927337,1.6998310548211644,1309
1310,12,1.0,0.0,0,0,1309
0,0,0.0,0.0,0,0,1309
1,1,0.1117327335654984,0.05863212750469222,-1.1836683065590523,1.8804577773941182,1309
2,1,0.11274568549758035,0.07899096054551906,-1.2436533732660182,1.1363807461469702,1309
3,1,0.13738162277899513,0.12311403734254693,-1.3062510578864868,0.5908981831920045,1309
4,1,0.13873486571419513,0.0739072292153372,-2.4541026737572382,0.7993480218976963,1309
19,2,0.2015479326264541,0.16286736728906254,-1.3412135093152404,0.8987635959160891,1309
23,2,0.2082633591758395,0.07969780400083917,-0.7606701929945111,1.3190208238536352,1309
29,2,0.22081828181771535,0.14693709523834675,-1.858318543802938,1.4910439618502327,1309
30,2,0.22100731815568075,0.050415348930769543,-0.277578751848856,0.5957997340338965,1309
36,2,0.23646205519144403,0.09452904121097717,-1.916608789755319,2.0682324424166683,1309
60,3,0.28487688239438513,0.0729552798130922,-0.9231963433724681,0.3361358686946932,1309
78,3,0.2947106786483774,0.0807600592012561,-2.040753230415345,2.5900544010886044,1309
79,3,0.29488821178678215,0.17931321993393554,-2.1154731254228225,1.3748663430716535,1309
153,3,0.34132062527730256,0.14157169848066362,-1.3290340757280448,0.12409228825788413,1309
138,4,0.33268563415746577,0.1965135340688142,-2.0572392408282427,1.446711023888609,1309
227,4,0.381268926620826,0.13479171510642526,-2.3099149896210935,0.2532270273093633,1309
246,4,0.3904950688787533,0.06575326852528518,2.0464982490738897,2.2188649413116512,1309
236,5,0.3841421171988766,0.22676645763677622,-2.1239020231210533,1.5587687619032242,1309
312,5,0.41588643426205363,0.07798205421374983,1.9207413031605425,2.1595303418172263,1309
438,5,0.4544203416224061,0.10731358471760188,-1.2775341190982423,0.1480009858101927,1309
387,6,0.43815307934430925,0.253393436509107,-2.0234113832437566,1.632696510375805,1309
485,6,0.4632201395940896,0.22017071599906896,-1.919944195410895,1.3316963518625753,1309
804,6,0.5274046219236972,0.071575875789621,2.778546653728669,2.5181904349946085,1309
827,6,0.5316853893061889,0.13530262354225242,-0.975828071166007,0.22751716457779741,1309
852,7,0.5376254716154889,0.22482343250048772,-2.1908405594196916,1.7380353067700336,1309
987,7,0.573920260606672,0.07237322902976144,2.1410354732584276,2.61957341437304,1309
1104,7,0.6204498930046626,0.19673085408392713,-2.114959529894693,0.7410060318943139,1309
1105,7,0.6205783052241167,0.11484818839292248,-1.38806239861285,0.485715990876365,1309
1098,8,0.617929180770739,0.2348325455398379,-1.8944133514820198,1.7980966055348346,1309
1168,8,0.6484592598513026,0.09195854510280209,1.656717382995321,1.8293726100133672,1309
1194,8,0.6701819612485338,0.18808353283280532,-2.095565637685951,0.5922826190487369,1309
1216,8,0.685887432662464,0.191287259829353,-2.2223297181803345,0.4339280534202435,1309
1230,8,0.6995881773999668,0.16631019960127336,-0.7701678332178753,0.713155835281995,1309
1232,8,0.701808644261461,0.07558623679314189,2.200333298124816,1.301004361124453,1309
1253,9,0.7253103877398123,0.07155639468341136,0.9018322291421259,1.4060312050513355,1309
1280,9,0.7661541502956856,0.12395393801203577,-2.4639545414233517,0.6365206910572782,1309
1282,9,0.7690921732504008,0.07713396656458224,1.5225218532523668,1.0003212823810192,1309
1293,9,0.8009991462487008,0.08581510320858507,-1.3644841114865491,1.714230958488694,1309
1295,9,0.8054553851829795,0.1213579549501773,-0.33555479859431464,0.8594607763805208,1309
1294,10,0.8050838127604734,0.15385826520792878,-2.549935505692057,0.5161521057505644,1309
1299,10,0.8119438098556507,0.1138222456223336,0.7390729214098676,1.5082642402041153,1309
1303,10,0.8221867234011374,0.13735142518076995,-2.2174248159004724,0.3377206672858059,1309
1304,10,0.8274028494575423,0.08853482963762807,0.4926676461331883,2.0624259387154456,1309
1305,10,0.8295867065970476,0.12687337086070696,0.09249056125073105,0.9028733002009176,1309
1307,10,0.8502585321490895,0.0609031363683906,0.3779179296343248,0.6740025344245403,1309
1308,10,0.8678465905291826,0.07212810436369982,-1.5117530678321693,2.6972518796075478,1309
1309,10,0.8896143906293313,0.09269922361364537,-0.4010790947531946,1.3144240489422585,1309
1310,11,1.0,0.0,0,0,1309
0,0,0.0,0.0,0,0,1309
1,1,0.10900117333031623,0.06922385156659949,-2.477111011848538,1.079275971986454,1309
2,1,0.1280732228397785,0.11410414448954356,2.2976065030637507,1.3044720380984525,1309
6,1,0.15419760484210632,0.14859403211942424,2.929132097167423,2.3199729811142475,1309
8,1,0.16494852607259736,0.16191782918862993,1.9598928580797754,1.39803827746293,1309
9,1,0.17110817479947726,0.09308519297108508,1.910783345887817,1.8457649001941236,1309
11,2,0.19156388069319497,0.06895238459129048,-2.6856661438430627,0.36363433006186324,1309
15,2,0.20509365535162472,0.10671694388025667,-3.0238254316994606,1.1710193940459868,1309
17,2,0.21719978969710563,0.15815068564651122,3.1269870759857654,1.0219279893347097,1309
50,2,0.2728704268393676,0.14842269665733335,2.361683789707294,1.3655067287243592,1309
51,2,0.2771075065291315,0.17653826054129915,2.6983971812657592,1.8005792843970554,1309
85,2,0.31649952799953396,0.17913396269351942,2.5552498239858865,1.5013060348431784,1309
49,3,0.2726930844155383,0.05987377406990736,-0.592926889851487,0.4977085096004778,1309
138,3,0.34406277180012435,0.17771783788829157,2.647107825611466,1.4822951360305203,1309
162,4,0.35462691403062707,0.09990897409876091,0.2783595473831489,1.2437354117407045,1309
293,4,0.40699304686944493,0.11571683200474953,-1.3311907931964966,1.3817048789310447,1309
346,4,0.4242687900247899,0.20756562729188754,2.4527373348364687,1.5637340328247087,1309
437,5,0.45272061741132685,0.15865534446231444,0.48139149971593787,0.9751794819192495,1309
441,5,0.4545412108790773,0.15215831914013542,-1.422683388246389,1.4461775788981341,1309
546,5,0.4801110748538583,0.14513566112158732,1.095768970916039,1.620110318607982,1309
619,5,0.493690730862853,0.26439044316723187,2.4522645392247715,1.451455480714024,1309
649,6,0.49844936332242107,0.1543829083444171,-1.578161894295641,1.3843734968907258,1309
703,6,0.507057986269555,0.1359336338417803,-1.5720185943268348,1.7493409353496925,1309
737,6,0.5162712580188601,0.26867562915465737,2.51660542029899,1.4038681164905416,1309
775,6,0.5261164653331023,0.1528375366538754,1.1143195728949973,1.8265572243819668,1309
777,6,0.5263720554118586,0.2022457782966865,-1.6219420706654206,1.450621753103689,1309
783,6,0.5274534000333267,0.137073335110495,0.46704634591348576,0.9806819700456977,1309
843,6,0.542557830225605,0.1721977350659431,-1.5247717204025004,1.7017001995070045,1309
978,7,0.579785839961693,0.15456630930283938,0.6463588485279856,0.7244718324733115,1309
1043,7,0.6019922011005838,0.10551712534159771,-1.2949697576104133,1.8965794925357067,1309
1063,7,0.6074619269269909,0.16849476453679055,-1.6501993152724435,1.5003593527134889,1309
1074,7,0.6127339553769655,0.19158798024091653,0.7955942784947019,1.508081813643445,1309
1080,7,0.6148114390292161,0.13925313686849355,0.7947345872243841,1.3210913172465604,1309
1116,7,0.6314487045756746,0.08799244058581286,-2.3788371607789616,1.5960110292658767,1309
1117,7,0.6326522835744348,0.06553737832109406,1.3939388486499171,1.1858260915675145,1309
1174,7,0.6657253217177814,0.1684269923870666,2.2601793233750334,1.858300276439103,1309
1145,8,0.649507948923949,0.09096097558522433,-2.437400948788946,1.765430985058293,1309
1162,8,0.6613027639930749,0.13976067529737765,0.8184363581556968,1.0867316988285132,1309
1201,8,0.6860139666511886,0.21812174544068233,0.6214022091141514,1.3180482198162233,1309
1213,8,0.6916502468104874,0.07963781864602229,1.680486742636232,1.8542838660791028,1309
1215,8,0.6947153335765563,0.18919175645854058,0.7409553646088151,1.2832552014580298,1309
1227,8,0.7069733104689604,0.1448750750798033,2.2309589720232883,1.8933941396474585,1309
1228,8,0.7073054867140222,0.0470112577088611,2.1712739585898904,0.2721160789213384,1309
1246,8,0.7271251899430379,0.09733286274777703,-0.1791304115182011,2.0012251437929796,1309
1267,8,0.7470026421183457,0.11309737371172629,-0.7306450717077794,1.4512860339919842,1309
1275,9,0.7573450177192934,0.1672241323296497,0.754006862074162,1.3126847777794015,1309
1281,9,0.7739250829500927,0.09822517979367422,-1.3639565899860593,1.1918889670086148,1309
1285,9,0.7881179546307736,0.1244776533419719,2.3277921246922046,1.7291695020530415,1309
1286,9,0.7895715090258055,0.13544463903665255,-0.1148545171608295,2.012076987730233,1309
1293,9,0.8087700815168275,0.036431073436526566,-0.9489685050413885,1.859255596144178,1309
1294,9,0.8119110812570463,0.06790654630078692,-0.695601988223871,1.6371880408722064,1309
1304,10,0.8646555840590175,0.10528402141176543,-1.3130731384766303,1.5045482837394375,1309
1307,10,0.9142169708499072,0.054564482837201916,1.7426560785336362,1.49373474356219,1309
1308,10,0.9261129878954487,0.015375257042835896,-0.1155545452766602,1.7871801889532497,1309
1309,10,0.9377407638439884,0.030427068581233136,-2.8367359375029166,0.6063865244076488,1309
1310,11,1.0,0.0,0,0,1309
0,0,0.0,0.0,0,0,1309
1,1,0.10591890674380633,0.08351662901339349,1.0786710007644236,0.5636509819775007,1309
2,1,0.11507733847433754,0.09108371667299907,1.394221924290791,0.9460123597433368,1309
3,1,0.13984615679127377,0.13217358320828537,2.583661559389898,0.77691149296632,1309
9,2,0.1755718198507915,0.11372182074935984,1.0178224308605814,0.4978727158465879,1309
18,2,0.20995291767645785,0.09829728668576959,3.099917906689264,0.6896061143757898,1309
23,2,0.22432010372873945,0.09669771215304712,0.8475221723989865,1.5599635365046969,1309
30,2,0.23436671475320892,0.16400439508099982,-0.6326473946108978,0.2190488056221228,1309
42,3,0.25855483544527247,0.09538515102565587,1.9946599955602056,0.4220485981855109,1309
55,3,0.2742004208308392,0.10866032313206647,0.516771905391178,0.4113020276131523,1309
62,3,0.28020997097557365,0.11614692108216775,1.05709243269185,0.18166760924069106,1309
79,3,0.2908871073284407,0.11044307981490005,-0.1996935410138535,0.3711456523148427,1309
103,3,0.3091919772995543,0.1265272552669064,-2.189895319896594,0.27857947227517443,1309
104,3,0.3095192145712341,0.044893439972910794,0.7048416450496076,1.9561502514147866,1309
200,4,0.3709801960177911,0.10774032797611978,-1.9692066363808702,0.7237361387495517,1309
220,4,0.37831670746389534,0.10152446663151596,-0.31780550736593033,0.6194737082656905,1309
221,4,0.37842872539221584,0.043160116625843,0.6571907844269436,0.7198889206420941,1309
296,5,0.41270057631706636,0.09265316735158113,-1.63355347716806,0.44021182515079665,1309
581,5,0.484144722117414,0.1297305211941158,0.3724454425102675,1.1817082009972975,1309
456,6,0.458756811340711,0.10087080719073803,-1.303933223351996,0.7894151263861319,1309
852,6,0.5429762790561131,0.1456930684580709,0.5510187989024925,1.3524482486010665,1309
714,7,0.5109587168778175,0.10904365996936005,-1.1723054350356599,0.30944458578149414,1309
896,7,0.5573195966625865,0.17069764345873814,-1.011370279759806,0.38113016984534465,1309
898,7,0.5580852585191974,0.11185454424226883,0.02582534194886067,0.8886916672230356,1309
1083,7,0.6259812146487496,0.21850524344888297,0.37063888392398187,1.3915998751404361,1309
1076,8,0.6233191519240572,0.08168040682882169,-1.5927180567148014,0.35712845524333714,1309
1109,8,0.6412704898731149,0.16779570085543147,2.105657413918138,0.4761364547654722,1309
1137,8,0.6508423130067843,0.19436867099208915,-0.8792411388516271,0.4769997339841031,1309
1150,8,0.6584383604520487,0.11765876455284101,-0.44814495925887565,1.4610627823059383,1309
1179,8,0.6760661443376033,0.09937412230524384,-1.2952436475574154,1.218128423780056,1309
1186,8,0.6807845917298294,0.18795845521963103,0.470232160169304,1.5457909725203607,1309
1208,8,0.6936333895958977,0.16944222940332912,-0.18443476372933595,0.9334629738050013,1309
1205,9,0.6923618332499848,0.15421420701939162,1.709243641296528,0.3255226417392489,1309
1235,9,0.7196027718618727,0.09215890970076154,-2.99348439694036,0.468369980525688,1309
1236,9,0.7205156139195144,0.13846984550930183,-0.0012629988183482125,1.5626980950977434,1309
1240,9,0.7281676072449348,0.15563226118474424,-0.23758558452723016,1.0633490084710424,1309
1250,9,0.7408002869657613,0.0909082529165556,-1.6210446094921092,1.6147904963136193,1309
1252,9,0.7433905952732317,0.1624293628578087,0.2533021345287683,1.5254090621184608,1309
1255,9,0.7462742688978516,0.06321022598484859,-2.8788503710148867,0.63657227884685,1309
1257,9,0.7481965164433426,0.06485379325038133,1.16408451889984,1.5765353336373427,1309
1266,9,0.7588197198349025,0.08252844750074691,1.9731509488085115,0.3632208915640045,1309
1280,9,0.7754078234749797,0.12288399321372434,0.22490746742134254,0.5790608900005204,1309
1268,10,0.7592160316828744,0.1320062853253551,1.9651622681448933,0.691260267368203,1309
1294,10,0.7899448849735398,0.07764484510131678,-2.5179888853611496,0.6054585230131921,1309
1295,10,0.7934474469543276,0.11770295183516896,-0.1295717594670783,1.5989546267978818,1309
1296,10,0.793980623233647,0.1458253048598822,0.1780571953744327,1.9793413078543358,1309
1301,10,0.8062984562769365,0.11372551183600046,-1.1718778536026362,1.2262537547187171,1309
1306,10,0.857583272287783,0.08958972698763647,0.5179099818316132,1.1381196006219765,1309
1307,11,0.9005661224104597,0.02843430829530796,2.6679905122086605,1.3621364353564303,1309
1308,11,0.9153936971228884,0.05631858436451785,-2.1275753546321075,1.4515545461637578,1309
1309,11,0.916394146157759,0.06489848021037802,0.601634927064565,1.6813348309923297,1309
1310,12,1.0,0.0,0,0,1309
0,0,0.0,0.0,0,0,1309
1,1,0.06191541977750714,0.04010776609632397,-0.19504100302224617,0.580983514165504,1309
5,1,0.10307571431508422,0.0791679626253642,0.34641828069160796,0.5235358740211058,1309
15,2,0.16273802463430986,0.09770879365136159,0.9683239520745608,0.7641682205627963,1309
40,3,0.24020951384200306,0.15692114477612007,1.15305706810927,0.8228448183466676,1309
133,4,0.33164654480274314,0.1538153265310648,1.2561286169074983,0.6963647741702033,1309
279,5,0.4063014054323476,0.11445927590313903,0.9726290798984368,1.0214885839109717,1309
344,5,0.42787485360153166,0.1706937717325061,1.8021076968125074,0.5193543295043277,1309
581,6,0.4907649047427729,0.1249645875546478,1.4980606183139273,0.5764296176825164,1309
983,7,0.5854138385929005,0.06624790740036304,2.155586702283778,0.8970118129530573,1309
1104,8,0.6261650055905795,0.05470065319797235,2.5026145803699604,1.2234237761595468,1309
1171,9,0.6651696370637415,0.08512492611525106,2.3482605489393373,1.1324744217714449,1309
1225,9,0.7035539701028337,0.04825893191895702,2.3879997985678387,2.078661031068698,1309
1283,10,0.7677492942226516,0.0874156105233956,2.949176367733902,2.294791322931969,1309
1302,10,0.8108656165209657,0.07350163396764403,-0.3239309098865483,2.786882405489992,1309
1303,11,0.8305380913091053,0.1336871197701361,-2.8805021712729078,2.4649275907552797,1309
1309,11,0.8943010676046326,0.0909845293209554,0.14342807629336543,2.585285139506482,1309
1310,12,1.0,0.0,0,0,1309
0,0,0.0,0.0,0,0,1309
1,1,0.11861332294897886,0.05995692362458246,2.289870397986012,1.146344886484658,1309
2,1,0.12047962068541596,0.10258303072217315,0.4735893618814059,1.2957132361135875,1309
7,1,0.1683759107131968,0.07357729769839878,1.5323765273205987,1.7333881036424854,1309
10,2,0.18979620353491755,0.09726790259546832,0.19669946711832315,1.46181170613185,1309
41,2,0.2513141066086313,0.11304202127379108,1.2385665508954093,2.106596209898761,1309
52,3,0.266865496561821,0.04252106399421742,-0.31429765904317347,0.7865024042307979,1309
73,3,0.29075213234386843,0.11089759629532416,1.4588985199532936,1.98165296662176,1309
116,4,0.33075487123257696,0.02442308295230367,-0.764142601199039,2.3336980039991753,1309
210,4,0.3812687392095194,0.13655604992324538,1.7803823865535395,2.0615856582933025,1309
229,5,0.3875645389264877,0.053824069859569564,-1.3933198617829279,2.2985021708101243,1309
347,5,0.42884981639030206,0.11618965152969812,1.7664619440619467,2.0072094819228408,1309
556,6,0.4811011190205776,0.13448042802606183,1.591459266304304,1.6583834481899906,1309
600,6,0.49165105140423926,0.08359969146506802,1.8121988582389195,1.5083628641399218,1309
714,6,0.511559224738039,0.13267795491670636,-2.191741320315683,2.6225190336153843,1309
732,6,0.5137928751457058,0.11925885407614306,-1.8684813334305186,2.924955143715332,1309
764,6,0.5211385416692285,0.11052237805488578,0.9357036014700274,3.1088080491340797,1309
929,7,0.5614666249827447,0.15473092427216661,-2.3216088146751264,2.6506234623940483,1309
950,7,0.5702490934323602,0.14005863247820016,1.3372593688039915,1.634461447813478,1309
967,7,0.5752933805480359,0.12454805550914715,-2.0294966427981804,2.848073295041435,1309
1041,8,0.5974310364711665,0.1335319137030689,1.4504877542803885,1.5551015361985185,1309
1159,8,0.659570997396915,0.15647488937781281,-1.2680807193465327,2.5352484022105637,1309
1163,8,0.6610990451564859,0.12798048478226856,-2.021740316468423,2.4057606555109614,1309
1195,8,0.6798200794277982,0.11460458822273319,2.413411737302245,2.7693004398305407,1309
1176,9,0.6673708382691039,0.1224319752753266,1.1621184959119908,2.025554218853059,1309
1191,9,0.6782348674925832,0.11901355242351423,1.3887545850122238,1.2211157522352896,1309
1229,9,0.706299371769099,0.10149546847616478,1.7012066188428323,2.1456830581314765,1309
1263,9,0.7465526460067375,0.13195248812467184,-2.335561333387342,2.9661475008126783,1309
1269,9,0.754047928366918,0.028718257957119124,-2.789159179226602,0.9425821953306072,1309
1277,9,0.7605698932214688,0.11230665546016051,0.1984093327881162,2.266174430694699,1309
1268,10,0.7519418971767838,0.07253241163823809,1.8010207580403592,1.1234685042548973,1309
1290,10,0.7955426378132244,0.1321097247656831,2.087169822739323,0.9481094078812309,1309
1291,10,0.7966151140296605,0.11458062382118536,0.43904896565312795,2.2804190171814303,1309
1305,10,0.8694079550051619,0.07405760597087788,-2.63538989945273,2.580853411436198,1309
1306,11,0.8711372191792438,0.12186999389922447,2.8179655164243367,0.8412291150496424,1309
1307,11,0.8887160402243257,0.04426951152388221,-1.7622784837245302,1.1851246755994884,1309
1308,11,0.8976188321105657,0.04045347576235303,-1.0395702140098175,1.9885241972032246,1309
1309,11,0.9239267165572329,0.04133881382888981,-2.9713501231743793,2.553253700086309,1309
1310,12,1.0,0.0,0,0,1309
0,0,0.0,0.0,0,0,1309
1,1,0.05164450572860846,0.019326666046657212,-1.1861768470653982,1.1968900319294162,1309
4,2,0.11730010514818379,0.08280759357374727,-1.544240530251948,1.4086440266837958,1309
26,3,0.21615142406285826,0.08539943410499494,-2.1412654389055135,1.7927531593550379,1309
33,3,0.23269026905994106,0.15886323164267,-1.1088035975448127,1.8631236329738212,1309
71,4,0.27825032982038733,0.15307493083877843,-1.0942392862606327,2.0546236284305888,1309
125,4,0.33207778693835555,0.05118156731940331,2.6858690006578985,2.332597718822001,1309
192,5,0.369678435283879,0.1508791939636773,-0.925484985982252,2.1037654038918103,1309
216,5,0.3792983030224021,0.061710920680579213,2.507385061144344,1.763527450809576,1309
233,5,0.38830139913742534,0.10220743116803688,-1.3314615805649839,1.7308446296900857,1309
289,5,0.4095358459248597,0.08637685932941573,-0.14834782731705623,1.8797195869964163,1309
610,6,0.49294801375501696,0.039758480505562376,-0.2815805392215636,1.828363559045508,1309
833,7,0.5363626094928879,0.03921514927374973,-1.1486203013316865,2.5270793930248776,1309
1082,8,0.6147768423075225,0.04114053952511724,0.07126293339715549,1.3761826801187496,1309
1189,9,0.6655636179095479,0.05690425018263274,0.23920639961506232,0.8013911482437662,1309
1208,10,0.6825694586285507,0.04774204988846705,0.484670351887205,0.6383166870974223,1309
1282,11,0.7952038522877047,0.05777905071554513,-2.048189125294328,1.487137698819277,1309
1300,12,0.8395244025749838,0.0513793144112409,-1.2811532663870708,1.4180108299363239,1309
1309,13,0.8911933896817181,0.08736461415957227,-1.161194258546667,1.9240881663106983,1309
1310,14,1.0,0.0,0,0,1309
0,0,0.0,0.0,0,0,1309
1,1,0.08861933307123049,0.08154365815573693,-2.7141274419501316,1.194106542073938,1309
2,1,0.10593346484546584,0.0789120935539849,-1.5748195386012367,2.206380678860216,1309
8,2,0.1577781044999761,0.03380779890749698,2.460254820655918,0.8163527901576231,1309
13,2,0.17926145133003468,0.11603732057457443,-2.212236333451219,2.0556369018570315,1309
21,3,0.2096549998478482,0.0726606563782703,2.5280267094870332,1.2946163452245152,1309
34,3,0.22943539215926456,0.09568113420340373,-2.019513812734194,2.3322927485991425,1309
41,3,0.24192238566598534,0.11408298315898054,-2.3368337133630255,2.140336988815087,1309
72,4,0.27971004118067344,0.06537342679269263,2.729000300540903,2.155521610205965,1309
121,4,0.32124698099059157,0.10680787632763519,-2.4266913792673743,2.8395536612927033,1309
143,4,0.3391732229406206,0.13424493312373026,1.272942898298085,0.9846257907604893,1309
174,5,0.359136555901445,0.0642093735715048,-2.993983659457501,2.015324418185631,1309
241,5,0.38493460705424676,0.12873496386810948,1.5371585872289086,2.904200822477959,1309
248,5,0.39035102541242184,0.12211687624164076,1.4336072864455318,0.6412349975435404,1309
250,5,0.39150858802964894,0.13703035164875374,-1.178039883941323,2.8442604408043035,1309
405,6,0.4473799977115862,0.11512808559266398,2.506210334610908,1.784440011490368,1309
446,6,0.45702434533143244,0.12401419246768297,-1.9949253942862948,2.5122391702072333,1309
472,6,0.461853676584698,0.1403820756858197,-2.145276430565333,2.675888837550395,1309
492,6,0.4639831908556493,0.12993259498852397,2.9625607169885133,2.90202244669057,1309
643,6,0.495418981663887,0.1878870246393036,0.8279641259722115,0.5984849465389411,1309
645,6,0.49571924122819355,0.17360973722940848,0.9767613349059779,0.9383058554515773,1309
647,7,0.4963954623284622,0.08375649330350685,2.3813434052048996,1.776065736017327,1309
667,7,0.4998260315635399,0.1580282982396251,-1.999013191604997,2.5831866378515254,1309
753,7,0.520420473158742,0.1315088567099396,0.6011787489188845,2.9692920653026915,1309
864,7,0.5461290869734,0.15307363816017985,1.0492520736342053,0.6726153770887657,1309
926,7,0.5633421941424158,0.1601637458210694,-2.6019138852162773,2.3356505680992794,1309
1021,7,0.5886358718204621,0.11861389406221019,1.4628054371578072,0.8852473655220678,1309
996,8,0.5826600213400807,0.07335356476470702,1.4643664244866712,2.6278791889306454,1309
1046,8,0.5993784472286241,0.12476354370663854,0.6507104493107541,2.669849314584314,1309
1075,8,0.6118842458103126,0.03934415314216504,-2.0263769842290213,0.7243341755026411,1309
1104,8,0.6254135275577882,0.0792633278229021,-2.778424003911116,2.5320622122388388,1309
1110,8,0.6278550549248934,0.11857707015086873,-2.3676677154867023,2.2000436174560174,1309
1183,8,0.67593901204907,0.08711700612223695,0.7648226617472539,1.2563880220400083,1309
1144,9,0.6457324604011008,0.156143376187749,1.0040848326196827,2.8008970003775535,1309
1184,9,0.6766884689597565,0.1770828645574253,0.6183032650162056,2.4911234380282146,1309
1207,9,0.6939039776677368,0.07879649601949357,-1.907396128303936,2.5852824633732516,1309
1246,9,0.728195672329974,0.0845046577691106,1.0308640554697663,1.5634279092051575,1309
1251,10,0.7367013605714139,0.07396836811007454,-1.069732586570709,2.464852722059225,1309
1259,10,0.7453320172220607,0.07989921278710742,1.1530532827759044,1.5065048965849817,1309
1286,10,0.7906199033381032,0.07420474885755154,0.6814583311085803,2.4212465399070817,1309
1301,11,0.8452669772536192,0.056097376420236086,0.04944542503856747,2.1774698135691235,1309
1308,12,0.9094426268166814,0.06878632919150429,-0.9580187890013584,1.8440170497637323,1309
1310,13,1.0,0.0,0,0,1309
0,0,0.0,0.0,0,0,1309
2,1,0.1476492078126136,0.14306835203433768,0.32922377630935723,1.5515906614228876,1309
23,2,0.23461710099718225,0.15757961486057082,0.660034799625656,1.1537215193619552,1309
50,3,0.2703006009401737,0.14770042453380294,0.8653199892113268,1.2188674959345782,1309
119,4,0.3366506602467719,0.14905120197152213,0.747202138341533,1.3341103142955966,1309
186,5,0.37239337733896527,0.1368530555080506,0.7000311694949491,1.1312694226124764,1309
405,6,0.44049937402772643,0.13447557218686484,1.016943135269906,1.249969067391682,1309
482,6,0.4609108472755691,0.15890077367644906,0.38730013128161933,1.4986564575637988,1309
819,7,0.5275860619115906,0.08096591814619361,1.2221294097429665,0.9448495598470137,1309
1150,7,0.6505994397648817,0.2580173719899656,0.39739983427339964,2.286736031473651,1309
1041,8,0.5933731540400276,0.10724303486024131,0.5124469543593366,0.7057194516286529,1309
1215,8,0.6946505581789356,0.21628023541612648,0.37393339860276453,2.2675449698997494,1309
1219,9,0.700965313805108,0.07291517833049561,1.1575431469755244,0.5310620094759573,1309
1223,9,0.705836882584226,0.12621296058785247,0.6771360330823832,1.3720685750444106,1309
1229,9,0.7086694903427952,0.12578404100189294,0.8360383559102315,1.3775727551040347,1309
1264,9,0.7475403687973857,0.1684755506902207,0.28903274829090553,2.215721374300137,1309
1275,9,0.7689075564929482,0.11750208524504158,0.013688267846927435,1.7241896797509737,1309
1258,10,0.7414862654491052,0.07550541867758821,0.635142176163593,0.935188525937774,1309
1280,10,0.7755212890547162,0.16087671421914818,0.6944099588052727,1.5230304829996426,1309
1297,10,0.821959059570858,0.1443629668546024,-0.06450451329627939,1.96038542728758,1309
1300,11,0.8301996009385455,0.11074627259319786,0.91660696026277,0.401897935863011,1309
1305,11,0.8436259451754746,0.05466657210922131,1.7363913377267284,2.2270851748618403,1309
1306,11,0.8587926444946034,0.13643521692210497,0.22861106232184175,0.25233049640557226,1309
1308,11,0.8821097465032239,0.10963871304747358,0.23116585819630792,2.3023782685100613,1309
1309,11,0.8930483015483736,0.09829741316990746,0.14701944044563534,1.7410441253536417,1309
1310,12,1.0,0.0,0,0,1309
0,0,0.0,0.0,0,0,1309
1,1,0.09517726508478819,0.015689749318703195,-2.6440545745261685,1.2127511239005475,1309
2,1,0.1105663914281606,0.09756577974752134,-0.8051224654601479,1.4415900409644962,1309
3,1,0.13147551382122669,0.1135375750427592,-3.1319719736471265,1.578814224931963,1309
4,1,0.13393649613308634,0.12297715839158349,-2.1203460471509765,1.5137998541114832,1309
5,1,0.13623559616956993,0.13352043035830483,1.7380534524313214,2.239966396095014,1309
6,1,0.15062712972099868,0.1497851624588604,0.4897494457864244,2.4581384103154744,1309
7,1,0.15657978554501673,0.15299018335101236,-2.7211261053455758,2.5025934973231716,1309
8,1,0.15757817221043313,0.14792502344834602,-1.2011941988937767,1.8766269352435674,1309
9,1,0.1620557465683652,0.12662751181087215,-0.12152417058519943,2.0534831028513496,1309
11,1,0.16331063019108027,0.13846714883276734,-1.3100585904937656,0.8782261702651025,1309
12,1,0.16633405197289708,0.11556619735766642,1.6448082707799678,0.5608454467119113,1309
20,2,0.1961889468184621,0.12222906721863135,0.026674342342495348,1.9823074625002988,1309
22,2,0.21273117673862518,0.16635643983914458,-3.0576373487485085,1.6721526901152228,1309
23,2,0.2176812905574549,0.12387569872768356,-1.2902256060823958,0.6954715604465131,1309
24,2,0.21921524161108874,0.08241986811422823,2.6345420364631735,0.16280862022926973,1309
25,2,0.21971612698104803,0.07426751949390312,-0.9803710347659471,2.868531091135628,1309
38,2,0.24281052286940996,0.16601942341837864,-2.811414735081017,1.83213993240355,1309
39,2,0.24351966332404507,0.16589810004849476,2.242113069575005,0.6617480881699975,1309
42,2,0.24691067126186006,0.1707153636752477,1.2000319172434704,2.943293701245681,1309
43,2,0.2475455440935248,0.08385756070056855,0.5562158353353921,2.6670863730880665,1309
44,2,0.24781742197487178,0.2243979537281964,-2.8948619009264744,2.4666476574831617,1309
62,2,0.2741329173060807,0.22244787179518383,-1.5702956716319336,1.5383405848389335,1309
65,3,0.2789328030002203,0.057441088107888914,0.861798905129446,2.719415407648117,1309
70,3,0.2841280873460609,0.11912468506358442,-0.18505302434178436,2.6527212592762353,1309
72,3,0.28751671905204523,0.1829150932883351,2.4637673984749675,0.7576727409748159,1309
77,3,0.2908917489251016,0.15752063538728248,-0.5550802715495237,0.638231373803667,1309
78,3,0.2917874168100181,0.16856767178579432,1.3052786466579018,2.9064011261886686,1309
91,3,0.3017399808882102,0.21453984003379364,-0.21118426309437144,2.193136765529562,1309
99,3,0.30798754080085955,0.12941043372780694,-2.770261518593671,1.2444063925598388,1309
106,3,0.3128248968747098,0.06356753392601239,-1.0609793056356505,1.1032657441519274,1309
115,3,0.31760565216256387,0.1505529994335236,2.6410437379749587,3.0793118553119045,1309
200,3,0.36159420553278476,0.1409462893938947,-2.5192297682138993,2.2926648939311876,1309
212,3,0.3684565185431652,0.15506692439317693,-1.2803331529337947,2.2198053672503693,1309
217,3,0.3718846349485516,0.26666111629089434,-1.710022320653568,1.5672975149903212,1309
254,3,0.38575232812587523,0.24051185458194269,-1.7359107455378886,1.607048473234211,1309
157,4,0.3423953620978588,0.24764755062804994,-0.28069394919150076,2.1158903287255924,1309
190,4,0.3575818792900022,0.20071991190689328,2.599655010591776,2.9094435407435446,1309
204,4,0.3624953644874751,0.03982448722079204,2.747057656466801,2.31503202813208,1309
225,4,0.3752255401698483,0.1374862118550833,2.8243337441354988,0.5560890361279374,1309
230,4,0.3773536349394573,0.09875341668522067,-0.8584864529414572,1.4076898683166197,1309
255,4,0.38625828261748696,0.11887681833257907,-0.04378111278674516,1.1385237628150044,1309
293,4,0.4024668188368905,0.12593026059786983,-2.6458989079468083,2.1611856907719176,1309
300,4,0.40390197603929723,0.2478422325933397,-1.7607445869754685,1.5541478647493656,1309
318,4,0.41047663756108355,0.14957694628452636,-2.8020215834564834,1.9689657297723575,1309
379,4,0.42838153517536104,0.20100951049671,-2.863121264229343,0.8363340040540754,1309
406,4,0.43362532584385594,0.13589186096842723,-1.5479432348169426,2.6789533977169384,1309
415,4,0.43564659593760013,0.1518416236628842,-2.912329083779086,1.0135935347568255,1309
516,4,0.46104993540513806,0.20745553281601067,-1.8164143743523014,2.239824470982508,1309
344,5,0.41739099458160667,0.22443695101935351,-0.5777238572804252,2.0158215476017256,1309
451,5,0.44297486254938,0.13257282912523577,2.6747915557261694,0.5043702968659661,1309
453,5,0.44404833765396245,0.11901583923892811,-1.210891936544081,1.5352842209056436,1309
473,5,0.4504967033414192,0.14522713929273742,2.4298137445615864,0.5494772724882346,1309
487,5,0.45411227157288425,0.04713349572250135,0.46191739934310555,1.2195509800410171,1309
507,5,0.4576324218100559,0.1583994330593027,-0.8727841828516993,1.8179745752811542,1309
520,5,0.4615211242614897,0.1153253491157053,-0.42395858509033946,1.439585406353647,1309
522,5,0.4616237854575138,0.13631177532767133,-1.3638057649407465,2.762654473973358,1309
615,5,0.480701352033159,0.08101346025853921,-0.042364410342323015,1.7139306942846375,1309
630,5,0.48428074827479184,0.12643683157908944,-2.7729748413268482,1.8342450797358245,1309
693,5,0.49603690740418416,0.21538362714682785,-2.4716312512345415,2.477849560522053,1309
704,5,0.4975845261544123,0.09927193518464413,-1.3923421106855058,0.5018668599432256,1309
724,5,0.5016488253621846,0.06965832478956835,-2.2865416200166733,1.0428019697414381,1309
822,5,0.5300680237030886,0.1706180229772473,-2.447758532731568,1.126615147768967,1309
828,5,0.5314730665601785,0.14338752235799346,-2.115264176198061,1.403393082876593,1309
900,5,0.5487703157258828,0.17012717622681656,-1.9340627328621187,2.261052884383496,1309
839,6,0.5346197278610193,0.14788460595050015,-0.7483616964816276,1.6338839649402768,1309
870,6,0.5438108839759204,0.18405634193179002,-1.6278525474041932,1.4768774101915796,1309
872,6,0.5441284783979533,0.23958635448870347,-0.6973004292793537,1.8068863132668627,1309
921,6,0.5545571357490939,0.16698708317147254,2.4247800969701996,0.7563035504486879,1309
952,6,0.5644115638616896,0.14647820482555415,0.300570319263266,1.7186574309782081,1309
971,6,0.5700406693755504,0.13501511115222875,-2.840284486917614,1.7173767845937569,1309
981,6,0.5720372715180654,0.13551390752951592,-2.0880299231545063,0.8183303168340389,1309
996,6,0.5741544131477058,0.1494428201516677,-1.6358038995246897,0.9351023124699738,1309
1043,6,0.5928454840113966,0.15913555298915177,-2.1392520544646736,2.175221503869966,1309
1087,6,0.6163967425889828,0.14923119831858278,-2.096204733382242,1.1772642201017471,1309
1041,7,0.5922087089139892,0.11379487848888521,-0.9034865822775384,1.7939816323039055,1309
1073,7,0.6040227024131897,0.12508079895974042,-0.9324715092125503,1.7447656868062287,1309
1091,7,0.6171937321163645,0.17659304534526765,-0.7479053530208989,1.77709290745022,1309
1101,7,0.6242764586386625,0.1103933361023581,2.322777646430858,0.6980315777702293,1309
1149,7,0.6434906828864777,0.14953694239176402,2.2504365339085157,0.9604361189625635,1309
1170,7,0.655714722714743,0.07837640162310558,-0.07823270193729465,2.0811956234719315,1309
1177,7,0.6592274728668879,0.16224877689224812,-2.281573771937401,1.6516884564147225,1309
1252,7,0.721923443555406,0.12022480267553799,-2.015112055192925,1.3768122128069094,1309
1205,8,0.6836542981113164,0.12288253485424927,2.1058135715678437,0.9058993491155706,1309
1220,8,0.6961233925911889,0.1812654299304278,-0.5810949892900956,1.42466848773998,1309
1231,8,0.7038191573087282,0.14898714359000836,-2.284826751995912,1.576712158829719,1309
1240,8,0.7145634237256587,0.12603053024560193,-1.7233681289562994,1.8884476189695518,1309
1296,8,0.7891463517331448,0.06151120410314185,-2.195444380370529,1.1690887198653803,1309
1277,9,0.7577098790293358,0.1883041417805333,-0.7566781125876638,1.2112827523147012,1309
1295,9,0.7883942497349595,0.15383118416421923,-2.538115406087769,1.3861217101641081,1309
1303,9,0.813196491757574,0.134180063081418,1.6423130381075781,1.2773786360592017,1309
1305,9,0.8235590612869511,0.06536209663925698,-2.4014029451613754,1.3451523796504705,1309
1302,10,0.8116311772831706,0.16728166946198175,-0.5001975210925814,1.0592474824845395,1309
1306,10,0.8316235580849843,0.14349786134717507,-2.5787387222952765,1.6003676878785387,1309
1307,10,0.8334340551025164,0.12981914994544208,-2.782926942525155,1.3149588050559191,1309
1308,10,0.8787289210140974,0.12046546803089128,1.5711188921331232,0.9891216598916678,1309
1309,10,0.898375231111303,0.04622968165149773,-2.9670585296778613,1.277350540742669,1309
1310,11,1.0,0.0,0,0,1309
0,0,0.0,0.0,0,0,1309
1,1,0.08687703946256176,0.07451890395389574,2.5396260633272063,2.2201446543847903,1309
2,1,0.1021883175751015,0.08498938991668652,2.1314609641297606,0.2984463192999131,1309
3,1,0.11378979067604167,0.07182272209393384,1.6408565500858723,1.844375231118389,1309
5,1,0.13192068190638584,0.09711361346928143,2.6335351921616104,1.1743947198450997,1309
11,2,0.168669504279522,0.0544485449786407,-2.6241043603960477,0.5025534512730458,1309
25,2,0.2235436252648897,0.15398831089438123,1.8075030398082705,1.7324683373437495,1309
29,2,0.23663787642762968,0.14392826824407673,3.004500275421338,1.5592070556484379,1309
77,2,0.2980602220866553,0.2594908837935555,1.5914114608035113,0.5498546833565967,1309
60,3,0.28326862525734275,0.06965329192031096,1.9286707865793271,2.187094280487406,1309
72,3,0.29424834148832824,0.10314530923945787,2.8882504011839982,1.6666785679458047,1309
73,3,0.29686699083029555,0.14667362512478282,1.6305798906652382,2.028816566934682,1309
83,3,0.3023080317139696,0.14181705995855703,2.4510050470211153,1.1378819307499437,1309
97,3,0.3124394075210871,0.14362043566977206,2.699942758945391,1.1970109423290194,1309
203,3,0.37710169040959973,0.2523178758227247,2.148059970016526,0.4561535877816466,1309
258,4,0.39953663523132665,0.1764451589109579,2.4484777830372635,0.9083722742303829,1309
321,4,0.42260324658736215,0.17535786822453095,2.120504838904705,1.4637963210497034,1309
525,4,0.47348178166392396,0.25973266757471,2.63010856975597,0.6634021703341897,1309
492,5,0.46577134626832906,0.22838392725895543,2.44341158789369,0.943265649289848,1309
543,5,0.47664715068827535,0.20093659346319773,2.404150442652725,1.1316798887010877,1309
616,5,0.4905623330566259,0.1768807168098519,2.035368497619625,1.1463518156828352,1309
667,5,0.5001523108476927,0.2511625564647639,2.493928556380599,0.6853394755233285,1309
890,6,0.5538210233764383,0.27051932907068377,2.4327340807424616,0.9074055405181519,1309
983,6,0.5805282072873592,0.18427272229173994,2.2287899476741835,0.7680410758315586,1309
1133,7,0.6361666761864277,0.20454508083547146,2.308827497899963,0.9715067990048957,1309
1204,8,0.684640548718282,0.1886128839925127,2.5605442503024283,1.0649052422162213,1309
1250,9,0.7341236215140171,0.20061789243157901,2.7172907569017304,0.9288392833240611,1309
1293,10,0.7966079334319478,0.16346653880171552,2.9256922119990163,0.801815645892705,1309
1301,11,0.8603744870170353,0.13598209948477916,2.54845681884082,0.9136445497376144,1309
1310,12,1.0,0.0,0,0,1309
0,0,0.0,0.0,0,0,1309
1,1,0.1317203910607836,0.09286685669590895,2.723047605159287,0.5547380253642054,1309
7,2,0.16646068281856718,0.0846505202299264,2.4966500450509694,0.6374619681127063,1309
28,3,0.2369314251050677,0.10534237508236226,-2.9818933317935072,0.7169313410638614,1309
106,4,0.33296100211657564,0.1255146388720501,-2.7642914172751643,0.2782959094153282,1309
167,5,0.36900838988437634,0.129153832354517,-3.095342283190429,0.49032749648927915,1309
456,6,0.4610222708826228,0.06436078057094592,-2.6541383984580045,0.8544797034076006,1309
554,6,0.4803486439890706,0.20344516715453415,-2.8917305386081797,0.8286019101027218,1309
557,6,0.48105458277362223,0.11312258064780191,-1.6883619040842066,0.4637603631112887,1309
570,6,0.4841644841632313,0.19391370504868546,-2.7224638299086084,0.9273488886383132,1309
812,7,0.5334788224106792,0.1037355602693894,-1.8654782368356082,0.2797436011236919,1309
836,7,0.5389049136770848,0.1900654526220495,-2.5973905336582277,1.0371221777216741,1309
872,7,0.5513254647416298,0.15245689879902238,-0.97569694207249,0.12978811263659132,1309
899,7,0.559553442312285,0.1666063311990282,-2.744180802201119,1.0927190212484392,1309
983,7,0.5822065591960728,0.15857699561704966,-2.8386761562438716,0.12432440210033013,1309
1065,8,0.6096256374481249,0.08390434504293535,-2.28372462906898,1.0343673562353506,1309
1098,8,0.6244436817732928,0.1539502575218598,0.016446828162714956,0.4601683256291454,1309
1122,8,0.6364447706264406,0.24771367043042325,-2.7237052123259415,0.8791518413684014,1309
1127,8,0.6381435481040066,0.2244075824753723,-2.767606720325245,1.347512009448314,1309
1135,8,0.6439400478743156,0.20740329480727954,-2.20340367721761,1.1681488137604372,1309
1201,8,0.6892797190099783,0.19050861872824573,-1.3877868256246284,0.38642584032247373,1309
1199,9,0.6884709989830674,0.18040429626427368,0.5655510162929013,0.5473867579145557,1309
1227,9,0.7081427390126949,0.12597876801306268,-1.8615216090491933,0.5578389301992598,1309
1228,9,0.708556364051662,0.198223754029792,-2.677188938935266,1.5104167195803768,1309
1241,9,0.7218423655881437,0.20799364193019385,-2.346938012495498,1.01390360479289,1309
1247,9,0.7259703026630526,0.17892404800497766,-0.5688297775775719,0.2262436028178995,1309
1252,9,0.7311096076034966,0.19420167018433618,-1.9425105299039465,0.30721241400725474,1309
1274,10,0.7559225749708807,0.19970297853827648,-2.7766776351323674,1.5909412240842868,1309
1300,10,0.7946540575347384,0.18047394383682824,-2.2434785813427554,1.2322460418496828,1309
1304,10,0.8066760988487292,0.17737963718196328,0.7241675424962906,1.0950755919966961,1309
1307,10,0.8233620157592549,0.16468228080837372,-2.7391634805819383,0.3731908070071373,1309
1310,11,1.0,0.0,0,0,1309
0,0,0.0,0.0,0,0,1309
1,1,0.07954582214141592,0.03440118672020617,-3.127009812703856,1.5444699917525906,1309
5,1,0.13645648655113818,0.12994262029663867,-1.4261103868896525,1.0346855173946183,1309
12,1,0.17527545323742988,0.16570488524875698,-0.9528588423778432,1.8764894318793066,1309
13,2,0.18385863316170936,0.08191677629538387,-1.3695926594811674,2.038578984586202,1309
17,2,0.19357481566240364,0.15464178387337418,-1.4646339133910653,0.9974598170430292,1309
36,2,0.22746051121112265,0.17063363035216403,-0.9768725669973968,1.9407539699090959,1309
54,2,0.25326542349698866,0.20688061279593348,-1.8860196120303712,1.0194209826529423,1309
73,3,0.2767445221886733,0.10191435584168818,-1.0860007101982772,2.408083304680519,1309
75,3,0.2778418716680089,0.22084699942221944,-1.8668622915555377,1.0126339564772944,1309
88,3,0.2903704373767103,0.17749973068754832,-1.5809833854427051,0.5784224639138899,1309
105,3,0.3024503208100503,0.17789687099432044,-0.7905493932267984,0.625657194089611,1309
121,3,0.30939524539548313,0.14132285743793896,-2.0907256705050443,0.7959420741450955,1309
123,3,0.3108865718524916,0.1505460787542129,-1.854851997746636,0.6142265020902857,1309
128,3,0.31597912420528085,0.18196091843400355,-1.2013003319051585,1.7941681933129412,1309
194,4,0.3681353256632237,0.1807353191395503,-0.5671593093483219,0.819494189172794,1309
212,4,0.3756723226269534,0.10704997468429416,-1.3815620071777914,0.6857443178563531,1309
216,4,0.3781836037179117,0.19241992052551826,-1.1313930468571889,1.571551209987517,1309
217,4,0.37846120439052633,0.17357240291874504,-1.7924369099088362,1.0904943582167428,1309
275,4,0.40195282790338005,0.17598372681304825,-1.6140913297791022,0.9660229531297889,1309
315,4,0.41632297515150685,0.06483016353290702,-2.9648341013286084,2.0266348600287514,1309
316,4,0.41642916340285485,0.2371395034623369,-1.8162648433759314,0.6751164552602318,1309
406,5,0.44288164318749823,0.054893388463624994,-3.129366186317486,1.891181427087187,1309
446,5,0.45492948807186384,0.2400899363500458,-1.707321738719669,0.6851474123037133,1309
677,5,0.5015879441474005,0.18160448515868513,-1.4516744314969272,0.9893541873113778,1309
728,6,0.5118028633608827,0.08960546618715658,-2.443172597832244,1.3806208170644663,1309
907,6,0.5581110507624581,0.18627972841648766,-1.3270119059275487,0.9529770579250543,1309
904,7,0.5565490608293382,0.059507720604307195,-2.8329220109104734,1.574264255977468,1309
1082,7,0.6132515818272241,0.1436700970725622,-2.1574957667079273,0.9395434036992752,1309
1091,7,0.6180428316528938,0.07212808542156864,-1.0721597662010636,0.25974898930147583,1309
1132,7,0.6332581323703055,0.17703401177345535,-1.5276463193713783,0.9520391082851999,1309
1256,8,0.7200892280448993,0.09915545397541592,-1.6075366284913326,0.8105641227741058,1309
1285,9,0.7578863080657082,0.08341332255611297,-1.4032814309290509,0.5956574082000233,1309
1303,10,0.8293523485228043,0.12955331969164677,-1.5241778495285008,0.44431271281288337,1309
1310,11,1.0,0.0,0,0,1309
0,0,0.0,0.0,0,0,1309
1,1,0.0886232272603863,0.07316579865783329,2.4250405917926168,1.4186510157820853,1309
11,2,0.16634214322817287,0.0811670472310489,1.5140066979685411,1.1424876018816847,1309
55,3,0.2688288587204004,0.17658022432905748,1.5621120985778372,1.113472638353447,1309
129,4,0.336521725934528,0.19154736544836776,1.4636306643883257,1.1128519816712064,1309
426,5,0.46225336783598425,0.18132979195471477,1.1419219933571048,0.8109731506979891,1309
432,5,0.4642309864826468,0.10049826805270562,1.1089416609903597,1.5951121144472051,1309
586,5,0.497330762714399,0.20842177615333163,2.3530394882001877,1.0881366229073448,1309
751,6,0.5333910690970683,0.17278364612451388,0.646908264947036,0.6529823771991101,1309
898,6,0.5704073933746959,0.017160734349327956,0.494974582897096,2.432984905189181,1309
946,6,0.5818156983710848,0.16883813527061842,2.53505057980044,1.1980889162822406,1309
883,7,0.5672956389198294,0.1512364521468892,0.7859252352561401,0.755539073315393,1309
1006,7,0.5960771978360265,0.1683012505042483,2.520539588009172,1.2757398736658394,1309
1154,7,0.6540600676282174,0.02926107010543253,-1.79012898639535,1.7228269013877746,1309
1078,8,0.6249164563857881,0.1261117070480364,1.088066651426126,0.7723887936566648,1309
1189,8,0.6756143084755037,0.17563709751023873,2.557152186507427,0.9077468771571475,1309
1204,8,0.6859047393336525,0.23873186588885753,1.0544276243056157,0.395377312606939,1309
1229,8,0.7045330003800503,0.057531934793195086,-2.068796479696136,2.200737760058093,1309
1263,8,0.7285767113606993,0.10792392189283888,0.6491870526340328,1.61221099575221,1309
1251,9,0.7185522442436594,0.22187043783675425,0.893514130265009,0.42371689218731673,1309
1264,9,0.7290516858843556,0.14176582672401197,1.9632416240555526,0.6008631286293081,1309
1271,9,0.7434813253187151,0.027632296630829608,-1.5773795136848139,2.0705475817536287,1309
1275,9,0.7496487743955697,0.15268748527741857,2.009130748707474,0.8098812281597728,1309
1298,9,0.7890703821292131,0.07681148317956517,0.7707291091013636,2.05180014908723,1309
1300,10,0.8063909739017948,0.15379058849507243,2.0310985868082194,0.34282930881678214,1309
1302,10,0.8307550334971079,0.15794005050321827,2.70250983025078,0.46155526826480875,1309
1303,10,0.8344852586668351,0.14754661673513317,0.4452594063393415,0.09395846841761227,1309
1304,10,0.8485499783039717,0.05458107222111748,-2.02257839762254,2.285091998731173,1309
1305,10,0.8533473994171321,0.12287531840399447,0.5895098407108331,2.292283697477877,1309
1306,10,0.8542571979646407,0.0959984264503971,0.13045136326075837,2.1628646409930092,1309
1308,10,0.8578921904755274,0.09406617613396408,-2.7959919751265088,2.48733032846971,1309
1309,10,0.8844777143576509,0.11038382312132963,-1.5159281602246786,1.7269751752300015,1309
1310,11,1.0,0.0,0,0,1309
0,0,0.0,0.0,0,0,1309
1,1,0.07624660131769112,0.043242249772429874,-0.14686346391070534,2.6169588491927835,1309
4,1,0.1450225372226992,0.11663900558301385,1.9148826022093173,2.4413304906976623,1309
19,2,0.21981134766022892,0.17161527869353407,0.04492046574725861,2.877871736953816,1309
20,2,0.22077607985181014,0.09127602041154544,2.619113451338081,2.0603870070223107,1309
48,3,0.2710467896692539,0.1555225959043071,1.3127044133505799,3.0074843674217013,1309
64,3,0.28767874732573495,0.1184099018809201,2.8386054398160985,2.62458552924318,1309
95,4,0.3177188679328973,0.15706814234406,-2.99177878655371,2.9786133770258125,1309
134,4,0.3370934317965423,0.13049459795262805,2.369949609693215,2.611274417033355,1309
276,5,0.3980545546564658,0.14106620079342633,3.0641077777835823,2.9342554444121784,1309
455,6,0.4524229051070193,0.095394059493942,-3.121452035456666,2.732014594335547,1309
816,7,0.5223289890389272,0.11032006564054973,-1.6601782534418459,3.0801632603289666,1309
1018,8,0.5870569567266698,0.13483164911764703,-0.69966137767306,2.843803894040231,1309
1038,8,0.5940581397429177,0.07786208756011305,-2.1777396851845623,2.6833574996934426,1309
1239,9,0.7201358831709114,0.11343176611351663,-1.507358335016337,2.10331285678086,1309
1250,9,0.725523363667276,0.14410708573892386,-1.4237747264209706,2.247807035582638,1309
1289,10,0.7967228888837011,0.10923551389534157,-2.0199995588706194,2.1409536680065564,1309
1302,11,0.8515947641900259,0.09189605793784812,-2.077536404225107,1.7252841416787554,1309
1309,11,0.8927077776965466,0.08465469116852255,-2.657594604438919,1.3530498900140504,1309
1310,12,1.0,0.0,0,0,1309
0,0,0.0,0.0,0,0,1309
1,1,0.028803205157462708,0.023059637841338472,2.1693606924587563,0.3122897265493563,1309
3,2,0.12042947405165216,0.09060518483998535,2.842759928727354,1.6940175390193748,1309
7,2,0.15119695675753086,0.11290118181014368,-0.8698056120428078,0.9401200973471746,1309
9,2,0.16068092886450247,0.06785009150164255,-0.023841322092502108,2.6292370211660314,1309
14,2,0.17896191244250226,0.08020207368057967,-1.0761788462570605,2.645093634981187,1309
10,3,0.16203309475407124,0.1090570514124966,2.6888151591815457,1.3771579166894687,1309
31,3,0.22802702523223872,0.06494465730989447,-1.269981540730394,2.4633069637977196,1309
34,3,0.2295465261687598,0.1405416717500149,-0.6495733224317258,1.2754423123528147,1309
49,3,0.25393027454122996,0.1266665399111518,-1.1196650223990006,1.2573775568132255,1309
37,4,0.23571220705227958,0.12833971564183666,2.220021907500564,1.3149772218394582,1309
63,4,0.2680218868198303,0.13902891047349702,2.352777114802091,0.8740599242503055,1309
91,4,0.29802992470955036,0.10032725837620714,-1.6312852065730872,1.9623328864604206,1309
114,4,0.3172068192814954,0.12469562997606803,-0.8698335842361642,1.4338917571112029,1309
165,5,0.34889207353289486,0.1391792700228506,2.983338375115262,1.7039496872274984,1309
177,5,0.3553007565709977,0.11152088093482679,2.8692741516759463,1.2248591531670987,1309
184,5,0.35879412431303026,0.23846589077258823,2.2591420545785548,1.1871553496759653,1309
192,5,0.36151548667696154,0.15212809938711797,2.5168902015255488,1.780889521084891,1309
218,5,0.3714124317081773,0.13018956915580315,2.7270147826239843,1.4186989411409165,1309
226,5,0.3730207392910797,0.08698528015676886,-1.2022589680861928,1.4299560644092426,1309
262,5,0.3878453415983486,0.1723221219438448,-1.3393874150123746,1.6839563147440204,1309
272,5,0.3931138084476328,0.1813306406419792,2.393888091196231,0.8892371156939262,1309
283,5,0.4008555584400446,0.1650538449669392,-0.7972839392969021,1.5144086992068149,1309
308,5,0.40931014141180355,0.1911060475025559,-1.5411590288663666,2.3156720942215685,1309
338,5,0.42052064620974483,0.2008744601727255,-1.0691172972931544,1.4526890027995862,1309
448,6,0.45067682138695975,0.16279715331104844,-1.6193807438380232,1.8280572467497975,1309
512,6,0.4683073166867706,0.19254518172026408,-1.942326391666106,2.4444846520284327,1309
515,6,0.4690697733270982,0.15237692781955745,3.0647180725279757,1.702692229244366,1309
522,6,0.4706249530227987,0.19569261802695942,2.548566309209979,0.7988146381962702,1309
635,6,0.49128534684322844,0.2271538398824464,-1.2407083014951876,1.4894924113087993,1309
705,6,0.5040646821277317,0.1878905748339331,-1.3492683070748739,1.6330828011427796,1309
844,7,0.535667959069156,0.17880669120912482,2.776527213101941,0.7403486372112149,1309
892,7,0.5456576240506681,0.2363383967382264,-1.784421427406439,2.226941274981133,1309
904,7,0.550086152751641,0.10270749958909871,-2.796593498962329,1.9173536724799918,1309
910,7,0.5522139001901948,0.24172706543170594,-1.9807700704501885,2.2742334217671427,1309
936,7,0.5610580277273547,0.21467028777560954,-1.3712448188295665,1.6103513698460328,1309
1079,8,0.6132211291659637,0.20604732299264505,-1.3317386319012743,1.6455110566246707,1309
1106,8,0.6227437579415231,0.10995717177092482,-2.250560130069619,2.1437591299685677,1309
1110,8,0.6236745584697554,0.21226921481385183,-2.0531064189689667,2.4237557727842756,1309
1116,8,0.6268490164344951,0.07739492774780364,-2.5614040206921764,2.226448523094231,1309
1129,8,0.6343964361671746,0.1594226059551806,-1.1218173613898195,1.6045217689040363,1309
1213,8,0.6806320859071462,0.08682791810401436,2.345907206595946,1.5879295186792681,1309
1245,9,0.7141578850341922,0.2301727419347525,-1.1018618973588818,1.7526972753176606,1309
1267,9,0.7418493681234908,0.05837439892329437,2.840200105200674,0.8258706789730212,1309
1280,9,0.7562840684708803,0.16014762110079173,-1.6361873252298882,1.934418760210654,1309
1285,9,0.7639593282220828,0.07311721534818016,1.8423594703489106,1.1454388958645774,1309
1300,10,0.8109113614153647,0.09738734128090289,2.294330408105746,1.194890097183078,1309
1306,10,0.8648775153722711,0.10321654020528835,-1.3057326637616022,1.8516058324113533,1309
1308,11,0.9305846702250721,0.04956994412825552,-1.4146632120798508,0.40089372908292004,1309
1309,11,0.9467372489284337,0.0371841966295823,-1.714236683721718,1.7173894568087262,1309
1310,12,1.0,0.0,0,0,1309
0,0,0.0,0.0,0,0,1309
1,1,0.061259056789906174,0.0395827699726372,1.5507283026134142,2.2969149175526073,1309
5,1,0.15052841884123425,0.10971077055202802,-2.0617931702019683,1.8644621624015727,1309
21,2,0.19059502349767266,0.10445274374756727,-2.1155499516055736,2.526591806135507,1309
28,2,0.21261203790972738,0.15836871385797205,-1.9453614885697332,2.0407461145633827,1309
54,3,0.26818321528025124,0.11574637596344303,-1.653859099727503,2.0819000471812212,1309
76,4,0.29644971398041553,0.11618274871166645,-1.4288222522328593,2.0090884132571305,1309
116,5,0.32898622520486187,0.11070925049378526,-1.3322850666751436,2.1239094270573293,1309
248,6,0.3914954996994777,0.07542561042205136,-1.259894923352682,2.308784290129558,1309
564,7,0.486299579546436,0.1363934909928136,-1.9147800324084898,2.7830414225706557,1309
755,7,0.5264041147531451,0.17108913918161145,-2.5251471758704414,2.5822153637139325,1309
1015,8,0.5993189896938932,0.1589539574110671,-3.1021968592023783,2.3396155873509157,1309
1091,9,0.6291098229055444,0.1776161174239508,3.0521107904423355,2.419992018501453,1309
1154,10,0.6668872388909728,0.1935124941298793,-2.9676315618282882,2.4603542147015314,1309
1256,11,0.7522122006777429,0.15431001510026784,-2.5093006562905913,2.3632148666949977,1309
1259,11,0.756092201228362,0.15366874307151654,-2.4279835205461766,2.6677277081396733,1309
1296,12,0.832245477550724,0.10518364984739963,-2.008347681480176,2.639178064407873,1309
1304,13,0.8587165479963738,0.0982878864903543,-2.0892144579026337,2.7477573315433927,1309
1309,13,0.9319115414123889,0.019630794196815807,0.7146307246935475,2.5148854823090856,1309
1310,14,1.0,0.0,0,0,1309
0,0,0.0,0.0,0,0,1309
1,1,0.11114759579840694,0.10510418164986036,0.9327111500707205,0.8722058650629315,1309
2,1,0.14095612742869779,0.13746521269101017,1.23380259859933,0.152521425632919,1309
16,2,0.19543536446780208,0.12195480840982335,-2.0003227878527023,0.2515913535202899,1309
24,2,0.20980395730197654,0.12127079627325578,1.1556880003219672,0.031157402848492676,1309
109,3,0.3265288349427148,0.17140786017776813,-1.3038544045061358,0.695820841065026,1309
239,4,0.39204496483659523,0.13284620666121627,-1.5169216376602455,0.7837466258775474,1309
451,5,0.4612137814584707,0.09319375612125756,-1.4607146916871008,0.9074292705188433,1309
954,6,0.5733402560655408,0.03868284806910164,-1.5923001616318846,1.4360021969006511,1309
1076,7,0.6084993601945274,0.024277723388200733,-0.9750968152976348,0.6933352641787569,1309
1176,8,0.6524266170635387,0.04158547562111923,-2.068074045817882,1.3021993722215797,1309
1286,9,0.7542103633831729,0.09872736369782945,-1.735677100267263,2.565593506788883,1309
1299,10,0.82636379264873,0.07195461223042714,-2.1561003730367263,2.3158259888048027,1309
1308,11,0.8978195256353134,0.07775339628953877,-2.8713737471428598,1.8204969647879778,1309
1310,12,1.0,0.0,0,0,1309
0,0,0.0,0.0,0,0,1309
4,1,0.11166162538504154,0.09908468887938107,3.0326854144375277,0.8566379997523078,1309
11,2,0.16826982179001482,0.08488820303357472,-2.8164756010917213,0.9292784771528735,1309
37,3,0.22950336172822017,0.11243592821379707,2.9176701712749424,0.9026146081852251,1309
88,4,0.2986077643864925,0.12671589591343213,3.0663022285678294,1.3331229968436225,1309
325,5,0.4147073588758785,0.10426766254678246,-2.839613876469394,1.7195494744698119,1309
629,6,0.4992233713063834,0.05435512017862848,-2.094833269818644,1.8997316655745555,1309
849,7,0.5446957337247731,0.06279809163137877,-1.9783487591647908,1.5054277012750379,1309
1110,8,0.6271180447034185,0.10931273384561545,-2.7441510455212375,1.6033785361269215,1309
1197,9,0.6809234499905892,0.11539902153425481,-2.4698021439165774,1.4343105345917677,1309
1275,10,0.7632590842137712,0.1699176635727452,-2.1813870637630237,1.1072617380028642,1309
1296,11,0.8108677513222694,0.1693050692649378,-2.377700971847921,1.196878287291872,1309
1305,11,0.869437049507727,0.1191428728403406,-2.7118926146715934,1.2393057234086178,1309
1310,12,1.0,0.0,0,0,1309
0,0,0.0,0.0,0,0,1309
1,1,0.06963810307608587,0.049168712573111964,-2.3444265346127913,0.36344552343074943,1309
2,1,0.09170570274381062,0.018330501653469528,1.9374595843551305,2.760185214746411,1309
3,1,0.12817246031153096,0.07448786675200246,1.964426306630229,0.7972599176730578,1309
4,1,0.13699938109419285,0.1141227168845724,1.7792351497275105,0.8101726184072044,1309
5,1,0.14710711728812254,0.11398391673223901,-1.1421854714004345,2.8058894950990036,1309
7,1,0.15197801090117324,0.11798054077894202,3.0140652913775843,2.0623525029799405,1309
9,1,0.17612176406300695,0.13297168931757392,1.4347279413138818,1.3269056148346197,1309
23,1,0.21000731011238127,0.18945713608697354,1.2391513437796196,1.9460207861621424,1309
6,2,0.1504544139442533,0.08415655080012642,-0.35044226349807306,0.9666107459563964,1309
13,2,0.18853417064861744,0.11359502370335486,-2.8300384172943347,1.2944893602530887,1309
17,2,0.1970677031277952,0.12608692432804966,-2.9231676480411926,1.509935468188938,1309
18,2,0.19935929786377826,0.15143327181113425,-0.986584538201085,2.717914449987886,1309
19,2,0.19984285883295028,0.10156150407183555,-2.696680016984944,1.555655953224423,1309
24,2,0.21043365888114596,0.0870816568422589,2.54465742144954,0.4907729656271882,1309
30,2,0.2393515152614869,0.0664672628655009,-2.840538112220579,2.5767376417945127,1309
37,2,0.2511308848003395,0.13675846498501718,-2.628404529014887,0.8551721447450626,1309
39,2,0.2515639338107247,0.18159655287284956,1.4708920507422294,0.7723243338545668,1309
47,2,0.2628627268611671,0.17752316153382006,1.149477395918121,1.785353767926145,1309
55,2,0.2780297760062518,0.21640432507171503,1.3316938037851016,1.6483100092763103,1309
41,3,0.25346396910444335,0.17504398780837013,-0.07197334530528147,0.9810200831574215,1309
71,3,0.29090735006058,0.18366469364101795,0.5084584521811057,0.9889042561033635,1309
87,3,0.3045181280282421,0.11806353489316383,2.1017179076160653,1.31727671791862,1309
88,3,0.3054063669214382,0.14144151498923876,-2.49731935560366,1.1203465491140987,1309
97,3,0.3099493792626655,0.21604518492559222,-3.0481526166183412,1.4755986519634436,1309
99,3,0.31014163969524466,0.11431100809267891,0.7454500326252422,2.4999532965644313,1309
100,3,0.31177371644765406,0.04166478576596943,3.1216848273763556,2.4773517902033304,1309
104,3,0.3144937753489806,0.10510295820584234,0.6567934699410728,1.7044845158251412,1309
109,3,0.3213275718012849,0.07445605897592991,1.101449427600992,1.6442651879709134,1309
112,3,0.3244509624069646,0.16723607769542662,1.136571683680061,0.4313129261730689,1309
116,3,0.3279190687397745,0.18782234156602964,1.102102387454382,1.4403486236141672,1309
124,3,0.33442841899338505,0.19421081708887042,3.062559503166375,1.9372290404829178,1309
132,3,0.3421440552404922,0.07385929306524033,1.3523171529569622,1.9005035000607333,1309
166,3,0.3590128747353588,0.20349879485128347,1.3827681028903362,0.6412391744421889,1309
187,3,0.3701236425040595,0.23694961477288962,1.1623386465017582,1.4998549498728202,1309
103,4,0.31401471555549454,0.19060081169025125,-0.24857125047939405,1.2381210855946136,1309
137,4,0.346378259274429,0.0992183869870761,0.3864769576953712,1.7329826593026558,1309
164,4,0.35865669451517024,0.08663044363556709,0.5943750965218528,2.2462224261711796,1309
236,4,0.38851014558213737,0.18076356212111871,-2.973644490279811,1.0402771311349481,1309
246,4,0.3923522339526122,0.22507586081271794,1.0843224916528287,1.5139104192637696,1309
253,4,0.39644582689617824,0.1493461847359991,1.6654522532182297,1.275223744786809,1309
293,4,0.41220439170659307,0.1935608710897669,1.2722760881064197,1.1373174117135034,1309
341,4,0.42716499768682137,0.11339097454651505,1.2965181987975851,1.27399358504352,1309
346,4,0.43064314707073137,0.20571395207971066,1.375060753300424,0.8179505536803541,1309
381,4,0.43908680799436073,0.1521591157693774,2.7471687296238887,1.7682574915977036,1309
266,5,0.40159965604660386,0.20131228799146503,-0.18222662667278358,1.2537565890695854,1309
299,5,0.41456163206395846,0.1494244009494413,-0.1313801317811417,1.5407481791243052,1309
322,5,0.42050326461179544,0.19931753402743047,-3.087338536756642,1.1150131555905942,1309
360,5,0.4342600875128394,0.14306180390731196,0.3052051323188898,1.401497119867059,1309
410,5,0.4475240100586867,0.250433058209713,-0.22157551750681867,1.2666734748262538,1309
430,5,0.45205241305224475,0.09922560164271144,1.2845625020880216,1.8929230215821453,1309
490,5,0.46764596369064215,0.09778855025614179,-0.6024193821714996,1.500583774340268,1309
503,5,0.47045375336293815,0.16205711361447825,2.6534852229692034,1.926241175833638,1309
640,5,0.4956326301958931,0.1624261497662045,1.5126174399882497,1.4801880360157285,1309
786,5,0.5240215197874758,0.24692296264215793,1.4307024144804463,0.9784908586740295,1309
657,6,0.4994850641916795,0.1271314760596403,0.4411479584794137,1.4697332295723833,1309
695,6,0.5055297779330106,0.17067501724368905,-0.08109496776605468,1.6862986754167515,1309
697,6,0.5059606437300203,0.23591106970920628,-0.09515264980177773,1.4242598842215626,1309
773,6,0.522243578670358,0.1211489039452965,0.07514811385812813,0.8088981605428752,1309
783,6,0.5236429224708682,0.1255583357295057,3.1068668364634244,0.9799484110069671,1309
785,6,0.5239370065665881,0.18475385376567552,2.5967732275459916,2.062134207237797,1309
863,6,0.5367237004391411,0.27456053043765727,0.17634576555968062,1.2889097341265963,1309
866,6,0.5382513504155546,0.20869942839050484,0.0680420729770557,0.95207479298395,1309
868,6,0.5388083431746925,0.1429460687862183,-0.37816345990421363,1.3929274421790874,1309
900,6,0.5463968563058911,0.16627816012224003,1.6627288795995618,2.1839546474661717,1309
923,6,0.5556976123133586,0.20879590403626422,0.12686508882367692,0.815404318505249,1309
943,6,0.5607896716833328,0.07771552562350932,2.870244073805803,1.5128716976325274,1309
1005,6,0.580766059274089,0.22399089355417887,1.2541255246158727,0.8898766251249873,1309
1029,6,0.5922375728636917,0.23948438409904438,1.3015884163140825,1.5885050347374527,1309
1054,7,0.602190487732487,0.08478681119514651,-3.044364799975825,1.1531674106493415,1309
1059,7,0.6041665284377126,0.22715656145661123,2.243726619387873,2.059673052010449,1309
1087,7,0.6171461228276516,0.24316622404129778,1.3383917261597102,1.681640739048102,1309
1109,7,0.6285990762365801,0.21063698186903063,1.571775806272661,2.301098298022679,1309
1110,7,0.6290517942492451,0.12967056857546896,0.2525038019219079,1.3979410300321655,1309
1114,7,0.6314284884738135,0.22706511826634915,0.15481586895030122,0.7636330005273027,1309
1116,7,0.6324238392487646,0.11127201275132743,2.325582149644217,2.3067851415803036,1309
1132,7,0.6415364588032297,0.18151614109941944,0.776003159778323,1.5526539315009766,1309
1139,7,0.6475588163078386,0.2152536370471172,0.5153709556533032,1.2322845154059583,1309
1159,7,0.6600036559335202,0.19344817828064845,1.2376987620842386,0.6317546447272551,1309
1175,7,0.672284786552731,0.1889767962141272,0.06320136841726105,0.6659487503187127,1309
1181,7,0.6772295760657102,0.21522631631511915,-0.8595205870466368,0.6410858122869244,1309
1138,8,0.6475033924285463,0.23785844959594518,2.3744028961290726,1.9466363366243706,1309
1188,8,0.6816716200130035,0.19078557952078393,1.571711446731458,2.435324608338934,1309
1202,8,0.6949429413715841,0.16985380912152054,0.5065816693247976,1.5989124267749404,1309
1212,8,0.7076710856262134,0.08936505546849755,1.3919403520352198,2.2144159928553666,1309
1215,8,0.7090701453066917,0.029514349588978982,-1.584084608761102,0.31912464687380004,1309
1239,8,0.7307164481921403,0.029717127720710255,0.9044363511637326,0.6674644760199534,1309
1264,8,0.7581658482648038,0.09863424989864387,-0.8691035113100426,1.084477729611093,1309
1274,8,0.7675534832792419,0.14976068051095462,-0.3090029041387913,0.6209640197985385,1309
1277,8,0.7761465479525974,0.1535227378858586,1.0961469732878986,1.1153474632465605,1309
1221,9,0.7116880649312354,0.24712995053594047,2.352313005339417,1.8153307646723322,1309
1261,9,0.7570072761980141,0.18869696607736447,1.3713239364652716,2.5647225320824756,1309
1279,9,0.7808367085778303,0.18696966800956663,1.6901346846876577,2.7396004462745345,1309
1293,9,0.824814505041941,0.10356173497823119,0.8358184722362086,1.5316230470383665,1309
1294,9,0.8285379005736457,0.10395243799661572,-0.8789205380502018,0.5958567398698569,1309
1299,9,0.8493292405167275,0.10711927400690584,1.2919148475211633,1.4052989018280244,1309
1297,10,0.8373019679268204,0.15722702445565023,1.9029586237375404,2.9678134395056595,1309
1300,10,0.8552899867149435,0.13055608516442654,2.307371186912075,2.1029758350847167,1309
1302,10,0.8737852777475174,0.12181078616191306,-0.35704226148577994,0.5588051458880986,1309
1304,10,0.8806693501286899,0.11859445112905723,2.3038179680671815,2.4712711325619456,1309
1305,10,0.8839544469202827,0.11045264535143345,1.2719100801711312,1.3441761099024376,1309
1308,10,0.8986301711614838,0.0819113898299693,2.3274944981028884,1.1982548115838063,1309
1309,10,0.9309205205104408,0.06741066596921108,-1.650957342995864,0.3852881997216135,1309
1310,11,1.0,0.0,0,0,1309
0,0,0.0,0.0,0,0,1309
2,1,0.06433594328080738,0.06284904642430444,0.014908847003273032,1.8847739755283168,1309
4,2,0.11920231331263575,0.08256714122131405,-0.653269161143762,1.9714209427133542,1309
13,3,0.16155194992551103,0.0800539767175853,-0.9093367438755192,1.7474921683479483,1309
39,3,0.22744652430874268,0.15509059970638817,-0.25239064628928537,1.37022138874204,1309
53,4,0.251983809792232,0.08642153099737446,-0.39664024307228335,1.509211851821337,1309
77,4,0.2865402395734764,0.1333980508327579,-1.8113556421101658,0.9835319989808868,1309
83,4,0.29355375976240283,0.10522667726174426,0.29694072201024857,1.3049816480221985,1309
95,4,0.3052513524431709,0.17990617669989475,-0.5602430259306117,1.2598461248614663,1309
99,4,0.3068446159040651,0.16445498346064646,-1.6391176637930576,1.4300017078098022,1309
114,4,0.3138871084724586,0.10852391593437972,0.401796798749537,1.7395739151767202,1309
117,4,0.3153619246031415,0.09936315954869449,0.9954708903487826,1.6312426939468365,1309
128,4,0.32272730205592726,0.1564923226867724,-2.025350748993944,1.5816301958670396,1309
129,4,0.3237302190813599,0.13868050691871425,-1.0938977679955908,1.1053310548506434,1309
189,5,0.3614569258694522,0.10368652629650742,0.07288348277262013,1.0545192853492091,1309
197,5,0.36438273439794133,0.1719949513281175,-0.3859570570152957,1.8826246082672076,1309
203,5,0.3673341275460946,0.08797594036363254,-0.9855407165992803,0.9461932095094329,1309
220,5,0.3762950413459223,0.026917639420655403,2.5057097291776502,2.6148612206094426,1309
259,5,0.3904249984799375,0.14449420640420166,-0.37106904886797715,1.9959855324898923,1309
303,5,0.4067192551417774,0.2168250556208776,-1.6567282330748807,1.4005792803076453,1309
307,5,0.4074001803304409,0.10744947466154249,0.21415255998452074,2.9414309781893397,1309
322,5,0.413336677619349,0.13460092473932472,0.6561095592475515,2.3490222990277467,1309
337,5,0.4183419549553802,0.26348908734894055,-1.4405733558703988,1.407368069841659,1309
364,5,0.4273161521946215,0.131222557321026,-1.6655731351470413,1.2135543724533924,1309
380,5,0.4321384897374394,0.0420965208604417,-2.3917359130516638,1.1100496509484636,1309
436,5,0.44851186305478885,0.11630135443166412,-1.3580498424507021,1.6613414718218529,1309
398,6,0.43661831965528963,0.14539129700465972,-0.3014354447977863,1.9773390319533706,1309
479,6,0.46119809302311987,0.17125096456656194,-0.03278255589825325,2.016582950536819,1309
481,6,0.461568761569638,0.05959603172458029,-1.7370610046946655,2.801344116799048,1309
489,6,0.46384997272936657,0.1504369205425242,-0.06393165144455933,1.8657004579405037,1309
536,6,0.4757047417736344,0.17611314552231058,-1.4252698176779062,1.5316838501008974,1309
555,6,0.4800634388825691,0.27876241163302523,-1.653887527218391,1.400055609259386,1309
565,6,0.48201197003201357,0.06470622886932174,2.8495592948760056,0.8975814919660203,1309
568,6,0.48316807766422487,0.08924557590022496,0.20140002943693622,2.6157991801233975,1309
705,6,0.5107357402830432,0.0889809717204133,-1.500027956046729,1.6821300562678307,1309
726,7,0.5148648922897346,0.30019463354829373,-1.6678683907114378,1.454629980244022,1309
774,7,0.5266226907087623,0.18119909922925026,-0.16351409199143824,2.041052711869753,1309
782,7,0.5275416349848755,0.08397415408154642,2.7503608541195197,0.5429329621088513,1309
799,7,0.5309260629839682,0.17170131199922126,0.24416012217656416,1.6542258193892758,1309
803,7,0.5324035190203733,0.05270708243799038,1.9067171607135214,0.3012918744118473,1309
832,7,0.5417917812114663,0.07863617427667596,-2.729986411174996,2.7842901127390784,1309
843,7,0.5446928330574289,0.17695072751859053,0.3172219506577576,2.162028381615627,1309
857,7,0.5481146214154057,0.04856978400380167,2.6546276545269074,1.8354057365257639,1309
897,7,0.5577708326429954,0.09913787047975368,-1.454947399212347,1.7138928723453164,1309
1038,7,0.6000616341198051,0.09728694929049944,-1.1764771621585508,2.5826781261300225,1309
896,8,0.5573376455253272,0.1974774532105884,-0.17852854924703948,1.9756814447796578,1309
951,8,0.5716582564420195,0.1558673979730814,0.1664036072579264,1.4968325489905545,1309
952,8,0.5718255621197326,0.17675996017238407,0.10159585312074108,1.6179092349188056,1309
999,8,0.5846633736925376,0.24347036660706375,-1.6705059394530672,1.363691701593765,1309
1049,8,0.6076638776446266,0.06095646029375912,-1.3538790816461606,1.6768075038285986,1309
1050,8,0.6091098801385628,0.14437463246922913,-2.9390566768356194,0.18004668186875888,1309
1114,8,0.6399167034952087,0.16335987901473667,2.2427697719669095,0.9734900222828913,1309
1115,8,0.640718061405512,0.11436851530094892,2.6320623399937966,0.7316762984877252,1309
1123,8,0.6463577849276785,0.10892107151350637,0.545812487515931,3.0175646040175477,1309
1132,8,0.6525490798468055,0.11784990220314662,-0.06933427639282408,2.6248967835370762,1309
1133,8,0.6528479532694732,0.1505857824766928,-2.5452921988427297,2.7712455209601887,1309
1152,8,0.6629196260426223,0.13990129586684127,-1.6037452963532106,2.8732113295606463,1309
1172,8,0.6783948922995977,0.14961183161471622,1.0330470589040481,2.81911295935537,1309
1188,8,0.6871109638231576,0.05478835380953079,2.598250316364045,1.4961062876360554,1309
1121,9,0.6449793036607395,0.2271328179055461,-1.6986249303075287,1.1286140363961465,1309
1161,9,0.6721837244354947,0.2279803860263291,-0.16998266931951397,1.7838179736349251,1309
1169,9,0.6755218220308844,0.22436897028930589,-0.1053956944538338,1.6636341581503018,1309
1199,9,0.6902927795497935,0.2110689065463773,-0.4657661965779341,1.8958833179024772,1309
1220,9,0.706384768759323,0.13909916271743233,-0.41795447324849966,2.2096719067837847,1309
1223,9,0.7079650111565287,0.16099171912025237,-0.13429130471968267,2.338864455214788,1309
1225,9,0.7103565543178341,0.1986816580153433,-2.972647790256639,0.31975281955620427,1309
1230,9,0.7134872850431667,0.1291840841019773,2.3559495335536704,0.5639411440736285,1309
1237,9,0.7179737781330916,0.09523482789315267,0.13486693620731866,2.344112786337747,1309
1239,9,0.7195803541193578,0.05638340134453747,2.975849946100458,2.2682371194072855,1309
1240,9,0.7206231096525146,0.0931647305914164,0.6781226055225384,2.1276260238108797,1309
1251,9,0.7331160352788033,0.03498121734860734,-2.91538593202491,2.165606657812338,1309
1254,9,0.7355592686160645,0.10812535005256901,-0.0911590321495582,3.003412251465363,1309
1272,10,0.7680845804902406,0.14403697087819942,-1.3013423028576774,1.2299576191567039,1309
1273,10,0.7682007482571886,0.1389312827144842,-0.13543980181951956,1.7423077871213724,1309
1274,10,0.769773259683737,0.07481147153966834,-0.12269335340813194,2.558491213796956,1309
1278,10,0.7768578988443039,0.14447105410245595,-2.524982612065104,0.2260804948099076,1309
1286,10,0.7949567226733104,0.02986583932440552,0.07747305617558836,2.0509945476852525,1309
1290,10,0.7966601335249873,0.04832295621693665,3.059966802475399,1.555007564173485,1309
1294,10,0.8088370502594592,0.11313103458714314,2.125845860720421,0.3980852306494401,1309
1297,10,0.8196208678917395,0.11547036993890163,1.2895631680498594,1.9536236726364091,1309
1301,10,0.8346725314546019,0.10137061125400636,-0.9833139013546747,2.1231862842482836,1309
1300,11,0.833633410802287,0.10666945263453358,-1.161074661238005,1.24628228054131,1309
1302,11,0.8403753308403799,0.07294115314502991,-2.878016447034579,1.6584660897996315,1309
1304,11,0.8592786400475165,0.1275720664638211,-0.06343529948638438,1.5680434784178445,1309
1305,11,0.8708744844082873,0.1235552587752311,-1.6746088398018,0.807911183619017,1309
1306,11,0.8735549742594685,0.12348398604548783,0.7372388211118903,0.17412688001796436,1309
1307,11,0.8865092646343647,0.09917273948793173,-1.0608187928654083,1.7641515026286896,1309
1308,11,0.8961271033382424,0.1002863421764979,1.5904827970317184,0.5572050163278954,1309
1309,11,0.8982767563057787,0.0864524633468187,1.3721697456044561,1.2608713780061183,1309
1310,12,1.0,0.0,0,0,1309
0,0,0.0,0.0,0,0,1309
6,1,0.14657051078725847,0.13687749414333106,0.8466351531047723,2.7156759057341096,1309
25,2,0.20558401084976818,0.16449357117643343,1.3105548046161821,2.8350586421500426,1309
33,2,0.22710925729846543,0.18468992807731377,1.9608043519809604,2.9952783687421096,1309
128,3,0.32647296054331176,0.18843405357898785,-2.7208391561111944,2.8717632176144545,1309
179,4,0.361943276010959,0.19544481350287696,-3.03837829135098,2.7756909897817916,1309
370,5,0.4317644533782208,0.2528493772555486,-2.888852799869186,2.7629043508991327,1309
713,6,0.5107332721805969,0.2795051193437934,-2.498857343842816,2.764185619961059,1309
733,6,0.5162992686131223,0.268406268536287,-2.05236263601625,2.8698460408814457,1309
1060,7,0.607325642761873,0.2573935848805909,-2.849102283458557,2.709835669624413,1309
1156,8,0.6552454537944676,0.21737483098092614,-2.82075798602428,2.723902078432106,1309
1198,8,0.6784076157119525,0.199451108303562,-2.8933593965166433,2.576188062967046,1309
1267,9,0.7521446371805134,0.19268545133967457,-2.699758159638424,2.3421458494990417,1309
1275,9,0.7650502993826173,0.14677970574330687,-2.3315607756661003,2.3357730683951856,1309
1301,10,0.8347850502039715,0.14387671296356203,-2.168913719596112,2.459985712574048,1309
1305,10,0.8457251527759652,0.10917152751571782,-2.767710857356523,2.2230089840383553,1309
1310,11,1.0,0.0,0,0,1309
0,0,0.0,0.0,0,0,1309
1,1,0.04933571763032296,0.02255812638923065,0.34667160402969965,0.9895556396201108,1309
3,1,0.08652380093478362,0.0774304080437169,-0.8225014124050234,0.7831007471833136,1309
5,1,0.10804815452781869,0.09788805322770895,-1.7707574366556802,1.9679218837684498,1309
6,2,0.1251769305716086,0.08682765134226711,0.08083075796721083,1.7966118089543441,1309
37,2,0.23458585007596944,0.14656397824239112,-0.8624382276939652,1.5480702476295112,1309
53,3,0.2632054953193559,0.156599246038703,-0.8112544812302259,1.6504800992064326,1309
115,4,0.32406946606861087,0.146547344600504,-0.6771039005082625,1.4210553314891927,1309
117,4,0.3255955610537815,0.2026529983848121,-0.7661156593177999,1.6109306848115028,1309
284,5,0.39818416552038627,0.1794387988059895,-0.908652791107182,1.7231486787888475,1309
598,6,0.48785962668099114,0.234216970476629,-0.8735338070066382,1.8772728030772352,1309
913,7,0.5570639724714777,0.18021809927363766,-0.7949736466288516,2.0694227812504957,1309
1075,8,0.6104816596701043,0.17123293753589183,-0.5913108120961669,2.0034763078542874,1309
1205,9,0.6835800458556127,0.1959628250176671,-0.28329619325180094,1.9051145250405268,1309
1260,10,0.7399669114388012,0.17566925909539644,-0.38251626863867316,1.7956407090927682,1309
1301,11,0.8218369513241272,0.17175313637528392,-0.5269301195462526,2.016815189420434,1309
1310,12,1.0,0.0,0,0,1309
0,0,0.0,0.0,0,0,1309
1,1,0.06233198332290435,0.030721689768410314,-0.38976524019736597,1.8473248278875611,1309
4,1,0.12110667263993169,0.11535969156048663,-2.138777512338458,1.765560732580922,1309
10,2,0.1635207410404722,0.11940663410749593,-0.5601982196514074,2.460238025935105,1309
11,2,0.1714510772014709,0.12280803930566893,-0.39531815522174535,2.3005294652680237,1309
24,2,0.2175153344780706,0.18711605007977192,-2.3309424273093873,2.1169590165854224,1309
45,3,0.2537433719244905,0.13005682971235832,0.418174831925709,2.525904813557694,1309
49,3,0.2558572051516158,0.2045980142212002,-2.327058366122571,2.225044092091638,1309
62,3,0.26884658142151063,0.1658074960103774,-0.7316189906043464,2.103537558211758,1309
91,4,0.3000297255139964,0.18895112399048986,-2.4926993916158984,2.1329060398731845,1309
99,4,0.306616216297218,0.11622516472261966,0.6693477738287467,2.241070419186063,1309
110,4,0.311154970678289,0.1694203666978879,-0.5957225856457131,2.178324544208924,1309
226,5,0.37866357929567196,0.13413077806998952,-2.573462480895486,2.2964009812616513,1309
255,5,0.38800804837647895,0.10903749056238034,0.09470270447228214,2.4795645915674616,1309
362,5,0.42865556623998635,0.07378615718587117,-0.07121757459815946,2.2403067740761524,1309
738,6,0.5177335767416603,0.08572282021990654,2.8001488782078865,3.0501855743289266,1309
885,7,0.5583121780421945,0.08526823711261892,-3.1025530556877,2.8548326387358167,1309
967,8,0.5800294093575786,0.0934677475982769,2.950492526738636,2.7257386699956276,1309
1180,9,0.6674205635671576,0.1387132642424966,2.532973839695781,2.3793628530538973,1309
1271,10,0.7580102002205872,0.08815945203907957,2.857672017748409,2.2792213602284837,1309
1302,11,0.835923962441802,0.07749844373843223,-2.6700666290509343,2.1115201991339845,1309
1309,12,0.9530373009507909,0.04311842741365142,1.7894784221030442,1.672346555280022,1309
1310,13,1.0,0.0,0,0,1309
0,0,0.0,0.0,0,0,1309
1,1,0.10346241381552201,0.08215632492669231,2.2087224075728895,1.8663999004910088,1309
3,1,0.12653512778910625,0.11853207789401193,-2.2844939881157194,0.3702942357538482,1309
4,1,0.14230414702856142,0.09015073141137227,2.9119974284134718,1.7703491141544931,1309
9,2,0.1640852693669247,0.08538346441035922,3.0864916326389964,1.7719970459881962,1309
18,2,0.19545968842755956,0.09863187246066907,1.8256843442075186,2.254871036639975,1309
19,2,0.1956801444751376,0.16034337117080677,-1.931337114149495,0.6592406410702937,1309
30,2,0.2235304305842437,0.1872053071474651,-1.725920627162156,0.6245600900927254,1309
34,3,0.23547525719467988,0.051778635635387614,-2.47891997865922,1.1159138611181285,1309
44,3,0.25569381662853985,0.18068484372299878,-1.8260218727431088,0.49321016795042777,1309
56,3,0.27584137414167276,0.18743733001991875,-1.9259493329828805,0.31321346494433244,1309
62,3,0.290377350207365,0.05605507953306728,3.0079911608261143,2.474610149916549,1309
124,4,0.33054893839550625,0.13729410785427068,-2.69452286710969,1.1924705737215657,1309
156,4,0.3480439257449941,0.21650410404439782,-2.8462561396826205,0.26857328148462034,1309
271,4,0.39895614582054806,0.058012898770461944,-0.8600115086676655,2.4102788940199917,1309
303,5,0.4113782412800423,0.16730358418744273,-2.618488138222657,0.8314293331342937,1309
322,5,0.4168701350381463,0.10786189343866037,-3.0333932555252003,1.1215198532663255,1309
445,5,0.4589519870597739,0.15693343391925657,-2.974292479951964,1.5862950844560662,1309
468,5,0.4639681301860781,0.1243527043355577,-2.0788528869136664,0.9168211483283263,1309
563,5,0.48243816057973055,0.2708148170997333,2.0237004122789193,0.15009851617158385,1309
581,5,0.4857759339172263,0.08893118658684857,-1.5635797251559749,1.8987010902457637,1309
601,5,0.4910369834287205,0.22939885787141892,-2.2355242275797504,1.5448799469072112,1309
734,5,0.5168229472917019,0.12702066534113615,-2.202664747397983,1.472819042258638,1309
753,5,0.5201819305626049,0.18965335963325008,-2.3716398641353544,2.068446142365496,1309
482,6,0.4667409533782051,0.19695999668586545,-2.6567806966719036,0.8871697076963236,1309
682,6,0.5074714366927302,0.1738648569583956,-2.206362667061307,0.6329668731832943,1309
723,6,0.5148806094276958,0.04809484768001495,-2.1873625638678598,0.3361127703149242,1309
747,6,0.5193740914196024,0.27107662717685427,2.8056908788695227,0.15334550390698456,1309
812,6,0.535016986789581,0.07343184799151403,-1.9107596646894192,0.5649170693267594,1309
835,6,0.5404958249966545,0.24819762895231606,2.9621977689892156,0.7235670915211071,1309
846,6,0.5421828503774196,0.22278601946250953,-2.4391883048761125,1.6353288900407998,1309
892,6,0.5512206398058276,0.17699447180985425,-2.4926610427010467,2.0824864200218784,1309
905,6,0.5551747208649073,0.2471532293686637,3.1082525358845596,0.6209537017672605,1309
968,6,0.5732174949248029,0.202588228746603,-2.30520934396206,2.071697440733143,1309
998,6,0.5799336890835087,0.1657553252489736,-1.4893992005114927,1.5105215389673672,1309
1031,6,0.5906635909072582,0.12819824397091734,-2.118213002998128,1.9946951674933275,1309
916,7,0.5582423409497185,0.2191428762069861,-2.878114245866461,1.237995461347991,1309
935,7,0.5640523677698714,0.22156296542339893,-2.717086875859595,1.182425022587987,1309
1032,7,0.5906769848825167,0.15844185227008897,3.119153081361164,0.6840105767253634,1309
1041,7,0.594061931560544,0.19449437896511593,2.845746424676909,0.9209238117451914,1309
1051,7,0.5971541310953417,0.2677376067578287,2.9527649033709142,0.5384114039294796,1309
1077,7,0.6069422790866452,0.19418327606497698,-2.547599331314399,1.9027659409443092,1309
1096,7,0.616758453834481,0.2536188417025329,2.7760391042794184,0.20500237791597795,1309
1099,7,0.6172469194652441,0.15512799853816825,-2.6363463665179014,0.9079056780891744,1309
1117,7,0.62572352564576,0.05926878295457997,-2.0461226289367285,1.3058226259208106,1309
1131,7,0.6329752137638033,0.22133040185681427,-2.551343095441038,2.0761107275065833,1309
1133,7,0.6331588883761136,0.1681323571994032,-2.286273668634313,2.080066407243284,1309
1167,7,0.6553685169441951,0.09083277578615519,-2.170406118837354,1.5913160489974079,1309
1170,7,0.6586606313758497,0.2569241748645742,-2.410816696604089,1.8162568398998757,1309
1197,7,0.678984410347438,0.16169693998598816,-1.3572915030559947,1.9474385335728384,1309
1194,8,0.6779655886341832,0.16744922832282505,-2.73376519851649,1.4451627951685677,1309
1201,8,0.6820390777373061,0.2113132028132492,2.882289161681586,0.5257936685317309,1309
1222,8,0.696243766046198,0.2542778683934073,3.0884203136687125,0.6379657315367151,1309
1242,8,0.7173929171190079,0.1772545700725317,2.880095517139028,0.4068371230998816,1309
1250,8,0.7241992592847232,0.09538787312867605,3.104078451507612,1.448175894825627,1309
1258,8,0.7332205925283592,0.19534379532951898,-2.3867270657051254,1.9907397799928652,1309
1275,8,0.7582439251862391,0.13477075021441795,-1.5518879082678763,1.8242068077114375,1309
1286,9,0.7888644350681191,0.17247156207065453,-3.088003282094244,0.5773768358420115,1309
1295,9,0.8315279649938563,0.017124320909566164,2.640195182503041,2.211960699411713,1309
1299,9,0.8420022143089771,0.11749870027847846,-1.966038120093453,2.2225749764690335,1309
1304,10,0.865749172378011,0.03329721362081728,-0.6124386815651119,2.789142052836302,1309
1306,10,0.8721561561532805,0.10504059127952006,-1.799187690951156,2.4340339692466912,1309
1308,10,0.8763813948837723,0.1029308083774345,3.002634690780071,0.9512408760696582,1309
1310,11,1.0,0.0,0,0,1309
0,0,0.0,0.0,0,0,1309
1,1,0.044936748628868095,0.034918636977272474,-0.7099527018543386,1.346695748109179,1309
3,1,0.12008547392503532,0.11171314011253852,-0.09635802570040232,0.3451068809554998,1309
30,2,0.23021335703256784,0.18943818593855116,-0.10975792840213415,0.8273665976971465,1309
85,3,0.2927001268812037,0.20657414692003495,-0.20444847537294517,0.8317257612814304,1309
185,4,0.3649009951335205,0.22211294302116344,0.00013927959851796492,0.5518829812547624,1309
385,5,0.4403521440312119,0.22449333459535903,0.6374253334301518,0.5817798652712352,1309
630,6,0.49568539405403067,0.21614816271419673,0.5834593677359577,0.37831252810153104,1309
889,7,0.5519122449803099,0.20775057310859918,1.0320806947712122,0.4010928179160217,1309
1044,8,0.596535148779026,0.2159170000489878,0.7229520690964777,0.5296723774545956,1309
1144,9,0.6415751037817737,0.2224467629773457,0.8240591586100487,0.7024022081064398,1309
1232,10,0.7111928540454533,0.19621754056576787,1.00219192627695,0.6151110318751362,1309
1288,11,0.7879152088621394,0.16351941802769018,0.3091615232843212,0.5216012986992762,1309
1307,11,0.8692763835714966,0.08968571867782126,0.7212722888542202,0.9725748377355503,1309
1310,12,1.0,0.0,0,0,1309
0,0,0.0,0.0,0,0,1309
1,1,0.0941660430233553,0.0922175159093351,-1.9290638741200437,1.3222893122547363,1309
2,1,0.11334842934684919,0.10099075888359223,0.7114113323717769,1.4757393329837107,1309
3,1,0.11341968693793814,0.09319123462775007,-1.7563744796964131,2.014138437160381,1309
6,1,0.14677001593418015,0.14558267694100618,-1.2330776901549552,1.2760281580947461,1309
7,1,0.14858377831311365,0.06245726357970145,-0.8619394918178402,1.334873802051977,1309
10,1,0.15610031431905602,0.11052681737327387,-0.7327322725484191,1.4045067627665917,1309
16,2,0.1824981433548627,0.15660256169492284,-1.2562980963339527,1.2203267506553213,1309
37,2,0.23429567946500762,0.08738461238599295,-0.40988853203879627,1.419921766490239,1309
52,3,0.25253549219869065,0.09131750547435559,-0.4743282385245722,1.3736189303729,1309
64,3,0.26594318751866486,0.08815961853599978,-0.9568885828170896,1.3472113676957502,1309
96,4,0.3038831094239762,0.0667879924275246,-0.8237960619332839,1.7307742086709832,1309
115,4,0.319790886315775,0.13663873709764252,-0.6589214195947842,1.6638049326081297,1309
213,5,0.37595388359164705,0.15784590358695605,-0.8169008899197251,1.8881800609293997,1309
330,5,0.41858559028097164,0.07578885029050524,0.6899282586653214,2.1150292554676424,1309
793,6,0.5313378455658418,0.1613872903921703,0.07682353956199506,2.020100022315231,1309
1027,7,0.6036755226859949,0.15596310126108864,0.1331148834173918,2.024887224207165,1309
1032,7,0.6050240983267647,0.14632635059171828,0.11511894025884213,2.168422756367684,1309
1093,8,0.6285782421161056,0.16698161439170942,0.0739118199809036,2.112436360848194,1309
1156,9,0.6551407404823725,0.16157416868905156,0.013210388592128922,2.2308963364783527,1309
1266,10,0.7610498490828477,0.10597234622076385,-0.33750685057802987,2.3682291887584634,1309
1302,11,0.8405077246064356,0.09873958174857346,-0.16304018707586668,2.3893571939537384,1309
1305,11,0.8628831752846657,0.08323305128460788,-0.18820301633889622,2.933740513929076,1309
1308,12,0.9177607398662984,0.048031952562437565,2.3026825703662626,3.0844500262229686,1309
1309,12,0.921138765203782,0.05730665091732131,0.8962854404594622,2.387698583697323,1309
1310,13,1.0,0.0,0,0,1309
0,0,0.0,0.0,0,0,1309
1,1,0.09615514279356763,0.04763681249946594,-1.580352392191513,1.7330191095570868,1309
2,1,0.10241592671993116,0.0943439310248078,1.2841967723172303,0.11041597125833583,1309
4,1,0.14052321436242,0.05897211158346419,0.16601876446999808,1.9790080278982658,1309
6,1,0.1626087617872699,0.1255575395424978,0.12430022085911174,1.6719940515427096,1309
10,2,0.1834918858308935,0.10030947187191579,0.732746663815941,0.5561650852792182,1309
12,2,0.18598551972627286,0.059290933385432246,-2.1175127292830136,0.47208089863369396,1309
17,2,0.2028673562497425,0.08955190014928081,0.28900930952108994,1.3452864473755808,1309
21,2,0.22173163099513138,0.1537785554543043,-0.03313218720600082,1.8326911224740008,1309
22,2,0.2235021344335728,0.0639042358771699,2.0038011050269446,1.1552462201293214,1309
26,2,0.2318527626358211,0.17584216684938664,-3.003180460327876,0.5817015986619026,1309
35,2,0.24480919756451414,0.2048685320648672,1.806990316948946,0.5987850397815485,1309
36,2,0.24592385670639005,0.1717153201777175,-0.20644846327904046,1.4133624457827203,1309
40,2,0.24994583716102192,0.16408376314205822,-0.20534758494911298,1.557712033946893,1309
66,3,0.2884548941332927,0.01357167897600193,-1.6290068201493662,1.68700867527918,1309
68,3,0.29167687530336595,0.04511049179724938,2.6886463407491465,1.4780253420727458,1309
70,3,0.2930719352815675,0.14609252070958276,-0.2066254942499538,1.4890554244992602,1309
84,3,0.3063842367601062,0.0474476211208012,0.6450343752749421,0.9101313996141602,1309
86,3,0.30679271060261937,0.1609441901905321,1.4552435318156982,0.4501119324351739,1309
92,3,0.31462481394838393,0.10202146011441575,-2.204147126769292,0.23728089548272113,1309
118,3,0.33324836529748825,0.17477040537979419,2.5641717822195593,0.4353057200570021,1309
130,3,0.33783762050321764,0.22131640892018042,2.7177856434662084,0.6823888625797256,1309
150,4,0.3548113238865519,0.16034800174174157,-0.1422687579112702,1.1660827422076494,1309
190,4,0.37413570770271987,0.10225410142668846,-2.3534751906451143,0.2801628694089513,1309
246,4,0.39524139165173877,0.08080832183470425,0.9457987618682862,1.4014761328947531,1309
307,4,0.417669601108859,0.2103656820376819,2.657600819601133,0.49527720433694816,1309
389,4,0.44357714831862016,0.2549747559101344,-2.9822781390022914,0.5620048327840113,1309
632,5,0.4961631845927519,0.1963911618248213,-3.132592614031622,0.592669237723351,1309
677,5,0.5064115586537989,0.1800179636963519,0.5927345586890199,1.3127382743553404,1309
705,5,0.5111173738805251,0.2239151603851774,-3.112982679218189,0.5709619678211161,1309
853,6,0.5458355092296145,0.16569119434581295,0.38989228463379805,1.3484923321554958,1309
916,6,0.5635230776852298,0.22544270863048488,3.1390939844994494,0.44357012725740086,1309
1000,7,0.5860547601286069,0.17435717142060167,0.5851321833495475,1.378431987446447,1309
1096,7,0.6239703403629212,0.19748584181336334,2.9161383409557153,0.6111237354757192,1309
1184,8,0.6716864600816641,0.20938948636439123,0.3955778778513758,1.5332650057118147,1309
1211,8,0.6941669292989227,0.16555904905729638,2.948027808713552,0.9197410159026267,1309
1217,8,0.7002409293119766,0.17681277755838537,0.3170255387887132,0.8999520701902517,1309
1258,9,0.7394789958307336,0.15031588740051577,0.2980811491620685,1.0134888932629504,1309
1279,9,0.7693634599198269,0.13167531965830814,2.9502245079921043,0.8231058469627719,1309
1284,9,0.7782405661143176,0.15635410756830398,0.8000386056561625,1.360798738108697,1309
1297,10,0.8295074958708762,0.14912490513081533,3.018547407428052,0.5527293454567128,1309
1304,10,0.8439867661265836,0.11803670112075151,0.47304711298969027,1.5299207138862252,1309
1305,10,0.8498803234693502,0.09321684733679239,-0.032098116410885544,1.5545808006356379,1309
1310,11,1.0,0.0,0,0,1309
0,0,0.0,0.0,0,0,1309
1,1,0.11662817814986992,0.0734117172085688,2.4740044578127893,2.2578875737097954,1309
2,1,0.12340110384310266,0.11371265675286556,-2.870119368745515,1.2145657971430688,1309
3,1,0.13935934732444832,0.11736584387479103,2.5850199790753097,1.2015435030063069,1309
5,1,0.15529357346222172,0.13386076341216063,1.359452787283334,2.0936135062986887,1309
6,1,0.15767303488300632,0.11751269054949985,2.5759327895179136,2.2927793774603464,1309
7,1,0.15845993965723526,0.13413949909500497,-0.18242069200210145,0.22285164129066146,1309
8,1,0.1608976104078904,0.12602615103590895,-0.1529572337642757,1.2455514140858175,1309
10,1,0.16715242143266162,0.15344794239442264,-2.1273630992510233,0.6989448541757656,1309
23,1,0.21649643628113435,0.21561723752635245,1.147999654662375,1.868290070342749,1309
15,2,0.19076535336317402,0.09080602676045912,-2.533777907304146,1.1911417161091162,1309
21,2,0.21388621556285758,0.09944155546335863,-2.9428819143079634,1.7874908423945213,1309
25,2,0.2208936819037134,0.16561906787957806,2.909585465031044,2.216952881497707,1309
37,2,0.2494839861081024,0.15352426278751463,2.1254580534349823,1.3079000424729164,1309
41,2,0.25459319637790934,0.11025237593323002,0.7250750456620619,0.2994765573572603,1309
46,2,0.2622416015302377,0.20682274813319407,2.8792061140333836,1.1874650632134438,1309
47,2,0.26274140447059535,0.15561610638601997,0.7868760871991896,1.9731043171586946,1309
49,2,0.26423643629976845,0.12297907012291491,0.6580228853085283,0.8870522540632916,1309
50,2,0.26539759741702207,0.1056341645095386,2.660826505064729,1.5934600160459744,1309
51,2,0.26748961614476596,0.10706858624472791,1.53806655634237,0.6787590163478101,1309
54,2,0.27107618310556814,0.24064615650018964,-2.159656306230042,0.5688838270406715,1309
73,2,0.2953599497166216,0.21287824933801222,2.789722698827068,1.0259329461172486,1309
75,2,0.29722445953066634,0.2545753820263016,1.4230511078973418,1.9171643581976947,1309
70,3,0.29136419696130467,0.11300513998938429,-1.8984832740292072,1.0060856950052344,1309
89,3,0.3158960162990596,0.05889708243909118,-2.4254848660646875,0.715830416997432,1309
99,3,0.3214078318300254,0.08664742841395219,2.852887333302503,2.8483552967386467,1309
100,3,0.3214527622578722,0.15611351549830693,-2.8482023486923063,1.3439514181064744,1309
108,3,0.3266155187861043,0.2285604348998057,-2.2267195776003064,0.4138202554286986,1309
123,3,0.3342554461162729,0.2636579623612216,1.321437505515708,1.9733942245254061,1309
128,3,0.3364969653598441,0.22589226741817325,2.8834229781149947,0.8751916686360193,1309
133,3,0.3409533348638296,0.12183498968652767,0.4732556000106184,0.7114215729920615,1309
137,3,0.34281277680528954,0.1446091672387292,1.2737117230878163,0.875165256238082,1309
148,3,0.3497309520256343,0.13195286293197045,-2.9588917906840217,0.7170496225180951,1309
155,3,0.3518000223611648,0.1557435949322872,1.1914460178438553,1.250340197093525,1309
157,3,0.35321360013446546,0.17098318383796676,2.628053060228103,1.6443635243334165,1309
160,3,0.3548764699650325,0.06900043261944509,1.3030012771803376,1.6624097487872693,1309
162,3,0.35556950160339806,0.08007458585707301,2.35901118438846,1.1909255818649584,1309
174,3,0.3607262319138025,0.2099761686312836,0.5776369150568684,0.9242693526736702,1309
195,3,0.37003692752023865,0.12184676381659332,0.9829048315255323,1.48053881576061,1309
262,3,0.3969876277274548,0.19069187849304528,0.3414568614334159,0.7435823581951707,1309
201,4,0.3739187532497389,0.2717288262523569,1.3803773392562508,1.8413317178318072,1309
229,4,0.3843991602852027,0.12662536976971753,-3.0377738385145285,0.8006005771321704,1309
231,4,0.3864397642474957,0.12200238443830784,0.4548318116889685,0.7221401136819261,1309
248,4,0.39291446600940283,0.14872044289970957,2.982797803606774,2.9181676799571434,1309
281,4,0.40383967243520247,0.1675191177468224,3.029320318216741,1.3197523001963405,1309
294,4,0.40672913298804314,0.23849539828316169,0.5456214756051596,1.003949397395235,1309
334,4,0.41873858932204877,0.16562921503210612,3.017698783595105,1.0471560581888013,1309
336,4,0.41974357696713926,0.1320198392504694,2.7022437985254357,1.442400174931011,1309
341,4,0.420746536582874,0.15727841981095783,0.5613617284793888,1.1348193389529728,1309
361,4,0.4270052811306786,0.1972308550497508,3.050490979321356,1.288969458178993,1309
409,4,0.44184372006340145,0.17310378346080302,2.9728621346063835,0.4220366829071563,1309
422,4,0.445779443032952,0.14775160483528477,1.4366901546236128,1.3349211979564628,1309
431,4,0.4483851975697847,0.18756278300317591,0.37390461457634266,0.8654522543647988,1309
445,4,0.45337169359575824,0.1430795793741583,2.686210394896266,1.0582228354791732,1309
367,5,0.4309677792992386,0.2980803788442134,1.3600278264585457,1.9770541435857907,1309
522,5,0.47559701208766936,0.15058739775500035,3.033608836225275,1.2784720034045252,1309
539,5,0.4790132492042327,0.140986372910633,-2.0379471008719072,2.7286128052815757,1309
672,5,0.504800900444823,0.18324287026097297,2.7794765660420913,1.416164302409386,1309
817,5,0.5380151011289248,0.14631470836270188,2.5223880394464744,0.8761702293524083,1309
831,5,0.5421179347980917,0.1674740442849638,1.0034029591005296,0.9409467048704917,1309
748,6,0.523671585066925,0.34989296750781324,1.39554417721588,1.867664593972876,1309
810,6,0.5365577951568237,0.16896404990037903,-2.5290839752739185,2.569021188379813,1309
977,6,0.5839909745948701,0.1690492511248336,1.171388724058859,0.8201085346872592,1309
1039,6,0.6030351113267426,0.12342843557816376,2.7602789362759013,1.2345799271351956,1309
981,7,0.5855485638194539,0.32162976163345824,1.3037997383774136,1.8889471129230138,1309
1131,7,0.6454477021872796,0.12841412323077053,-2.905129239539237,2.8088648035093278,1309
1153,7,0.6536750698208872,0.15830539060982735,1.2144743203089865,1.0139079881176345,1309
1176,7,0.6679086769610801,0.09198392520944312,2.2888221591960267,1.386223309409467,1309
1217,8,0.699530083623764,0.10763642495700944,-2.4730353932946145,2.8049031712546504,1309
1245,8,0.7332568487887597,0.15850546617980205,1.3017344020407153,1.3582293599671627,1309
1254,8,0.739244055340504,0.044412703965710794,3.0491401043712116,1.220631293765845,1309
1255,8,0.7394948145965592,0.0980860566396415,2.434802755864345,1.7228972353733087,1309
1262,8,0.7477524720629144,0.19274017237975433,1.2178699297077955,1.5805991961503028,1309
1276,9,0.7740164829012299,0.1902199130881267,1.335010223908858,1.4250245754897362,1309
1286,9,0.7996049941857126,0.17326961759024415,1.153064216238647,1.5517961526343025,1309
1299,9,0.8436095752389451,0.04900150457212081,-3.0471051415618704,2.656430654618215,1309
1308,10,0.8927171769222827,0.09452577960752544,1.003879402522989,1.209875516283251,1309
1309,10,0.903006318348387,0.024333024556167128,-1.473230701901672,2.759961803891024,1309
1310,11,1.0,0.0,0,0,1309
0,0,0.0,0.0,0,0,1309
1,1,0.09949293914086488,0.08294719386258062,2.909341918568327,0.8513877763916745,1309
2,1,0.1061632293694027,0.02566877169678137,-1.8790560596833146,0.973911925597148,1309
3,1,0.11094667307234607,0.0727140544144141,2.554513405038994,0.5295262531558864,1309
6,1,0.15521706474914065,0.14638809372636552,0.008030931319739568,1.2765414938507658,1309
13,2,0.18784721607522603,0.07357060441079692,2.0685300129262685,1.053352664214252,1309
22,2,0.2117197682204659,0.12650986091879668,-1.8427350791754555,1.0799324092881215,1309
27,2,0.2218731015434996,0.13049731414081978,-1.1523532997780752,1.099401697519714,1309
47,2,0.25871861865010426,0.1372585886568746,2.3410696432236513,1.9796787954884525,1309
79,2,0.2943614525733079,0.2692226107308288,0.07622107895901167,1.5487196625155304,1309
69,3,0.2847830153539386,0.12110048981975258,-1.6028021587052437,0.9551457801737514,1309
86,3,0.2989908338207955,0.10697610681309613,2.075101707957717,0.8862077658489423,1309
124,3,0.3314747162996676,0.18285038622385566,2.211315374003758,2.163769441104633,1309
145,3,0.34741629800637186,0.24744328966693716,0.031067448585416026,1.392602710014515,1309
121,4,0.328611303370974,0.14820339104703473,-1.8274881359854351,1.097013199965834,1309
209,4,0.3768520159198189,0.16665871455836107,2.0871770327388135,2.3807415284151325,1309
240,4,0.3916535753901672,0.27833438134990873,-0.026374504524401234,1.3786264709074931,1309
307,4,0.4119148525100317,0.12714497920921405,1.8880864064841596,0.765043360439548,1309
346,5,0.42534739067128324,0.14443765069741388,-2.3502379191467346,0.9926633924439332,1309
432,5,0.45017289187872767,0.18848070506460016,2.367516735713351,2.591268064408508,1309
488,5,0.4659662152022591,0.2088222450422356,-2.5049387150678,1.2502263850665283,1309
678,5,0.5098546693298764,0.19419173181363328,-0.01907807456282593,1.1998914704182242,1309
686,5,0.5111987753312296,0.14736911350890816,2.3110977508018204,1.1423106100953955,1309
662,6,0.5067384827540914,0.13047887232384084,-1.8633873636939855,1.165379889351498,1309
668,6,0.50779529449877,0.20061456641646025,-2.1917570402192337,1.291194507502019,1309
703,6,0.5143076928971386,0.1624837088913758,1.9693697720796315,2.6099474663293387,1309
751,6,0.523908202760196,0.21263293571861788,2.8641711277755926,2.748078712522084,1309
776,6,0.5287508261835028,0.26668864632152356,-2.4641670754004785,1.2690547341421239,1309
796,6,0.5336488120384848,0.17883604429336739,-2.0029955276585065,1.3520973702211927,1309
831,6,0.539935470482661,0.19177019114352464,-3.0951005214386904,2.9533352855939183,1309
872,6,0.5510087777998848,0.10037564423419822,-1.3580654878267775,1.3578366241421027,1309
892,6,0.5553353109658541,0.16130907893862742,2.4298814935301145,1.342654483217337,1309
894,6,0.5560065748867055,0.23971750487957663,-2.6317034598300193,1.2238146140498158,1309
897,6,0.5563064646442626,0.1982016997783532,-0.02386714050420441,1.1785247762849338,1309
929,7,0.5647958872812661,0.19762606226379936,-2.2512316077255847,1.5330827319730702,1309
996,7,0.5869280711471775,0.2084205563060836,2.1410320362999293,2.999712092462637,1309
1014,7,0.5924465048686808,0.19839342358516315,-0.1556712510603322,1.1181087160881684,1309
1040,7,0.6014978818812583,0.14565039042569367,2.443071050499735,1.2394802546370458,1309
1043,7,0.6032542671551953,0.22380485561462257,1.645905377649122,2.8564480769799814,1309
1048,7,0.6058883303621098,0.10086407442784716,2.424793375337157,2.6254789686600346,1309
1053,7,0.6080523096153881,0.07449124806274353,-1.129752048653157,1.2531184430327205,1309
1075,7,0.617928511057799,0.25477296607129324,-2.6912120569610716,1.4101593468330171,1309
1095,7,0.6245947947420715,0.16664058748277477,-2.37887190875998,1.1067786584789214,1309
1105,7,0.6290054201634121,0.1237585455957486,1.3717035107454447,2.355475830256989,1309
1107,7,0.6296729569364716,0.1482535299028803,-1.2921057237448579,0.7807211633973022,1309
1155,7,0.6599961406924705,0.26461768761971827,-2.8478101861112726,2.7886359966556395,1309
1178,7,0.672706210051101,0.26656089452822784,-2.894659726063328,2.723484723667643,1309
1162,8,0.6622327047697758,0.1147908932681425,2.509126718253857,2.55631349635891,1309
1163,8,0.662919611839188,0.1805424085561693,-2.1577620225701915,1.1116051571775158,1309
1169,8,0.6668499712299079,0.12500121627643684,0.9926009677202862,2.2840665163024716,1309
1194,8,0.6842565025990639,0.16794911570022808,2.8026456416146166,1.2095245355370996,1309
1198,8,0.6857684147681103,0.16201637581269202,-0.8616078004503775,0.8045201280330834,1309
1200,8,0.6876963467845797,0.16873241439778613,-2.87575438250619,2.6476527809115877,1309
1206,8,0.6904872397493178,0.13871695511916532,-0.8888061287558595,1.5887340399475822,1309
1207,8,0.6909237616357446,0.10061444035591417,0.8563449684219925,2.3016970832038597,1309
1209,8,0.6930960531425746,0.13212169164218554,-2.300098992077009,1.0239502725945941,1309
1212,8,0.6945519883464617,0.22383854030142183,-2.3747321469105307,1.58367240741062,1309
1220,8,0.7029628896677504,0.1448104133900929,2.757547919795739,1.0375563965851287,1309
1226,8,0.707856513103526,0.21099593830176894,-2.5468608642126402,1.1003471221632795,1309
1234,8,0.7121409235714482,0.18355627922674972,0.20889915881721902,1.4347708642887147,1309
1236,8,0.7130712128875603,0.17718616154110417,1.8725800626883284,2.4265660030751373,1309
1240,8,0.71919158534162,0.15804563599624283,-1.3531452837229632,1.2071010626441183,1309
1241,8,0.7191928319903668,0.1292294104292862,-0.947199333296181,1.1398428096369106,1309
1243,8,0.7218185237172877,0.16802167890207212,-2.1090842363696485,2.219604407588214,1309
1260,8,0.7467388855523437,0.2198163924960192,2.8443393380527464,2.80870877726128,1309
1261,8,0.7472463878028559,0.1490227123925758,-1.143558817359017,2.2350163931846807,1309
1264,8,0.7536753478298958,0.05511460807865351,-2.1288549437616027,2.443258388062409,1309
1268,8,0.7580497797510171,0.0863177047760018,2.708376087002332,1.0519172694267505,1309
1265,9,0.7545157836803761,0.15265625747181075,0.9686261833029829,2.824505007125803,1309
1267,9,0.7555296723515871,0.1596412505806157,1.6316198683753922,2.4587208643783356,1309
1271,9,0.7629974576252698,0.1057813604471701,0.49859960910757445,1.8874601380618976,1309
1275,9,0.7708530252510182,0.08225569733673092,-2.737358688174647,1.8808532380819334,1309
1280,9,0.7781576998104933,0.15391456144355314,-1.2071255854904999,0.7765587928290756,1309
1283,9,0.7812567414284523,0.13472169246378848,0.4176646312962709,1.506120330463405,1309
1285,9,0.783893840991018,0.1357440352920714,2.9405201824546356,1.3400687405972767,1309
1291,9,0.7978531682999004,0.14038441219362044,-0.1834206637919018,2.293244258741251,1309
1293,9,0.799382894481211,0.0866244977486924,-2.3691142736507147,0.5065271309731607,1309
1295,9,0.8017832990885226,0.1722875707793658,-2.250393982207953,1.2956070967859736,1309
1296,9,0.8033006991958992,0.14474002353363435,-1.8980735524636416,0.47831388002591935,1309
1297,9,0.804384191638323,0.10534456374750571,2.157822514309235,2.04230285359769,1309
1301,9,0.8218899629738583,0.16388676507436856,-2.736426809038179,2.7778380097771973,1309
1302,9,0.8452049426214162,0.055753328165622895,2.5218076579845854,0.908031875359947,1309
1303,9,0.8485522769428884,0.10383154412793301,-1.7962164376348897,1.8497166565782386,1309
1305,10,0.855498457071881,0.13039178697868087,-0.809198284588334,0.9486044862737812,1309
1306,10,0.8775645187121981,0.10507234688011088,1.2094085555929843,2.4333831439682645,1309
1307,10,0.8915042404543455,0.07969670233041921,-1.9738837685214576,0.7024030762602064,1309
1308,10,0.945101142759987,0.0482429667589207,-1.7670854424887372,1.7680667668766636,1309
1309,10,0.949395914258492,0.04086209570076979,-1.99380052708096,2.5995831515909207,1309
1310,11,1.0,0.0,0,0,1309
0,0,0.0,0.0,0,0,1309
7,1,0.15516341011798562,0.10071110764656167,2.8039447485329645,0.5939396645130663,1309
19,2,0.20572040151702609,0.11220520573158457,2.9328949647193756,0.43597613550606934,1309
74,3,0.2857537060670523,0.10009231417682621,-1.731568020601445,0.4750672188265499,1309
190,4,0.3637238426830224,0.14919243846378694,-1.4264326983810496,0.4862036542060524,1309
439,5,0.4454718043213737,0.18187618401867547,-1.4053185927978091,0.4473159297477569,1309
867,6,0.5450016347194648,0.18016140015942986,-1.549391534471363,0.6167308404403914,1309
1087,7,0.6201070187642792,0.1283978335416803,-1.324099359923328,0.9251151156216405,1309
1250,8,0.7203456917782181,0.12963725105405816,-1.1521754949585659,0.2779693188634491,1309
1264,8,0.7350333831820792,0.11041801466116863,-0.5502765268097073,0.5443081841044869,1309
1283,9,0.7715355606233907,0.13046302449512256,-0.4721486025748348,0.3403449642832977,1309
1295,10,0.807912762787015,0.13781606712244268,-0.5247772780305676,0.43149154136218054,1309
1299,11,0.8433011963140667,0.12624052555752888,-0.7507397486566301,0.5564545222577543,1309
1310,12,1.0,0.0,0,0,1309
0,0,0.0,0.0,0,0,1309
2,1,0.12833897158170193,0.08683940763525788,0.3250246553971619,0.4753002142210916,1309
7,2,0.16643545340205812,0.09308865840808142,1.3630613693728784,0.21629123327725377,1309
31,2,0.2441867746074653,0.14707110717003108,-1.4372850828082813,0.6172561504847166,1309
67,3,0.28302124230037895,0.14910922544395208,-1.6159148930260285,0.6432395721271548,1309
110,4,0.324105124577873,0.14535904887846282,-1.9982400105113742,0.6918376421993109,1309
333,5,0.4207376581348151,0.14480001021003824,-1.9934834318453167,0.8652483729226664,1309
495,5,0.468911146371363,0.1931681346052913,-1.948612631760824,0.8780586818399616,1309
752,6,0.5189070242549186,0.17616528071000734,-2.0812571538748412,0.999972319271512,1309
906,6,0.5605824230861275,0.10431222724276915,-2.3540701085667664,1.0326333788154116,1309
1170,7,0.6610797086847009,0.13090224046995808,-2.820839253052594,1.5443683316950387,1309
1237,8,0.7028392984968997,0.13996417337390152,-2.702573867031526,1.5469029970589663,1309
1278,9,0.7540664865292394,0.17765767170085292,-2.9085904019356863,1.5425005298649546,1309
1305,10,0.8411367056541683,0.11493631168578372,3.115000591243988,1.738619835370615,1309
1306,10,0.8484904857426299,0.13994163563782733,-2.91411943121737,1.1985145640374575,1309
1310,11,1.0,0.0,0,0,1309
0,0,0.0,0.0,0,0,1309
1,1,0.08511651537246734,0.047586074007893206,-1.559553568668559,1.5859454834777098,1309
2,1,0.10416174177819659,0.09454600546025337,0.238872261679959,1.3610106889032367,1309
4,1,0.14296447977261917,0.06534332098612432,2.507850552349965,1.4307227341649453,1309
13,2,0.18099357151398976,0.061447178215134464,2.292014380505023,1.8600449182816052,1309
14,2,0.1837415783000872,0.12606200594978595,0.3648478396225478,1.098784720149767,1309
17,2,0.200495735596112,0.14508371419654575,-1.67095325525342,1.1909348482866076,1309
20,2,0.20450317399572493,0.10907073548946453,2.6170784831052956,1.3807256539170008,1309
33,3,0.22056120171317306,0.09481067519918678,2.2159898763848935,1.6404168200969282,1309
40,3,0.23849353398517825,0.12319747915416152,0.4474393720306033,1.332235187987418,1309
45,3,0.244813443591266,0.08445418128122933,2.8627163636336586,1.546392182395829,1309
89,3,0.3004864025098065,0.19917244971183448,-1.141537589471249,1.2011633329643887,1309
79,4,0.2910722239718845,0.1521889236098035,0.7596924872852026,1.3391475358331335,1309
97,4,0.306785774174237,0.07830019738983775,1.6196818530267407,0.9251005090573722,1309
117,4,0.31815126082628553,0.1673022764095462,0.7739661009999479,1.1415526602960269,1309
118,4,0.31850546925485534,0.08884275896054712,2.8496079361541806,2.29627136203425,1309
145,4,0.33519562863959906,0.20394080108551876,-1.0974977017238328,1.325544926075901,1309
159,4,0.3416805045978596,0.18432707757984215,2.2383025600906397,1.7490254052106338,1309
211,5,0.3733188081005767,0.10421995875091125,0.9162857349678004,1.1897226327251154,1309
231,5,0.3795464137618303,0.1697524531512583,1.0088538707789874,1.314345217129356,1309
243,5,0.38305919843760017,0.1015790481697038,2.1390399690223982,0.8439409500106269,1309
293,5,0.4027671433248542,0.18514245411262947,1.3361489483963442,1.4256058426560678,1309
302,5,0.40554110318950387,0.17151395917392293,-0.8528671845729603,1.1185430877711582,1309
311,5,0.40799629754584776,0.2281976436916269,-0.9458377715686624,1.510343932639457,1309
338,5,0.4162311226136204,0.18152045377125137,2.3016232647166968,2.1172177553850555,1309
373,5,0.4299708617933211,0.14090674780345222,-2.8128193883915955,2.6180273391921216,1309
417,6,0.44512118136860035,0.1561030964671957,-0.677322068407078,1.1628067548422503,1309
540,6,0.4848086673887365,0.19319298699184406,0.5613164165118377,1.0451056622204378,1309
559,6,0.48955603991781804,0.17846088027627804,-0.9175373248329393,1.595143683269418,1309
574,6,0.49341606993928655,0.12332731178540901,1.0625166825732353,1.7156136408985139,1309
598,6,0.4979675484360587,0.08353858195125884,1.9311355309304217,0.46804549895679237,1309
643,6,0.506114473894417,0.1937529851191878,-3.0011135612161297,2.4153659654222097,1309
660,6,0.5095413132628163,0.15785524769136625,2.061155723177764,2.490046279671744,1309
668,6,0.5114124216155208,0.12065151275467358,1.2674492341077805,1.4845008374454254,1309
744,7,0.5278347045380779,0.16630174196999298,-0.4786318142999601,1.6124010783390321,1309
796,7,0.5395089185448475,0.194399637835092,-0.9880185273208271,1.7421857798615064,1309
808,7,0.5424727678574784,0.1186855173468509,1.2980826943143815,1.9045175202546554,1309
900,7,0.5678100457447174,0.19069517063472827,-1.362209164597726,1.353016285434243,1309
921,7,0.5725171448691516,0.13035969150307036,0.15062461841866825,1.134570052000592,1309
934,7,0.5740711380209547,0.14325121785381376,-1.4224362087247395,1.6172286259150868,1309
984,7,0.5860490942358297,0.19749283026506956,-2.9312874696877174,2.330268096679072,1309
993,7,0.5896302155851627,0.10280764523872539,2.1631901818403363,2.283779001682748,1309
995,7,0.5904372106676875,0.12438989797064239,1.5559443063781153,1.090891586020956,1309
1026,7,0.5994514505038624,0.1857232294362971,1.612607843048025,1.3410263020977549,1309
903,8,0.5680357823891031,0.19344534998134572,-0.9588082174253652,1.8611872052092364,1309
1021,8,0.5977805666558783,0.18553176639591462,-0.514448842541047,1.471854036323242,1309
1039,8,0.6059125959261361,0.18274872587099467,-0.4783759750722518,1.5920458828995774,1309
1074,8,0.6188122485907179,0.16644979696817291,0.861027845430182,1.8849709342030982,1309
1105,8,0.6353804612701496,0.1561477943085353,-1.2680648104115237,1.4221090754737917,1309
1116,8,0.6400026038486307,0.11302433182647828,-0.15107846445707668,0.6751599007458681,1309
1134,8,0.6449166307956745,0.052015889257624424,1.900948491252538,1.6803612149945002,1309
1150,8,0.6543463461563762,0.20297109425183738,1.4952028054832365,1.1370174709162313,1309
1164,8,0.6640285830197894,0.10766934047370635,0.5620950712448861,1.5706009524916573,1309
1192,8,0.6792608453478741,0.1819424415316245,1.4054707808490832,0.7392890449614359,1309
1196,8,0.6808752441152067,0.11526817844467399,-3.0654530818353516,2.1849251020870657,1309
1204,8,0.6866548941560396,0.12366485182642226,1.6450299862528392,1.3651293272229936,1309
1201,9,0.6856753731585784,0.12610651848711701,1.0690429622008584,1.7073189531278223,1309
1216,9,0.6977378780532605,0.12410111481349158,0.7062913816649932,1.8965864046563952,1309
1231,9,0.7107833126729536,0.1813577705763833,-0.0010196482640687224,1.7463929927154564,1309
1238,9,0.7162931011350853,0.22782864251737694,0.5560717732465498,1.7707669446286318,1309
1242,9,0.7218095402314963,0.16866066553266734,0.37306510353787725,0.7928720516367829,1309
1244,9,0.7225517347757131,0.11878938422401274,-0.06091914909218003,1.7834859322390468,1309
1256,9,0.730513299699025,0.11453890230268125,-1.2726104775323188,0.7750117014261775,1309
1261,9,0.737969303238323,0.16636494150014478,0.32373916494357885,2.0224988723617723,1309
1262,9,0.7390469381870515,0.16131035664456447,1.7334326262248998,1.4983884116278121,1309
1264,9,0.7424746100515163,0.15342496684108434,1.4435312552613406,1.0663515394919119,1309
1267,9,0.7470761659859151,0.17381499708164358,0.6484303229702589,1.8232863041372926,1309
1283,9,0.7738677307765798,0.09949285647670202,2.4736913054707323,1.806769339232893,1309
1282,10,0.7706110220819393,0.10267449763219004,0.8224350933425882,2.0632463330326076,1309
1286,10,0.7810709748625743,0.1348350910803886,0.47109627986111624,1.0627858526993,1309
1291,10,0.7944536154931975,0.17514310953207388,0.6529460288802594,1.9729446295286326,1309
1299,10,0.8100262365657284,0.11382672265959796,0.3294220444686812,1.5977724166196114,1309
1306,10,0.8573998544353906,0.08786746291128031,2.1627003733178736,0.15109679555479666,1309
1307,10,0.8762996645489256,0.09266753167234036,2.5820748094304378,1.0907961732503013,1309
1303,11,0.839308030001554,0.14564170936327905,0.6682895601362103,1.3620901281722284,1309
1308,11,0.9146209770633538,0.07455087602390298,0.5719808471202754,1.7560605044188944,1309
1309,11,0.9377968530105801,0.05060007565942338,2.3793661734769973,1.22409712398236,1309
1310,12,1.0,0.0,0,0,1309
0,0,0.0,0.0,0,0,1309
1,1,0.0968466868968777,0.07452448100755828,-0.6704496377890845,1.1903865192979897,1309
2,1,0.11529861430714794,0.06154403508658626,2.2513929797366106,1.9817744354791453,1309
3,1,0.12397762813924629,0.048551891895021605,-1.2083723979662013,2.0520581229249077,1309
4,1,0.12698034500733502,0.10123945275388962,2.3127310042319333,1.2367714697814916,1309
5,1,0.13439966825204497,0.12154907698783747,2.5335117620986454,2.4691086779284683,1309
7,2,0.15508762650223162,0.09347846028388061,-0.08578697896519462,1.1968759061261889,1309
13,2,0.1972656578935249,0.0686446334557664,2.987066860734091,2.3145710795628527,1309
15,2,0.2003020284975049,0.11615347506669277,-0.9461841365732235,0.5730340664402039,1309
16,2,0.20039681988161084,0.09017831288566013,1.9736560715072502,1.9384122810836817,1309
23,2,0.22761452342579624,0.16324197931254814,0.07605122417360935,1.2594003364779196,1309
34,2,0.24301884279865482,0.12400361328114186,-2.5073240762319013,1.7713147301226535,1309
38,2,0.245628050584898,0.11693807163469827,-1.5703804514364472,1.6212678811148602,1309
27,3,0.23271514544197447,0.1358716573251451,-0.48396895802282053,1.2917307687404613,1309
51,3,0.26473144495392287,0.1668454854661071,0.05970486249711337,1.4434510960217115,1309
65,3,0.2755292016773764,0.14026330227539272,-1.7841422061925165,0.708889507963275,1309
77,3,0.29018717500716384,0.09148349932481739,0.7308198718983624,0.4102938970155442,1309
79,3,0.29160500832163117,0.11198483524643243,-2.362466029859266,2.125694200240202,1309
80,3,0.29483933146716634,0.1103206011831971,-1.1630560631053153,1.0955593288843999,1309
84,3,0.3022658701717632,0.10556136540212818,1.4671942755358691,1.5112396547575238,1309
94,3,0.3108837559958977,0.10637983956608374,-1.2819719435020245,2.550547227345378,1309
116,3,0.32574521434475945,0.11147505759486227,-1.4636898312933895,1.4949376496579956,1309
134,4,0.33920352875241944,0.15532708683882193,-1.6262110297013508,0.8200984404564603,1309
143,4,0.34375395403601794,0.10160448840540104,0.03129100227716602,1.3965509701990164,1309
172,4,0.3631860147517232,0.10524378663272843,1.4488826267026285,1.4697441169626753,1309
180,4,0.36797385688339834,0.12282039203756046,-1.6243989643415186,0.806723774006867,1309
198,4,0.3760426423027501,0.11090026334611078,-0.6158300923377233,1.2833331480325054,1309
286,4,0.40561499383394684,0.0525321345940087,2.3744489132469133,0.10544933264306867,1309
313,4,0.4174175952968051,0.05861802547902545,-1.2487037523627507,1.5781157749092434,1309
317,4,0.41806781424511574,0.03826423528585511,-2.242625174318657,2.06245366863606,1309
385,5,0.4397800098677094,0.10768907229962459,-1.550360794981163,1.4173278230796418,1309
454,5,0.4571063565298721,0.12580036176027196,0.8633854950050434,1.6531568039279376,1309
543,5,0.4798125282860112,0.029664386156862413,-0.589801837019247,0.560255097916295,1309
963,6,0.570477038807291,0.0911626595539231,-0.19183487049643566,1.8722889988354248,1309
1086,7,0.6158980160559638,0.04942199388177125,-0.14142944710835664,1.7320076124863948,1309
1170,8,0.6652290859108706,0.07706833673762568,-0.7377247343715997,1.9427351333073046,1309
1275,9,0.7619461379609461,0.05501865207323098,-1.9404917523250322,1.6859014464593414,1309
1295,10,0.8030336523144721,0.04153449341472252,-2.264879217579542,1.782810042724006,1309
1308,11,0.9206214804605639,0.07637454261870219,1.7471989625568007,1.388298964906893,1309
1309,11,0.9242539064018185,0.034821855399259666,-0.9069806036442201,0.6499928529263181,1309
1310,12,1.0,0.0,0,0,1309
0,0,0.0,0.0,0,0,1309
1,1,0.07660525822444564,0.030084646119339132,-2.5643153389172024,2.6813696630882973,1309
2,1,0.10361753841050603,0.03880673285513451,1.4321238505005363,0.982077420223054,1309
3,1,0.1544555166284235,0.14203357623755983,1.6992163244907588,1.494844391090914,1309
4,1,0.15751780587606268,0.0878624829571547,-1.5148407230893874,1.6828178229689164,1309
5,1,0.16389342274847718,0.15922884060863954,-3.006900314284412,2.3440445430240326,1309
6,1,0.16656131713309963,0.11042172376025863,0.4507580488913801,0.563339734412121,1309
7,1,0.1725572204475484,0.12418057575772572,1.9000140271302308,0.7947367253923094,1309
8,1,0.17376993686146325,0.12513752454837787,1.0899836995215377,0.9634356386750218,1309
9,1,0.17845173143111748,0.09864684142761762,2.718301423772608,0.8438599210702709,1309
10,1,0.17893104642990432,0.14003792691554773,-2.164888102748641,2.486498302689665,1309
13,1,0.1836123801471995,0.1364606617815563,1.2432865807882252,1.8829226124055913,1309
16,1,0.19307659113625764,0.15145437462597353,0.41478653360193807,1.763197857374497,1309
17,1,0.19339622256828504,0.1816980645854666,-2.3614703980547502,2.1188214731677335,1309
19,1,0.19505904788808026,0.13402207645632974,3.043785731762315,1.2533075675081207,1309
23,1,0.2095048733981295,0.1456617114452735,0.7214747538388993,2.1147076000219363,1309
32,1,0.23274772465653526,0.22244204949314272,0.7510764859646176,1.66758287160678,1309
54,1,0.2703250981447639,0.24196559311855564,0.9317010531682661,2.5207271227947703,1309
18,2,0.19446800873842318,0.15769013961607342,1.6461205143889377,1.3995919073942555,1309
20,2,0.19749210236223758,0.0761601636956358,-2.3249114417125734,1.7911204819530848,1309
27,2,0.22610840716496983,0.14308719339458828,-0.3108801091267532,1.8559002998261314,1309
30,2,0.2313886136054425,0.10182938136032377,-2.8982158597234617,1.989647801322609,1309
31,2,0.23176814768335552,0.10166977723211822,2.1882748841417863,1.4944233795011743,1309
33,2,0.23318649858739648,0.16157202531025144,-0.3971588187402725,2.9414496063128994,1309
35,2,0.23543367406831828,0.08597221349397534,-2.0902715933302214,2.348337809852585,1309
38,2,0.23904554625444452,0.07772502220259427,-1.8401294841915874,1.3892753715473742,1309
39,2,0.2410685552050965,0.05366713219338705,1.398721118096107,2.3374757089354237,1309
43,2,0.2532772432298507,0.14843229418593135,-2.844748182836516,2.8541399399399805,1309
44,2,0.2553146890615632,0.1718154745297675,-3.0036285490774812,2.4984038927340166,1309
47,2,0.26177537979798904,0.1647167291414305,2.549206321370209,1.217639694792586,1309
49,2,0.26298413512487606,0.17937026237487394,-2.4749787669440435,1.882550731459678,1309
53,2,0.27016063581770433,0.18919357525783242,1.8002300700220357,2.8963531761706816,1309
64,2,0.2871911655850553,0.07035359127069339,1.283665779010847,1.5804598972703614,1309
71,2,0.29316702990792354,0.13486819077165765,2.849078509878543,1.69309199591945,1309
80,2,0.30579389060577533,0.27494436070783274,0.8794699767663319,2.5344134991141405,1309
102,2,0.3236497908582,0.25042364716900517,0.6581850265157188,1.9237913862158582,1309
48,3,0.2622175995067434,0.17402100688775093,1.458812727234259,1.277383741450306,1309
78,3,0.3042949303776131,0.1408448142085037,-2.8633643075372937,2.632205648579612,1309
90,3,0.31593756785763316,0.15384868577873761,2.29141352216204,1.8989671947241171,1309
95,3,0.3199238219056323,0.15050770678892325,-2.8284666629820343,1.5219683593504068,1309
99,3,0.3216467148395741,0.20583339935062922,2.071937447440242,1.2852161728665075,1309
105,3,0.32382885937073513,0.08188463612943647,1.9950131170866474,0.898355262816396,1309
106,3,0.3248276887963131,0.20750783776204873,-0.583791143799607,1.753297185534941,1309
108,3,0.3265657959374063,0.190360073355049,2.8387218175624125,2.6963299017101376,1309
124,3,0.3381202061241416,0.22329393841926903,1.1653295776520378,0.9312356721587746,1309
129,3,0.3438346071745524,0.1736074168345431,1.2946951875248667,2.234067425071088,1309
152,3,0.3565383715363387,0.18875270893667007,-2.943641899807553,1.950159206169922,1309
193,3,0.38174638794825444,0.07272953287832501,-3.0909130875440565,2.229966245273062,1309
202,3,0.3848899390639473,0.15747590024121774,2.3611465430618384,0.6719764170963782,1309
205,3,0.3860503673224056,0.0977160501945561,0.2985234503227108,0.4772975762310098,1309
238,3,0.3943474180707027,0.11780798267324752,1.2750189610508977,2.63146547128972,1309
252,3,0.400682564756638,0.272178500965168,0.7106279028928401,2.333577634957426,1309
291,3,0.41330419559156206,0.29718518651969505,0.8010584350857094,2.1522516315812736,1309
196,4,0.38230379476573095,0.1463270648222963,2.4737495966579472,1.6596610252516626,1309
219,4,0.3896529023255082,0.1384141225026032,2.1819372783780637,1.8250225967347409,1309
220,4,0.38989469164559987,0.21247890206692643,-2.7898376934919713,2.7260147559110552,1309
228,4,0.3925463035705824,0.13157191240339527,-2.7175378766054807,1.5130462341865862,1309
229,4,0.3926548890187693,0.1448998709835908,-0.4864417292088295,1.7510104322687496,1309
237,4,0.39417977118233405,0.20387498282457694,1.3761421776106886,1.0106622730096195,1309
239,4,0.3944441556700511,0.08929819644142363,1.9790733704751924,1.2620235161641582,1309
247,4,0.39720115169993353,0.2875912274505892,1.5169329367537656,1.2886226624065673,1309
261,4,0.40634521189482853,0.19416199278112956,-2.82982868280003,2.1046674286200373,1309
300,4,0.41569559434792824,0.10860861152094006,-0.5793503301118598,2.832917676260803,1309
305,4,0.41697931079676887,0.15882733611637556,-2.382967144725522,1.3515593090164157,1309
343,4,0.4298434171552563,0.18334781958742066,-0.840719300746501,2.7824657529853436,1309
351,4,0.4313093462137437,0.21186274693137627,1.24847105313278,1.9272090118985508,1309
363,4,0.43513593516210347,0.24642918422044638,2.3140961529589728,1.921529019029644,1309
396,4,0.44589445247335924,0.21979594546225484,2.8808359910849437,1.8795844050999695,1309
400,4,0.4460477711864361,0.2938064374177293,0.7898167991937032,2.0632241030465788,1309
434,4,0.4538689435527352,0.09219186798529519,2.8438537954857823,2.843120439236649,1309
453,4,0.45984048244586173,0.22291448871480868,0.9895279333541754,2.323714929989251,1309
461,4,0.4617971197851758,0.1613522646293688,2.0912095697481967,2.7817864245752135,1309
505,4,0.47235298254135616,0.2550277648427024,0.9791938995872612,2.505101936720747,1309
562,4,0.4845875264503795,0.2365604487458736,2.273848624466695,1.0789044618097365,1309
687,4,0.5058221794992245,0.19109183702295987,1.7329518594446138,0.36130999672523834,1309
348,5,0.43081278083601326,0.28217464376390466,1.5590568809106555,1.372146128027442,1309
392,5,0.4450202223812564,0.15979820069816597,2.0522008379602847,1.9874550762347973,1309
483,5,0.4672337036366023,0.13398741189826036,2.3985056448018427,1.9552588075749133,1309
495,5,0.47031890265864384,0.220586702388315,-2.6220777701737,2.69380570075818,1309
520,5,0.47555224823730957,0.15124761094859832,-2.442494029090118,1.4348292733016832,1309
521,5,0.4756684205702505,0.24072974128717603,1.1331066451014864,1.9385005347938924,1309
554,5,0.48215394760725394,0.1440736985407176,-0.22789450701777397,2.264669145867459,1309
560,5,0.4839153960766567,0.0843835500372286,2.6440239385529463,2.7382748410630326,1309
575,5,0.4863511426328393,0.26466098459343906,0.8217064924455026,2.0670518773535003,1309
591,5,0.488161431572127,0.11708130844621742,2.86247493795689,1.7305989141655358,1309
593,5,0.48854875859398184,0.24002199526996204,-2.6366746223482638,2.1230642592777262,1309
602,5,0.49029149213284606,0.19739736687677284,3.0145823522918205,1.756813705466249,1309
633,5,0.49636073687930815,0.2406213727460908,-1.83880141866335,2.6870346723093386,1309
706,5,0.5098453697687252,0.1963606246208098,2.4214941370347978,1.6451490284001433,1309
718,5,0.5125564687373961,0.1638402615256231,2.426266025481444,2.9314457993935834,1309
739,5,0.5172214930453956,0.25898711990640294,1.154699225219406,2.3928286195113277,1309
754,5,0.5194965184737043,0.2041676542696757,-1.0446992044822274,2.3549519408589568,1309
771,5,0.52215480124775,0.08233680007206734,2.701017681849548,0.7162128092551798,1309
788,5,0.5279662071227228,0.1261696483010261,1.2760754949365094,2.312390788507757,1309
789,5,0.5284428651060362,0.2546218690227715,2.179117695597386,1.8733461913394438,1309
858,5,0.5440791964361523,0.21380462323280822,2.4271204077949515,1.0526987820774174,1309
891,5,0.5561103746811645,0.1532185916993691,1.6442480351425817,0.47864249304370654,1309
803,6,0.5301812571250936,0.25113348468919683,1.4393103881499185,1.1994562253150312,1309
848,6,0.5408462094017038,0.23268847255243955,2.0168258344428898,1.744143083960411,1309
901,6,0.5581754391242403,0.23950523402291685,0.8041446414806788,1.8650808968411,1309
935,6,0.5702936109792157,0.15335525876729908,1.8039625407927502,2.113975600695583,1309
944,6,0.5717242015817159,0.18377838530266366,1.5585852882986448,1.3898654727361013,1309
948,6,0.5730685738297584,0.21237259530153,-0.04584948764300779,1.9714219166950564,1309
952,6,0.5744674603961327,0.18448369334197942,-2.694927123763153,2.056115168888194,1309
953,6,0.5744871921668774,0.1911447431184083,0.8578180335818888,1.8930546004446915,1309
957,6,0.5758563083196037,0.19829219110587581,2.3780256423826716,1.0436415868475288,1309
1003,6,0.5915441651885601,0.24048911417828375,-1.2811438696665647,2.5817858804399907,1309
1011,6,0.5936382463396233,0.16347575185115237,-1.3120329921567297,2.3412202675264435,1309
1020,6,0.5960883817299486,0.2035954252501424,-2.6887109539046126,1.123402556567392,1309
1023,6,0.5979494029171121,0.2238423901428154,2.239571562212742,2.0246005280144574,1309
1026,6,0.599805157250799,0.20230393532746227,2.291072724767123,2.153728989064689,1309
1035,6,0.6032946842143275,0.19245105198287585,2.557429703901231,1.0771669923037435,1309
1046,6,0.6079325087825909,0.18954544394251044,1.8638642588817758,0.3448873621298721,1309
1048,6,0.6083153218878083,0.2026433254589096,1.7037966113203122,2.217306881779009,1309
1063,6,0.6145022063991193,0.1880454381844893,2.5650336580603557,2.729530734732084,1309
1079,6,0.6204539079263468,0.2010113256106199,-2.7506870214111996,0.9543461535269152,1309
1089,6,0.624531380084822,0.08821645857196166,2.5884707870135895,1.5186379196945308,1309
1110,6,0.6301854247655968,0.183920865589415,1.4042727762374365,2.5565448168372242,1309
1159,6,0.6477352167843367,0.19276625756327864,2.5063180371612828,0.6099838330937485,1309
1072,7,0.6173448613314753,0.2499527602281125,1.3442131577969463,1.3722079019257516,1309
1107,7,0.6294819613911087,0.22080653330423236,-2.4739236050009126,2.0339034592316776,1309
1130,7,0.6368808815497125,0.25283407584293277,0.15165039143996228,1.9478763929324174,1309
1142,7,0.6396678807390223,0.2229142247960684,0.6846972878694311,1.7800175452908702,1309
1153,7,0.6443118567383653,0.19911658611264996,-2.578911608293131,1.0776217778411,1309
1165,7,0.648866732867652,0.17056193438427827,1.5736022968809003,2.412120660269271,1309
1190,7,0.6660461576477351,0.19261710776449387,-2.839935966102452,0.9305759808423615,1309
1196,7,0.6678903597308395,0.24465001719260282,1.6972487117907227,2.223154721457337,1309
1206,7,0.6754666008855678,0.1406066754091122,0.8063354144598154,2.24252189321726,1309
1214,7,0.6866367518311495,0.19208463262160105,1.8650688758762977,2.7415913367968674,1309
1226,7,0.695379525566166,0.09867538536299932,1.6978188418183362,1.8207546551155493,1309
1239,7,0.7033206739125613,0.14601954985423068,2.4510646114024732,1.9360323065627207,1309
1245,7,0.7066716926245078,0.20156026222011356,-1.4226554634790665,2.1102185432167873,1309
1250,7,0.7112620667894877,0.1466678395895706,2.934789128947834,0.6618171663282066,1309
1241,8,0.7042556442688732,0.2117762327344699,-2.4374152639949647,2.041082797246704,1309
1272,8,0.7332249995746267,0.14524088315170336,0.4696258791611917,1.601346214243822,1309
1283,8,0.7446791182025199,0.22904639605505409,-0.18700487847328456,1.9117002777741883,1309
1287,8,0.76844556932825,0.1776031427146725,-1.5899341886133753,1.9939180788334876,1309
1290,8,0.7751157560522529,0.1331078100694616,2.7125845283558996,2.029898581540099,1309
1291,8,0.7777801562160174,0.19268564265855445,1.8248642966320834,2.417590479801064,1309
1292,8,0.7796443103768596,0.1388771622947958,1.259516900270903,1.9873181387206376,1309
1293,8,0.7801327966013764,0.03324060222011632,1.2302458260318228,1.3526519512079909,1309
1295,8,0.7809876332971593,0.08234709362970717,2.64405547970142,1.9984007178300367,1309
1296,8,0.7814499392298409,0.1581633098462976,-2.8139336649079776,0.9222965797493498,1309
1298,9,0.7908176193125492,0.18272721209798756,-2.7219327203243946,2.210486796739953,1309
1304,9,0.8368417866874328,0.12418345331310734,-0.08562460213093911,1.6935321260319733,1309
1305,9,0.8669071116564211,0.12992775312426866,-0.5633518181306609,1.771637545416818,1309
1306,9,0.8706661265262295,0.10262015803824874,-1.7241509746445622,1.8635479710125105,1309
1307,9,0.878035317830065,0.09710621230568703,2.9688367399324647,0.7037816598412803,1309
1308,9,0.8851478461728463,0.09453325947197735,1.9040821081539427,2.2591377513048347,1309
1309,9,0.8884314453680244,0.10824593241107987,-0.6104746233985471,1.5082364413649358,1309
1310,10,1.0,0.0,0,0,1309
0,0,0.0,0.0,0,0,1309
1,1,0.12492620138240862,0.09323608949832835,-2.5831846306037485,2.434499518131685,1309
2,1,0.1323396085833275,0.08370023595144485,1.76361959507197,1.737788386284508,1309
3,1,0.14211807777028995,0.13454198764868602,1.1342522025575161,0.3962154406376763,1309
8,2,0.1969020578581464,0.1644235309114591,1.0645840645129896,0.6738089499386561,1309
11,2,0.19980699571769034,0.11314855824322487,-1.2435002102558401,3.0582713866202806,1309
17,2,0.22378012614988096,0.09638307152673722,0.866305222741405,1.8908048738034429,1309
25,3,0.2400797823897759,0.13494020515697278,0.24564167444372356,2.957554743749001,1309
94,3,0.3193632593755549,0.13316063657724825,1.2428593729470923,1.332859541497181,1309
122,4,0.33232928023519104,0.1617495807776151,3.1219858618950864,2.7850735194419696,1309
186,4,0.3700883577023075,0.1356380046781302,1.164483086857041,1.377149277254527,1309
187,4,0.3706310106937679,0.10086964650789376,2.1825026515523587,2.1057785546768315,1309
329,5,0.4258306533300109,0.24002503697179015,2.7636194374168856,2.8686258572678947,1309
331,5,0.42713447564708884,0.14966086288752703,2.3189259207927466,2.126958056800735,1309
353,5,0.43414368437722883,0.1509632411730119,1.7245586787179763,2.6821143079486496,1309
370,5,0.4372554112687821,0.08968430040289971,-2.19986147774007,2.5170320095391108,1309
372,5,0.43760063157636164,0.1044949717670067,1.0552832887432115,1.872288068630672,1309
400,5,0.4462637451807998,0.2286388130084958,2.3593265142306077,2.5711944793015507,1309
407,5,0.4488468273274977,0.13374634568456384,1.5104626280925542,1.0223308941051892,1309
463,5,0.46488479736774446,0.18801115430643375,0.9030051431060914,1.420884173073556,1309
467,6,0.4654193969802044,0.09283941311082189,-2.1529350908565417,2.5814836215049444,1309
676,6,0.5082458691954211,0.17418725791022135,1.828117998736066,2.6198451196076085,1309
692,6,0.511335261400978,0.18281110466495878,1.1200711759697406,2.524527519042417,1309
694,6,0.5116292639476127,0.18542820555052772,2.510484390737607,1.7262357659243728,1309
806,6,0.5341310920221037,0.21114896557573715,1.9994221633278595,2.631666374644465,1309
902,6,0.5565711671728029,0.2122656003781603,1.8977118692058228,2.222287518226669,1309
937,6,0.5680432074989858,0.10041190241304328,1.1273702533180363,1.5760370286462249,1309
883,7,0.5532029266130792,0.17639183516370294,1.0203804956809415,2.502606287519411,1309
893,7,0.5550939871976681,0.15430681100895208,-1.9174571409817305,2.4932880175003853,1309
980,7,0.5825268721915154,0.15713657450540047,-2.221923812222467,2.15871856559196,1309
1004,7,0.5922469240866587,0.10780548347679729,0.607424847853285,2.3623346632758726,1309
1026,7,0.6003797231962862,0.0993747919966488,-2.360210542366072,1.4004133448451008,1309
1027,7,0.6010842840160542,0.2249125855784135,1.856046807459421,2.147887248013233,1309
1030,7,0.6018673713660198,0.2340299789265668,1.056553498631796,2.8228743108605454,1309
1032,7,0.6025149831791924,0.11830946218678173,2.5351935949141247,2.2718869241730646,1309
1068,7,0.6152975731117363,0.135905582985642,-2.9376575228956434,1.4775841899744,1309
1075,7,0.6176509734850516,0.1492703021935499,0.15195261815762057,2.8238568601684557,1309
1078,7,0.6183560190755847,0.22013687295703793,2.2432661008619426,1.5646746287081785,1309
1103,7,0.6310037918767472,0.13495689467566488,0.976726610270207,1.5215341623801286,1309
1133,7,0.6452016876681049,0.22889116270509288,2.1163581494188866,2.13377225653361,1309
1092,8,0.6260742771686048,0.09007655538404213,-2.3236952927020575,1.6247610276117344,1309
1141,8,0.6476293964153924,0.13771311239358702,-2.5057441308734743,1.9496447387418006,1309
1154,8,0.6525207614351651,0.16567863106139144,1.9142340026015565,2.6146171477985414,1309
1165,8,0.6573745274322228,0.2222725505634248,-2.559961964859273,2.5949486250217024,1309
1168,8,0.6597482393562522,0.09190341339940324,2.8579294897875513,2.543266385589605,1309
1172,8,0.6606586284503285,0.23531840446878172,1.2451319879880711,2.4608024546321223,1309
1180,8,0.6630342282537198,0.1986050385038944,-2.875339756045523,2.7742708303925054,1309
1182,8,0.6632375100979786,0.15845510632655335,-1.334248008204039,2.6123846123174035,1309
1195,8,0.6695175579962149,0.14168568243654747,2.929378802638989,2.1311679935718524,1309
1205,8,0.6748743681081323,0.21436523505200122,2.3992505478448396,1.6770190857096092,1309
1206,8,0.6749421579078053,0.22348610147664671,0.8905775326390845,2.5867863238594624,1309
1217,8,0.6828231447689803,0.18850586060772082,1.2461692214850733,2.4096206280821346,1309
1221,8,0.6874059711750097,0.15030261081112095,-0.6576749516900315,2.5079773578444273,1309
1223,8,0.6876833617725011,0.2156423755441701,2.1289817950859278,2.0332729998980734,1309
1226,8,0.6905999443604104,0.1541362685195169,-1.394648292909716,2.917455149918898,1309
1229,8,0.6927110319089271,0.09343693484163573,0.7411590333679192,2.538989383788355,1309
1232,8,0.6933658904564943,0.17815663314086277,2.1456756455387453,1.5744885247935791,1309
1244,8,0.7073000109157234,0.12588269810981484,2.2132838606228,2.4030063936710504,1309
1250,8,0.7117843688749074,0.14421491060768787,2.881634265809295,0.9563636933966629,1309
1251,8,0.7122949987178111,0.23460098927562087,2.1200044821055637,2.3508286137256866,1309
1258,8,0.7145110768301021,0.07275564016850668,-0.8728018808634807,2.284040491238581,1309
1272,8,0.7285684862291871,0.1329965823521467,1.217870898991363,1.8673877752364545,1309
1267,9,0.7262271601624295,0.2386127839444877,2.3510640444014648,1.6111576743188794,1309
1277,9,0.7371225400223742,0.1707085714229938,-2.7825312576150454,2.169636074960346,1309
1279,9,0.7497958049487573,0.16159563479567277,2.5817609850311887,1.8688097023667762,1309
1281,9,0.7551929549405156,0.16139516744455046,-2.959628517460474,2.0332874499572795,1309
1286,9,0.7666215682660266,0.11775907054379417,3.0310435854399578,0.8968157939651954,1309
1288,9,0.7675358628679108,0.16580065789637666,2.407755551807917,2.518331432866637,1309
1291,9,0.7821391634803192,0.18339003387692535,-3.0753226149535067,2.929291678537785,1309
1297,9,0.8072047473733397,0.10664961756825345,0.8047386024031854,2.5777071071090774,1309
1299,9,0.8187062528856175,0.13910134421552753,2.1881621639802895,2.144651183905341,1309
1304,9,0.8384279776486009,0.07748381416929227,1.487208122259508,2.0757753319130625,1309
1287,10,0.7670476556847917,0.22257512613875077,2.446350094582784,1.6324079321236382,1309
1292,10,0.7836780141890561,0.16399591236053546,-2.8122081216904284,2.0617520409628725,1309
1303,10,0.8308114958041233,0.14745494380327734,3.1304740218480527,2.754177409797916,1309
1305,10,0.8406258041572272,0.10375866839707129,2.218822020215941,1.5682885854788657,1309
1307,10,0.8874266132398168,0.07940100414784639,2.635682115607411,0.47233342252897303,1309
1308,10,0.8985500025390767,0.057514794149094745,-1.6952310571475038,2.5093414908537377,1309
1309,10,0.9052979525986297,0.06592972666290872,1.7435183197062187,2.270371312681025,1309
1310,11,1.0,0.0,0,0,1309
0,0,0.0,0.0,0,0,1309
1,1,0.06350493618979547,0.053525429069454865,-0.9955811961311607,2.237530975303907,1309
6,2,0.15249350367297398,0.09229211245642857,-1.2555337446906922,2.053376420489445,1309
9,2,0.17443632617106375,0.11662720452609855,-1.5423888267709827,2.496731503507489,1309
29,3,0.22188181721676958,0.1373542594693554,-1.4408271030544866,2.2538460665210867,1309
44,3,0.24655065737199655,0.044462954169464594,-0.666349249204198,1.0143382891988593,1309
66,3,0.27221905427170956,0.17035323485704962,-0.9503458698227458,1.9018788412279783,1309
83,3,0.2944604139847683,0.1944743550083141,-1.2880823509479116,1.4914947078797367,1309
152,4,0.3470896982527496,0.11634642249135317,-0.4089727696793378,1.2002833595707039,1309
168,4,0.3590612831712716,0.19187466830454258,-1.1719724051858935,1.6376403220611915,1309
403,5,0.4474495251931234,0.1522097384706105,-0.9355311327317286,1.4622935742009089,1309
670,6,0.5038809278081275,0.18040207831454486,-0.7569145561705853,1.2659819728231787,1309
843,7,0.5490420632738455,0.1970578149282964,-0.6986490994737437,1.4732251560953717,1309
1143,8,0.6515870959554495,0.20407897184585347,-0.366498644664673,1.2419627774844542,1309
1144,8,0.6517210542800722,0.18327576702541257,-0.4391062513368109,1.5458514845133353,1309
1261,9,0.7404658429046148,0.16599205198507,-0.5469675456282705,1.0884717634437997,1309
1290,10,0.8050435606819818,0.17963873980013223,-0.8920339672873538,1.2305129511575383,1309
1306,11,0.868032345856059,0.12828837047733016,-1.0485373309761203,1.1349159018240016,1309
1310,12,1.0,0.0,0,0,1309
0,0,0.0,0.0,0,0,1309
2,1,0.08204692325460139,0.06966282042963806,1.9445866533036482,0.6700050558300892,1309
3,1,0.12002409297627648,0.04207359829167746,1.8060138718960421,2.7425511759662986,1309
4,1,0.12604817262464418,0.07800962732929007,-2.207699248951669,2.7441015309122636,1309
5,1,0.1345631149785772,0.11812250717745297,2.46898933993663,2.466317974343167,1309
6,1,0.14176610469786144,0.043018117395757456,-2.8161307981262507,2.063625927402311,1309
8,1,0.15785247136422798,0.13460722524747046,2.9006806598366865,2.547436547801179,1309
26,2,0.21456528118989293,0.15421211093606876,2.645651392163365,2.8288626058276733,1309
37,2,0.23532460945948452,0.10868785737800561,-3.0286008048334554,1.9188838467956204,1309
55,3,0.2709835750697437,0.1426847428130683,1.6025067170111909,2.7293329321445787,1309
64,3,0.2861275444208351,0.13327888049689382,2.5820161559647237,2.8225148387383885,1309
107,3,0.31416089242337664,0.15988297000753454,-2.58670904304099,1.8610950828369859,1309
155,4,0.34424658393186547,0.15229280882066185,-2.6428671321546133,2.0396387265723352,1309
171,4,0.35407604018550587,0.13600126123406697,2.5599791852632348,2.83220238266755,1309
312,5,0.4080313832150616,0.16844755699813974,-2.4251239268348654,2.306021483380692,1309
314,5,0.4091975275864457,0.16689010593139544,-2.2709421435401542,2.095581201428592,1309
352,5,0.4219959712176846,0.15125262264219053,-2.3212352565798917,1.8115042072765406,1309
396,5,0.4350618573606654,0.11989392101638233,-2.3535723011316314,2.582771714567275,1309
823,6,0.5334941950741751,0.16397263546225443,-1.7998273455089073,1.6264098678570775,1309
945,6,0.5632948431048314,0.09791554647501252,-1.5396212580271758,2.046077756461276,1309
1085,7,0.6133706821865385,0.09964144381647823,-1.6725221198329092,1.738716451453884,1309
1172,8,0.6592539556793694,0.10825132617288392,-1.613477685840979,1.9193657197465708,1309
1242,8,0.7040835481415747,0.10521453010393463,-1.392575415139961,0.9147092360588702,1309
1268,9,0.7339581230570849,0.10019668185141467,-1.1734060278730594,1.590197533105662,1309
1281,9,0.761265107674623,0.12355002574794967,-1.0939984060187353,0.5626413449243856,1309
1283,9,0.7622839158461773,0.15818716643056055,-2.182522795189937,1.5623544579497737,1309
1286,9,0.7682751021052542,0.0719846672114576,-1.0447038776880344,1.2602056052061092,1309
1302,10,0.8212072457295609,0.07155035478222599,-1.4181149040914527,2.5746742455290157,1309
1303,10,0.8310104887252836,0.09644497246245716,-0.7673925621910603,0.7883008310218033,1309
1309,10,0.8628402205180666,0.12040008667165451,-2.0034856984490985,1.6706568500163899,1309
1310,11,1.0,0.0,0,0,1309
0,0,0.0,0.0,0,0,1309
1,1,0.07827737265622814,0.05060215069438769,-3.1099518839098983,2.619569399914617,1309
6,1,0.14435960000604853,0.13588097642142635,-1.861170195661649,0.8974533689171487,1309
7,2,0.14494041931570734,0.06927594101180137,2.0232141619153365,2.179106366072557,1309
8,2,0.17058211214025476,0.09024699379772319,-2.826740129093289,2.7853998220654685,1309
10,2,0.18561940941775357,0.022383636989105275,-0.9849633906739279,1.5338926528562051,1309
15,2,0.19828146776227396,0.08954042597257772,1.0182560812279322,1.651802719496704,1309
24,2,0.23079418484830672,0.13534797721858105,-2.3367737279000194,0.9397252321551898,1309
17,3,0.20535091380109172,0.10042895657428604,2.3540712470061194,2.537515164225119,1309
23,3,0.22800322705080633,0.10734801688822594,0.8408687490321524,1.7622579712658812,1309
36,3,0.24151209927905415,0.10480452453268407,1.7274237583951155,1.7193945686806487,1309
59,3,0.2746227330614862,0.15815948804611768,-2.125942146867385,0.7627618834875013,1309
70,3,0.28835835342871763,0.08360283496977845,-1.5586616042595802,1.7230624537926065,1309
79,3,0.29600858186761025,0.08556100145315183,-2.241799935296778,0.595033746243939,1309
71,4,0.2883643915193925,0.054444472208394844,1.8706492746776238,1.9964798333408762,1309
83,4,0.2990800004383237,0.14128649029435575,1.6433861538554544,2.2777071120469223,1309
95,4,0.3084611970319707,0.1152604436222084,-2.4071437388808823,3.0181050729404477,1309
96,4,0.31012563196926324,0.09386916515913017,-1.6363090115973575,1.7169534482461766,1309
140,4,0.3427903948987725,0.11316595786704711,-2.8000159561828126,0.519392902942801,1309
145,4,0.3458662791130911,0.06679764504484564,2.89484350451373,1.337287010807206,1309
151,4,0.34897247423884326,0.019029081876246415,0.5737021783487566,0.6475112184493783,1309
167,4,0.3571704665824035,0.22167935674815198,-2.3832044399501577,0.8686043829811984,1309
170,5,0.35825228494523975,0.08891861169297405,-1.9335164525214346,2.0909847681133127,1309
187,5,0.3645084639472549,0.13475657031442367,1.8164058893774873,2.452299597449009,1309
277,5,0.39996776923277855,0.06355096294347845,1.6375298400855023,1.2992795751952848,1309
286,5,0.40303863092774295,0.16319547962337694,2.7609990737736356,2.6013240100043653,1309
290,5,0.4046486667956173,0.09041221881486103,-1.30864482841342,1.633139342358177,1309
299,5,0.4093128635552701,0.05073121425915351,-2.7927213840887926,0.8451583444804743,1309
378,5,0.4361099399999977,0.014699846207479982,-3.137967663229858,1.9028221073049147,1309
403,5,0.44514180429196026,0.1729175126928408,-2.549584930197235,0.7550044006206992,1309
468,6,0.46330834994377856,0.043234047519954175,1.821728082580488,1.5643538461111821,1309
538,6,0.47455903295477886,0.08234445551732664,-2.5281644329445845,1.0603155658252068,1309
579,6,0.4855699424560519,0.15724950356534045,-2.65953497124593,2.1152844691673494,1309
625,6,0.4954714505863915,0.03318808301236567,0.10822470160274586,2.259763340157625,1309
665,6,0.5039781265551099,0.11210986748904432,3.015565106699247,2.437274092964518,1309
685,6,0.5084172594973586,0.1786431356898455,-2.989957856060916,0.6528871372096564,1309
791,6,0.5321946699824218,0.13967896957915746,-3.098701927734219,0.22958427388440739,1309
796,6,0.5333121516072561,0.18029132589086724,-1.7532542852427133,1.6114746840742198,1309
775,7,0.5273707755822497,0.04476651014617225,-3.0005066426174607,2.9825469659817463,1309
802,7,0.5357824070566357,0.0872175943907242,3.093997192964639,2.354840907976905,1309
901,7,0.5600990923514401,0.08896242353202702,-1.4532761337587772,0.8430158609800397,1309
991,7,0.5831154664101421,0.06832481885722422,-0.1651880499018938,1.7944145264127869,1309
1020,7,0.5912986854225362,0.1738840358896304,2.5106981721839876,0.4189034812945751,1309
1024,7,0.5937216023657756,0.17447641013991227,-1.9494071588980217,1.4740432249103859,1309
1045,7,0.6007071706289189,0.14348655432715632,-2.096550875453589,1.6470391674270257,1309
1141,8,0.6411870191352066,0.06223970907337781,-2.8126319748069224,0.9437443675533155,1309
1149,8,0.6454604559562673,0.16816564291288674,-1.9599768238498059,1.488205898182496,1309
1185,8,0.6672456658699294,0.10663561527330521,-0.46548876469040906,1.7272936823912777,1309
1189,8,0.6691402364488912,0.10141565541252194,-0.25319460367116564,1.921426910714005,1309
1218,8,0.7014833713789871,0.15133047192052074,-2.743076503097189,0.45645951720564476,1309
1195,9,0.6772566887930868,0.19376012153011282,-2.01857601954288,1.510474097299953,1309
1244,9,0.733868946875515,0.12732195643760597,0.007560092121910361,1.7847467589683077,1309
1261,9,0.7521287627794061,0.1152256579652044,-2.658019159368578,0.6679191522519513,1309
1281,10,0.7859837677234739,0.18140809484614231,-2.316539279356914,1.6017625879954946,1309
1293,10,0.8195260762221616,0.0897038628320696,0.30058956770489204,1.7007113595246517,1309
1298,10,0.8617512400135917,0.08776228058690093,-2.4185620287280054,0.588668119093364,1309
1303,11,0.8737776717795473,0.07654717719035714,0.11157494445779281,1.8234845800111883,1309
1305,11,0.8779782520330801,0.04741822461234018,0.6330874414417156,2.104842281165532,1309
1307,11,0.8888260771535564,0.09975684584061865,-2.657976407148252,1.5204878715496633,1309
1309,11,0.9115549471202293,0.05555027306023608,2.8704727239529344,0.5003388885356062,1309
1310,12,1.0,0.0,0,0,1309
0,0,0.0,0.0,0,0,1309
2,1,0.13725770542812765,0.1198512955829415,-0.442012656383908,0.9797675053878592,1309
38,2,0.25934549691746867,0.19557302243323024,-0.9822190081521278,0.5403860982653067,1309
68,3,0.2875191370178123,0.1824660639321592,-1.006361314352463,0.6512631560099876,1309
241,4,0.38693221008569334,0.12320144293878638,-0.8180840813448241,0.41414462423532516,1309
493,5,0.4659334974447218,0.16268501610174704,-1.246947449275703,0.3337153572991141,1309
836,6,0.5420899530626165,0.17564134945380294,-0.9894422984932327,0.23648353532930202,1309
966,6,0.5777906507640936,0.21478074072974615,-2.1065447084501536,0.5874832215003576,1309
994,6,0.5849573359085838,0.1766266921654634,-1.9157544128768857,0.5674085928965094,1309
1039,7,0.6034782058638428,0.17802546306380543,0.8752234696357875,0.1940367624921818,1309
1162,7,0.6578247763315064,0.20696832762187273,-1.7373154209382018,0.4236620702337583,1309
1236,8,0.7159437239222997,0.16206321205933877,-1.4394196432989392,0.48692172513629034,1309
1299,9,0.8271830883082327,0.10425835810539033,-2.535044626798434,0.6303597420786191,1309
1307,10,0.8764490228289609,0.09305616539196067,-2.4959128127178056,0.9023722856051744,1309
1309,11,0.9569589949843915,0.02559697356515824,-3.0338335575251842,0.48053318042947707,1309
1310,12,1.0,0.0,0,0,1309
0,0,0.0,0.0,0,0,1309
1,1,0.06700791217757884,0.06386174220198289,2.3030604128542684,0.2569799658325536,1309
2,1,0.13085641181035534,0.09808744095775979,-3.0118422304911983,0.8358947430443968,1309
3,1,0.14837574147009047,0.11018881242845206,2.503517529594001,2.255253093365722,1309
4,1,0.14956118656636597,0.10122124847373876,-1.7842578361583523,2.6331027756399195,1309
5,1,0.17162366509504,0.13391802379079734,-2.6250221804157805,2.568583305105273,1309
6,1,0.17316699074245223,0.1595148536110389,0.03597041129026404,1.9563989132151938,1309
8,1,0.17755493866685423,0.1601321818785609,-2.382669320051192,2.847497110809587,1309
12,1,0.19350732329336628,0.14566135566742236,-1.5554989577048528,2.092636376819926,1309
14,1,0.19595948302296207,0.14644520787631116,-2.857697109776688,1.7162454958067415,1309
9,2,0.18220006638990005,0.08619862124227524,-2.9251516558077477,0.5166294191753641,1309
11,2,0.1900505349111712,0.04371670771309332,-0.7620730611928997,1.4703375391917768,1309
15,2,0.19721498107645052,0.07414932724209604,-0.9751245893671822,0.8129409307642733,1309
16,2,0.19918611837301303,0.12461207760522168,1.9732136684255561,1.5866944111059431,1309
17,2,0.20035029844346397,0.17920860426590896,2.483368184966866,0.613438828130625,1309
21,2,0.2128702560416187,0.07845044856500925,-0.6269067203798411,0.9931323107345653,1309
23,2,0.22192645486252993,0.17272404143053266,2.537917567725751,2.152083605778674,1309
24,2,0.22201969479553596,0.0837673267570396,1.5844992654378582,0.8324561443052585,1309
26,2,0.2246906841038635,0.16644465187034574,0.004637258041643876,1.7182668417167422,1309
29,2,0.22873484313567782,0.09043218649679133,1.71696948609394,1.2370118996226347,1309
32,2,0.2357076822060692,0.05031827832054189,-2.908499016217093,2.625073951575169,1309
37,2,0.24204149145724962,0.1614924733001223,-1.835516407439098,1.0300850154123742,1309
43,2,0.24798172975184563,0.19836068685545385,1.4028244398602514,1.2396142452578878,1309
47,2,0.2517746027304365,0.15054904880697206,2.921490596196297,2.7069979476267223,1309
48,2,0.25205806949808385,0.18269499253247673,3.1259598351960443,2.464649051897359,1309
49,2,0.2565048683375537,0.12235076781179251,2.9152686316206036,2.626858921533946,1309
62,2,0.2653333137256959,0.17185985873313164,-2.5900096122849288,1.8272314856412633,1309
69,2,0.2734622874005176,0.15572264849283649,-1.8900972688954278,1.744571792461584,1309
70,2,0.2738613797869024,0.12415700950766458,2.735077975388361,1.7798963152671976,1309
58,3,0.2639244586777967,0.1780950948467972,1.9844772854689798,1.7109175998026582,1309
68,3,0.2726319468097059,0.2124801601944079,1.4290473763883584,1.3112064831849777,1309
79,3,0.2898586339343746,0.1751996205083296,-1.8890141029527208,0.7892608263503885,1309
81,3,0.29059323081501887,0.058600917496614134,-1.4708108521940433,2.0059563437923438,1309
88,3,0.2995345621097133,0.12301879866527246,-0.3616728704583417,2.0016551486686924,1309
89,3,0.2997284841132082,0.15867802995625005,-0.10177416682426264,1.913016858482467,1309
95,3,0.3081101316984306,0.11918557383992093,2.4729475712899425,0.675824697091039,1309
105,3,0.3183185636000031,0.13647648639491067,2.6725863027940586,1.8294684303991184,1309
137,3,0.3362089647208558,0.1980148257101603,2.8293322403679757,2.688026708408366,1309
143,3,0.3396578156215371,0.052242711700035284,1.5671137308228897,0.5274566491835587,1309
144,3,0.3397348724566812,0.09483803587290686,3.0685979590218744,1.918547792558118,1309
156,3,0.3469083507005739,0.16735761989737336,-1.802781279233712,2.0473169626579457,1309
160,3,0.34860632770552613,0.11197937467528597,2.43367548104241,2.2609919962473253,1309
166,3,0.35402826665908005,0.13808352751419892,-1.0225639466354397,1.9003195590617001,1309
184,3,0.363704287873711,0.0612024860522225,1.2773478468070574,2.1358188690826845,1309
202,3,0.37041772862092825,0.27635237191476175,1.7092769563545598,1.7607835405084589,1309
220,3,0.37717873963475057,0.1700367693017874,-2.86209055980353,2.102664808021769,1309
163,4,0.3525434462124343,0.21228862382470867,-1.6934033528382029,0.5826892486916713,1309
199,4,0.3701889792279114,0.2441466312653807,2.066635862222937,1.746811653224841,1309
205,4,0.37146999268945846,0.21706092303783817,1.628722428386694,1.4995303774757933,1309
242,4,0.39111064483276814,0.27005585989611475,2.072682530394641,1.8284880081572137,1309
302,4,0.4132802003923969,0.16545928167404728,-1.5902366671424073,2.0457794320745513,1309
343,4,0.42495641198650413,0.03184363750925093,1.6852452350230638,2.4773553749610393,1309
344,4,0.42545021603566713,0.12111596223043683,2.572528753598366,1.682938397536613,1309
361,4,0.4299245601385203,0.11865474661110809,-0.968537775194342,2.391317227441457,1309
372,4,0.4322651359282821,0.2663945421965667,1.6757330188298853,1.6877384547846164,1309
374,4,0.4327365734293682,0.09851682995345049,-2.1649871772737956,2.6983657099136575,1309
437,4,0.4491175051040056,0.16705631015319272,2.8038138972830207,2.158574662818314,1309
486,4,0.4599509944868603,0.1329525255930598,3.1228374560173315,2.4820367392164817,1309
540,4,0.4745177226253813,0.0916124681266115,2.3898257787515953,2.431449732276791,1309
382,5,0.43571117928906933,0.22947386635985098,1.8049581321014658,1.3467120730966207,1309
404,5,0.44248706791027015,0.2676103702762866,1.6784130260041774,1.7029415952163436,1309
455,5,0.45259200665397836,0.1472970795681554,1.5310730014330969,1.6143666148905436,1309
460,5,0.45383037301853624,0.1856137833193868,1.4012501739638417,1.7551164713389122,1309
477,5,0.45761524883944216,0.2364478637654884,1.5090419794531842,1.723499863703353,1309
496,5,0.46289315518972496,0.14262051267884546,-1.339252819828922,0.9984413669877894,1309
616,5,0.4916796875650389,0.21882676339754262,2.2191261390106995,2.145365504887516,1309
668,5,0.5028652057340531,0.13232574996779944,2.896762244225228,2.3908195570199866,1309
867,5,0.545447244738752,0.08541860851185504,-2.687129325688913,2.3770773618818053,1309
714,6,0.5104337825101717,0.16226384840121158,-1.1337099930648127,1.1524766704390386,1309
969,6,0.5737714378590252,0.15158432377846742,1.4729013291693542,1.8986596335014323,1309
1027,6,0.5942701775629091,0.120856642828598,2.0451659152503665,2.1329576231774565,1309
1140,6,0.6351760893940827,0.08091740493006605,2.2801450678108766,2.191111419255887,1309
1014,7,0.5882503037811928,0.16755738391981734,-0.7061401043865381,1.020437304438748,1309
1154,7,0.6400457194345694,0.11703585883707088,1.7397383853214243,1.5642810297379106,1309
1196,7,0.6667021030831545,0.08347068344980156,2.3116514879581898,2.074751550000629,1309
1217,8,0.6804285985087547,0.19487735422013627,-0.4996629471622476,1.358326193879789,1309
1263,8,0.729607605631843,0.06755135440529351,2.177261184512152,1.4804996462256594,1309
1255,9,0.7184336292813697,0.16169456713411867,-0.5242360097044929,1.341856780084205,1309
1295,9,0.7907057064749289,0.045616327864830816,1.8149824340216338,1.427146517339855,1309
1303,10,0.8420462823352052,0.14699812973882997,-0.19776487161300693,1.908664287845002,1309
1304,10,0.858113509024914,0.12705474560382407,-0.4279663259889879,1.3096435683901475,1309
1305,10,0.8589331587479571,0.09124634632149252,1.1907155442742738,1.8212024980585517,1309
1307,10,0.8855918632391752,0.06216132251520289,0.6943927575477359,1.3608490748989506,1309
1308,10,0.8872092590402115,0.0746137345975197,1.4467967433323239,1.207942786452914,1309
1309,10,0.8935767884248739,0.09405811227126883,0.10382875811152081,1.0437904625292955,1309
1310,11,1.0,0.0,0,0,1309
0,0,0.0,0.0,0,0,1309
1,1,0.15973579016467587,0.1430688573923694,2.1051094916280917,0.601090868376215,1309
5,1,0.1858052159309459,0.18271702267460796,-3.1073424445629185,0.7876363039342009,1309
17,2,0.22503109833312207,0.18196394364398202,2.95571145467422,0.6683141372016306,1309
50,2,0.2638065084549104,0.140463481171639,2.646476874344203,0.41612601201809385,1309
68,3,0.2906227192538029,0.15556349673569173,2.654770124775961,0.3683335995817895,1309
211,4,0.3842238668033008,0.14996409563946522,2.862797187785519,0.22343064295061202,1309
312,4,0.4249589378127475,0.0716846351121373,1.9275696325430471,1.0867235475226436,1309
313,4,0.4252646851767782,0.09812487803503449,-2.160150131396219,0.48085422727716537,1309
416,5,0.4563610658734446,0.12570661470884553,-1.4807830472285786,0.2596251162982938,1309
430,5,0.46002726746031775,0.09172093999984592,-2.7115094102268364,0.14798711908402767,1309
502,5,0.4740730394762461,0.09030675541181528,2.5031167402964987,1.0414002014417796,1309
570,5,0.48896263739058576,0.06642658017450569,-2.2708427813795127,0.48478246003702485,1309
617,5,0.5000574064050948,0.06565542389516159,1.9027868649436883,0.5441463318247536,1309
731,6,0.5255052810599876,0.14175190513201788,1.4731862904652802,0.16405237714902557,1309
822,6,0.5429383053419182,0.0812699242855297,2.1137740803145304,1.2121855210897619,1309
846,6,0.5491275341102544,0.10599101674079822,2.566257283338483,1.730480472746226,1309
965,6,0.5826634222185105,0.08632228345840678,-0.5174171553840415,0.6211811815342501,1309
1070,7,0.6212805413891476,0.05141537767115553,2.8664815508701054,2.144254659775821,1309
1093,7,0.6312214513392743,0.1415894741507239,1.6934628576543302,1.620537382540529,1309
1107,7,0.6372823432989774,0.07656838470653463,1.5607819338219828,1.7583599756809307,1309
1151,7,0.6580033009951536,0.032957105140616935,0.7493567632141528,0.5366407210135419,1309
1171,7,0.6698152563318589,0.1390020110355942,1.969313449381776,1.7852863926549727,1309
1204,8,0.6882042156913903,0.059337956742085515,-2.246928175039136,2.295401119542297,1309
1253,8,0.7227208252099869,0.11268591803384292,-2.441186796662027,2.115074080372,1309
1254,8,0.7252743005708525,0.1485719933875304,1.9424060786374102,1.8582013788905472,1309
1262,8,0.7348226393241125,0.0700090906267173,0.19290937838580213,0.3169775702680093,1309
1288,9,0.7768448658816699,0.14940156689242803,2.010344789091471,1.831768562475272,1309
1289,9,0.777130470486512,0.04472401608585632,-0.48877254862670844,0.6122424619465806,1309
1295,9,0.799003908004783,0.08353360200488648,-2.7331925503882832,1.5860855869038555,1309
1298,9,0.8161139592832994,0.0874933205576859,-1.2835453882626928,1.1980142418217476,1309
1299,9,0.8178340285707055,0.045770725012227786,-2.817899338814462,1.5079418332774353,1309
1308,10,0.8947082622928593,0.07397029865769626,-1.4477526056836285,1.5422450735835254,1309
1309,10,0.919386989718559,0.044957363589065394,1.2523994077709741,2.6649929272441675,1309
1310,11,1.0,0.0,0,0,1309
0,0,0.0,0.0,0,0,1309
1,1,0.05823902953816029,0.010696751341079195,2.2761125376666023,1.8314889640619234,1309
2,1,0.08090418701983193,0.03858838615031446,1.9342830268264752,1.0342482061849276,1309
3,2,0.12971301323503304,0.05730709455414712,0.3159269350145755,1.8041147800468613,1309
20,2,0.18765380281418653,0.11252187365323865,2.733294954299722,1.302292270781098,1309
39,3,0.22895813638848495,0.10958512962497681,2.884383769935564,1.3100847190334712,1309
50,3,0.2452208644359134,0.15472424700382023,0.11170470767998833,1.687613672376089,1309
113,4,0.31850018156208937,0.17720096484422485,-0.13886632890709305,1.737300006917878,1309
122,4,0.32508349856494245,0.10730634622439666,1.9518533731203433,1.358541036839098,1309
184,5,0.36469586000993093,0.17696251492243623,-0.1743264508571014,1.9761977750154602,1309
353,5,0.4226234625753279,0.17434011010010622,2.0453501890174786,1.8597004225241205,1309
334,6,0.41734040078843015,0.19915186818568828,0.0400782361290703,1.9302370641844169,1309
757,6,0.5181424821896493,0.23270831165645267,2.350135701789801,1.7371036702132123,1309
547,7,0.4779759248381562,0.1741564134016622,0.16212917505901503,1.7874430608729643,1309
978,7,0.57944066693997,0.23418661502481233,2.2668195106279057,1.659213964835278,1309
1004,8,0.5888155747394587,0.12292447694900337,0.16710284438139636,2.0224713182555867,1309
1012,8,0.5915275888752862,0.16783382230482602,0.2867865481868594,1.558786689751086,1309
1136,8,0.6406240715032776,0.20604051099362317,0.6387649642466869,1.9801701529916653,1309
1180,8,0.6632399676128562,0.22320803373028664,2.518035726771168,1.4137880946864412,1309
1177,9,0.6626318416136691,0.20741487889043914,0.06713713795943432,1.4127266480698049,1309
1191,9,0.6680551136199352,0.1841687379109435,0.7038321842366991,2.0328872243298015,1309
1208,9,0.6804847304363643,0.10703334990868638,-0.11845166512703582,1.9988486030763928,1309
1232,9,0.6984453893717628,0.2254569776309296,2.5159821783063943,1.5118525535976761,1309
1266,10,0.7438146186400523,0.21946803444930174,0.31613036139888606,1.465180235452339,1309
1267,10,0.7441523776406523,0.23073925025223738,2.5295452830229377,1.497237764905785,1309
1272,10,0.7543882759654456,0.19087429695851219,0.8956523917325331,2.1709852822928726,1309
1283,10,0.7781586709579426,0.14802024486247312,0.347793742391639,2.4730458143275316,1309
1296,10,0.817773694700222,0.03028438653846019,-1.9336221716193587,2.5402629724653125,1309
1299,11,0.8223207202935218,0.16475851183360737,2.5255774075500566,1.5166833852588546,1309
1304,11,0.8484488057806113,0.1493633313114552,0.25877163642967305,1.1083451589788191,1309
1305,11,0.8490211583099314,0.13650255531740063,0.939649528584704,2.207366126775015,1309
1309,11,0.8784951604309911,0.026507095363634103,0.9876147899913708,1.5702045129144149,1309
1310,12,1.0,0.0,0,0,1309
0,0,0.0,0.0,0,0,1309
1,1,0.13378045100733515,0.12982067897913338,-2.542290054280854,1.8077036118275092,1309
2,1,0.13997139920588542,0.11481606398995542,1.8733596450283538,1.2672344875298132,1309
3,1,0.1411694805320992,0.05292380004995947,1.1854287816268516,1.2725532256112602,1309
4,1,0.14552160181282048,0.05601724104291668,0.529779596941567,0.8041326167055546,1309
6,1,0.1486401355816287,0.07449570714219035,-0.8503458313689172,1.0116812718366046,1309
8,1,0.16876788181770175,0.07403840034908375,-2.0672159300740387,1.4423286108775388,1309
9,1,0.17107677699637258,0.13422853011105415,-2.4426982389962046,0.6192697260381848,1309
11,1,0.1747679134375798,0.1522939727382184,-2.1734358551184028,1.13492446581703,1309
13,1,0.17712455000721183,0.042119769574840114,-1.7222753668511077,2.0761977134084972,1309
14,1,0.18101038653125356,0.1655344668377214,-2.027591363244801,1.496807889059658,1309
17,1,0.20215132750153797,0.16928798326571282,1.5644498220425989,2.4607104356854324,1309
18,1,0.2025390539623403,0.19724540466980273,-1.6726897780185372,1.1087299462778872,1309
23,1,0.22147178050583471,0.19384507747907562,-1.1483248374498596,1.4357638165811026,1309
22,2,0.21386396910728767,0.12898128920801002,-2.426407794282238,2.22962780449847,1309
25,2,0.2336203195770068,0.07413380163235228,1.2711979851484305,1.9639911686985387,1309
26,2,0.2342276730543742,0.0976252665538837,-1.9394086034333788,1.9853915779525493,1309
57,2,0.28748259165659973,0.21985883949201435,1.2430116697278581,2.31633819074272,1309
68,2,0.29503996319547643,0.12644717471447617,-1.2328136003609282,1.8350394397368144,1309
95,2,0.32186776362252956,0.15592750472288938,-1.5436292176326074,1.4104036236682669,1309
117,3,0.33703552717679364,0.08568328863818148,0.9709802732850723,1.6121304845526008,1309
122,3,0.3387610384453311,0.1140037015357233,1.9078967239158708,1.9432260092798705,1309
137,3,0.35036112322469404,0.1284130736550748,2.392354287996461,1.8464144093440962,1309
169,3,0.36421805562375176,0.22408526513746693,1.351362580930849,2.4401383958647527,1309
182,3,0.37001390555467084,0.21175739978531877,0.8553866446548013,2.3684242693539566,1309
189,3,0.3721953997501998,0.24372812556385298,1.0913221170449137,2.162466103466072,1309
228,3,0.38779060431332635,0.11997464830583944,-1.4607843640521063,1.6129935512682967,1309
266,4,0.4050873593610599,0.09220443482276972,0.7719677217774217,2.004756761615602,1309
284,4,0.41001619145496115,0.13657728240095757,-1.5046142909759805,1.7148312538205273,1309
442,4,0.4549934213124096,0.18268663068498375,0.9492492724562588,2.0870048903941885,1309
449,4,0.45736244554442573,0.13913643188086683,1.7467669471228524,2.1324708311223253,1309
482,4,0.4643775239130866,0.14460335170720645,1.600640606780246,2.187999003493821,1309
415,5,0.44874891792252813,0.12440550042823885,-1.517728600687351,1.6996039771007463,1309
564,5,0.48130306356035213,0.20555997053513786,0.957727682539462,2.039929781046673,1309
674,5,0.5064642421784541,0.14947366165175058,1.4978692738791197,1.9711387584489257,1309
813,5,0.535168889979437,0.14880428047088617,-0.15101745919782403,1.9554665412599763,1309
760,6,0.5242906502898615,0.10806385974815173,-1.355098646496207,1.1475933820905297,1309
938,6,0.5664948091767518,0.18427671922544667,1.4366528915297754,1.8509446698642227,1309
963,6,0.5724288200187597,0.12867498707816077,-0.7001499392330026,1.9298769234942728,1309
1001,6,0.585644302276735,0.16840629410478786,1.376279318092397,1.7018613883603684,1309
1002,6,0.5856663864372313,0.05140093955968219,-2.6075078040365973,1.4395116251019293,1309
1062,6,0.606126957747384,0.09983577970325272,-0.21102368964133428,2.0564704196012267,1309
1082,7,0.6176444454281874,0.1402543521781033,-1.387343090240465,0.984857869630417,1309
1189,7,0.6797098550163827,0.1280552251558393,1.3013543452510499,2.1527130440950244,1309
1231,7,0.7126768946335053,0.06772354195397863,0.495678179456473,1.00280046002974,1309
1243,8,0.7205212452692841,0.12866460287203316,-2.1878373623838185,0.7598907233107567,1309
1265,8,0.7392387963801348,0.14777395206322586,1.2024106985101246,2.3337632367223127,1309
1277,8,0.7579374700263356,0.06686393769628007,-0.03718859153297732,0.941533857840317,1309
1288,9,0.779912230307628,0.15626552283175096,-2.1707043107033157,0.9966786800817199,1309
1292,9,0.786740950603624,0.10738446100763605,1.1385884849223122,2.2602455048467305,1309
1295,9,0.8066614523626323,0.10128573993143404,-0.11839944902554497,0.7719027629551287,1309
1302,9,0.8322340274099675,0.11151999178090184,3.05440277425572,0.8062681232845639,1309
1306,10,0.8655239557849927,0.07706641903266166,0.7127077924342851,2.8519189790093704,1309
1307,10,0.8789032401237433,0.074659217625969,0.10315860605508942,0.5478941713353918,1309
1308,10,0.8931836323526273,0.020872456846550824,-0.2762835450025148,2.857113834720289,1309
1309,10,0.9216685687228847,0.06501874432308405,-1.8995744196419087,0.21326470123224311,1309
1310,11,1.0,0.0,0,0,1309
0,0,0.0,0.0,0,0,1309
1,1,0.1319730121682564,0.12958774702071735,1.2568064658479916,1.3294974040350411,1309
3,1,0.15801631208055023,0.1068516910963414,0.15395227992089294,1.3691645692573517,1309
4,1,0.15996159686845524,0.051125613684099805,-1.9456683552221847,2.140934605896863,1309
5,1,0.16417751478181963,0.12532137366070897,3.0851181259898524,1.813452489646714,1309
7,1,0.17228204338977426,0.09999853447440096,-0.9807231521254692,2.188710847764578,1309
8,1,0.17284025467324804,0.12309540945615198,0.9121181641361376,0.8267726921659859,1309
9,1,0.1768162250804305,0.1637819052890245,-0.24001843580820634,1.748494555242811,1309
11,1,0.18769566219613354,0.1301463633525302,0.26870697686984907,1.064079196654751,1309
19,1,0.20320207074328445,0.18644459085237503,2.0688287712760256,1.850436548471428,1309
27,2,0.2137454227072627,0.18450612410047554,-0.3475619482407146,1.6602962951324416,1309
38,2,0.23810255118562496,0.073710787278622,-0.7169631988581551,1.6996797552479865,1309
42,2,0.24990984611510936,0.15056007935815385,-0.1669110656335739,0.8219974445371597,1309
50,2,0.25929355651936814,0.13840463901173972,0.6515473621621487,1.0411251530459067,1309
59,2,0.27295625630980536,0.19171895707901762,1.7079135389892004,1.805570924202668,1309
62,2,0.2755102213071433,0.20773936495880027,2.9431634447474364,2.084947790171521,1309
108,2,0.3133677089085658,0.24747512109188669,-2.7649179742907104,1.9935757702084131,1309
52,3,0.2626788616773096,0.18070440063890697,-0.2741151924592192,1.9178581511314112,1309
61,3,0.2751123682176809,0.18096227392402053,-0.1168421171156019,1.4884188900163324,1309
116,3,0.3200028492861705,0.19480413890667492,1.6907869432257667,1.9048185075274247,1309
181,3,0.3592993679987666,0.1979256793142703,0.7203444568419907,0.769972503601375,1309
201,3,0.36698511532140643,0.07265955877333799,2.7892626576027855,0.30537193087390474,1309
212,3,0.3725450017004045,0.1811692347741326,-0.8795891270387024,0.46141035142304115,1309
231,3,0.3829418524470126,0.2538134391616073,-2.9912559249699506,2.0977694708134464,1309
161,4,0.35112066061408176,0.19423250860490207,-0.019942406562682684,1.624279224614857,1309
225,4,0.37820961389166197,0.15757875502404403,-0.011612199024103377,1.6700352150515787,1309
294,4,0.4037870004864462,0.04612999963036815,2.861422902494293,0.38412223122246303,1309
303,4,0.4070265214505969,0.11817509953409842,-0.5848389735395836,0.9058501164037216,1309
323,4,0.4138714461842118,0.23692425564532105,-2.958072955547167,2.12190857326365,1309
365,4,0.42716580779204183,0.06638449392738772,0.8758633363066903,0.5066962991259315,1309
367,4,0.4276539840685891,0.1173737917293581,-0.20007505938182554,1.0251108117498544,1309
403,4,0.4372899336168239,0.18476468652227157,1.4830938757036618,2.3121742448487166,1309
459,4,0.4529147771517614,0.19705542708448745,0.5234823917552034,1.1605300622851682,1309
465,4,0.4548316312689,0.13950704166688466,-0.38729642743543796,0.5938817744797029,1309
373,5,0.43064077565322045,0.24702504895011318,0.023523377375675558,1.8537090627371429,1309
415,5,0.44071845494393536,0.17038318437061636,-0.08729616776117094,1.639315142222717,1309
421,5,0.4426553246795528,0.2563707777960222,-2.9224184208218618,2.1030776851802653,1309
599,5,0.4871038919323305,0.20914626489281796,0.563280948451406,1.0378351186124188,1309
738,5,0.5168494684589712,0.19876662214158436,0.25765684473901346,0.8415600101977108,1309
760,5,0.5218458593900018,0.21424203829359348,1.7764782960381675,2.2255453538850514,1309
772,5,0.5246025366632795,0.1307989248649958,0.2928554246039426,0.6482995266194077,1309
450,6,0.4505672955844606,0.2594966417787825,-0.009595362145564265,1.888228713956325,1309
730,6,0.5151204233265234,0.14911188148915497,-0.5279008106283392,1.6359613020201533,1309
808,6,0.5344815311044112,0.1112934357543259,-0.3679197694763183,1.2464712338956767,1309
864,6,0.5489156172175189,0.20958711686376397,1.6420037656079955,2.1936654340449953,1309
868,6,0.549705367549647,0.15425915529513023,-0.44704316746940126,1.8963249693737003,1309
911,6,0.5611800828243126,0.1862794395814178,3.0174934678331904,2.449615167265437,1309
1049,6,0.6062884206440456,0.18260603503306827,0.28492286345027845,0.5175857023784669,1309
785,7,0.5286635836558421,0.28706099144388786,-0.05487997398063787,1.6336779140832705,1309
961,7,0.5778778130221113,0.17275271870015313,-0.4329827554703696,1.9551579440656848,1309
978,7,0.5825898340368945,0.20353826572966047,0.12552189371817485,2.0191183547898754,1309
1112,7,0.6349747171516603,0.15722779402885564,-2.80384931419287,2.41345187553764,1309
1116,7,0.6356717025791857,0.18521169039676702,0.2608782645269083,0.6341861163641268,1309
1117,7,0.6361795696958712,0.1483803019298946,-0.12979784103771874,0.9864325302660301,1309
1197,7,0.678979950518889,0.20074663213069108,1.27564318660359,2.018702356720282,1309
1127,8,0.6408249530364721,0.24913624541146606,0.17314597250002328,1.5799841765719735,1309
1225,8,0.7096171778446635,0.18412171466233532,0.6088500933580371,0.7494102018774005,1309
1239,8,0.7205902356604501,0.20524986230726364,1.492477376492642,1.9686785743593798,1309
1244,8,0.7263529338035779,0.09237535650892933,3.11643758355462,2.142411809578281,1309
1276,8,0.7752174222587033,0.09993930156494939,0.6440112118209013,0.9420631289462464,1309
1283,9,0.7819902314790977,0.15811149943454708,-0.3436272659709392,1.4420728025189837,1309
1292,9,0.7982641561364946,0.13505963061694046,1.6259729100237517,2.1247537004205728,1309
1294,9,0.8069606242804944,0.0741717569165053,1.9617758564361016,2.0615000027836965,1309
1295,9,0.8071081727082033,0.09996455542794067,0.38246245517171606,0.8232929719250878,1309
1305,9,0.8361683560586253,0.11881546265276635,0.6910041365260247,0.9705837972707946,1309
1307,10,0.8849299183060341,0.059311425447444714,-0.5324663376059197,1.4978285884067017,1309
1309,10,0.9251144334333553,0.05742351703358133,0.9910504439024508,1.6201958019866238,1309
1310,11,1.0,0.0,0,0,1309
0,0,0.0,0.0,0,0,1309
1,1,0.049887326061005544,0.03786535756817082,0.6193671163095673,0.4726329567630316,1309
2,1,0.07529439896037848,0.052542846287275326,-3.0723882874956168,0.7446439790673145,1309
5,1,0.13291150948279973,0.0826669804806311,2.616905394463723,2.345448068880274,1309
8,1,0.143705615439489,0.08222309581134876,-1.219257018308403,3.057311676158328,1309
10,1,0.16324723171024558,0.15884510014528408,-2.6459865372651716,2.8715821364602077,1309
4,2,0.13090474142235398,0.07668557184712092,-1.1360441318156786,0.2158433797123225,1309
13,2,0.1830105699642005,0.11890215317668174,-2.5103061936721742,1.7504909467729828,1309
14,2,0.18363981101845406,0.09651324698129685,-0.9520426142733813,0.9370290631764102,1309
15,2,0.19022286495148166,0.05373321740213647,-3.125600471697832,2.582773940503876,1309
19,2,0.20045464928142953,0.06678975237358073,-1.6162376529680658,1.4468406230410047,1309
21,2,0.20464948775884662,0.14985603007504403,-1.4800304484976547,0.8315683367629041,1309
28,2,0.2221525532422648,0.13758927235637147,2.922439829708972,2.6696109192371997,1309
40,3,0.24055822416513195,0.11883680555393082,2.969707142694813,0.47575057820147926,1309
44,3,0.24994080216901815,0.03527983534976436,2.72297438711108,1.8190719043642425,1309
45,3,0.25624345150803485,0.06108096941133236,2.210572221985379,2.9198750743331905,1309
46,3,0.2571984424025232,0.0718862114449886,-2.302403004409514,1.6221018713507462,1309
52,3,0.26505518133338757,0.07936156694047437,0.9076069497096027,0.9008815689589034,1309
55,3,0.26735043817969484,0.11829431937319232,2.718938329596792,2.8040272717132813,1309
85,3,0.2982086736616463,0.178087569304326,-1.3575271335667856,0.9225405703943252,1309
86,3,0.2983020448129535,0.11483716737584648,2.8142532308674566,0.9951678784019061,1309
97,3,0.3070537476900962,0.1737759053511439,-2.924987932672843,1.2793594134803576,1309
149,3,0.33330739941837284,0.20813796330394424,-2.3361926922596488,0.5706252807565813,1309
91,4,0.3024916378121031,0.10989100642363103,0.9535317193988878,1.0528627315252799,1309
93,4,0.30327364579595717,0.06470470419847127,0.003907128785474534,2.610116892829263,1309
119,4,0.3230398899580288,0.05581849075271594,-2.3652337659041485,0.7788507462976874,1309
123,4,0.3236824508614331,0.1355259993307848,-3.0294773819339986,2.7468555056638584,1309
169,4,0.3493219426285352,0.15499769963449955,-2.395151107975356,1.5517234581316504,1309
209,4,0.36556132367617167,0.1490792804065759,-2.3252410857869688,1.446597558990582,1309
212,4,0.367417449471687,0.15836692196121277,-2.157121566304372,0.38480476664839147,1309
216,4,0.3688096940492991,0.23840164223882684,-1.36330360890724,0.8117283965669195,1309
369,4,0.43608238034950153,0.16933284138338447,-2.610798212322037,0.8385641978546321,1309
252,5,0.3861565376117657,0.10479414665756398,0.6093814719495921,0.46112644678457054,1309
346,5,0.4259503309233721,0.05153393754059481,1.9609475464241743,2.4533536468901977,1309
348,5,0.42713048648477847,0.2253956222064756,-3.036528936170377,2.4649316339315086,1309
362,5,0.4332351639096541,0.1244049429302737,2.804434137959145,2.3232020007649523,1309
371,5,0.43617060496198323,0.15266466713100027,-1.4671718497596924,0.5842271582487206,1309
405,5,0.44370480103481214,0.15664551677040953,-2.2280117138584066,1.0886559400980123,1309
437,5,0.44927068831025907,0.20500742530108476,-1.488937698989477,0.9553417092796531,1309
480,5,0.4615762311559134,0.21007763777722105,-1.9995486077105458,1.621047866102728,1309
522,5,0.4698879315837863,0.20335133819548432,-2.2315580456592166,0.48833379991980064,1309
531,5,0.47192886663517897,0.19170488992042362,-2.742667200062361,0.8438891842339065,1309
445,6,0.4518754808070329,0.10315830241174158,0.13575024442157302,0.8183897663041095,1309
558,6,0.4785196424156387,0.1258963922176348,1.3972075743570187,0.24632461984972487,1309
587,6,0.4844361279736542,0.145074483089819,2.6435966148694887,2.5214024334418137,1309
727,6,0.5120234488113627,0.19009340539330835,3.090578550775534,2.6302174934187192,1309
734,6,0.5133404643983742,0.19991708474265324,-2.8014593622018875,0.7411052464121906,1309
755,6,0.5176386077197052,0.1844386243687848,-1.3083879174348025,0.8069942657013554,1309
783,6,0.524981280200882,0.2065184208116751,-2.2936174640583107,0.6320759267052604,1309
802,6,0.5268027969372282,0.037130839602230466,1.753611811601747,0.7997327212470594,1309
805,6,0.5270448647861892,0.17931856490092216,-1.8751543886762716,0.7670544300863804,1309
895,6,0.5478537514720334,0.22610508355399966,-1.7624236679649377,1.3419690402454594,1309
873,7,0.5427404577526901,0.1192621718514862,-0.5000380713529747,1.082019870549341,1309
898,7,0.5491094990056679,0.1660071993833238,-0.518799713019726,0.9193861550370196,1309
913,7,0.5526749036533711,0.1705281752230419,1.1716636840819086,0.14787321823268512,1309
914,7,0.5528325168770484,0.06702482442411901,-1.6129995979888216,0.2554043981126026,1309
926,7,0.5562711153607098,0.1819067706012954,0.2796401707576539,0.6918238496918999,1309
944,7,0.5637320111864245,0.15266804219629823,-2.8777976669135605,2.5975267200446717,1309
1037,7,0.5948940650157126,0.11283865197043,-1.203280078420124,1.132648539934001,1309
1066,7,0.6074154551430667,0.1828246996046227,-2.362441153688271,0.9577753166681416,1309
1103,7,0.6257995588973644,0.059935347356613135,-2.0543030392430146,1.5302341066345782,1309
1152,7,0.6523126324453499,0.13601421797069074,-1.9830013228452812,1.2139586093790824,1309
1091,8,0.6199530631906321,0.2118200872775417,-0.5428798764726307,1.0709221001465272,1309
1107,8,0.6262170191453383,0.17025890717265973,-0.2608897964118298,0.5610084518835747,1309
1110,8,0.6272927902830375,0.19545941579540718,-2.7823746910921843,2.5334974221108846,1309
1143,8,0.6464648973746353,0.045986880528185274,2.5031798771666223,1.345228509487332,1309
1169,8,0.6627759679874019,0.12110522091929031,3.055776519496027,0.5627912669783933,1309
1173,8,0.6672988797793582,0.1535023862640258,-2.1722863790985896,0.8094369430723987,1309
1208,8,0.6971753870316003,0.10465956614745726,-2.0714626297332774,1.0069659812985536,1309
1229,8,0.7128562308005859,0.20112255708042776,-2.505646882029482,1.2864877640814443,1309
1191,9,0.6849982631474375,0.15353936076050387,-2.7370625920146745,2.7471604234689555,1309
1220,9,0.7030651098504591,0.14952334009695267,-2.4296216289260717,2.5178502318709577,1309
1222,9,0.7042313179620088,0.16638831064123677,3.037290059856362,2.496218039425386,1309
1238,9,0.7224723407535958,0.05059869202250478,-2.5364086343899213,0.9105141342969056,1309
1239,9,0.7226734142799411,0.11718939470151869,2.8153177396247586,1.2607332088664198,1309
1241,9,0.7233325455288029,0.12153576823359719,-0.27191308595512503,1.010172320740629,1309
1278,9,0.7829778487084504,0.13968136502897768,-2.637152645595547,1.2429325152344397,1309
1287,10,0.7966833351067326,0.11039733429999934,2.9728061972696627,1.418062444525073,1309
1288,10,0.7980155852173626,0.11792033635636862,2.629322837946487,2.363918634484336,1309
1293,10,0.8141626551217874,0.09519261882416744,1.96263621417874,1.4954870825252717,1309
1294,10,0.8153602468446624,0.133193934519582,-2.6318080011328386,1.2355314622342635,1309
1297,10,0.8205672869252808,0.12477706795635955,-1.5781851869502046,2.6960802141189353,1309
1303,10,0.8442280533180746,0.10976932084398794,-1.3160786277434562,0.5111679187137266,1309
1306,11,0.8617688336798729,0.10701276717079881,2.3162652962444317,1.632293992082983,1309
1307,11,0.8993816828288417,0.053173727878525257,-2.9769408729493687,1.2133784573381654,1309
1308,11,0.909128815469996,0.07240084824176093,-2.2358023579649102,2.90495469919062,1309
1309,11,0.9232109233716054,0.05573922698372951,-2.0563493974650267,0.6909557819511863,1309
1310,12,1.0,0.0,0,0,1309
0,0,0.0,0.0,0,0,1309
1,1,0.026301903206098376,0.02198481703693927,-1.9255055224758943,2.6963379029328958,1309
2,1,0.07864858796037777,0.074694600575706,1.954628717020309,2.210596578781421,1309
3,1,0.10719250785927215,0.09130541667167998,1.406734963705703,2.528800370607334,1309
4,2,0.1316368618376187,0.06151757219335501,1.7539011535931517,1.508976695702369,1309
5,2,0.13212167346550074,0.06949461003421183,1.458752257025368,1.0938638446894913,1309
7,2,0.14216938706913518,0.07774978066438838,2.182270054107813,1.9548021583812267,1309
9,2,0.16119779345936092,0.08351983609785912,-0.9700538642860779,1.6687935435874128,1309
10,2,0.16418776263751855,0.11205718821805366,-1.1052946882523877,1.7090824820971242,1309
11,2,0.16476416071500566,0.09571562620860515,1.9140495161892175,2.041583869219618,1309
15,2,0.19197556995495924,0.09890715832160375,-0.749398520504867,1.378660430137913,1309
19,2,0.20494617186504482,0.1614825973609634,2.696592132622312,2.593525370611872,1309
20,2,0.20513648620329283,0.13862207146291777,0.49618549747384433,1.9167480927654668,1309
25,2,0.21197673946230577,0.147457785840403,2.7930850167184214,2.37711966724073,1309
16,3,0.20005287831174579,0.13142347705618904,-1.2717381996014816,1.8626918026452528,1309
24,3,0.2108768176041973,0.09602020642273369,1.0722265225467364,1.9993004593628687,1309
32,3,0.23140280137123725,0.09431557279257219,-1.1822344144605132,1.4918951953612822,1309
34,3,0.2356919421193745,0.15769128832381837,1.9372782222240823,1.0112202679067561,1309
35,3,0.2389684048111378,0.16535962782504265,2.0372467887810957,2.108254235828381,1309
37,3,0.24277671267614498,0.11292740478519238,-0.799109255796575,0.9749933127766793,1309
41,3,0.24734581021339275,0.10902389028873344,-0.5266520040688702,1.7643795071633852,1309
44,3,0.24825889290773828,0.1676065758534817,3.003375591834779,2.4190756760217895,1309
45,3,0.24829745155990168,0.16416242432429629,0.38858017311186016,2.070108809801705,1309
67,3,0.2814281563544355,0.12492416502838734,0.5521417289852766,0.613092714001905,1309
56,4,0.2689582413291913,0.15556018120685905,1.9851813050643887,1.1497187567233111,1309
57,4,0.2700618122958812,0.09957815843357139,-0.8320448022066133,2.23421465943315,1309
83,4,0.2923796984275493,0.16742223158412697,2.247198582433017,1.9769034581916194,1309
94,4,0.29970106413202013,0.12680392748978003,0.3902417348723049,2.167973709251234,1309
104,4,0.3061926473164006,0.18521011708554766,3.0777818095364395,2.327662707178247,1309
183,4,0.3574022973387948,0.11000136380767911,-0.5209125145599128,1.0532329722132512,1309
195,4,0.3665473788071931,0.14288878841655867,0.4302099292221002,1.1517829129146961,1309
161,5,0.34097357959052066,0.15899905408003487,2.2147444702230903,2.040673445906726,1309
165,5,0.3455741258142999,0.12582219261134772,2.028078520594451,1.049041051617843,1309
222,5,0.3776504886707631,0.143137657492833,2.217891647388804,1.2871652620993101,1309
234,5,0.3831098938003473,0.22322687993649168,2.0464509492568195,1.028695903453065,1309
237,5,0.3849916564193411,0.15490030852891437,1.697938769113013,2.0138950065108463,1309
247,5,0.38916230079189396,0.20922707634320595,1.8331417612638776,1.5301711879807733,1309
249,5,0.38938040619469116,0.19819865425539643,3.0140115818316087,1.9421712772688269,1309
255,5,0.3920565510366828,0.17670592694303414,1.7597860099388893,2.339064316067718,1309
257,5,0.39299979346582825,0.08655895817254505,0.3962562372736997,1.8909970110721726,1309
289,5,0.4062389088886318,0.10667073059468479,-0.1912623791880121,1.2608217503475037,1309
307,5,0.4121998494180763,0.1933496542732406,2.4220591377616283,1.0945775972740335,1309
316,5,0.41587419726157904,0.26021925987786065,1.5254410336744655,1.3369802654009766,1309
338,5,0.4252744511209232,0.13119342680165844,0.8277937706589739,0.9113640102724646,1309
342,5,0.42756792215365813,0.19569681303802522,1.7842938398967751,1.3514240752192421,1309
377,5,0.43680430369438306,0.16371798379062644,0.2605342888021,1.370277535211889,1309
346,6,0.42833325311444903,0.14965564443441365,1.4515758830043868,1.0386314075814846,1309
362,6,0.4334157370161894,0.09174180447490261,0.22179403725105942,2.1374690544668153,1309
395,6,0.442081159929544,0.18677020335758585,-3.0452604774692995,1.8057197304835637,1309
438,6,0.45339254723865474,0.1785526569968611,2.9265369112647206,1.6970749040074538,1309
439,6,0.4535287958423022,0.08011010133117827,2.4943923070775775,0.8855609313920318,1309
468,6,0.46020096870438787,0.17271680464346037,2.1865534688022987,1.1757080958988506,1309
491,6,0.4647894600108059,0.2293095045337311,2.1314349029186204,1.8552269512961779,1309
501,6,0.46845190560806516,0.11669822121398958,1.6821801236558358,2.6192422874064976,1309
520,6,0.47320181677776874,0.07826821055599818,1.6054542666526659,2.0827453623822354,1309
531,6,0.4751220117891163,0.23049712362038816,1.8788955770746034,1.8587925340931208,1309
607,6,0.4908627591562549,0.23101876313407074,1.7835438076755294,1.2999191576236346,1309
874,6,0.5453400808582306,0.16548086817259414,0.6466327358995297,1.3645075527665433,1309
536,7,0.476529203415332,0.21000396724264192,-3.0032644024801853,1.729946689438319,1309
742,7,0.5136761012657308,0.1621491648929862,-3.064108953881457,1.551718890815537,1309
778,7,0.5230680263722562,0.19163627417517085,1.1210755719367842,1.1592921177413167,1309
807,7,0.5278715990988365,0.15965017822309938,1.2210368760844128,0.6963679029304185,1309
825,7,0.5302404482389147,0.19946461501715743,1.947418385964959,1.1726659615078265,1309
850,7,0.5384531903824109,0.19410878147136817,1.2960979346506294,0.9091086264333853,1309
879,7,0.5479740016897383,0.14506729048589925,0.8442771458488567,2.0859672893489516,1309
901,7,0.5541429944262922,0.201109617782999,0.709976084501836,0.7730871468839767,1309
903,7,0.554334322217956,0.16947870656900704,0.8102891815671538,1.8632768146725618,1309
962,7,0.5701494311046341,0.08884256975458552,2.074637856506703,1.8592480683671122,1309
969,7,0.5729701953481385,0.15405132663522703,1.9074329152355975,1.5963326603208066,1309
990,7,0.5801681956449228,0.21944528038003683,1.5295036312401393,1.5626571160222427,1309
1011,7,0.5869363080070259,0.17496588651763834,0.8527414720965417,1.4465351515372524,1309
1012,8,0.5871184536258047,0.206346483451302,0.7265327380845339,0.8175384796149667,1309
1020,8,0.5892912475620479,0.24018554789130966,-3.037329870838672,1.2987459551421296,1309
1053,8,0.601326123299104,0.17889999504200632,0.5673954729654278,0.7018714715601829,1309
1095,8,0.6184662194641255,0.1984262305390381,1.0442551452129198,2.246536550378763,1309
1106,8,0.6229747884721746,0.12240486445114013,2.172863729639798,1.5005389326893828,1309
1167,8,0.6574190556068353,0.08625474858719184,-2.2886081145225297,1.809468000137799,1309
1193,8,0.6711830377803099,0.14908269338415495,0.9170167563187458,2.921967311326256,1309
1200,8,0.6734938598249064,0.13529739009262495,1.4839975779360222,2.146945173307017,1309
1216,8,0.6839032208244933,0.12953352557301107,1.2815003614589966,1.6043835688817107,1309
1182,9,0.6664391210235363,0.194176451587507,-3.057873573132485,1.4547045186522327,1309
1243,9,0.713857645199734,0.1012744594454101,0.4306088169183564,1.247055899523826,1309
1270,9,0.7479070828512273,0.13905132124277053,1.0164359267357501,1.5283508841737843,1309
1278,9,0.7559818971552021,0.1626887551225719,1.583512934844506,1.440605398594392,1309
1291,9,0.7851570217158554,0.05413649655996329,0.255057479433558,2.490567900168119,1309
1225,10,0.6939255868968692,0.1971314216890091,3.1026949008609486,1.4869519482495641,1309
1302,10,0.8422179551763285,0.04422562893303879,1.6524052729624095,1.44845097177916,1309
1303,10,0.8522318180046555,0.06895291890407111,1.5069757425762222,1.6209181530353063,1309
1304,10,0.8687531209329722,0.05733310849137513,0.2768991099846932,1.7403539727824273,1309
1299,11,0.8211104756013917,0.1668445097741229,-2.886949474972677,1.361987191911024,1309
1308,11,0.9148703578184219,0.04565849568359279,2.1256727919770504,2.2133904270685996,1309
1309,11,0.9184446987570885,0.07261770197437699,-0.4129575444416971,2.1089304847712773,1309
1310,12,1.0,0.0,0,0,1309
0,0,0.0,0.0,0,0,1309
1,1,0.09703369771419779,0.053586916596486685,-0.95770891044515,1.3719192246659018,1309
2,1,0.10940920979365198,0.08280345224834164,-2.1907009969379105,1.9441689029439693,1309
3,1,0.10966286479072118,0.05949265490353918,-2.039968861948093,0.7822568864057486,1309
4,1,0.1329418467662118,0.10901374282271968,0.8399040045418635,1.8477389740781758,1309
5,1,0.13368853876187714,0.058605391951003415,-0.01811986641574826,2.1507743035367772,1309
10,2,0.1722118992626004,0.11957768797357797,-1.093626753415347,0.9970756119518217,1309
14,2,0.19694207683688358,0.11253402149176886,-1.5138095715289126,2.2504050420303328,1309
16,2,0.20059803432262313,0.10301786238089189,1.2404917167373817,2.1429436981245127,1309
19,2,0.2106469951344523,0.13084820250774606,-1.5373967097420782,2.0509619025540005,1309
20,2,0.21701253506830898,0.15754426323016946,-2.3782190999987955,1.3424550353809939,1309
24,2,0.225401242645067,0.12938094454678606,1.348254948549151,0.27352346924282095,1309
29,2,0.24730742144121098,0.0936635846622475,-0.13800333145753618,1.623215689031622,1309
37,2,0.2533180764519377,0.12567990329144144,0.019526857474905162,0.670443023059843,1309
43,2,0.26531157024859686,0.17286104348460496,-0.0074984681378991004,1.305580504438876,1309
51,2,0.2716401660717219,0.1745587732911907,0.5029560345023857,0.8299476153534184,1309
71,2,0.2935787164834647,0.1861070336259505,-2.607640467915568,2.9249143762657543,1309
60,3,0.2801204476150475,0.1764280677706521,0.06948465740110503,1.311962159583974,1309
70,3,0.2925163022268692,0.14560728979562723,-1.0059049230759913,2.315328947058126,1309
76,3,0.29987588397756837,0.208755066026857,-2.43656170042734,1.4869691945318064,1309
78,3,0.3021834711662562,0.19434675482392835,-1.553970138152188,1.5299129242379175,1309
118,3,0.3314837123958141,0.15822643410171403,0.6095554044666406,0.7895157330104277,1309
122,3,0.33500112343975474,0.15011852725275882,0.12492824245021475,1.8345614091013425,1309
136,3,0.3475405668978768,0.1949238591311483,-1.22325229302925,1.7266096871100127,1309
165,3,0.360927744393291,0.23027994111804584,-2.504889347437784,2.8113352614123115,1309
172,3,0.3632983858371599,0.1990750142049654,-2.8013745418806617,1.5029025836875154,1309
135,4,0.34653254599699446,0.11739156646530674,0.0499412462003638,1.1936357937550728,1309
234,4,0.386931957639287,0.19778130007083877,0.023798232918900986,1.0065366387060553,1309
236,4,0.38763809784560765,0.1727236160579303,0.2402763917871327,0.8351462924880411,1309
248,4,0.3979523709720719,0.18932232740348534,0.13930265086423713,1.2673932907787717,1309
258,4,0.40023168685320465,0.16750426285609288,-1.858154133553386,2.4523906454794324,1309
259,4,0.4002821805053155,0.09810160680251308,-0.3397426732926054,2.1412367834204367,1309
273,4,0.40496092980345466,0.20967838564499086,-1.265166866708831,1.5848103485492204,1309
286,4,0.4111311143176567,0.19999922084575578,-2.9619624513235356,1.6349975716418272,1309
323,4,0.4249160190936002,0.18769926224939884,-2.870951857861792,2.700283537570468,1309
340,4,0.42949524241097803,0.1102116200761062,0.7883651385142013,1.8516557520644414,1309
397,4,0.44462728695190823,0.23078011601748338,-0.04801862750091535,1.8400309895654636,1309
346,5,0.430024925408672,0.08512740895098331,-0.07397092973490023,0.8779433576368749,1309
439,5,0.45466224072632766,0.18445770142926068,-3.0123062891128836,1.4410943492096955,1309
457,5,0.46051628807657863,0.24172322199589444,-1.4101106556939584,1.7190175794162605,1309
648,5,0.49941775174338876,0.131485136239331,0.4886190977500615,1.1925213621339594,1309
675,5,0.5048952052154679,0.14772926303823603,-2.8862882977149362,2.6748432100495423,1309
686,5,0.5067304061293473,0.20204789720418725,0.49874799579675816,1.6698652740504263,1309
722,5,0.5133352010447834,0.10943255226261057,-2.4551602767853664,2.07612779769138,1309
895,5,0.5545654223938574,0.20629817569111122,0.37345365348172416,2.020856051906103,1309
772,6,0.524267349185798,0.10911493911409467,-1.2163808136960523,0.9420798114322164,1309
794,6,0.5278074600759327,0.05966419635397433,1.295731115297685,0.8937008946074928,1309
836,6,0.536530846463709,0.15017811676021034,-0.2976777961014739,0.22658356728176338,1309
891,6,0.5527297607874154,0.3094685575884838,-1.2413173571418354,1.818435596567046,1309
956,6,0.5739874237831786,0.06015710200527356,0.6780661525371768,1.6734571265138547,1309
1011,6,0.592987719811928,0.11066270631148543,-0.06484370774393805,1.8410320084726122,1309
1029,6,0.5994692043456803,0.22105419207270313,0.2896700152595931,2.0479994405634177,1309
1055,6,0.6105524138652045,0.16174744138469865,0.28388988453471037,1.3862022887339163,1309
1064,6,0.6128735538776562,0.16509266412917833,-3.130402080047094,2.023417497376671,1309
973,7,0.5802750877725731,0.2987269017432189,-1.265316042576308,1.7768666642051085,1309
1063,7,0.6127891540023217,0.11444521818751624,0.5607654725609578,0.2518767595466254,1309
1078,7,0.6180260651933209,0.08655080187670551,1.304004451891306,1.1427721484243607,1309
1112,7,0.6313427376278848,0.21785523429192316,0.3509623341971466,2.1455723770154034,1309
1141,7,0.647292703350238,0.13921315752663876,-0.5047874428332315,0.9217373024170268,1309
1158,7,0.6546455651810994,0.18068075171565778,-3.0280753405768195,1.9050777618821362,1309
1165,7,0.6639861210197231,0.2113412835380246,0.08880609558617085,1.8259072565795385,1309
1175,7,0.6694631280152682,0.11377697514944231,1.1538893131210852,1.682797283720489,1309
1199,7,0.6854708873735934,0.08051990329852746,-1.204542537064945,1.559002405274781,1309
1228,7,0.7074415725757245,0.1301581113976462,0.5758154430866841,1.6893419097521292,1309
1168,8,0.6661613378085732,0.24400481810594518,-1.3052172848926678,1.7078733269233148,1309
1239,8,0.7173936914125228,0.08086253118627884,-1.2054600584086352,1.8437064935023053,1309
1247,8,0.7203872636667047,0.20527205253135525,-1.0161775634586974,1.9813224821492188,1309
1251,8,0.727848905141546,0.13024602606071087,3.0141928368056394,1.9945220525457263,1309
1275,8,0.7613280385995341,0.05623875439213945,1.8987554041244135,0.9302518570933996,1309
1291,8,0.8056332812901295,0.09541841853726576,0.39111929073817664,1.5679051365341297,1309
1234,9,0.7118015075045833,0.23257473478360768,-1.3608791321799887,1.8357192461922784,1309
1266,9,0.7510122369959362,0.17756784948560445,-1.0326418530720234,2.038918217871734,1309
1277,9,0.7624848469787661,0.11845190778045628,-0.951105461782634,1.913275887876177,1309
1280,9,0.7656133945927599,0.1303933917536702,2.810825834824816,2.1095681753227007,1309
1299,9,0.8264903560013093,0.09715378282454291,0.434886421230426,1.7228024556728534,1309
1305,9,0.8519467502054632,0.07810241378694273,1.2629716885525415,1.2790516598006825,1309
1281,10,0.7797120462123766,0.2196892054373811,-1.2576342632396467,1.8063725471546315,1309
1297,10,0.8189007391916002,0.17616166115125925,-1.4541686998927628,1.596734698301326,1309
1300,10,0.8308098706803823,0.15367635286090484,-0.6344580975840203,2.1778869172742636,1309
1307,10,0.8717497751056917,0.07394559436625178,2.6905121966885153,1.492639495789234,1309
1308,10,0.8734494718711268,0.1081339862448177,-1.0496248211549457,1.4269524019957238,1309
1309,10,0.8993013255665695,0.07662993359312047,0.7877893461432649,1.049762003592741,1309
1310,11,1.0,0.0,0,0,1309
0,0,0.0,0.0,0,0,1309
1,1,0.1426196333995503,0.10738909892275338,-2.634859206739422,2.7417636692102176,1309
10,1,0.17176955580350384,0.1126512248081826,0.33607170177567236,2.5206408309569452,1309
48,2,0.2542635305672184,0.11179741465472606,-0.878191840512561,2.4765264662374626,1309
79,3,0.2935050971034723,0.13126184848755104,-0.6150940707982573,2.3930758010338558,1309
170,4,0.35584000057439746,0.1260063872213888,-0.6366672038377239,2.075819242854216,1309
193,4,0.3647973131119443,0.11735755115109084,-1.357427546019463,2.2476216674061122,1309
243,4,0.38482453348544754,0.09092097420945555,-0.8352131040767112,1.870467310580986,1309
355,5,0.4242163826356463,0.1329398853473652,-1.5162186063719834,1.8802258363437108,1309
414,5,0.44041644499372434,0.19530573922619765,-0.7338609667077914,2.112895276643183,1309
451,5,0.45088880278144106,0.1535527572500461,-1.733280199962762,2.212235142577166,1309
678,5,0.5024206179245816,0.17773778388516503,-1.057811978550891,1.5395001603020597,1309
727,6,0.5122630992024089,0.240367278017561,-0.7210877436554454,2.1031127607570728,1309
803,6,0.5284657811009339,0.1823671523212118,-1.023930858455763,1.4189953444717505,1309
896,6,0.5527308975739638,0.16011331243619156,-1.7854450849354,1.730754848028985,1309
940,6,0.5620503402626894,0.19385224150113928,-1.8635364629896072,2.3838058934756456,1309
945,6,0.5632898699156712,0.20514765684249825,-1.6797511988189617,2.691143588952607,1309
1078,7,0.6087698612347525,0.12478293617484394,-1.7445331470854704,1.86218760486183,1309
1138,7,0.6351716834909248,0.21037671245127262,-0.3536589484119603,1.721384801498005,1309
1148,7,0.6389710215718968,0.20452210991714295,-1.4239687095194917,2.5722322737797225,1309
1156,7,0.6410905083804925,0.12682269810492977,-1.4755332101454166,1.4368623112212662,1309
1226,8,0.6841470325463106,0.1120848841529131,-2.062893783747508,1.9479615788387423,1309
1252,8,0.7163650827692698,0.07201200239334299,-2.6181726896132775,1.6699885980703266,1309
1254,8,0.7194449030398845,0.19907034630831716,-0.4985403565244699,2.0666595543938575,1309
1256,8,0.7208798002984576,0.18454340595437857,-1.0545521690551856,2.554395979900366,1309
1265,8,0.735313125845432,0.02823452379832548,-1.6918414371840598,0.772761760033504,1309
1273,8,0.7432913267881158,0.06447806254747517,-1.4527717691826907,0.9913691711595602,1309
1302,9,0.8401387764205854,0.07428463726987565,-2.084490930861058,1.989451050049193,1309
1304,9,0.8682745020586293,0.07410740445871669,-0.7405708349290523,1.7523821819215968,1309
1305,9,0.8724301617132292,0.06464541081596346,0.007853145608507818,1.0685857031012542,1309
1307,10,0.8885619203326575,0.07429134126262306,-2.0208093136943592,2.6464352098612354,1309
1309,10,0.9267368640751259,0.036205350560146725,-0.6552864712519127,1.0813820631472837,1309
1310,11,1.0,0.0,0,0,1309
0,0,0.0,0.0,0,0,1309
1,1,0.05769621582656026,0.04854682768525639,-0.27649882519186664,1.4119213274660019,1309
3,2,0.10890142321349527,0.08614054482272313,-0.38886459376754967,1.4578773387864503,1309
13,2,0.1930775156756711,0.13620201750959457,0.06664553833260425,0.8041328427177594,1309
10,3,0.18482953423942639,0.04850391490014728,0.004399676911668428,1.2294382476900712,1309
19,3,0.21683223321124256,0.1301355575030515,-0.25198918994017516,1.9055297812406424,1309
21,3,0.22132710088546104,0.13787799550344787,-0.5984670663689933,1.9780783033488387,1309
23,3,0.22816103886044936,0.1501526174400989,-0.015812261924275043,0.9131182312522409,1309
25,3,0.23156150606463755,0.12609225423652112,0.006793119172659755,1.7206262533282954,1309
90,4,0.30870930705839816,0.10845339353561309,-1.373772834805168,0.9964447953175369,1309
97,4,0.3112950654341119,0.16888066485234166,-0.6263451981127216,1.4470997569049773,1309
101,4,0.31484675760979575,0.19762414208562584,-0.09688774295453594,0.9558078074228921,1309
115,4,0.3265742369845096,0.11701116116687611,-0.15906186014639895,1.6242895824809558,1309
148,5,0.3503825668628292,0.1942468599137059,-0.7336416341641102,1.4418592299907043,1309
185,5,0.37052303215376614,0.15327996019687723,-0.6598574561616919,1.1360299651524812,1309
227,5,0.3912243073950784,0.1332290846838491,-0.9478910552286712,1.1571467069499484,1309
248,5,0.3994589867642212,0.13726405079704856,-0.6585556705880342,1.8763478326780885,1309
305,5,0.4218979761264492,0.1870963338123502,-0.48769881664698866,0.916740197119015,1309
311,6,0.42273267993847197,0.12926251434712757,-0.599116452136893,1.5217558252898127,1309
314,6,0.42314024475188505,0.1478762754972708,-0.6466086982185564,1.7469221570486468,1309
333,6,0.4290078614032816,0.15010868118704182,-1.0032577408830357,1.065287436263237,1309
391,6,0.4449092455887327,0.11030196179906131,-0.5906170591927693,1.6217416077081608,1309
612,6,0.49635360462272127,0.1544639868431646,-0.31609399984946324,0.7657537594360019,1309
499,7,0.468756126359135,0.16913069212867102,-0.8073612929944315,1.084340346613766,1309
500,7,0.4691050551066315,0.15773418131416986,-0.7317328735022944,1.8531833220543081,1309
847,7,0.5459823457561778,0.09741617348277405,-1.1957270900020325,1.5694066792584318,1309
868,7,0.552046906061003,0.1437723644168271,-0.17953426099052788,0.86305931935715,1309
935,7,0.5727688897582627,0.07889718513835932,3.003811764857071,0.0708435703488918,1309
1000,7,0.5898503312728811,0.10307862083187258,-0.4228704644205359,0.027485588329047985,1309
901,8,0.5636423911694234,0.24369614948727375,-1.0316875055148942,1.244472755845492,1309
917,8,0.5676116288213349,0.20012407916377759,-0.37511859451530294,2.168028580680487,1309
928,8,0.5702052710047907,0.17019692992901644,-0.24330290439136382,1.3380483668251544,1309
964,8,0.5789149599793254,0.1819974650043279,-1.4217098319510364,1.2961990353539643,1309
970,8,0.5806740498073809,0.18812648316773364,-1.3320938704685945,1.0450598852656396,1309
1007,8,0.5926580903492334,0.23523997525793497,-0.31293540165517536,1.9807532054840251,1309
1016,8,0.5955719283549371,0.18341325893485552,-0.06152616001134963,0.5885235903654837,1309
1047,8,0.6044925945547925,0.08033681850034698,-1.4431691743550639,2.216986607954442,1309
1074,8,0.6142970982692362,0.10055016011161556,0.3421731844680591,0.5764583549820927,1309
1120,8,0.635301875221846,0.0829606550107829,-1.5228145612241268,1.0774809652110569,1309
1200,8,0.6780291743268373,0.04554655643652172,1.3663505546441579,0.12210499139943223,1309
1097,9,0.6244997393298335,0.251973909010182,-0.9667601741636853,1.155919993023767,1309
1147,9,0.6463759192823714,0.191473837379966,-0.7954205765551539,2.0502633036369704,1309
1154,9,0.6506102749772186,0.22143719208294177,-0.10276120885891424,2.0196502339996565,1309
1167,9,0.6574443434024716,0.1504281733133854,0.06558107526384702,1.662993646524084,1309
1179,9,0.6642524893718962,0.12472463381413257,-0.3527529904990237,0.6792335269587051,1309
1183,9,0.6673946421665717,0.08860150964645289,-0.5745801974844016,1.4567887759794313,1309
1190,9,0.6736579451726579,0.12565517878516352,-1.5537868316951942,0.8404510247081579,1309
1207,9,0.682022757177007,0.14173700314395926,-0.39493297160267715,1.5996884529254534,1309
1252,9,0.7254185478056846,0.0732969814183907,-1.4372752806403433,0.5326134670979351,1309
1255,10,0.7276136564586889,0.18757318837165105,-0.3351921309600316,2.240681345733238,1309
1260,10,0.7319044628748032,0.06038202713078477,0.19148320432270502,1.3793151511893307,1309
1269,10,0.7443263996902425,0.18358066056195912,-0.6698950418371507,1.597141947669544,1309
1272,10,0.7488991148323668,0.09420944650536822,-0.3215678599589088,1.767624632230072,1309
1278,10,0.7569624863753242,0.07489514514902693,-0.8898962102412398,0.7845576894975318,1309
1283,10,0.7638350191587314,0.054393099938918006,-0.6150249219299142,1.7501296802980242,1309
1285,10,0.7663453649890127,0.1275489538945008,-0.9004149309735644,1.1726645811671517,1309
1289,10,0.7734837220854188,0.15486697019011822,0.6168578353030416,1.3585230100135002,1309
1300,11,0.8153948158973607,0.16859668112991527,-0.1150966802241906,2.6967392856494192,1309
1301,11,0.8242641692546002,0.12496465247477517,-0.8107598590738826,1.877104352894926,1309
1303,11,0.8326285839460498,0.15867434248430828,-0.8707454734718408,1.407176657102696,1309
1306,11,0.8465890304265192,0.09354051441524959,-0.2917597793307613,2.1239891993789484,1309
1307,11,0.8619436501074308,0.11243611538764361,0.33077753843595964,1.8818731179441115,1309
1309,11,0.8864677330709057,0.10575841775239082,-0.6855495034545074,1.143299715807592,1309
1310,12,1.0,0.0,0,0,1309
0,0,0.0,0.0,0,0,1309
1,1,0.1054313097544699,0.0855657681485286,-2.237824022269246,0.0770327946105016,1309
14,2,0.19345361334259514,0.08699956218874681,-0.6149903834315791,0.677076439522841,1309
84,3,0.2899088673415984,0.12280683852862563,-0.9968579806662328,1.3734184553804272,1309
248,4,0.3841822955352254,0.06542670601731546,-1.431643588234238,1.4950900597485237,1309
333,5,0.423115036474048,0.05139151841680661,-1.328511555128399,1.3212542825599631,1309
541,6,0.4757998945204984,0.06800022135688466,-1.5085790858936066,2.103454754491423,1309
901,7,0.5537358051175377,0.10018209068018102,-0.8531589113962574,1.623836367935681,1309
1111,8,0.6307611547394341,0.09258493262111755,-0.635534203422456,1.320459050006313,1309
1112,8,0.63123261295066,0.14258997483529184,-0.5960172969477135,1.556315124875583,1309
1215,9,0.6943992221964628,0.10674577603342542,-0.3854518166885956,1.5975164708903011,1309
1261,10,0.7475674108662245,0.06792635363138641,-0.09673333375209127,1.3786374932383818,1309
1299,11,0.8266855572197291,0.0483322205085891,1.1514043595521968,0.3255389730571697,1309
1309,12,0.9304800978145593,0.04689923066728147,-2.235271255138398,1.700867547004341,1309
1310,13,1.0,0.0,0,0,1309
0,0,0.0,0.0,0,0,1309
1,1,0.02699255982217541,0.01330681601305379,0.4687548985563067,1.7181249257096065,1309
3,2,0.12028163221985111,0.07188926180575884,0.1406219478432224,2.552424421646555,1309
15,2,0.2061258640192274,0.16343059286201672,1.5364356453669845,1.5555224289145704,1309
19,3,0.21413134718915539,0.09212748141826857,1.3547797815434541,2.4265163812923,1309
68,3,0.28756768246306785,0.20632801590310546,1.4593195086090673,1.6607867479946492,1309
67,4,0.2874348908705384,0.14212335242618576,1.0391149040966006,2.3173814267367194,1309
128,4,0.3383246187308717,0.17442540384729566,0.9650737991090532,1.9430460835185626,1309
194,4,0.36966585747755865,0.16215894814298382,1.3323298980769722,1.496123760161995,1309
92,5,0.3162593050046605,0.13926335066231113,1.056761871107548,2.5048991979260053,1309
381,5,0.4297464538521031,0.1788255890664444,1.390633848913651,1.724063774695882,1309
392,6,0.43225569535003117,0.22749309857920902,0.3227836440503627,2.7601114082922824,1309
471,6,0.4541301271605144,0.19183275890676843,1.4739964487981658,1.740123772841379,1309
552,7,0.47119149184517495,0.207953254244336,0.47600585516149624,2.8130171759826053,1309
620,7,0.48641585002995413,0.18895329143676184,1.4724800248303733,1.6748500090267617,1309
875,8,0.5435941920227749,0.17441982300460998,0.47441771747180544,2.513940905666315,1309
934,8,0.56289199849007,0.21586155939419424,1.6223481725295532,2.852179759354741,1309
960,8,0.5695683086572596,0.16628580860316766,1.8271295233134441,1.8333082633758173,1309
1146,9,0.6522643853445748,0.14152294715046865,-0.8072239527628459,2.9884363893712123,1309
1185,9,0.6692041457905227,0.2003409584117497,1.375387173989024,2.6448326348244184,1309
1188,9,0.6712173502910016,0.16089526968813184,1.839695711129866,1.5560440721172673,1309
1195,9,0.6782200976378285,0.12405399738465378,1.9537244850341622,1.8798650295799095,1309
1201,9,0.6828157574774698,0.15498795961710968,1.8543508617625342,1.6401623420035811,1309
1213,10,0.6891687391474302,0.11754357813941002,-0.9021183576735851,2.9316227560902672,1309
1248,10,0.7233842253853412,0.13083657522538333,2.056943201667007,1.5055466555547066,1309
1255,10,0.7348989576639116,0.1470667260459938,1.778438554692732,2.6252075598157263,1309
1286,10,0.7985079688759356,0.07711199836896009,2.4350864915895154,2.0330480849856576,1309
1273,11,0.7672738868243679,0.15944519686628286,-1.351175843393212,2.628092577565609,1309
1293,11,0.8107248234618865,0.17536973831234792,2.2572941561005346,2.8466662406813774,1309
1296,11,0.8177567593495592,0.1128483303773053,2.9279920793013487,2.6498564346024835,1309
1299,11,0.8376982102578517,0.023622255737635368,1.1590284193583564,0.7385936965232446,1309
1304,11,0.853339630078611,0.07680971229249371,3.051045321669973,2.384438579530826,1309
1306,12,0.8673020138519859,0.07902589591382256,-1.2637961375200961,2.123660632110941,1309
1308,12,0.8987635953222416,0.019759052188392412,3.1121889011286603,0.7512803798597274,1309
1309,12,0.9043433980949644,0.0883697935068531,2.4603317289183666,2.7521321330320316,1309
1310,13,1.0,0.0,0,0,1309
0,0,0.0,0.0,0,0,1309
1,1,0.0677248693493927,0.061520421961804475,1.4404377774478807,2.092030987757385,1309
4,2,0.10988019383622138,0.06848384790372254,1.0514372904634215,2.636051050707476,1309
31,3,0.22923274303461771,0.13003940235913838,0.30543983298121524,2.047665930488364,1309
34,3,0.23419516221918724,0.16140004136240332,0.7485975857470337,1.9992208375291807,1309
60,4,0.2737541882652369,0.1364822035762083,0.18959062430555682,2.0109334653335837,1309
71,4,0.28441536538105705,0.15709367063014468,0.5968491713107366,2.2601048065541884,1309
178,5,0.36075684320578716,0.10683536448382182,-0.3667306164438266,2.375679602810433,1309
215,5,0.37509950330418473,0.167474129647428,0.8294404999966649,2.36168921792469,1309
477,6,0.4575113170489875,0.10077652064119247,0.7509501699409327,2.1367489997833196,1309
760,7,0.5198671792365653,0.12555954999600688,1.129860058606235,1.808539554865075,1309
969,8,0.5767622689212724,0.15059265244238917,1.4183362905403298,1.5746448750188031,1309
1155,9,0.652268737425474,0.16804386432710788,1.7480196456449806,1.8402752559873712,1309
1234,10,0.7134831327471851,0.1513017469996487,1.4858020099668698,1.8719988579232618,1309
1298,11,0.8287207469192321,0.08746206211242859,1.099922188643757,2.6445359961229906,1309
1309,12,0.9127060300365705,0.06194969727499023,-3.073403142002197,2.320305777700614,1309
1310,13,1.0,0.0,0,0,1309
0,0,0.0,0.0,0,0,1309
1,1,0.11052951352197349,0.09844342988028905,-0.821433875663293,1.5198600500854145,1309
12,2,0.19028764037163426,0.1448452835728265,-0.6998153330646242,1.5985959547711124,1309
43,3,0.26891722202298607,0.1770421305741708,-0.5736492212137494,1.2989758368898694,1309
82,4,0.31398107612611814,0.20426520731790357,-0.5843191716218892,1.3023093596272022,1309
323,5,0.4243153383008873,0.22450811665392503,-0.5756152811929605,0.8809969546178886,1309
436,6,0.4578654749275086,0.2048327003670959,-0.7285857239980434,0.8714909411177391,1309
628,7,0.5016819522400368,0.2142652562604751,-0.8497014430275897,0.7713875631536242,1309
728,7,0.5226275231457502,0.21592538510518872,-1.0936608708846194,0.8896370240653229,1309
968,8,0.5796211889337961,0.2084059592031597,-0.967156583021993,0.7366301283103224,1309
1004,8,0.5908254564096216,0.2450109259256229,-1.411330202526119,0.8776824160156164,1309
1031,8,0.5965666677661067,0.25003486803941555,-1.2688657304649382,0.5471266566402355,1309
1052,8,0.6019718822059372,0.16723646957746616,-1.418306757694335,0.6664427671609567,1309
1137,8,0.6377236559448036,0.2266764715247729,-1.6276938910217305,0.6550333874300671,1309
1164,8,0.6516480428406484,0.18828108157359125,-1.7050069140414559,0.9254093597661573,1309
1212,9,0.6926554272550668,0.160524680460558,-2.28355191240096,0.7030315636939154,1309
1261,9,0.73883876792248,0.1621358912994177,-1.666398228380789,0.7540905521877146,1309
1277,9,0.7670351704008991,0.031076895479143773,-0.8029463970780943,0.8372860443026509,1309
1302,10,0.8335211421535736,0.10219495856526456,2.3808393493729234,0.5011870091847525,1309
1304,10,0.8422705635007306,0.09500753507600686,0.9153037738307381,0.17676390531925615,1309
1305,10,0.8527525667424936,0.078527714600256,-2.1524519284847763,0.4457946073255532,1309
1309,11,0.9482572329031581,0.04686312046585771,1.0819710948672083,0.9970666925621272,1309
1310,12,1.0,0.0,0,0,1309
0,0,0.0,0.0,0,0,1309
1,1,0.10274243863082688,0.06648887339327388,0.48313357669434676,1.1156837442166283,1309
2,1,0.10360875134883352,0.06242541308400587,0.8633025652459765,1.9077121426274917,1309
3,1,0.11294898019888688,0.11258025423555823,2.386051339518847,1.7390564680901868,1309
5,1,0.13549511165076322,0.11568755619729239,2.896448583148266,1.1527856001621861,1309
6,1,0.14572719508054355,0.10026733619287165,-1.5295506169475228,0.7721677581733726,1309
11,2,0.1699256069664098,0.08207368854750234,1.9382488724127318,1.9856948301947144,1309
15,2,0.1934499070656649,0.09856714411409162,1.2487637889792012,1.5626760203342487,1309
24,2,0.21635129343440074,0.056704720818883426,-1.05764613424517,0.1444943850568225,1309
25,2,0.2164594884302864,0.08884941136514665,-2.9162306508660127,2.1547638969087903,1309
26,2,0.21709589057223222,0.08637873159355156,-2.5379956673086475,1.0385557224127056,1309
31,3,0.23684093909466464,0.09750378419766947,2.008927011262375,2.1153240888635167,1309
66,3,0.2829714551662351,0.08621140978798117,2.4450087077656932,1.0378655158256702,1309
76,3,0.29294228641844067,0.09956106455390613,-1.9117334748578092,1.4208780630657725,1309
78,3,0.29715293717572355,0.10189430419560636,1.152615773858798,1.7766548492898409,1309
84,3,0.3026208118910859,0.1295801126146007,-2.2767935707553186,1.3387135703238155,1309
99,3,0.3170103750529374,0.0693509991523189,3.0169521565882373,1.476322774307376,1309
110,4,0.3260859046268706,0.11633396350007824,1.3803489602058285,1.8268273076243084,1309
122,4,0.3392679780117829,0.06974247687005754,1.2025278677323836,1.5225108679112846,1309
136,4,0.3473194309160412,0.10971396541008341,2.9311851055356946,1.3533774579607791,1309
173,4,0.3663092172875072,0.12289153052973903,-1.973988724895567,1.4032608489678555,1309
198,4,0.37805426950422594,0.10559615670413404,-1.6958784107957852,1.9208296853342353,1309
199,4,0.37846188643397516,0.055569970294218084,2.4340986557376856,1.9436425392538164,1309
329,5,0.4267724924883476,0.014418507567029042,-0.0017286104643018003,1.0082607346694084,1309
345,5,0.4306200021644776,0.10923166528419011,-1.8087300579058254,1.2951117859798598,1309
446,5,0.457695428801566,0.07844028575294722,-1.9712925635183054,1.4734006513910765,1309
544,5,0.4818818308683801,0.05724278421953626,3.1346036438205127,1.1292521323765858,1309
551,6,0.48298931511082555,0.06348021992575767,0.4441917817649663,1.5035666551662847,1309
808,6,0.5305595335201344,0.05736065213186669,-2.679509282002321,1.7642134263131284,1309
929,7,0.561019770187514,0.09446632076569925,0.1294270386723377,1.1397543073131393,1309
983,7,0.5789070486459118,0.053935670643442325,-2.0509219677333026,0.321655607135195,1309
1138,7,0.6342963887933701,0.056176699606677274,-3.133740980012686,1.6282030872924915,1309
1195,8,0.6730597503157204,0.07062405088319433,2.722864281424461,1.2887164975690553,1309
1242,8,0.7076078648629917,0.07490613355912625,-1.230437864090276,0.7462105179130104,1309
1277,9,0.7703910043322275,0.056620382449329265,-2.1317789505918827,1.3315842354234007,1309
1288,10,0.8053866348970228,0.0542565988743967,-2.3507452828218423,1.918532062067606,1309
1302,11,0.8578228137536493,0.07239613456200296,-2.7710899640637123,2.0068792717003725,1309
1308,11,0.8914787896137619,0.06573555669211904,-2.7246862380102517,0.6333807775536587,1309
1309,11,0.9165039838537865,0.06757332658849342,1.7145131316445896,0.2598312328781301,1309
1310,12,1.0,0.0,0,0,1309
0,0,0.0,0.0,0,0,1309
1,1,0.06981685951716066,0.05163010614263105,-1.3531012072749253,2.7451954902685216,1309
2,1,0.07535122287785179,0.07300271030135,-0.7083623743410444,1.5029566596783641,1309
7,2,0.15466293369367468,0.04718503288030912,-2.53725360999198,2.5449295570592447,1309
20,2,0.20355271132706287,0.18129076647871886,-0.5714442563943343,2.800750744118232,1309
22,2,0.2147353227864689,0.165509003520206,-0.2582075413286606,2.129999118185694,1309
40,3,0.24616410571015557,0.08561476885523653,2.324709602135554,1.6504811547964071,1309
119,3,0.3326133573884522,0.15281580095388048,-0.2086487691433264,2.2815890808341757,1309
79,4,0.2957467617643531,0.09818499134881199,2.310786406930108,1.933899059613298,1309
116,4,0.3310121918136766,0.11386696397986387,2.369655028031125,1.2303864899906123,1309
192,4,0.3750488724190103,0.18114792353017917,-0.23608589335046884,2.133018221360695,1309
213,5,0.3882953186359275,0.18014208573819052,-0.1769169933038078,2.1443449523271756,1309
762,5,0.5191994654123627,0.2343409229708732,-3.044954984522958,1.084800483501262,1309
942,6,0.5651995317463493,0.13834479928876425,-1.0582769241781769,2.1472034662620856,1309
952,6,0.5702175925433846,0.2147661048225834,-3.1028377195418915,1.0959326143302235,1309
1021,7,0.5916579326753637,0.21981179945742216,-3.0701430134790177,1.110328865120257,1309
1054,7,0.6037256724225297,0.15944567105832033,-0.9996202499575257,2.0909491798773288,1309
1170,8,0.6589896476281442,0.17468635779050226,3.110220341967249,1.290607494591718,1309
1180,8,0.6619831291645172,0.20619006103567686,-1.0973595123100295,2.0770960742443916,1309
1251,9,0.7258209625920984,0.14480110054515558,2.85713017978781,1.0523750316794167,1309
1268,9,0.7602167448631596,0.1210718106070267,-1.156177771086176,2.3650523386901985,1309
1273,10,0.7630744370061013,0.16230286682368508,2.886520009134739,1.07137442320728,1309
1296,10,0.813981540373706,0.10671040966863715,-0.9769890230501181,2.496722038298456,1309
1305,11,0.8775996921305435,0.12192739027585824,-2.8447316641818006,0.9735240224552606,1309
1309,11,0.9009820572506408,0.055864562103865145,-0.5227734359181377,2.8017428853319086,1309
1310,12,1.0,0.0,0,0,1309
0,0,0.0,0.0,0,0,1309
1,1,0.11481301823386791,0.10667880085787855,2.0628954583575627,2.177964062123951,1309
8,2,0.15548481710882833,0.13580846548155115,2.1049433574892222,2.0444114053398095,1309
61,3,0.2599006117577094,0.11059920806558936,2.0415122921317357,2.642857373982372,1309
149,4,0.33854699407118116,0.17292927495650923,1.3861465541221307,2.6666396561401844,1309
314,5,0.4162034314539276,0.2061316843561157,1.487486678419834,2.4061709431740113,1309
410,6,0.4454692899450513,0.1879736848577369,1.5015120122269345,2.3381955548661066,1309
815,7,0.5404034226035875,0.21889190883869972,1.9998266021840474,2.6129887319335214,1309
859,7,0.5506113784020675,0.1760163067432391,1.1281979787241878,2.440192214128695,1309
865,7,0.5516597220536208,0.1541550678222529,1.4491777091595068,2.2391664852452067,1309
1163,8,0.6563819521505518,0.16155937049404498,1.3581214186215773,2.5954974577944463,1309
1177,8,0.6629610505974111,0.10657655404123326,1.4669513339186357,2.2584726581690213,1309
1253,9,0.7241929391190194,0.13087744355772046,1.4810640080068067,2.6452620725610023,1309
1298,10,0.830480958370195,0.06721457473821536,1.0593682674875058,1.8945669410681445,1309
1308,11,0.8882261603411904,0.045927504511782305,1.5147278027591204,2.8434586934105615,1309
1309,11,0.9067555870826594,0.07763102596357148,1.3952461902966058,1.0869473930132203,1309
1310,12,1.0,0.0,0,0,1309
