element,level,t,r,theta,phi,pred
0,0,0.0,0.0,3.141592653589793,0.0,[]
1,1,0.011791174184484277,0.010179090661268875,3.141592653589793,0.0,[0]
2,2,0.017205878899264282,0.012459163866045064,3.141592653589793,0.0,[1]
4,3,0.03844953596165246,0.0024850835986375275,0.0,0.0,[2]
5,4,0.04488139466443353,0.00015886657338093357,0.0,0.0,[4]
11,5,0.07486403451832269,0.012800594249435027,0.0,0.0,[5]
14,5,0.08585911568107807,0.038628279856182224,0.0,0.0,[5]
19,6,0.11140707583227616,0.03937649107240204,0.0,0.0,[11 14]
22,7,0.11427592737043579,0.040673702337067574,0.0,0.0,[19]
27,8,0.13495556237598738,0.022723409660251548,0.0,0.0,[22]
47,9,0.19214565563242214,0.03407139698388795,3.141592653589793,0.0,[27]
49,10,0.19912587571948892,0.028264101770488104,3.141592653589793,0.0,[47]
62,11,0.23014470107097484,0.023961236462833324,3.141592653589793,0.0,[49]
66,11,0.233116150159711,0.04866985292199422,3.141592653589793,0.0,[49]
71,11,0.2364522733291382,0.044664241595391174,3.141592653589793,0.0,[49]
82,12,0.2545906827789497,0.018248143961362207,3.141592653589793,0.0,[62]
86,12,0.2582351286196337,0.029460299384858835,3.141592653589793,0.0,[62 66 71]
95,12,0.2693233026375238,0.06178795985382557,3.141592653589793,0.0,[62 66 71]
99,13,0.2791651410799122,0.024634167837532917,3.141592653589793,0.0,[82 86]
122,13,0.30359006726762117,0.061555756797037064,3.141592653589793,0.0,[82 86 95]
105,14,0.2838410723527288,0.021062724332812754,3.141592653589793,0.0,[99]
115,14,0.29370939601935997,0.032110413114229464,3.141592653589793,0.0,[99]
130,14,0.31510536413048507,0.0625748468304077,3.141592653589793,0.0,[122]
138,15,0.32303213111177964,0.018010881314218685,3.141592653589793,0.0,[105 115]
148,15,0.3314837459968698,0.049225413681688424,3.141592653589793,0.0,[105 115 130]
162,16,0.3440868681865833,0.023244704667120697,3.141592653589793,0.0,[138]
167,16,0.34888062445992696,0.04592895153460119,3.141592653589793,0.0,[148]
170,16,0.3493082633904949,0.03270058856251501,3.141592653589793,0.0,[138 148]
184,17,0.3648322838935597,0.04194171027560312,3.141592653589793,0.0,[162 167 170]
185,17,0.3652005930049824,0.022104847458537136,3.141592653589793,0.0,[162 170]
211,18,0.39131760690042283,0.017390723976509648,3.141592653589793,0.0,[184 185]
223,19,0.40563181320398334,0.022854504003053,3.141592653589793,0.0,[211]
228,20,0.4093432933143024,0.024850989188001438,3.141592653589793,0.0,[223]
257,21,0.43629078499096585,0.027921105420761316,3.141592653589793,0.0,[228]
267,22,0.4450310285906345,0.03442893661349433,3.141592653589793,0.0,[257]
272,22,0.45151135647959906,0.025557525370911605,3.141592653589793,0.0,[257]
289,22,0.46432249560075134,0.009994259967768593,3.141592653589793,0.0,[257]
314,23,0.4829878786367803,0.008257098511007421,3.141592653589793,0.0,[267 272 289]
334,24,0.5075003298823277,0.020332196259675528,3.141592653589793,0.0,[314]
354,25,0.5197514866506671,0.012976288283584547,3.141592653589793,0.0,[334]
368,26,0.5253728405180473,0.00903458679067548,3.141592653589793,0.0,[354]
393,27,0.5485820026432273,0.004636027369206874,3.141592653589793,0.0,[368]
437,28,0.5858351788044879,0.010368143004493735,0.0,0.0,[393]
471,29,0.6082043780772051,0.018797734909432373,0.0,0.0,[437]
494,30,0.6305162938822865,0.02977438185311032,0.0,0.0,[471]
514,31,0.6593922703129862,0.030277665566612044,0.0,0.0,[494]
529,32,0.6754884833221771,0.024521871013678198,0.0,0.0,[514]
538,33,0.6856255397926984,0.01866615516541259,0.0,0.0,[529]
548,34,0.6992696002372842,0.012491920292224012,0.0,0.0,[538]
568,35,0.725015394807885,0.0024739182162234474,3.141592653589793,0.0,[548]
577,36,0.7345731425909948,0.004368051807342455,0.0,0.0,[568]
606,37,0.7840489890311413,0.026949545910261996,0.0,0.0,[577]
611,38,0.7958373524920658,0.026249809667116875,0.0,0.0,[606]
619,39,0.8221534469718205,0.021563743630328314,0.0,0.0,[611]
620,39,0.822305392502334,0.02060724848471074,0.0,0.0,[611]
622,40,0.8296995840519407,0.018979214715070913,0.0,0.0,[619 620]
624,41,0.8453931942853324,0.030825087115068817,0.0,0.0,[622]
631,42,0.8714060045571994,0.02597500869616476,0.0,0.0,[624]
633,42,0.8732365511347231,0.020296070648637143,0.0,0.0,[624]
641,43,0.9002541507214477,0.007858035568922173,0.0,0.0,[631 633]
643,44,0.904510344774667,0.005794563599809899,0.0,0.0,[641]
645,44,0.9118902829718164,0.013473755401174792,0.0,0.0,[641]
649,45,0.9414861586802984,0.01385890289270586,3.141592653589793,0.0,[643 645]
651,46,0.9632144718002759,0.0035900426664837726,3.141592653589793,0.0,[649]
653,47,0.9851027299743098,0.013417430061024693,0.0,0.0,[651]
654,48,0.9890269773201935,0.010070670298894635,0.0,0.0,[653]
655,49,1.0,0.0,3.141592653589793,0.0,[654]
0,0,0.0,0.0,3.141592653589793,0.0,[]
1,1,0.03516533266952959,0.009994259967768593,3.141592653589793,0.0,[0]
2,1,0.0363668647692702,0.024850989188001438,3.141592653589793,0.0,[0]
4,1,0.04923097222326722,0.0399863121443651,3.141592653589793,0.0,[0]
5,1,0.049445474475373064,0.04863184659116604,0.0,0.0,[0]
6,2,0.05258202880676144,0.04890881112789802,0.0,0.0,[5]
7,2,0.07965667149180455,0.016170239054608793,3.141592653589793,0.0,[1 2 4]
8,3,0.09088623492375592,0.08024499667269502,0.0,0.0,[6]
9,3,0.09439658635386627,0.0897663930629885,0.0,0.0,[6]
10,3,0.10545059363862708,0.038508983487611226,0.0,0.0,[6]
12,3,0.1071212595745501,0.06337533361820968,0.0,0.0,[6]
14,3,0.11248547823631516,0.015420255838873742,3.141592653589793,0.0,[7]
16,4,0.11686217312745795,0.017780199107321093,3.141592653589793,0.0,[14]
20,4,0.12125772251282319,0.06701722268613775,0.0,0.0,[ 8  9 12]
29,4,0.13744552447464375,0.05031531225500918,0.0,0.0,[ 8  9 10 12]
23,5,0.13435213885455155,0.0035900426664837726,3.141592653589793,0.0,[16]
31,5,0.14968085537427234,0.03937649107240204,0.0,0.0,[20 29]
34,6,0.16535225990587443,0.026949545910261996,0.0,0.0,[23 31]
40,6,0.1701702701118195,0.012491920292224012,0.0,0.0,[23]
47,7,0.18572419931698025,0.007858035568922173,0.0,0.0,[34 40]
50,8,0.1924110682709882,0.013417430061024693,0.0,0.0,[47]
51,9,0.20093945512330458,0.02060724848471074,0.0,0.0,[50]
64,10,0.22127742157546126,0.026249809667116875,0.0,0.0,[51]
89,11,0.26112397082700045,0.030277665566612044,0.0,0.0,[64]
90,12,0.26380213953954934,0.030825087115068817,0.0,0.0,[89]
126,13,0.304732480539758,0.010070670298894635,0.0,0.0,[90]
127,13,0.3068454603764703,0.011032643651466056,3.141592653589793,0.0,[90]
161,14,0.3406557060351405,0.017390723976509648,3.141592653589793,0.0,[126 127]
166,15,0.34611195993149235,0.012459163866045064,3.141592653589793,0.0,[161]
179,16,0.3586958029120709,0.00981213360826172,3.141592653589793,0.0,[166]
182,16,0.36109916807293196,0.00013791365100501718,0.0,0.0,[166]
221,17,0.40699387125197595,0.030422128519674962,0.0,0.0,[179 182]
239,18,0.42370522527285104,0.04323297255746683,0.0,0.0,[221]
263,19,0.43826193090283416,0.05451307467739963,0.0,0.0,[239]
276,20,0.4489470866811469,0.054725734889634725,0.0,0.0,[263]
307,21,0.4703037633798849,0.038628279856182224,0.0,0.0,[276]
336,22,0.4921717907549824,0.018979214715070913,0.0,0.0,[307]
364,23,0.5117438003186955,0.00015886657338093357,0.0,0.0,[336]
377,24,0.5188487490773204,0.005794563599809899,0.0,0.0,[364]
383,24,0.5216353008704888,0.009498590998072931,0.0,0.0,[364]
413,25,0.5511384900516646,0.0020599380949992696,3.141592653589793,0.0,[377 383]
440,26,0.5783665865101613,0.004368051807342455,0.0,0.0,[413]
442,26,0.584571297036359,0.012976288283584547,3.141592653589793,0.0,[413]
465,27,0.6087204981615582,0.024634167837532917,3.141592653589793,0.0,[440 442]
492,28,0.6378444697232398,0.03270058856251501,3.141592653589793,0.0,[465]
526,29,0.6746217283944947,0.03232635620144275,3.141592653589793,0.0,[492]
528,30,0.6783069923570171,0.03400499838675208,3.141592653589793,0.0,[526]
537,31,0.6890609256542711,0.039214156817344636,3.141592653589793,0.0,[528]
539,31,0.6917854938043198,0.046098981545873996,3.141592653589793,0.0,[528]
559,32,0.7071251808129657,0.045345311051648296,3.141592653589793,0.0,[537 539]
573,33,0.7324816026226112,0.023961236462833324,3.141592653589793,0.0,[559]
581,34,0.7554871296227965,0.010179090661268875,3.141592653589793,0.0,[573]
586,35,0.7725228197531291,0.021062724332812754,3.141592653589793,0.0,[581]
593,36,0.7815789319239735,0.028897122342676163,3.141592653589793,0.0,[586]
594,37,0.7865902189539856,0.03360220165400374,3.141592653589793,0.0,[593]
595,37,0.7871973298707274,0.027921105420761316,3.141592653589793,0.0,[593]
613,38,0.8267237110192655,0.028264101770488104,3.141592653589793,0.0,[594 595]
623,38,0.848917028045811,0.004636027369206874,3.141592653589793,0.0,[594 595]
619,39,0.8452729850611301,0.022854504003053,3.141592653589793,0.0,[613]
625,39,0.8543446747328441,0.008257098511007421,3.141592653589793,0.0,[613 623]
628,40,0.8675452630281758,0.02317577256558856,3.141592653589793,0.0,[619]
629,40,0.8694089472414065,0.011776151924926093,3.141592653589793,0.0,[619 625]
637,41,0.8909519636192216,0.0024739182162234474,3.141592653589793,0.0,[628 629]
638,41,0.8912062787433352,0.01385890289270586,3.141592653589793,0.0,[628 629]
642,41,0.9033996632017709,0.0350179390999511,3.141592653589793,0.0,[628 629]
644,42,0.9230783480329182,0.049225413681688424,3.141592653589793,0.0,[642]
647,42,0.9435361740567645,0.027954115227901033,3.141592653589793,0.0,[637 638 642]
649,43,0.9506935108032197,0.021926802293688707,3.141592653589793,0.0,[644 647]
652,44,0.9575909343240456,0.022104847458537136,3.141592653589793,0.0,[649]
653,45,0.9795189836453005,0.007297149582340512,3.141592653589793,0.0,[652]
654,45,0.9861864884817699,0.00045777165536819986,3.141592653589793,0.0,[652]
655,46,1.0,0.0,3.141592653589793,0.0,[653 654]
0,0,0.0,0.0,3.141592653589793,0.0,[]
1,1,0.026255133775349604,0.02432305722521122,3.141592653589793,0.0,[0]
3,2,0.035784713603134066,0.018248143961362207,3.141592653589793,0.0,[1]
8,3,0.058671487504983855,0.03407139698388795,3.141592653589793,0.0,[3]
12,4,0.091064954737202,0.022854504003053,3.141592653589793,0.0,[8]
16,4,0.09929726568835606,0.012459163866045064,3.141592653589793,0.0,[8]
17,5,0.10289894706594616,0.011776151924926093,3.141592653589793,0.0,[12 16]
20,6,0.11050312080890345,0.007297149582340512,3.141592653589793,0.0,[17]
29,7,0.13108055948787778,0.00013791365100501718,0.0,0.0,[20]
32,7,0.1470168976611872,0.022104847458537136,3.141592653589793,0.0,[20]
34,8,0.15526864239448412,0.027954115227901033,3.141592653589793,0.0,[32]
37,8,0.15901970589828185,0.010179090661268875,3.141592653589793,0.0,[29 32]
39,9,0.16371957926473746,0.009381843853060845,3.141592653589793,0.0,[37]
51,9,0.19199635030080986,0.05698613472427483,3.141592653589793,0.0,[34]
75,10,0.2446567329615923,0.0817081174293176,3.141592653589793,0.0,[39 51]
82,11,0.2488282480084344,0.0786978629233005,3.141592653589793,0.0,[75]
98,12,0.278167446402796,0.10171643036507272,3.141592653589793,0.0,[82]
115,13,0.30067446822210464,0.11898456494886567,3.141592653589793,0.0,[98]
124,14,0.31380254020279696,0.1091173768294359,3.141592653589793,0.0,[115]
132,15,0.31917809247677975,0.1112863983662653,3.141592653589793,0.0,[124]
159,16,0.35069783833469614,0.13002035721172056,3.141592653589793,0.0,[132]
209,17,0.41326600882041375,0.17281890157196733,3.141592653589793,0.0,[159]
214,18,0.4166456728605885,0.17414454803232948,3.141592653589793,0.0,[209]
231,19,0.4281365735063366,0.17102751950781858,3.141592653589793,0.0,[214]
239,20,0.43665353360694426,0.16469399643180815,3.141592653589793,0.0,[231]
257,21,0.44592587880952905,0.16708873551822545,3.141592653589793,0.0,[239]
276,22,0.46375576311542743,0.18189631654040073,3.141592653589793,0.0,[257]
314,23,0.4918240814632937,0.19131164573537074,3.141592653589793,0.0,[276]
349,24,0.5155229845874063,0.1852627724663224,3.141592653589793,0.0,[314]
362,25,0.5292053782261719,0.19567223357871566,3.141592653589793,0.0,[349]
394,26,0.5484455280863145,0.19779976675876987,3.141592653589793,0.0,[362]
395,26,0.5486667541597079,0.1950272254570825,3.141592653589793,0.0,[362]
417,27,0.5691791527614402,0.18442813817890302,3.141592653589793,0.0,[394 395]
428,28,0.576878881372363,0.1802309474628191,3.141592653589793,0.0,[417]
431,29,0.5795557282837418,0.18135778913405742,3.141592653589793,0.0,[428]
445,30,0.5938004834590358,0.1795464051407628,3.141592653589793,0.0,[431]
450,30,0.5999909950071347,0.16868583839448503,3.141592653589793,0.0,[431]
460,31,0.6110035757310702,0.19179151660647953,3.141592653589793,0.0,[445]
470,31,0.618675670989457,0.1553947347270377,3.141592653589793,0.0,[445 450]
475,32,0.6265366276885834,0.1493793090764739,3.141592653589793,0.0,[470]
476,32,0.6309552615006805,0.19831465729779152,3.141592653589793,0.0,[460]
490,33,0.6446621615591168,0.1425730587323385,3.141592653589793,0.0,[475]
500,33,0.6526763238185574,0.2031193964308552,3.141592653589793,0.0,[476]
515,34,0.6688318050717877,0.19510076568223256,3.141592653589793,0.0,[500]
517,34,0.6704613159997028,0.18806242408479035,3.141592653589793,0.0,[500]
528,34,0.6767719351429169,0.12549715759218583,3.141592653589793,0.0,[490]
533,34,0.6790634797129425,0.1569429564693402,3.141592653589793,0.0,[490]
557,35,0.7061243610330726,0.16978709343015652,3.141592653589793,0.0,[515 517 533]
562,35,0.7125274481331392,0.15625076159050255,3.141592653589793,0.0,[515 517 528 533]
568,36,0.7176773249443335,0.15964219339200159,3.141592653589793,0.0,[557 562]
575,37,0.7323437585799302,0.15451720524936596,3.141592653589793,0.0,[568]
592,38,0.7635711648708644,0.1609696225465218,3.141592653589793,0.0,[575]
596,39,0.770299036373333,0.15990918116990127,3.141592653589793,0.0,[592]
624,40,0.8456596486203269,0.0956379552811617,3.141592653589793,0.0,[596]
627,41,0.8539244700279688,0.09197164900632504,3.141592653589793,0.0,[624]
630,42,0.8623593942715312,0.08781780969625386,3.141592653589793,0.0,[627]
632,42,0.8670295760051626,0.0926676763569868,3.141592653589793,0.0,[627]
640,43,0.9049558168624332,0.061555756797037064,3.141592653589793,0.0,[630 632]
641,44,0.9083972019126988,0.05812207847406259,3.141592653589793,0.0,[640]
648,45,0.9498709871343324,0.03360220165400374,3.141592653589793,0.0,[641]
649,46,0.9604713508310678,0.03232635620144275,3.141592653589793,0.0,[648]
653,47,0.9703229273875983,0.027921105420761316,3.141592653589793,0.0,[649]
654,47,0.9924732249589423,0.0035900426664837726,3.141592653589793,0.0,[649]
655,48,1.0,0.0,3.141592653589793,0.0,[653 654]
0,0,0.0,0.0,3.141592653589793,0.0,[]
1,1,0.022669773894161915,0.010179090661268875,3.141592653589793,0.0,[0]
5,2,0.04986127599135559,0.01488643621600394,0.0,0.0,[1]
7,3,0.06862745044568008,0.030422128519674962,0.0,0.0,[5]
13,4,0.08909183300669177,0.020296070648637143,0.0,0.0,[7]
19,4,0.11020070828866746,0.05616666667389769,0.0,0.0,[7]
21,5,0.11391113386609086,0.009498590998072931,0.0,0.0,[13]
23,5,0.11566927239262803,0.013515445483301747,0.0,0.0,[13]
25,5,0.12596123002912785,0.0498993027061676,0.0,0.0,[13 19]
28,5,0.1309134672265999,0.07172197111451695,0.0,0.0,[19]
33,6,0.14236690023192344,0.04558791854508848,0.0,0.0,[25]
34,6,0.14435585539825413,0.01598983492677508,0.0,0.0,[21 23]
36,6,0.14864093410295476,0.08590057152107256,0.0,0.0,[28]
39,7,0.15228339687649783,0.08921014212486955,0.0,0.0,[36]
42,7,0.163614952785904,0.03423991730822662,0.0,0.0,[33 34]
44,8,0.16745492834836495,0.037425921022539055,0.0,0.0,[42]
49,8,0.17540942928248804,0.09819812109724746,0.0,0.0,[39]
52,8,0.1771170664899424,0.08040682626117313,0.0,0.0,[39]
55,9,0.18755439666619977,0.05706913809291925,0.0,0.0,[44]
64,9,0.19866041278927105,0.07741707381830853,0.0,0.0,[49 52]
66,10,0.19947981540862503,0.05226716724123737,0.0,0.0,[55]
72,10,0.20840900760684056,0.07540101308303349,0.0,0.0,[55 64]
76,11,0.21920795494242307,0.06982557775653597,0.0,0.0,[66 72]
78,11,0.22282992459060358,0.05960843250357273,0.0,0.0,[66]
80,11,0.22501678544435766,0.05515790895696138,0.0,0.0,[66]
93,12,0.24316625955800764,0.06796286017898046,0.0,0.0,[76 78 80]
102,13,0.2615905966765243,0.05031531225500918,0.0,0.0,[93]
105,14,0.26498910327651537,0.04890881112789802,0.0,0.0,[102]
124,15,0.29262884098201036,0.06701722268613775,0.0,0.0,[105]
140,16,0.3187428371919885,0.06484448010816579,0.0,0.0,[124]
180,17,0.3667600993512454,0.043232410993284454,0.0,0.0,[140]
196,18,0.3870681240338779,0.039306361816595414,0.0,0.0,[180]
225,19,0.42150796538507895,0.04583447591462486,0.0,0.0,[196]
228,19,0.4244384040784316,0.05451307467739963,0.0,0.0,[196]
235,20,0.42679296498848784,0.040673702337067574,0.0,0.0,[225]
236,20,0.4288226442322528,0.054725734889634725,0.0,0.0,[228]
280,21,0.46306624788180595,0.03629827858089074,0.0,0.0,[235 236]
296,22,0.479980209646897,0.04863184659116604,0.0,0.0,[280]
325,23,0.5066728834605047,0.02597500869616476,0.0,0.0,[296]
350,24,0.5246768019805218,0.02977438185311032,0.0,0.0,[325]
371,25,0.5428406116432559,0.013417430061024693,0.0,0.0,[350]
422,26,0.5792822924814262,0.018248143961362207,3.141592653589793,0.0,[371]
437,27,0.5894452815504901,0.027921105420761316,3.141592653589793,0.0,[422]
443,28,0.5939733563668358,0.028264101770488104,3.141592653589793,0.0,[437]
474,29,0.6279974550709242,0.03464997093033595,3.141592653589793,0.0,[443]
485,30,0.6389358000129247,0.03934061647894449,3.141592653589793,0.0,[474]
503,31,0.6611634720013676,0.04150704361514823,3.141592653589793,0.0,[485]
505,31,0.6635894993917557,0.03407139698388795,3.141592653589793,0.0,[485]
509,31,0.6687835668883843,0.06075246478193341,3.141592653589793,0.0,[485]
516,32,0.6775333546751549,0.054911457510110506,3.141592653589793,0.0,[503 509]
517,32,0.6786323276707668,0.061555756797037064,3.141592653589793,0.0,[509]
526,32,0.6838672274031984,0.039265000558268204,3.141592653589793,0.0,[503 505]
536,32,0.6955231127623199,0.08380674474866145,3.141592653589793,0.0,[509]
520,33,0.6793650038043988,0.05371840629571545,3.141592653589793,0.0,[516]
525,33,0.6838391332700549,0.06178795985382557,3.141592653589793,0.0,[517]
538,33,0.6995407113964219,0.027559863937739792,3.141592653589793,0.0,[526]
542,33,0.7026619401909728,0.0826837357655652,3.141592653589793,0.0,[517 536]
544,33,0.7056105496753523,0.021062724332812754,3.141592653589793,0.0,[526]
531,34,0.6898771012184951,0.06199470308687893,3.141592653589793,0.0,[520 525]
543,34,0.7035171344049759,0.04144218654546572,3.141592653589793,0.0,[520]
551,34,0.7109996434859036,0.017879634057129334,3.141592653589793,0.0,[538 544]
552,34,0.7127665192035063,0.08781780969625386,3.141592653589793,0.0,[525 542]
565,35,0.7332701610686809,0.09734581296441858,3.141592653589793,0.0,[531 552]
567,35,0.7346551249469837,0.03442893661349433,3.141592653589793,0.0,[531 543 551]
568,36,0.7346768495734521,0.09785266707155504,3.141592653589793,0.0,[565]
579,36,0.7472995975555257,0.032110413114229464,3.141592653589793,0.0,[567]
593,37,0.7748352326618515,0.03232635620144275,3.141592653589793,0.0,[579]
605,37,0.7900945218040468,0.08002026289615971,3.141592653589793,0.0,[568]
607,37,0.7929421127229449,0.1349086240548456,3.141592653589793,0.0,[568]
603,38,0.7866976389844124,0.02432305722521122,3.141592653589793,0.0,[593]
613,38,0.80604072422994,0.07829614766975879,3.141592653589793,0.0,[605]
615,38,0.8078441120174013,0.12549715759218583,3.141592653589793,0.0,[607]
618,39,0.8211410775628181,0.11678572591095948,3.141592653589793,0.0,[615]
620,39,0.8315281199228807,0.09034336316883873,3.141592653589793,0.0,[613]
623,39,0.8400365414870092,0.04194171027560312,3.141592653589793,0.0,[603]
625,39,0.8497325088159766,0.06181025099242965,3.141592653589793,0.0,[603 613]
629,39,0.86047944117785,0.0035900426664837726,3.141592653589793,0.0,[603]
624,40,0.8434527047396608,0.11298144125286891,3.141592653589793,0.0,[618]
626,40,0.850277537522478,0.10417700766693294,3.141592653589793,0.0,[618 620]
630,40,0.8665915582368573,0.0770239276552005,3.141592653589793,0.0,[618 620 625]
633,40,0.8721914806503583,0.0029393962081809555,0.0,0.0,[629]
635,40,0.8840848428950362,0.011776151924926093,3.141592653589793,0.0,[623 629]
637,40,0.885900294178033,0.023244704667120697,3.141592653589793,0.0,[623 629]
631,41,0.8699617225509321,0.08685019830420393,3.141592653589793,0.0,[624 626]
634,41,0.880208388978108,0.0695068341063364,3.141592653589793,0.0,[630]
642,41,0.9085834326834203,0.017780199107321093,3.141592653589793,0.0,[633 635 637]
645,41,0.914153841256703,0.025557525370911605,3.141592653589793,0.0,[633 635 637]
647,42,0.9225429366709934,0.04592895153460119,3.141592653589793,0.0,[631 634]
648,42,0.9272276582842972,0.00903458679067548,3.141592653589793,0.0,[642]
649,42,0.9372210087792082,0.027954115227901033,3.141592653589793,0.0,[631 634 642 645]
650,43,0.9637973697728969,0.02060724848471074,0.0,0.0,[648]
651,43,0.9657077944977475,0.011032643651466056,3.141592653589793,0.0,[647 648 649]
653,44,0.9723011455488458,0.025192784690560188,0.0,0.0,[650]
654,44,0.9878665976215933,0.009994259967768593,3.141592653589793,0.0,[651]
655,45,1.0,0.0,3.141592653589793,0.0,[653 654]
0,0,0.0,0.0,3.141592653589793,0.0,[]
1,1,0.04140036167525263,0.00015886657338093357,0.0,0.0,[0]
4,2,0.04938603495104299,0.007297149582340512,3.141592653589793,0.0,[1]
5,3,0.0687192580525634,0.004368051807342455,0.0,0.0,[4]
7,4,0.08838120081936329,0.007858035568922173,0.0,0.0,[5]
11,5,0.09927828943092976,0.013417430061024693,0.0,0.0,[7]
16,6,0.11050510828535876,0.01598983492677508,0.0,0.0,[11]
17,6,0.11080352790058012,0.018797734909432373,0.0,0.0,[11]
23,7,0.12904597877112134,0.010368143004493735,0.0,0.0,[16 17]
32,7,0.1407075285356214,0.02597500869616476,0.0,0.0,[16 17]
38,8,0.15410165736046177,0.03423991730822662,0.0,0.0,[23 32]
43,8,0.167818841720503,0.04863184659116604,0.0,0.0,[23 32]
41,9,0.1654665189973682,0.026249809667116875,0.0,0.0,[38]
53,9,0.1842699691373818,0.06418188219063103,0.0,0.0,[38 43]
50,10,0.17779214979636093,0.01488643621600394,0.0,0.0,[41]
61,10,0.19907806829006391,0.03937649107240204,0.0,0.0,[41]
71,10,0.21901185635717124,0.08713173198720447,0.0,0.0,[53]
89,11,0.2499972469544105,0.1023480168472054,0.0,0.0,[71]
90,11,0.25050991621197094,0.08590057152107256,0.0,0.0,[50 61 71]
92,11,0.2525794766495165,0.1159322121260421,0.0,0.0,[71]
102,12,0.27173521911662424,0.10168751513945806,0.0,0.0,[89 90 92]
104,13,0.2750152498478723,0.10308092204936636,0.0,0.0,[102]
112,14,0.2861497320468973,0.112674205041144,0.0,0.0,[104]
117,15,0.2935922381043501,0.1053059036492674,0.0,0.0,[112]
126,16,0.30319635379151155,0.10664768010221592,0.0,0.0,[117]
173,17,0.3516000834190598,0.10096381656043651,0.0,0.0,[126]
175,17,0.35713208312976485,0.06484448010816579,0.0,0.0,[126]
189,18,0.3668275534583739,0.05616666667389769,0.0,0.0,[175]
193,18,0.37321846574739326,0.08282009286882175,0.0,0.0,[173]
202,19,0.3821118146496646,0.08395090205425582,0.0,0.0,[193]
207,19,0.38698110706029165,0.06787737362091828,0.0,0.0,[189]
241,20,0.4232094257407716,0.0735339634770229,0.0,0.0,[202 207]
255,21,0.4341581160754471,0.07782963982152313,0.0,0.0,[241]
284,22,0.45969824872288534,0.09689596183556592,0.0,0.0,[255]
286,22,0.4609535231377495,0.10326254032040527,0.0,0.0,[255]
295,23,0.46501639798377625,0.09650736619359301,0.0,0.0,[284]
306,23,0.4758791862237871,0.11074398216177417,0.0,0.0,[284 286]
336,24,0.4944044062390942,0.10933824460318475,0.0,0.0,[295 306]
348,25,0.5058497041430913,0.09819812109724746,0.0,0.0,[336]
352,25,0.5121567469861437,0.10491481027976335,0.0,0.0,[336]
353,26,0.5133790766991845,0.10487154535930432,0.0,0.0,[348 352]
359,26,0.51871334116141,0.08616934909452112,0.0,0.0,[348]
393,27,0.559454134345849,0.14418122090044894,0.0,0.0,[353]
400,27,0.571160535092893,0.12914023342809533,0.0,0.0,[353 359]
409,28,0.5768327869987205,0.13481058437978743,0.0,0.0,[393 400]
417,29,0.5783635806489775,0.13486274281928956,0.0,0.0,[409]
425,30,0.58654403910193,0.138464419930458,0.0,0.0,[417]
439,30,0.6003387914416517,0.11515911352089725,0.0,0.0,[417]
496,31,0.66414056219971,0.05706913809291925,0.0,0.0,[439]
505,31,0.6713400405257985,0.06701722268613775,0.0,0.0,[425 439]
517,32,0.6793297092780197,0.06168166571578715,0.0,0.0,[496 505]
523,33,0.6827276542950202,0.06337533361820968,0.0,0.0,[517]
533,34,0.6952071298169916,0.05878837342409349,0.0,0.0,[523]
537,35,0.700312393487732,0.05451307467739963,0.0,0.0,[533]
575,36,0.7332274698671025,0.037495035235670215,0.0,0.0,[537]
591,37,0.7574118926997596,0.05031531225500918,0.0,0.0,[575]
595,38,0.7619381814053122,0.0498993027061676,0.0,0.0,[591]
602,39,0.7794805178740216,0.040673702337067574,0.0,0.0,[595]
613,40,0.8022333987961378,0.04323297255746683,0.0,0.0,[602]
642,41,0.8799043026858286,0.010113075987219111,3.141592653589793,0.0,[613]
649,42,0.9038318113563746,0.02317577256558856,3.141592653589793,0.0,[642]
650,43,0.9085179700581838,0.021062724332812754,3.141592653589793,0.0,[649]
651,44,0.9508494233245367,0.009498590998072931,0.0,0.0,[650]
653,45,0.9680953599454748,0.022402554255899987,0.0,0.0,[651]
654,46,0.9930539242663442,0.005794563599809899,0.0,0.0,[653]
655,47,1.0,0.0,3.141592653589793,0.0,[654]
0,0,0.0,0.0,3.141592653589793,0.0,[]
1,1,0.007954764305254325,0.007858035568922173,0.0,0.0,[0]
2,1,0.008475637725110396,0.008257098511007421,3.141592653589793,0.0,[0]
3,2,0.03618112833072873,0.010953888486395336,0.0,0.0,[1 2]
6,3,0.04650951086870003,0.02060724848471074,0.0,0.0,[3]
8,4,0.07171858650690144,0.038628279856182224,0.0,0.0,[6]
10,4,0.07761080697496336,0.007297149582340512,3.141592653589793,0.0,[6]
11,4,0.08343111321725238,0.05616666667389769,0.0,0.0,[6]
9,5,0.075368488414564,0.038508983487611226,0.0,0.0,[8]
13,5,0.09390563305041788,0.05960843250357273,0.0,0.0,[ 8 11]
15,5,0.09911594849808059,0.028264101770488104,3.141592653589793,0.0,[10]
16,5,0.09923431106321279,0.015420255838873742,3.141592653589793,0.0,[10]
14,6,0.09554198372418876,0.02977438185311032,0.0,0.0,[9]
21,6,0.1093343277831833,0.024634167837532917,3.141592653589793,0.0,[15 16]
22,6,0.11342746382708058,0.054725734889634725,0.0,0.0,[ 9 13]
28,6,0.13596171238415689,0.05371840629571545,3.141592653589793,0.0,[15]
34,7,0.14621729225283786,0.06075246478193341,3.141592653589793,0.0,[21 28]
55,7,0.19657091687491302,0.1159322121260421,0.0,0.0,[14 22]
35,8,0.15167441109018975,0.05870073736984338,3.141592653589793,0.0,[34]
59,8,0.20185293610357835,0.11299284193223236,0.0,0.0,[55]
40,9,0.16184256530892727,0.05698613472427483,3.141592653589793,0.0,[35]
67,9,0.2124245894703478,0.1053059036492674,0.0,0.0,[59]
75,9,0.2242708886973992,0.13486274281928956,0.0,0.0,[59]
47,10,0.18518725211233877,0.07829614766975879,3.141592653589793,0.0,[40]
80,10,0.2379773067019162,0.12544246172363593,0.0,0.0,[67 75]
85,10,0.2437046753798744,0.11314709581336435,0.0,0.0,[67]
86,10,0.24408025748413453,0.106955969993208,0.0,0.0,[67]
87,10,0.2441789581700149,0.10487154535930432,0.0,0.0,[67]
62,11,0.20538886561428238,0.08546386280251173,3.141592653589793,0.0,[47]
95,11,0.25938397954898507,0.10405063864857012,0.0,0.0,[80 85 86 87]
82,12,0.24083820653966648,0.08002026289615971,3.141592653589793,0.0,[62]
104,12,0.27791723174824423,0.09721268747147671,0.0,0.0,[95]
106,12,0.2785485260173971,0.10780236965097134,0.0,0.0,[95]
108,12,0.2868196741817194,0.025557525370911605,3.141592653589793,0.0,[62]
109,13,0.2890323402299284,0.10438311464149064,0.0,0.0,[104 106]
111,13,0.2894463966798295,0.023961236462833324,3.141592653589793,0.0,[108]
112,13,0.2924092556569656,0.0350179390999511,3.141592653589793,0.0,[82]
114,13,0.2931328845445269,0.03232635620144275,3.141592653589793,0.0,[82]
123,14,0.3067837824265214,0.12208919828132636,0.0,0.0,[109]
131,14,0.31877515010419033,0.04642207427811462,3.141592653589793,0.0,[111 112 114]
141,15,0.32989947785570706,0.11074398216177417,0.0,0.0,[123]
149,15,0.33754687946212425,0.05414282720983177,3.141592653589793,0.0,[131]
167,16,0.3549249259499162,0.1343158423276114,0.0,0.0,[141]
168,16,0.35777174525030275,0.0399863121443651,3.141592653589793,0.0,[149]
185,17,0.37419613534850893,0.04866985292199422,3.141592653589793,0.0,[168]
197,17,0.3845923762513538,0.13252942667929024,0.0,0.0,[167]
195,18,0.3835980315425871,0.0541928255170534,3.141592653589793,0.0,[185]
214,18,0.40038184495269347,0.13145973153333756,0.0,0.0,[197]
225,19,0.41215368506217154,0.03270058856251501,3.141592653589793,0.0,[195]
229,19,0.4171217178126947,0.14661650607623145,0.0,0.0,[214]
242,20,0.43326533894347685,0.023244704667120697,3.141592653589793,0.0,[225]
251,20,0.44331526630756457,0.12211402989748465,0.0,0.0,[229]
249,21,0.4415361312755638,0.02317577256558856,3.141592653589793,0.0,[242]
259,21,0.45027004006609583,0.11975129938607465,0.0,0.0,[251]
263,21,0.4533016215544967,0.011032643651466056,3.141592653589793,0.0,[242]
268,22,0.4553188434956176,0.032110413114229464,3.141592653589793,0.0,[249]
276,22,0.462218470353871,0.016170239054608793,3.141592653589793,0.0,[249 263]
286,22,0.4667625768944005,0.010113075987219111,3.141592653589793,0.0,[249 263]
291,22,0.46902555549491165,0.1047206847062716,0.0,0.0,[259]
296,23,0.4740704043778121,0.10540903991864103,0.0,0.0,[291]
333,23,0.49960173268150154,0.0035900426664837726,3.141592653589793,0.0,[268 276 286]
310,24,0.4828887839202687,0.10664768010221592,0.0,0.0,[296]
362,24,0.5126287542784248,0.00903458679067548,3.141592653589793,0.0,[333]
363,24,0.5127235073398457,0.011776151924926093,3.141592653589793,0.0,[333]
321,25,0.4912702554441952,0.10491481027976335,0.0,0.0,[310]
373,25,0.5246578592991533,0.009994259967768593,3.141592653589793,0.0,[362 363]
372,26,0.5236305331635872,0.11036926784327916,0.0,0.0,[321]
388,26,0.5405038544022303,0.0024850835986375275,0.0,0.0,[373]
391,27,0.5423149218305645,0.12667624730692484,0.0,0.0,[372]
400,27,0.5529462568487168,0.010070670298894635,0.0,0.0,[388]
409,28,0.5641279780383651,0.01598983492677508,0.0,0.0,[400]
416,28,0.5686731021093084,0.12980338996262553,0.0,0.0,[391]
420,29,0.5737866491361381,0.018979214715070913,0.0,0.0,[409]
442,29,0.5924685240175497,0.13796174661478933,0.0,0.0,[416]
457,29,0.5994643997912069,0.12344619747167074,0.0,0.0,[416]
448,30,0.5959071707136495,0.012800594249435027,0.0,0.0,[420]
477,30,0.6219875211259948,0.11282010840058776,0.0,0.0,[442 457]
490,31,0.6375754295169992,0.11609122208117717,0.0,0.0,[477]
497,31,0.6429947661775444,0.03937649107240204,0.0,0.0,[448]
513,32,0.6627238452949167,0.0498993027061676,0.0,0.0,[497]
528,32,0.6761921384801638,0.0896319083753746,0.0,0.0,[490]
546,33,0.6965353103519107,0.08204215478029053,0.0,0.0,[513 528]
553,34,0.7040734159421709,0.08713173198720447,0.0,0.0,[546]
557,35,0.7075936036355018,0.08713280521810629,0.0,0.0,[553]
584,36,0.7577394460496913,0.08921014212486955,0.0,0.0,[557]
592,36,0.7620683636983486,0.057688750151785984,0.0,0.0,[557]
597,37,0.7712039975577806,0.09889034929662954,0.0,0.0,[584]
604,37,0.7895050928718118,0.04863184659116604,0.0,0.0,[592]
605,38,0.7906186432213398,0.04970669752335688,0.0,0.0,[604]
608,38,0.7950598550885454,0.0897663930629885,0.0,0.0,[597]
612,39,0.8166436267623032,0.0735339634770229,0.0,0.0,[605 608]
616,39,0.8254071181596386,0.06168166571578715,0.0,0.0,[605 608]
622,40,0.8359990591935065,0.08077717423640574,0.0,0.0,[612]
625,40,0.852764081795859,0.05031531225500918,0.0,0.0,[612 616]
627,41,0.8610577504782234,0.05226716724123737,0.0,0.0,[625]
629,41,0.8736097244096039,0.06484448010816579,0.0,0.0,[622 625]
633,42,0.8847207537427655,0.06418188219063103,0.0,0.0,[627 629]
635,42,0.8851074685877599,0.037495035235670215,0.0,0.0,[627]
637,42,0.8864759582764403,0.04761669154760806,0.0,0.0,[627]
640,43,0.8887747249581598,0.04558791854508848,0.0,0.0,[637]
642,43,0.893264282810074,0.06701722268613775,0.0,0.0,[633]
647,43,0.903538289337187,0.030277665566612044,0.0,0.0,[635]
648,43,0.9090371634068158,0.021563743630328314,0.0,0.0,[635]
651,44,0.9256292998927458,0.026949545910261996,0.0,0.0,[640 647 648]
652,44,0.9323399355754548,0.040309534826572624,0.0,0.0,[640 642 647 648]
653,45,0.9525532914147897,0.03629827858089074,0.0,0.0,[651 652]
654,45,0.9661049247222129,0.004636027369206874,3.141592653589793,0.0,[651]
655,46,1.0,0.0,3.141592653589793,0.0,[653 654]
0,0,0.0,0.0,3.141592653589793,0.0,[]
1,1,0.015765140060628013,0.010179090661268875,3.141592653589793,0.0,[0]
2,1,0.020859104255893435,0.007858035568922173,0.0,0.0,[0]
3,2,0.03206697982379714,0.005794563599809899,0.0,0.0,[1 2]
4,3,0.06254158752053174,0.017780199107321093,3.141592653589793,0.0,[3]
5,3,0.06556344100251488,0.010958314330009489,0.0,0.0,[3]
6,3,0.06594544627468224,0.00015886657338093357,0.0,0.0,[3]
13,4,0.0846467869456552,0.027954115227901033,3.141592653589793,0.0,[4]
14,4,0.0886404556698358,0.0020599380949992696,3.141592653589793,0.0,[4 5 6]
19,5,0.10460080225170709,0.018010881314218685,3.141592653589793,0.0,[13 14]
32,6,0.13071361170356222,0.015420255838873742,3.141592653589793,0.0,[19]
38,7,0.14973632056333297,0.012976288283584547,3.141592653589793,0.0,[32]
45,8,0.17019018874559455,0.017390723976509648,3.141592653589793,0.0,[38]
49,8,0.1759341960148061,0.032110413114229464,3.141592653589793,0.0,[38]
58,9,0.19794738413677537,0.046098981545873996,3.141592653589793,0.0,[49]
62,9,0.20110273295744552,0.03232635620144275,3.141592653589793,0.0,[45 49]
65,10,0.210142405450224,0.03442893661349433,3.141592653589793,0.0,[58 62]
83,11,0.24493352807186852,0.03400499838675208,3.141592653589793,0.0,[65]
86,12,0.249503044006408,0.03464997093033595,3.141592653589793,0.0,[83]
111,13,0.2806042000823967,0.027921105420761316,3.141592653589793,0.0,[86]
116,14,0.2848356014811677,0.030356528904751046,3.141592653589793,0.0,[111]
124,15,0.29812876490570484,0.02317577256558856,3.141592653589793,0.0,[116]
177,16,0.35772057504337784,0.00903458679067548,3.141592653589793,0.0,[124]
178,17,0.35901994333393095,0.008257098511007421,3.141592653589793,0.0,[177]
188,18,0.3719597561862168,0.00981213360826172,3.141592653589793,0.0,[178]
191,18,0.3741728568623196,0.012459163866045064,3.141592653589793,0.0,[178]
203,19,0.38736838316676736,0.017879634057129334,3.141592653589793,0.0,[188 191]
207,20,0.3915587527399498,0.021926802293688707,3.141592653589793,0.0,[203]
225,21,0.40767201110321505,0.01652979019032974,3.141592653589793,0.0,[207]
232,21,0.41124342189118757,0.02993240115334339,3.141592653589793,0.0,[207]
260,22,0.4370803720227855,0.01385890289270586,3.141592653589793,0.0,[225 232]
276,23,0.45269638029289516,0.029460299384858835,3.141592653589793,0.0,[260]
311,24,0.4896443723634665,0.004636027369206874,3.141592653589793,0.0,[276]
318,25,0.4972262514142588,0.007297149582340512,3.141592653589793,0.0,[311]
369,26,0.5385412856356268,0.004368051807342455,0.0,0.0,[318]
379,26,0.5445935651116103,0.012800594249435027,0.0,0.0,[318]
387,27,0.5512078303328829,0.010953888486395336,0.0,0.0,[369 379]
396,28,0.562061678151681,0.010070670298894635,0.0,0.0,[387]
435,29,0.5980345327755836,0.038628279856182224,0.0,0.0,[396]
450,30,0.617375819735503,0.020296070648637143,0.0,0.0,[435]
476,31,0.6412727428423325,0.030422128519674962,0.0,0.0,[450]
494,32,0.662351665874817,0.009768303994580951,0.0,0.0,[476]
520,33,0.6883777585532226,0.018979214715070913,0.0,0.0,[494]
530,34,0.7061578585393338,0.013473755401174792,0.0,0.0,[520]
538,34,0.7137429416715837,0.026249809667116875,0.0,0.0,[520]
550,35,0.7241986058725054,0.026949545910261996,0.0,0.0,[530 538]
552,35,0.7251460069579182,0.022402554255899987,0.0,0.0,[530 538]
562,36,0.7379450127970633,0.03286301369610545,0.0,0.0,[550 552]
563,36,0.7404811916137788,0.01905818396911141,0.0,0.0,[550 552]
572,37,0.7609126132316167,0.0024850835986375275,0.0,0.0,[563]
575,37,0.7622032646438333,0.038508983487611226,0.0,0.0,[562 563]
578,37,0.7636385304337299,0.04583447591462486,0.0,0.0,[562]
582,37,0.765408709325958,0.02060724848471074,0.0,0.0,[562 563]
590,38,0.7802090738540709,0.013515445483301747,0.0,0.0,[572 582]
595,38,0.7874691515026976,0.062086343823880674,0.0,0.0,[575 578]
599,38,0.7889040524201247,0.010113075987219111,3.141592653589793,0.0,[572]
600,38,0.791602592813029,0.04558791854508848,0.0,0.0,[575 578 582]
597,39,0.78844401700136,0.018797734909432373,0.0,0.0,[590]
605,39,0.803878499899711,0.024634167837532917,3.141592653589793,0.0,[599]
606,39,0.8052132116717841,0.05226716724123737,0.0,0.0,[595 600]
613,40,0.8178410637216288,0.05616666667389769,0.0,0.0,[606]
620,40,0.8298584754539818,0.028897122342676163,3.141592653589793,0.0,[605]
621,40,0.8310843927069445,0.02977438185311032,0.0,0.0,[597 606]
632,40,0.8571964615509595,0.07748659929419621,3.141592653589793,0.0,[605]
628,41,0.8519769600953562,0.009994259967768593,3.141592653589793,0.0,[620]
630,41,0.8568851322832322,0.030825087115068817,0.0,0.0,[613 621]
637,41,0.8712452591751224,0.07772052830535359,3.141592653589793,0.0,[632]
639,42,0.877768697482931,0.0770239276552005,3.141592653589793,0.0,[637]
643,42,0.9142512906851971,0.022854504003053,3.141592653589793,0.0,[628 630]
646,43,0.9299156562794185,0.024850989188001438,3.141592653589793,0.0,[643]
647,43,0.9340243772114304,0.038118426317088394,3.141592653589793,0.0,[639 643]
649,44,0.9360677752014823,0.02432305722521122,3.141592653589793,0.0,[646]
653,44,0.9421507385928805,0.04144218654546572,3.141592653589793,0.0,[647]
654,45,0.9723983387673113,0.022104847458537136,3.141592653589793,0.0,[649 653]
655,46,1.0,0.0,3.141592653589793,0.0,[654]
0,0,0.0,0.0,3.141592653589793,0.0,[]
1,1,0.05665856498922406,0.022104847458537136,3.141592653589793,0.0,[0]
7,2,0.09083914444126606,0.02993240115334339,3.141592653589793,0.0,[1]
11,3,0.10485995584048335,0.027921105420761316,3.141592653589793,0.0,[7]
14,4,0.11874058668982146,0.018248143961362207,3.141592653589793,0.0,[11]
22,5,0.13738116247591226,0.017390723976509648,3.141592653589793,0.0,[14]
25,6,0.14773204478944868,0.021062724332812754,3.141592653589793,0.0,[22]
26,7,0.15304554059116637,0.022854504003053,3.141592653589793,0.0,[25]
40,8,0.1830648889148624,0.023961236462833324,3.141592653589793,0.0,[26]
43,8,0.19182966236026877,0.010953888486395336,0.0,0.0,[26]
44,9,0.19327105938632205,0.010070670298894635,0.0,0.0,[43]
45,9,0.19446254733488577,0.012976288283584547,3.141592653589793,0.0,[40]
51,9,0.20362430973103085,0.027559863937739792,3.141592653589793,0.0,[40]
52,9,0.20426772027581952,0.03400499838675208,3.141592653589793,0.0,[40]
59,10,0.22967850241270582,0.043232410993284454,0.0,0.0,[44]
65,10,0.2398378314923576,0.00903458679067548,3.141592653589793,0.0,[44 45 51 52]
67,11,0.24265467926903184,0.04905928799985415,0.0,0.0,[59]
68,11,0.24420290715916249,0.007297149582340512,3.141592653589793,0.0,[65]
89,12,0.2723320859305216,0.0020599380949992696,3.141592653589793,0.0,[68]
94,12,0.2788180338009587,0.024634167837532917,3.141592653589793,0.0,[68]
111,12,0.2981233664649017,0.10424528604021333,0.0,0.0,[67]
106,13,0.2935410034576379,0.009994259967768593,3.141592653589793,0.0,[89 94]
114,13,0.30199161398908614,0.1023480168472054,0.0,0.0,[111]
127,14,0.3125469220707484,0.10405063864857012,0.0,0.0,[114]
131,14,0.31524162216394824,0.09819812109724746,0.0,0.0,[114]
133,14,0.3155415097191907,0.010179090661268875,3.141592653589793,0.0,[106]
137,15,0.3222769672414565,0.008257098511007421,3.141592653589793,0.0,[133]
143,15,0.3307950514101379,0.10664768010221592,0.0,0.0,[127 131]
155,16,0.3412326488429226,0.10902192974416713,0.0,0.0,[143]
159,16,0.34516714730240505,0.025557525370911605,3.141592653589793,0.0,[137]
173,17,0.35985020954211766,0.023244704667120697,3.141592653589793,0.0,[159]
184,17,0.37352089228379837,0.1110029296815438,0.0,0.0,[155]
190,18,0.3834857101308038,0.11022500866275842,0.0,0.0,[184]
198,18,0.3901379556512107,0.046098981545873996,3.141592653589793,0.0,[173]
194,19,0.38665668737062653,0.11036926784327916,0.0,0.0,[190]
204,19,0.39559268876299236,0.045345311051648296,3.141592653589793,0.0,[198]
219,20,0.4112856151536667,0.032110413114229464,3.141592653589793,0.0,[204]
223,20,0.4133375099990726,0.11448041077120841,0.0,0.0,[194]
233,21,0.42151981369921976,0.03464997093033595,3.141592653589793,0.0,[219]
239,21,0.4273471969781584,0.12238877684009664,0.0,0.0,[223]
246,22,0.43346923730026254,0.04592895153460119,3.141592653589793,0.0,[233]
254,22,0.43958594811218854,0.12914023342809533,0.0,0.0,[239]
262,22,0.4485664859600681,0.10780236965097134,0.0,0.0,[239]
273,22,0.45844731781236725,0.14923785199139694,0.0,0.0,[239]
275,23,0.4594118984279384,0.027954115227901033,3.141592653589793,0.0,[246]
304,23,0.4796532628894288,0.13769534349654056,0.0,0.0,[254 262 273]
301,24,0.47494115628557154,0.04194171027560312,3.141592653589793,0.0,[275]
305,24,0.4801063085024042,0.018010881314218685,3.141592653589793,0.0,[275]
319,24,0.4939525130807929,0.14425939698584989,0.0,0.0,[304]
358,25,0.524557684371224,0.16112758882625955,0.0,0.0,[319]
362,25,0.5285519889261531,0.03442893661349433,3.141592653589793,0.0,[301 305]
371,25,0.5333586052427166,0.1699649401530956,0.0,0.0,[319]
367,26,0.5324690523399024,0.03270058856251501,3.141592653589793,0.0,[362]
387,26,0.54370551238124,0.16978310500656857,0.0,0.0,[358 371]
400,27,0.5514456814239831,0.015420255838873742,3.141592653589793,0.0,[367]
415,27,0.5621890819725848,0.1689112937622056,0.0,0.0,[387]
423,28,0.5772544523225249,0.17813493211757025,0.0,0.0,[415]
444,28,0.5917471823662588,0.04150704361514823,3.141592653589793,0.0,[400]
454,28,0.6058111958890363,0.010113075987219111,3.141592653589793,0.0,[400]
445,29,0.5920617605112963,0.18921302027363995,0.0,0.0,[423]
471,29,0.6199007118932819,0.02317577256558856,3.141592653589793,0.0,[444 454]
447,30,0.5963237092861828,0.18894493736812878,0.0,0.0,[445]
487,30,0.6364686944856311,0.028897122342676163,3.141592653589793,0.0,[471]
480,31,0.6273897799335456,0.18468288928287024,0.0,0.0,[447]
498,31,0.6484895831619415,0.021926802293688707,3.141592653589793,0.0,[487]
484,32,0.6327355185529853,0.18336491564862534,0.0,0.0,[480]
514,32,0.6660883229583288,0.03934061647894449,3.141592653589793,0.0,[498]
536,33,0.6924795207319702,0.04642207427811462,3.141592653589793,0.0,[514]
539,33,0.6977387331428008,0.13486274281928956,0.0,0.0,[484]
543,33,0.7021178863195456,0.004636027369206874,3.141592653589793,0.0,[514]
548,34,0.7136000260172025,0.061555756797037064,3.141592653589793,0.0,[536]
551,34,0.7159297746025043,0.12544246172363593,0.0,0.0,[539]
562,34,0.7301700683059535,0.10933824460318475,0.0,0.0,[539]
570,34,0.740804834727282,0.02432305722521122,3.141592653589793,0.0,[536 543]
558,35,0.725952392214049,0.05870073736984338,3.141592653589793,0.0,[548]
566,35,0.7349481629698532,0.11074398216177417,0.0,0.0,[551 562]
568,35,0.7380634281932024,0.07365215320709029,3.141592653589793,0.0,[548]
571,35,0.7416363253085633,0.10096381656043651,0.0,0.0,[551 562]
577,35,0.746934400989666,0.020332196259675528,3.141592653589793,0.0,[570]
587,36,0.7752848123161363,0.08024499667269502,0.0,0.0,[566 571]
593,36,0.7863333441812375,0.038118426317088394,3.141592653589793,0.0,[558 568 577]
595,36,0.7866542622084066,0.0350179390999511,3.141592653589793,0.0,[558 568 577]
592,37,0.780673789465032,0.08077717423640574,0.0,0.0,[587]
601,37,0.7916923153126935,0.0399863121443651,3.141592653589793,0.0,[593 595]
606,37,0.8012522561078014,0.054725734889634725,0.0,0.0,[587]
610,38,0.8045858799351179,0.039265000558268204,3.141592653589793,0.0,[601]
616,38,0.8226102264684375,0.05226716724123737,0.0,0.0,[592 606]
619,39,0.8260712174458024,0.030356528904751046,3.141592653589793,0.0,[610]
625,39,0.8392343443560271,0.05616666667389769,0.0,0.0,[616]
623,40,0.8312037412302485,0.03407139698388795,3.141592653589793,0.0,[619]
630,40,0.8545446966056721,0.06418188219063103,0.0,0.0,[625]
633,41,0.8582907326481096,0.017780199107321093,3.141592653589793,0.0,[623]
636,41,0.8639272261323683,0.05698613472427483,3.141592653589793,0.0,[623]
638,41,0.8681099178633827,0.06337533361820968,0.0,0.0,[630]
642,42,0.8793350086038637,0.06339842312900701,3.141592653589793,0.0,[636]
643,42,0.9022809705215921,0.01866615516541259,0.0,0.0,[633]
644,42,0.9042207066160719,0.06948404057966551,0.0,0.0,[638]
645,42,0.9072480431477572,0.06484448010816579,0.0,0.0,[638]
646,42,0.9081265858697924,0.039306361816595414,0.0,0.0,[638]
649,42,0.9272438679165058,0.012459163866045064,3.141592653589793,0.0,[633 636]
648,43,0.9211555146092798,0.03360220165400374,3.141592653589793,0.0,[642]
650,43,0.9389610279014833,0.009381843853060845,3.141592653589793,0.0,[642 643 649]
651,43,0.941987297530145,0.038508983487611226,0.0,0.0,[643 644 645 646]
653,43,0.9485090276578104,0.030422128519674962,0.0,0.0,[643 644 645 646]
652,44,0.9443819384650052,0.028264101770488104,3.141592653589793,0.0,[648]
654,44,0.9824407312318163,0.012491920292224012,0.0,0.0,[648 650 651 653]
655,45,1.0,0.0,3.141592653589793,0.0,[652 654]
0,0,0.0,0.0,3.141592653589793,0.0,[]
1,1,0.021888872162563966,0.01598983492677508,0.0,0.0,[0]
2,2,0.04531623417723807,0.0024850835986375275,0.0,0.0,[1]
3,3,0.052064640721290134,0.00015886657338093357,0.0,0.0,[2]
12,4,0.10092721615182976,0.04194171027560312,3.141592653589793,0.0,[3]
23,5,0.12926116683569222,0.06199470308687893,3.141592653589793,0.0,[12]
25,6,0.14218291528575977,0.073596721711916,3.141592653589793,0.0,[23]
29,7,0.14789297323465744,0.0717326796057538,3.141592653589793,0.0,[25]
50,8,0.21366215163892388,0.11678572591095948,3.141592653589793,0.0,[29]
60,9,0.23152660428385174,0.13039001013869,3.141592653589793,0.0,[50]
83,10,0.2585412866590322,0.1493793090764739,3.141592653589793,0.0,[60]
97,11,0.2837130688366265,0.1625919568666787,3.141592653589793,0.0,[83]
112,12,0.3021111161682497,0.1802309474628191,3.141592653589793,0.0,[97]
113,13,0.3031630783319973,0.1802965811304269,3.141592653589793,0.0,[112]
117,14,0.310617212625948,0.1841483538273181,3.141592653589793,0.0,[113]
143,15,0.3339585059395378,0.18197439389706738,3.141592653589793,0.0,[117]
192,16,0.38564728987689867,0.22333543753678298,3.141592653589793,0.0,[143]
198,17,0.38981676506525587,0.22233728100168637,3.141592653589793,0.0,[192]
209,18,0.40172513953049194,0.23063339736916688,3.141592653589793,0.0,[198]
220,19,0.41472003987699235,0.2406622368361112,3.141592653589793,0.0,[209]
241,20,0.4356589288812699,0.2200171626410924,3.141592653589793,0.0,[220]
273,21,0.45946533011191226,0.20458238527430772,3.141592653589793,0.0,[241]
283,21,0.4648899465994295,0.21241495694928547,3.141592653589793,0.0,[241]
299,22,0.47323281177192433,0.2083448833527941,3.141592653589793,0.0,[273 283]
323,23,0.490373361519584,0.19130086304321015,3.141592653589793,0.0,[299]
333,24,0.49539327227305796,0.19127659635949612,3.141592653589793,0.0,[323]
378,25,0.5265329496527988,0.2117908562249844,3.141592653589793,0.0,[333]
403,26,0.5465322098772726,0.2006353641777735,3.141592653589793,0.0,[378]
424,27,0.5681962572430377,0.2031193964308552,3.141592653589793,0.0,[403]
430,28,0.5858054938961779,0.1950272254570825,3.141592653589793,0.0,[424]
432,28,0.5875193624722413,0.21266530772155767,3.141592653589793,0.0,[424]
440,28,0.5993728604123887,0.17281890157196733,3.141592653589793,0.0,[424]
450,29,0.609895678560119,0.19455273356113878,3.141592653589793,0.0,[430 432]
455,29,0.6134722560952871,0.16469399643180815,3.141592653589793,0.0,[440]
472,30,0.6254615519287104,0.1569429564693402,3.141592653589793,0.0,[455]
485,30,0.6360343844992872,0.19567223357871566,3.141592653589793,0.0,[450]
492,31,0.643519089714317,0.19385124819382926,3.141592653589793,0.0,[485]
498,31,0.6471918687118994,0.1432796356352536,3.141592653589793,0.0,[472]
502,31,0.6497626399642904,0.15032026471030135,3.141592653589793,0.0,[472]
510,32,0.6590688416344146,0.14846432236281704,3.141592653589793,0.0,[498 502]
516,32,0.6635382259755903,0.19779976675876987,3.141592653589793,0.0,[492]
540,32,0.6859960187549893,0.12051031820265246,3.141592653589793,0.0,[498 502]
544,33,0.6938015797441603,0.1609696225465218,3.141592653589793,0.0,[510]
545,33,0.6969568712190818,0.17097746277561843,3.141592653589793,0.0,[510 516]
565,33,0.7230798763454863,0.11298144125286891,3.141592653589793,0.0,[510 540]
552,34,0.709377280053377,0.16704589375913148,3.141592653589793,0.0,[544 545]
573,34,0.7314752417632375,0.10566848946603713,3.141592653589793,0.0,[565]
579,35,0.7457964352577279,0.15241779192670335,3.141592653589793,0.0,[552]
587,35,0.766793732656777,0.07829614766975879,3.141592653589793,0.0,[573]
591,36,0.7731048107990566,0.0826837357655652,3.141592653589793,0.0,[587]
592,36,0.7739716324819862,0.1342643967600221,3.141592653589793,0.0,[579]
597,37,0.778124938607615,0.13811668403138244,3.141592653589793,0.0,[592]
601,37,0.788652144946174,0.08685019830420393,3.141592653589793,0.0,[591]
602,37,0.7894597071643358,0.09191893514564942,3.141592653589793,0.0,[591]
618,38,0.8363777944107181,0.06339842312900701,3.141592653589793,0.0,[601 602]
620,38,0.8458095333263357,0.0770239276552005,3.141592653589793,0.0,[597 601 602]
628,39,0.8690378785993014,0.06448353476573565,3.141592653589793,0.0,[618 620]
632,39,0.8789419813981046,0.027921105420761316,3.141592653589793,0.0,[618]
637,40,0.888073353380646,0.03407139698388795,3.141592653589793,0.0,[632]
638,40,0.8902380927344833,0.049225413681688424,3.141592653589793,0.0,[628]
645,41,0.9192779783073812,0.02993240115334339,3.141592653589793,0.0,[637 638]
647,42,0.9301617011341913,0.021062724332812754,3.141592653589793,0.0,[645]
649,43,0.9435447790223953,0.017780199107321093,3.141592653589793,0.0,[647]
651,44,0.9662237158370354,0.012459163866045064,3.141592653589793,0.0,[649]
653,45,0.976274205851046,0.00981213360826172,3.141592653589793,0.0,[651]
654,46,0.9864047225855404,0.0020599380949992696,3.141592653589793,0.0,[653]
655,47,1.0,0.0,3.141592653589793,0.0,[654]
0,0,0.0,0.0,3.141592653589793,0.0,[]
2,1,0.018157888136269507,0.008257098511007421,3.141592653589793,0.0,[0]
3,1,0.02048700811109183,0.017879634057129334,3.141592653589793,0.0,[0]
7,2,0.08390178886960642,0.06075246478193341,3.141592653589793,0.0,[2 3]
9,3,0.09143147088165582,0.05698613472427483,3.141592653589793,0.0,[7]
15,4,0.114043036263618,0.057739475982401034,3.141592653589793,0.0,[9]
25,5,0.12856672396333158,0.06448353476573565,3.141592653589793,0.0,[15]
30,6,0.14964142470445208,0.04866985292199422,3.141592653589793,0.0,[25]
37,7,0.1677810368576319,0.06377312552247072,3.141592653589793,0.0,[30]
53,8,0.19980322613321555,0.03442893661349433,3.141592653589793,0.0,[37]
55,8,0.20464217748024893,0.045345311051648296,3.141592653589793,0.0,[37]
66,9,0.228082578017049,0.06181025099242965,3.141592653589793,0.0,[53 55]
75,10,0.24191075518668792,0.07075989319099718,3.141592653589793,0.0,[66]
77,10,0.24935135280757248,0.078935561762706,3.141592653589793,0.0,[66]
78,11,0.24996221793453388,0.0786978629233005,3.141592653589793,0.0,[75 77]
84,12,0.2599796453195611,0.07365215320709029,3.141592653589793,0.0,[78]
93,13,0.2728312640793188,0.0826837357655652,3.141592653589793,0.0,[84]
96,13,0.2744384388611246,0.06366585200939978,3.141592653589793,0.0,[84]
99,13,0.27471500736379917,0.0695068341063364,3.141592653589793,0.0,[84]
115,14,0.3027524275899144,0.08685019830420393,3.141592653589793,0.0,[93 96 99]
125,15,0.31832143034441085,0.09197164900632504,3.141592653589793,0.0,[115]
130,16,0.32396174214604734,0.09034336316883873,3.141592653589793,0.0,[125]
152,17,0.3555162152164375,0.10844485315504859,3.141592653589793,0.0,[130]
158,17,0.3660397340178051,0.07829614766975879,3.141592653589793,0.0,[130]
160,17,0.3676257210933409,0.049225413681688424,3.141592653589793,0.0,[130]
170,18,0.37632216871163227,0.08781780969625386,3.141592653589793,0.0,[152 158]
178,18,0.38278783749528367,0.03934061647894449,3.141592653589793,0.0,[160]
195,19,0.39669942342182285,0.08736749163885427,3.141592653589793,0.0,[170]
202,19,0.40507062027265206,0.022854504003053,3.141592653589793,0.0,[178]
220,20,0.4182544634902502,0.028897122342676163,3.141592653589793,0.0,[202]
235,20,0.4289384714390474,0.11019318748275198,3.141592653589793,0.0,[195]
243,21,0.43795603035852704,0.04150704361514823,3.141592653589793,0.0,[220]
257,21,0.4480840371446029,0.1091173768294359,3.141592653589793,0.0,[235]
282,22,0.4664617743964019,0.05414282720983177,3.141592653589793,0.0,[243]
301,22,0.47745787494369596,0.12762432997788442,3.141592653589793,0.0,[257]
302,23,0.47779216883976383,0.054911457510110506,3.141592653589793,0.0,[282]
346,23,0.5119075885938807,0.10709817685837908,3.141592653589793,0.0,[301]
334,24,0.49864238203525557,0.073596721711916,3.141592653589793,0.0,[302]
359,24,0.5236380689427457,0.11074987686354032,3.141592653589793,0.0,[346]
387,25,0.5432381275343076,0.11740729518027648,3.141592653589793,0.0,[334 359]
392,26,0.5532009985726275,0.11298144125286891,3.141592653589793,0.0,[387]
404,27,0.5626075035031147,0.11630121379447933,3.141592653589793,0.0,[392]
414,28,0.5702492548600201,0.12290936046161682,3.141592653589793,0.0,[404]
433,29,0.5865498568311663,0.1349086240548456,3.141592653589793,0.0,[414]
457,29,0.6100177850828241,0.10007767236487852,3.141592653589793,0.0,[414]
465,30,0.6160215957416318,0.11678572591095948,3.141592653589793,0.0,[433]
466,30,0.6169487182326104,0.1432796356352536,3.141592653589793,0.0,[433]
478,30,0.6294610144388622,0.0956379552811617,3.141592653589793,0.0,[433 457]
509,31,0.668288908187607,0.09785266707155504,3.141592653589793,0.0,[465 466 478]
513,31,0.6742917810450809,0.0717326796057538,3.141592653589793,0.0,[465 478]
527,32,0.6884182161756042,0.08380674474866145,3.141592653589793,0.0,[509 513]
532,32,0.6959983658115899,0.06430332147295936,3.141592653589793,0.0,[513]
546,33,0.71229120486202,0.0746337750863375,3.141592653589793,0.0,[527 532]
558,34,0.7256954677838343,0.07171115042560927,3.141592653589793,0.0,[546]
572,34,0.7511849159339995,0.046098981545873996,3.141592653589793,0.0,[546]
576,35,0.7578676781535395,0.04144218654546572,3.141592653589793,0.0,[558 572]
587,36,0.7761473869277318,0.02432305722521122,3.141592653589793,0.0,[576]
594,37,0.7887720139368766,0.012796472042957863,3.141592653589793,0.0,[587]
595,37,0.7896314604044267,0.01652979019032974,3.141592653589793,0.0,[587]
599,38,0.7952864400047688,0.016170239054608793,3.141592653589793,0.0,[594 595]
605,39,0.8079909589878567,0.010179090661268875,3.141592653589793,0.0,[599]
613,40,0.8277644560256866,0.009498590998072931,0.0,0.0,[605]
619,41,0.8334362498089466,0.005794563599809899,0.0,0.0,[613]
634,42,0.8683029596670139,0.027954115227901033,3.141592653589793,0.0,[619]
636,42,0.8707453172663124,0.021062724332812754,3.141592653589793,0.0,[619]
639,43,0.8889407675657135,0.024634167837532917,3.141592653589793,0.0,[634 636]
641,44,0.8952024477381617,0.020332196259675528,3.141592653589793,0.0,[639]
645,45,0.9173035859838556,0.018010881314218685,3.141592653589793,0.0,[641]
650,46,0.93564076096799,0.03270058856251501,3.141592653589793,0.0,[645]
651,46,0.9373610300229916,0.007297149582340512,3.141592653589793,0.0,[645]
652,47,0.9443402133082648,0.027921105420761316,3.141592653589793,0.0,[650]
654,47,0.9555006072824551,0.015420255838873742,3.141592653589793,0.0,[650 651]
655,48,1.0,0.0,3.141592653589793,0.0,[652 654]
0,0,0.0,0.0,3.141592653589793,0.0,[]
2,1,0.022383058944025702,0.006543608288246738,3.141592653589793,0.0,[0]
3,2,0.042152377398712915,0.015709532937553172,3.141592653589793,0.0,[2]
8,3,0.07785549215715815,0.015945597497379338,0.0,0.0,[3]
16,4,0.09888197530441034,0.01615247777220674,0.0,0.0,[8]
21,5,0.10952898733916716,0.02442138651844039,0.0,0.0,[16]
22,6,0.11466906716532321,0.022869994810077676,0.0,0.0,[21]
26,7,0.13617570408588286,0.015843414587159987,0.0,0.0,[22]
31,8,0.1440020819550859,0.012361255083240708,0.0,0.0,[26]
32,8,0.1460486163981045,0.008433499901866481,0.0,0.0,[26]
39,9,0.16819923446368057,0.023176911764839714,0.0,0.0,[31 32]
40,9,0.16857739541977013,0.001246501224594021,0.0,0.0,[31 32]
43,9,0.1744892758326454,0.011689153750178871,3.141592653589793,0.0,[31 32]
51,10,0.19295099703587248,0.005486242241479866,3.141592653589793,0.0,[40 43]
53,10,0.20166836945306343,0.018672371437679525,0.0,0.0,[39 40]
63,11,0.220718940951389,0.0021419087262524172,0.0,0.0,[51 53]
68,11,0.22970503393011954,0.03570525443611616,0.0,0.0,[53]
73,12,0.23858832182916612,0.01552279638754428,0.0,0.0,[63]
80,12,0.2467354808139386,0.03492669823193051,0.0,0.0,[68]
82,12,0.2496047916227475,0.050384114306724626,0.0,0.0,[68]
88,13,0.2601399014541015,0.031134238156578564,0.0,0.0,[73 80]
99,13,0.2834456422632694,0.07369480634427594,0.0,0.0,[82]
100,14,0.2835605045093078,0.028128879247350413,0.0,0.0,[88]
106,14,0.2944531860289523,0.06403358555453298,0.0,0.0,[88 99]
113,15,0.310862938454472,0.008126797765012905,0.0,0.0,[100]
114,15,0.31163616463094546,0.003099711261434046,0.0,0.0,[100]
125,15,0.3219800940400972,0.07706083284538179,0.0,0.0,[106]
132,16,0.328542562682436,0.004745142184701456,0.0,0.0,[113 114]
136,16,0.3392170195501908,0.07347686358143657,0.0,0.0,[125]
163,17,0.3650629993145593,0.05750354556895376,0.0,0.0,[136]
169,17,0.3702756591199695,0.005312440651791928,0.0,0.0,[132]
172,18,0.37127984786538426,0.05450552017333765,0.0,0.0,[163]
186,18,0.3815497909001049,0.016436623352207413,0.0,0.0,[169]
188,19,0.3843032404047664,0.060769841446315254,0.0,0.0,[172]
205,19,0.3970431134799576,0.015957251274359763,0.0,0.0,[186]
194,20,0.3892360348389541,0.0639223758110059,0.0,0.0,[188]
225,20,0.418111298651726,0.009228402411814551,0.0,0.0,[205]
217,21,0.4112188985171439,0.07027291883305731,0.0,0.0,[194]
237,21,0.43401407519830837,0.043841361358298525,0.0,0.0,[194]
242,21,0.43744874737780504,0.005780787804467669,3.141592653589793,0.0,[225]
229,22,0.4262433590839044,0.06878614219447854,0.0,0.0,[217]
239,22,0.4352160017522094,0.04432257847948884,0.0,0.0,[237]
258,22,0.44932093086094294,0.007964581711297436,3.141592653589793,0.0,[242]
267,23,0.4619751014676331,0.05611752861946406,0.0,0.0,[229 239]
272,23,0.463238996095672,0.008940780713746044,3.141592653589793,0.0,[258]
274,23,0.4660747598347741,0.051333973929485244,0.0,0.0,[229 239]
296,24,0.4837811221269046,0.0004696840881398545,3.141592653589793,0.0,[272]
306,24,0.4898985929028892,0.06819194435621789,0.0,0.0,[267 274]
312,24,0.4930372548345223,0.0759213117380203,0.0,0.0,[267 274]
327,25,0.5029480180345549,0.006709304431007368,3.141592653589793,0.0,[296]
347,25,0.5170438351637585,0.0666534322854988,0.0,0.0,[306 312]
342,26,0.5146995994074411,0.0012515068051385247,3.141592653589793,0.0,[327]
359,26,0.5249380156333975,0.07139049931408448,0.0,0.0,[347]
368,27,0.5337142943119595,0.0060043183914872955,0.0,0.0,[342]
375,27,0.5400011176054532,0.020128735538506026,0.0,0.0,[342]
379,27,0.5415512968086618,0.08305545166695938,0.0,0.0,[359]
392,28,0.5491065397986651,0.015474780133352128,0.0,0.0,[368 375]
396,28,0.551740064610835,0.02693888209887252,0.0,0.0,[375]
408,28,0.5614721182572354,0.07216226854752261,0.0,0.0,[379]
425,29,0.5727791871916745,0.06273791627173686,0.0,0.0,[408]
428,29,0.5772217688731717,0.031780448663832006,0.0,0.0,[392 396]
446,30,0.5952682122698965,0.0768340881487628,0.0,0.0,[425]
450,30,0.598574382331178,0.0420583361100918,0.0,0.0,[425 428]
453,31,0.6000005821160541,0.0767995605333216,0.0,0.0,[446]
472,31,0.6235211581106233,0.031643055099155215,0.0,0.0,[450]
477,31,0.6278682077793419,0.10826631877128567,0.0,0.0,[446]
479,32,0.6295669255809375,0.07417492476487164,0.0,0.0,[453]
480,32,0.630974679193663,0.06657952884368246,0.0,0.0,[453]
494,32,0.6460873097434856,0.02455905522348434,0.0,0.0,[472]
501,32,0.6496437032875624,0.09810033107284077,0.0,0.0,[453 477]
506,33,0.6549308333912612,0.02594055730065692,0.0,0.0,[494]
533,33,0.6837679870462167,0.07432874397192102,0.0,0.0,[479 480 501]
531,34,0.681817492064529,0.045838222795164474,0.0,0.0,[506]
536,34,0.6918786354462346,0.0664809230405039,0.0,0.0,[533]
541,34,0.698313902249025,0.08451032843183814,0.0,0.0,[533]
540,35,0.697570834989203,0.05585787234809825,0.0,0.0,[531]
552,35,0.7099347259167793,0.07525038129615735,0.0,0.0,[536 541]
556,35,0.7116901884497997,0.034834705951744094,0.0,0.0,[531]
559,35,0.7153650447207887,0.08552808990001393,0.0,0.0,[536 541]
571,36,0.7291159094966352,0.044474069530900606,0.0,0.0,[540 556]
580,36,0.7442836623890963,0.06286609133332566,0.0,0.0,[540 552 556 559]
584,37,0.7486964745403597,0.06298362805958546,0.0,0.0,[571 580]
587,38,0.758224387394227,0.07003048157223235,0.0,0.0,[584]
604,39,0.778821719440967,0.05945802980476844,0.0,0.0,[587]
605,39,0.7788362287687959,0.06120754401192652,0.0,0.0,[587]
609,40,0.7849999683707277,0.056792569648810964,0.0,0.0,[604 605]
617,41,0.8170413574369604,0.05048700792537397,0.0,0.0,[609]
618,42,0.8244157658871802,0.055464317497734505,0.0,0.0,[617]
622,43,0.8343855978060087,0.0517886145354175,0.0,0.0,[618]
631,44,0.8661511386145077,0.07272254660358535,0.0,0.0,[622]
640,45,0.9039638819327278,0.056892320255977125,0.0,0.0,[631]
646,46,0.9345992803491322,0.03539884161709461,0.0,0.0,[640]
650,47,0.9595210484966264,0.02403476235845159,0.0,0.0,[646]
653,48,0.9818864957820878,0.00635285049708556,0.0,0.0,[650]
654,49,0.9951430108397964,0.001965974153625094,3.141592653589793,0.0,[653]
655,50,1.0,0.0,3.141592653589793,0.0,[654]
0,0,0.0,0.0,3.141592653589793,0.0,[]
2,1,0.03288133638306223,0.031643055099155215,0.0,0.0,[0]
4,2,0.05311834748080291,0.051333973929485244,0.0,0.0,[2]
7,3,0.06347918950044562,0.059206783728140366,0.0,0.0,[4]
9,4,0.07073143094241219,0.06028705246571675,0.0,0.0,[7]
11,5,0.07581531814443176,0.0639223758110059,0.0,0.0,[9]
12,6,0.09771368476567066,0.08076371414133188,0.0,0.0,[11]
16,7,0.10032931466366735,0.08305545166695938,0.0,0.0,[12]
27,8,0.12453036286437047,0.0920584480267832,0.0,0.0,[16]
31,8,0.14654989471155155,0.03890536696565294,0.0,0.0,[16]
38,8,0.151522868101708,0.032990079094993185,0.0,0.0,[16]
28,9,0.14112366391625042,0.07865310380012103,0.0,0.0,[27]
45,9,0.16343842916175866,0.036798414184384454,0.0,0.0,[31 38]
50,9,0.17760209879605282,0.008126797765012905,0.0,0.0,[31 38]
44,10,0.16303123715164003,0.07706083284538179,0.0,0.0,[28]
57,10,0.18827065085799488,0.015474780133352128,0.0,0.0,[45 50]
48,11,0.17014843458136775,0.0726825698197785,0.0,0.0,[44]
64,11,0.19861113599639446,0.008433499901866481,0.0,0.0,[57]
62,12,0.19452159062871677,0.057791510319228134,0.0,0.0,[48]
72,12,0.21207399968442697,0.012524514107497775,0.0,0.0,[64]
71,13,0.2119922448247623,0.07139049931408448,0.0,0.0,[62]
73,13,0.21252111407914842,0.04432257847948884,0.0,0.0,[62]
79,13,0.2219473944593795,0.056792569648810964,0.0,0.0,[62]
81,13,0.22240029623773938,0.011552906843523392,0.0,0.0,[72]
78,14,0.2216543784405941,0.039853413314517416,0.0,0.0,[73]
84,14,0.22953037396681386,0.06286609133332566,0.0,0.0,[71 79]
85,14,0.23249095882912263,0.00842796644632593,0.0,0.0,[81]
86,14,0.2339389820687724,0.015957251274359763,0.0,0.0,[81]
93,15,0.2434380518071757,0.010529185656376616,0.0,0.0,[85 86]
96,15,0.2474506938476836,0.045314831964499036,0.0,0.0,[78 84]
97,15,0.24999365112150806,0.05945802980476844,0.0,0.0,[78 84]
100,15,0.2519928860062496,0.028128879247350413,0.0,0.0,[78 86]
109,16,0.26468039392750986,0.026825990234794816,0.0,0.0,[ 93 100]
115,16,0.27476064718957516,0.015945597497379338,0.0,0.0,[ 93 100]
119,16,0.27691874535523087,0.046920980659195366,0.0,0.0,[ 96  97 100]
138,17,0.30099261724278503,0.0060043183914872955,0.0,0.0,[109 115]
145,17,0.3130262365832689,0.03492669823193051,0.0,0.0,[109 115 119]
152,18,0.3212813288460672,2.4907222373027338e-05,0.0,0.0,[138]
161,18,0.32936649132830575,0.009228402411814551,0.0,0.0,[138]
166,18,0.3343723054289466,0.03223806566016019,0.0,0.0,[138 145]
176,19,0.34494197228854584,0.023553999594290498,0.0,0.0,[152 161 166]
184,20,0.35309571011860164,0.021635063145795774,0.0,0.0,[176]
203,21,0.3801952706737066,0.04166351398157497,0.0,0.0,[184]
216,22,0.3970005287664744,0.039167589292442906,0.0,0.0,[203]
243,23,0.4217616438420275,0.06205313936603085,0.0,0.0,[216]
249,24,0.43227198112679976,0.07216226854752261,0.0,0.0,[243]
269,25,0.45402995912289223,0.06298362805958546,0.0,0.0,[249]
285,26,0.47041384611821857,0.05611752861946406,0.0,0.0,[269]
299,26,0.4786437037258232,0.07979143927164911,0.0,0.0,[269]
298,27,0.47828370396239017,0.05048700792537397,0.0,0.0,[285]
309,27,0.48869738182936806,0.07432874397192102,0.0,0.0,[285 299]
335,27,0.5075453036187345,0.10302461216574554,0.0,0.0,[299]
322,28,0.5020678025028376,0.06657952884368246,0.0,0.0,[298 309]
339,28,0.5103631877002089,0.0759213117380203,0.0,0.0,[298 309]
361,28,0.5232879564809019,0.090271627609676,0.0,0.0,[298 309 335]
366,29,0.5292903064760933,0.08586903281323344,0.0,0.0,[322 339 361]
393,30,0.5493012351948346,0.09610490737282107,0.0,0.0,[366]
424,31,0.5712513927163282,0.10928761815784704,0.0,0.0,[393]
441,32,0.5832008673625274,0.10272809876847377,0.0,0.0,[424]
452,33,0.5985347262442514,0.10528438390228123,0.0,0.0,[441]
458,33,0.604835593613571,0.11488554935067696,0.0,0.0,[441]
471,34,0.6168441120516384,0.11438580669845,0.0,0.0,[452 458]
486,35,0.6333917006764777,0.12721908622296096,0.0,0.0,[471]
525,36,0.68209110494848,0.08222898342006202,0.0,0.0,[486]
534,36,0.6913777379532597,0.10262677626352645,0.0,0.0,[486]
545,37,0.7043391873792132,0.10085382011656507,0.0,0.0,[525 534]
548,38,0.7134538231145376,0.09810033107284077,0.0,0.0,[545]
553,39,0.7216488614260154,0.0957961085512109,0.0,0.0,[548]
597,40,0.772686449616664,0.0518058954075018,0.0,0.0,[553]
603,41,0.7778082676209327,0.04911791794803244,0.0,0.0,[597]
619,42,0.8260158854471311,0.052134469534101946,0.0,0.0,[603]
622,43,0.8353770730020077,0.051945631540176174,0.0,0.0,[619]
626,44,0.8483660752236956,0.06403358555453298,0.0,0.0,[622]
633,45,0.8666643872565746,0.07272254660358535,0.0,0.0,[626]
634,46,0.8683606865908217,0.07347686358143657,0.0,0.0,[633]
638,47,0.8821294712758083,0.06612616061050058,0.0,0.0,[634]
641,48,0.8939031856793245,0.06269362914092058,0.0,0.0,[638]
644,49,0.9093001406316376,0.05750354556895376,0.0,0.0,[641]
646,50,0.9120422902087926,0.05640148148456525,0.0,0.0,[644]
653,51,0.9772026993580518,0.006709304431007368,3.141592653589793,0.0,[646]
654,52,0.9926284161160378,0.0026780123136691536,3.141592653589793,0.0,[653]
655,53,1.0,0.0,3.141592653589793,0.0,[654]
0,0,0.0,0.0,3.141592653589793,0.0,[]
1,1,0.04156550060130226,0.036798414184384454,0.0,0.0,[0]
3,1,0.055834287757867695,0.052134469534101946,0.0,0.0,[0]
7,2,0.07029516426965932,0.045314831964499036,0.0,0.0,[1 3]
12,3,0.08716206839056218,0.06205313936603085,0.0,0.0,[7]
16,4,0.0922409696562897,0.057791510319228134,0.0,0.0,[12]
27,5,0.1239775826728281,0.06819194435621789,0.0,0.0,[16]
28,5,0.12436946559301187,0.07432874397192102,0.0,0.0,[16]
31,6,0.1385853544778488,0.07865310380012103,0.0,0.0,[27 28]
38,7,0.1529537144402937,0.09089519922484146,0.0,0.0,[31]
46,8,0.18238769082353345,0.090271627609676,0.0,0.0,[38]
54,9,0.19843123641487082,0.09239596787044857,0.0,0.0,[46]
65,10,0.22497393471206295,0.07525038129615735,0.0,0.0,[54]
67,10,0.22575199262968615,0.07347686358143657,0.0,0.0,[54]
74,11,0.23647875257243234,0.07139049931408448,0.0,0.0,[65 67]
84,12,0.25035634858312106,0.05945802980476844,0.0,0.0,[74]
110,13,0.29055328617799103,0.05640148148456525,0.0,0.0,[84]
114,13,0.29419744868571884,0.04879638192867053,0.0,0.0,[84]
118,14,0.2973515496451694,0.051945631540176174,0.0,0.0,[110 114]
128,15,0.3054141555023667,0.04911791794803244,0.0,0.0,[118]
132,15,0.3125953934366703,0.05750354556895376,0.0,0.0,[118]
141,16,0.32601768118550756,0.06610515759841884,0.0,0.0,[128 132]
147,17,0.33579504444153174,0.06273791627173686,0.0,0.0,[141]
152,18,0.34177464181619766,0.058489830015290956,0.0,0.0,[147]
168,19,0.3597249890336178,0.07027291883305731,0.0,0.0,[152]
179,20,0.3696131827180903,0.06657952884368246,0.0,0.0,[168]
218,21,0.4108815557943949,0.08411723167055041,0.0,0.0,[179]
227,21,0.41880984406966715,0.09760049040169405,0.0,0.0,[179]
228,21,0.41926637587681437,0.11070966968073304,0.0,0.0,[179]
248,22,0.4394628464288476,0.09831457981467362,0.0,0.0,[218 227 228]
249,22,0.4404790475542595,0.10302461216574554,0.0,0.0,[218 227 228]
268,23,0.4570078365325655,0.08747388004804846,0.0,0.0,[248 249]
298,24,0.47805335222208645,0.06999971323552134,0.0,0.0,[268]
323,24,0.49256609543542185,0.11496305470641144,0.0,0.0,[268]
347,25,0.5079136148627834,0.10085382011656507,0.0,0.0,[323]
360,25,0.5211606919434624,0.07417492476487164,0.0,0.0,[298]
353,26,0.5121704266228893,0.10262677626352645,0.0,0.0,[347]
363,26,0.5238673759191794,0.07272254660358535,0.0,0.0,[360]
381,27,0.5324805771423572,0.1121560387406233,0.0,0.0,[353]
384,27,0.5349662748358106,0.0664809230405039,0.0,0.0,[363]
397,28,0.5432108435530855,0.11641395556262091,0.0,0.0,[381]
398,28,0.5435418225882761,0.1116811523299105,0.0,0.0,[381]
403,28,0.5461046184625904,0.0666534322854988,0.0,0.0,[384]
412,29,0.5535495088440573,0.11438580669845,0.0,0.0,[397 398]
420,29,0.5647852786852946,0.06657797519606756,0.0,0.0,[403]
423,29,0.5674233135302934,0.09909157007503311,0.0,0.0,[397 398]
456,30,0.5902128157367152,0.09881501723587038,0.0,0.0,[412 423]
459,30,0.5996709717261293,0.07369480634427594,0.0,0.0,[412 420 423]
472,31,0.6146183614909247,0.0781554669662724,0.0,0.0,[456 459]
493,32,0.6430282080379155,0.050384114306724626,0.0,0.0,[472]
494,32,0.6433984289991055,0.05611752861946406,0.0,0.0,[472]
504,33,0.6513007382026851,0.05831339945839631,0.0,0.0,[493 494]
508,34,0.6547792629544306,0.056892320255977125,0.0,0.0,[504]
516,35,0.666723674900598,0.055464317497734505,0.0,0.0,[508]
526,35,0.681732151239549,0.0726825698197785,0.0,0.0,[508]
528,36,0.686386208734592,0.07003048157223235,0.0,0.0,[516 526]
533,36,0.6969934912904255,0.08283466115929972,0.0,0.0,[516 526]
546,36,0.7083441112983577,0.036539032189266796,0.0,0.0,[516]
548,36,0.7106064936039693,0.031643055099155215,0.0,0.0,[516]
555,36,0.7175069651296643,0.004745142184701456,0.0,0.0,[516]
532,37,0.6922150558671483,0.07432754064108393,0.0,0.0,[528]
558,37,0.7250990855138217,0.10842601980220556,0.0,0.0,[528 533]
563,37,0.7368104033439503,0.00842796644632593,0.0,0.0,[546 548 555]
562,38,0.7318185573583474,0.10528438390228123,0.0,0.0,[532 558]
572,38,0.7632440453667998,0.0518058954075018,0.0,0.0,[532]
574,38,0.7652357021733996,0.022869994810077676,0.0,0.0,[532 563]
576,39,0.7670770548728458,0.05527063542194377,0.0,0.0,[572]
580,39,0.7749945030973225,0.015843414587159987,0.0,0.0,[574]
587,39,0.7790641569700284,0.11521861644716158,0.0,0.0,[562]
584,40,0.7763263314510751,0.015957251274359763,0.0,0.0,[580]
588,40,0.7842148645605518,0.06269362914092058,0.0,0.0,[576]
590,40,0.7882231123794552,0.10695277203277376,0.0,0.0,[587]
589,41,0.7862021102822442,0.02403476235845159,0.0,0.0,[584]
595,41,0.7963236133049935,0.10125716581164068,0.0,0.0,[590]
596,41,0.8001165036578932,0.06878614219447854,0.0,0.0,[588]
600,42,0.8052841723484584,0.10147329524792115,0.0,0.0,[595]
603,42,0.8291646132290873,0.0517886145354175,0.0,0.0,[589 596]
605,43,0.8339182996249719,0.09610490737282107,0.0,0.0,[600]
611,43,0.8391074524913898,0.045838222795164474,0.0,0.0,[603]
616,44,0.8580070885962524,0.0384631653345362,0.0,0.0,[611]
618,44,0.8612186650484146,0.07216226854752261,0.0,0.0,[605]
620,44,0.8635390742991503,0.0639223758110059,0.0,0.0,[611]
625,45,0.8734341630089706,0.06403358555453298,0.0,0.0,[618 620]
627,45,0.8753326541221172,0.023176911764839714,0.0,0.0,[616]
629,46,0.8808602468447758,0.028128879247350413,0.0,0.0,[627]
631,46,0.8878989741550225,0.060769841446315254,0.0,0.0,[625]
632,47,0.8887450461898627,0.06120754401192652,0.0,0.0,[631]
636,47,0.900111925591513,0.03223806566016019,0.0,0.0,[629]
641,47,0.9228569549087207,0.008126797765012905,0.0,0.0,[629]
638,48,0.902590440211068,0.051333973929485244,0.0,0.0,[632]
643,48,0.9324887091777814,0.013026961737444998,0.0,0.0,[636 641]
642,49,0.9230216554114258,0.056792569648810964,0.0,0.0,[638]
644,49,0.9364681325722503,0.01615247777220674,0.0,0.0,[643]
647,49,0.9415290695358701,0.023553999594290498,0.0,0.0,[638]
648,50,0.9439515095341553,0.039853413314517416,0.0,0.0,[642]
650,50,0.9545756506098362,0.008433499901866481,0.0,0.0,[644]
651,50,0.9602761391579153,0.019442344908413678,0.0,0.0,[644 647]
653,51,0.9706863768004572,0.018672371437679525,0.0,0.0,[648 650 651]
654,51,0.9742278136860805,0.0026780123136691536,3.141592653589793,0.0,[650]
655,52,1.0,0.0,3.141592653589793,0.0,[653 654]
0,0,0.0,0.0,3.141592653589793,0.0,[]
1,1,0.01690306391916141,0.015662685188687298,3.141592653589793,0.0,[0]
2,1,0.028544610148729666,0.0012515068051385247,3.141592653589793,0.0,[0]
3,1,0.039699459338021326,0.039167589292442906,0.0,0.0,[0]
5,2,0.04832026727895389,0.045838222795164474,0.0,0.0,[3]
6,2,0.05097810425966598,0.005177158549781957,0.0,0.0,[1 2]
7,2,0.0537389950317122,0.034834705951744094,0.0,0.0,[3]
8,3,0.06295792850957749,0.005780787804467669,3.141592653589793,0.0,[6]
10,3,0.08797824455664194,0.06657797519606756,0.0,0.0,[5 7]
11,4,0.09429568187413695,0.004745142184701456,0.0,0.0,[8]
12,4,0.09537066623759816,0.014652459254639427,0.0,0.0,[8]
16,4,0.11094829521652794,0.06273791627173686,0.0,0.0,[10]
19,5,0.11254595054038619,0.01552279638754428,0.0,0.0,[11 12]
24,5,0.12669972113854777,0.07027291883305731,0.0,0.0,[16]
28,6,0.13730602978686945,0.07706083284538179,0.0,0.0,[24]
30,6,0.14259280295982502,0.03570525443611616,0.0,0.0,[19]
31,7,0.1441357724636092,0.0759213117380203,0.0,0.0,[28]
32,7,0.15300657940980278,0.026825990234794816,0.0,0.0,[30]
44,8,0.1787413711973791,0.015474780133352128,0.0,0.0,[32]
47,8,0.18794412964547036,0.0518058954075018,0.0,0.0,[31 32]
48,8,0.19002008456698039,0.055464317497734505,0.0,0.0,[31 32]
49,9,0.19282345143289603,0.05097025624222562,0.0,0.0,[47]
50,9,0.19302423320492423,0.05750354556895376,0.0,0.0,[48]
56,9,0.19909448054152856,0.01615247777220674,0.0,0.0,[44]
59,9,0.2039247632906398,0.024068696173842996,0.0,0.0,[44]
60,9,0.20488690502383222,0.0021419087262524172,0.0,0.0,[44]
75,10,0.23119513451448448,0.02594055730065692,0.0,0.0,[49 50 56 59 60]
76,11,0.2333436972179086,0.02693888209887252,0.0,0.0,[75]
89,12,0.25584930571903064,0.03492669823193051,0.0,0.0,[76]
92,13,0.2689993697240448,0.02403476235845159,0.0,0.0,[89]
105,14,0.29235375228360627,0.019442344908413678,0.0,0.0,[92]
121,15,0.30739107538454913,0.011552906843523392,0.0,0.0,[105]
144,16,0.32702085062818453,0.00635285049708556,0.0,0.0,[121]
154,17,0.3452383038294381,0.006709304431007368,3.141592653589793,0.0,[144]
178,18,0.3698524277372629,0.015709532937553172,3.141592653589793,0.0,[154]
190,19,0.3881956459521497,0.0026780123136691536,3.141592653589793,0.0,[178]
212,20,0.40526599337509284,0.0070267490181537,3.141592653589793,0.0,[190]
235,21,0.42624738512530136,0.0016160064362282789,0.0,0.0,[212]
273,22,0.46582348208727153,0.023553999594290498,0.0,0.0,[235]
284,23,0.4729334445722112,0.018672371437679525,0.0,0.0,[273]
314,24,0.4915678409998171,0.02366411695125903,0.0,0.0,[284]
316,25,0.492636590928474,0.02442138651844039,0.0,0.0,[314]
349,26,0.5160302787868192,0.039853413314517416,0.0,0.0,[316]
365,27,0.5319924056753944,0.04627799295654833,0.0,0.0,[349]
393,28,0.5562909827481388,0.05831339945839631,0.0,0.0,[365]
416,29,0.5726638458044814,0.051945631540176174,0.0,0.0,[393]
442,30,0.5952549684291059,0.06269362914092058,0.0,0.0,[416]
489,31,0.6321197329141046,0.07216226854752261,0.0,0.0,[442]
509,32,0.6510766904319123,0.07347686358143657,0.0,0.0,[489]
536,33,0.6870686624808864,0.06612616061050058,0.0,0.0,[509]
537,33,0.687078854625907,0.08552808990001393,0.0,0.0,[509]
539,33,0.6901098293147563,0.07369480634427594,0.0,0.0,[509]
554,34,0.7105561744151608,0.0726825698197785,0.0,0.0,[536 537 539]
565,35,0.7288203396991066,0.08747388004804846,0.0,0.0,[554]
568,35,0.7299079183473032,0.06028705246571675,0.0,0.0,[554]
576,36,0.754294136182119,0.08305545166695938,0.0,0.0,[565 568]
586,37,0.7686369430611363,0.07979143927164911,0.0,0.0,[576]
596,38,0.7913228687521271,0.07525038129615735,0.0,0.0,[586]
600,39,0.801141605291957,0.0768340881487628,0.0,0.0,[596]
606,40,0.8124858223146754,0.06819194435621789,0.0,0.0,[600]
608,41,0.8163354644816172,0.06969449323177956,0.0,0.0,[606]
612,42,0.822441132599004,0.07417492476487164,0.0,0.0,[608]
617,42,0.8328319395098779,0.06120754401192652,0.0,0.0,[608]
621,43,0.8401068236190036,0.0639223758110059,0.0,0.0,[612 617]
622,43,0.8420779403577433,0.0666534322854988,0.0,0.0,[612 617]
628,44,0.8503027161022119,0.06286609133332566,0.0,0.0,[621 622]
634,45,0.8652630166268368,0.05048700792537397,0.0,0.0,[628]
637,46,0.8708950618880646,0.04879638192867053,0.0,0.0,[634]
640,47,0.8945057283071769,0.05640148148456525,0.0,0.0,[637]
642,48,0.9040620952098792,0.058551781950706094,0.0,0.0,[640]
643,48,0.9075192827969936,0.044474069530900606,0.0,0.0,[640]
649,49,0.9353034597106713,0.0384631653345362,0.0,0.0,[642 643]
655,50,1.0,0.0,3.141592653589793,0.0,[649]
0,0,0.0,0.0,3.141592653589793,0.0,[]
1,1,0.028405484994778685,0.01615247777220674,0.0,0.0,[0]
2,2,0.05860681282307223,0.0070267490181537,3.141592653589793,0.0,[1]
4,2,0.06587581309044355,0.012524514107497775,0.0,0.0,[1]
7,2,0.08128903117506114,0.056792569648810964,0.0,0.0,[1]
8,2,0.08761369626208326,0.03539884161709461,0.0,0.0,[1]
9,3,0.0943540278901075,0.05097025624222562,0.0,0.0,[7]
10,3,0.09720960934858114,0.03276873694257654,0.0,0.0,[4 8]
18,3,0.11175176603852244,0.06878614219447854,0.0,0.0,[7]
20,3,0.11963978808991071,0.00635285049708556,0.0,0.0,[2 4 8]
21,4,0.1227111038872013,0.005177158549781957,0.0,0.0,[20]
30,4,0.131664742054181,0.02455905522348434,0.0,0.0,[ 9 10]
32,4,0.13987448352088394,0.036539032189266796,0.0,0.0,[ 9 10]
34,4,0.14069269769008053,0.0639223758110059,0.0,0.0,[ 9 10 18]
29,5,0.13009482202375877,0.011480295778014682,0.0,0.0,[21]
38,5,0.1586820439750225,0.043841361358298525,0.0,0.0,[30 32]
43,5,0.16318818626530696,0.06269362914092058,0.0,0.0,[34]
42,6,0.162859885844015,0.04432257847948884,0.0,0.0,[38]
46,6,0.16769484431160575,0.020128735538506026,0.0,0.0,[29]
48,6,0.17391466261435162,0.05640148148456525,0.0,0.0,[38 43]
50,7,0.18057981983694837,0.019442344908413678,0.0,0.0,[46]
57,7,0.18599105348401568,0.06286609133332566,0.0,0.0,[42 48]
62,7,0.1889167170443964,0.058551781950706094,0.0,0.0,[42 48]
59,8,0.1865456881893066,0.018672371437679525,0.0,0.0,[50]
66,8,0.2002090764615072,0.055464317497734505,0.0,0.0,[57 62]
72,9,0.21882058583168806,0.039167589292442906,0.0,0.0,[59 66]
92,10,0.2563138156724635,0.060769841446315254,0.0,0.0,[72]
103,11,0.2669292014202669,0.07003048157223235,0.0,0.0,[92]
110,11,0.2743491345834409,0.06028705246571675,0.0,0.0,[92]
118,12,0.2920394127452173,0.06610515759841884,0.0,0.0,[103 110]
124,13,0.30412451416345965,0.0767995605333216,0.0,0.0,[118]
129,14,0.31010843043008374,0.07525038129615735,0.0,0.0,[124]
140,15,0.3213439418792283,0.0726825698197785,0.0,0.0,[129]
162,16,0.34607932291735233,0.0664809230405039,0.0,0.0,[140]
164,16,0.3466740596975121,0.07432874397192102,0.0,0.0,[140]
175,17,0.3602248517252282,0.07216226854752261,0.0,0.0,[162 164]
189,18,0.3750498765761747,0.08552808990001393,0.0,0.0,[175]
208,19,0.39880968064339906,0.10815384979129172,0.0,0.0,[189]
215,20,0.40355113251351205,0.10789403475269821,0.0,0.0,[208]
217,21,0.406886590876528,0.10550194732105511,0.0,0.0,[215]
251,22,0.4445396839890481,0.11667550400214577,0.0,0.0,[217]
287,23,0.4699046509995426,0.11488554935067696,0.0,0.0,[251]
314,24,0.4926736154156238,0.10828551868083625,0.0,0.0,[287]
320,24,0.4969449051537773,0.10302461216574554,0.0,0.0,[287]
354,25,0.5170856016976396,0.10262677626352645,0.0,0.0,[314 320]
367,26,0.5231857907139618,0.10085382011656507,0.0,0.0,[354]
377,27,0.5322148564515249,0.10528438390228123,0.0,0.0,[367]
378,27,0.532495878359897,0.10902858855813036,0.0,0.0,[367]
409,28,0.5578080881226317,0.10216068678878731,0.0,0.0,[377 378]
413,28,0.56302546091176,0.12721908622296096,0.0,0.0,[377 378]
425,28,0.5709270949203916,0.07432754064108393,0.0,0.0,[377 378]
430,29,0.5750258561636216,0.10252248449268564,0.0,0.0,[409]
440,29,0.5845664171209105,0.08305545166695938,0.0,0.0,[409 425]
441,29,0.5845782808726413,0.08747388004804846,0.0,0.0,[409 425]
442,29,0.5850952639814223,0.06298362805958546,0.0,0.0,[425]
444,29,0.5854584158502562,0.11460478410554986,0.0,0.0,[409 413]
470,30,0.6265375433797967,0.09881501723587038,0.0,0.0,[430 440 441 442 444]
486,31,0.6414060868303445,0.10994406162010917,0.0,0.0,[470]
504,32,0.6583533273169939,0.09810033107284077,0.0,0.0,[486]
506,32,0.6592401519982938,0.09909157007503311,0.0,0.0,[486]
521,33,0.6807279683842637,0.0781554669662724,0.0,0.0,[504 506]
528,33,0.6896092224682091,0.09089519922484146,0.0,0.0,[504 506]
549,34,0.7254813382597504,0.06403358555453298,0.0,0.0,[521 528]
554,34,0.7305963891698245,0.051945631540176174,0.0,0.0,[521 528]
555,34,0.7324859201688191,0.07706083284538179,0.0,0.0,[521 528]
558,35,0.7399373926395125,0.07272254660358535,0.0,0.0,[549 555]
561,35,0.7457882188178843,0.0666534322854988,0.0,0.0,[549 554 555]
574,36,0.7638860868872576,0.05945802980476844,0.0,0.0,[558 561]
580,37,0.7750136561435048,0.05750354556895376,0.0,0.0,[574]
585,38,0.7815205196349286,0.05527063542194377,0.0,0.0,[580]
593,39,0.7971972314420663,0.0420583361100918,0.0,0.0,[585]
601,40,0.814271935184512,0.0384631653345362,0.0,0.0,[593]
603,40,0.8157030823345234,0.05585787234809825,0.0,0.0,[593]
607,41,0.8222643313869558,0.056892320255977125,0.0,0.0,[603]
615,41,0.8398709960435896,0.015843414587159987,0.0,0.0,[601]
621,42,0.8502883198167507,0.07546890481444524,0.0,0.0,[607]
625,42,0.8571031116191293,0.06657797519606756,0.0,0.0,[607]
628,42,0.8693278725973812,0.026825990234794816,0.0,0.0,[607 615]
635,43,0.900156247119996,0.036798414184384454,0.0,0.0,[621 625 628]
637,43,0.9049071309233093,0.022869994810077676,0.0,0.0,[621 625 628]
638,43,0.9057519556636979,0.015474780133352128,0.0,0.0,[628]
642,44,0.9181584000155993,0.003099711261434046,0.0,0.0,[638]
646,44,0.9270977486977753,0.03617686394341868,0.0,0.0,[635 637 638]
649,45,0.9360678198729028,0.008126797765012905,0.0,0.0,[642]
651,45,0.9451921166792455,0.031780448663832006,0.0,0.0,[646]
653,46,0.9591030114995128,0.024068696173842996,0.0,0.0,[649 651]
654,47,0.9617969885523576,0.02594055730065692,0.0,0.0,[653]
655,48,1.0,0.0,3.141592653589793,0.0,[654]
0,0,0.0,0.0,3.141592653589793,0.0,[]
1,1,0.027503412161593133,0.024068696173842996,0.0,0.0,[0]
2,2,0.04938587809592787,0.031643055099155215,0.0,0.0,[1]
3,2,0.062139573717922114,0.0070267490181537,3.141592653589793,0.0,[1]
5,2,0.07380561876821434,0.005312440651791928,0.0,0.0,[1]
10,2,0.09655625814316349,0.0920584480267832,0.0,0.0,[1]
7,3,0.08804342089626127,0.02455905522348434,0.0,0.0,[2]
8,3,0.09050321002756068,0.032990079094993185,0.0,0.0,[2]
9,3,0.09440073966896467,0.0021419087262524172,0.0,0.0,[2 3 5]
14,3,0.1117052196562085,0.056892320255977125,0.0,0.0,[2]
15,3,0.1121113259946076,0.10252248449268564,0.0,0.0,[10]
16,3,0.11436495746315267,0.10928761815784704,0.0,0.0,[10]
17,4,0.12423362847501407,0.11070966968073304,0.0,0.0,[15 16]
19,4,0.13271193051315555,0.05585787234809825,0.0,0.0,[ 7  8 14]
24,4,0.14137589889881397,0.015474780133352128,0.0,0.0,[7 8 9]
18,5,0.13099580559728874,0.11460478410554986,0.0,0.0,[17]
22,5,0.13997690140275432,0.06269362914092058,0.0,0.0,[19]
26,5,0.14473818235114388,0.015680051473228596,0.0,0.0,[24]
29,6,0.14692821639169207,0.06819194435621789,0.0,0.0,[22]
31,6,0.14864362278784582,0.012361255083240708,0.0,0.0,[26]
32,6,0.15064725141583024,0.10272809876847377,0.0,0.0,[18]
37,7,0.15917841462697713,0.09760049040169405,0.0,0.0,[32]
38,7,0.1605877445402243,0.023553999594290498,0.0,0.0,[31]
44,7,0.1705566940424159,0.0767995605333216,0.0,0.0,[29]
43,8,0.16881719526967343,0.019442344908413678,0.0,0.0,[38]
55,8,0.2022351379787849,0.07027291883305731,0.0,0.0,[37 44]
46,9,0.18244988268485451,0.02693888209887252,0.0,0.0,[43]
60,9,0.2151568204133658,0.0666534322854988,0.0,0.0,[55]
62,10,0.22151445967185102,0.0518058954075018,0.0,0.0,[46]
66,10,0.2228219601891771,0.018672371437679525,0.0,0.0,[46]
81,10,0.24686128433399257,0.09610490737282107,0.0,0.0,[60]
67,11,0.22305080828117152,0.050384114306724626,0.0,0.0,[62]
69,11,0.2270185696809327,0.016436623352207413,0.0,0.0,[66]
92,11,0.2598411925654063,0.09909157007503311,0.0,0.0,[81]
83,12,0.24742781164240268,0.01707134634203733,0.0,0.0,[69]
94,12,0.2657312394818344,0.10147329524792115,0.0,0.0,[92]
95,12,0.2658927710051471,0.05527063542194377,0.0,0.0,[67 69]
105,13,0.2915252401071172,0.10828551868083625,0.0,0.0,[94]
106,13,0.29530133302071504,0.011552906843523392,0.0,0.0,[83]
109,13,0.30107907122084954,0.09239596787044857,0.0,0.0,[94]
115,13,0.30385233703786385,0.044474069530900606,0.0,0.0,[83 95]
113,14,0.30224198259045054,0.00842796644632593,0.0,0.0,[106]
119,14,0.3070169721384728,0.11438580669845,0.0,0.0,[105]
120,14,0.30766063878612404,0.045314831964499036,0.0,0.0,[115]
126,14,0.3143653144894317,0.08411723167055041,0.0,0.0,[109]
129,14,0.316653071970069,0.10085382011656507,0.0,0.0,[105 109]
122,15,0.30820801430709943,0.011480295778014682,0.0,0.0,[113]
124,15,0.3116666286730234,0.0004696840881398545,3.141592653589793,0.0,[113]
149,15,0.34726968986515394,0.055464317497734505,0.0,0.0,[120 126]
151,15,0.35008645208128364,0.07139049931408448,0.0,0.0,[119 120 126 129]
140,16,0.3347845001371962,0.02251101726771798,3.141592653589793,0.0,[124]
147,16,0.34341533429536664,0.039853413314517416,0.0,0.0,[122]
153,16,0.35277405045592425,0.028121871624494865,0.0,0.0,[122 124]
156,16,0.3543689736069753,0.0026780123136691536,3.141592653589793,0.0,[122 124]
165,16,0.3662021802314459,0.06273791627173686,0.0,0.0,[122 149 151]
158,17,0.3559190310710295,0.027603667878322136,3.141592653589793,0.0,[140]
169,17,0.37282541570781613,0.06612616061050058,0.0,0.0,[147 165]
172,17,0.3748856413922813,0.04166351398157497,0.0,0.0,[147 153]
175,17,0.37713412489786624,0.0016160064362282789,0.0,0.0,[140 156]
193,18,0.3973660001615491,0.04432257847948884,0.0,0.0,[169 172]
194,18,0.3973700629299868,0.07432754064108393,0.0,0.0,[169]
199,18,0.40328140541079305,0.016226669959598206,0.0,0.0,[158 172 175]
207,19,0.41151894597172023,0.012524514107497775,0.0,0.0,[199]
223,19,0.4255803665960368,0.058551781950706094,0.0,0.0,[193 194]
238,20,0.4348196142533488,0.02366411695125903,0.0,0.0,[207]
240,20,0.43544561573082785,0.052134469534101946,0.0,0.0,[223]
252,21,0.4484988481585085,0.026825990234794816,0.0,0.0,[238]
274,21,0.46177397488034255,0.07546890481444524,0.0,0.0,[240]
283,21,0.47040470893472797,0.04911791794803244,0.0,0.0,[238 240]
281,22,0.46780109564302663,0.07979143927164911,0.0,0.0,[274]
308,22,0.491673214631675,0.03539884161709461,0.0,0.0,[252 283]
315,23,0.49548628035600484,0.03890536696565294,0.0,0.0,[308]
322,23,0.5012908262603941,0.08222898342006202,0.0,0.0,[281]
323,23,0.5018167650952595,0.06657952884368246,0.0,0.0,[281]
319,24,0.4971529180812454,0.0384631653345362,0.0,0.0,[315]
336,24,0.5124321744020303,0.08305545166695938,0.0,0.0,[322]
348,24,0.5192629679937388,0.06286609133332566,0.0,0.0,[323]
369,25,0.5342242512036764,0.043841361358298525,0.0,0.0,[319]
371,25,0.534918981022858,0.06657797519606756,0.0,0.0,[319 336 348]
377,25,0.5401269836989386,0.05450552017333765,0.0,0.0,[319 348]
401,26,0.5626070877391113,0.06205313936603085,0.0,0.0,[369 371 377]
424,27,0.5842587977575107,0.0768340881487628,0.0,0.0,[401]
427,27,0.5861772129131317,0.07003048157223235,0.0,0.0,[401]
428,27,0.5867980987634037,0.05097025624222562,0.0,0.0,[401]
438,28,0.5911396876566424,0.0759213117380203,0.0,0.0,[424]
442,28,0.5973678490687708,0.06298362805958546,0.0,0.0,[427]
459,28,0.6093032287507331,0.05048700792537397,0.0,0.0,[427 428]
452,29,0.6037437360608823,0.08381343701672328,0.0,0.0,[438]
465,29,0.6163315024460907,0.045838222795164474,0.0,0.0,[442 459]
466,29,0.6163984713688674,0.04879638192867053,0.0,0.0,[442 459]
481,30,0.6306179039886458,0.034834705951744094,0.0,0.0,[465 466]
497,30,0.6411805633840414,0.0517886145354175,0.0,0.0,[452 465 466]
521,31,0.6651856483417229,0.06120754401192652,0.0,0.0,[481 497]
526,32,0.6734597145156638,0.0664809230405039,0.0,0.0,[521]
540,33,0.6876341490077958,0.05640148148456525,0.0,0.0,[526]
548,34,0.7024011302324641,0.046920980659195366,0.0,0.0,[540]
562,35,0.7302134226229539,0.07432874397192102,0.0,0.0,[548]
569,35,0.7412772906370965,0.021842443933369426,0.0,0.0,[548]
582,36,0.7643790226851223,0.03276873694257654,0.0,0.0,[569]
585,36,0.7679769783531951,0.015843414587159987,0.0,0.0,[569]
595,36,0.7796720145634249,0.051945631540176174,0.0,0.0,[562 569]
587,37,0.7688062137504498,0.015957251274359763,0.0,0.0,[585]
602,37,0.7863057747995292,0.04627799295654833,0.0,0.0,[582 595]
593,38,0.7751059106977143,0.010529185656376616,0.0,0.0,[587]
608,38,0.8026143404927718,0.058489830015290956,0.0,0.0,[602]
599,39,0.7819580663904695,0.004745142184701456,0.0,0.0,[593]
612,39,0.8067602786510658,0.059206783728140366,0.0,0.0,[608]
610,40,0.8034586773750402,0.00635285049708556,0.0,0.0,[599]
616,40,0.8165892320421066,0.03617686394341868,0.0,0.0,[599]
619,40,0.8250128693247871,0.060769841446315254,0.0,0.0,[612]
623,41,0.8389134507345989,0.06969449323177956,0.0,0.0,[619]
624,41,0.8418796649041297,0.022869994810077676,0.0,0.0,[610 616]
626,42,0.8429440416329559,0.07347686358143657,0.0,0.0,[623]
631,42,0.8561296894361164,0.03223806566016019,0.0,0.0,[624]
641,43,0.8827361371486433,0.056792569648810964,0.0,0.0,[626 631]
642,43,0.8860120911047311,0.02442138651844039,0.0,0.0,[631]
644,44,0.8992102952735003,0.0639223758110059,0.0,0.0,[641]
645,44,0.9021665157416222,0.021635063145795774,0.0,0.0,[642]
648,45,0.9077695489771364,0.057791510319228134,0.0,0.0,[644]
650,45,0.9409770561499432,0.020128735538506026,0.0,0.0,[645]
652,46,0.9575633589227555,0.03492669823193051,0.0,0.0,[648 650]
654,46,0.9638952071707043,0.001246501224594021,0.0,0.0,[650]
655,47,1.0,0.0,3.141592653589793,0.0,[652 654]
0,0,0.0,0.0,3.141592653589793,0.0,[]
1,1,0.0103155538024845,0.006543608288246738,3.141592653589793,0.0,[0]
2,1,0.015107939976286011,0.008126797765012905,0.0,0.0,[0]
5,2,0.04819988753578974,0.015945597497379338,0.0,0.0,[1 2]
6,3,0.07691703939805317,0.04166351398157497,0.0,0.0,[5]
19,4,0.11135838034456003,0.05048700792537397,0.0,0.0,[6]
23,5,0.12597699977626609,0.0518058954075018,0.0,0.0,[19]
28,6,0.13160815195160636,0.056892320255977125,0.0,0.0,[23]
34,7,0.1484089149266632,0.045314831964499036,0.0,0.0,[28]
49,8,0.16468589946085432,0.031134238156578564,0.0,0.0,[34]
52,8,0.16980409075885694,0.02594055730065692,0.0,0.0,[34]
53,9,0.1725788047885718,0.026825990234794816,0.0,0.0,[49 52]
60,10,0.18683165173655258,0.021842443933369426,0.0,0.0,[53]
62,11,0.1886779374977684,0.021635063145795774,0.0,0.0,[60]
73,12,0.21488842306958833,2.4907222373027338e-05,0.0,0.0,[62]
87,13,0.2274667478231751,0.008940780713746044,3.141592653589793,0.0,[73]
113,14,0.2812623737550922,0.031643055099155215,0.0,0.0,[87]
129,15,0.29815008411717114,0.03492669823193051,0.0,0.0,[113]
154,16,0.32504354518228473,0.05945802980476844,0.0,0.0,[129]
162,17,0.33403541068421905,0.060769841446315254,0.0,0.0,[154]
170,18,0.3462411206269189,0.06657797519606756,0.0,0.0,[162]
191,19,0.366310383226227,0.07525038129615735,0.0,0.0,[170]
203,19,0.3756893349278294,0.06269362914092058,0.0,0.0,[170]
214,20,0.3864429148898163,0.059206783728140366,0.0,0.0,[191 203]
222,21,0.3966885761211252,0.0517886145354175,0.0,0.0,[214]
250,22,0.4227046850553354,0.07272254660358535,0.0,0.0,[222]
256,23,0.42879994180479253,0.07027291883305731,0.0,0.0,[250]
277,24,0.4478439363999597,0.06610515759841884,0.0,0.0,[256]
278,24,0.44881895629498136,0.06205313936603085,0.0,0.0,[256]
284,25,0.4568434340114357,0.05750354556895376,0.0,0.0,[277 278]
316,26,0.49120536072446774,0.06819194435621789,0.0,0.0,[284]
349,27,0.5222697385206948,0.0920584480267832,0.0,0.0,[316]
351,28,0.5251375457392886,0.08950413090172549,0.0,0.0,[349]
367,29,0.5347611451337329,0.08222898342006202,0.0,0.0,[351]
413,30,0.57492164543251,0.05527063542194377,0.0,0.0,[367]
456,31,0.6236902680659814,0.015474780133352128,0.0,0.0,[413]
463,32,0.6303647904594634,0.01707134634203733,0.0,0.0,[456]
472,33,0.6376730556943648,0.023553999594290498,0.0,0.0,[463]
483,34,0.6533008705129365,0.039167589292442906,0.0,0.0,[472]
510,35,0.6770564960370532,0.036539032189266796,0.0,0.0,[483]
511,35,0.6778308394035264,0.04627799295654833,0.0,0.0,[483]
529,36,0.6961408991511985,0.039853413314517416,0.0,0.0,[510 511]
540,37,0.7101660204735495,0.028128879247350413,0.0,0.0,[529]
548,38,0.7178298062842215,0.03539884161709461,0.0,0.0,[540]
555,39,0.7305740878758596,0.02455905522348434,0.0,0.0,[548]
562,40,0.7450542812192427,0.034834705951744094,0.0,0.0,[555]
564,40,0.7453585563453535,0.032990079094993185,0.0,0.0,[555]
581,41,0.7769959721678606,0.0666534322854988,0.0,0.0,[562]
585,41,0.7820852686194789,0.056792569648810964,0.0,0.0,[562 564]
591,42,0.7911996270916642,0.0639223758110059,0.0,0.0,[581 585]
593,43,0.7943829876897254,0.06612616061050058,0.0,0.0,[591]
600,44,0.8084830245897552,0.07546890481444524,0.0,0.0,[593]
616,45,0.8400325805523238,0.045838222795164474,0.0,0.0,[600]
621,46,0.8593959732419629,0.0384631653345362,0.0,0.0,[616]
624,47,0.8655944989237994,0.0420583361100918,0.0,0.0,[621]
632,48,0.8816111074649325,0.02693888209887252,0.0,0.0,[624]
634,49,0.8982570895798793,0.015957251274359763,0.0,0.0,[632]
635,49,0.8984993206425824,0.03890536696565294,0.0,0.0,[632]
640,50,0.917461066481681,0.02403476235845159,0.0,0.0,[634 635]
646,51,0.939805550002175,0.015680051473228596,0.0,0.0,[640]
647,52,0.9433297003147014,0.018672371437679525,0.0,0.0,[646]
651,53,0.9550408640657553,0.012361255083240708,0.0,0.0,[647]
653,53,0.961411237094796,0.004745142184701456,0.0,0.0,[647]
654,53,0.9664518829513212,0.02442138651844039,0.0,0.0,[647]
655,54,1.0,0.0,3.141592653589793,0.0,[651 653 654]
0,0,0.0,0.0,3.141592653589793,0.0,[]
1,1,0.03114200152335478,2.4907222373027338e-05,0.0,0.0,[0]
2,1,0.03273436477110314,0.024347755958718964,3.141592653589793,0.0,[0]
3,2,0.046789251915661745,0.006709304431007368,3.141592653589793,0.0,[1]
5,2,0.0513134770250373,0.0016160064362282789,0.0,0.0,[1]
6,2,0.06443466959497901,0.05024859548208971,3.141592653589793,0.0,[2]
7,2,0.06671196891054698,0.032248971208571064,3.141592653589793,0.0,[1 2]
12,3,0.0995642791801854,0.015662685188687298,3.141592653589793,0.0,[3 5 6 7]
18,4,0.11730947360538913,0.027855960798163548,3.141592653589793,0.0,[12]
21,5,0.1290202978222892,0.02465091674095299,3.141592653589793,0.0,[18]
28,6,0.15724722199424623,0.0182370776784343,3.141592653589793,0.0,[21]
38,7,0.1788186440929458,0.011689153750178871,3.141592653589793,0.0,[28]
47,8,0.19508880559221886,0.025637365132767043,3.141592653589793,0.0,[38]
48,8,0.19522703942993236,0.006543608288246738,3.141592653589793,0.0,[38]
55,9,0.2102823461417087,0.017533422159413226,3.141592653589793,0.0,[47 48]
77,10,0.24172733748010888,0.008433499901866481,0.0,0.0,[55]
88,11,0.2519293865830746,0.016436623352207413,0.0,0.0,[77]
99,12,0.27538787806179366,0.0384631653345362,0.0,0.0,[88]
106,13,0.286743714726828,0.03492669823193051,0.0,0.0,[99]
111,14,0.29061867454186074,0.031134238156578564,0.0,0.0,[106]
147,15,0.33599733649565733,0.07216226854752261,0.0,0.0,[111]
150,16,0.3421710898233663,0.06969449323177956,0.0,0.0,[147]
168,17,0.36270208078826793,0.07347686358143657,0.0,0.0,[150]
172,18,0.36719548923163425,0.07706083284538179,0.0,0.0,[168]
200,19,0.39378008109260876,0.05611752861946406,0.0,0.0,[172]
203,20,0.3942328235679108,0.05585787234809825,0.0,0.0,[200]
218,21,0.41078469042797305,0.059206783728140366,0.0,0.0,[203]
224,21,0.4121025441868128,0.0726825698197785,0.0,0.0,[203]
251,22,0.43316242285709894,0.0768340881487628,0.0,0.0,[218 224]
263,23,0.442839751088012,0.06999971323552134,0.0,0.0,[251]
287,24,0.46440756654610127,0.06657797519606756,0.0,0.0,[263]
291,24,0.4685621017317527,0.07432874397192102,0.0,0.0,[263]
339,25,0.5009368495253206,0.09707955915704836,0.0,0.0,[287 291]
343,26,0.5055735462623001,0.10085382011656507,0.0,0.0,[339]
358,27,0.5184285449369099,0.10928761815784704,0.0,0.0,[343]
366,27,0.5240929663791412,0.09239596787044857,0.0,0.0,[343]
391,28,0.5477105330116988,0.07272254660358535,0.0,0.0,[366]
394,28,0.549877347957284,0.08451032843183814,0.0,0.0,[358 366]
395,28,0.5523313410707738,0.0920584480267832,0.0,0.0,[358 366]
418,29,0.5830120703435623,0.090271627609676,0.0,0.0,[391 394 395]
432,29,0.5918164813580024,0.06028705246571675,0.0,0.0,[391 394 395]
434,29,0.5926459365878419,0.058489830015290956,0.0,0.0,[391 394 395]
458,30,0.6239183267371422,0.05450552017333765,0.0,0.0,[418 432 434]
462,31,0.6282135097664834,0.056892320255977125,0.0,0.0,[458]
484,32,0.6444504081546227,0.06610515759841884,0.0,0.0,[462]
491,33,0.6537998065313838,0.056792569648810964,0.0,0.0,[484]
501,34,0.6664927617215453,0.05945802980476844,0.0,0.0,[491]
502,34,0.6668385387290212,0.058551781950706094,0.0,0.0,[491]
506,34,0.6713308649077904,0.06612616061050058,0.0,0.0,[491]
513,35,0.6778635312869178,0.06403358555453298,0.0,0.0,[501 502 506]
514,35,0.6780877799159003,0.05640148148456525,0.0,0.0,[501 502]
535,36,0.6918053772436391,0.07003048157223235,0.0,0.0,[513 514]
536,36,0.6931074783075902,0.07432754064108393,0.0,0.0,[513]
553,37,0.7243865562273443,0.06273791627173686,0.0,0.0,[535 536]
556,38,0.7260403076683681,0.06286609133332566,0.0,0.0,[553]
567,39,0.7411932699065509,0.05831339945839631,0.0,0.0,[556]
582,40,0.7635728622198102,0.06120754401192652,0.0,0.0,[567]
600,41,0.8030923650487665,0.02442138651844039,0.0,0.0,[582]
602,42,0.809272065695147,0.019442344908413678,0.0,0.0,[600]
612,43,0.8291620354673316,0.016226669959598206,0.0,0.0,[602]
614,44,0.8331239432475447,0.018672371437679525,0.0,0.0,[612]
620,45,0.8556785644282068,0.010529185656376616,0.0,0.0,[614]
629,46,0.8730549638591577,0.005486242241479866,3.141592653589793,0.0,[620]
631,47,0.883095528155866,0.0012515068051385247,3.141592653589793,0.0,[629]
635,47,0.9022050908189336,0.029926815674903073,3.141592653589793,0.0,[629]
638,48,0.9084136163414543,0.0004696840881398545,3.141592653589793,0.0,[631]
641,48,0.920552854766705,0.04353545957594873,3.141592653589793,0.0,[635]
646,49,0.9436076350260043,0.021310157145343678,3.141592653589793,0.0,[638 641]
649,50,0.9596265175708145,0.005780787804467669,3.141592653589793,0.0,[646]
651,51,0.9626074111216922,0.007964581711297436,3.141592653589793,0.0,[649]
654,52,0.9824048024067961,0.008940780713746044,3.141592653589793,0.0,[651]
655,53,1.0,0.0,3.141592653589793,0.0,[654]
0,0,0.0,0.0,3.141592653589793,0.0,[]
1,1,0.027567319149322866,0.008940780713746044,3.141592653589793,0.0,[0]
4,2,0.03229155597475197,0.0070267490181537,3.141592653589793,0.0,[1]
6,3,0.054702647859768305,0.005486242241479866,3.141592653589793,0.0,[4]
7,3,0.0555625433905208,0.022925428307935092,3.141592653589793,0.0,[4]
10,3,0.06078366143074587,0.01738217342597581,3.141592653589793,0.0,[4]
18,4,0.09718377012586599,0.01615247777220674,0.0,0.0,[ 6  7 10]
25,5,0.11442120670870903,0.010529185656376616,0.0,0.0,[18]
32,6,0.13012911577518016,0.009228402411814551,0.0,0.0,[25]
35,6,0.1363301399917859,0.0004696840881398545,3.141592653589793,0.0,[25]
42,7,0.15185578103847208,0.0021419087262524172,0.0,0.0,[32 35]
44,8,0.15915383112356973,0.004745142184701456,0.0,0.0,[42]
45,8,0.1621987333677255,0.011552906843523392,0.0,0.0,[42]
52,9,0.18278309286666694,0.012524514107497775,0.0,0.0,[44 45]
54,10,0.1894974101901289,0.015474780133352128,0.0,0.0,[52]
57,11,0.199350530846773,0.014652459254639427,0.0,0.0,[54]
101,12,0.2687629146120878,0.006709304431007368,3.141592653589793,0.0,[57]
104,13,0.27026069350880944,0.007964581711297436,3.141592653589793,0.0,[101]
112,14,0.2818745095000462,0.0012515068051385247,3.141592653589793,0.0,[104]
120,14,0.288669803415078,0.0182370776784343,3.141592653589793,0.0,[104]
143,15,0.3239813476309762,0.037815021094573575,3.141592653589793,0.0,[112 120]
144,16,0.3245805288178957,0.0382839011790701,3.141592653589793,0.0,[143]
156,17,0.34206703998042287,0.04479341106187229,3.141592653589793,0.0,[144]
184,18,0.36877611697546153,0.06928719336363542,3.141592653589793,0.0,[156]
201,19,0.3864286346437449,0.05313301638770984,3.141592653589793,0.0,[184]
223,20,0.4069935772356381,0.058113264172964474,3.141592653589793,0.0,[201]
237,21,0.41391007548996794,0.057138825097256096,3.141592653589793,0.0,[223]
257,22,0.4278598974601443,0.048857123291184634,3.141592653589793,0.0,[237]
293,23,0.45605566468039116,0.027855960798163548,3.141592653589793,0.0,[257]
297,24,0.4581077765271203,0.026126740290646433,3.141592653589793,0.0,[293]
316,25,0.46697600317765664,0.027603667878322136,3.141592653589793,0.0,[297]
343,26,0.49010324174877384,0.03662452939708327,3.141592653589793,0.0,[316]
354,27,0.4993078490761227,0.03244973043492361,3.141592653589793,0.0,[343]
366,28,0.509481704130645,0.03814216526480296,3.141592653589793,0.0,[354]
386,29,0.5272990070614734,0.05171551561137988,3.141592653589793,0.0,[366]
406,30,0.5389838519784054,0.056051085978168436,3.141592653589793,0.0,[386]
423,31,0.5583649401776399,0.06037028792804555,3.141592653589793,0.0,[406]
454,32,0.5925282455966702,0.0939477204091379,3.141592653589793,0.0,[423]
461,33,0.6067217014450604,0.07999031289568348,3.141592653589793,0.0,[454]
476,34,0.6243005652457587,0.06343444669653664,3.141592653589793,0.0,[461]
518,35,0.6623393803785583,0.050631079072356755,3.141592653589793,0.0,[476]
522,36,0.6727757326164661,0.04644403430575117,3.141592653589793,0.0,[518]
545,37,0.7033729920378156,0.024347755958718964,3.141592653589793,0.0,[522]
567,38,0.7365869406262461,0.008433499901866481,0.0,0.0,[545]
585,39,0.7765106502476038,0.02594055730065692,0.0,0.0,[567]
587,40,0.7774729695260311,0.026825990234794816,0.0,0.0,[585]
609,41,0.8187159620513063,0.03890536696565294,0.0,0.0,[587]
612,41,0.8246383042743884,0.024068696173842996,0.0,0.0,[587]
613,41,0.8289292821210658,0.051333973929485244,0.0,0.0,[587]
615,41,0.8305577598679443,0.013026961737444998,0.0,0.0,[587]
617,42,0.8402951099883972,0.05097025624222562,0.0,0.0,[609 613]
622,42,0.8567473470678563,0.028121871624494865,0.0,0.0,[609 612 613 615]
625,43,0.8632028312123987,0.032990079094993185,0.0,0.0,[617 622]
632,44,0.8749891758596999,0.03223806566016019,0.0,0.0,[625]
634,45,0.8817099391166816,0.036539032189266796,0.0,0.0,[632]
640,46,0.9039566708286525,0.04911791794803244,0.0,0.0,[634]
641,46,0.9057662354473458,0.022869994810077676,0.0,0.0,[634]
643,47,0.9120744312556358,0.0420583361100918,0.0,0.0,[640]
646,47,0.9266500027871403,0.01552279638754428,0.0,0.0,[641]
647,47,0.9299206517253545,0.023553999594290498,0.0,0.0,[640 641]
652,48,0.9443129198590315,0.001965974153625094,3.141592653589793,0.0,[646]
653,48,0.9531732899239216,0.015945597497379338,0.0,0.0,[643 646 647]
654,49,0.9932371813294362,0.0038327070577315325,3.141592653589793,0.0,[652 653]
655,50,1.0,0.0,3.141592653589793,0.0,[654]
0,0,0.0,0.0,3.141592653589793,0.0,[]
1,1,0.018850906844585458,0.0021419087262524172,0.0,0.0,[0]
3,2,0.029133402481058668,0.003099711261434046,0.0,0.0,[1]
4,2,0.029580294577576383,0.005486242241479866,3.141592653589793,0.0,[1]
7,3,0.06415558575865532,0.026825990234794816,0.0,0.0,[3 4]
10,4,0.0742368775991954,0.03539884161709461,0.0,0.0,[7]
16,5,0.09124977196229189,0.04432257847948884,0.0,0.0,[10]
21,6,0.11912742030605172,0.06403358555453298,0.0,0.0,[16]
22,6,0.11967162496482475,0.036539032189266796,0.0,0.0,[16]
24,6,0.12456687970998692,0.015843414587159987,0.0,0.0,[16]
25,7,0.1291881410374378,0.06657952884368246,0.0,0.0,[21]
28,7,0.13361194461870152,0.05097025624222562,0.0,0.0,[21]
31,7,0.14240658662493344,0.039853413314517416,0.0,0.0,[22]
33,7,0.15155223227561965,0.021842443933369426,0.0,0.0,[22 24]
36,8,0.1547837127047128,0.023176911764839714,0.0,0.0,[33]
37,8,0.1584244131160426,0.01615247777220674,0.0,0.0,[33]
42,8,0.16309005082065497,0.06028705246571675,0.0,0.0,[25 28 31]
40,9,0.16297885205247575,0.01707134634203733,0.0,0.0,[36 37]
44,9,0.17248892256294135,0.057791510319228134,0.0,0.0,[42]
47,9,0.17853612730722934,0.04879638192867053,0.0,0.0,[42]
52,10,0.2018968912148743,0.03890536696565294,0.0,0.0,[40 44 47]
55,11,0.2119550632112005,0.045838222795164474,0.0,0.0,[52]
60,11,0.2193764324835744,0.02403476235845159,0.0,0.0,[52]
66,12,0.22827252054500058,0.022869994810077676,0.0,0.0,[60]
71,12,0.23071822016962984,0.0518058954075018,0.0,0.0,[55]
72,12,0.2313056215547863,0.06273791627173686,0.0,0.0,[55]
79,13,0.24246398917279754,0.03223806566016019,0.0,0.0,[66]
89,13,0.25418901208923494,0.07525038129615735,0.0,0.0,[71 72]
104,14,0.2733915430419015,0.05831339945839631,0.0,0.0,[79 89]
111,15,0.28462582340766607,0.05585787234809825,0.0,0.0,[104]
125,16,0.3061361096352232,0.06269362914092058,0.0,0.0,[111]
140,17,0.3218858760165567,0.06612616061050058,0.0,0.0,[125]
153,18,0.3400917236099439,0.05611752861946406,0.0,0.0,[140]
164,19,0.35623001670656107,0.06657797519606756,0.0,0.0,[153]
202,20,0.38355712290176636,0.044474069530900606,0.0,0.0,[164]
211,21,0.3926341991314466,0.04911791794803244,0.0,0.0,[202]
217,21,0.40042422775462394,0.028121871624494865,0.0,0.0,[202]
215,22,0.3981237664280519,0.052134469534101946,0.0,0.0,[211]
238,22,0.4188600769411679,0.019442344908413678,0.0,0.0,[217]
263,23,0.43582185431084575,0.015474780133352128,0.0,0.0,[215 238]
267,23,0.4369976114550981,0.06120754401192652,0.0,0.0,[215]
269,23,0.4381749795695341,0.055464317497734505,0.0,0.0,[215]
292,24,0.46875742038818646,0.045314831964499036,0.0,0.0,[263 267 269]
303,24,0.4765719344329683,0.06969449323177956,0.0,0.0,[267 269]
351,25,0.5093639117384507,0.08222898342006202,0.0,0.0,[292 303]
366,26,0.5215546188851045,0.09089519922484146,0.0,0.0,[351]
382,27,0.5369632605513631,0.0759213117380203,0.0,0.0,[366]
424,28,0.5849135463452882,0.09810033107284077,0.0,0.0,[382]
425,29,0.5856977868061755,0.09831457981467362,0.0,0.0,[424]
432,30,0.5968607105534416,0.10815384979129172,0.0,0.0,[425]
441,30,0.6042335669458718,0.09881501723587038,0.0,0.0,[425]
457,31,0.629963241059927,0.13361359370454318,0.0,0.0,[432]
481,31,0.6513656384366668,0.07027291883305731,0.0,0.0,[432 441]
466,32,0.6410181782232597,0.12721908622296096,0.0,0.0,[457]
493,32,0.6699971417121154,0.07369480634427594,0.0,0.0,[481]
494,33,0.6700583592264188,0.1461792573562094,0.0,0.0,[466]
498,33,0.6721184355001757,0.07432874397192102,0.0,0.0,[493]
518,33,0.6911731139524563,0.10216068678878731,0.0,0.0,[466]
533,34,0.7105735850816144,0.11818342645990321,0.0,0.0,[494 518]
542,34,0.7210257207066983,0.10695277203277376,0.0,0.0,[494 498 518]
548,35,0.7312662255946687,0.10826631877128567,0.0,0.0,[533 542]
554,36,0.7438153032315598,0.0957961085512109,0.0,0.0,[548]
568,37,0.7657306938560712,0.11496305470641144,0.0,0.0,[554]
570,37,0.7658016253857078,0.09068312427740177,0.0,0.0,[554]
581,38,0.7848504824302921,0.10321131030218333,0.0,0.0,[568 570]
585,39,0.791795119003854,0.10505408039300324,0.0,0.0,[581]
603,40,0.8179393747785177,0.10902858855813036,0.0,0.0,[585]
610,41,0.8361380319621721,0.10528438390228123,0.0,0.0,[603]
614,42,0.8424743349142303,0.10550194732105511,0.0,0.0,[610]
619,43,0.8480718187379926,0.10302461216574554,0.0,0.0,[614]
621,43,0.8515861912729059,0.10842601980220556,0.0,0.0,[614]
629,44,0.8853055705794093,0.0664809230405039,0.0,0.0,[619]
630,44,0.8861120548203579,0.07546890481444524,0.0,0.0,[619 621]
634,45,0.8962645463154962,0.07003048157223235,0.0,0.0,[629 630]
637,46,0.9122640971937017,0.07865310380012103,0.0,0.0,[634]
639,46,0.9220361189024423,0.0517886145354175,0.0,0.0,[634]
640,46,0.9223059712500723,0.059206783728140366,0.0,0.0,[634]
643,47,0.9360940492922092,0.05750354556895376,0.0,0.0,[637 639 640]
644,48,0.93714185424529,0.058489830015290956,0.0,0.0,[643]
649,49,0.9534700343775743,0.04627799295654833,0.0,0.0,[644]
655,50,1.0,0.0,3.141592653589793,0.0,[649]
0,0,0.0,0.0,3.141592653589793,0.0,[]
1,1,0.039088474695899156,0.027284647245927274,3.141592653589793,0.0,[0]
6,2,0.0617872625467365,0.0408168205971543,3.141592653589793,0.0,[1]
12,3,0.07110734399473317,0.0476865300813345,3.141592653589793,0.0,[6]
19,4,0.10157025562179034,0.05661939236128688,3.141592653589793,0.0,[12]
21,5,0.11385422955893054,0.0569939963155871,3.141592653589793,0.0,[19]
28,6,0.13367164350818728,0.06418910003249345,3.141592653589793,0.0,[21]
29,6,0.1344077584693526,0.07624181794453722,3.141592653589793,0.0,[21]
42,7,0.180214001979353,0.07546903760612078,3.141592653589793,0.0,[28 29]
43,7,0.18038006874736034,0.11756695082475754,3.141592653589793,0.0,[29]
60,8,0.2086666927813441,0.09262963099260113,3.141592653589793,0.0,[42 43]
76,9,0.23306212493859624,0.11399698755923005,3.141592653589793,0.0,[60]
106,10,0.2810039325978466,0.1342908429721723,3.141592653589793,0.0,[76]
107,11,0.28133251666912384,0.1345300957698189,3.141592653589793,0.0,[106]
116,12,0.28867689185511325,0.1274643105576797,3.141592653589793,0.0,[107]
123,13,0.29774505598881296,0.1303313526473442,3.141592653589793,0.0,[116]
131,13,0.30632169928246333,0.12142699914659494,3.141592653589793,0.0,[116]
140,14,0.31304550182549606,0.12076938972742013,3.141592653589793,0.0,[123 131]
144,14,0.3227371305498985,0.15500251388540665,3.141592653589793,0.0,[123]
152,15,0.33059048642910727,0.15638951718191552,3.141592653589793,0.0,[144]
176,15,0.36152553190694403,0.11087442476679099,3.141592653589793,0.0,[140]
160,16,0.34519048474797775,0.1705250839736937,3.141592653589793,0.0,[152]
179,16,0.3629077675771526,0.12486119794763606,3.141592653589793,0.0,[152]
184,16,0.3708554784344198,0.11188887895312638,3.141592653589793,0.0,[176]
177,17,0.36201647823612226,0.16171962777281135,3.141592653589793,0.0,[160]
188,17,0.3754597838065953,0.17640177459349604,3.141592653589793,0.0,[160]
189,17,0.375805362381049,0.20014651411163487,3.141592653589793,0.0,[160]
213,17,0.4020016701158694,0.09867475490351685,3.141592653589793,0.0,[179 184]
208,18,0.39889842433781364,0.17710421008432264,3.141592653589793,0.0,[177 188 189]
209,18,0.40164973981853724,0.2148802036342602,3.141592653589793,0.0,[189]
222,18,0.4081410917855084,0.09599041677992826,3.141592653589793,0.0,[213]
229,19,0.4131450285178825,0.17133963044370104,3.141592653589793,0.0,[208]
234,19,0.4163135690982753,0.1040319960833398,3.141592653589793,0.0,[222]
249,19,0.42850787087374964,0.18843055976411416,3.141592653589793,0.0,[208 209]
256,20,0.433452927229109,0.15434252307197882,3.141592653589793,0.0,[229]
262,20,0.4385982514988661,0.18982387174638282,3.141592653589793,0.0,[229 249]
267,20,0.44383450577282924,0.07922018527647468,3.141592653589793,0.0,[234]
275,20,0.45005422339283385,0.09393138074373641,3.141592653589793,0.0,[234]
278,21,0.4532362834114779,0.08658432030296792,3.141592653589793,0.0,[267]
281,21,0.4546565511195305,0.09319054085267009,3.141592653589793,0.0,[275]
282,21,0.4553679088094903,0.17060617898997732,3.141592653589793,0.0,[256]
284,21,0.45620114260144295,0.18237942114924466,3.141592653589793,0.0,[262]
288,21,0.46202073819358946,0.14695075105695,3.141592653589793,0.0,[256]
291,21,0.4629187177623132,0.2132798128441683,3.141592653589793,0.0,[262]
306,22,0.47550726785919173,0.10244313497847157,3.141592653589793,0.0,[278 281]
313,22,0.4794676070710212,0.15818955711520466,3.141592653589793,0.0,[282 288]
321,22,0.4852195558020854,0.17796947832224586,3.141592653589793,0.0,[282 284]
341,22,0.5052866419624398,0.21858815365059547,3.141592653589793,0.0,[282 284 291]
324,23,0.486425005532072,0.09944319772187316,3.141592653589793,0.0,[306]
334,23,0.49624646269117645,0.17424887295537117,3.141592653589793,0.0,[313 321]
345,23,0.5071002733357529,0.21816489908481518,3.141592653589793,0.0,[341]
371,24,0.5256980094656183,0.1595144817184143,3.141592653589793,0.0,[334]
374,24,0.5268867837584755,0.13773769202710862,3.141592653589793,0.0,[324]
378,24,0.532063128297129,0.20488669330890563,3.141592653589793,0.0,[334 345]
384,24,0.5374476017496904,0.12229135276179448,3.141592653589793,0.0,[324]
382,25,0.5355156294842752,0.20497268565340843,3.141592653589793,0.0,[378]
414,25,0.5674015352362692,0.13143075131969595,3.141592653589793,0.0,[371 374 384]
417,25,0.5687468485373919,0.1418396493999241,3.141592653589793,0.0,[371 374 384]
411,26,0.5657653400863359,0.18716583652831287,3.141592653589793,0.0,[382]
421,26,0.577835593642967,0.12159452836571749,3.141592653589793,0.0,[414]
425,26,0.5792701505238296,0.13158643604957931,3.141592653589793,0.0,[414 417]
442,27,0.5986804160569815,0.1319064279447545,3.141592653589793,0.0,[421 425]
447,27,0.6017775704007133,0.17447936435313038,3.141592653589793,0.0,[411]
470,28,0.6200369400846406,0.16444073287687921,3.141592653589793,0.0,[447]
491,28,0.6419480333674645,0.10101744811062485,3.141592653589793,0.0,[442]
480,29,0.6313823951932734,0.1578990645127324,3.141592653589793,0.0,[470]
516,29,0.6829601311432476,0.08290565910645986,3.141592653589793,0.0,[491]
519,29,0.6848147710692171,0.08630696272401872,3.141592653589793,0.0,[491]
522,29,0.6930369872730558,0.051135643898906014,3.141592653589793,0.0,[491]
500,30,0.6539648919403029,0.1389814626906809,3.141592653589793,0.0,[480]
521,30,0.6911102128274556,0.08611628410916716,3.141592653589793,0.0,[516 519]
527,30,0.6967732132524396,0.04863771430614372,3.141592653589793,0.0,[522]
540,31,0.7087152502170284,0.08655236062675165,3.141592653589793,0.0,[500 521]
541,31,0.713400991063608,0.03841526840137577,3.141592653589793,0.0,[527]
546,31,0.717082175730891,0.07721650589278295,3.141592653589793,0.0,[500 521]
551,31,0.7225022006689831,0.04994537510540098,3.141592653589793,0.0,[527]
570,32,0.7406457100082235,0.06262610495094134,3.141592653589793,0.0,[540 541 546 551]
589,33,0.7673605847309615,0.058870636943078924,3.141592653589793,0.0,[570]
601,34,0.7922874175246627,0.04938646814277181,3.141592653589793,0.0,[589]
606,34,0.8025438745001074,0.06391363086658564,3.141592653589793,0.0,[589]
608,34,0.8078823650183714,0.07262963270815748,3.141592653589793,0.0,[589]
613,35,0.821115233327078,0.06667632020423542,3.141592653589793,0.0,[601 606 608]
615,36,0.8262591480501345,0.06605447479798421,3.141592653589793,0.0,[613]
617,37,0.8385760367598045,0.06442399553585465,3.141592653589793,0.0,[615]
620,37,0.8498306881501493,0.05109013132215201,3.141592653589793,0.0,[615]
634,38,0.882172313454332,0.05061757331302397,3.141592653589793,0.0,[617 620]
637,39,0.889564244924483,0.05575032056661522,3.141592653589793,0.0,[634]
640,40,0.8954171297634115,0.052883328552777,3.141592653589793,0.0,[637]
643,40,0.9077367639702715,0.06649027079638581,3.141592653589793,0.0,[637]
646,41,0.9206605721942013,0.06293553313164224,3.141592653589793,0.0,[640 643]
648,41,0.925659036777549,0.02998926775875277,3.141592653589793,0.0,[640]
649,41,0.9259891002181345,0.044276327851466735,3.141592653589793,0.0,[640]
652,41,0.9374905211307255,0.01607597973450392,3.141592653589793,0.0,[640]
654,42,0.985022069897146,0.008362735298640622,3.141592653589793,0.0,[646 648 649 652]
655,43,1.0,0.0,3.141592653589793,0.0,[654]
0,0,0.0,0.0,3.141592653589793,0.0,[]
1,1,0.021015501310422402,0.013213103045037422,0.0,0.0,[0]
2,1,0.022110372496676467,0.001009160512505658,0.0,0.0,[0]
3,1,0.04051351492131949,0.018002776523977415,3.141592653589793,0.0,[0]
4,1,0.04716601211920224,0.033283779496416366,3.141592653589793,0.0,[0]
6,2,0.0643895383332862,0.01607597973450392,3.141592653589793,0.0,[1 2 3 4]
8,2,0.0754968958625466,0.0450682952648398,3.141592653589793,0.0,[2 3 4]
9,2,0.07956438754369022,0.04098100343219735,3.141592653589793,0.0,[1 2 3 4]
12,2,0.09510246893540719,0.06699226553316906,3.141592653589793,0.0,[2 3 4]
17,3,0.1134791717532091,0.046308844906908786,3.141592653589793,0.0,[6 8 9]
19,3,0.11768865058169253,0.08610716332891277,3.141592653589793,0.0,[ 8 12]
31,4,0.16927126662572112,0.10168001712332375,3.141592653589793,0.0,[17 19]
35,4,0.17692769813822284,0.11456905898400549,3.141592653589793,0.0,[19]
38,5,0.18768550629594716,0.11188887895312638,3.141592653589793,0.0,[31 35]
49,6,0.20252807638670522,0.11439587248404637,3.141592653589793,0.0,[38]
59,7,0.22132937674441855,0.11614073922486023,3.141592653589793,0.0,[49]
69,8,0.23395843791750093,0.12821228656423067,3.141592653589793,0.0,[59]
72,9,0.23601805984444701,0.12959114129289295,3.141592653589793,0.0,[69]
78,10,0.2412142902493779,0.1305924853447955,3.141592653589793,0.0,[72]
83,11,0.24636175326479226,0.1291115763438494,3.141592653589793,0.0,[78]
104,12,0.2776922097908039,0.1177071904300534,3.141592653589793,0.0,[83]
111,12,0.283732219646082,0.10958931607484346,3.141592653589793,0.0,[83]
129,13,0.30192609225329015,0.0995136527914684,3.141592653589793,0.0,[104 111]
161,14,0.33427105625022224,0.07469489951846842,3.141592653589793,0.0,[129]
164,14,0.3362112008891561,0.07262963270815748,3.141592653589793,0.0,[129]
176,15,0.35190230469945527,0.05730498875542367,3.141592653589793,0.0,[161 164]
191,16,0.3642521843609693,0.06912836870228878,3.141592653589793,0.0,[176]
192,16,0.36534154374105376,0.04554645560247217,3.141592653589793,0.0,[176]
206,17,0.3818686470712698,0.058870636943078924,3.141592653589793,0.0,[191 192]
214,18,0.39213918823438754,0.06586048154619761,3.141592653589793,0.0,[206]
222,19,0.4014365819136949,0.05986392963948639,3.141592653589793,0.0,[214]
240,20,0.4164260037309463,0.051135643898906014,3.141592653589793,0.0,[222]
269,21,0.44611686420540875,0.05082784589381151,3.141592653589793,0.0,[240]
282,22,0.45947323382953886,0.05727694254587634,3.141592653589793,0.0,[269]
340,23,0.5047051853686946,0.04990364832070737,3.141592653589793,0.0,[282]
379,23,0.534567820117149,0.00952957653688491,3.141592653589793,0.0,[282]
371,24,0.5298798092073996,0.03940445887396837,3.141592653589793,0.0,[340]
390,24,0.5442918244260213,0.010957541858732212,3.141592653589793,0.0,[340 379]
415,25,0.5703850483837043,0.009916125458851233,3.141592653589793,0.0,[371 390]
426,26,0.580053675837907,0.0013245629010907312,3.141592653589793,0.0,[415]
429,27,0.5830159521910528,0.0010138021051150359,3.141592653589793,0.0,[426]
439,28,0.5947109361076017,0.01150168064487056,3.141592653589793,0.0,[429]
444,29,0.6006808567260091,0.013435538037466,3.141592653589793,0.0,[439]
468,30,0.6293509597296,0.01615661564039872,3.141592653589793,0.0,[444]
490,30,0.6462969819757194,0.01798916811317408,0.0,0.0,[444]
508,31,0.6642517570416631,0.01471463255059613,0.0,0.0,[468 490]
525,32,0.6852675169551409,0.012301353664409542,0.0,0.0,[508]
526,32,0.6900910082631516,0.01997929394601239,0.0,0.0,[508]
530,33,0.6935498182414566,0.023115857056150824,0.0,0.0,[526]
532,33,0.6941946438258293,0.016926661799014475,0.0,0.0,[525 526]
537,33,0.6971692348940427,0.007419833282876875,0.0,0.0,[525]
549,34,0.7077258897750366,0.013738394360229389,0.0,0.0,[530 532 537]
557,35,0.7147775504833905,0.01652083320649489,0.0,0.0,[549]
568,35,0.7261714652349494,0.000650899058854959,3.141592653589793,0.0,[549]
588,36,0.7617537057311726,0.0220720107475334,3.141592653589793,0.0,[557 568]
606,37,0.783971028290415,0.041351727937014804,3.141592653589793,0.0,[588]
608,38,0.7904864191866896,0.04097828985661456,3.141592653589793,0.0,[606]
612,39,0.8172919627879632,0.018417583123379044,3.141592653589793,0.0,[608]
616,39,0.830091204253234,0.03515979361136934,3.141592653589793,0.0,[608]
622,40,0.8376330109977836,0.013738978385768652,3.141592653589793,0.0,[612]
629,40,0.8610199720965738,0.044276327851466735,3.141592653589793,0.0,[612 616]
632,41,0.8734547450873403,0.04863771430614372,3.141592653589793,0.0,[622 629]
640,42,0.8988229349705583,0.06418910003249345,3.141592653589793,0.0,[632]
643,43,0.9033639003596426,0.06649027079638581,3.141592653589793,0.0,[640]
649,44,0.9151329794565557,0.05548453068169179,3.141592653589793,0.0,[643]
652,45,0.9357802715413147,0.06262610495094134,3.141592653589793,0.0,[649]
654,46,0.9583779718818236,0.0408168205971543,3.141592653589793,0.0,[652]
655,47,1.0,0.0,3.141592653589793,0.0,[654]
0,0,0.0,0.0,3.141592653589793,0.0,[]
1,1,0.018581556390509513,0.01696864990871405,3.141592653589793,0.0,[0]
3,2,0.046714812025493546,0.028537023224462277,3.141592653589793,0.0,[1]
6,3,0.05931825464288143,0.0220720107475334,3.141592653589793,0.0,[3]
9,3,0.06736790859463537,0.034173154663432515,3.141592653589793,0.0,[3]
10,4,0.08194758508084465,0.013395457648962661,3.141592653589793,0.0,[6]
11,4,0.08214514914506654,0.027284647245927274,3.141592653589793,0.0,[6 9]
13,5,0.09253156319742883,0.018417583123379044,3.141592653589793,0.0,[10 11]
14,6,0.10822532382735572,0.029850827007569025,3.141592653589793,0.0,[13]
21,7,0.13303731619105263,0.033283779496416366,3.141592653589793,0.0,[14]
30,7,0.16636208610391257,0.06667632020423542,3.141592653589793,0.0,[14]
37,8,0.1810884824263571,0.05548453068169179,3.141592653589793,0.0,[21 30]
41,9,0.1859371817260298,0.05227070764206765,3.141592653589793,0.0,[37]
49,10,0.19745013596190564,0.04938646814277181,3.141592653589793,0.0,[41]
59,11,0.21899439875170112,0.05109013132215201,3.141592653589793,0.0,[49]
60,12,0.2241551556287249,0.05061757331302397,3.141592653589793,0.0,[59]
92,12,0.2850450289992995,0.11456905898400549,3.141592653589793,0.0,[59]
66,13,0.23900540832430972,0.05417107186810288,3.141592653589793,0.0,[60]
113,13,0.31305031641089665,0.142379094066443,3.141592653589793,0.0,[92]
79,14,0.25910653499962055,0.06784753224077067,3.141592653589793,0.0,[66]
116,14,0.3208695240350087,0.14695075105695,3.141592653589793,0.0,[113]
104,15,0.303284021860029,0.10917776351946151,3.141592653589793,0.0,[79]
143,15,0.3532571064948906,0.17060617898997732,3.141592653589793,0.0,[116]
137,16,0.345884306819074,0.12142699914659494,3.141592653589793,0.0,[104]
147,16,0.3584671813627932,0.1383227786537259,3.141592653589793,0.0,[104]
165,16,0.3743282401285327,0.16702332726905655,3.141592653589793,0.0,[104 143]
178,17,0.3862832086256225,0.13745656569725817,3.141592653589793,0.0,[137 147]
195,17,0.3970814602601058,0.1595144817184143,3.141592653589793,0.0,[137 147 165]
201,18,0.40388395911100505,0.1658633366086013,3.141592653589793,0.0,[195]
202,18,0.40473655800664077,0.15500251388540665,3.141592653589793,0.0,[178 195]
212,19,0.41373218642037923,0.1625335583709,3.141592653589793,0.0,[201 202]
223,19,0.423960625919902,0.17796947832224586,3.141592653589793,0.0,[201]
239,20,0.43158880482054884,0.17260377534288274,3.141592653589793,0.0,[212 223]
254,21,0.44630690931762085,0.18622171318986203,3.141592653589793,0.0,[239]
261,21,0.4505263394560376,0.16330003388510816,3.141592653589793,0.0,[239]
276,22,0.45790184209510953,0.17727036323607437,3.141592653589793,0.0,[254]
307,22,0.48630878063553695,0.12821228656423067,3.141592653589793,0.0,[261]
294,23,0.47735429412674635,0.1581123639478953,3.141592653589793,0.0,[276]
314,23,0.4901806054425426,0.13143075131969595,3.141592653589793,0.0,[307]
358,24,0.526248194559606,0.1177071904300534,3.141592653589793,0.0,[294 314]
379,25,0.537749782948967,0.11399698755923005,3.141592653589793,0.0,[358]
387,26,0.5450596203750643,0.11192039267181442,3.141592653589793,0.0,[379]
407,27,0.5624700456497065,0.12076938972742013,3.141592653589793,0.0,[387]
428,28,0.58706004125391,0.1345300957698189,3.141592653589793,0.0,[407]
444,29,0.6002925538205772,0.1303313526473442,3.141592653589793,0.0,[428]
479,30,0.6212829425714291,0.11650304870421746,3.141592653589793,0.0,[444]
496,31,0.633545223091841,0.11484670023339272,3.141592653589793,0.0,[479]
515,32,0.6471870105276845,0.10244313497847157,3.141592653589793,0.0,[496]
521,33,0.6555780465911613,0.10958931607484346,3.141592653589793,0.0,[515]
538,34,0.670979521352767,0.11343187362351426,3.141592653589793,0.0,[521]
549,35,0.6929508490696059,0.12229135276179448,3.141592653589793,0.0,[538]
554,36,0.7085999758742557,0.1344158550950647,3.141592653589793,0.0,[549]
571,37,0.7367111947753073,0.13711582577464942,3.141592653589793,0.0,[554]
575,38,0.742726195780689,0.1418396493999241,3.141592653589793,0.0,[571]
588,39,0.7635261988640367,0.1406468542119501,3.141592653589793,0.0,[575]
594,39,0.7747306608509854,0.11775541736540551,3.141592653589793,0.0,[575]
600,40,0.7951456987754024,0.11536911086780766,3.141592653589793,0.0,[588 594]
602,41,0.8055202209381573,0.11207371135552469,3.141592653589793,0.0,[600]
608,42,0.8207134887784568,0.1064290815635327,3.141592653589793,0.0,[602]
627,43,0.8644252820666846,0.06418910003249345,3.141592653589793,0.0,[608]
631,44,0.8725710752625048,0.06391363086658564,3.141592653589793,0.0,[627]
638,45,0.8852143388362105,0.05727694254587634,3.141592653589793,0.0,[631]
647,46,0.9284997807041465,0.01607597973450392,3.141592653589793,0.0,[638]
649,47,0.939025328291549,0.02621503513599155,3.141592653589793,0.0,[647]
653,48,0.9547134566021694,0.018002776523977415,3.141592653589793,0.0,[649]
655,49,1.0,0.0,3.141592653589793,0.0,[653]
0,0,0.0,0.0,3.141592653589793,0.0,[]
1,1,0.010779467347603489,0.0019556926139085995,0.0,0.0,[0]
2,2,0.032159235390463725,0.018417583123379044,3.141592653589793,0.0,[1]
5,3,0.04647929197635858,0.01696864990871405,3.141592653589793,0.0,[2]
6,4,0.0483723322002968,0.01615661564039872,3.141592653589793,0.0,[5]
8,5,0.061588312510451604,0.013738978385768652,3.141592653589793,0.0,[6]
9,5,0.06163463952568926,0.0220720107475334,3.141592653589793,0.0,[6]
14,5,0.0743230190388251,0.007419833282876875,0.0,0.0,[6]
17,6,0.09661149440810624,0.029850827007569025,3.141592653589793,0.0,[8 9]
18,6,0.10159544445096735,0.0071727338341024405,3.141592653589793,0.0,[ 8  9 14]
19,6,0.10302978556563624,0.0014234776977659624,0.0,0.0,[ 8  9 14]
20,6,0.11925753727552402,0.07624181794453722,3.141592653589793,0.0,[9]
22,7,0.12794403228601547,0.06924258864158128,3.141592653589793,0.0,[20]
23,7,0.12867913002756626,0.0476865300813345,3.141592653589793,0.0,[17]
24,7,0.12892472110031628,0.016926661799014475,0.0,0.0,[18 19]
33,7,0.15573842166990914,0.1072855023064494,3.141592653589793,0.0,[20]
30,8,0.14170491913173444,0.06699226553316906,3.141592653589793,0.0,[22]
31,8,0.14637380657530286,0.007210043795955912,0.0,0.0,[24]
32,8,0.15567585968233022,0.05109013132215201,3.141592653589793,0.0,[22 23]
39,8,0.16864825664271255,0.10362288908407502,3.141592653589793,0.0,[22 33]
45,8,0.18292102776672436,0.13158643604957931,3.141592653589793,0.0,[33]
38,9,0.1682440480877705,0.07721650589278295,3.141592653589793,0.0,[30]
46,9,0.18334368798220502,0.11756695082475754,3.141592653589793,0.0,[39]
47,9,0.18950076184358033,0.13143075131969595,3.141592653589793,0.0,[45]
52,9,0.1958770631692247,0.03515979361136934,3.141592653589793,0.0,[30 31 32]
51,10,0.19536989517372894,0.1181791442438912,3.141592653589793,0.0,[46]
53,10,0.19631600520262393,0.12821228656423067,3.141592653589793,0.0,[46 47]
54,10,0.19762665555200842,0.13745656569725817,3.141592653589793,0.0,[47]
59,10,0.21276345887612824,0.044276327851466735,3.141592653589793,0.0,[38 52]
69,10,0.2259768277466836,0.08630696272401872,3.141592653589793,0.0,[38 46]
56,11,0.2063462078133258,0.1344158550950647,3.141592653589793,0.0,[53 54]
63,11,0.21699279851115572,0.11484670023339272,3.141592653589793,0.0,[51 53]
70,11,0.22951647932309305,0.09815814954264168,3.141592653589793,0.0,[51 53]
72,11,0.23773927396697436,0.05727694254587634,3.141592653589793,0.0,[59]
75,11,0.24270073362913147,0.07651573246225618,3.141592653589793,0.0,[51 69]
77,12,0.24732357456629794,0.09653853722398464,3.141592653589793,0.0,[56 63 70]
82,12,0.2589138468351603,0.07220338986001984,3.141592653589793,0.0,[70 72 75]
84,13,0.26063969427242883,0.09867475490351685,3.141592653589793,0.0,[77]
87,13,0.26891922637416465,0.06957432525271812,3.141592653589793,0.0,[82]
105,14,0.2951474956287836,0.06418910003249345,3.141592653589793,0.0,[84 87]
118,15,0.3048081891991117,0.06566766507070543,3.141592653589793,0.0,[105]
133,16,0.319325233602032,0.07262963270815748,3.141592653589793,0.0,[118]
141,17,0.3355619065853225,0.08250221374450328,3.141592653589793,0.0,[133]
145,17,0.3405860507022759,0.06262610495094134,3.141592653589793,0.0,[133]
157,18,0.35868876121369453,0.06605447479798421,3.141592653589793,0.0,[141 145]
165,18,0.3668324544640349,0.09514463603860834,3.141592653589793,0.0,[141]
175,19,0.38274893049291536,0.04994537510540098,3.141592653589793,0.0,[157]
182,19,0.38744739802409,0.08658432030296792,3.141592653589793,0.0,[157 165]
189,20,0.3960868544956294,0.04441082021244058,3.141592653589793,0.0,[175]
230,20,0.42385425977644886,0.08655236062675165,3.141592653589793,0.0,[175 182]
224,21,0.41981116395890083,0.0569939963155871,3.141592653589793,0.0,[189]
237,21,0.4321851703798407,0.08716873657571211,3.141592653589793,0.0,[230]
282,22,0.4722168469082053,0.09944319772187316,3.141592653589793,0.0,[224 237]
291,23,0.48611157028262697,0.10244313497847157,3.141592653589793,0.0,[282]
321,24,0.5084354722140825,0.11188887895312638,3.141592653589793,0.0,[291]
344,25,0.5251985013174749,0.11399698755923005,3.141592653589793,0.0,[321]
345,25,0.5257485170678831,0.11456905898400549,3.141592653589793,0.0,[321]
356,26,0.5359395138994593,0.11343187362351426,3.141592653589793,0.0,[344 345]
396,27,0.5636581535171898,0.09319054085267009,3.141592653589793,0.0,[356]
430,28,0.5979397741524259,0.06269559524728807,3.141592653589793,0.0,[396]
447,29,0.6146648822820536,0.05061757331302397,3.141592653589793,0.0,[430]
460,30,0.6232005316639204,0.04554645560247217,3.141592653589793,0.0,[447]
484,31,0.6457304718694066,0.03940445887396837,3.141592653589793,0.0,[460]
491,32,0.6501610812467578,0.0408168205971543,3.141592653589793,0.0,[484]
502,33,0.6556040949873526,0.03962792401936133,3.141592653589793,0.0,[491]
513,34,0.6690605399691424,0.04863771430614372,3.141592653589793,0.0,[502]
540,35,0.6912610293142506,0.05652920097358627,3.141592653589793,0.0,[513]
572,36,0.7332642762525724,0.06784753224077067,3.141592653589793,0.0,[540]
582,37,0.7477512131399382,0.05548453068169179,3.141592653589793,0.0,[572]
588,38,0.762246955938387,0.051135643898906014,3.141592653589793,0.0,[582]
602,39,0.789762792444645,0.06293553313164224,3.141592653589793,0.0,[588]
611,40,0.8017898612498062,0.05730498875542367,3.141592653589793,0.0,[602]
628,41,0.846049753005939,0.05227070764206765,3.141592653589793,0.0,[611]
631,42,0.855567772341485,0.046308844906908786,3.141592653589793,0.0,[628]
634,42,0.8650472329952642,0.06497990687493427,3.141592653589793,0.0,[628]
636,43,0.8736869717385483,0.058564906117928084,3.141592653589793,0.0,[631 634]
639,44,0.8909425972922439,0.04938646814277181,3.141592653589793,0.0,[636]
645,45,0.9192065661682423,0.027024592232626765,3.141592653589793,0.0,[639]
647,46,0.9239523594491307,0.024823451727035373,3.141592653589793,0.0,[645]
648,47,0.9257305981089524,0.02621503513599155,3.141592653589793,0.0,[647]
653,48,0.9705532086659046,0.00952957653688491,3.141592653589793,0.0,[648]
654,48,0.9787964310619302,0.018002776523977415,3.141592653589793,0.0,[648]
655,49,1.0,0.0,3.141592653589793,0.0,[653 654]
0,0,0.0,0.0,3.141592653589793,0.0,[]
1,1,0.01829698594400575,0.016926661799014475,0.0,0.0,[0]
2,2,0.06233037575878808,0.0010138021051150359,3.141592653589793,0.0,[1]
3,2,0.0659080049094144,0.027284647245927274,3.141592653589793,0.0,[1]
7,3,0.09700614496372817,0.03940445887396837,3.141592653589793,0.0,[3]
9,3,0.10369822628560821,0.0139954138579641,3.141592653589793,0.0,[2 3]
14,4,0.1187802397959905,0.02881864089153119,3.141592653589793,0.0,[7 9]
18,4,0.1298197781772461,0.04938646814277181,3.141592653589793,0.0,[7]
28,5,0.15502345316230415,0.0476865300813345,3.141592653589793,0.0,[14 18]
31,5,0.15825138557956386,0.04098100343219735,3.141592653589793,0.0,[14 18]
34,5,0.15888699729367717,0.06269559524728807,3.141592653589793,0.0,[14 18]
32,6,0.15877733544253292,0.0408168205971543,3.141592653589793,0.0,[31]
39,6,0.16979280517340445,0.058870636943078924,3.141592653589793,0.0,[28 34]
50,7,0.20044575797097897,0.04554645560247217,3.141592653589793,0.0,[32 39]
60,8,0.21807303836319314,0.03962792401936133,3.141592653589793,0.0,[50]
70,9,0.231389377689592,0.028537023224462277,3.141592653589793,0.0,[60]
77,10,0.24397643648837042,0.022788594214990132,3.141592653589793,0.0,[70]
83,11,0.2564952731255158,0.024823451727035373,3.141592653589793,0.0,[77]
84,12,0.2595163821862353,0.022471998884010413,3.141592653589793,0.0,[83]
103,13,0.27856068969854464,0.010957541858732212,3.141592653589793,0.0,[84]
107,13,0.2825997072745867,0.033283779496416366,3.141592653589793,0.0,[84]
132,14,0.31810605222365185,0.04441082021244058,3.141592653589793,0.0,[103 107]
138,15,0.3316328420151996,0.05730498875542367,3.141592653589793,0.0,[132]
153,16,0.34544455362776016,0.05548453068169179,3.141592653589793,0.0,[138]
170,17,0.3630530552692076,0.06391363086658564,3.141592653589793,0.0,[153]
174,18,0.36900260846901645,0.06649027079638581,3.141592653589793,0.0,[170]
202,19,0.3977090865716828,0.09431436323084808,3.141592653589793,0.0,[174]
218,20,0.4219288240377487,0.11439587248404637,3.141592653589793,0.0,[202]
238,21,0.43998625961210414,0.13143075131969595,3.141592653589793,0.0,[218]
242,22,0.44605759943993606,0.1291115763438494,3.141592653589793,0.0,[238]
272,23,0.4653478666898976,0.1344158550950647,3.141592653589793,0.0,[242]
315,23,0.5085929755397486,0.19093204509168493,3.141592653589793,0.0,[242]
304,24,0.49309056921823013,0.1181791442438912,3.141592653589793,0.0,[272]
323,24,0.5172844920703765,0.19465127710568186,3.141592653589793,0.0,[315]
312,25,0.5068665031794743,0.12693856284372051,3.141592653589793,0.0,[304]
359,25,0.5520709576459235,0.2084435708425172,3.141592653589793,0.0,[323]
322,26,0.5158771813205897,0.1274643105576797,3.141592653589793,0.0,[312]
363,26,0.55724291023454,0.20632978623343823,3.141592653589793,0.0,[359]
358,27,0.5513904466031588,0.1084116566926342,3.141592653589793,0.0,[322]
362,27,0.5543790597191068,0.1177071904300534,3.141592653589793,0.0,[322]
365,27,0.558356776892994,0.12493163626507253,3.141592653589793,0.0,[322]
367,27,0.5616615133401491,0.1383227786537259,3.141592653589793,0.0,[322]
386,27,0.5755692237379573,0.2134674405178817,3.141592653589793,0.0,[363]
387,27,0.576350415292946,0.20984092688797962,3.141592653589793,0.0,[363]
406,28,0.5927433217961762,0.21745752899834891,3.141592653589793,0.0,[386 387]
422,28,0.604826457243417,0.1072855023064494,3.141592653589793,0.0,[358 362 365 367]
432,29,0.6105679479502407,0.20113431180603702,3.141592653589793,0.0,[406]
441,29,0.6173931984354553,0.11456905898400549,3.141592653589793,0.0,[422]
452,30,0.6241417209287881,0.19400717203821083,3.141592653589793,0.0,[432]
461,30,0.6317905874662945,0.11756695082475754,3.141592653589793,0.0,[441]
463,30,0.6333381228683627,0.12142699914659494,3.141592653589793,0.0,[441]
459,31,0.6297654374919719,0.19567636739188954,3.141592653589793,0.0,[452]
460,31,0.6317316987070875,0.19313537330942143,3.141592653589793,0.0,[452]
480,31,0.6505165345805712,0.11650304870421746,3.141592653589793,0.0,[461 463]
484,32,0.6545894618366288,0.17710421008432264,3.141592653589793,0.0,[459 460]
505,32,0.6707320679865829,0.13518681617421224,3.141592653589793,0.0,[480]
490,33,0.659640395495878,0.17228344204052637,3.141592653589793,0.0,[484]
513,33,0.6764089403676075,0.13105069321628793,3.141592653589793,0.0,[505]
503,34,0.6681374569414404,0.17069201529440625,3.141592653589793,0.0,[490]
528,34,0.693310648406054,0.1406468542119501,3.141592653589793,0.0,[490 513]
561,35,0.7244191107356484,0.1405176835833375,3.141592653589793,0.0,[503 528]
562,36,0.7245564434697463,0.1405891625417245,3.141592653589793,0.0,[561]
581,37,0.7506722611487294,0.1345300957698189,3.141592653589793,0.0,[562]
592,37,0.7811889670023219,0.09521100036352315,3.141592653589793,0.0,[562]
585,38,0.7654012491711844,0.1288808316588722,3.141592653589793,0.0,[581]
594,38,0.7883912929343967,0.09262963099260113,3.141592653589793,0.0,[592]
601,39,0.8017912150339105,0.0995136527914684,3.141592653589793,0.0,[585 594]
612,39,0.8247027708659563,0.05652920097358627,3.141592653589793,0.0,[594]
605,40,0.8082511623496563,0.1040319960833398,3.141592653589793,0.0,[601]
622,40,0.8366423119367457,0.05417107186810288,3.141592653589793,0.0,[612]
613,41,0.8249490783606542,0.11188887895312638,3.141592653589793,0.0,[605]
625,41,0.845978611685408,0.05661939236128688,3.141592653589793,0.0,[622]
623,42,0.8446439568765938,0.10917776351946151,3.141592653589793,0.0,[613]
626,42,0.8509901303075644,0.11614073922486023,3.141592653589793,0.0,[613]
629,42,0.8582606718542063,0.04863771430614372,3.141592653589793,0.0,[625]
631,42,0.8637133862840354,0.08610716332891277,3.141592653589793,0.0,[613]
634,43,0.8696297828337776,0.0569939963155871,3.141592653589793,0.0,[629]
636,43,0.8719157851058545,0.046308844906908786,3.141592653589793,0.0,[629]
638,43,0.8768676358092787,0.09514463603860834,3.141592653589793,0.0,[623 626 631]
639,44,0.8793034315675952,0.051135643898906014,3.141592653589793,0.0,[634 636]
640,44,0.8895873474863895,0.08290565910645986,3.141592653589793,0.0,[638]
644,45,0.9203037687578408,0.06442399553585465,3.141592653589793,0.0,[639 640]
645,45,0.9229986499345282,0.01615661564039872,3.141592653589793,0.0,[639]
646,46,0.9280603192926854,0.06100147094600972,3.141592653589793,0.0,[644]
652,46,0.9533320373840652,0.02621503513599155,3.141592653589793,0.0,[645]
648,47,0.9425131549713786,0.05727694254587634,3.141592653589793,0.0,[646]
654,47,0.963288037406803,0.01978881491569584,3.141592653589793,0.0,[652]
655,48,1.0,0.0,3.141592653589793,0.0,[648 654]
0,0,0.0,0.0,3.141592653589793,0.0,[]
2,1,0.04478009779297831,0.02972439506812319,0.0,0.0,[0]
3,1,0.04781820725612529,0.0014234776977659624,0.0,0.0,[0]
6,2,0.06343310669879232,0.03640807047931749,0.0,0.0,[2]
9,2,0.0752600353707027,0.022081654835151454,0.0,0.0,[2 3]
12,3,0.08083029925385965,0.021411268173012643,0.0,0.0,[6 9]
20,4,0.12179467634518404,0.05950776429327531,0.0,0.0,[12]
27,5,0.13806515399020935,0.05853944192075233,0.0,0.0,[20]
32,6,0.14422238491257588,0.057368114591834884,0.0,0.0,[27]
40,7,0.17402097707910535,0.0333748703937673,0.0,0.0,[32]
43,7,0.18462121204778947,0.06281439288433821,0.0,0.0,[32]
56,7,0.21038686070432622,0.10132631560620298,0.0,0.0,[32]
51,8,0.1992053906524377,0.023815222191018726,0.0,0.0,[40]
54,8,0.20448937503119902,0.06061969765204933,0.0,0.0,[40 43]
57,8,0.21484037837081804,0.10204678830997349,0.0,0.0,[56]
58,9,0.21634378624262407,0.013738394360229389,0.0,0.0,[51]
65,9,0.22982264124409812,0.05165211999918029,0.0,0.0,[51 54]
78,9,0.2505204488648445,0.07529625982795529,0.0,0.0,[54 57]
80,10,0.25348314279461726,0.009916125458851233,3.141592653589793,0.0,[58]
84,10,0.25753892496971753,0.07092840906747955,0.0,0.0,[65 78]
85,10,0.25873429812066406,0.01471463255059613,0.0,0.0,[58]
92,11,0.2731686199187434,0.005777554792526507,0.0,0.0,[80 85]
105,11,0.2874253368883828,0.08789758201371134,0.0,0.0,[84]
108,11,0.29170961367158177,0.060510559414591936,0.0,0.0,[84]
104,12,0.2866146598645952,0.0013245629010907312,3.141592653589793,0.0,[92]
125,12,0.31284854684437824,0.07791531673124019,0.0,0.0,[105 108]
129,12,0.3149114898569668,0.09623206544513352,0.0,0.0,[105]
121,13,0.3094310366472798,0.007455789152053138,3.141592653589793,0.0,[104]
134,13,0.32626830292454767,0.09691206313217438,0.0,0.0,[129]
138,13,0.33628535704577034,0.0725785318755302,0.0,0.0,[125]
145,14,0.34425006461469687,0.007035638921574772,0.0,0.0,[121]
166,14,0.36819691331868565,0.0745532217854129,0.0,0.0,[134 138]
167,14,0.3688787722039749,0.044276327851466735,3.141592653589793,0.0,[121]
172,15,0.376856963017405,0.013702207648088938,0.0,0.0,[145]
188,15,0.3934137132600365,0.036433201789244585,0.0,0.0,[145]
189,15,0.3948299654544597,0.06603511827806197,0.0,0.0,[166]
196,15,0.40194475764147664,0.01607597973450392,3.141592653589793,0.0,[145 167]
208,15,0.4088056173980189,0.051135643898906014,3.141592653589793,0.0,[145 167]
209,16,0.40893622121493833,0.05109013132215201,3.141592653589793,0.0,[208]
219,16,0.4246933951933002,0.018002776523977415,3.141592653589793,0.0,[172 196]
220,16,0.426329868710406,0.05621831939776145,0.0,0.0,[172 188 189]
228,16,0.43124326108416766,0.04481068860635773,0.0,0.0,[172 188 189]
230,17,0.43259685930536595,0.0588759645069874,0.0,0.0,[220]
235,17,0.43442058145033136,0.06957432525271812,3.141592653589793,0.0,[209]
244,17,0.44538546866506423,0.03515979361136934,3.141592653589793,0.0,[209 219]
246,17,0.44575739464766606,0.04082816400812472,0.0,0.0,[220 228]
268,18,0.46098027583231105,0.0569939963155871,3.141592653589793,0.0,[235]
280,18,0.46585038934272605,0.04441082021244058,3.141592653589793,0.0,[235 244]
282,18,0.46779151399119734,0.048029353944169295,0.0,0.0,[230 246]
284,18,0.4694634736538297,0.037089616887062804,3.141592653589793,0.0,[235 244]
292,18,0.4795934532613465,0.010957541858732212,3.141592653589793,0.0,[244]
286,19,0.47014629494209925,0.047402042242054465,0.0,0.0,[282]
302,19,0.4868602744079267,0.01150168064487056,3.141592653589793,0.0,[292]
308,19,0.4910903711834256,0.03794112297567087,3.141592653589793,0.0,[268 280 284]
309,19,0.49165690864140776,0.04990364832070737,3.141592653589793,0.0,[268 280 284]
343,19,0.5144231056719274,0.09393138074373641,3.141592653589793,0.0,[268]
306,20,0.4899455146122701,0.013435538037466,3.141592653589793,0.0,[302]
310,20,0.4918783065807758,0.0071727338341024405,3.141592653589793,0.0,[302]
319,20,0.49634294246836286,0.03069803530232984,0.0,0.0,[286]
375,20,0.5442599714408752,0.06781166927939264,3.141592653589793,0.0,[302 308 309 343]
334,21,0.506838283747961,0.021936970061785965,0.0,0.0,[319]
386,21,0.5509860347492489,0.06497990687493427,3.141592653589793,0.0,[306 310 375]
350,22,0.52156812696903,0.008910382466433497,0.0,0.0,[334]
396,22,0.5588278771492111,0.06391363086658564,3.141592653589793,0.0,[386]
397,23,0.5596902740287972,0.0220720107475334,3.141592653589793,0.0,[350]
403,23,0.5625370833542417,0.029850827007569025,3.141592653589793,0.0,[350]
425,23,0.5808776570597755,0.06667632020423542,3.141592653589793,0.0,[396]
431,24,0.5920141489415496,0.052883328552777,3.141592653589793,0.0,[397 403]
436,24,0.597643736044114,0.07721650589278295,3.141592653589793,0.0,[425]
466,25,0.6242597860131143,0.06586048154619761,3.141592653589793,0.0,[431 436]
470,26,0.6313011022127609,0.06649027079638581,3.141592653589793,0.0,[466]
487,27,0.6489537577748126,0.06293553313164224,3.141592653589793,0.0,[470]
504,28,0.6660122239040898,0.07469489951846842,3.141592653589793,0.0,[487]
512,29,0.6797619492626082,0.07651573246225618,3.141592653589793,0.0,[504]
521,29,0.6853816932453972,0.06269559524728807,3.141592653589793,0.0,[504]
524,30,0.6868088947300199,0.07220338986001984,3.141592653589793,0.0,[512]
533,30,0.6926243206810475,0.06418910003249345,3.141592653589793,0.0,[512 521]
540,31,0.7019395121174776,0.058870636943078924,3.141592653589793,0.0,[524 533]
575,32,0.7471937990850498,0.06912836870228878,3.141592653589793,0.0,[540]
579,32,0.7563888828853776,0.05727694254587634,3.141592653589793,0.0,[540]
581,33,0.760891608676208,0.05986392963948639,3.141592653589793,0.0,[575 579]
601,34,0.8025723314732213,0.02998926775875277,3.141592653589793,0.0,[581]
605,35,0.8122585386119822,0.033283779496416366,3.141592653589793,0.0,[601]
610,36,0.8200200545844675,0.029847764765064455,3.141592653589793,0.0,[605]
613,37,0.8266939136889782,0.024823451727035373,3.141592653589793,0.0,[610]
626,38,0.8520666809035208,0.034173154663432515,3.141592653589793,0.0,[613]
627,38,0.8576969881888233,0.022788594214990132,3.141592653589793,0.0,[613]
632,38,0.8601231980094026,0.0021272684723770974,3.141592653589793,0.0,[613]
634,39,0.8602097352127726,0.0408168205971543,3.141592653589793,0.0,[626]
637,39,0.8704983194070066,0.013395457648962661,3.141592653589793,0.0,[627]
638,39,0.876882124529919,0.0019556926139085995,0.0,0.0,[632]
643,40,0.8896109375857305,0.0258609825178836,3.141592653589793,0.0,[634 637]
646,40,0.9103309698552488,0.004168898773568297,0.0,0.0,[634 637 638]
647,41,0.9134725958220226,0.007210043795955912,0.0,0.0,[646]
648,41,0.9451812535718385,0.024631937069394483,3.141592653589793,0.0,[643 646]
651,42,0.9636411301438652,0.008362735298640622,3.141592653589793,0.0,[647 648]
653,43,0.9690672009142619,0.00952957653688491,3.141592653589793,0.0,[651]
654,44,0.9890737091675428,0.001009160512505658,0.0,0.0,[653]
655,45,1.0,0.0,3.141592653589793,0.0,[654]
0,0,0.0,0.0,3.141592653589793,0.0,[]
1,1,0.012747954700327302,0.001532720779754082,3.141592653589793,0.0,[0]
2,1,0.013524768647632301,0.008344938232415555,0.0,0.0,[0]
3,2,0.019839178854889172,0.004168898773568297,0.0,0.0,[1 2]
4,3,0.05261218365456688,0.0019556926139085995,0.0,0.0,[3]
7,4,0.07203502237855319,0.01696864990871405,3.141592653589793,0.0,[4]
10,5,0.0787135991626452,0.018002776523977415,3.141592653589793,0.0,[7]
22,6,0.13251683036349093,0.06293553313164224,3.141592653589793,0.0,[10]
23,7,0.1356222865801987,0.06100147094600972,3.141592653589793,0.0,[22]
33,8,0.161786669149258,0.06442399553585465,3.141592653589793,0.0,[23]
48,9,0.19526683319411453,0.05417107186810288,3.141592653589793,0.0,[33]
54,10,0.20667183260919375,0.0476865300813345,3.141592653589793,0.0,[48]
57,11,0.2095007940222009,0.0450682952648398,3.141592653589793,0.0,[54]
60,12,0.22064454913645837,0.052883328552777,3.141592653589793,0.0,[57]
78,13,0.2493729297834385,0.04994537510540098,3.141592653589793,0.0,[60]
82,14,0.25298115073455807,0.04863771430614372,3.141592653589793,0.0,[78]
86,15,0.2608618568714952,0.04441082021244058,3.141592653589793,0.0,[82]
94,15,0.266269768563241,0.058870636943078924,3.141592653589793,0.0,[82]
103,16,0.2815894469173642,0.06262610495094134,3.141592653589793,0.0,[86 94]
106,16,0.2862241153437206,0.07624181794453722,3.141592653589793,0.0,[94]
123,17,0.3007712108066751,0.06566766507070543,3.141592653589793,0.0,[103 106]
137,18,0.308485157121552,0.06957432525271812,3.141592653589793,0.0,[123]
152,19,0.3271365232350585,0.05575032056661522,3.141592653589793,0.0,[137]
167,20,0.3440819298486275,0.06269559524728807,3.141592653589793,0.0,[152]
177,21,0.35177148130758107,0.06912836870228878,3.141592653589793,0.0,[167]
194,22,0.36738237889546776,0.08193334659273888,3.141592653589793,0.0,[177]
221,23,0.39591041698592566,0.09319054085267009,3.141592653589793,0.0,[194]
230,24,0.40798288183721676,0.08290565910645986,3.141592653589793,0.0,[221]
256,25,0.4308766476398955,0.09393138074373641,3.141592653589793,0.0,[230]
260,25,0.43300197309116617,0.08213280174465554,3.141592653589793,0.0,[230]
275,25,0.4427643903050179,0.1064290815635327,3.141592653589793,0.0,[230]
291,26,0.45399504815698,0.09653853722398464,3.141592653589793,0.0,[256 260 275]
302,27,0.463140718289367,0.09514463603860834,3.141592653589793,0.0,[291]
310,28,0.47433301609458056,0.08716873657571211,3.141592653589793,0.0,[302]
327,29,0.48494559577111174,0.08658432030296792,3.141592653589793,0.0,[310]
340,30,0.49519511926505055,0.07922018527647468,3.141592653589793,0.0,[327]
374,31,0.5189969509688596,0.06605447479798421,3.141592653589793,0.0,[340]
413,32,0.5485900197970236,0.07469489951846842,3.141592653589793,0.0,[374]
424,32,0.5613606247469702,0.10362288908407502,3.141592653589793,0.0,[374]
447,33,0.5819234419272012,0.09867475490351685,3.141592653589793,0.0,[413 424]
450,33,0.5828836597181731,0.05727694254587634,3.141592653589793,0.0,[413]
472,34,0.6101418522555778,0.07220338986001984,3.141592653589793,0.0,[447 450]
492,35,0.6297350636962049,0.06667632020423542,3.141592653589793,0.0,[472]
517,36,0.6634337390905526,0.06391363086658564,3.141592653589793,0.0,[492]
531,37,0.6876094538347673,0.04098100343219735,3.141592653589793,0.0,[517]
548,38,0.7087761933915584,0.03794112297567087,3.141592653589793,0.0,[531]
572,39,0.7368642825696814,0.04938646814277181,3.141592653589793,0.0,[548]
573,39,0.7370759325302445,0.0569939963155871,3.141592653589793,0.0,[548]
579,40,0.7451891340469816,0.05061757331302397,3.141592653589793,0.0,[572 573]
590,40,0.761396473853347,0.06781166927939264,3.141592653589793,0.0,[572 573]
595,41,0.7811581238233537,0.05109013132215201,3.141592653589793,0.0,[579 590]
599,41,0.7859162337957036,0.04097828985661456,3.141592653589793,0.0,[579]
608,42,0.7983388041089755,0.046308844906908786,3.141592653589793,0.0,[595 599]
614,43,0.8234479413200313,0.05652920097358627,3.141592653589793,0.0,[608]
617,44,0.8301695061615971,0.05661939236128688,3.141592653589793,0.0,[614]
626,45,0.844718153116348,0.04554645560247217,3.141592653589793,0.0,[617]
634,46,0.8787664753869008,0.033283779496416366,3.141592653589793,0.0,[626]
639,47,0.8998569002329038,0.029847764765064455,3.141592653589793,0.0,[634]
640,47,0.901515058956431,0.03841526840137577,3.141592653589793,0.0,[634]
643,48,0.9086703878311765,0.0220720107475334,3.141592653589793,0.0,[639]
648,48,0.928636977507889,0.05730498875542367,3.141592653589793,0.0,[639 640]
651,49,0.9688082918804963,0.028537023224462277,3.141592653589793,0.0,[643 648]
652,49,0.9713542017761656,0.000650899058854959,3.141592653589793,0.0,[643]
653,49,0.9771748437156303,0.00952957653688491,3.141592653589793,0.0,[643 648]
654,49,0.9793775272091917,0.0139954138579641,3.141592653589793,0.0,[643 648]
655,50,1.0,0.0,3.141592653589793,0.0,[651 652 653 654]
0,0,0.0,0.0,3.141592653589793,0.0,[]
1,1,0.023882546379340952,0.01696864990871405,3.141592653589793,0.0,[0]
2,2,0.04323001087873812,0.027024592232626765,3.141592653589793,0.0,[1]
3,2,0.061546912843656876,0.003986168925272038,0.0,0.0,[1]
5,3,0.06331891784249122,0.033283779496416366,3.141592653589793,0.0,[2]
6,3,0.06532164908071114,0.007210043795955912,0.0,0.0,[3]
9,3,0.0838432964026733,0.05986392963948639,3.141592653589793,0.0,[2]
7,4,0.0774366529020103,0.04097828985661456,3.141592653589793,0.0,[5]
8,4,0.07913631643864139,0.024631937069394483,3.141592653589793,0.0,[5]
15,4,0.10071464975458044,0.001532720779754082,3.141592653589793,0.0,[5 6]
16,4,0.10315924920502673,0.06912836870228878,3.141592653589793,0.0,[5 9]
11,5,0.0929857092484192,0.044276327851466735,3.141592653589793,0.0,[7]
20,5,0.11478115114989129,0.006484924800156167,3.141592653589793,0.0,[ 7  8 15]
26,5,0.12748737335603033,0.08610716332891277,3.141592653589793,0.0,[ 7 16]
18,6,0.11107486329042071,0.029847764765064455,3.141592653589793,0.0,[11]
21,6,0.11512045418549888,0.0476865300813345,3.141592653589793,0.0,[11]
25,6,0.12655712672324382,0.001009160512505658,0.0,0.0,[20]
41,6,0.16082629042222585,0.10002493481782826,3.141592653589793,0.0,[11 26]
53,6,0.18086348336695446,0.13745656569725817,3.141592653589793,0.0,[26]
62,6,0.20892353696138355,0.1673908252681221,3.141592653589793,0.0,[26]
29,7,0.13610939044286519,0.007419833282876875,0.0,0.0,[25]
37,7,0.15413400084696094,0.06667632020423542,3.141592653589793,0.0,[18 21]
90,7,0.2557520760082106,0.18622171318986203,3.141592653589793,0.0,[21 41 53 62]
31,8,0.13855191946395318,0.005777554792526507,0.0,0.0,[29]
67,8,0.21544447801527677,0.12693856284372051,3.141592653589793,0.0,[37]
105,8,0.27918075823235444,0.20530348630230688,3.141592653589793,0.0,[90]
43,9,0.16421866252906725,0.01652083320649489,0.0,0.0,[31]
46,9,0.16591648941191617,0.03069803530232984,0.0,0.0,[31]
81,9,0.24415124419615009,0.14896841379082904,3.141592653589793,0.0,[67]
83,9,0.2461236191613605,0.14331673797338307,3.141592653589793,0.0,[67]
112,9,0.2872134597260173,0.2084435708425172,3.141592653589793,0.0,[105]
55,10,0.19248672858302296,0.03985505455388372,0.0,0.0,[43 46]
134,10,0.3170105524826531,0.210177850981334,3.141592653589793,0.0,[ 81  83 112]
71,11,0.21878603213969272,0.06157270282314997,0.0,0.0,[55]
135,11,0.31809092044398257,0.21093584084138617,3.141592653589793,0.0,[134]
73,12,0.23249724802682592,0.07092840906747955,0.0,0.0,[71]
139,12,0.324937733447642,0.21603101418137483,3.141592653589793,0.0,[135]
92,13,0.2570167532872971,0.05165211999918029,0.0,0.0,[73]
94,13,0.262063736100863,0.06061969765204933,0.0,0.0,[73]
157,13,0.3393628542073257,0.2189208594125136,3.141592653589793,0.0,[139]
117,14,0.29108731011300315,0.048939769541084255,0.0,0.0,[92 94]
165,14,0.35062182687977783,0.21308410590769955,3.141592653589793,0.0,[157]
167,14,0.35365951937813855,0.20984092688797962,3.141592653589793,0.0,[157]
124,15,0.3007908097543217,0.04874538704353426,0.0,0.0,[117]
181,15,0.36773378802463497,0.20113431180603702,3.141592653589793,0.0,[165 167]
130,16,0.30990835798410166,0.047402042242054465,0.0,0.0,[124]
185,16,0.3724794216428622,0.20055723638864242,3.141592653589793,0.0,[181]
145,17,0.33233702809719357,0.06352244474506341,0.0,0.0,[130]
194,17,0.3870513401120428,0.21482943714379044,3.141592653589793,0.0,[185]
173,18,0.3591471139075296,0.08888246723967408,0.0,0.0,[145]
221,18,0.41486808692615107,0.19236374513313959,3.141592653589793,0.0,[194]
200,19,0.39761366291088185,0.057368114591834884,0.0,0.0,[173]
227,19,0.4200100662916334,0.1959691285339792,3.141592653589793,0.0,[221]
251,19,0.4410988914844157,0.17424887295537117,3.141592653589793,0.0,[221]
229,20,0.42168627773855616,0.04367782338617654,0.0,0.0,[200]
268,20,0.45560929808722084,0.18700460997523127,3.141592653589793,0.0,[227 251]
243,21,0.43331163527260874,0.036433201789244585,0.0,0.0,[229]
247,21,0.43470907435022277,0.0482662922832332,0.0,0.0,[229]
301,21,0.47667056370994265,0.17472122038397775,3.141592653589793,0.0,[268]
260,22,0.44666642024181324,0.04452095822202762,0.0,0.0,[243 247]
303,22,0.47794071742407895,0.17417224718592605,3.141592653589793,0.0,[301]
283,23,0.47006586586648924,0.0561007887948064,0.0,0.0,[260]
321,23,0.4940835838071733,0.18237942114924466,3.141592653589793,0.0,[303]
316,24,0.4907561419507306,0.0745532217854129,0.0,0.0,[283]
348,24,0.5223040166025712,0.17133963044370104,3.141592653589793,0.0,[321]
351,24,0.5236076712204377,0.19145375529891262,3.141592653589793,0.0,[321]
356,24,0.526268350370816,0.19838357480737656,3.141592653589793,0.0,[321]
358,24,0.52664852831116,0.2148802036342602,3.141592653589793,0.0,[321]
329,25,0.5016271538758541,0.06603511827806197,0.0,0.0,[316]
363,25,0.5321782034226069,0.18817885321461703,3.141592653589793,0.0,[351]
373,25,0.54330635220622,0.21380205416217668,3.141592653589793,0.0,[356 358]
381,25,0.5484895707119347,0.20497268565340843,3.141592653589793,0.0,[351 356 358]
392,25,0.5581091845146892,0.1556097059001612,3.141592653589793,0.0,[348]
341,26,0.5134425977031112,0.07367763423888174,0.0,0.0,[329]
378,26,0.5457543690450609,0.18677079744465974,3.141592653589793,0.0,[363]
389,26,0.5572779709562958,0.2023125140099148,3.141592653589793,0.0,[363 373 381]
411,26,0.5687259690645456,0.1578990645127324,3.141592653589793,0.0,[363 392]
414,26,0.5732390060426591,0.1418396493999241,3.141592653589793,0.0,[392]
372,27,0.5416525602968993,0.051400324767126304,0.0,0.0,[341]
438,27,0.5957024616198638,0.15638951718191552,3.141592653589793,0.0,[378 411 414]
441,27,0.5985230918743224,0.1613401055512247,3.141592653589793,0.0,[378 389 411 414]
384,28,0.5514258789389421,0.04695481793204237,0.0,0.0,[372]
448,28,0.6083551931694746,0.15434252307197882,3.141592653589793,0.0,[438 441]
466,28,0.6254464851361998,0.1319064279447545,3.141592653589793,0.0,[438]
434,29,0.5927089346801047,0.01997929394601239,0.0,0.0,[384]
458,29,0.6180885774476411,0.16171962777281135,3.141592653589793,0.0,[448]
492,29,0.6422402388970294,0.12003551496322629,3.141592653589793,0.0,[466]
456,30,0.615852973876869,0.008344938232415555,0.0,0.0,[434]
461,30,0.6217208875048397,0.15891797019372922,3.141592653589793,0.0,[458]
498,30,0.6455628555271159,0.12229135276179448,3.141592653589793,0.0,[492]
473,31,0.62719921970532,0.1581123639478953,3.141592653589793,0.0,[461]
503,31,0.6546885294903275,0.11439587248404637,3.141592653589793,0.0,[498]
532,31,0.688429696865405,0.05730498875542367,3.141592653589793,0.0,[456]
479,32,0.6327276756868342,0.15500251388540665,3.141592653589793,0.0,[473]
508,32,0.6623712354864727,0.12076938972742013,3.141592653589793,0.0,[503]
510,32,0.6661720752389734,0.11207371135552469,3.141592653589793,0.0,[503]
537,32,0.6955188219432503,0.05417107186810288,3.141592653589793,0.0,[532]
539,33,0.6983674148960969,0.05548453068169179,3.141592653589793,0.0,[537]
542,33,0.7023822308980754,0.11484670023339272,3.141592653589793,0.0,[479 508 510]
543,34,0.706230410253285,0.1177071904300534,3.141592653589793,0.0,[542]
552,34,0.722481511747066,0.06957432525271812,3.141592653589793,0.0,[539]
556,35,0.7256613995886156,0.09944319772187316,3.141592653589793,0.0,[543]
558,35,0.7305966350501054,0.06269559524728807,3.141592653589793,0.0,[552]
562,36,0.7332558708722635,0.09521100036352315,3.141592653589793,0.0,[556]
563,36,0.7369522977807073,0.06418910003249345,3.141592653589793,0.0,[558]
566,36,0.7403951957612908,0.08658432030296792,3.141592653589793,0.0,[556]
569,36,0.7435803717366829,0.05082784589381151,3.141592653589793,0.0,[558]
564,37,0.7372190294816803,0.09599041677992826,3.141592653589793,0.0,[562]
584,37,0.7705751022005657,0.05661939236128688,3.141592653589793,0.0,[563 566 569]
587,37,0.776229631809024,0.04990364832070737,3.141592653589793,0.0,[563 569]
605,37,0.7963678451532119,0.018417583123379044,3.141592653589793,0.0,[563 569]
581,38,0.7601233093754648,0.10168001712332375,3.141592653589793,0.0,[564]
616,38,0.8239843635083811,0.02284686591609497,3.141592653589793,0.0,[564 584 587 605]
611,39,0.8100219651883847,0.13711582577464942,3.141592653589793,0.0,[581]
621,39,0.8331787990934706,0.0139954138579641,3.141592653589793,0.0,[616]
613,40,0.8121513499815424,0.1383227786537259,3.141592653589793,0.0,[611]
624,40,0.8391220222453257,0.01150168064487056,3.141592653589793,0.0,[621]
628,41,0.8537003214038453,0.1072855023064494,3.141592653589793,0.0,[613]
631,41,0.8580231782852861,0.11650304870421746,3.141592653589793,0.0,[613]
634,41,0.8736336543389064,0.03794112297567087,3.141592653589793,0.0,[624]
635,41,0.8802823309106199,0.004474931804231419,0.0,0.0,[624]
637,41,0.885665750800792,0.022788594214990132,3.141592653589793,0.0,[624]
632,42,0.8653526245809197,0.11775541736540551,3.141592653589793,0.0,[628 631]
633,42,0.8702426544681413,0.11087442476679099,3.141592653589793,0.0,[628 631]
638,42,0.8939060224472094,0.07922018527647468,3.141592653589793,0.0,[628]
639,42,0.8941269075450454,0.0258609825178836,3.141592653589793,0.0,[634 637]
642,42,0.9006462426289187,0.021936970061785965,0.0,0.0,[635]
643,42,0.9042236493471918,0.0021272684723770974,3.141592653589793,0.0,[635]
644,43,0.9162771088681531,0.037522701814154624,0.0,0.0,[642]
645,43,0.9163954985982071,0.06784753224077067,3.141592653589793,0.0,[632 633 638]
647,43,0.9226158602009211,0.03515979361136934,3.141592653589793,0.0,[639]
649,43,0.9265633791410215,0.01978881491569584,3.141592653589793,0.0,[639 643]
650,44,0.9350126720627971,0.023815222191018726,0.0,0.0,[644]
651,44,0.9403784064230694,0.029850827007569025,3.141592653589793,0.0,[647 649]
652,44,0.942071346631358,0.04315424175270943,3.141592653589793,0.0,[645 647]
653,45,0.9830237418971837,0.008362735298640622,3.141592653589793,0.0,[650 651 652]
654,46,0.9938628561666176,0.0010138021051150359,3.141592653589793,0.0,[653]
655,47,1.0,0.0,3.141592653589793,0.0,[654]
0,0,0.0,0.0,3.141592653589793,0.0,[]
1,1,0.011820482467782334,0.00952957653688491,3.141592653589793,0.0,[0]
2,1,0.0276950872084869,0.017191086780872777,0.0,0.0,[0]
4,2,0.043980004288208585,0.007419833282876875,0.0,0.0,[1 2]
5,3,0.04848805842887571,0.008910382466433497,0.0,0.0,[4]
10,4,0.08712136235276913,0.046264772470309135,0.0,0.0,[5]
11,4,0.08860737700545807,0.03640807047931749,0.0,0.0,[5]
13,4,0.09430005878957992,0.023815222191018726,0.0,0.0,[5]
17,5,0.109414093475657,0.021936970061785965,0.0,0.0,[11 13]
18,5,0.11066491775110643,0.028043963680286277,0.0,0.0,[10 11 13]
21,6,0.12920946837065217,0.018199751195956848,0.0,0.0,[17 18]
26,7,0.14946878053889578,0.016926661799014475,0.0,0.0,[21]
47,8,0.20163425690234615,0.02998926775875277,3.141592653589793,0.0,[26]
64,9,0.22594296018287707,0.04994537510540098,3.141592653589793,0.0,[47]
69,10,0.24329403381130266,0.06649027079638581,3.141592653589793,0.0,[64]
70,10,0.24451888341891426,0.05575032056661522,3.141592653589793,0.0,[64]
77,11,0.25318937163673805,0.06605447479798421,3.141592653589793,0.0,[69]
78,11,0.2532998521797589,0.0569939963155871,3.141592653589793,0.0,[69 70]
87,12,0.26781420794721156,0.06262610495094134,3.141592653589793,0.0,[77 78]
98,13,0.28109300551160643,0.06100147094600972,3.141592653589793,0.0,[87]
116,14,0.30354544541385275,0.0476865300813345,3.141592653589793,0.0,[98]
135,15,0.3333675166233968,0.06957432525271812,3.141592653589793,0.0,[116]
152,16,0.3499658169465931,0.06293553313164224,3.141592653589793,0.0,[135]
165,17,0.3650389787679035,0.05417107186810288,3.141592653589793,0.0,[152]
174,18,0.37384463062049345,0.058870636943078924,3.141592653589793,0.0,[165]
192,19,0.39649029001282643,0.06586048154619761,3.141592653589793,0.0,[174]
200,20,0.4072832044614082,0.06699226553316906,3.141592653589793,0.0,[192]
237,21,0.4367173152398758,0.07624181794453722,3.141592653589793,0.0,[200]
247,21,0.44495360199143164,0.0995136527914684,3.141592653589793,0.0,[200]
277,22,0.46672078217474244,0.08967430575098922,3.141592653589793,0.0,[237 247]
282,22,0.4735171839113932,0.07220338986001984,3.141592653589793,0.0,[237 247]
305,23,0.4853755212254962,0.08290565910645986,3.141592653589793,0.0,[277 282]
322,24,0.5010514479748482,0.08611628410916716,3.141592653589793,0.0,[305]
325,25,0.501906946308977,0.08658432030296792,3.141592653589793,0.0,[322]
349,26,0.5195810859350829,0.09431436323084808,3.141592653589793,0.0,[325]
380,26,0.5478728634446346,0.06442399553585465,3.141592653589793,0.0,[325]
389,26,0.5557946130714323,0.05548453068169179,3.141592653589793,0.0,[325]
391,27,0.5569781291301625,0.08213280174465554,3.141592653589793,0.0,[349]
392,27,0.5571404213211847,0.06667632020423542,3.141592653589793,0.0,[349 380]
394,27,0.5600123654865611,0.12727110854740997,3.141592653589793,0.0,[349]
397,27,0.561968479408257,0.11756695082475754,3.141592653589793,0.0,[349]
398,27,0.5620974544783398,0.11484670023339272,3.141592653589793,0.0,[349]
413,27,0.5722791033349208,0.046308844906908786,3.141592653589793,0.0,[349 380 389]
417,28,0.5732871621001091,0.09521100036352315,3.141592653589793,0.0,[391]
434,28,0.5887674374917551,0.05730498875542367,3.141592653589793,0.0,[391 392 413]
438,28,0.5900337570343676,0.11456905898400549,3.141592653589793,0.0,[391 394 397 398]
449,29,0.5990918785281042,0.11439587248404637,3.141592653589793,0.0,[417 438]
479,29,0.6292780279442892,0.022471998884010413,3.141592653589793,0.0,[434]
483,30,0.6303528659895518,0.09319054085267009,3.141592653589793,0.0,[449]
485,30,0.6318659796207353,0.09944319772187316,3.141592653589793,0.0,[449]
509,30,0.6553446050538375,0.037089616887062804,3.141592653589793,0.0,[479]
506,31,0.6514603682020634,0.08450868134987777,3.141592653589793,0.0,[483 485]
533,31,0.6786521103441522,0.029850827007569025,3.141592653589793,0.0,[509]
508,32,0.6544628505845879,0.08716873657571211,3.141592653589793,0.0,[506]
540,32,0.6902852750658508,0.041351727937014804,3.141592653589793,0.0,[533]
547,33,0.7083959455764388,0.0450682952648398,3.141592653589793,0.0,[508 540]
550,34,0.7105943826460058,0.04554645560247217,3.141592653589793,0.0,[547]
566,35,0.7273255081369194,0.05727694254587634,3.141592653589793,0.0,[550]
568,36,0.7290816442238327,0.05661939236128688,3.141592653589793,0.0,[566]
596,37,0.7683402780343253,0.03962792401936133,3.141592653589793,0.0,[568]
605,38,0.783546750613493,0.03794112297567087,3.141592653589793,0.0,[596]
607,39,0.8010014119041879,0.0220720107475334,3.141592653589793,0.0,[605]
614,40,0.813676259242913,0.027284647245927274,3.141592653589793,0.0,[607]
617,40,0.8186099805365541,0.0071727338341024405,3.141592653589793,0.0,[607]
620,40,0.8221693734292325,0.0010138021051150359,3.141592653589793,0.0,[607]
621,41,0.8252507279923201,0.027024592232626765,3.141592653589793,0.0,[614]
628,41,0.8570031852420354,0.028746743524359686,0.0,0.0,[617 620]
631,42,0.8736827060163088,0.01997929394601239,0.0,0.0,[621 628]
635,43,0.8856676236908496,0.012301353664409542,0.0,0.0,[631]
639,44,0.896421297328916,0.0019556926139085995,0.0,0.0,[635]
645,45,0.9144393823720025,0.013435538037466,3.141592653589793,0.0,[639]
652,46,0.9424299249921076,0.018002776523977415,3.141592653589793,0.0,[645]
653,47,0.9495267430899382,0.022788594214990132,3.141592653589793,0.0,[652]
654,48,0.9811250773317493,0.005777554792526507,0.0,0.0,[653]
655,49,1.0,0.0,3.141592653589793,0.0,[654]
0,0,0.0,0.0,3.141592653589793,0.0,[]
1,1,0.03291357540578299,0.007210043795955912,0.0,0.0,[0]
2,1,0.03920609530878383,0.027284647245927274,3.141592653589793,0.0,[0]
3,2,0.04211685554360389,0.008344938232415555,0.0,0.0,[1]
6,2,0.07575884749070072,0.06100147094600972,3.141592653589793,0.0,[2]
4,3,0.06809359710373086,0.0071727338341024405,3.141592653589793,0.0,[3]
9,3,0.08912121416839602,0.05417107186810288,3.141592653589793,0.0,[6]
12,3,0.09780474432393571,0.06605447479798421,3.141592653589793,0.0,[6]
16,3,0.1130132505885788,0.08967430575098922,3.141592653589793,0.0,[6]
13,4,0.09798031038497856,0.01997929394601239,0.0,0.0,[4]
22,4,0.12960404350994348,0.08655236062675165,3.141592653589793,0.0,[ 9 12 16]
20,5,0.12849210287358026,0.04048114687719184,0.0,0.0,[13]
29,5,0.1438528738904007,0.09514463603860834,3.141592653589793,0.0,[22]
24,6,0.1373959674708558,0.037522701814154624,0.0,0.0,[20]
25,6,0.13845465226484954,0.047402042242054465,0.0,0.0,[20]
42,6,0.1673226055846696,0.07624181794453722,3.141592653589793,0.0,[29]
31,7,0.14551552941907586,0.04452095822202762,0.0,0.0,[24 25]
44,7,0.1726438685841184,0.07170342697520171,3.141592653589793,0.0,[42]
55,8,0.18981264310999868,0.022081654835151454,0.0,0.0,[31]
58,8,0.1938291020151629,0.052883328552777,3.141592653589793,0.0,[44]
62,9,0.20346112605681932,0.016926661799014475,0.0,0.0,[55]
70,9,0.2115543752138197,0.0408168205971543,3.141592653589793,0.0,[58]
77,10,0.21864288892249595,0.04097828985661456,3.141592653589793,0.0,[70]
84,10,0.22299582144399632,0.021411268173012643,0.0,0.0,[62]
100,11,0.24919203975356252,0.04315424175270943,3.141592653589793,0.0,[77]
103,11,0.25509236826662773,0.037095015319738245,0.0,0.0,[84]
106,11,0.2563986420462133,0.03515979361136934,3.141592653589793,0.0,[77]
112,12,0.264892265114789,0.029850827007569025,3.141592653589793,0.0,[100 106]
119,12,0.2696131390941142,0.04082816400812472,0.0,0.0,[103]
126,12,0.27724764059146356,0.048939769541084255,0.0,0.0,[103]
132,13,0.2844383244278602,0.013738978385768652,3.141592653589793,0.0,[112]
160,13,0.3254786593471882,0.07813625034467064,0.0,0.0,[119 126]
158,14,0.32249968810739793,0.0021272684723770974,3.141592653589793,0.0,[132]
164,14,0.33191979261017224,0.07567266620331725,0.0,0.0,[160]
173,15,0.33737191903849884,0.00952957653688491,3.141592653589793,0.0,[158]
180,15,0.3451594208670157,0.0013245629010907312,3.141592653589793,0.0,[158]
187,15,0.35436249371529505,0.08437017881632658,0.0,0.0,[164]
194,16,0.36584117513572645,0.07791531673124019,0.0,0.0,[187]
200,16,0.3748687286824153,0.01615661564039872,3.141592653589793,0.0,[173 180]
198,17,0.3714450624850376,0.07529625982795529,0.0,0.0,[194]
234,17,0.412351524079447,0.008910382466433497,0.0,0.0,[200]
264,18,0.44072100210985166,0.01471463255059613,0.0,0.0,[198 234]
279,19,0.45440983979764527,0.023115857056150824,0.0,0.0,[264]
294,19,0.46482092774184136,0.0014234776977659624,0.0,0.0,[264]
307,20,0.47253644825948427,0.007035638921574772,0.0,0.0,[279 294]
323,21,0.4880171921847889,0.001009160512505658,0.0,0.0,[307]
339,22,0.49615487778057277,0.007641177309582137,0.0,0.0,[323]
348,23,0.5043161416351574,0.003986168925272038,0.0,0.0,[339]
370,24,0.5212339367643839,0.013213103045037422,0.0,0.0,[348]
383,24,0.5327488427033863,0.022788594214990132,3.141592653589793,0.0,[348]
405,25,0.553914218790559,0.007419833282876875,0.0,0.0,[370]
426,25,0.5721909628391666,0.02284686591609497,3.141592653589793,0.0,[370 383]
430,25,0.5735904031513103,0.04938646814277181,3.141592653589793,0.0,[383]
428,26,0.5729654180116432,0.024147238803961746,0.0,0.0,[405]
437,26,0.5804196571197575,0.05548453068169179,3.141592653589793,0.0,[430]
455,26,0.5960106887776495,0.03940445887396837,3.141592653589793,0.0,[426 430]
457,26,0.5962208161818825,0.03962792401936133,3.141592653589793,0.0,[426 430]
462,26,0.6008225313814348,0.028537023224462277,3.141592653589793,0.0,[405 426 430]
461,27,0.5999217098601127,0.018199751195956848,0.0,0.0,[428]
477,27,0.6124186782861718,0.06957432525271812,3.141592653589793,0.0,[437]
483,27,0.6153231242179097,0.03794112297567087,3.141592653589793,0.0,[437 455 457 462]
487,27,0.6181754488664499,0.07546903760612078,3.141592653589793,0.0,[437]
478,28,0.6127906311966362,0.013702207648088938,0.0,0.0,[461]
503,28,0.6409555997376496,0.03841526840137577,3.141592653589793,0.0,[483]
504,28,0.6425843319469973,0.05727694254587634,3.141592653589793,0.0,[477 483 487]
517,28,0.6515989449740422,0.08290565910645986,3.141592653589793,0.0,[477 487]
518,29,0.6516283964646121,0.01150168064487056,3.141592653589793,0.0,[478]
535,29,0.6723777182260072,0.06649027079638581,3.141592653589793,0.0,[503 504 517]
533,30,0.669387894147602,0.0258609825178836,3.141592653589793,0.0,[518]
547,30,0.6841982020850739,0.06699226553316906,3.141592653589793,0.0,[535]
553,31,0.6935229313336916,0.07378393135437766,3.141592653589793,0.0,[547]
558,31,0.7093432840550802,0.0450682952648398,3.141592653589793,0.0,[533 547]
562,31,0.7188239743109816,0.012301353664409542,0.0,0.0,[533]
572,32,0.7389640310833846,0.03069803530232984,0.0,0.0,[562]
578,32,0.7490784519354189,0.018417583123379044,3.141592653589793,0.0,[553 558]
581,33,0.7559637047842852,0.028043963680286277,0.0,0.0,[572]
585,33,0.7699503540144224,0.01978881491569584,3.141592653589793,0.0,[578]
586,33,0.7702953775881968,0.004474931804231419,0.0,0.0,[572]
594,34,0.7772662129806142,0.013738394360229389,0.0,0.0,[581]
596,34,0.7848019983784036,0.03985505455388372,0.0,0.0,[581]
598,34,0.7892465183952956,0.010957541858732212,3.141592653589793,0.0,[585 586]
602,35,0.8055367367102194,0.04679770048484022,0.0,0.0,[596]
605,35,0.8108163042211015,0.022471998884010413,3.141592653589793,0.0,[598]
611,35,0.8161450929078127,0.029847764765064455,3.141592653589793,0.0,[598]
615,35,0.8204516597900019,0.017191086780872777,0.0,0.0,[594 596 598]
618,36,0.8319071537175844,0.04098100343219735,3.141592653589793,0.0,[605 611]
619,36,0.8356763926849697,0.01798916811317408,0.0,0.0,[602 615]
621,36,0.840683336134689,0.007455789152053138,3.141592653589793,0.0,[605 611]
627,37,0.8526980272433506,0.058870636943078924,3.141592653589793,0.0,[618]
630,37,0.8540748369789996,0.0569939963155871,3.141592653589793,0.0,[618]
635,37,0.8684506318826154,0.004168898773568297,0.0,0.0,[619 621]
634,38,0.8677478073243802,0.05061757331302397,3.141592653589793,0.0,[627 630]
637,38,0.875637627353333,0.001532720779754082,3.141592653589793,0.0,[635]
638,39,0.8841772452734964,0.04994537510540098,3.141592653589793,0.0,[634]
639,39,0.8878537262073276,0.013435538037466,3.141592653589793,0.0,[637]
641,40,0.8922333928159731,0.0476865300813345,3.141592653589793,0.0,[638]
642,40,0.895109379157179,0.018002776523977415,3.141592653589793,0.0,[639]
644,40,0.8987656319351075,0.008362735298640622,3.141592653589793,0.0,[639]
647,40,0.9047271592906826,0.06586048154619761,3.141592653589793,0.0,[638]
649,40,0.9097719418111317,0.07220338986001984,3.141592653589793,0.0,[638]
648,41,0.909680013547861,0.006484924800156167,3.141592653589793,0.0,[642 644]
651,41,0.9209265594915902,0.06262610495094134,3.141592653589793,0.0,[641 647 649]
652,42,0.9276941854452772,0.06293553313164224,3.141592653589793,0.0,[651]
654,42,0.9453192277365092,0.024823451727035373,3.141592653589793,0.0,[648]
655,43,1.0,0.0,3.141592653589793,0.0,[652 654]
0,0,0.0,0.0,3.141592653589793,0.0,[]
1,1,0.02716613301397508,0.023804311654572197,3.141592653589793,0.0,[0]
9,1,0.07760387384628897,0.06928756969177596,0.0,0.0,[0]
3,2,0.054303127864740786,0.03858256145238237,3.141592653589793,0.0,[1]
11,2,0.0882171855579964,0.06711591244631077,0.0,0.0,[9]
7,3,0.06656698523591364,0.029097017530743896,3.141592653589793,0.0,[3]
17,3,0.10555120498998694,0.06184215829647166,0.0,0.0,[11]
10,4,0.08548533590565144,0.013999929532760191,3.141592653589793,0.0,[7]
20,4,0.13300255510723225,0.05234320856813213,0.0,0.0,[17]
14,5,0.09850057089640651,0.011529635175855035,3.141592653589793,0.0,[10]
22,5,0.13548835024426487,0.02909076374901065,0.0,0.0,[10]
28,5,0.1542047289594486,0.06012123487534171,0.0,0.0,[20]
21,6,0.13303281145332602,0.02992504656541728,3.141592653589793,0.0,[14]
30,6,0.16060551462009764,0.020920914346370223,0.0,0.0,[14 22]
33,6,0.16750881617262448,0.03407303356924973,0.0,0.0,[14 22]
34,6,0.17452069211574006,0.057266091525264295,0.0,0.0,[14 22 28]
27,7,0.14933168883901282,0.03757149091830181,3.141592653589793,0.0,[21]
41,7,0.18630674405662462,0.03849948876544573,0.0,0.0,[30 33]
45,7,0.19490327721316447,0.07354864623866508,0.0,0.0,[34]
49,7,0.20429574147876617,0.06251230277467956,0.0,0.0,[30 33 34]
35,8,0.17526734200531235,0.035404878308255894,3.141592653589793,0.0,[27]
36,8,0.17745256170082369,0.027337428638841588,3.141592653589793,0.0,[27]
39,8,0.1831143111918646,0.013812496685459807,3.141592653589793,0.0,[27]
64,8,0.22762925259604339,0.07020045261276853,0.0,0.0,[41 45 49]
48,9,0.20123212780711175,0.022610671426988027,3.141592653589793,0.0,[35 36 39]
86,9,0.24322806572219113,0.057244592103372516,0.0,0.0,[64]
60,10,0.22191080537814334,0.038021178264505684,3.141592653589793,0.0,[48]
61,10,0.2228722182322319,0.02175615822701693,3.141592653589793,0.0,[48]
69,10,0.22951426267475616,0.004880809116495466,0.0,0.0,[48]
90,10,0.2504938787750368,0.06324217306022728,0.0,0.0,[86]
91,10,0.2529212124667739,0.05189044467624726,0.0,0.0,[86]
71,11,0.23393591134677572,0.03856572350179732,3.141592653589793,0.0,[60]
79,11,0.24016749735234033,0.008359378030888265,0.0,0.0,[69]
97,11,0.2558665430801875,0.012861497450116777,3.141592653589793,0.0,[60 61 69]
102,11,0.2714344345512345,0.06685986857168247,0.0,0.0,[90 91]
104,12,0.2733110222516004,0.06750162857776376,0.0,0.0,[102]
108,12,0.2794051076433437,0.010010254844010635,3.141592653589793,0.0,[71 79 97]
122,13,0.2999180187985774,0.07389410946655295,0.0,0.0,[104]
124,13,0.3058030647888972,0.014488077742587424,3.141592653589793,0.0,[108]
128,13,0.3092798513433126,0.09484835511635137,0.0,0.0,[104]
136,14,0.3184293684917803,0.013908966678937928,3.141592653589793,0.0,[124]
137,14,0.3194186193523615,0.10159501602065724,0.0,0.0,[128]
140,14,0.3238648265919307,0.07684368783747453,0.0,0.0,[122]
148,15,0.3313883374056482,0.01183038178634599,3.141592653589793,0.0,[136]
151,15,0.3352718517547826,0.09062072274835753,0.0,0.0,[137]
152,15,0.3359730031182755,0.021480512455327117,3.141592653589793,0.0,[136]
165,15,0.3455872988203571,0.07158392375955391,0.0,0.0,[140]
168,15,0.3483147919474707,0.07549548278231377,0.0,0.0,[137 140]
173,15,0.3526416182813231,0.059591426922359414,0.0,0.0,[140]
176,15,0.35596033394008597,0.020137051574226073,0.0,0.0,[136]
179,16,0.35739693857851784,0.06068974419965267,0.0,0.0,[165 173]
182,16,0.3626856637209209,0.0704955059757868,0.0,0.0,[151 165 168]
193,16,0.3754497950259833,0.02814800498022041,0.0,0.0,[148 176]
199,16,0.3819428944401554,0.06372019687753705,3.141592653589793,0.0,[152]
200,16,0.3820579965876961,0.03549684531304631,3.141592653589793,0.0,[148 152]
201,17,0.3833553309885871,0.05530326482905035,0.0,0.0,[179 182]
202,17,0.3846172987277474,0.07014055547605247,0.0,0.0,[179 182]
203,17,0.38558866111292434,0.06603828750557361,0.0,0.0,[179 182]
213,17,0.3982776413796769,0.04193942327894862,3.141592653589793,0.0,[200]
221,17,0.40274542771692123,0.025233109662237463,0.0,0.0,[179 193]
231,17,0.41274647733815883,0.06969880457395994,3.141592653589793,0.0,[199]
224,18,0.40434444521960167,0.06295974658785786,0.0,0.0,[201 202 203]
247,18,0.4227156046776237,0.01992339653223152,0.0,0.0,[201 221]
249,18,0.42535705256512657,0.060361470936193706,3.141592653589793,0.0,[213 231]
234,19,0.4142984461754141,0.06586581024327076,0.0,0.0,[224]
260,19,0.4373739008149169,0.025511434641435904,0.0,0.0,[247]
267,19,0.4413829938113226,0.05192976206960154,3.141592653589793,0.0,[249]
259,20,0.4361264743734442,0.06990110357588797,0.0,0.0,[234]
289,20,0.4559132120737581,0.007412855169039778,0.0,0.0,[260]
310,20,0.4653583119222465,0.03005915049164698,3.141592653589793,0.0,[267]
281,21,0.4486705398870635,0.06536580760471478,0.0,0.0,[259]
312,21,0.4672651720629569,0.02884249574935671,3.141592653589793,0.0,[310]
314,21,0.46827006198487153,0.0001424348142418097,0.0,0.0,[289]
307,22,0.4642162647371213,0.056237383972079,0.0,0.0,[281]
344,22,0.49699505971496116,0.03997838095203887,3.141592653589793,0.0,[312]
359,22,0.5057084251921496,0.031022270877100855,3.141592653589793,0.0,[312 314]
330,23,0.48503303245976714,0.0736960891554258,0.0,0.0,[307]
336,23,0.48854628252537513,0.051070327376502855,0.0,0.0,[307]
371,23,0.5139239599653379,0.03408717843042852,3.141592653589793,0.0,[344 359]
357,24,0.5050899140795694,0.05561406189185569,0.0,0.0,[330 336]
376,24,0.5160535283095788,0.035171268679598966,3.141592653589793,0.0,[371]
381,25,0.5224935207335615,0.06675247497017267,0.0,0.0,[357]
392,25,0.5272124359470711,0.038269998207266065,0.0,0.0,[357]
401,25,0.5397130525560563,0.045122742193026144,3.141592653589793,0.0,[376]
407,25,0.5517864729430388,0.013409748305201363,3.141592653589793,0.0,[376]
400,26,0.5390288773879373,0.0652581866846007,0.0,0.0,[381]
427,26,0.5746435750965259,0.019808056038656874,0.0,0.0,[381 392]
436,26,0.585576726034659,0.045692299523022895,3.141592653589793,0.0,[401 407]
440,26,0.5891823961334223,0.034856439624164626,3.141592653589793,0.0,[401 407]
444,26,0.5907955236609984,0.005614214551630803,3.141592653589793,0.0,[392 401 407]
425,27,0.5697475252674372,0.08706737947374732,0.0,0.0,[400]
428,27,0.5752590657863674,0.06973607628152223,0.0,0.0,[400]
458,27,0.6080590188109714,0.03639898466999525,3.141592653589793,0.0,[436 440]
467,27,0.6129273285260234,0.007071563842731443,3.141592653589793,0.0,[400 427 444]
451,28,0.6000256549085513,0.08446138105597134,0.0,0.0,[425 428]
454,28,0.6021640948700128,0.04340662835407638,0.0,0.0,[428]
481,28,0.6267629825663753,0.03325405807696147,3.141592653589793,0.0,[458]
484,28,0.6276009540810412,0.0016359604751710055,0.0,0.0,[467]
487,28,0.6286943019409654,0.025925295890465994,3.141592653589793,0.0,[458]
490,28,0.6297828133740329,0.019423405732082344,3.141592653589793,0.0,[458 467]
473,29,0.6164917484631474,0.06860848385180218,0.0,0.0,[451]
493,29,0.6348666335190425,0.008675365634959076,0.0,0.0,[484]
495,29,0.6373809218183399,0.04375701982322422,0.0,0.0,[454]
502,29,0.6434290340361257,0.018517943566914385,3.141592653589793,0.0,[481 487 490]
506,29,0.652994392756923,0.03696169219226242,3.141592653589793,0.0,[481 487 490]
543,30,0.6902751070857428,0.009806649896118236,3.141592653589793,0.0,[493 502 506]
547,30,0.6922802047136719,0.005246805709828828,3.141592653589793,0.0,[473 493 495 502 506]
548,31,0.6948464582341976,0.007464368541114874,3.141592653589793,0.0,[543 547]
555,32,0.704535160041101,0.0037357856260835653,3.141592653589793,0.0,[548]
564,33,0.7128544393321458,0.00449313696451159,3.141592653589793,0.0,[555]
569,34,0.729266225796561,0.009125146440614684,0.0,0.0,[564]
588,35,0.7515078530431906,0.022657695147239476,0.0,0.0,[569]
607,36,0.7839121515738247,0.0545307979932651,0.0,0.0,[588]
611,37,0.7936280893820931,0.047675271241615635,0.0,0.0,[607]
614,38,0.8113823615324637,0.062221461447562354,0.0,0.0,[611]
617,39,0.8147209579719992,0.06473168833142151,0.0,0.0,[614]
627,40,0.8356762522564777,0.04466862631170232,0.0,0.0,[617]
638,41,0.8783874390511331,0.04775787866455661,0.0,0.0,[627]
642,41,0.8893615162942499,0.0009015601969282194,3.141592653589793,0.0,[627]
644,41,0.8969141149145092,0.007984136131126696,0.0,0.0,[627]
649,42,0.9212241976465279,0.016847066694580803,0.0,0.0,[638 642 644]
651,43,0.9319405931014353,0.023181575893250983,0.0,0.0,[649]
653,44,0.9623004812866204,0.03729135654542681,0.0,0.0,[651]
654,44,0.9699713936690308,0.00514799187108661,0.0,0.0,[651]
655,45,1.0,0.0,3.141592653589793,0.0,[653 654]
0,0,0.0,0.0,3.141592653589793,0.0,[]
1,1,0.015667001460782037,0.01183038178634599,3.141592653589793,0.0,[0]
2,2,0.02109393277661442,0.011529635175855035,3.141592653589793,0.0,[1]
3,3,0.034830503695241766,0.009806649896118236,3.141592653589793,0.0,[2]
7,4,0.08043021056290822,0.035171268679598966,3.141592653589793,0.0,[3]
10,5,0.10303462760614324,0.05185078147328814,3.141592653589793,0.0,[7]
21,6,0.14343168542308127,0.08717653052494823,3.141592653589793,0.0,[10]
23,7,0.15246970007033622,0.08461474524084456,3.141592653589793,0.0,[21]
29,8,0.16550001384953794,0.08348226377777501,3.141592653589793,0.0,[23]
39,9,0.18610186377485627,0.07556835166525877,3.141592653589793,0.0,[29]
60,10,0.2148426308943422,0.07624482325097703,3.141592653589793,0.0,[39]
64,10,0.22402221255646693,0.09646341206704634,3.141592653589793,0.0,[39]
74,11,0.24241283578396144,0.08467714868606235,3.141592653589793,0.0,[60 64]
79,12,0.24740752965661605,0.08769088751050158,3.141592653589793,0.0,[74]
90,13,0.26469750373385514,0.09551404066801128,3.141592653589793,0.0,[79]
99,14,0.2778424416207419,0.08244074351301767,3.141592653589793,0.0,[90]
102,15,0.2791904149369142,0.08226419832705534,3.141592653589793,0.0,[99]
127,16,0.31518371634678044,0.0746857949582318,3.141592653589793,0.0,[102]
138,16,0.32323207784966834,0.045122742193026144,3.141592653589793,0.0,[102]
158,17,0.3440506238959661,0.0577626224431983,3.141592653589793,0.0,[127 138]
166,17,0.35210436494191577,0.07408413471096109,3.141592653589793,0.0,[127]
173,18,0.3623305406603805,0.04711861018314145,3.141592653589793,0.0,[158]
182,18,0.36944527844325137,0.06390836219209939,3.141592653589793,0.0,[158 166]
208,19,0.39945014251396493,0.05509441142328808,3.141592653589793,0.0,[173 182]
209,20,0.40252467668965586,0.053943347265140384,3.141592653589793,0.0,[208]
226,21,0.4231403957773885,0.06969880457395994,3.141592653589793,0.0,[209]
244,22,0.43823561310484926,0.06109872929977689,3.141592653589793,0.0,[226]
265,23,0.46600375292300555,0.045692299523022895,3.141592653589793,0.0,[244]
293,24,0.48769491016866584,0.03005915049164698,3.141592653589793,0.0,[265]
312,25,0.4983785786654601,0.022610671426988027,3.141592653589793,0.0,[293]
314,26,0.49959550628467253,0.02175615822701693,3.141592653589793,0.0,[312]
335,27,0.514513768635155,0.027337428638841588,3.141592653589793,0.0,[314]
360,28,0.5321853826512943,0.040576951253878724,3.141592653589793,0.0,[335]
366,29,0.5382598737400615,0.03757149091830181,3.141592653589793,0.0,[360]
383,30,0.5587085288855972,0.03856572350179732,3.141592653589793,0.0,[366]
398,31,0.5698321230056999,0.04855562002489644,3.141592653589793,0.0,[383]
434,32,0.5987503581934653,0.02884249574935671,3.141592653589793,0.0,[398]
449,32,0.6120028323589688,0.047887139022796066,3.141592653589793,0.0,[398]
462,33,0.6236894495809101,0.04378034811094267,3.141592653589793,0.0,[434 449]
468,33,0.6278738905990938,0.05192976206960154,3.141592653589793,0.0,[434 449]
471,33,0.6317554774764249,0.06737169611186944,3.141592653589793,0.0,[449]
483,34,0.645434608385494,0.07404988691288006,3.141592653589793,0.0,[471]
488,34,0.6515514125244911,0.03943377866571063,3.141592653589793,0.0,[462 468]
492,34,0.6562669609493221,0.025925295890465994,3.141592653589793,0.0,[462 468]
496,35,0.6611331805436597,0.030361524828748654,3.141592653589793,0.0,[488 492]
523,35,0.6891486433476738,0.09885480566464655,3.141592653589793,0.0,[483]
502,36,0.6655469112129601,0.031022270877100855,3.141592653589793,0.0,[496]
545,36,0.7173012291179783,0.10527662992989517,3.141592653589793,0.0,[523]
552,36,0.7228846896587741,0.1305289519994164,3.141592653589793,0.0,[523]
530,37,0.6998582830779037,0.013409748305201363,3.141592653589793,0.0,[502]
544,37,0.717124518675861,0.011227186906135223,0.0,0.0,[502]
563,37,0.7413317277009271,0.12572998604012176,3.141592653589793,0.0,[545 552]
569,37,0.7441589287477344,0.1296006381420004,3.141592653589793,0.0,[545 552]
571,37,0.7448956772465241,0.13163962469292967,3.141592653589793,0.0,[545 552]
568,38,0.7439019485184571,0.03549684531304631,3.141592653589793,0.0,[530]
575,38,0.7507123827954638,0.13204017224651055,3.141592653589793,0.0,[563 569 571]
580,38,0.7563276467209212,0.03814741150676182,0.0,0.0,[530 544]
585,39,0.7595482264186164,0.1284761309693132,3.141592653589793,0.0,[575]
587,39,0.768116715592171,0.03408717843042852,3.141592653589793,0.0,[568]
588,39,0.7686269063539115,0.04801243599021621,0.0,0.0,[580]
592,40,0.7744820417847877,0.128796010384427,3.141592653589793,0.0,[585]
595,40,0.7854617342854124,0.062221461447562354,0.0,0.0,[588]
599,40,0.7907351089958808,0.014488077742587424,3.141592653589793,0.0,[587]
601,40,0.7976985066315964,0.005246805709828828,3.141592653589793,0.0,[587]
602,41,0.7996076983478692,0.11003561021218344,3.141592653589793,0.0,[592]
605,41,0.8086802244062705,0.057266091525264295,0.0,0.0,[595]
614,41,0.8359045328091287,0.02585436422666365,0.0,0.0,[595 599 601]
604,42,0.8075024258374713,0.10880173441554652,3.141592653589793,0.0,[602]
621,42,0.8507800730864248,0.020137051574226073,0.0,0.0,[605 614]
607,43,0.8251056401667511,0.10697744565811562,3.141592653589793,0.0,[604]
612,43,0.8338343082112953,0.09442450083504439,3.141592653589793,0.0,[604]
615,43,0.8373450322502105,0.0841262266799706,3.141592653589793,0.0,[604]
629,43,0.8747901858571563,0.020920914346370223,0.0,0.0,[621]
618,44,0.8409675962326446,0.12032967916665349,3.141592653589793,0.0,[607]
632,44,0.8853737041775428,0.04478094180980918,3.141592653589793,0.0,[612 615]
633,44,0.8902510693506069,0.007412855169039778,0.0,0.0,[629]
635,45,0.906971909162562,0.013196809218568695,0.0,0.0,[633]
636,45,0.912444371705727,0.0500531996884811,3.141592653589793,0.0,[618 632]
637,45,0.9188044912143236,0.03997838095203887,3.141592653589793,0.0,[632]
646,46,0.9494522010429878,0.013908966678937928,3.141592653589793,0.0,[635 636 637]
648,47,0.9538187190604455,0.012861497450116777,3.141592653589793,0.0,[646]
649,48,0.959071105716198,0.013999929532760191,3.141592653589793,0.0,[648]
654,49,0.9857732017965657,0.008176208014363806,0.0,0.0,[649]
655,50,1.0,0.0,3.141592653589793,0.0,[654]
0,0,0.0,0.0,3.141592653589793,0.0,[]
1,1,0.04432187450125813,0.04340662835407638,0.0,0.0,[0]
9,2,0.07461493228923011,0.022657695147239476,0.0,0.0,[1]
12,3,0.09661775692249519,0.04094718714026868,0.0,0.0,[9]
13,4,0.1058441308467516,0.04876934741336214,0.0,0.0,[12]
17,5,0.12407461290099564,0.05530326482905035,0.0,0.0,[13]
21,6,0.1336067928229696,0.06428327039521053,0.0,0.0,[17]
29,7,0.16279876391950276,0.06412994546651596,0.0,0.0,[21]
41,8,0.1837451535721093,0.0815612045274059,0.0,0.0,[29]
45,9,0.19602098450708727,0.09191969031322844,0.0,0.0,[41]
52,10,0.20924428664043204,0.0974268829438748,0.0,0.0,[45]
79,11,0.23884417210247744,0.12303638418116747,0.0,0.0,[52]
87,12,0.2470655232226736,0.1263587144394368,0.0,0.0,[79]
95,13,0.26081426869349034,0.13933406292025508,0.0,0.0,[87]
104,14,0.27951266576121014,0.14618280896494873,0.0,0.0,[95]
127,15,0.3146746530089829,0.16551641393317573,0.0,0.0,[104]
141,16,0.32646450353761414,0.17679633864666888,0.0,0.0,[127]
149,16,0.33242921554810323,0.17031328336112495,0.0,0.0,[127]
150,16,0.3327605632297548,0.16963285483558754,0.0,0.0,[127]
171,17,0.3483340095625578,0.15581719725635756,0.0,0.0,[141 149 150]
180,18,0.3579221300715407,0.14956879693745317,0.0,0.0,[171]
209,19,0.38399574621291843,0.1445113727921078,0.0,0.0,[180]
219,20,0.3948887193313406,0.13954816485587784,0.0,0.0,[209]
233,21,0.406403338809458,0.13005062428681036,0.0,0.0,[219]
244,22,0.420641475785707,0.1399039902610183,0.0,0.0,[233]
252,23,0.42586489735614275,0.1437300853456034,0.0,0.0,[244]
267,24,0.4403216383130558,0.13899532936502645,0.0,0.0,[252]
335,25,0.49091004852683406,0.09484835511635137,0.0,0.0,[267]
347,26,0.5024655633456137,0.08383366910138534,0.0,0.0,[335]
399,27,0.540903725284542,0.07684368783747453,0.0,0.0,[347]
400,27,0.5412347599312884,0.047675271241615635,0.0,0.0,[347]
416,28,0.5566584096783526,0.04375701982322422,0.0,0.0,[400]
421,28,0.5615098693398282,0.07550260005131859,0.0,0.0,[399]
423,29,0.5634627368013134,0.04775787866455661,0.0,0.0,[416]
446,29,0.5802845983195521,0.028813798076867903,0.0,0.0,[416]
450,29,0.5840540200049051,0.0685011056537046,0.0,0.0,[416 421]
454,30,0.5897743885763707,0.07020045261276853,0.0,0.0,[423 450]
458,30,0.5948185683190516,0.03814741150676182,0.0,0.0,[423 446]
466,31,0.6008283144163776,0.0736960891554258,0.0,0.0,[454]
484,31,0.6216432314861089,0.05219008060009944,0.0,0.0,[454 458]
497,32,0.6361270055654298,0.06012123487534171,0.0,0.0,[466 484]
519,33,0.6606569309779083,0.059591426922359414,0.0,0.0,[497]
539,34,0.6886646454595349,0.03407303356924973,0.0,0.0,[519]
542,35,0.6942193275634123,0.038269998207266065,0.0,0.0,[539]
561,36,0.7273625417675893,0.007984136131126696,0.0,0.0,[542]
567,37,0.7407409607414838,0.005063539921920879,0.0,0.0,[561]
582,38,0.7636983828913214,0.013685164830974927,3.141592653589793,0.0,[567]
598,39,0.7921913585081822,0.03858256145238237,3.141592653589793,0.0,[582]
609,39,0.8102015573597736,0.0009015601969282194,3.141592653589793,0.0,[582]
607,40,0.8096354373871648,0.0360804751577537,3.141592653589793,0.0,[598]
612,40,0.8194958254644471,0.05082436345307939,3.141592653589793,0.0,[598]
617,40,0.8345865020257343,0.010010254844010635,3.141592653589793,0.0,[598 609]
620,41,0.8382355580262101,0.04033832275320537,3.141592653589793,0.0,[607 612]
623,41,0.8399817380833707,0.013812496685459807,3.141592653589793,0.0,[607 617]
630,42,0.8609103759436305,0.021738029320717445,3.141592653589793,0.0,[620 623]
632,43,0.8679062329841024,0.021480512455327117,3.141592653589793,0.0,[630]
633,44,0.8704497835085627,0.023804311654572197,3.141592653589793,0.0,[632]
638,45,0.8870455951068287,0.03997838095203887,3.141592653589793,0.0,[633]
640,45,0.8939670842881863,0.030611350022952455,3.141592653589793,0.0,[633]
643,45,0.898471238369302,0.014488077742587424,3.141592653589793,0.0,[633]
647,46,0.9044796541723846,0.04711861018314145,3.141592653589793,0.0,[638]
649,46,0.9079913014675983,0.03856572350179732,3.141592653589793,0.0,[638 640]
650,46,0.9123216372143428,0.030361524828748654,3.141592653589793,0.0,[638 640]
652,46,0.927308363847013,0.009806649896118236,3.141592653589793,0.0,[638 640 643]
654,47,0.952399281107641,0.021378389442016976,3.141592653589793,0.0,[647 649 650 652]
655,48,1.0,0.0,3.141592653589793,0.0,[654]
0,0,0.0,0.0,3.141592653589793,0.0,[]
1,1,0.028998634119886457,0.01183038178634599,3.141592653589793,0.0,[0]
5,2,0.06159612962891736,0.005614214551630803,3.141592653589793,0.0,[1]
7,2,0.0728119952733608,0.04033832275320537,3.141592653589793,0.0,[1]
8,2,0.07710599835064547,0.025925295890465994,3.141592653589793,0.0,[1]
9,2,0.08788272625371507,0.06109872929977689,3.141592653589793,0.0,[1]
11,3,0.09831607045924529,0.027848987420744598,3.141592653589793,0.0,[5 7 8]
12,3,0.10122803929562385,0.06969880457395994,3.141592653589793,0.0,[9]
18,4,0.1278698603392896,0.08244074351301767,3.141592653589793,0.0,[12]
23,4,0.13884047125471533,0.03408717843042852,3.141592653589793,0.0,[11 12]
32,5,0.1554579353005724,0.08552334259408545,3.141592653589793,0.0,[18]
34,5,0.16745180609523413,0.02992504656541728,3.141592653589793,0.0,[23]
35,5,0.17128173072479347,0.040576951253878724,3.141592653589793,0.0,[18 23]
39,6,0.1879819536210321,0.018517943566914385,3.141592653589793,0.0,[34]
42,6,0.1908550847407794,0.11032736984554625,3.141592653589793,0.0,[32]
44,6,0.19713212278578518,0.03720743582490582,3.141592653589793,0.0,[34 35]
49,6,0.20802524357224916,0.13554278014628818,3.141592653589793,0.0,[32]
45,7,0.19770948063829463,0.013812496685459807,3.141592653589793,0.0,[39]
47,7,0.2004841424385373,0.03549684531304631,3.141592653589793,0.0,[44]
59,7,0.2248399878203804,0.12386419418239525,3.141592653589793,0.0,[42 49]
71,7,0.23850462155302832,0.1484566996720108,3.141592653589793,0.0,[42 49]
57,8,0.22125889353729145,0.03325405807696147,3.141592653589793,0.0,[45 47]
72,8,0.2400936075298965,0.13150098673976107,3.141592653589793,0.0,[59]
88,8,0.2630347398281748,0.16908013487505213,3.141592653589793,0.0,[71]
92,8,0.2676839382719416,0.1638751388334272,3.141592653589793,0.0,[59 71]
64,9,0.22853264582658894,0.03696169219226242,3.141592653589793,0.0,[57]
79,9,0.2510805761555285,0.12621212960894668,3.141592653589793,0.0,[72]
104,9,0.2841278142985686,0.1748067972734506,3.141592653589793,0.0,[72 88 92]
80,10,0.2563443827281868,0.060361470936193706,3.141592653589793,0.0,[64]
84,10,0.2586467612089097,0.12572998604012176,3.141592653589793,0.0,[79]
107,10,0.28821567334449494,0.15914544470269099,3.141592653589793,0.0,[79]
108,10,0.29574755543626174,0.16722403799616425,3.141592653589793,0.0,[ 79 104]
119,10,0.30253361119434496,0.19182711588235224,3.141592653589793,0.0,[104]
106,11,0.2867824805907039,0.06417606856577351,3.141592653589793,0.0,[80]
110,11,0.2965482266219698,0.13022184447254181,3.141592653589793,0.0,[84]
113,11,0.2973727598023813,0.16782368756849553,3.141592653589793,0.0,[107 108]
121,11,0.3087301070838685,0.1866998365580187,3.141592653589793,0.0,[119]
122,12,0.31107586541342647,0.04723407368490362,3.141592653589793,0.0,[106]
131,12,0.3226736722226162,0.14938211775521815,3.141592653589793,0.0,[110 113]
134,12,0.32409334430759706,0.19457698703397563,3.141592653589793,0.0,[121]
130,13,0.32110419052328265,0.045122742193026144,3.141592653589793,0.0,[122]
147,13,0.344881570041099,0.1305289519994164,3.141592653589793,0.0,[131]
152,13,0.34893349003427065,0.20032997820534792,3.141592653589793,0.0,[134]
149,14,0.34567065627091853,0.04341693703162186,3.141592653589793,0.0,[130]
174,14,0.3744951228805655,0.20292281250675448,3.141592653589793,0.0,[152]
179,14,0.38384871762484274,0.14380990246073555,3.141592653589793,0.0,[147]
187,14,0.38923077630425396,0.1525480953518915,3.141592653589793,0.0,[147]
189,14,0.3902109871042925,0.11465051303419715,3.141592653589793,0.0,[147]
164,15,0.3625585684499232,0.045692299523022895,3.141592653589793,0.0,[149]
207,15,0.40286918931165405,0.18419843792707302,3.141592653589793,0.0,[174]
215,15,0.40830821751459245,0.178011122550099,3.141592653589793,0.0,[174]
217,15,0.41369715399237916,0.1331815141908239,3.141592653589793,0.0,[179 187 189]
193,16,0.39300604943960005,0.07408413471096109,3.141592653589793,0.0,[164]
241,16,0.4352385028579784,0.15252892252504535,3.141592653589793,0.0,[207 215 217]
197,17,0.3961198419496107,0.07624482325097703,3.141592653589793,0.0,[193]
260,17,0.45355923895546735,0.13636718953250226,3.141592653589793,0.0,[241]
268,18,0.4632656717423016,0.128796010384427,3.141592653589793,0.0,[197 260]
274,18,0.46498975962262057,0.13163962469292967,3.141592653589793,0.0,[197 260]
290,19,0.4764509513631727,0.1334773583303821,3.141592653589793,0.0,[268 274]
298,20,0.48215801757501664,0.1296006381420004,3.141592653589793,0.0,[290]
306,21,0.49130113096283745,0.13472136436379223,3.141592653589793,0.0,[298]
313,22,0.49564181886749237,0.13481329179973434,3.141592653589793,0.0,[306]
355,23,0.5204771312657357,0.11757276043061815,3.141592653589793,0.0,[313]
408,24,0.5644937179815123,0.11003561021218344,3.141592653589793,0.0,[355]
415,25,0.5705788834441434,0.10803373639022762,3.141592653589793,0.0,[408]
429,26,0.5809756206938578,0.11831300707599168,3.141592653589793,0.0,[415]
434,27,0.5902344460681912,0.12347377367265688,3.141592653589793,0.0,[429]
472,28,0.6196279277360923,0.09563887950728289,3.141592653589793,0.0,[434]
492,29,0.6433241269651255,0.09442450083504439,3.141592653589793,0.0,[472]
515,30,0.6638830651301187,0.11090767559406889,3.141592653589793,0.0,[492]
538,31,0.6871182955840587,0.10423858959056509,3.141592653589793,0.0,[515]
540,32,0.6893698284015111,0.10235634894572065,3.141592653589793,0.0,[538]
549,33,0.7004554902114017,0.09911974406289314,3.141592653589793,0.0,[540]
559,34,0.7135332852015148,0.08717653052494823,3.141592653589793,0.0,[549]
575,35,0.7301411510407078,0.0841262266799706,3.141592653589793,0.0,[559]
582,35,0.7506681153939039,0.05047561402389977,3.141592653589793,0.0,[559]
583,36,0.752835004356865,0.07556835166525877,3.141592653589793,0.0,[575]
595,36,0.7777422472469712,0.035404878308255894,3.141592653589793,0.0,[582]
604,37,0.7989209927395066,0.038021178264505684,3.141592653589793,0.0,[583 595]
609,38,0.810419457670194,0.03856572350179732,3.141592653589793,0.0,[604]
618,39,0.8290833227257858,0.027337428638841588,3.141592653589793,0.0,[609]
628,40,0.8504962112085863,0.035171268679598966,3.141592653589793,0.0,[618]
638,41,0.8823363426829355,0.00449313696451159,3.141592653589793,0.0,[628]
642,42,0.9014831823678217,0.013409748305201363,3.141592653589793,0.0,[638]
644,43,0.9087179257630157,0.019423405732082344,3.141592653589793,0.0,[642]
645,43,0.930045843189665,0.007984136131126696,0.0,0.0,[642]
646,44,0.9308878191643486,0.03621046591614252,3.141592653589793,0.0,[644]
647,44,0.9402116539785127,0.007412855169039778,0.0,0.0,[644 645]
649,44,0.9540039615617673,0.012861497450116777,3.141592653589793,0.0,[644 645]
648,45,0.9468788617069466,0.04855562002489644,3.141592653589793,0.0,[646]
651,45,0.9582426271920573,0.008675365634959076,0.0,0.0,[647]
652,45,0.9621581697736937,0.0027222868246804532,3.141592653589793,0.0,[647]
653,45,0.9686248225552502,0.013908966678937928,3.141592653589793,0.0,[646 647 649]
650,46,0.9566169138633851,0.03997838095203887,3.141592653589793,0.0,[648]
654,46,0.9798111908193122,0.0037357856260835653,3.141592653589793,0.0,[651 652 653]
655,47,1.0,0.0,3.141592653589793,0.0,[650 654]
0,0,0.0,0.0,3.141592653589793,0.0,[]
1,1,0.05369633772973914,0.03005915049164698,3.141592653589793,0.0,[0]
3,2,0.058479073314522734,0.027848987420744598,3.141592653589793,0.0,[1]
5,2,0.06981186045602605,0.045122742193026144,3.141592653589793,0.0,[1]
9,3,0.08743161505024921,0.02884249574935671,3.141592653589793,0.0,[3 5]
12,3,0.08861851540401189,0.023804311654572197,3.141592653589793,0.0,[3]
15,4,0.11165736033049689,0.025925295890465994,3.141592653589793,0.0,[ 9 12]
22,5,0.13778241584069617,0.0360804751577537,3.141592653589793,0.0,[15]
28,5,0.15107125859824821,0.053943347265140384,3.141592653589793,0.0,[15]
37,6,0.17481065261449302,0.06969880457395994,3.141592653589793,0.0,[22 28]
41,7,0.1806866243853128,0.07408413471096109,3.141592653589793,0.0,[37]
61,8,0.2165656688281271,0.10235634894572065,3.141592653589793,0.0,[41]
67,9,0.22836517980974702,0.10153149924658944,3.141592653589793,0.0,[61]
80,9,0.2467665894193699,0.1284761309693132,3.141592653589793,0.0,[61]
86,10,0.2520098944264644,0.13204017224651055,3.141592653589793,0.0,[80]
87,10,0.2528931116888389,0.12347377367265688,3.141592653589793,0.0,[67 80]
99,11,0.2651821495562219,0.1218799080769627,3.141592653589793,0.0,[86 87]
111,12,0.27951023894035876,0.1086043759993105,3.141592653589793,0.0,[99]
131,13,0.2949655289576447,0.10258758735746432,3.141592653589793,0.0,[111]
153,14,0.32850796199043153,0.12297602706961897,3.141592653589793,0.0,[131]
163,15,0.33695876563283256,0.12767056634106844,3.141592653589793,0.0,[153]
174,16,0.3483214917380485,0.12032967916665349,3.141592653589793,0.0,[163]
197,17,0.37051948647200705,0.1331815141908239,3.141592653589793,0.0,[174]
207,18,0.3813739891479603,0.1334773583303821,3.141592653589793,0.0,[197]
222,19,0.39577028154958105,0.13472136436379223,3.141592653589793,0.0,[207]
234,20,0.40758226130708175,0.14523163868047784,3.141592653589793,0.0,[222]
256,21,0.4261555608037061,0.13329910010830215,3.141592653589793,0.0,[234]
269,22,0.4393604266682122,0.12621212960894668,3.141592653589793,0.0,[256]
296,23,0.46946172354744087,0.10165739909964666,3.141592653589793,0.0,[269]
326,24,0.4848569246178265,0.09885480566464655,3.141592653589793,0.0,[296]
349,25,0.5006688375022392,0.10697744565811562,3.141592653589793,0.0,[326]
364,26,0.5117269703944106,0.10380601244939658,3.141592653589793,0.0,[349]
403,27,0.5437143017163608,0.09046761338420994,3.141592653589793,0.0,[364]
424,28,0.5605710991235477,0.08348226377777501,3.141592653589793,0.0,[403]
452,29,0.590106849042146,0.06417606856577351,3.141592653589793,0.0,[424]
468,30,0.6040133691946661,0.0530081137469115,3.141592653589793,0.0,[452]
487,31,0.6290327296428906,0.05185078147328814,3.141592653589793,0.0,[468]
499,32,0.6425063421863131,0.04033832275320537,3.141592653589793,0.0,[487]
514,33,0.6611166329194574,0.03720743582490582,3.141592653589793,0.0,[499]
527,34,0.6767459553480828,0.022610671426988027,3.141592653589793,0.0,[514]
551,35,0.7071704339315269,0.007464368541114874,3.141592653589793,0.0,[527]
557,35,0.718621584739003,0.021738029320717445,3.141592653589793,0.0,[527]
565,36,0.7380886406997864,0.013999929532760191,3.141592653589793,0.0,[551 557]
575,37,0.7491198760077324,0.014488077742587424,3.141592653589793,0.0,[565]
579,38,0.7573529843252432,0.021378389442016976,3.141592653589793,0.0,[575]
607,39,0.8170938242992735,0.005063539921920879,0.0,0.0,[579]
615,39,0.8380561010263966,0.03938211572321493,0.0,0.0,[579]
617,40,0.8410518325415168,0.02814800498022041,0.0,0.0,[607]
623,40,0.8666787313072676,0.06750162857776376,0.0,0.0,[615]
620,41,0.8490953372135449,0.026298933640984234,0.0,0.0,[617]
630,41,0.8750855627720603,0.07158392375955391,0.0,0.0,[623]
627,42,0.8725268411927131,0.04094718714026868,0.0,0.0,[620]
638,42,0.8959199333784619,0.07684368783747453,0.0,0.0,[630]
641,43,0.9046139256592336,0.041670420366086924,0.0,0.0,[627]
643,43,0.9121221166632414,0.06973607628152223,0.0,0.0,[627 638]
644,43,0.9132089034480014,0.06603828750557361,0.0,0.0,[627 638]
645,44,0.9190414980219618,0.07020045261276853,0.0,0.0,[643 644]
651,44,0.9448695047643387,0.006811289878256521,0.0,0.0,[641]
646,45,0.9193991369972119,0.06990110357588797,0.0,0.0,[645]
652,45,0.9554167644619307,0.0027222868246804532,3.141592653589793,0.0,[651]
654,46,0.9804053799271903,0.016847066694580803,0.0,0.0,[646 652]
655,47,1.0,0.0,3.141592653589793,0.0,[654]
0,0,0.0,0.0,3.141592653589793,0.0,[]
1,1,0.013375764497771447,0.006811289878256521,0.0,0.0,[0]
2,2,0.04536322167425777,0.036471976220058155,0.0,0.0,[1]
10,3,0.07991959438943752,0.06928756969177596,0.0,0.0,[2]
11,4,0.08929805434317517,0.07125298458761176,0.0,0.0,[10]
12,4,0.09359535529451457,0.06412994546651596,0.0,0.0,[10]
14,5,0.10857225129154457,0.06068974419965267,0.0,0.0,[11 12]
18,6,0.11909731294297399,0.06428327039521053,0.0,0.0,[14]
20,7,0.12134661212762166,0.06251230277467956,0.0,0.0,[18]
27,8,0.13631675934935017,0.05189044467624726,0.0,0.0,[20]
33,8,0.15677410302841488,0.07389410946655295,0.0,0.0,[20]
35,9,0.1606543501593939,0.06685986857168247,0.0,0.0,[27]
37,9,0.1673164203568953,0.08374345240558101,0.0,0.0,[33]
45,10,0.1865017343591725,0.08383366910138534,0.0,0.0,[35 37]
47,10,0.19235010451725942,0.06980885450917151,0.0,0.0,[35 37]
48,10,0.19344169783046605,0.0545307979932651,0.0,0.0,[35]
64,10,0.21302790276708772,0.021561780491237248,0.0,0.0,[35]
65,11,0.21456316630043637,0.07354864623866508,0.0,0.0,[45 47 48]
72,11,0.22901253765480378,0.0354015881092512,0.0,0.0,[47 48 64]
76,12,0.23312156211703894,0.06973607628152223,0.0,0.0,[65]
81,12,0.243862980827248,0.041670420366086924,0.0,0.0,[72]
83,12,0.24698804525054818,0.020137051574226073,0.0,0.0,[72]
79,13,0.24124666377576864,0.06473168833142151,0.0,0.0,[76]
108,13,0.2891074683271483,0.0032578465276306146,3.141592653589793,0.0,[81 83]
99,14,0.2704208279623792,0.0815612045274059,0.0,0.0,[79]
100,14,0.2720474238432812,0.06324217306022728,0.0,0.0,[79]
120,14,0.30526783890600995,0.010179273287816759,0.0,0.0,[ 79 108]
106,15,0.2826476568088707,0.07020045261276853,0.0,0.0,[ 99 100]
107,15,0.28457516624919676,0.057266091525264295,0.0,0.0,[100]
128,15,0.31160543275273134,0.005063539921920879,0.0,0.0,[120]
140,15,0.321361293657353,0.01631516270058786,0.0,0.0,[100 120]
150,16,0.3406894745993393,0.018749405039133027,0.0,0.0,[106 107 128 140]
157,17,0.35158165520664575,0.020920914346370223,0.0,0.0,[150]
179,18,0.37153158241426165,0.025511434641435904,0.0,0.0,[157]
181,18,0.3731757996544196,0.008675365634959076,0.0,0.0,[157]
191,18,0.3820905275309979,0.04375701982322422,0.0,0.0,[157]
203,18,0.38997128210527277,0.011529635175855035,3.141592653589793,0.0,[157]
198,19,0.38762154324901743,0.04775787866455661,0.0,0.0,[191]
204,19,0.3899937319363461,0.02585436422666365,0.0,0.0,[179]
230,19,0.41260143792762427,0.02884249574935671,3.141592653589793,0.0,[181 203]
217,20,0.4005409085172762,0.044309263213045846,0.0,0.0,[198]
224,20,0.4079871850773714,0.009125146440614684,0.0,0.0,[204]
251,20,0.4285186824938946,0.02992504656541728,3.141592653589793,0.0,[230]
226,21,0.40843922952773226,0.03938211572321493,0.0,0.0,[217]
236,21,0.4152278672581863,0.011227186906135223,0.0,0.0,[224]
263,21,0.4354628395300477,0.031022270877100855,3.141592653589793,0.0,[251]
261,22,0.4342565097430897,0.03407303356924973,0.0,0.0,[226]
265,22,0.43807534707386453,0.005614214551630803,3.141592653589793,0.0,[236]
274,22,0.4488670760166502,0.03858256145238237,3.141592653589793,0.0,[263]
282,23,0.4542981200266645,0.025233109662237463,0.0,0.0,[261]
286,23,0.4559149634870927,0.03639898466999525,3.141592653589793,0.0,[274]
295,23,0.4687104346426063,0.013685164830974927,3.141592653589793,0.0,[265]
287,24,0.458948457407927,0.023181575893250983,0.0,0.0,[282]
328,24,0.49089227704225913,0.013908966678937928,3.141592653589793,0.0,[286 295]
335,25,0.5001684652177202,0.014488077742587424,3.141592653589793,0.0,[287 328]
376,26,0.5270535804821095,0.03856572350179732,3.141592653589793,0.0,[335]
387,27,0.53363919780565,0.03943377866571063,3.141592653589793,0.0,[376]
403,28,0.5497359510826095,0.04378034811094267,3.141592653589793,0.0,[387]
447,29,0.5895280749525421,0.05192976206960154,3.141592653589793,0.0,[403]
453,30,0.5955577736507578,0.0530081137469115,3.141592653589793,0.0,[447]
478,31,0.6164589480844755,0.06139576638119304,3.141592653589793,0.0,[453]
491,32,0.6356752768200539,0.053943347265140384,3.141592653589793,0.0,[478]
511,33,0.665496622465733,0.045692299523022895,3.141592653589793,0.0,[491]
532,34,0.6979737617659175,0.030361524828748654,3.141592653589793,0.0,[511]
538,35,0.7066032204908312,0.03696169219226242,3.141592653589793,0.0,[532]
539,36,0.7070271247205491,0.03720743582490582,3.141592653589793,0.0,[538]
545,37,0.7143775441958311,0.03757149091830181,3.141592653589793,0.0,[539]
577,38,0.7538654903495117,0.007071563842731443,3.141592653589793,0.0,[545]
584,39,0.7627008204900714,0.005246805709828828,3.141592653589793,0.0,[577]
588,39,0.7687911330661206,0.019423405732082344,3.141592653589793,0.0,[577]
597,40,0.789189334346183,0.03005915049164698,3.141592653589793,0.0,[584 588]
604,40,0.7982509179570226,0.018517943566914385,3.141592653589793,0.0,[584 588]
608,41,0.8063892294425821,0.023804311654572197,3.141592653589793,0.0,[597 604]
625,42,0.827580269474212,0.03621046591614252,3.141592653589793,0.0,[608]
637,43,0.8660138345505981,0.05082436345307939,3.141592653589793,0.0,[625]
643,44,0.8844514019610084,0.043282990015543366,3.141592653589793,0.0,[637]
644,45,0.8973569810207837,0.04033832275320537,3.141592653589793,0.0,[643]
648,46,0.9149998390866,0.03408717843042852,3.141592653589793,0.0,[644]
652,46,0.9545050990448919,0.013196809218568695,0.0,0.0,[644]
653,47,0.9609511530027429,0.0037357856260835653,3.141592653589793,0.0,[648]
654,47,0.9642054884097283,0.022657695147239476,0.0,0.0,[652]
655,48,1.0,0.0,3.141592653589793,0.0,[653 654]
0,0,0.0,0.0,3.141592653589793,0.0,[]
1,1,0.009612631702730634,0.0001424348142418097,0.0,0.0,[0]
2,1,0.013022729252122112,0.007464368541114874,3.141592653589793,0.0,[0]
5,2,0.060055881647153364,0.03814741150676182,0.0,0.0,[1 2]
11,3,0.07716984629597723,0.04801243599021621,0.0,0.0,[5]
13,3,0.09369337488765128,0.06750162857776376,0.0,0.0,[5]
20,4,0.1109804325993613,0.0765500879395895,0.0,0.0,[11 13]
21,5,0.118583196938159,0.06956468220966716,0.0,0.0,[20]
33,6,0.15223338556513022,0.04304383964004521,0.0,0.0,[21]
41,7,0.177732315370006,0.025233109662237463,0.0,0.0,[33]
59,8,0.21118764014278335,0.01631516270058786,0.0,0.0,[41]
69,9,0.2260788498740265,0.01992339653223152,0.0,0.0,[59]
85,10,0.24953148873666797,0.007984136131126696,0.0,0.0,[69]
89,11,0.254304968670635,0.010179273287816759,0.0,0.0,[85]
107,12,0.28062599634946817,0.02909076374901065,0.0,0.0,[89]
121,13,0.3002731951847806,0.041670420366086924,0.0,0.0,[107]
124,14,0.3016146474876942,0.04094718714026868,0.0,0.0,[121]
136,15,0.31809581148891874,0.05189044467624726,0.0,0.0,[124]
155,16,0.33802162844127626,0.04466862631170232,0.0,0.0,[136]
162,16,0.3452799733477241,0.05561406189185569,0.0,0.0,[136]
173,17,0.35598904422595545,0.059591426922359414,0.0,0.0,[155 162]
187,18,0.3701937634375948,0.04876934741336214,0.0,0.0,[173]
196,19,0.37955322968779015,0.044309263213045846,0.0,0.0,[187]
208,20,0.38918368710196904,0.047675271241615635,0.0,0.0,[196]
220,21,0.4010871883025231,0.057266091525264295,0.0,0.0,[208]
237,22,0.42852316716982863,0.07587038055448403,0.0,0.0,[220]
240,23,0.4324714740454423,0.07684368783747453,0.0,0.0,[237]
288,24,0.4707285925886957,0.10568374090169119,0.0,0.0,[240]
296,25,0.4769279923870081,0.10196772783447972,0.0,0.0,[288]
300,26,0.4803712240130519,0.09956123534472683,0.0,0.0,[296]
328,27,0.5002391877786752,0.11735006977279261,0.0,0.0,[300]
353,28,0.5229764212121916,0.13406799903146505,0.0,0.0,[328]
361,29,0.5271590589213991,0.13066227316637458,0.0,0.0,[353]
366,30,0.5306092221181979,0.13311148615104695,0.0,0.0,[361]
420,31,0.5747304093597561,0.14284238933914184,0.0,0.0,[366]
428,32,0.5825955626180528,0.13899532936502645,0.0,0.0,[420]
444,33,0.6070982169498256,0.1179852442813486,0.0,0.0,[428]
447,34,0.6099080541646041,0.11793424385651852,0.0,0.0,[444]
456,35,0.6251113684582434,0.11360156276586653,0.0,0.0,[447]
466,36,0.6354349654277763,0.12223673886209796,0.0,0.0,[456]
483,37,0.6551024672063089,0.13463683703181872,0.0,0.0,[466]
485,37,0.6598589332826174,0.11253571968943299,0.0,0.0,[466]
490,37,0.6639978438863486,0.09484835511635137,0.0,0.0,[466]
491,37,0.6643300951397738,0.10012202035539297,0.0,0.0,[466]
494,38,0.6676092622205356,0.1445113727921078,0.0,0.0,[483]
513,38,0.6879230363237199,0.08968862362306163,0.0,0.0,[485 490 491]
540,39,0.7274721450031064,0.12356669126383024,0.0,0.0,[494 513]
543,39,0.7278505174863215,0.12589412068300576,0.0,0.0,[494 513]
553,40,0.7353445693960694,0.11939860320660178,0.0,0.0,[540 543]
569,41,0.7545219676802398,0.11434605566003109,0.0,0.0,[553]
580,42,0.7794762464173616,0.09021173632936685,0.0,0.0,[569]
588,43,0.7884502408362212,0.08446138105597134,0.0,0.0,[580]
596,44,0.8012655937846866,0.09062072274835753,0.0,0.0,[588]
607,44,0.8187594944247985,0.07125298458761176,0.0,0.0,[588]
605,45,0.8165775049123293,0.07550260005131859,0.0,0.0,[596]
612,45,0.8249386568320842,0.06675247497017267,0.0,0.0,[607]
619,46,0.8384615430248832,0.06012123487534171,0.0,0.0,[605 612]
632,47,0.8688473667143819,0.06990110357588797,0.0,0.0,[619]
642,48,0.8992286353027215,0.0545307979932651,0.0,0.0,[632]
644,49,0.9136796258432073,0.06251230277467956,0.0,0.0,[642]
653,50,0.969263217680529,0.009125146440614684,0.0,0.0,[644]
654,51,0.9804475681817271,0.008675365634959076,0.0,0.0,[653]
655,52,1.0,0.0,3.141592653589793,0.0,[654]
0,0,0.0,0.0,3.141592653589793,0.0,[]
1,1,0.024576618844673992,0.013113133992917247,3.141592653589793,0.0,[0]
2,1,0.028524216217801324,0.021480512455327117,3.141592653589793,0.0,[0]
3,2,0.03204423835611403,0.023804311654572197,3.141592653589793,0.0,[2]
4,2,0.03243029680819309,0.01183038178634599,3.141592653589793,0.0,[1]
6,3,0.0678396490073262,0.013999929532760191,3.141592653589793,0.0,[3 4]
10,4,0.08289739252014205,0.0001424348142418097,0.0,0.0,[6]
21,5,0.11801594101908419,0.028993665772935495,0.0,0.0,[10]
27,6,0.12970115361487256,0.025233109662237463,0.0,0.0,[21]
31,7,0.14026044105051882,0.0354015881092512,0.0,0.0,[27]
40,8,0.17194239102741593,0.028813798076867903,0.0,0.0,[31]
51,9,0.18800969430839076,0.04094718714026868,0.0,0.0,[40]
59,10,0.20493076734553617,0.057266091525264295,0.0,0.0,[51]
67,11,0.2158626198697886,0.057244592103372516,0.0,0.0,[59]
78,12,0.2381412624446826,0.044309263213045846,0.0,0.0,[67]
93,12,0.25861946108316036,0.07523080462320186,0.0,0.0,[67]
119,13,0.28925359496591396,0.07550260005131859,0.0,0.0,[78 93]
121,13,0.2905506467270492,0.07014055547605247,0.0,0.0,[78 93]
122,14,0.2909884779978199,0.07623456352257485,0.0,0.0,[119]
130,14,0.29925104355724674,0.06536580760471478,0.0,0.0,[121]
138,15,0.30506243805401734,0.06990110357588797,0.0,0.0,[122 130]
152,16,0.32613900011355446,0.07587038055448403,0.0,0.0,[138]
153,16,0.3299557541412438,0.060821272964946216,0.0,0.0,[138]
194,17,0.37519796371709657,0.0704955059757868,0.0,0.0,[152 153]
211,18,0.3921866583636605,0.06012123487534171,0.0,0.0,[194]
214,18,0.395280544599097,0.05561406189185569,0.0,0.0,[194]
223,19,0.4012028405319942,0.06412994546651596,0.0,0.0,[211]
228,19,0.4033651810103396,0.04801243599021621,0.0,0.0,[214]
229,19,0.4034146139083461,0.0685640207875301,0.0,0.0,[211]
237,20,0.4109398263426205,0.05773122118165386,0.0,0.0,[223]
240,20,0.4131987848205704,0.062221461447562354,0.0,0.0,[223 229]
242,20,0.4142708304245445,0.03729135654542681,0.0,0.0,[228]
248,21,0.4183592093318339,0.03938211572321493,0.0,0.0,[242]
264,21,0.4287993469800291,0.059591426922359414,0.0,0.0,[237 240]
291,22,0.4559668309751205,0.06428327039521053,0.0,0.0,[248 264]
301,23,0.46566109130672384,0.07158392375955391,0.0,0.0,[291]
314,24,0.4748209700697692,0.0736960891554258,0.0,0.0,[301]
329,25,0.48767024024659567,0.06860848385180218,0.0,0.0,[314]
339,26,0.4944693666405675,0.07020045261276853,0.0,0.0,[329]
356,27,0.5081999135958236,0.08374345240558101,0.0,0.0,[339]
409,28,0.5532927123200554,0.12614590736176867,0.0,0.0,[356]
419,29,0.5634916990063153,0.13520361516907042,0.0,0.0,[409]
423,29,0.5674967831603064,0.1245813904049754,0.0,0.0,[409]
436,30,0.5767079874292043,0.13121945290693993,0.0,0.0,[419 423]
450,31,0.5927308814588651,0.1263587144394368,0.0,0.0,[436]
479,32,0.6183634229103107,0.11210281858866622,0.0,0.0,[450]
507,33,0.6438078440970447,0.0974268829438748,0.0,0.0,[479]
513,34,0.6538589760701831,0.09062072274835753,0.0,0.0,[507]
523,35,0.6649091462591431,0.08446138105597134,0.0,0.0,[513]
530,36,0.6806101713825204,0.09254476026243841,0.0,0.0,[523]
542,37,0.6957560035423623,0.10169172294452689,0.0,0.0,[530]
559,38,0.725495442983165,0.1264290219186225,0.0,0.0,[542]
560,38,0.7255164676186486,0.08383366910138534,0.0,0.0,[542]
566,39,0.7343184959228661,0.08283720094462699,0.0,0.0,[560]
569,39,0.7400214534576947,0.1179852442813486,0.0,0.0,[559]
570,39,0.7432105067635539,0.13449173256566016,0.0,0.0,[559]
585,40,0.7651574033418148,0.11868514708890165,0.0,0.0,[569 570]
589,40,0.7673618445458238,0.10159501602065724,0.0,0.0,[566 569]
607,41,0.804388334748547,0.10568374090169119,0.0,0.0,[585 589]
618,42,0.8245366003821143,0.10012202035539297,0.0,0.0,[607]
630,43,0.8546320067110995,0.07125298458761176,0.0,0.0,[618]
636,44,0.8831155812051372,0.06750162857776376,0.0,0.0,[630]
640,45,0.8940862038528818,0.06184215829647166,0.0,0.0,[636]
646,46,0.9061538980310364,0.0652581866846007,0.0,0.0,[640]
649,47,0.9207666487106575,0.051070327376502855,0.0,0.0,[646]
654,48,0.9762508009328019,0.016847066694580803,0.0,0.0,[649]
655,49,1.0,0.0,3.141592653589793,0.0,[654]
0,0,0.0,0.0,3.141592653589793,0.0,[]
2,1,0.035732117215107384,0.026298933640984234,0.0,0.0,[0]
3,2,0.037963483357184025,0.025233109662237463,0.0,0.0,[2]
4,3,0.04817820011555074,0.02909076374901065,0.0,0.0,[3]
6,4,0.05967434816371242,0.028993665772935495,0.0,0.0,[4]
10,5,0.07233771622977381,0.03300332791253058,0.0,0.0,[6]
11,6,0.08484484548767723,0.04304383964004521,0.0,0.0,[10]
22,7,0.10679955752856896,0.06473168833142151,0.0,0.0,[11]
34,8,0.14591623850499646,0.0974268829438748,0.0,0.0,[22]
38,9,0.15802864331533606,0.10159501602065724,0.0,0.0,[34]
48,10,0.17911598130179518,0.08706737947374732,0.0,0.0,[38]
69,11,0.22569358460369016,0.05561406189185569,0.0,0.0,[48]
77,11,0.2495744399581854,0.08383366910138534,0.0,0.0,[48]
87,12,0.2674573766064,0.06685986857168247,0.0,0.0,[69 77]
91,13,0.2732353023370607,0.07158392375955391,0.0,0.0,[87]
108,14,0.2996518589054207,0.06012123487534171,0.0,0.0,[91]
113,14,0.3082569227124482,0.03938211572321493,0.0,0.0,[91]
111,15,0.30509207267117255,0.06536580760471478,0.0,0.0,[108]
124,15,0.3216640787108509,0.028813798076867903,0.0,0.0,[113]
131,16,0.33115475421680485,0.0765500879395895,0.0,0.0,[111]
133,16,0.3339288097839044,0.0354015881092512,0.0,0.0,[124]
138,17,0.3420865137101726,0.06928756969177596,0.0,0.0,[131]
140,17,0.34674657350654914,0.04466862631170232,0.0,0.0,[133]
159,18,0.36532920561834714,0.06324217306022728,0.0,0.0,[138 140]
164,19,0.3684738781373428,0.06412994546651596,0.0,0.0,[159]
175,20,0.37840145533194836,0.06711591244631077,0.0,0.0,[164]
235,21,0.43568979486223003,0.057244592103372516,0.0,0.0,[175]
241,22,0.44260535816766433,0.057266091525264295,0.0,0.0,[235]
256,23,0.4547237561331495,0.060821272964946216,0.0,0.0,[241]
281,24,0.4726961907050322,0.0545307979932651,0.0,0.0,[256]
282,24,0.47491085813107337,0.07623456352257485,0.0,0.0,[256]
296,25,0.4842354083594905,0.05189044467624726,0.0,0.0,[281]
306,25,0.49218604096984186,0.06990110357588797,0.0,0.0,[281 282]
338,26,0.5215553236889199,0.06990639306475321,0.0,0.0,[296 306]
356,27,0.5322488793937529,0.059591426922359414,0.0,0.0,[338]
371,28,0.5450789847455199,0.062221461447562354,0.0,0.0,[356]
386,29,0.5536302701642911,0.0685640207875301,0.0,0.0,[371]
412,30,0.5696934124224454,0.07684368783747453,0.0,0.0,[386]
416,30,0.5719117890334717,0.06973607628152223,0.0,0.0,[386]
419,30,0.5736478737914833,0.04876934741336214,0.0,0.0,[386]
437,31,0.5987333422984092,0.0685011056537046,0.0,0.0,[412 416 419]
450,32,0.6077068163950682,0.07014055547605247,0.0,0.0,[437]
453,32,0.6092119939217976,0.0652581866846007,0.0,0.0,[437]
461,33,0.6169806625828664,0.0704955059757868,0.0,0.0,[450 453]
463,33,0.6172288098511332,0.07587038055448403,0.0,0.0,[450]
490,34,0.6426100244838903,0.06428327039521053,0.0,0.0,[461 463]
508,35,0.6672820269278551,0.06603828750557361,0.0,0.0,[490]
513,35,0.670162172752138,0.044309263213045846,0.0,0.0,[490]
516,36,0.6725405082204824,0.06251230277467956,0.0,0.0,[508]
518,36,0.6730771726432857,0.04375701982322422,0.0,0.0,[513]
546,37,0.7026563488198846,0.07020045261276853,0.0,0.0,[516 518]
560,37,0.7206864590402883,0.0395729562503252,0.0,0.0,[516 518]
577,38,0.7395321198192691,0.05234320856813213,0.0,0.0,[546 560]
583,39,0.7608691631676776,0.06860848385180218,0.0,0.0,[577]
597,40,0.776138812809236,0.08283720094462699,0.0,0.0,[583]
599,41,0.7830221466662634,0.0815612045274059,0.0,0.0,[597]
605,42,0.788530891109336,0.08322430609941855,0.0,0.0,[599]
620,43,0.8347311872849331,0.059134417741748324,0.0,0.0,[605]
628,44,0.8536763074253365,0.06295974658785786,0.0,0.0,[620]
633,45,0.8615551548435499,0.06750162857776376,0.0,0.0,[628]
640,45,0.8926404950115067,0.03407303356924973,0.0,0.0,[628]
650,46,0.9145324910140271,0.04801243599021621,0.0,0.0,[633 640]
652,47,0.9284890850579142,0.04775787866455661,0.0,0.0,[650]
655,48,1.0,0.0,3.141592653589793,0.0,[652]
0,0,0.0,0.0,3.141592653589793,0.0,[]
1,1,0.04039444216335242,0.03549684531304631,3.141592653589793,0.0,[0]
4,2,0.06423375839764578,0.047887139022796066,3.141592653589793,0.0,[1]
6,3,0.08170259519741807,0.0360804751577537,3.141592653589793,0.0,[4]
12,4,0.1030099676646562,0.027848987420744598,3.141592653589793,0.0,[6]
22,5,0.1305486721859166,0.007464368541114874,3.141592653589793,0.0,[12]
32,6,0.15446322810120916,0.031022270877100855,3.141592653589793,0.0,[22]
34,7,0.15637857715432768,0.030361524828748654,3.141592653589793,0.0,[32]
46,8,0.18325086634134868,0.03943377866571063,3.141592653589793,0.0,[34]
55,9,0.19825962230624083,0.05192976206960154,3.141592653589793,0.0,[46]
58,9,0.20341030830361506,0.043282990015543366,3.141592653589793,0.0,[46]
62,10,0.2081728498493296,0.045122742193026144,3.141592653589793,0.0,[55 58]
66,11,0.2154925065737353,0.05082436345307939,3.141592653589793,0.0,[62]
73,11,0.23073038710925198,0.02992504656541728,3.141592653589793,0.0,[62]
83,12,0.2427785935259107,0.06372019687753705,3.141592653589793,0.0,[66]
85,12,0.2537969365066972,0.05185078147328814,3.141592653589793,0.0,[66 73]
89,12,0.2605446011836051,0.040576951253878724,3.141592653589793,0.0,[66 73]
95,13,0.2671402932263075,0.04341693703162186,3.141592653589793,0.0,[83 85 89]
103,13,0.2747113334192134,0.030611350022952455,3.141592653589793,0.0,[89]
114,14,0.2975121981962483,0.03621046591614252,3.141592653589793,0.0,[ 95 103]
123,15,0.308926154913005,0.027337428638841588,3.141592653589793,0.0,[114]
144,16,0.33402422346871996,0.044785931023565984,3.141592653589793,0.0,[123]
167,16,0.3535322875701987,0.01631516270058786,0.0,0.0,[123]
146,17,0.33582593662040905,0.045692299523022895,3.141592653589793,0.0,[144]
175,17,0.359692780309959,0.020137051574226073,0.0,0.0,[167]
176,18,0.36342140176620286,0.03720743582490582,3.141592653589793,0.0,[146]
179,18,0.368657730527823,0.02909076374901065,0.0,0.0,[175]
183,18,0.37292691957593693,0.01992339653223152,0.0,0.0,[175]
187,18,0.3786698791669537,0.009125146440614684,0.0,0.0,[175]
208,19,0.3957905343588827,0.028813798076867903,0.0,0.0,[179 183]
218,19,0.4067710006348093,0.05509441142328808,3.141592653589793,0.0,[176]
219,19,0.40688478264980343,0.04304383964004521,0.0,0.0,[179 183]
221,19,0.40882854019618475,0.013196809218568695,0.0,0.0,[179 183 187]
229,20,0.4187582047694727,0.0530081137469115,3.141592653589793,0.0,[218]
245,20,0.432217572166846,0.028993665772935495,0.0,0.0,[208 219 221]
254,21,0.44712334149757105,0.06969880457395994,3.141592653589793,0.0,[229]
256,21,0.4488574911286638,0.06139576638119304,3.141592653589793,0.0,[229]
275,21,0.46371211952445857,0.005063539921920879,0.0,0.0,[245]
294,22,0.4749994795299216,0.00514799187108661,0.0,0.0,[275]
311,22,0.4885040564823937,0.07997457778528017,3.141592653589793,0.0,[254 256]
301,23,0.4821492278532199,0.0009015601969282194,3.141592653589793,0.0,[294]
312,23,0.4892882464372398,0.07954932719380303,3.141592653589793,0.0,[311]
317,24,0.49000624997434905,0.0016359604751710055,0.0,0.0,[301]
325,24,0.4936471411822515,0.08226419832705534,3.141592653589793,0.0,[312]
362,25,0.529315065475653,0.021480512455327117,3.141592653589793,0.0,[317]
378,25,0.5437772837597675,0.12572998604012176,3.141592653589793,0.0,[325]
381,25,0.5447938385169502,0.12347377367265688,3.141592653589793,0.0,[325]
369,26,0.5370971020263505,0.02884249574935671,3.141592653589793,0.0,[362]
405,26,0.5641047035076778,0.10803373639022762,3.141592653589793,0.0,[378 381]
388,27,0.5522780016214842,0.02175615822701693,3.141592653589793,0.0,[369]
390,27,0.5534356987294528,0.03858256145238237,3.141592653589793,0.0,[369]
420,27,0.5741004126212751,0.11090767559406889,3.141592653589793,0.0,[405]
396,28,0.5561740485605486,0.021378389442016976,3.141592653589793,0.0,[388]
427,28,0.5791480835254957,0.049575371445396144,3.141592653589793,0.0,[390]
437,28,0.5932920294533375,0.10153149924658944,3.141592653589793,0.0,[420]
416,29,0.5705379420542177,0.013113133992917247,3.141592653589793,0.0,[396]
445,29,0.6029863973903156,0.09369969494958541,3.141592653589793,0.0,[437]
449,29,0.606032963791044,0.06390836219209939,3.141592653589793,0.0,[396 427]
432,30,0.5862928176236308,0.0001424348142418097,0.0,0.0,[416]
470,30,0.6316297821099381,0.08717653052494823,3.141592653589793,0.0,[445 449]
471,30,0.6319754777660714,0.10991061396135782,3.141592653589793,0.0,[445]
462,31,0.621876281718316,0.007984136131126696,0.0,0.0,[432]
479,31,0.6426621916468711,0.035171268679598966,3.141592653589793,0.0,[432]
486,31,0.6444994476202432,0.09928584455645784,3.141592653589793,0.0,[470 471]
490,32,0.6481671847969523,0.04033832275320537,3.141592653589793,0.0,[479]
492,32,0.6507544138745266,0.018517943566914385,3.141592653589793,0.0,[462]
501,32,0.6631411071734981,0.10827850654823545,3.141592653589793,0.0,[486]
508,32,0.6709796249639098,0.12386419418239525,3.141592653589793,0.0,[486]
514,33,0.6768576276642646,0.11757276043061815,3.141592653589793,0.0,[501]
516,33,0.6782494016863303,0.1305289519994164,3.141592653589793,0.0,[508]
518,33,0.6806061386371791,0.04478094180980918,3.141592653589793,0.0,[490 492]
525,34,0.6921622842622053,0.10423858959056509,3.141592653589793,0.0,[514]
526,34,0.6922542246653139,0.04378034811094267,3.141592653589793,0.0,[518]
531,34,0.6967549039261118,0.143185834280528,3.141592653589793,0.0,[516]
534,34,0.7000914758125238,0.13150098673976107,3.141592653589793,0.0,[514 516]
539,35,0.7086288823215191,0.0500531996884811,3.141592653589793,0.0,[526]
553,35,0.7252397495205699,0.13554278014628818,3.141592653589793,0.0,[525 531 534]
556,35,0.7312813300786932,0.12945579831515097,3.141592653589793,0.0,[525 531 534]
555,36,0.7310649637935401,0.13465255084687633,3.141592653589793,0.0,[553]
565,36,0.74249206935491,0.0774011117740181,3.141592653589793,0.0,[539]
570,36,0.7467885894216894,0.11831300707599168,3.141592653589793,0.0,[553 556]
582,37,0.7741051468560618,0.060361470936193706,3.141592653589793,0.0,[565]
588,37,0.7876619831505208,0.07762966790479597,3.141592653589793,0.0,[565 570]
589,37,0.787941822685527,0.12199682806808831,3.141592653589793,0.0,[555 565 570]
594,38,0.7947833685162871,0.06109872929977689,3.141592653589793,0.0,[582]
600,38,0.80260763684451,0.11649687923316498,3.141592653589793,0.0,[589]
602,38,0.8031633163254437,0.11465051303419715,3.141592653589793,0.0,[589]
604,38,0.8067945843541364,0.08924773367374417,3.141592653589793,0.0,[582 588]
608,39,0.8125187843467601,0.10880173441554652,3.141592653589793,0.0,[600 602]
609,39,0.812612178282081,0.06737169611186944,3.141592653589793,0.0,[594]
610,39,0.8143530484608905,0.053943347265140384,3.141592653589793,0.0,[594]
613,39,0.8213529704792449,0.08348226377777501,3.141592653589793,0.0,[594 604]
619,40,0.843603658780362,0.08604016987469909,3.141592653589793,0.0,[608 609 613]
620,40,0.848323277998619,0.06417606856577351,3.141592653589793,0.0,[609 610 613]
623,40,0.8582839671987137,0.04723407368490362,3.141592653589793,0.0,[609 610 613]
629,40,0.8761341758511151,0.013685164830974927,3.141592653589793,0.0,[609 610]
626,41,0.8600328846316,0.07624482325097703,3.141592653589793,0.0,[619]
641,41,0.8967746952194868,0.03325405807696147,3.141592653589793,0.0,[619 620 623 629]
630,42,0.8766987714981114,0.06643443980172514,3.141592653589793,0.0,[626]
644,42,0.9057647729673365,0.03005915049164698,3.141592653589793,0.0,[641]
639,43,0.8938371306391057,0.05607234741785516,3.141592653589793,0.0,[630]
647,43,0.9127556633955557,0.035404878308255894,3.141592653589793,0.0,[630 644]
650,44,0.9507720415537667,0.03639898466999525,3.141592653589793,0.0,[639 647]
651,45,0.9581339824218101,0.03696169219226242,3.141592653589793,0.0,[650]
653,45,0.9689905374661076,0.022610671426988027,3.141592653589793,0.0,[650]
654,46,0.9842140837822164,0.013812496685459807,3.141592653589793,0.0,[651 653]
655,47,1.0,0.0,3.141592653589793,0.0,[654]
